Season;Date;Location;Event Type;Event Name;Round Number;Round Name;Player;Player ID;Club;Game Number;Score;Handicap;Cumulative Score;Stage Rank;Cut Line;Cut Basis;Overall Cumulative Score
25/26;2026-04-25;Bowlinghaus Bamberg;tournament;Nordbayerische Meisterschaft;1;Vorlauf;Alexander Mitchell;38824;;0;166;0;166;60;157;overall_total;166
25/26;2026-04-25;Bowlinghaus Bamberg;tournament;Nordbayerische Meisterschaft;1;Vorlauf;Alexander Schmidt;16292;;0;233;0;233;9;157;overall_total;233
25/26;2026-04-25;Bowlinghaus Bamberg;tournament;Nordbayerische Meisterschaft;1;Vorlauf;Alexander Scholz;16352;;0;190;0;190;38;157;overall_total;190
25/26;2026-04-25;Bowlinghaus Bamberg;tournament;Nordbayerische Meisterschaft;1;Vorlauf;Andreas Brendel;38033;;0;246;0;246;6;157;overall_total;246
25/26;2026-04-25;Bowlinghaus Bamberg;tournament;Nordbayerische Meisterschaft;1;Vorlauf;Andreas Hernitschek;16386;;0;215;0;215;16;157;overall_total;215
25/26;2026-04-25;Bowlinghaus Bamberg;tournament;Nordbayerische Meisterschaft;1;Vorlauf;Anton Uebelacker;16430;;0;133;0;133;90;157;overall_total;133
25/26;2026-04-25;Bowlinghaus Bamberg;tournament;Nordbayerische Meisterschaft;1;Vorlauf;Arthur Schwertfeger;38005;;0;162;0;162;63;157;overall_total;162
25/26;2026-04-25;Bowlinghaus Bamberg;tournament;Nordbayerische Meisterschaft;1;Vorlauf;Asterios Fourkiotis;25555;;0;178;0;178;46;157;overall_total;178
25/26;2026-04-25;Bowlinghaus Bamberg;tournament;Nordbayerische Meisterschaft;1;Vorlauf;Bernd Matejat;16462;;0;157;0;157;71;157;overall_total;157
25/26;2026-04-25;Bowlinghaus Bamberg;tournament;Nordbayerische Meisterschaft;1;Vorlauf;Bernd Trapphardt;16559;;0;180;0;180;43;157;overall_total;180
25/26;2026-04-25;Bowlinghaus Bamberg;tournament;Nordbayerische Meisterschaft;1;Vorlauf;Blasius Stibel;7849;;0;185;0;185;41;157;overall_total;185
25/26;2026-04-25;Bowlinghaus Bamberg;tournament;Nordbayerische Meisterschaft;1;Vorlauf;Bodo Konieczny;18802;;0;228;0;228;10;157;overall_total;228
25/26;2026-04-25;Bowlinghaus Bamberg;tournament;Nordbayerische Meisterschaft;1;Vorlauf;Christian Feller;16007;;0;156;0;156;73;157;overall_total;156
25/26;2026-04-25;Bowlinghaus Bamberg;tournament;Nordbayerische Meisterschaft;1;Vorlauf;Christian Lechner;25064;;0;169;0;169;56;157;overall_total;169
25/26;2026-04-25;Bowlinghaus Bamberg;tournament;Nordbayerische Meisterschaft;1;Vorlauf;Christian Schlegl;38554;;0;152;0;152;80;157;overall_total;152
25/26;2026-04-25;Bowlinghaus Bamberg;tournament;Nordbayerische Meisterschaft;1;Vorlauf;Christian Schuster;7723;;0;227;0;227;11;157;overall_total;227
25/26;2026-04-25;Bowlinghaus Bamberg;tournament;Nordbayerische Meisterschaft;1;Vorlauf;Daniel Alexander;16443;;0;247;0;247;5;157;overall_total;247
25/26;2026-04-25;Bowlinghaus Bamberg;tournament;Nordbayerische Meisterschaft;1;Vorlauf;Daniel Badum;38043;;0;192;0;192;35;157;overall_total;192
25/26;2026-04-25;Bowlinghaus Bamberg;tournament;Nordbayerische Meisterschaft;1;Vorlauf;Daniel Schwank;16215;;0;194;0;194;33;157;overall_total;194
25/26;2026-04-25;Bowlinghaus Bamberg;tournament;Nordbayerische Meisterschaft;1;Vorlauf;Dieter Schuster;7721;;0;154;0;154;78;157;overall_total;154
25/26;2026-04-25;Bowlinghaus Bamberg;tournament;Nordbayerische Meisterschaft;1;Vorlauf;Enno Jackwerth;16263;;0;208;0;208;21;157;overall_total;208
25/26;2026-04-25;Bowlinghaus Bamberg;tournament;Nordbayerische Meisterschaft;1;Vorlauf;Eric Gogala;46005;;0;194;0;194;34;157;overall_total;194
25/26;2026-04-25;Bowlinghaus Bamberg;tournament;Nordbayerische Meisterschaft;1;Vorlauf;Erich Uebelacker;16105;;0;170;0;170;54;157;overall_total;170
25/26;2026-04-25;Bowlinghaus Bamberg;tournament;Nordbayerische Meisterschaft;1;Vorlauf;Franco Daniele Pirrotti;38188;;0;160;0;160;67;157;overall_total;160
25/26;2026-04-25;Bowlinghaus Bamberg;tournament;Nordbayerische Meisterschaft;1;Vorlauf;Gerhard Baier;7393;;0;161;0;161;66;157;overall_total;161
25/26;2026-04-25;Bowlinghaus Bamberg;tournament;Nordbayerische Meisterschaft;1;Vorlauf;Heiko Schütz;16894;;0;146;0;146;83;157;overall_total;146
25/26;2026-04-25;Bowlinghaus Bamberg;tournament;Nordbayerische Meisterschaft;1;Vorlauf;Heiko Tontsch;38403;;0;211;0;211;20;157;overall_total;211
25/26;2026-04-25;Bowlinghaus Bamberg;tournament;Nordbayerische Meisterschaft;1;Vorlauf;Horst Schön;16346;;0;177;0;177;49;157;overall_total;177
25/26;2026-04-25;Bowlinghaus Bamberg;tournament;Nordbayerische Meisterschaft;1;Vorlauf;Jeremias Schwarz;38841;;0;137;0;137;88;157;overall_total;137
25/26;2026-04-25;Bowlinghaus Bamberg;tournament;Nordbayerische Meisterschaft;1;Vorlauf;Joachim Hartmann;16214;;0;165;0;165;61;157;overall_total;165
25/26;2026-04-25;Bowlinghaus Bamberg;tournament;Nordbayerische Meisterschaft;1;Vorlauf;Jochen Birkner;7937;;0;255;0;255;2;157;overall_total;255
25/26;2026-04-25;Bowlinghaus Bamberg;tournament;Nordbayerische Meisterschaft;1;Vorlauf;Jonathan Nolan;16873;;0;168;0;168;58;157;overall_total;168
25/26;2026-04-25;Bowlinghaus Bamberg;tournament;Nordbayerische Meisterschaft;1;Vorlauf;Josef Peter Gfesser;7901;;0;156;0;156;75;157;overall_total;156
25/26;2026-04-25;Bowlinghaus Bamberg;tournament;Nordbayerische Meisterschaft;1;Vorlauf;Jörg Woyscheszik;25350;;0;181;0;181;42;157;overall_total;181
25/26;2026-04-25;Bowlinghaus Bamberg;tournament;Nordbayerische Meisterschaft;1;Vorlauf;Jürgen Harry Schmitt;7961;;0;174;0;174;52;157;overall_total;174
25/26;2026-04-25;Bowlinghaus Bamberg;tournament;Nordbayerische Meisterschaft;1;Vorlauf;Jürgen Reichel;7772;;0;216;0;216;15;157;overall_total;216
25/26;2026-04-25;Bowlinghaus Bamberg;tournament;Nordbayerische Meisterschaft;1;Vorlauf;Jürgen Stemmler;16488;;0;134;0;134;89;157;overall_total;134
25/26;2026-04-25;Bowlinghaus Bamberg;tournament;Nordbayerische Meisterschaft;1;Vorlauf;Kai Bräutigam;38115;;0;178;0;178;48;157;overall_total;178
25/26;2026-04-25;Bowlinghaus Bamberg;tournament;Nordbayerische Meisterschaft;1;Vorlauf;Lothar Woithe;25267;;0;159;0;159;69;157;overall_total;159
25/26;2026-04-25;Bowlinghaus Bamberg;tournament;Nordbayerische Meisterschaft;1;Vorlauf;Lukas Pfaff;38909;;0;155;0;155;76;157;overall_total;155
25/26;2026-04-25;Bowlinghaus Bamberg;tournament;Nordbayerische Meisterschaft;1;Vorlauf;Maik Rößler;31583;;0;132;0;132;91;157;overall_total;132
25/26;2026-04-25;Bowlinghaus Bamberg;tournament;Nordbayerische Meisterschaft;1;Vorlauf;Manfred Rupertinger;16641;;0;176;0;176;50;157;overall_total;176
25/26;2026-04-25;Bowlinghaus Bamberg;tournament;Nordbayerische Meisterschaft;1;Vorlauf;Manfred Rupprecht;38640;;0;219;0;219;13;157;overall_total;219
25/26;2026-04-25;Bowlinghaus Bamberg;tournament;Nordbayerische Meisterschaft;1;Vorlauf;Marc Schmidt;38734;;0;175;0;175;51;157;overall_total;175
25/26;2026-04-25;Bowlinghaus Bamberg;tournament;Nordbayerische Meisterschaft;1;Vorlauf;Marcel Bassler;38774;;0;166;0;166;59;157;overall_total;166
25/26;2026-04-25;Bowlinghaus Bamberg;tournament;Nordbayerische Meisterschaft;1;Vorlauf;Marco Eck;38240;;0;213;0;213;18;157;overall_total;213
25/26;2026-04-25;Bowlinghaus Bamberg;tournament;Nordbayerische Meisterschaft;1;Vorlauf;Mario Burghardt;12248;;0;153;0;153;79;157;overall_total;153
25/26;2026-04-25;Bowlinghaus Bamberg;tournament;Nordbayerische Meisterschaft;1;Vorlauf;Markus Brendel;38034;;0;195;0;195;32;157;overall_total;195
25/26;2026-04-25;Bowlinghaus Bamberg;tournament;Nordbayerische Meisterschaft;1;Vorlauf;Markus Fischer;38237;;0;196;0;196;31;157;overall_total;196
25/26;2026-04-25;Bowlinghaus Bamberg;tournament;Nordbayerische Meisterschaft;1;Vorlauf;Matthias Puchert;16501;;0;161;0;161;64;157;overall_total;161
25/26;2026-04-25;Bowlinghaus Bamberg;tournament;Nordbayerische Meisterschaft;1;Vorlauf;Michael Gehring;38250;;0;143;0;143;85;157;overall_total;143
25/26;2026-04-25;Bowlinghaus Bamberg;tournament;Nordbayerische Meisterschaft;1;Vorlauf;Michael Hoffmann;38982;;0;161;0;161;65;157;overall_total;161
25/26;2026-04-25;Bowlinghaus Bamberg;tournament;Nordbayerische Meisterschaft;1;Vorlauf;Michael Rühl;38745;;0;192;0;192;36;157;overall_total;192
25/26;2026-04-25;Bowlinghaus Bamberg;tournament;Nordbayerische Meisterschaft;1;Vorlauf;Michael Schlundt;7725;;0;157;0;157;72;157;overall_total;157
25/26;2026-04-25;Bowlinghaus Bamberg;tournament;Nordbayerische Meisterschaft;1;Vorlauf;Nico Thomas;38134;;0;207;0;207;22;157;overall_total;207
25/26;2026-04-25;Bowlinghaus Bamberg;tournament;Nordbayerische Meisterschaft;1;Vorlauf;Nicolas Hoffmann;38935;;0;248;0;248;4;157;overall_total;248
25/26;2026-04-25;Bowlinghaus Bamberg;tournament;Nordbayerische Meisterschaft;1;Vorlauf;Niklas Weiske;25484;;0;261;0;261;1;157;overall_total;261
25/26;2026-04-25;Bowlinghaus Bamberg;tournament;Nordbayerische Meisterschaft;1;Vorlauf;Patrick Freudl;16796;;0;237;0;237;8;157;overall_total;237
25/26;2026-04-25;Bowlinghaus Bamberg;tournament;Nordbayerische Meisterschaft;1;Vorlauf;Patrick Hardt;16809;;0;172;0;172;53;157;overall_total;172
25/26;2026-04-25;Bowlinghaus Bamberg;tournament;Nordbayerische Meisterschaft;1;Vorlauf;Patrick Stemmler;16495;;0;201;0;201;25;157;overall_total;201
25/26;2026-04-25;Bowlinghaus Bamberg;tournament;Nordbayerische Meisterschaft;1;Vorlauf;Peter Noack;38369;;0;147;0;147;82;157;overall_total;147
25/26;2026-04-25;Bowlinghaus Bamberg;tournament;Nordbayerische Meisterschaft;1;Vorlauf;Phi-Long Nguyen;46002;;0;156;0;156;74;157;overall_total;156
25/26;2026-04-25;Bowlinghaus Bamberg;tournament;Nordbayerische Meisterschaft;1;Vorlauf;Reinhold Reißmann;16439;;0;216;0;216;14;157;overall_total;216
25/26;2026-04-25;Bowlinghaus Bamberg;tournament;Nordbayerische Meisterschaft;1;Vorlauf;René Jurischka;38593;;0;198;0;198;29;157;overall_total;198
25/26;2026-04-25;Bowlinghaus Bamberg;tournament;Nordbayerische Meisterschaft;1;Vorlauf;Richard Erhard;16224;;0;149;0;149;81;157;overall_total;149
25/26;2026-04-25;Bowlinghaus Bamberg;tournament;Nordbayerische Meisterschaft;1;Vorlauf;Robert Kristof;10124;;0;200;0;200;27;157;overall_total;200
25/26;2026-04-25;Bowlinghaus Bamberg;tournament;Nordbayerische Meisterschaft;1;Vorlauf;Roland Augsdörfer;38549;;0;180;0;180;44;157;overall_total;180
25/26;2026-04-25;Bowlinghaus Bamberg;tournament;Nordbayerische Meisterschaft;1;Vorlauf;Roy Marziniak;25919;;0;170;0;170;55;157;overall_total;170
25/26;2026-04-25;Bowlinghaus Bamberg;tournament;Nordbayerische Meisterschaft;1;Vorlauf;Rudi Bauer;16860;;0;145;0;145;84;157;overall_total;145
25/26;2026-04-25;Bowlinghaus Bamberg;tournament;Nordbayerische Meisterschaft;1;Vorlauf;Sascha Popp;38981;;0;142;0;142;87;157;overall_total;142
25/26;2026-04-25;Bowlinghaus Bamberg;tournament;Nordbayerische Meisterschaft;1;Vorlauf;Sebastian Gräfe;38687;;0;215;0;215;17;157;overall_total;215
25/26;2026-04-25;Bowlinghaus Bamberg;tournament;Nordbayerische Meisterschaft;1;Vorlauf;Simon Bauer;16861;;0;164;0;164;62;157;overall_total;164
25/26;2026-04-25;Bowlinghaus Bamberg;tournament;Nordbayerische Meisterschaft;1;Vorlauf;Stefan Bess;7730;;0;158;0;158;70;157;overall_total;158
25/26;2026-04-25;Bowlinghaus Bamberg;tournament;Nordbayerische Meisterschaft;1;Vorlauf;Steffen Birkner;25082;;0;201;0;201;26;157;overall_total;201
25/26;2026-04-25;Bowlinghaus Bamberg;tournament;Nordbayerische Meisterschaft;1;Vorlauf;Steffen Jahre;7816;;0;191;0;191;37;157;overall_total;191
25/26;2026-04-25;Bowlinghaus Bamberg;tournament;Nordbayerische Meisterschaft;1;Vorlauf;Stephan Ruffershöfer;16899;;0;243;0;243;7;157;overall_total;243
25/26;2026-04-25;Bowlinghaus Bamberg;tournament;Nordbayerische Meisterschaft;1;Vorlauf;Stephan Stoll;10678;;0;178;0;178;45;157;overall_total;178
25/26;2026-04-25;Bowlinghaus Bamberg;tournament;Nordbayerische Meisterschaft;1;Vorlauf;Thomas Engelhardt;38044;;0;178;0;178;47;157;overall_total;178
25/26;2026-04-25;Bowlinghaus Bamberg;tournament;Nordbayerische Meisterschaft;1;Vorlauf;Thomas Hornung;25425;;0;204;0;204;23;157;overall_total;204
25/26;2026-04-25;Bowlinghaus Bamberg;tournament;Nordbayerische Meisterschaft;1;Vorlauf;Thomas Kleim;7770;;0;143;0;143;86;157;overall_total;143
25/26;2026-04-25;Bowlinghaus Bamberg;tournament;Nordbayerische Meisterschaft;1;Vorlauf;Thomas Moser;38907;;0;248;0;248;3;157;overall_total;248
25/26;2026-04-25;Bowlinghaus Bamberg;tournament;Nordbayerische Meisterschaft;1;Vorlauf;Thomas Nikoleit;25516;;0;204;0;204;24;157;overall_total;204
25/26;2026-04-25;Bowlinghaus Bamberg;tournament;Nordbayerische Meisterschaft;1;Vorlauf;Tim Olde Damink;25521;;0;199;0;199;28;157;overall_total;199
25/26;2026-04-25;Bowlinghaus Bamberg;tournament;Nordbayerische Meisterschaft;1;Vorlauf;Tobias Derbfuss;38270;;0;212;0;212;19;157;overall_total;212
25/26;2026-04-25;Bowlinghaus Bamberg;tournament;Nordbayerische Meisterschaft;1;Vorlauf;Tobias Franz;25638;;0;190;0;190;39;157;overall_total;190
25/26;2026-04-25;Bowlinghaus Bamberg;tournament;Nordbayerische Meisterschaft;1;Vorlauf;Tobias Kramer;38885;;0;160;0;160;68;157;overall_total;160
25/26;2026-04-25;Bowlinghaus Bamberg;tournament;Nordbayerische Meisterschaft;1;Vorlauf;Uwe Pukowski;25433;;0;196;0;196;30;157;overall_total;196
25/26;2026-04-25;Bowlinghaus Bamberg;tournament;Nordbayerische Meisterschaft;1;Vorlauf;Uwe Sewald;38877;;0;169;0;169;57;157;overall_total;169
25/26;2026-04-25;Bowlinghaus Bamberg;tournament;Nordbayerische Meisterschaft;1;Vorlauf;William Karl;16532;;0;221;0;221;12;157;overall_total;221
25/26;2026-04-25;Bowlinghaus Bamberg;tournament;Nordbayerische Meisterschaft;1;Vorlauf;Winfried Goller;7722;;0;186;0;186;40;157;overall_total;186
25/26;2026-04-25;Bowlinghaus Bamberg;tournament;Nordbayerische Meisterschaft;1;Vorlauf;Wolfgang Montag;16534;;0;154;0;154;77;157;overall_total;154
25/26;2026-04-25;Bowlinghaus Bamberg;tournament;Nordbayerische Meisterschaft;1;Vorlauf;Alexander Mitchell;38824;;1;164;0;330;70;328;overall_total;330
25/26;2026-04-25;Bowlinghaus Bamberg;tournament;Nordbayerische Meisterschaft;1;Vorlauf;Alexander Schmidt;16292;;1;209;0;442;4;328;overall_total;442
25/26;2026-04-25;Bowlinghaus Bamberg;tournament;Nordbayerische Meisterschaft;1;Vorlauf;Alexander Scholz;16352;;1;199;0;389;26;328;overall_total;389
25/26;2026-04-25;Bowlinghaus Bamberg;tournament;Nordbayerische Meisterschaft;1;Vorlauf;Andreas Brendel;38033;;1;168;0;414;16;328;overall_total;414
25/26;2026-04-25;Bowlinghaus Bamberg;tournament;Nordbayerische Meisterschaft;1;Vorlauf;Andreas Hernitschek;16386;;1;188;0;403;19;328;overall_total;403
25/26;2026-04-25;Bowlinghaus Bamberg;tournament;Nordbayerische Meisterschaft;1;Vorlauf;Anton Uebelacker;16430;;1;159;0;292;87;328;overall_total;292
25/26;2026-04-25;Bowlinghaus Bamberg;tournament;Nordbayerische Meisterschaft;1;Vorlauf;Arthur Schwertfeger;38005;;1;189;0;351;55;328;overall_total;351
25/26;2026-04-25;Bowlinghaus Bamberg;tournament;Nordbayerische Meisterschaft;1;Vorlauf;Asterios Fourkiotis;25555;;1;166;0;344;61;328;overall_total;344
25/26;2026-04-25;Bowlinghaus Bamberg;tournament;Nordbayerische Meisterschaft;1;Vorlauf;Bernd Matejat;16462;;1;180;0;337;64;328;overall_total;337
25/26;2026-04-25;Bowlinghaus Bamberg;tournament;Nordbayerische Meisterschaft;1;Vorlauf;Bernd Trapphardt;16559;;1;189;0;369;44;328;overall_total;369
25/26;2026-04-25;Bowlinghaus Bamberg;tournament;Nordbayerische Meisterschaft;1;Vorlauf;Blasius Stibel;7849;;1;180;0;365;48;328;overall_total;365
25/26;2026-04-25;Bowlinghaus Bamberg;tournament;Nordbayerische Meisterschaft;1;Vorlauf;Bodo Konieczny;18802;;1;212;0;440;6;328;overall_total;440
25/26;2026-04-25;Bowlinghaus Bamberg;tournament;Nordbayerische Meisterschaft;1;Vorlauf;Christian Feller;16007;;1;213;0;369;43;328;overall_total;369
25/26;2026-04-25;Bowlinghaus Bamberg;tournament;Nordbayerische Meisterschaft;1;Vorlauf;Christian Lechner;25064;;1;185;0;354;53;328;overall_total;354
25/26;2026-04-25;Bowlinghaus Bamberg;tournament;Nordbayerische Meisterschaft;1;Vorlauf;Christian Schlegl;38554;;1;147;0;299;86;328;overall_total;299
25/26;2026-04-25;Bowlinghaus Bamberg;tournament;Nordbayerische Meisterschaft;1;Vorlauf;Christian Schuster;7723;;1;176;0;403;20;328;overall_total;403
25/26;2026-04-25;Bowlinghaus Bamberg;tournament;Nordbayerische Meisterschaft;1;Vorlauf;Daniel Alexander;16443;;1;193;0;440;5;328;overall_total;440
25/26;2026-04-25;Bowlinghaus Bamberg;tournament;Nordbayerische Meisterschaft;1;Vorlauf;Daniel Badum;38043;;1;223;0;415;14;328;overall_total;415
25/26;2026-04-25;Bowlinghaus Bamberg;tournament;Nordbayerische Meisterschaft;1;Vorlauf;Daniel Schwank;16215;;1;177;0;371;38;328;overall_total;371
25/26;2026-04-25;Bowlinghaus Bamberg;tournament;Nordbayerische Meisterschaft;1;Vorlauf;Dieter Schuster;7721;;1;209;0;363;50;328;overall_total;363
25/26;2026-04-25;Bowlinghaus Bamberg;tournament;Nordbayerische Meisterschaft;1;Vorlauf;Enno Jackwerth;16263;;1;163;0;371;39;328;overall_total;371
25/26;2026-04-25;Bowlinghaus Bamberg;tournament;Nordbayerische Meisterschaft;1;Vorlauf;Eric Gogala;46005;;1;206;0;400;22;328;overall_total;400
25/26;2026-04-25;Bowlinghaus Bamberg;tournament;Nordbayerische Meisterschaft;1;Vorlauf;Erich Uebelacker;16105;;1;138;0;308;82;328;overall_total;308
25/26;2026-04-25;Bowlinghaus Bamberg;tournament;Nordbayerische Meisterschaft;1;Vorlauf;Franco Daniele Pirrotti;38188;;1;130;0;290;88;328;overall_total;290
25/26;2026-04-25;Bowlinghaus Bamberg;tournament;Nordbayerische Meisterschaft;1;Vorlauf;Gerhard Baier;7393;;1;158;0;319;77;328;overall_total;319
25/26;2026-04-25;Bowlinghaus Bamberg;tournament;Nordbayerische Meisterschaft;1;Vorlauf;Heiko Schütz;16894;;1;172;0;318;78;328;overall_total;318
25/26;2026-04-25;Bowlinghaus Bamberg;tournament;Nordbayerische Meisterschaft;1;Vorlauf;Heiko Tontsch;38403;;1;173;0;384;28;328;overall_total;384
25/26;2026-04-25;Bowlinghaus Bamberg;tournament;Nordbayerische Meisterschaft;1;Vorlauf;Horst Schön;16346;;1;194;0;371;40;328;overall_total;371
25/26;2026-04-25;Bowlinghaus Bamberg;tournament;Nordbayerische Meisterschaft;1;Vorlauf;Jeremias Schwarz;38841;;1;191;0;328;72;328;overall_total;328
25/26;2026-04-25;Bowlinghaus Bamberg;tournament;Nordbayerische Meisterschaft;1;Vorlauf;Joachim Hartmann;16214;;1;160;0;325;74;328;overall_total;325
25/26;2026-04-25;Bowlinghaus Bamberg;tournament;Nordbayerische Meisterschaft;1;Vorlauf;Jochen Birkner;7937;;1;153;0;408;18;328;overall_total;408
25/26;2026-04-25;Bowlinghaus Bamberg;tournament;Nordbayerische Meisterschaft;1;Vorlauf;Jonathan Nolan;16873;;1;234;0;402;21;328;overall_total;402
25/26;2026-04-25;Bowlinghaus Bamberg;tournament;Nordbayerische Meisterschaft;1;Vorlauf;Josef Peter Gfesser;7901;;1;117;0;273;90;328;overall_total;273
25/26;2026-04-25;Bowlinghaus Bamberg;tournament;Nordbayerische Meisterschaft;1;Vorlauf;Jörg Woyscheszik;25350;;1;201;0;382;30;328;overall_total;382
25/26;2026-04-25;Bowlinghaus Bamberg;tournament;Nordbayerische Meisterschaft;1;Vorlauf;Jürgen Harry Schmitt;7961;;1;183;0;357;52;328;overall_total;357
25/26;2026-04-25;Bowlinghaus Bamberg;tournament;Nordbayerische Meisterschaft;1;Vorlauf;Jürgen Reichel;7772;;1;167;0;383;29;328;overall_total;383
25/26;2026-04-25;Bowlinghaus Bamberg;tournament;Nordbayerische Meisterschaft;1;Vorlauf;Kai Bräutigam;38115;;1;198;0;376;34;328;overall_total;376
25/26;2026-04-25;Bowlinghaus Bamberg;tournament;Nordbayerische Meisterschaft;1;Vorlauf;Lothar Woithe;25267;;1;177;0;336;67;328;overall_total;336
25/26;2026-04-25;Bowlinghaus Bamberg;tournament;Nordbayerische Meisterschaft;1;Vorlauf;Lukas Pfaff;38909;;1;189;0;344;62;328;overall_total;344
25/26;2026-04-25;Bowlinghaus Bamberg;tournament;Nordbayerische Meisterschaft;1;Vorlauf;Maik Rößler;31583;;1;213;0;345;58;328;overall_total;345
25/26;2026-04-25;Bowlinghaus Bamberg;tournament;Nordbayerische Meisterschaft;1;Vorlauf;Manfred Rupertinger;16641;;1;160;0;336;66;328;overall_total;336
25/26;2026-04-25;Bowlinghaus Bamberg;tournament;Nordbayerische Meisterschaft;1;Vorlauf;Manfred Rupprecht;38640;;1;213;0;432;9;328;overall_total;432
25/26;2026-04-25;Bowlinghaus Bamberg;tournament;Nordbayerische Meisterschaft;1;Vorlauf;Marc Schmidt;38734;;1;144;0;319;76;328;overall_total;319
25/26;2026-04-25;Bowlinghaus Bamberg;tournament;Nordbayerische Meisterschaft;1;Vorlauf;Marcel Bassler;38774;;1;202;0;368;46;328;overall_total;368
25/26;2026-04-25;Bowlinghaus Bamberg;tournament;Nordbayerische Meisterschaft;1;Vorlauf;Marco Eck;38240;;1;205;0;418;13;328;overall_total;418
25/26;2026-04-25;Bowlinghaus Bamberg;tournament;Nordbayerische Meisterschaft;1;Vorlauf;Mario Burghardt;12248;;1;222;0;375;35;328;overall_total;375
25/26;2026-04-25;Bowlinghaus Bamberg;tournament;Nordbayerische Meisterschaft;1;Vorlauf;Markus Brendel;38034;;1;150;0;345;59;328;overall_total;345
25/26;2026-04-25;Bowlinghaus Bamberg;tournament;Nordbayerische Meisterschaft;1;Vorlauf;Markus Fischer;38237;;1;214;0;410;17;328;overall_total;410
25/26;2026-04-25;Bowlinghaus Bamberg;tournament;Nordbayerische Meisterschaft;1;Vorlauf;Matthias Puchert;16501;;1;163;0;324;75;328;overall_total;324
25/26;2026-04-25;Bowlinghaus Bamberg;tournament;Nordbayerische Meisterschaft;1;Vorlauf;Michael Gehring;38250;;1;174;0;317;79;328;overall_total;317
25/26;2026-04-25;Bowlinghaus Bamberg;tournament;Nordbayerische Meisterschaft;1;Vorlauf;Michael Hoffmann;38982;;1;200;0;361;51;328;overall_total;361
25/26;2026-04-25;Bowlinghaus Bamberg;tournament;Nordbayerische Meisterschaft;1;Vorlauf;Michael Rühl;38745;;1;185;0;377;33;328;overall_total;377
25/26;2026-04-25;Bowlinghaus Bamberg;tournament;Nordbayerische Meisterschaft;1;Vorlauf;Michael Schlundt;7725;;1;173;0;330;71;328;overall_total;330
25/26;2026-04-25;Bowlinghaus Bamberg;tournament;Nordbayerische Meisterschaft;1;Vorlauf;Nico Thomas;38134;;1;221;0;428;11;328;overall_total;428
25/26;2026-04-25;Bowlinghaus Bamberg;tournament;Nordbayerische Meisterschaft;1;Vorlauf;Nicolas Hoffmann;38935;;1;204;0;452;2;328;overall_total;452
25/26;2026-04-25;Bowlinghaus Bamberg;tournament;Nordbayerische Meisterschaft;1;Vorlauf;Niklas Weiske;25484;;1;205;0;466;1;328;overall_total;466
25/26;2026-04-25;Bowlinghaus Bamberg;tournament;Nordbayerische Meisterschaft;1;Vorlauf;Patrick Freudl;16796;;1;196;0;433;8;328;overall_total;433
25/26;2026-04-25;Bowlinghaus Bamberg;tournament;Nordbayerische Meisterschaft;1;Vorlauf;Patrick Hardt;16809;;1;169;0;341;63;328;overall_total;341
25/26;2026-04-25;Bowlinghaus Bamberg;tournament;Nordbayerische Meisterschaft;1;Vorlauf;Patrick Stemmler;16495;;1;190;0;391;25;328;overall_total;391
25/26;2026-04-25;Bowlinghaus Bamberg;tournament;Nordbayerische Meisterschaft;1;Vorlauf;Peter Noack;38369;;1;158;0;305;84;328;overall_total;305
25/26;2026-04-25;Bowlinghaus Bamberg;tournament;Nordbayerische Meisterschaft;1;Vorlauf;Phi-Long Nguyen;46002;;1;175;0;331;69;328;overall_total;331
25/26;2026-04-25;Bowlinghaus Bamberg;tournament;Nordbayerische Meisterschaft;1;Vorlauf;Reinhold Reißmann;16439;;1;158;0;374;36;328;overall_total;374
25/26;2026-04-25;Bowlinghaus Bamberg;tournament;Nordbayerische Meisterschaft;1;Vorlauf;René Jurischka;38593;;1;155;0;353;54;328;overall_total;353
25/26;2026-04-25;Bowlinghaus Bamberg;tournament;Nordbayerische Meisterschaft;1;Vorlauf;Richard Erhard;16224;;1;157;0;306;83;328;overall_total;306
25/26;2026-04-25;Bowlinghaus Bamberg;tournament;Nordbayerische Meisterschaft;1;Vorlauf;Robert Kristof;10124;;1;184;0;384;27;328;overall_total;384
25/26;2026-04-25;Bowlinghaus Bamberg;tournament;Nordbayerische Meisterschaft;1;Vorlauf;Roland Augsdörfer;38549;;1;216;0;396;24;328;overall_total;396
25/26;2026-04-25;Bowlinghaus Bamberg;tournament;Nordbayerische Meisterschaft;1;Vorlauf;Roy Marziniak;25919;;1;180;0;350;56;328;overall_total;350
25/26;2026-04-25;Bowlinghaus Bamberg;tournament;Nordbayerische Meisterschaft;1;Vorlauf;Rudi Bauer;16860;;1;158;0;303;85;328;overall_total;303
25/26;2026-04-25;Bowlinghaus Bamberg;tournament;Nordbayerische Meisterschaft;1;Vorlauf;Sascha Popp;38981;;1;167;0;309;81;328;overall_total;309
25/26;2026-04-25;Bowlinghaus Bamberg;tournament;Nordbayerische Meisterschaft;1;Vorlauf;Sebastian Gräfe;38687;;1;153;0;368;45;328;overall_total;368
25/26;2026-04-25;Bowlinghaus Bamberg;tournament;Nordbayerische Meisterschaft;1;Vorlauf;Simon Bauer;16861;;1;169;0;333;68;328;overall_total;333
25/26;2026-04-25;Bowlinghaus Bamberg;tournament;Nordbayerische Meisterschaft;1;Vorlauf;Stefan Bess;7730;;1;187;0;345;60;328;overall_total;345
25/26;2026-04-25;Bowlinghaus Bamberg;tournament;Nordbayerische Meisterschaft;1;Vorlauf;Steffen Birkner;25082;;1;248;0;449;3;328;overall_total;449
25/26;2026-04-25;Bowlinghaus Bamberg;tournament;Nordbayerische Meisterschaft;1;Vorlauf;Steffen Jahre;7816;;1;158;0;349;57;328;overall_total;349
25/26;2026-04-25;Bowlinghaus Bamberg;tournament;Nordbayerische Meisterschaft;1;Vorlauf;Stephan Ruffershöfer;16899;;1;177;0;420;12;328;overall_total;420
25/26;2026-04-25;Bowlinghaus Bamberg;tournament;Nordbayerische Meisterschaft;1;Vorlauf;Stephan Stoll;10678;;1;147;0;325;73;328;overall_total;325
25/26;2026-04-25;Bowlinghaus Bamberg;tournament;Nordbayerische Meisterschaft;1;Vorlauf;Thomas Engelhardt;38044;;1;193;0;371;41;328;overall_total;371
25/26;2026-04-25;Bowlinghaus Bamberg;tournament;Nordbayerische Meisterschaft;1;Vorlauf;Thomas Hornung;25425;;1;160;0;364;49;328;overall_total;364
25/26;2026-04-25;Bowlinghaus Bamberg;tournament;Nordbayerische Meisterschaft;1;Vorlauf;Thomas Kleim;7770;;1;145;0;288;89;328;overall_total;288
25/26;2026-04-25;Bowlinghaus Bamberg;tournament;Nordbayerische Meisterschaft;1;Vorlauf;Thomas Moser;38907;;1;189;0;437;7;328;overall_total;437
25/26;2026-04-25;Bowlinghaus Bamberg;tournament;Nordbayerische Meisterschaft;1;Vorlauf;Thomas Nikoleit;25516;;1;224;0;428;10;328;overall_total;428
25/26;2026-04-25;Bowlinghaus Bamberg;tournament;Nordbayerische Meisterschaft;1;Vorlauf;Tim Olde Damink;25521;;1;181;0;380;31;328;overall_total;380
25/26;2026-04-25;Bowlinghaus Bamberg;tournament;Nordbayerische Meisterschaft;1;Vorlauf;Tobias Derbfuss;38270;;1;203;0;415;15;328;overall_total;415
25/26;2026-04-25;Bowlinghaus Bamberg;tournament;Nordbayerische Meisterschaft;1;Vorlauf;Tobias Franz;25638;;1;176;0;366;47;328;overall_total;366
25/26;2026-04-25;Bowlinghaus Bamberg;tournament;Nordbayerische Meisterschaft;1;Vorlauf;Tobias Kramer;38885;;1;211;0;371;42;328;overall_total;371
25/26;2026-04-25;Bowlinghaus Bamberg;tournament;Nordbayerische Meisterschaft;1;Vorlauf;Uwe Pukowski;25433;;1;177;0;373;37;328;overall_total;373
25/26;2026-04-25;Bowlinghaus Bamberg;tournament;Nordbayerische Meisterschaft;1;Vorlauf;Uwe Sewald;38877;;1;168;0;337;65;328;overall_total;337
25/26;2026-04-25;Bowlinghaus Bamberg;tournament;Nordbayerische Meisterschaft;1;Vorlauf;William Karl;16532;;1;176;0;397;23;328;overall_total;397
25/26;2026-04-25;Bowlinghaus Bamberg;tournament;Nordbayerische Meisterschaft;1;Vorlauf;Winfried Goller;7722;;1;194;0;380;32;328;overall_total;380
25/26;2026-04-25;Bowlinghaus Bamberg;tournament;Nordbayerische Meisterschaft;1;Vorlauf;Wolfgang Montag;16534;;1;158;0;312;80;328;overall_total;312
25/26;2026-04-25;Bowlinghaus Bamberg;tournament;Nordbayerische Meisterschaft;1;Vorlauf;Alexander Mitchell;38824;;2;133;0;463;85;491;overall_total;463
25/26;2026-04-25;Bowlinghaus Bamberg;tournament;Nordbayerische Meisterschaft;1;Vorlauf;Alexander Schmidt;16292;;2;170;0;612;16;491;overall_total;612
25/26;2026-04-25;Bowlinghaus Bamberg;tournament;Nordbayerische Meisterschaft;1;Vorlauf;Alexander Scholz;16352;;2;201;0;590;23;491;overall_total;590
25/26;2026-04-25;Bowlinghaus Bamberg;tournament;Nordbayerische Meisterschaft;1;Vorlauf;Andreas Brendel;38033;;2;161;0;575;29;491;overall_total;575
25/26;2026-04-25;Bowlinghaus Bamberg;tournament;Nordbayerische Meisterschaft;1;Vorlauf;Andreas Hernitschek;16386;;2;247;0;650;5;491;overall_total;650
25/26;2026-04-25;Bowlinghaus Bamberg;tournament;Nordbayerische Meisterschaft;1;Vorlauf;Anton Uebelacker;16430;;2;172;0;464;83;491;overall_total;464
25/26;2026-04-25;Bowlinghaus Bamberg;tournament;Nordbayerische Meisterschaft;1;Vorlauf;Arthur Schwertfeger;38005;;2;194;0;545;48;491;overall_total;545
25/26;2026-04-25;Bowlinghaus Bamberg;tournament;Nordbayerische Meisterschaft;1;Vorlauf;Asterios Fourkiotis;25555;;2;178;0;522;60;491;overall_total;522
25/26;2026-04-25;Bowlinghaus Bamberg;tournament;Nordbayerische Meisterschaft;1;Vorlauf;Bernd Matejat;16462;;2;182;0;519;62;491;overall_total;519
25/26;2026-04-25;Bowlinghaus Bamberg;tournament;Nordbayerische Meisterschaft;1;Vorlauf;Bernd Trapphardt;16559;;2;206;0;575;28;491;overall_total;575
25/26;2026-04-25;Bowlinghaus Bamberg;tournament;Nordbayerische Meisterschaft;1;Vorlauf;Blasius Stibel;7849;;2;195;0;560;39;491;overall_total;560
25/26;2026-04-25;Bowlinghaus Bamberg;tournament;Nordbayerische Meisterschaft;1;Vorlauf;Bodo Konieczny;18802;;2;203;0;643;6;491;overall_total;643
25/26;2026-04-25;Bowlinghaus Bamberg;tournament;Nordbayerische Meisterschaft;1;Vorlauf;Christian Feller;16007;;2;193;0;562;35;491;overall_total;562
25/26;2026-04-25;Bowlinghaus Bamberg;tournament;Nordbayerische Meisterschaft;1;Vorlauf;Christian Lechner;25064;;2;170;0;524;57;491;overall_total;524
25/26;2026-04-25;Bowlinghaus Bamberg;tournament;Nordbayerische Meisterschaft;1;Vorlauf;Christian Schlegl;38554;;2;192;0;491;72;491;overall_total;491
25/26;2026-04-25;Bowlinghaus Bamberg;tournament;Nordbayerische Meisterschaft;1;Vorlauf;Christian Schuster;7723;;2;213;0;616;15;491;overall_total;616
25/26;2026-04-25;Bowlinghaus Bamberg;tournament;Nordbayerische Meisterschaft;1;Vorlauf;Daniel Alexander;16443;;2;163;0;603;20;491;overall_total;603
25/26;2026-04-25;Bowlinghaus Bamberg;tournament;Nordbayerische Meisterschaft;1;Vorlauf;Daniel Badum;38043;;2;214;0;629;8;491;overall_total;629
25/26;2026-04-25;Bowlinghaus Bamberg;tournament;Nordbayerische Meisterschaft;1;Vorlauf;Daniel Schwank;16215;;2;190;0;561;37;491;overall_total;561
25/26;2026-04-25;Bowlinghaus Bamberg;tournament;Nordbayerische Meisterschaft;1;Vorlauf;Dieter Schuster;7721;;2;218;0;581;26;491;overall_total;581
25/26;2026-04-25;Bowlinghaus Bamberg;tournament;Nordbayerische Meisterschaft;1;Vorlauf;Enno Jackwerth;16263;;2;155;0;526;55;491;overall_total;526
25/26;2026-04-25;Bowlinghaus Bamberg;tournament;Nordbayerische Meisterschaft;1;Vorlauf;Eric Gogala;46005;;2;223;0;623;12;491;overall_total;623
25/26;2026-04-25;Bowlinghaus Bamberg;tournament;Nordbayerische Meisterschaft;1;Vorlauf;Erich Uebelacker;16105;;2;155;0;463;84;491;overall_total;463
25/26;2026-04-25;Bowlinghaus Bamberg;tournament;Nordbayerische Meisterschaft;1;Vorlauf;Franco Daniele Pirrotti;38188;;2;154;0;444;87;491;overall_total;444
25/26;2026-04-25;Bowlinghaus Bamberg;tournament;Nordbayerische Meisterschaft;1;Vorlauf;Gerhard Baier;7393;;2;163;0;482;76;491;overall_total;482
25/26;2026-04-25;Bowlinghaus Bamberg;tournament;Nordbayerische Meisterschaft;1;Vorlauf;Heiko Schütz;16894;;2;169;0;487;74;491;overall_total;487
25/26;2026-04-25;Bowlinghaus Bamberg;tournament;Nordbayerische Meisterschaft;1;Vorlauf;Heiko Tontsch;38403;;2;173;0;557;42;491;overall_total;557
25/26;2026-04-25;Bowlinghaus Bamberg;tournament;Nordbayerische Meisterschaft;1;Vorlauf;Horst Schön;16346;;2;182;0;553;46;491;overall_total;553
25/26;2026-04-25;Bowlinghaus Bamberg;tournament;Nordbayerische Meisterschaft;1;Vorlauf;Jeremias Schwarz;38841;;2;139;0;467;81;491;overall_total;467
25/26;2026-04-25;Bowlinghaus Bamberg;tournament;Nordbayerische Meisterschaft;1;Vorlauf;Joachim Hartmann;16214;;2;156;0;481;78;491;overall_total;481
25/26;2026-04-25;Bowlinghaus Bamberg;tournament;Nordbayerische Meisterschaft;1;Vorlauf;Jochen Birkner;7937;;2;201;0;609;18;491;overall_total;609
25/26;2026-04-25;Bowlinghaus Bamberg;tournament;Nordbayerische Meisterschaft;1;Vorlauf;Jonathan Nolan;16873;;2;226;0;628;9;491;overall_total;628
25/26;2026-04-25;Bowlinghaus Bamberg;tournament;Nordbayerische Meisterschaft;1;Vorlauf;Josef Peter Gfesser;7901;;2;154;0;427;90;491;overall_total;427
25/26;2026-04-25;Bowlinghaus Bamberg;tournament;Nordbayerische Meisterschaft;1;Vorlauf;Jörg Woyscheszik;25350;;2;218;0;600;21;491;overall_total;600
25/26;2026-04-25;Bowlinghaus Bamberg;tournament;Nordbayerische Meisterschaft;1;Vorlauf;Jürgen Harry Schmitt;7961;;2;158;0;515;63;491;overall_total;515
25/26;2026-04-25;Bowlinghaus Bamberg;tournament;Nordbayerische Meisterschaft;1;Vorlauf;Jürgen Reichel;7772;;2;156;0;539;52;491;overall_total;539
25/26;2026-04-25;Bowlinghaus Bamberg;tournament;Nordbayerische Meisterschaft;1;Vorlauf;Kai Bräutigam;38115;;2;186;0;562;36;491;overall_total;562
25/26;2026-04-25;Bowlinghaus Bamberg;tournament;Nordbayerische Meisterschaft;1;Vorlauf;Lothar Woithe;25267;;2;162;0;498;69;491;overall_total;498
25/26;2026-04-25;Bowlinghaus Bamberg;tournament;Nordbayerische Meisterschaft;1;Vorlauf;Lukas Pfaff;38909;;2;170;0;514;64;491;overall_total;514
25/26;2026-04-25;Bowlinghaus Bamberg;tournament;Nordbayerische Meisterschaft;1;Vorlauf;Maik Rößler;31583;;2;198;0;543;49;491;overall_total;543
25/26;2026-04-25;Bowlinghaus Bamberg;tournament;Nordbayerische Meisterschaft;1;Vorlauf;Manfred Rupertinger;16641;;2;176;0;512;65;491;overall_total;512
25/26;2026-04-25;Bowlinghaus Bamberg;tournament;Nordbayerische Meisterschaft;1;Vorlauf;Manfred Rupprecht;38640;;2;143;0;575;30;491;overall_total;575
25/26;2026-04-25;Bowlinghaus Bamberg;tournament;Nordbayerische Meisterschaft;1;Vorlauf;Marc Schmidt;38734;;2;174;0;493;70;491;overall_total;493
25/26;2026-04-25;Bowlinghaus Bamberg;tournament;Nordbayerische Meisterschaft;1;Vorlauf;Marcel Bassler;38774;;2;190;0;558;40;491;overall_total;558
25/26;2026-04-25;Bowlinghaus Bamberg;tournament;Nordbayerische Meisterschaft;1;Vorlauf;Marco Eck;38240;;2;192;0;610;17;491;overall_total;610
25/26;2026-04-25;Bowlinghaus Bamberg;tournament;Nordbayerische Meisterschaft;1;Vorlauf;Mario Burghardt;12248;;2;245;0;620;13;491;overall_total;620
25/26;2026-04-25;Bowlinghaus Bamberg;tournament;Nordbayerische Meisterschaft;1;Vorlauf;Markus Brendel;38034;;2;193;0;538;53;491;overall_total;538
25/26;2026-04-25;Bowlinghaus Bamberg;tournament;Nordbayerische Meisterschaft;1;Vorlauf;Markus Fischer;38237;;2;214;0;624;11;491;overall_total;624
25/26;2026-04-25;Bowlinghaus Bamberg;tournament;Nordbayerische Meisterschaft;1;Vorlauf;Matthias Puchert;16501;;2;138;0;462;86;491;overall_total;462
25/26;2026-04-25;Bowlinghaus Bamberg;tournament;Nordbayerische Meisterschaft;1;Vorlauf;Michael Gehring;38250;;2;184;0;501;68;491;overall_total;501
25/26;2026-04-25;Bowlinghaus Bamberg;tournament;Nordbayerische Meisterschaft;1;Vorlauf;Michael Hoffmann;38982;;2;132;0;493;71;491;overall_total;493
25/26;2026-04-25;Bowlinghaus Bamberg;tournament;Nordbayerische Meisterschaft;1;Vorlauf;Michael Rühl;38745;;2;191;0;568;32;491;overall_total;568
25/26;2026-04-25;Bowlinghaus Bamberg;tournament;Nordbayerische Meisterschaft;1;Vorlauf;Michael Schlundt;7725;;2;152;0;482;77;491;overall_total;482
25/26;2026-04-25;Bowlinghaus Bamberg;tournament;Nordbayerische Meisterschaft;1;Vorlauf;Nico Thomas;38134;;2;188;0;616;14;491;overall_total;616
25/26;2026-04-25;Bowlinghaus Bamberg;tournament;Nordbayerische Meisterschaft;1;Vorlauf;Nicolas Hoffmann;38935;;2;245;0;697;1;491;overall_total;697
25/26;2026-04-25;Bowlinghaus Bamberg;tournament;Nordbayerische Meisterschaft;1;Vorlauf;Niklas Weiske;25484;;2;165;0;631;7;491;overall_total;631
25/26;2026-04-25;Bowlinghaus Bamberg;tournament;Nordbayerische Meisterschaft;1;Vorlauf;Patrick Freudl;16796;;2;254;0;687;3;491;overall_total;687
25/26;2026-04-25;Bowlinghaus Bamberg;tournament;Nordbayerische Meisterschaft;1;Vorlauf;Patrick Hardt;16809;;2;216;0;557;41;491;overall_total;557
25/26;2026-04-25;Bowlinghaus Bamberg;tournament;Nordbayerische Meisterschaft;1;Vorlauf;Patrick Stemmler;16495;;2;173;0;564;33;491;overall_total;564
25/26;2026-04-25;Bowlinghaus Bamberg;tournament;Nordbayerische Meisterschaft;1;Vorlauf;Peter Noack;38369;;2;161;0;466;82;491;overall_total;466
25/26;2026-04-25;Bowlinghaus Bamberg;tournament;Nordbayerische Meisterschaft;1;Vorlauf;Phi-Long Nguyen;46002;;2;192;0;523;59;491;overall_total;523
25/26;2026-04-25;Bowlinghaus Bamberg;tournament;Nordbayerische Meisterschaft;1;Vorlauf;Reinhold Reißmann;16439;;2;187;0;561;38;491;overall_total;561
25/26;2026-04-25;Bowlinghaus Bamberg;tournament;Nordbayerische Meisterschaft;1;Vorlauf;René Jurischka;38593;;2;153;0;506;66;491;overall_total;506
25/26;2026-04-25;Bowlinghaus Bamberg;tournament;Nordbayerische Meisterschaft;1;Vorlauf;Richard Erhard;16224;;2;162;0;468;80;491;overall_total;468
25/26;2026-04-25;Bowlinghaus Bamberg;tournament;Nordbayerische Meisterschaft;1;Vorlauf;Robert Kristof;10124;;2;204;0;588;24;491;overall_total;588
25/26;2026-04-25;Bowlinghaus Bamberg;tournament;Nordbayerische Meisterschaft;1;Vorlauf;Roland Augsdörfer;38549;;2;195;0;591;22;491;overall_total;591
25/26;2026-04-25;Bowlinghaus Bamberg;tournament;Nordbayerische Meisterschaft;1;Vorlauf;Roy Marziniak;25919;;2;191;0;541;50;491;overall_total;541
25/26;2026-04-25;Bowlinghaus Bamberg;tournament;Nordbayerische Meisterschaft;1;Vorlauf;Rudi Bauer;16860;;2;175;0;478;79;491;overall_total;478
25/26;2026-04-25;Bowlinghaus Bamberg;tournament;Nordbayerische Meisterschaft;1;Vorlauf;Sascha Popp;38981;;2;193;0;502;67;491;overall_total;502
25/26;2026-04-25;Bowlinghaus Bamberg;tournament;Nordbayerische Meisterschaft;1;Vorlauf;Sebastian Gräfe;38687;;2;202;0;570;31;491;overall_total;570
25/26;2026-04-25;Bowlinghaus Bamberg;tournament;Nordbayerische Meisterschaft;1;Vorlauf;Simon Bauer;16861;;2;194;0;527;54;491;overall_total;527
25/26;2026-04-25;Bowlinghaus Bamberg;tournament;Nordbayerische Meisterschaft;1;Vorlauf;Stefan Bess;7730;;2;138;0;483;75;491;overall_total;483
25/26;2026-04-25;Bowlinghaus Bamberg;tournament;Nordbayerische Meisterschaft;1;Vorlauf;Steffen Birkner;25082;;2;245;0;694;2;491;overall_total;694
25/26;2026-04-25;Bowlinghaus Bamberg;tournament;Nordbayerische Meisterschaft;1;Vorlauf;Steffen Jahre;7816;;2;139;0;488;73;491;overall_total;488
25/26;2026-04-25;Bowlinghaus Bamberg;tournament;Nordbayerische Meisterschaft;1;Vorlauf;Stephan Ruffershöfer;16899;;2;158;0;578;27;491;overall_total;578
25/26;2026-04-25;Bowlinghaus Bamberg;tournament;Nordbayerische Meisterschaft;1;Vorlauf;Stephan Stoll;10678;;2;194;0;519;61;491;overall_total;519
25/26;2026-04-25;Bowlinghaus Bamberg;tournament;Nordbayerische Meisterschaft;1;Vorlauf;Thomas Engelhardt;38044;;2;184;0;555;45;491;overall_total;555
25/26;2026-04-25;Bowlinghaus Bamberg;tournament;Nordbayerische Meisterschaft;1;Vorlauf;Thomas Hornung;25425;;2;159;0;523;58;491;overall_total;523
25/26;2026-04-25;Bowlinghaus Bamberg;tournament;Nordbayerische Meisterschaft;1;Vorlauf;Thomas Kleim;7770;;2;148;0;436;88;491;overall_total;436
25/26;2026-04-25;Bowlinghaus Bamberg;tournament;Nordbayerische Meisterschaft;1;Vorlauf;Thomas Moser;38907;;2;223;0;660;4;491;overall_total;660
25/26;2026-04-25;Bowlinghaus Bamberg;tournament;Nordbayerische Meisterschaft;1;Vorlauf;Thomas Nikoleit;25516;;2;177;0;605;19;491;overall_total;605
25/26;2026-04-25;Bowlinghaus Bamberg;tournament;Nordbayerische Meisterschaft;1;Vorlauf;Tim Olde Damink;25521;;2;246;0;626;10;491;overall_total;626
25/26;2026-04-25;Bowlinghaus Bamberg;tournament;Nordbayerische Meisterschaft;1;Vorlauf;Tobias Derbfuss;38270;;2;169;0;584;25;491;overall_total;584
25/26;2026-04-25;Bowlinghaus Bamberg;tournament;Nordbayerische Meisterschaft;1;Vorlauf;Tobias Franz;25638;;2;174;0;540;51;491;overall_total;540
25/26;2026-04-25;Bowlinghaus Bamberg;tournament;Nordbayerische Meisterschaft;1;Vorlauf;Tobias Kramer;38885;;2;185;0;556;43;491;overall_total;556
25/26;2026-04-25;Bowlinghaus Bamberg;tournament;Nordbayerische Meisterschaft;1;Vorlauf;Uwe Pukowski;25433;;2;177;0;550;47;491;overall_total;550
25/26;2026-04-25;Bowlinghaus Bamberg;tournament;Nordbayerische Meisterschaft;1;Vorlauf;Uwe Sewald;38877;;2;188;0;525;56;491;overall_total;525
25/26;2026-04-25;Bowlinghaus Bamberg;tournament;Nordbayerische Meisterschaft;1;Vorlauf;William Karl;16532;;2;158;0;555;44;491;overall_total;555
25/26;2026-04-25;Bowlinghaus Bamberg;tournament;Nordbayerische Meisterschaft;1;Vorlauf;Winfried Goller;7722;;2;183;0;563;34;491;overall_total;563
25/26;2026-04-25;Bowlinghaus Bamberg;tournament;Nordbayerische Meisterschaft;1;Vorlauf;Wolfgang Montag;16534;;2;116;0;428;89;491;overall_total;428
25/26;2026-04-25;Bowlinghaus Bamberg;tournament;Nordbayerische Meisterschaft;1;Vorlauf;Alexander Mitchell;38824;;3;132;0;595;88;663;overall_total;595
25/26;2026-04-25;Bowlinghaus Bamberg;tournament;Nordbayerische Meisterschaft;1;Vorlauf;Alexander Schmidt;16292;;3;174;0;786;23;663;overall_total;786
25/26;2026-04-25;Bowlinghaus Bamberg;tournament;Nordbayerische Meisterschaft;1;Vorlauf;Alexander Scholz;16352;;3;191;0;781;25;663;overall_total;781
25/26;2026-04-25;Bowlinghaus Bamberg;tournament;Nordbayerische Meisterschaft;1;Vorlauf;Andreas Brendel;38033;;3;180;0;755;32;663;overall_total;755
25/26;2026-04-25;Bowlinghaus Bamberg;tournament;Nordbayerische Meisterschaft;1;Vorlauf;Andreas Hernitschek;16386;;3;184;0;834;5;663;overall_total;834
25/26;2026-04-25;Bowlinghaus Bamberg;tournament;Nordbayerische Meisterschaft;1;Vorlauf;Anton Uebelacker;16430;;3;199;0;663;71;663;overall_total;663
25/26;2026-04-25;Bowlinghaus Bamberg;tournament;Nordbayerische Meisterschaft;1;Vorlauf;Arthur Schwertfeger;38005;;3;143;0;688;64;663;overall_total;688
25/26;2026-04-25;Bowlinghaus Bamberg;tournament;Nordbayerische Meisterschaft;1;Vorlauf;Asterios Fourkiotis;25555;;3;134;0;656;75;663;overall_total;656
25/26;2026-04-25;Bowlinghaus Bamberg;tournament;Nordbayerische Meisterschaft;1;Vorlauf;Bernd Matejat;16462;;3;179;0;698;56;663;overall_total;698
25/26;2026-04-25;Bowlinghaus Bamberg;tournament;Nordbayerische Meisterschaft;1;Vorlauf;Bernd Trapphardt;16559;;3;193;0;768;30;663;overall_total;768
25/26;2026-04-25;Bowlinghaus Bamberg;tournament;Nordbayerische Meisterschaft;1;Vorlauf;Blasius Stibel;7849;;3;167;0;727;44;663;overall_total;727
25/26;2026-04-25;Bowlinghaus Bamberg;tournament;Nordbayerische Meisterschaft;1;Vorlauf;Bodo Konieczny;18802;;3;173;0;816;10;663;overall_total;816
25/26;2026-04-25;Bowlinghaus Bamberg;tournament;Nordbayerische Meisterschaft;1;Vorlauf;Christian Feller;16007;;3;191;0;753;33;663;overall_total;753
25/26;2026-04-25;Bowlinghaus Bamberg;tournament;Nordbayerische Meisterschaft;1;Vorlauf;Christian Lechner;25064;;3;173;0;697;58;663;overall_total;697
25/26;2026-04-25;Bowlinghaus Bamberg;tournament;Nordbayerische Meisterschaft;1;Vorlauf;Christian Schlegl;38554;;3;172;0;663;73;663;overall_total;663
25/26;2026-04-25;Bowlinghaus Bamberg;tournament;Nordbayerische Meisterschaft;1;Vorlauf;Christian Schuster;7723;;3;181;0;797;19;663;overall_total;797
25/26;2026-04-25;Bowlinghaus Bamberg;tournament;Nordbayerische Meisterschaft;1;Vorlauf;Daniel Alexander;16443;;3;226;0;829;6;663;overall_total;829
25/26;2026-04-25;Bowlinghaus Bamberg;tournament;Nordbayerische Meisterschaft;1;Vorlauf;Daniel Badum;38043;;3;180;0;809;13;663;overall_total;809
25/26;2026-04-25;Bowlinghaus Bamberg;tournament;Nordbayerische Meisterschaft;1;Vorlauf;Daniel Schwank;16215;;3;215;0;776;26;663;overall_total;776
25/26;2026-04-25;Bowlinghaus Bamberg;tournament;Nordbayerische Meisterschaft;1;Vorlauf;Dieter Schuster;7721;;3;215;0;796;21;663;overall_total;796
25/26;2026-04-25;Bowlinghaus Bamberg;tournament;Nordbayerische Meisterschaft;1;Vorlauf;Enno Jackwerth;16263;;3;191;0;717;50;663;overall_total;717
25/26;2026-04-25;Bowlinghaus Bamberg;tournament;Nordbayerische Meisterschaft;1;Vorlauf;Eric Gogala;46005;;3;190;0;813;11;663;overall_total;813
25/26;2026-04-25;Bowlinghaus Bamberg;tournament;Nordbayerische Meisterschaft;1;Vorlauf;Erich Uebelacker;16105;;3;146;0;609;86;663;overall_total;609
25/26;2026-04-25;Bowlinghaus Bamberg;tournament;Nordbayerische Meisterschaft;1;Vorlauf;Franco Daniele Pirrotti;38188;;3;213;0;657;74;663;overall_total;657
25/26;2026-04-25;Bowlinghaus Bamberg;tournament;Nordbayerische Meisterschaft;1;Vorlauf;Gerhard Baier;7393;;3;171;0;653;76;663;overall_total;653
25/26;2026-04-25;Bowlinghaus Bamberg;tournament;Nordbayerische Meisterschaft;1;Vorlauf;Heiko Schütz;16894;;3;178;0;665;69;663;overall_total;665
25/26;2026-04-25;Bowlinghaus Bamberg;tournament;Nordbayerische Meisterschaft;1;Vorlauf;Heiko Tontsch;38403;;3;213;0;770;29;663;overall_total;770
25/26;2026-04-25;Bowlinghaus Bamberg;tournament;Nordbayerische Meisterschaft;1;Vorlauf;Horst Schön;16346;;3;204;0;757;31;663;overall_total;757
25/26;2026-04-25;Bowlinghaus Bamberg;tournament;Nordbayerische Meisterschaft;1;Vorlauf;Jeremias Schwarz;38841;;3;104;0;571;90;663;overall_total;571
25/26;2026-04-25;Bowlinghaus Bamberg;tournament;Nordbayerische Meisterschaft;1;Vorlauf;Joachim Hartmann;16214;;3;188;0;669;68;663;overall_total;669
25/26;2026-04-25;Bowlinghaus Bamberg;tournament;Nordbayerische Meisterschaft;1;Vorlauf;Jochen Birkner;7937;;3;197;0;806;14;663;overall_total;806
25/26;2026-04-25;Bowlinghaus Bamberg;tournament;Nordbayerische Meisterschaft;1;Vorlauf;Jonathan Nolan;16873;;3;158;0;786;24;663;overall_total;786
25/26;2026-04-25;Bowlinghaus Bamberg;tournament;Nordbayerische Meisterschaft;1;Vorlauf;Josef Peter Gfesser;7901;;3;171;0;598;87;663;overall_total;598
25/26;2026-04-25;Bowlinghaus Bamberg;tournament;Nordbayerische Meisterschaft;1;Vorlauf;Jörg Woyscheszik;25350;;3;152;0;752;35;663;overall_total;752
25/26;2026-04-25;Bowlinghaus Bamberg;tournament;Nordbayerische Meisterschaft;1;Vorlauf;Jürgen Harry Schmitt;7961;;3;163;0;678;65;663;overall_total;678
25/26;2026-04-25;Bowlinghaus Bamberg;tournament;Nordbayerische Meisterschaft;1;Vorlauf;Jürgen Reichel;7772;;3;153;0;692;59;663;overall_total;692
25/26;2026-04-25;Bowlinghaus Bamberg;tournament;Nordbayerische Meisterschaft;1;Vorlauf;Kai Bräutigam;38115;;3;181;0;743;39;663;overall_total;743
25/26;2026-04-25;Bowlinghaus Bamberg;tournament;Nordbayerische Meisterschaft;1;Vorlauf;Lothar Woithe;25267;;3;119;0;617;84;663;overall_total;617
25/26;2026-04-25;Bowlinghaus Bamberg;tournament;Nordbayerische Meisterschaft;1;Vorlauf;Lukas Pfaff;38909;;3;150;0;664;70;663;overall_total;664
25/26;2026-04-25;Bowlinghaus Bamberg;tournament;Nordbayerische Meisterschaft;1;Vorlauf;Maik Rößler;31583;;3;181;0;724;46;663;overall_total;724
25/26;2026-04-25;Bowlinghaus Bamberg;tournament;Nordbayerische Meisterschaft;1;Vorlauf;Manfred Rupertinger;16641;;3;212;0;724;45;663;overall_total;724
25/26;2026-04-25;Bowlinghaus Bamberg;tournament;Nordbayerische Meisterschaft;1;Vorlauf;Manfred Rupprecht;38640;;3;136;0;711;52;663;overall_total;711
25/26;2026-04-25;Bowlinghaus Bamberg;tournament;Nordbayerische Meisterschaft;1;Vorlauf;Marc Schmidt;38734;;3;231;0;724;47;663;overall_total;724
25/26;2026-04-25;Bowlinghaus Bamberg;tournament;Nordbayerische Meisterschaft;1;Vorlauf;Marcel Bassler;38774;;3;247;0;805;15;663;overall_total;805
25/26;2026-04-25;Bowlinghaus Bamberg;tournament;Nordbayerische Meisterschaft;1;Vorlauf;Marco Eck;38240;;3;179;0;789;22;663;overall_total;789
25/26;2026-04-25;Bowlinghaus Bamberg;tournament;Nordbayerische Meisterschaft;1;Vorlauf;Mario Burghardt;12248;;3;224;0;844;3;663;overall_total;844
25/26;2026-04-25;Bowlinghaus Bamberg;tournament;Nordbayerische Meisterschaft;1;Vorlauf;Markus Brendel;38034;;3;215;0;753;34;663;overall_total;753
25/26;2026-04-25;Bowlinghaus Bamberg;tournament;Nordbayerische Meisterschaft;1;Vorlauf;Markus Fischer;38237;;3;179;0;803;16;663;overall_total;803
25/26;2026-04-25;Bowlinghaus Bamberg;tournament;Nordbayerische Meisterschaft;1;Vorlauf;Matthias Puchert;16501;;3;178;0;640;77;663;overall_total;640
25/26;2026-04-25;Bowlinghaus Bamberg;tournament;Nordbayerische Meisterschaft;1;Vorlauf;Michael Gehring;38250;;3;162;0;663;72;663;overall_total;663
25/26;2026-04-25;Bowlinghaus Bamberg;tournament;Nordbayerische Meisterschaft;1;Vorlauf;Michael Hoffmann;38982;;3;145;0;638;79;663;overall_total;638
25/26;2026-04-25;Bowlinghaus Bamberg;tournament;Nordbayerische Meisterschaft;1;Vorlauf;Michael Rühl;38745;;3;148;0;716;51;663;overall_total;716
25/26;2026-04-25;Bowlinghaus Bamberg;tournament;Nordbayerische Meisterschaft;1;Vorlauf;Michael Schlundt;7725;;3;158;0;640;78;663;overall_total;640
25/26;2026-04-25;Bowlinghaus Bamberg;tournament;Nordbayerische Meisterschaft;1;Vorlauf;Nico Thomas;38134;;3;182;0;798;18;663;overall_total;798
25/26;2026-04-25;Bowlinghaus Bamberg;tournament;Nordbayerische Meisterschaft;1;Vorlauf;Nicolas Hoffmann;38935;;3;147;0;844;4;663;overall_total;844
25/26;2026-04-25;Bowlinghaus Bamberg;tournament;Nordbayerische Meisterschaft;1;Vorlauf;Niklas Weiske;25484;;3;186;0;817;9;663;overall_total;817
25/26;2026-04-25;Bowlinghaus Bamberg;tournament;Nordbayerische Meisterschaft;1;Vorlauf;Patrick Freudl;16796;;3;180;0;867;2;663;overall_total;867
25/26;2026-04-25;Bowlinghaus Bamberg;tournament;Nordbayerische Meisterschaft;1;Vorlauf;Patrick Hardt;16809;;3;176;0;733;41;663;overall_total;733
25/26;2026-04-25;Bowlinghaus Bamberg;tournament;Nordbayerische Meisterschaft;1;Vorlauf;Patrick Stemmler;16495;;3;181;0;745;37;663;overall_total;745
25/26;2026-04-25;Bowlinghaus Bamberg;tournament;Nordbayerische Meisterschaft;1;Vorlauf;Peter Noack;38369;;3;155;0;621;83;663;overall_total;621
25/26;2026-04-25;Bowlinghaus Bamberg;tournament;Nordbayerische Meisterschaft;1;Vorlauf;Phi-Long Nguyen;46002;;3;180;0;703;54;663;overall_total;703
25/26;2026-04-25;Bowlinghaus Bamberg;tournament;Nordbayerische Meisterschaft;1;Vorlauf;Reinhold Reißmann;16439;;3;182;0;743;38;663;overall_total;743
25/26;2026-04-25;Bowlinghaus Bamberg;tournament;Nordbayerische Meisterschaft;1;Vorlauf;René Jurischka;38593;;3;168;0;674;67;663;overall_total;674
25/26;2026-04-25;Bowlinghaus Bamberg;tournament;Nordbayerische Meisterschaft;1;Vorlauf;Richard Erhard;16224;;3;229;0;697;57;663;overall_total;697
25/26;2026-04-25;Bowlinghaus Bamberg;tournament;Nordbayerische Meisterschaft;1;Vorlauf;Robert Kristof;10124;;3;208;0;796;20;663;overall_total;796
25/26;2026-04-25;Bowlinghaus Bamberg;tournament;Nordbayerische Meisterschaft;1;Vorlauf;Roland Augsdörfer;38549;;3;233;0;824;7;663;overall_total;824
25/26;2026-04-25;Bowlinghaus Bamberg;tournament;Nordbayerische Meisterschaft;1;Vorlauf;Roy Marziniak;25919;;3;148;0;689;61;663;overall_total;689
25/26;2026-04-25;Bowlinghaus Bamberg;tournament;Nordbayerische Meisterschaft;1;Vorlauf;Rudi Bauer;16860;;3;156;0;634;80;663;overall_total;634
25/26;2026-04-25;Bowlinghaus Bamberg;tournament;Nordbayerische Meisterschaft;1;Vorlauf;Sascha Popp;38981;;3;187;0;689;62;663;overall_total;689
25/26;2026-04-25;Bowlinghaus Bamberg;tournament;Nordbayerische Meisterschaft;1;Vorlauf;Sebastian Gräfe;38687;;3;203;0;773;28;663;overall_total;773
25/26;2026-04-25;Bowlinghaus Bamberg;tournament;Nordbayerische Meisterschaft;1;Vorlauf;Simon Bauer;16861;;3;161;0;688;63;663;overall_total;688
25/26;2026-04-25;Bowlinghaus Bamberg;tournament;Nordbayerische Meisterschaft;1;Vorlauf;Stefan Bess;7730;;3;145;0;628;82;663;overall_total;628
25/26;2026-04-25;Bowlinghaus Bamberg;tournament;Nordbayerische Meisterschaft;1;Vorlauf;Steffen Birkner;25082;;3;258;0;952;1;663;overall_total;952
25/26;2026-04-25;Bowlinghaus Bamberg;tournament;Nordbayerische Meisterschaft;1;Vorlauf;Steffen Jahre;7816;;3;145;0;633;81;663;overall_total;633
25/26;2026-04-25;Bowlinghaus Bamberg;tournament;Nordbayerische Meisterschaft;1;Vorlauf;Stephan Ruffershöfer;16899;;3;155;0;733;42;663;overall_total;733
25/26;2026-04-25;Bowlinghaus Bamberg;tournament;Nordbayerische Meisterschaft;1;Vorlauf;Stephan Stoll;10678;;3;180;0;699;55;663;overall_total;699
25/26;2026-04-25;Bowlinghaus Bamberg;tournament;Nordbayerische Meisterschaft;1;Vorlauf;Thomas Engelhardt;38044;;3;178;0;733;43;663;overall_total;733
25/26;2026-04-25;Bowlinghaus Bamberg;tournament;Nordbayerische Meisterschaft;1;Vorlauf;Thomas Hornung;25425;;3;168;0;691;60;663;overall_total;691
25/26;2026-04-25;Bowlinghaus Bamberg;tournament;Nordbayerische Meisterschaft;1;Vorlauf;Thomas Kleim;7770;;3;176;0;612;85;663;overall_total;612
25/26;2026-04-25;Bowlinghaus Bamberg;tournament;Nordbayerische Meisterschaft;1;Vorlauf;Thomas Moser;38907;;3;162;0;822;8;663;overall_total;822
25/26;2026-04-25;Bowlinghaus Bamberg;tournament;Nordbayerische Meisterschaft;1;Vorlauf;Thomas Nikoleit;25516;;3;195;0;800;17;663;overall_total;800
25/26;2026-04-25;Bowlinghaus Bamberg;tournament;Nordbayerische Meisterschaft;1;Vorlauf;Tim Olde Damink;25521;;3;185;0;811;12;663;overall_total;811
25/26;2026-04-25;Bowlinghaus Bamberg;tournament;Nordbayerische Meisterschaft;1;Vorlauf;Tobias Derbfuss;38270;;3;192;0;776;27;663;overall_total;776
25/26;2026-04-25;Bowlinghaus Bamberg;tournament;Nordbayerische Meisterschaft;1;Vorlauf;Tobias Franz;25638;;3;178;0;718;49;663;overall_total;718
25/26;2026-04-25;Bowlinghaus Bamberg;tournament;Nordbayerische Meisterschaft;1;Vorlauf;Tobias Kramer;38885;;3;155;0;711;53;663;overall_total;711
25/26;2026-04-25;Bowlinghaus Bamberg;tournament;Nordbayerische Meisterschaft;1;Vorlauf;Uwe Pukowski;25433;;3;125;0;675;66;663;overall_total;675
25/26;2026-04-25;Bowlinghaus Bamberg;tournament;Nordbayerische Meisterschaft;1;Vorlauf;Uwe Sewald;38877;;3;197;0;722;48;663;overall_total;722
25/26;2026-04-25;Bowlinghaus Bamberg;tournament;Nordbayerische Meisterschaft;1;Vorlauf;William Karl;16532;;3;191;0;746;36;663;overall_total;746
25/26;2026-04-25;Bowlinghaus Bamberg;tournament;Nordbayerische Meisterschaft;1;Vorlauf;Winfried Goller;7722;;3;172;0;735;40;663;overall_total;735
25/26;2026-04-25;Bowlinghaus Bamberg;tournament;Nordbayerische Meisterschaft;1;Vorlauf;Wolfgang Montag;16534;;3;145;0;573;89;663;overall_total;573
25/26;2026-04-25;Bowlinghaus Bamberg;tournament;Nordbayerische Meisterschaft;1;Vorlauf;Alexander Mitchell;38824;;4;120;0;715;89;827;overall_total;715
25/26;2026-04-25;Bowlinghaus Bamberg;tournament;Nordbayerische Meisterschaft;1;Vorlauf;Alexander Schmidt;16292;;4;210;0;996;18;827;overall_total;996
25/26;2026-04-25;Bowlinghaus Bamberg;tournament;Nordbayerische Meisterschaft;1;Vorlauf;Alexander Scholz;16352;;4;150;0;931;38;827;overall_total;931
25/26;2026-04-25;Bowlinghaus Bamberg;tournament;Nordbayerische Meisterschaft;1;Vorlauf;Andreas Brendel;38033;;4;184;0;939;33;827;overall_total;939
25/26;2026-04-25;Bowlinghaus Bamberg;tournament;Nordbayerische Meisterschaft;1;Vorlauf;Andreas Hernitschek;16386;;4;226;0;1060;5;827;overall_total;1060
25/26;2026-04-25;Bowlinghaus Bamberg;tournament;Nordbayerische Meisterschaft;1;Vorlauf;Anton Uebelacker;16430;;4;147;0;810;79;827;overall_total;810
25/26;2026-04-25;Bowlinghaus Bamberg;tournament;Nordbayerische Meisterschaft;1;Vorlauf;Arthur Schwertfeger;38005;;4;146;0;834;66;827;overall_total;834
25/26;2026-04-25;Bowlinghaus Bamberg;tournament;Nordbayerische Meisterschaft;1;Vorlauf;Asterios Fourkiotis;25555;;4;172;0;828;71;827;overall_total;828
25/26;2026-04-25;Bowlinghaus Bamberg;tournament;Nordbayerische Meisterschaft;1;Vorlauf;Bernd Matejat;16462;;4;181;0;879;56;827;overall_total;879
25/26;2026-04-25;Bowlinghaus Bamberg;tournament;Nordbayerische Meisterschaft;1;Vorlauf;Bernd Trapphardt;16559;;4;178;0;946;32;827;overall_total;946
25/26;2026-04-25;Bowlinghaus Bamberg;tournament;Nordbayerische Meisterschaft;1;Vorlauf;Blasius Stibel;7849;;4;176;0;903;52;827;overall_total;903
25/26;2026-04-25;Bowlinghaus Bamberg;tournament;Nordbayerische Meisterschaft;1;Vorlauf;Bodo Konieczny;18802;;4;190;0;1006;14;827;overall_total;1006
25/26;2026-04-25;Bowlinghaus Bamberg;tournament;Nordbayerische Meisterschaft;1;Vorlauf;Christian Feller;16007;;4;212;0;965;29;827;overall_total;965
25/26;2026-04-25;Bowlinghaus Bamberg;tournament;Nordbayerische Meisterschaft;1;Vorlauf;Christian Lechner;25064;;4;158;0;855;61;827;overall_total;855
25/26;2026-04-25;Bowlinghaus Bamberg;tournament;Nordbayerische Meisterschaft;1;Vorlauf;Christian Schlegl;38554;;4;149;0;812;77;827;overall_total;812
25/26;2026-04-25;Bowlinghaus Bamberg;tournament;Nordbayerische Meisterschaft;1;Vorlauf;Christian Schuster;7723;;4;234;0;1031;7;827;overall_total;1031
25/26;2026-04-25;Bowlinghaus Bamberg;tournament;Nordbayerische Meisterschaft;1;Vorlauf;Daniel Alexander;16443;;4;206;0;1035;6;827;overall_total;1035
25/26;2026-04-25;Bowlinghaus Bamberg;tournament;Nordbayerische Meisterschaft;1;Vorlauf;Daniel Badum;38043;;4;210;0;1019;8;827;overall_total;1019
25/26;2026-04-25;Bowlinghaus Bamberg;tournament;Nordbayerische Meisterschaft;1;Vorlauf;Daniel Schwank;16215;;4;218;0;994;20;827;overall_total;994
25/26;2026-04-25;Bowlinghaus Bamberg;tournament;Nordbayerische Meisterschaft;1;Vorlauf;Dieter Schuster;7721;;4;202;0;998;16;827;overall_total;998
25/26;2026-04-25;Bowlinghaus Bamberg;tournament;Nordbayerische Meisterschaft;1;Vorlauf;Enno Jackwerth;16263;;4;190;0;907;48;827;overall_total;907
25/26;2026-04-25;Bowlinghaus Bamberg;tournament;Nordbayerische Meisterschaft;1;Vorlauf;Eric Gogala;46005;;4;171;0;984;24;827;overall_total;984
25/26;2026-04-25;Bowlinghaus Bamberg;tournament;Nordbayerische Meisterschaft;1;Vorlauf;Erich Uebelacker;16105;;4;181;0;790;85;827;overall_total;790
25/26;2026-04-25;Bowlinghaus Bamberg;tournament;Nordbayerische Meisterschaft;1;Vorlauf;Franco Daniele Pirrotti;38188;;4;170;0;827;72;827;overall_total;827
25/26;2026-04-25;Bowlinghaus Bamberg;tournament;Nordbayerische Meisterschaft;1;Vorlauf;Gerhard Baier;7393;;4;156;0;809;80;827;overall_total;809
25/26;2026-04-25;Bowlinghaus Bamberg;tournament;Nordbayerische Meisterschaft;1;Vorlauf;Heiko Schütz;16894;;4;166;0;831;68;827;overall_total;831
25/26;2026-04-25;Bowlinghaus Bamberg;tournament;Nordbayerische Meisterschaft;1;Vorlauf;Heiko Tontsch;38403;;4;165;0;935;35;827;overall_total;935
25/26;2026-04-25;Bowlinghaus Bamberg;tournament;Nordbayerische Meisterschaft;1;Vorlauf;Horst Schön;16346;;4;193;0;950;30;827;overall_total;950
25/26;2026-04-25;Bowlinghaus Bamberg;tournament;Nordbayerische Meisterschaft;1;Vorlauf;Jeremias Schwarz;38841;;4;133;0;704;90;827;overall_total;704
25/26;2026-04-25;Bowlinghaus Bamberg;tournament;Nordbayerische Meisterschaft;1;Vorlauf;Joachim Hartmann;16214;;4;177;0;846;63;827;overall_total;846
25/26;2026-04-25;Bowlinghaus Bamberg;tournament;Nordbayerische Meisterschaft;1;Vorlauf;Jochen Birkner;7937;;4;213;0;1019;9;827;overall_total;1019
25/26;2026-04-25;Bowlinghaus Bamberg;tournament;Nordbayerische Meisterschaft;1;Vorlauf;Jonathan Nolan;16873;;4;188;0;974;25;827;overall_total;974
25/26;2026-04-25;Bowlinghaus Bamberg;tournament;Nordbayerische Meisterschaft;1;Vorlauf;Josef Peter Gfesser;7901;;4;134;0;732;88;827;overall_total;732
25/26;2026-04-25;Bowlinghaus Bamberg;tournament;Nordbayerische Meisterschaft;1;Vorlauf;Jörg Woyscheszik;25350;;4;220;0;972;27;827;overall_total;972
25/26;2026-04-25;Bowlinghaus Bamberg;tournament;Nordbayerische Meisterschaft;1;Vorlauf;Jürgen Harry Schmitt;7961;;4;146;0;824;74;827;overall_total;824
25/26;2026-04-25;Bowlinghaus Bamberg;tournament;Nordbayerische Meisterschaft;1;Vorlauf;Jürgen Reichel;7772;;4;186;0;878;57;827;overall_total;878
25/26;2026-04-25;Bowlinghaus Bamberg;tournament;Nordbayerische Meisterschaft;1;Vorlauf;Kai Bräutigam;38115;;4;204;0;947;31;827;overall_total;947
25/26;2026-04-25;Bowlinghaus Bamberg;tournament;Nordbayerische Meisterschaft;1;Vorlauf;Lothar Woithe;25267;;4;182;0;799;83;827;overall_total;799
25/26;2026-04-25;Bowlinghaus Bamberg;tournament;Nordbayerische Meisterschaft;1;Vorlauf;Lukas Pfaff;38909;;4;165;0;829;70;827;overall_total;829
25/26;2026-04-25;Bowlinghaus Bamberg;tournament;Nordbayerische Meisterschaft;1;Vorlauf;Maik Rößler;31583;;4;201;0;925;41;827;overall_total;925
25/26;2026-04-25;Bowlinghaus Bamberg;tournament;Nordbayerische Meisterschaft;1;Vorlauf;Manfred Rupertinger;16641;;4;163;0;887;54;827;overall_total;887
25/26;2026-04-25;Bowlinghaus Bamberg;tournament;Nordbayerische Meisterschaft;1;Vorlauf;Manfred Rupprecht;38640;;4;160;0;871;59;827;overall_total;871
25/26;2026-04-25;Bowlinghaus Bamberg;tournament;Nordbayerische Meisterschaft;1;Vorlauf;Marc Schmidt;38734;;4;191;0;915;43;827;overall_total;915
25/26;2026-04-25;Bowlinghaus Bamberg;tournament;Nordbayerische Meisterschaft;1;Vorlauf;Marcel Bassler;38774;;4;202;0;1007;13;827;overall_total;1007
25/26;2026-04-25;Bowlinghaus Bamberg;tournament;Nordbayerische Meisterschaft;1;Vorlauf;Marco Eck;38240;;4;214;0;1003;15;827;overall_total;1003
25/26;2026-04-25;Bowlinghaus Bamberg;tournament;Nordbayerische Meisterschaft;1;Vorlauf;Mario Burghardt;12248;;4;145;0;989;22;827;overall_total;989
25/26;2026-04-25;Bowlinghaus Bamberg;tournament;Nordbayerische Meisterschaft;1;Vorlauf;Markus Brendel;38034;;4;181;0;934;37;827;overall_total;934
25/26;2026-04-25;Bowlinghaus Bamberg;tournament;Nordbayerische Meisterschaft;1;Vorlauf;Markus Fischer;38237;;4;171;0;974;26;827;overall_total;974
25/26;2026-04-25;Bowlinghaus Bamberg;tournament;Nordbayerische Meisterschaft;1;Vorlauf;Matthias Puchert;16501;;4;152;0;792;84;827;overall_total;792
25/26;2026-04-25;Bowlinghaus Bamberg;tournament;Nordbayerische Meisterschaft;1;Vorlauf;Michael Gehring;38250;;4;173;0;836;65;827;overall_total;836
25/26;2026-04-25;Bowlinghaus Bamberg;tournament;Nordbayerische Meisterschaft;1;Vorlauf;Michael Hoffmann;38982;;4;182;0;820;75;827;overall_total;820
25/26;2026-04-25;Bowlinghaus Bamberg;tournament;Nordbayerische Meisterschaft;1;Vorlauf;Michael Rühl;38745;;4;161;0;877;58;827;overall_total;877
25/26;2026-04-25;Bowlinghaus Bamberg;tournament;Nordbayerische Meisterschaft;1;Vorlauf;Michael Schlundt;7725;;4;174;0;814;76;827;overall_total;814
25/26;2026-04-25;Bowlinghaus Bamberg;tournament;Nordbayerische Meisterschaft;1;Vorlauf;Nico Thomas;38134;;4;189;0;987;23;827;overall_total;987
25/26;2026-04-25;Bowlinghaus Bamberg;tournament;Nordbayerische Meisterschaft;1;Vorlauf;Nicolas Hoffmann;38935;;4;169;0;1013;10;827;overall_total;1013
25/26;2026-04-25;Bowlinghaus Bamberg;tournament;Nordbayerische Meisterschaft;1;Vorlauf;Niklas Weiske;25484;;4;250;0;1067;3;827;overall_total;1067
25/26;2026-04-25;Bowlinghaus Bamberg;tournament;Nordbayerische Meisterschaft;1;Vorlauf;Patrick Freudl;16796;;4;208;0;1075;2;827;overall_total;1075
25/26;2026-04-25;Bowlinghaus Bamberg;tournament;Nordbayerische Meisterschaft;1;Vorlauf;Patrick Hardt;16809;;4;204;0;937;34;827;overall_total;937
25/26;2026-04-25;Bowlinghaus Bamberg;tournament;Nordbayerische Meisterschaft;1;Vorlauf;Patrick Stemmler;16495;;4;167;0;912;44;827;overall_total;912
25/26;2026-04-25;Bowlinghaus Bamberg;tournament;Nordbayerische Meisterschaft;1;Vorlauf;Peter Noack;38369;;4;184;0;805;81;827;overall_total;805
25/26;2026-04-25;Bowlinghaus Bamberg;tournament;Nordbayerische Meisterschaft;1;Vorlauf;Phi-Long Nguyen;46002;;4;204;0;907;49;827;overall_total;907
25/26;2026-04-25;Bowlinghaus Bamberg;tournament;Nordbayerische Meisterschaft;1;Vorlauf;Reinhold Reißmann;16439;;4;158;0;901;53;827;overall_total;901
25/26;2026-04-25;Bowlinghaus Bamberg;tournament;Nordbayerische Meisterschaft;1;Vorlauf;René Jurischka;38593;;4;159;0;833;67;827;overall_total;833
25/26;2026-04-25;Bowlinghaus Bamberg;tournament;Nordbayerische Meisterschaft;1;Vorlauf;Richard Erhard;16224;;4;185;0;882;55;827;overall_total;882
25/26;2026-04-25;Bowlinghaus Bamberg;tournament;Nordbayerische Meisterschaft;1;Vorlauf;Robert Kristof;10124;;4;212;0;1008;12;827;overall_total;1008
25/26;2026-04-25;Bowlinghaus Bamberg;tournament;Nordbayerische Meisterschaft;1;Vorlauf;Roland Augsdörfer;38549;;4;173;0;997;17;827;overall_total;997
25/26;2026-04-25;Bowlinghaus Bamberg;tournament;Nordbayerische Meisterschaft;1;Vorlauf;Roy Marziniak;25919;;4;136;0;825;73;827;overall_total;825
25/26;2026-04-25;Bowlinghaus Bamberg;tournament;Nordbayerische Meisterschaft;1;Vorlauf;Rudi Bauer;16860;;4;166;0;800;82;827;overall_total;800
25/26;2026-04-25;Bowlinghaus Bamberg;tournament;Nordbayerische Meisterschaft;1;Vorlauf;Sascha Popp;38981;;4;215;0;904;51;827;overall_total;904
25/26;2026-04-25;Bowlinghaus Bamberg;tournament;Nordbayerische Meisterschaft;1;Vorlauf;Sebastian Gräfe;38687;;4;223;0;996;19;827;overall_total;996
25/26;2026-04-25;Bowlinghaus Bamberg;tournament;Nordbayerische Meisterschaft;1;Vorlauf;Simon Bauer;16861;;4;164;0;852;62;827;overall_total;852
25/26;2026-04-25;Bowlinghaus Bamberg;tournament;Nordbayerische Meisterschaft;1;Vorlauf;Stefan Bess;7730;;4;184;0;812;78;827;overall_total;812
25/26;2026-04-25;Bowlinghaus Bamberg;tournament;Nordbayerische Meisterschaft;1;Vorlauf;Steffen Birkner;25082;;4;237;0;1189;1;827;overall_total;1189
25/26;2026-04-25;Bowlinghaus Bamberg;tournament;Nordbayerische Meisterschaft;1;Vorlauf;Steffen Jahre;7816;;4;125;0;758;86;827;overall_total;758
25/26;2026-04-25;Bowlinghaus Bamberg;tournament;Nordbayerische Meisterschaft;1;Vorlauf;Stephan Ruffershöfer;16899;;4;198;0;931;39;827;overall_total;931
25/26;2026-04-25;Bowlinghaus Bamberg;tournament;Nordbayerische Meisterschaft;1;Vorlauf;Stephan Stoll;10678;;4;160;0;859;60;827;overall_total;859
25/26;2026-04-25;Bowlinghaus Bamberg;tournament;Nordbayerische Meisterschaft;1;Vorlauf;Thomas Engelhardt;38044;;4;173;0;906;50;827;overall_total;906
25/26;2026-04-25;Bowlinghaus Bamberg;tournament;Nordbayerische Meisterschaft;1;Vorlauf;Thomas Hornung;25425;;4;140;0;831;69;827;overall_total;831
25/26;2026-04-25;Bowlinghaus Bamberg;tournament;Nordbayerische Meisterschaft;1;Vorlauf;Thomas Kleim;7770;;4;234;0;846;64;827;overall_total;846
25/26;2026-04-25;Bowlinghaus Bamberg;tournament;Nordbayerische Meisterschaft;1;Vorlauf;Thomas Moser;38907;;4;149;0;971;28;827;overall_total;971
25/26;2026-04-25;Bowlinghaus Bamberg;tournament;Nordbayerische Meisterschaft;1;Vorlauf;Thomas Nikoleit;25516;;4;194;0;994;21;827;overall_total;994
25/26;2026-04-25;Bowlinghaus Bamberg;tournament;Nordbayerische Meisterschaft;1;Vorlauf;Tim Olde Damink;25521;;4;256;0;1067;4;827;overall_total;1067
25/26;2026-04-25;Bowlinghaus Bamberg;tournament;Nordbayerische Meisterschaft;1;Vorlauf;Tobias Derbfuss;38270;;4;233;0;1009;11;827;overall_total;1009
25/26;2026-04-25;Bowlinghaus Bamberg;tournament;Nordbayerische Meisterschaft;1;Vorlauf;Tobias Franz;25638;;4;216;0;934;36;827;overall_total;934
25/26;2026-04-25;Bowlinghaus Bamberg;tournament;Nordbayerische Meisterschaft;1;Vorlauf;Tobias Kramer;38885;;4;198;0;909;47;827;overall_total;909
25/26;2026-04-25;Bowlinghaus Bamberg;tournament;Nordbayerische Meisterschaft;1;Vorlauf;Uwe Pukowski;25433;;4;243;0;918;42;827;overall_total;918
25/26;2026-04-25;Bowlinghaus Bamberg;tournament;Nordbayerische Meisterschaft;1;Vorlauf;Uwe Sewald;38877;;4;187;0;909;46;827;overall_total;909
25/26;2026-04-25;Bowlinghaus Bamberg;tournament;Nordbayerische Meisterschaft;1;Vorlauf;William Karl;16532;;4;163;0;909;45;827;overall_total;909
25/26;2026-04-25;Bowlinghaus Bamberg;tournament;Nordbayerische Meisterschaft;1;Vorlauf;Winfried Goller;7722;;4;193;0;928;40;827;overall_total;928
25/26;2026-04-25;Bowlinghaus Bamberg;tournament;Nordbayerische Meisterschaft;1;Vorlauf;Wolfgang Montag;16534;;4;170;0;743;87;827;overall_total;743
25/26;2026-04-25;Bowlinghaus Bamberg;tournament;Nordbayerische Meisterschaft;1;Vorlauf;Alexander Mitchell;38824;;5;173;0;888;89;1000;overall_total;888
25/26;2026-04-25;Bowlinghaus Bamberg;tournament;Nordbayerische Meisterschaft;1;Vorlauf;Alexander Schmidt;16292;;5;194;0;1190;19;1000;overall_total;1190
25/26;2026-04-25;Bowlinghaus Bamberg;tournament;Nordbayerische Meisterschaft;1;Vorlauf;Alexander Scholz;16352;;5;182;0;1113;39;1000;overall_total;1113
25/26;2026-04-25;Bowlinghaus Bamberg;tournament;Nordbayerische Meisterschaft;1;Vorlauf;Andreas Brendel;38033;;5;187;0;1126;33;1000;overall_total;1126
25/26;2026-04-25;Bowlinghaus Bamberg;tournament;Nordbayerische Meisterschaft;1;Vorlauf;Andreas Hernitschek;16386;;5;205;0;1265;6;1000;overall_total;1265
25/26;2026-04-25;Bowlinghaus Bamberg;tournament;Nordbayerische Meisterschaft;1;Vorlauf;Anton Uebelacker;16430;;5;197;0;1007;71;1000;overall_total;1007
25/26;2026-04-25;Bowlinghaus Bamberg;tournament;Nordbayerische Meisterschaft;1;Vorlauf;Arthur Schwertfeger;38005;;5;180;0;1014;68;1000;overall_total;1014
25/26;2026-04-25;Bowlinghaus Bamberg;tournament;Nordbayerische Meisterschaft;1;Vorlauf;Asterios Fourkiotis;25555;;5;172;0;1000;72;1000;overall_total;1000
25/26;2026-04-25;Bowlinghaus Bamberg;tournament;Nordbayerische Meisterschaft;1;Vorlauf;Bernd Matejat;16462;;5;165;0;1044;61;1000;overall_total;1044
25/26;2026-04-25;Bowlinghaus Bamberg;tournament;Nordbayerische Meisterschaft;1;Vorlauf;Bernd Trapphardt;16559;;5;184;0;1130;29;1000;overall_total;1130
25/26;2026-04-25;Bowlinghaus Bamberg;tournament;Nordbayerische Meisterschaft;1;Vorlauf;Blasius Stibel;7849;;5;163;0;1066;55;1000;overall_total;1066
25/26;2026-04-25;Bowlinghaus Bamberg;tournament;Nordbayerische Meisterschaft;1;Vorlauf;Bodo Konieczny;18802;;5;208;0;1214;14;1000;overall_total;1214
25/26;2026-04-25;Bowlinghaus Bamberg;tournament;Nordbayerische Meisterschaft;1;Vorlauf;Christian Feller;16007;;5;267;0;1232;9;1000;overall_total;1232
25/26;2026-04-25;Bowlinghaus Bamberg;tournament;Nordbayerische Meisterschaft;1;Vorlauf;Christian Lechner;25064;;5;198;0;1053;58;1000;overall_total;1053
25/26;2026-04-25;Bowlinghaus Bamberg;tournament;Nordbayerische Meisterschaft;1;Vorlauf;Christian Schlegl;38554;;5;186;0;998;73;1000;overall_total;998
25/26;2026-04-25;Bowlinghaus Bamberg;tournament;Nordbayerische Meisterschaft;1;Vorlauf;Christian Schuster;7723;;5;210;0;1241;8;1000;overall_total;1241
25/26;2026-04-25;Bowlinghaus Bamberg;tournament;Nordbayerische Meisterschaft;1;Vorlauf;Daniel Alexander;16443;;5;248;0;1283;4;1000;overall_total;1283
25/26;2026-04-25;Bowlinghaus Bamberg;tournament;Nordbayerische Meisterschaft;1;Vorlauf;Daniel Badum;38043;;5;185;0;1204;16;1000;overall_total;1204
25/26;2026-04-25;Bowlinghaus Bamberg;tournament;Nordbayerische Meisterschaft;1;Vorlauf;Daniel Schwank;16215;;5;202;0;1196;18;1000;overall_total;1196
25/26;2026-04-25;Bowlinghaus Bamberg;tournament;Nordbayerische Meisterschaft;1;Vorlauf;Dieter Schuster;7721;;5;226;0;1224;10;1000;overall_total;1224
25/26;2026-04-25;Bowlinghaus Bamberg;tournament;Nordbayerische Meisterschaft;1;Vorlauf;Enno Jackwerth;16263;;5;202;0;1109;42;1000;overall_total;1109
25/26;2026-04-25;Bowlinghaus Bamberg;tournament;Nordbayerische Meisterschaft;1;Vorlauf;Eric Gogala;46005;;5;235;0;1219;13;1000;overall_total;1219
25/26;2026-04-25;Bowlinghaus Bamberg;tournament;Nordbayerische Meisterschaft;1;Vorlauf;Erich Uebelacker;16105;;5;179;0;969;81;1000;overall_total;969
25/26;2026-04-25;Bowlinghaus Bamberg;tournament;Nordbayerische Meisterschaft;1;Vorlauf;Franco Daniele Pirrotti;38188;;5;189;0;1016;67;1000;overall_total;1016
25/26;2026-04-25;Bowlinghaus Bamberg;tournament;Nordbayerische Meisterschaft;1;Vorlauf;Gerhard Baier;7393;;5;176;0;985;79;1000;overall_total;985
25/26;2026-04-25;Bowlinghaus Bamberg;tournament;Nordbayerische Meisterschaft;1;Vorlauf;Heiko Schütz;16894;;5;209;0;1040;63;1000;overall_total;1040
25/26;2026-04-25;Bowlinghaus Bamberg;tournament;Nordbayerische Meisterschaft;1;Vorlauf;Heiko Tontsch;38403;;5;170;0;1105;45;1000;overall_total;1105
25/26;2026-04-25;Bowlinghaus Bamberg;tournament;Nordbayerische Meisterschaft;1;Vorlauf;Horst Schön;16346;;5;182;0;1132;28;1000;overall_total;1132
25/26;2026-04-25;Bowlinghaus Bamberg;tournament;Nordbayerische Meisterschaft;1;Vorlauf;Jeremias Schwarz;38841;;5;155;0;859;90;1000;overall_total;859
25/26;2026-04-25;Bowlinghaus Bamberg;tournament;Nordbayerische Meisterschaft;1;Vorlauf;Joachim Hartmann;16214;;5;202;0;1048;59;1000;overall_total;1048
25/26;2026-04-25;Bowlinghaus Bamberg;tournament;Nordbayerische Meisterschaft;1;Vorlauf;Jochen Birkner;7937;;5;201;0;1220;12;1000;overall_total;1220
25/26;2026-04-25;Bowlinghaus Bamberg;tournament;Nordbayerische Meisterschaft;1;Vorlauf;Jonathan Nolan;16873;;5;183;0;1157;25;1000;overall_total;1157
25/26;2026-04-25;Bowlinghaus Bamberg;tournament;Nordbayerische Meisterschaft;1;Vorlauf;Josef Peter Gfesser;7901;;5;180;0;912;87;1000;overall_total;912
25/26;2026-04-25;Bowlinghaus Bamberg;tournament;Nordbayerische Meisterschaft;1;Vorlauf;Jörg Woyscheszik;25350;;5;198;0;1170;22;1000;overall_total;1170
25/26;2026-04-25;Bowlinghaus Bamberg;tournament;Nordbayerische Meisterschaft;1;Vorlauf;Jürgen Harry Schmitt;7961;;5;186;0;1010;70;1000;overall_total;1010
25/26;2026-04-25;Bowlinghaus Bamberg;tournament;Nordbayerische Meisterschaft;1;Vorlauf;Jürgen Reichel;7772;;5;207;0;1085;50;1000;overall_total;1085
25/26;2026-04-25;Bowlinghaus Bamberg;tournament;Nordbayerische Meisterschaft;1;Vorlauf;Kai Bräutigam;38115;;5;231;0;1178;21;1000;overall_total;1178
25/26;2026-04-25;Bowlinghaus Bamberg;tournament;Nordbayerische Meisterschaft;1;Vorlauf;Lothar Woithe;25267;;5;158;0;957;83;1000;overall_total;957
25/26;2026-04-25;Bowlinghaus Bamberg;tournament;Nordbayerische Meisterschaft;1;Vorlauf;Lukas Pfaff;38909;;5;114;0;943;85;1000;overall_total;943
25/26;2026-04-25;Bowlinghaus Bamberg;tournament;Nordbayerische Meisterschaft;1;Vorlauf;Maik Rößler;31583;;5;160;0;1085;49;1000;overall_total;1085
25/26;2026-04-25;Bowlinghaus Bamberg;tournament;Nordbayerische Meisterschaft;1;Vorlauf;Manfred Rupertinger;16641;;5;156;0;1043;62;1000;overall_total;1043
25/26;2026-04-25;Bowlinghaus Bamberg;tournament;Nordbayerische Meisterschaft;1;Vorlauf;Manfred Rupprecht;38640;;5;198;0;1069;54;1000;overall_total;1069
25/26;2026-04-25;Bowlinghaus Bamberg;tournament;Nordbayerische Meisterschaft;1;Vorlauf;Marc Schmidt;38734;;5;192;0;1107;44;1000;overall_total;1107
25/26;2026-04-25;Bowlinghaus Bamberg;tournament;Nordbayerische Meisterschaft;1;Vorlauf;Marcel Bassler;38774;;5;198;0;1205;15;1000;overall_total;1205
25/26;2026-04-25;Bowlinghaus Bamberg;tournament;Nordbayerische Meisterschaft;1;Vorlauf;Marco Eck;38240;;5;126;0;1129;30;1000;overall_total;1129
25/26;2026-04-25;Bowlinghaus Bamberg;tournament;Nordbayerische Meisterschaft;1;Vorlauf;Mario Burghardt;12248;;5;173;0;1162;24;1000;overall_total;1162
25/26;2026-04-25;Bowlinghaus Bamberg;tournament;Nordbayerische Meisterschaft;1;Vorlauf;Markus Brendel;38034;;5;166;0;1100;47;1000;overall_total;1100
25/26;2026-04-25;Bowlinghaus Bamberg;tournament;Nordbayerische Meisterschaft;1;Vorlauf;Markus Fischer;38237;;5;145;0;1119;37;1000;overall_total;1119
25/26;2026-04-25;Bowlinghaus Bamberg;tournament;Nordbayerische Meisterschaft;1;Vorlauf;Matthias Puchert;16501;;5;172;0;964;82;1000;overall_total;964
25/26;2026-04-25;Bowlinghaus Bamberg;tournament;Nordbayerische Meisterschaft;1;Vorlauf;Michael Gehring;38250;;5;157;0;993;75;1000;overall_total;993
25/26;2026-04-25;Bowlinghaus Bamberg;tournament;Nordbayerische Meisterschaft;1;Vorlauf;Michael Hoffmann;38982;;5;175;0;995;74;1000;overall_total;995
25/26;2026-04-25;Bowlinghaus Bamberg;tournament;Nordbayerische Meisterschaft;1;Vorlauf;Michael Rühl;38745;;5;171;0;1048;60;1000;overall_total;1048
25/26;2026-04-25;Bowlinghaus Bamberg;tournament;Nordbayerische Meisterschaft;1;Vorlauf;Michael Schlundt;7725;;5;178;0;992;76;1000;overall_total;992
25/26;2026-04-25;Bowlinghaus Bamberg;tournament;Nordbayerische Meisterschaft;1;Vorlauf;Nico Thomas;38134;;5;134;0;1121;35;1000;overall_total;1121
25/26;2026-04-25;Bowlinghaus Bamberg;tournament;Nordbayerische Meisterschaft;1;Vorlauf;Nicolas Hoffmann;38935;;5;184;0;1197;17;1000;overall_total;1197
25/26;2026-04-25;Bowlinghaus Bamberg;tournament;Nordbayerische Meisterschaft;1;Vorlauf;Niklas Weiske;25484;;5;226;0;1293;2;1000;overall_total;1293
25/26;2026-04-25;Bowlinghaus Bamberg;tournament;Nordbayerische Meisterschaft;1;Vorlauf;Patrick Freudl;16796;;5;203;0;1278;5;1000;overall_total;1278
25/26;2026-04-25;Bowlinghaus Bamberg;tournament;Nordbayerische Meisterschaft;1;Vorlauf;Patrick Hardt;16809;;5;183;0;1120;36;1000;overall_total;1120
25/26;2026-04-25;Bowlinghaus Bamberg;tournament;Nordbayerische Meisterschaft;1;Vorlauf;Patrick Stemmler;16495;;5;195;0;1107;43;1000;overall_total;1107
25/26;2026-04-25;Bowlinghaus Bamberg;tournament;Nordbayerische Meisterschaft;1;Vorlauf;Peter Noack;38369;;5;169;0;974;80;1000;overall_total;974
25/26;2026-04-25;Bowlinghaus Bamberg;tournament;Nordbayerische Meisterschaft;1;Vorlauf;Phi-Long Nguyen;46002;;5;203;0;1110;41;1000;overall_total;1110
25/26;2026-04-25;Bowlinghaus Bamberg;tournament;Nordbayerische Meisterschaft;1;Vorlauf;Reinhold Reißmann;16439;;5;216;0;1117;38;1000;overall_total;1117
25/26;2026-04-25;Bowlinghaus Bamberg;tournament;Nordbayerische Meisterschaft;1;Vorlauf;René Jurischka;38593;;5;181;0;1014;69;1000;overall_total;1014
25/26;2026-04-25;Bowlinghaus Bamberg;tournament;Nordbayerische Meisterschaft;1;Vorlauf;Richard Erhard;16224;;5;157;0;1039;64;1000;overall_total;1039
25/26;2026-04-25;Bowlinghaus Bamberg;tournament;Nordbayerische Meisterschaft;1;Vorlauf;Robert Kristof;10124;;5;233;0;1241;7;1000;overall_total;1241
25/26;2026-04-25;Bowlinghaus Bamberg;tournament;Nordbayerische Meisterschaft;1;Vorlauf;Roland Augsdörfer;38549;;5;170;0;1167;23;1000;overall_total;1167
25/26;2026-04-25;Bowlinghaus Bamberg;tournament;Nordbayerische Meisterschaft;1;Vorlauf;Roy Marziniak;25919;;5;166;0;991;77;1000;overall_total;991
25/26;2026-04-25;Bowlinghaus Bamberg;tournament;Nordbayerische Meisterschaft;1;Vorlauf;Rudi Bauer;16860;;5;150;0;950;84;1000;overall_total;950
25/26;2026-04-25;Bowlinghaus Bamberg;tournament;Nordbayerische Meisterschaft;1;Vorlauf;Sascha Popp;38981;;5;200;0;1104;46;1000;overall_total;1104
25/26;2026-04-25;Bowlinghaus Bamberg;tournament;Nordbayerische Meisterschaft;1;Vorlauf;Sebastian Gräfe;38687;;5;185;0;1181;20;1000;overall_total;1181
25/26;2026-04-25;Bowlinghaus Bamberg;tournament;Nordbayerische Meisterschaft;1;Vorlauf;Simon Bauer;16861;;5;211;0;1063;56;1000;overall_total;1063
25/26;2026-04-25;Bowlinghaus Bamberg;tournament;Nordbayerische Meisterschaft;1;Vorlauf;Stefan Bess;7730;;5;175;0;987;78;1000;overall_total;987
25/26;2026-04-25;Bowlinghaus Bamberg;tournament;Nordbayerische Meisterschaft;1;Vorlauf;Steffen Birkner;25082;;5;265;0;1454;1;1000;overall_total;1454
25/26;2026-04-25;Bowlinghaus Bamberg;tournament;Nordbayerische Meisterschaft;1;Vorlauf;Steffen Jahre;7816;;5;158;0;916;86;1000;overall_total;916
25/26;2026-04-25;Bowlinghaus Bamberg;tournament;Nordbayerische Meisterschaft;1;Vorlauf;Stephan Ruffershöfer;16899;;5;158;0;1089;48;1000;overall_total;1089
25/26;2026-04-25;Bowlinghaus Bamberg;tournament;Nordbayerische Meisterschaft;1;Vorlauf;Stephan Stoll;10678;;5;211;0;1070;53;1000;overall_total;1070
25/26;2026-04-25;Bowlinghaus Bamberg;tournament;Nordbayerische Meisterschaft;1;Vorlauf;Thomas Engelhardt;38044;;5;157;0;1063;57;1000;overall_total;1063
25/26;2026-04-25;Bowlinghaus Bamberg;tournament;Nordbayerische Meisterschaft;1;Vorlauf;Thomas Hornung;25425;;5;196;0;1027;65;1000;overall_total;1027
25/26;2026-04-25;Bowlinghaus Bamberg;tournament;Nordbayerische Meisterschaft;1;Vorlauf;Thomas Kleim;7770;;5;172;0;1018;66;1000;overall_total;1018
25/26;2026-04-25;Bowlinghaus Bamberg;tournament;Nordbayerische Meisterschaft;1;Vorlauf;Thomas Moser;38907;;5;176;0;1147;26;1000;overall_total;1147
25/26;2026-04-25;Bowlinghaus Bamberg;tournament;Nordbayerische Meisterschaft;1;Vorlauf;Thomas Nikoleit;25516;;5;148;0;1142;27;1000;overall_total;1142
25/26;2026-04-25;Bowlinghaus Bamberg;tournament;Nordbayerische Meisterschaft;1;Vorlauf;Tim Olde Damink;25521;;5;223;0;1290;3;1000;overall_total;1290
25/26;2026-04-25;Bowlinghaus Bamberg;tournament;Nordbayerische Meisterschaft;1;Vorlauf;Tobias Derbfuss;38270;;5;212;0;1221;11;1000;overall_total;1221
25/26;2026-04-25;Bowlinghaus Bamberg;tournament;Nordbayerische Meisterschaft;1;Vorlauf;Tobias Franz;25638;;5;191;0;1125;34;1000;overall_total;1125
25/26;2026-04-25;Bowlinghaus Bamberg;tournament;Nordbayerische Meisterschaft;1;Vorlauf;Tobias Kramer;38885;;5;204;0;1113;40;1000;overall_total;1113
25/26;2026-04-25;Bowlinghaus Bamberg;tournament;Nordbayerische Meisterschaft;1;Vorlauf;Uwe Pukowski;25433;;5;156;0;1074;51;1000;overall_total;1074
25/26;2026-04-25;Bowlinghaus Bamberg;tournament;Nordbayerische Meisterschaft;1;Vorlauf;Uwe Sewald;38877;;5;165;0;1074;52;1000;overall_total;1074
25/26;2026-04-25;Bowlinghaus Bamberg;tournament;Nordbayerische Meisterschaft;1;Vorlauf;William Karl;16532;;5;217;0;1126;32;1000;overall_total;1126
25/26;2026-04-25;Bowlinghaus Bamberg;tournament;Nordbayerische Meisterschaft;1;Vorlauf;Winfried Goller;7722;;5;200;0;1128;31;1000;overall_total;1128
25/26;2026-04-25;Bowlinghaus Bamberg;tournament;Nordbayerische Meisterschaft;1;Vorlauf;Wolfgang Montag;16534;;5;158;0;901;88;1000;overall_total;901
25/26;2026-04-26;Bowlinghaus Bamberg;tournament;Nordbayerische Meisterschaft;2;Zwischenlauf;Alexander Schmidt;16292;;0;205;0;1395;19;1302;overall_total;1395
25/26;2026-04-26;Bowlinghaus Bamberg;tournament;Nordbayerische Meisterschaft;2;Zwischenlauf;Alexander Scholz;16352;;0;158;0;1271;44;1302;overall_total;1271
25/26;2026-04-26;Bowlinghaus Bamberg;tournament;Nordbayerische Meisterschaft;2;Zwischenlauf;Andreas Brendel;38033;;0;182;0;1308;32;1302;overall_total;1308
25/26;2026-04-26;Bowlinghaus Bamberg;tournament;Nordbayerische Meisterschaft;2;Zwischenlauf;Andreas Hernitschek;16386;;0;237;0;1502;2;1302;overall_total;1502
25/26;2026-04-26;Bowlinghaus Bamberg;tournament;Nordbayerische Meisterschaft;2;Zwischenlauf;Anton Uebelacker;16430;;0;144;0;1151;70;1302;overall_total;1151
25/26;2026-04-26;Bowlinghaus Bamberg;tournament;Nordbayerische Meisterschaft;2;Zwischenlauf;Arthur Schwertfeger;38005;;0;212;0;1226;57;1302;overall_total;1226
25/26;2026-04-26;Bowlinghaus Bamberg;tournament;Nordbayerische Meisterschaft;2;Zwischenlauf;Asterios Fourkiotis;25555;;0;222;0;1222;59;1302;overall_total;1222
25/26;2026-04-26;Bowlinghaus Bamberg;tournament;Nordbayerische Meisterschaft;2;Zwischenlauf;Bernd Matejat;16462;;0;180;0;1224;58;1302;overall_total;1224
25/26;2026-04-26;Bowlinghaus Bamberg;tournament;Nordbayerische Meisterschaft;2;Zwischenlauf;Blasius Stibel;7849;;0;200;0;1266;48;1302;overall_total;1266
25/26;2026-04-26;Bowlinghaus Bamberg;tournament;Nordbayerische Meisterschaft;2;Zwischenlauf;Bodo Konieczny;18802;;0;224;0;1438;9;1302;overall_total;1438
25/26;2026-04-26;Bowlinghaus Bamberg;tournament;Nordbayerische Meisterschaft;2;Zwischenlauf;Christian Feller;16007;;0;212;0;1444;8;1302;overall_total;1444
25/26;2026-04-26;Bowlinghaus Bamberg;tournament;Nordbayerische Meisterschaft;2;Zwischenlauf;Christian Lechner;25064;;0;202;0;1255;50;1302;overall_total;1255
25/26;2026-04-26;Bowlinghaus Bamberg;tournament;Nordbayerische Meisterschaft;2;Zwischenlauf;Christian Schlegl;38554;;0;157;0;1155;69;1302;overall_total;1155
25/26;2026-04-26;Bowlinghaus Bamberg;tournament;Nordbayerische Meisterschaft;2;Zwischenlauf;Christian Schuster;7723;;0;247;0;1488;4;1302;overall_total;1488
25/26;2026-04-26;Bowlinghaus Bamberg;tournament;Nordbayerische Meisterschaft;2;Zwischenlauf;Daniel Alexander;16443;;0;179;0;1462;7;1302;overall_total;1462
25/26;2026-04-26;Bowlinghaus Bamberg;tournament;Nordbayerische Meisterschaft;2;Zwischenlauf;Daniel Badum;38043;;0;162;0;1366;23;1302;overall_total;1366
25/26;2026-04-26;Bowlinghaus Bamberg;tournament;Nordbayerische Meisterschaft;2;Zwischenlauf;Daniel Schwank;16215;;0;234;0;1430;12;1302;overall_total;1430
25/26;2026-04-26;Bowlinghaus Bamberg;tournament;Nordbayerische Meisterschaft;2;Zwischenlauf;Dieter Schuster;7721;;0;213;0;1437;10;1302;overall_total;1437
25/26;2026-04-26;Bowlinghaus Bamberg;tournament;Nordbayerische Meisterschaft;2;Zwischenlauf;Enno Jackwerth;16263;;0;159;0;1268;46;1302;overall_total;1268
25/26;2026-04-26;Bowlinghaus Bamberg;tournament;Nordbayerische Meisterschaft;2;Zwischenlauf;Eric Gogala;46005;;0;182;0;1401;16;1302;overall_total;1401
25/26;2026-04-26;Bowlinghaus Bamberg;tournament;Nordbayerische Meisterschaft;2;Zwischenlauf;Franco Daniele Pirrotti;38188;;0;168;0;1184;67;1302;overall_total;1184
25/26;2026-04-26;Bowlinghaus Bamberg;tournament;Nordbayerische Meisterschaft;2;Zwischenlauf;Heiko Schütz;16894;;0;180;0;1220;60;1302;overall_total;1220
25/26;2026-04-26;Bowlinghaus Bamberg;tournament;Nordbayerische Meisterschaft;2;Zwischenlauf;Heiko Tontsch;38403;;0;167;0;1272;43;1302;overall_total;1272
25/26;2026-04-26;Bowlinghaus Bamberg;tournament;Nordbayerische Meisterschaft;2;Zwischenlauf;Horst Schön;16346;;0;202;0;1334;28;1302;overall_total;1334
25/26;2026-04-26;Bowlinghaus Bamberg;tournament;Nordbayerische Meisterschaft;2;Zwischenlauf;Joachim Hartmann;16214;;0;180;0;1228;56;1302;overall_total;1228
25/26;2026-04-26;Bowlinghaus Bamberg;tournament;Nordbayerische Meisterschaft;2;Zwischenlauf;Jochen Birkner;7937;;0;180;0;1400;18;1302;overall_total;1400
25/26;2026-04-26;Bowlinghaus Bamberg;tournament;Nordbayerische Meisterschaft;2;Zwischenlauf;Jonathan Nolan;16873;;0;201;0;1358;24;1302;overall_total;1358
25/26;2026-04-26;Bowlinghaus Bamberg;tournament;Nordbayerische Meisterschaft;2;Zwischenlauf;Jörg Woyscheszik;25350;;0;245;0;1415;15;1302;overall_total;1415
25/26;2026-04-26;Bowlinghaus Bamberg;tournament;Nordbayerische Meisterschaft;2;Zwischenlauf;Jürgen Harry Schmitt;7961;;0;177;0;1187;66;1302;overall_total;1187
25/26;2026-04-26;Bowlinghaus Bamberg;tournament;Nordbayerische Meisterschaft;2;Zwischenlauf;Jürgen Reichel;7772;;0;209;0;1294;37;1302;overall_total;1294
25/26;2026-04-26;Bowlinghaus Bamberg;tournament;Nordbayerische Meisterschaft;2;Zwischenlauf;Kai Bräutigam;38115;;0;216;0;1394;20;1302;overall_total;1394
25/26;2026-04-26;Bowlinghaus Bamberg;tournament;Nordbayerische Meisterschaft;2;Zwischenlauf;Maik Rößler;31583;;0;190;0;1275;42;1302;overall_total;1275
25/26;2026-04-26;Bowlinghaus Bamberg;tournament;Nordbayerische Meisterschaft;2;Zwischenlauf;Manfred Rupertinger;16641;;0;172;0;1215;62;1302;overall_total;1215
25/26;2026-04-26;Bowlinghaus Bamberg;tournament;Nordbayerische Meisterschaft;2;Zwischenlauf;Manfred Rupprecht;38640;;0;233;0;1302;36;1302;overall_total;1302
25/26;2026-04-26;Bowlinghaus Bamberg;tournament;Nordbayerische Meisterschaft;2;Zwischenlauf;Marc Schmidt;38734;;0;172;0;1279;40;1302;overall_total;1279
25/26;2026-04-26;Bowlinghaus Bamberg;tournament;Nordbayerische Meisterschaft;2;Zwischenlauf;Marcel Bassler;38774;;0;221;0;1426;13;1302;overall_total;1426
25/26;2026-04-26;Bowlinghaus Bamberg;tournament;Nordbayerische Meisterschaft;2;Zwischenlauf;Marco Eck;38240;;0;147;0;1276;41;1302;overall_total;1276
25/26;2026-04-26;Bowlinghaus Bamberg;tournament;Nordbayerische Meisterschaft;2;Zwischenlauf;Mario Burghardt;12248;;0;206;0;1368;22;1302;overall_total;1368
25/26;2026-04-26;Bowlinghaus Bamberg;tournament;Nordbayerische Meisterschaft;2;Zwischenlauf;Markus Brendel;38034;;0;157;0;1257;49;1302;overall_total;1257
25/26;2026-04-26;Bowlinghaus Bamberg;tournament;Nordbayerische Meisterschaft;2;Zwischenlauf;Markus Fischer;38237;;0;165;0;1284;39;1302;overall_total;1284
25/26;2026-04-26;Bowlinghaus Bamberg;tournament;Nordbayerische Meisterschaft;2;Zwischenlauf;Michael Gehring;38250;;0;181;0;1174;68;1302;overall_total;1174
25/26;2026-04-26;Bowlinghaus Bamberg;tournament;Nordbayerische Meisterschaft;2;Zwischenlauf;Michael Hoffmann;38982;;0;140;0;1135;71;1302;overall_total;1135
25/26;2026-04-26;Bowlinghaus Bamberg;tournament;Nordbayerische Meisterschaft;2;Zwischenlauf;Michael Rühl;38745;;0;188;0;1236;55;1302;overall_total;1236
25/26;2026-04-26;Bowlinghaus Bamberg;tournament;Nordbayerische Meisterschaft;2;Zwischenlauf;Nico Thomas;38134;;0;170;0;1291;38;1302;overall_total;1291
25/26;2026-04-26;Bowlinghaus Bamberg;tournament;Nordbayerische Meisterschaft;2;Zwischenlauf;Nicolas Hoffmann;38935;;0;223;0;1420;14;1302;overall_total;1420
25/26;2026-04-26;Bowlinghaus Bamberg;tournament;Nordbayerische Meisterschaft;2;Zwischenlauf;Niklas Weiske;25484;;0;186;0;1479;5;1302;overall_total;1479
25/26;2026-04-26;Bowlinghaus Bamberg;tournament;Nordbayerische Meisterschaft;2;Zwischenlauf;Patrick Freudl;16796;;0;223;0;1501;3;1302;overall_total;1501
25/26;2026-04-26;Bowlinghaus Bamberg;tournament;Nordbayerische Meisterschaft;2;Zwischenlauf;Patrick Hardt;16809;;0;233;0;1353;26;1302;overall_total;1353
25/26;2026-04-26;Bowlinghaus Bamberg;tournament;Nordbayerische Meisterschaft;2;Zwischenlauf;Patrick Stemmler;16495;;0;162;0;1269;45;1302;overall_total;1269
25/26;2026-04-26;Bowlinghaus Bamberg;tournament;Nordbayerische Meisterschaft;2;Zwischenlauf;Phi-Long Nguyen;46002;;0;195;0;1305;33;1302;overall_total;1305
25/26;2026-04-26;Bowlinghaus Bamberg;tournament;Nordbayerische Meisterschaft;2;Zwischenlauf;Reinhold Reißmann;16439;;0;210;0;1327;29;1302;overall_total;1327
25/26;2026-04-26;Bowlinghaus Bamberg;tournament;Nordbayerische Meisterschaft;2;Zwischenlauf;René Jurischka;38593;;0;234;0;1248;52;1302;overall_total;1248
25/26;2026-04-26;Bowlinghaus Bamberg;tournament;Nordbayerische Meisterschaft;2;Zwischenlauf;Richard Erhard;16224;;0;179;0;1218;61;1302;overall_total;1218
25/26;2026-04-26;Bowlinghaus Bamberg;tournament;Nordbayerische Meisterschaft;2;Zwischenlauf;Robert Kristof;10124;;0;192;0;1433;11;1302;overall_total;1433
25/26;2026-04-26;Bowlinghaus Bamberg;tournament;Nordbayerische Meisterschaft;2;Zwischenlauf;Roland Augsdörfer;38549;;0;224;0;1391;21;1302;overall_total;1391
25/26;2026-04-26;Bowlinghaus Bamberg;tournament;Nordbayerische Meisterschaft;2;Zwischenlauf;Sascha Popp;38981;;0;200;0;1304;35;1302;overall_total;1304
25/26;2026-04-26;Bowlinghaus Bamberg;tournament;Nordbayerische Meisterschaft;2;Zwischenlauf;Sebastian Gräfe;38687;;0;176;0;1357;25;1302;overall_total;1357
25/26;2026-04-26;Bowlinghaus Bamberg;tournament;Nordbayerische Meisterschaft;2;Zwischenlauf;Simon Bauer;16861;;0;138;0;1201;64;1302;overall_total;1201
25/26;2026-04-26;Bowlinghaus Bamberg;tournament;Nordbayerische Meisterschaft;2;Zwischenlauf;Steffen Birkner;25082;;0;267;0;1721;1;1302;overall_total;1721
25/26;2026-04-26;Bowlinghaus Bamberg;tournament;Nordbayerische Meisterschaft;2;Zwischenlauf;Stephan Ruffershöfer;16899;;0;148;0;1237;54;1302;overall_total;1237
25/26;2026-04-26;Bowlinghaus Bamberg;tournament;Nordbayerische Meisterschaft;2;Zwischenlauf;Stephan Stoll;10678;;0;173;0;1243;53;1302;overall_total;1243
25/26;2026-04-26;Bowlinghaus Bamberg;tournament;Nordbayerische Meisterschaft;2;Zwischenlauf;Thomas Hornung;25425;;0;162;0;1189;65;1302;overall_total;1189
25/26;2026-04-26;Bowlinghaus Bamberg;tournament;Nordbayerische Meisterschaft;2;Zwischenlauf;Thomas Moser;38907;;0;198;0;1345;27;1302;overall_total;1345
25/26;2026-04-26;Bowlinghaus Bamberg;tournament;Nordbayerische Meisterschaft;2;Zwischenlauf;Thomas Nikoleit;25516;;0;162;0;1304;34;1302;overall_total;1304
25/26;2026-04-26;Bowlinghaus Bamberg;tournament;Nordbayerische Meisterschaft;2;Zwischenlauf;Tim Olde Damink;25521;;0;178;0;1468;6;1302;overall_total;1468
25/26;2026-04-26;Bowlinghaus Bamberg;tournament;Nordbayerische Meisterschaft;2;Zwischenlauf;Tobias Derbfuss;38270;;0;179;0;1400;17;1302;overall_total;1400
25/26;2026-04-26;Bowlinghaus Bamberg;tournament;Nordbayerische Meisterschaft;2;Zwischenlauf;Tobias Franz;25638;;0;202;0;1327;30;1302;overall_total;1327
25/26;2026-04-26;Bowlinghaus Bamberg;tournament;Nordbayerische Meisterschaft;2;Zwischenlauf;Tobias Kramer;38885;;0;200;0;1313;31;1302;overall_total;1313
25/26;2026-04-26;Bowlinghaus Bamberg;tournament;Nordbayerische Meisterschaft;2;Zwischenlauf;Uwe Pukowski;25433;;0;181;0;1255;51;1302;overall_total;1255
25/26;2026-04-26;Bowlinghaus Bamberg;tournament;Nordbayerische Meisterschaft;2;Zwischenlauf;Uwe Sewald;38877;;0;140;0;1214;63;1302;overall_total;1214
25/26;2026-04-26;Bowlinghaus Bamberg;tournament;Nordbayerische Meisterschaft;2;Zwischenlauf;Winfried Goller;7722;;0;139;0;1267;47;1302;overall_total;1267
25/26;2026-04-26;Bowlinghaus Bamberg;tournament;Nordbayerische Meisterschaft;2;Zwischenlauf;Wolfgang Montag;16534;;0;225;0;1126;74;1302;overall_total;1126
25/26;2026-04-26;Bowlinghaus Bamberg;tournament;Nordbayerische Meisterschaft;2;Zwischenlauf;Alexander Schmidt;16292;;1;172;0;1567;20;1489;overall_total;1567
25/26;2026-04-26;Bowlinghaus Bamberg;tournament;Nordbayerische Meisterschaft;2;Zwischenlauf;Alexander Scholz;16352;;1;147;0;1418;51;1489;overall_total;1418
25/26;2026-04-26;Bowlinghaus Bamberg;tournament;Nordbayerische Meisterschaft;2;Zwischenlauf;Andreas Brendel;38033;;1;174;0;1482;38;1489;overall_total;1482
25/26;2026-04-26;Bowlinghaus Bamberg;tournament;Nordbayerische Meisterschaft;2;Zwischenlauf;Andreas Hernitschek;16386;;1;237;0;1739;2;1489;overall_total;1739
25/26;2026-04-26;Bowlinghaus Bamberg;tournament;Nordbayerische Meisterschaft;2;Zwischenlauf;Anton Uebelacker;16430;;1;144;0;1295;72;1489;overall_total;1295
25/26;2026-04-26;Bowlinghaus Bamberg;tournament;Nordbayerische Meisterschaft;2;Zwischenlauf;Arthur Schwertfeger;38005;;1;179;0;1405;53;1489;overall_total;1405
25/26;2026-04-26;Bowlinghaus Bamberg;tournament;Nordbayerische Meisterschaft;2;Zwischenlauf;Asterios Fourkiotis;25555;;1;173;0;1395;57;1489;overall_total;1395
25/26;2026-04-26;Bowlinghaus Bamberg;tournament;Nordbayerische Meisterschaft;2;Zwischenlauf;Bernd Matejat;16462;;1;173;0;1397;56;1489;overall_total;1397
25/26;2026-04-26;Bowlinghaus Bamberg;tournament;Nordbayerische Meisterschaft;2;Zwischenlauf;Blasius Stibel;7849;;1;164;0;1430;49;1489;overall_total;1430
25/26;2026-04-26;Bowlinghaus Bamberg;tournament;Nordbayerische Meisterschaft;2;Zwischenlauf;Bodo Konieczny;18802;;1;216;0;1654;6;1489;overall_total;1654
25/26;2026-04-26;Bowlinghaus Bamberg;tournament;Nordbayerische Meisterschaft;2;Zwischenlauf;Christian Feller;16007;;1;191;0;1635;12;1489;overall_total;1635
25/26;2026-04-26;Bowlinghaus Bamberg;tournament;Nordbayerische Meisterschaft;2;Zwischenlauf;Christian Lechner;25064;;1;217;0;1472;40;1489;overall_total;1472
25/26;2026-04-26;Bowlinghaus Bamberg;tournament;Nordbayerische Meisterschaft;2;Zwischenlauf;Christian Schlegl;38554;;1;193;0;1348;67;1489;overall_total;1348
25/26;2026-04-26;Bowlinghaus Bamberg;tournament;Nordbayerische Meisterschaft;2;Zwischenlauf;Christian Schuster;7723;;1;219;0;1707;4;1489;overall_total;1707
25/26;2026-04-26;Bowlinghaus Bamberg;tournament;Nordbayerische Meisterschaft;2;Zwischenlauf;Daniel Alexander;16443;;1;182;0;1644;9;1489;overall_total;1644
25/26;2026-04-26;Bowlinghaus Bamberg;tournament;Nordbayerische Meisterschaft;2;Zwischenlauf;Daniel Badum;38043;;1;174;0;1540;25;1489;overall_total;1540
25/26;2026-04-26;Bowlinghaus Bamberg;tournament;Nordbayerische Meisterschaft;2;Zwischenlauf;Daniel Schwank;16215;;1;159;0;1589;18;1489;overall_total;1589
25/26;2026-04-26;Bowlinghaus Bamberg;tournament;Nordbayerische Meisterschaft;2;Zwischenlauf;Dieter Schuster;7721;;1;214;0;1651;8;1489;overall_total;1651
25/26;2026-04-26;Bowlinghaus Bamberg;tournament;Nordbayerische Meisterschaft;2;Zwischenlauf;Enno Jackwerth;16263;;1;183;0;1451;44;1489;overall_total;1451
25/26;2026-04-26;Bowlinghaus Bamberg;tournament;Nordbayerische Meisterschaft;2;Zwischenlauf;Eric Gogala;46005;;1;204;0;1605;15;1489;overall_total;1605
25/26;2026-04-26;Bowlinghaus Bamberg;tournament;Nordbayerische Meisterschaft;2;Zwischenlauf;Franco Daniele Pirrotti;38188;;1;144;0;1328;70;1489;overall_total;1328
25/26;2026-04-26;Bowlinghaus Bamberg;tournament;Nordbayerische Meisterschaft;2;Zwischenlauf;Heiko Schütz;16894;;1;160;0;1380;61;1489;overall_total;1380
25/26;2026-04-26;Bowlinghaus Bamberg;tournament;Nordbayerische Meisterschaft;2;Zwischenlauf;Heiko Tontsch;38403;;1;163;0;1435;48;1489;overall_total;1435
25/26;2026-04-26;Bowlinghaus Bamberg;tournament;Nordbayerische Meisterschaft;2;Zwischenlauf;Horst Schön;16346;;1;231;0;1565;22;1489;overall_total;1565
25/26;2026-04-26;Bowlinghaus Bamberg;tournament;Nordbayerische Meisterschaft;2;Zwischenlauf;Joachim Hartmann;16214;;1;159;0;1387;58;1489;overall_total;1387
25/26;2026-04-26;Bowlinghaus Bamberg;tournament;Nordbayerische Meisterschaft;2;Zwischenlauf;Jochen Birkner;7937;;1;190;0;1590;17;1489;overall_total;1590
25/26;2026-04-26;Bowlinghaus Bamberg;tournament;Nordbayerische Meisterschaft;2;Zwischenlauf;Jonathan Nolan;16873;;1;209;0;1567;21;1489;overall_total;1567
25/26;2026-04-26;Bowlinghaus Bamberg;tournament;Nordbayerische Meisterschaft;2;Zwischenlauf;Jörg Woyscheszik;25350;;1;205;0;1620;14;1489;overall_total;1620
25/26;2026-04-26;Bowlinghaus Bamberg;tournament;Nordbayerische Meisterschaft;2;Zwischenlauf;Jürgen Harry Schmitt;7961;;1;169;0;1356;65;1489;overall_total;1356
25/26;2026-04-26;Bowlinghaus Bamberg;tournament;Nordbayerische Meisterschaft;2;Zwischenlauf;Jürgen Reichel;7772;;1;195;0;1489;36;1489;overall_total;1489
25/26;2026-04-26;Bowlinghaus Bamberg;tournament;Nordbayerische Meisterschaft;2;Zwischenlauf;Kai Bräutigam;38115;;1;170;0;1564;23;1489;overall_total;1564
25/26;2026-04-26;Bowlinghaus Bamberg;tournament;Nordbayerische Meisterschaft;2;Zwischenlauf;Maik Rößler;31583;;1;170;0;1445;46;1489;overall_total;1445
25/26;2026-04-26;Bowlinghaus Bamberg;tournament;Nordbayerische Meisterschaft;2;Zwischenlauf;Manfred Rupertinger;16641;;1;146;0;1361;64;1489;overall_total;1361
25/26;2026-04-26;Bowlinghaus Bamberg;tournament;Nordbayerische Meisterschaft;2;Zwischenlauf;Manfred Rupprecht;38640;;1;213;0;1515;29;1489;overall_total;1515
25/26;2026-04-26;Bowlinghaus Bamberg;tournament;Nordbayerische Meisterschaft;2;Zwischenlauf;Marc Schmidt;38734;;1;173;0;1452;43;1489;overall_total;1452
25/26;2026-04-26;Bowlinghaus Bamberg;tournament;Nordbayerische Meisterschaft;2;Zwischenlauf;Marcel Bassler;38774;;1;176;0;1602;16;1489;overall_total;1602
25/26;2026-04-26;Bowlinghaus Bamberg;tournament;Nordbayerische Meisterschaft;2;Zwischenlauf;Marco Eck;38240;;1;200;0;1476;39;1489;overall_total;1476
25/26;2026-04-26;Bowlinghaus Bamberg;tournament;Nordbayerische Meisterschaft;2;Zwischenlauf;Mario Burghardt;12248;;1;158;0;1526;27;1489;overall_total;1526
25/26;2026-04-26;Bowlinghaus Bamberg;tournament;Nordbayerische Meisterschaft;2;Zwischenlauf;Markus Brendel;38034;;1;182;0;1439;47;1489;overall_total;1439
25/26;2026-04-26;Bowlinghaus Bamberg;tournament;Nordbayerische Meisterschaft;2;Zwischenlauf;Markus Fischer;38237;;1;166;0;1450;45;1489;overall_total;1450
25/26;2026-04-26;Bowlinghaus Bamberg;tournament;Nordbayerische Meisterschaft;2;Zwischenlauf;Michael Gehring;38250;;1;167;0;1341;69;1489;overall_total;1341
25/26;2026-04-26;Bowlinghaus Bamberg;tournament;Nordbayerische Meisterschaft;2;Zwischenlauf;Michael Hoffmann;38982;;1;212;0;1347;68;1489;overall_total;1347
25/26;2026-04-26;Bowlinghaus Bamberg;tournament;Nordbayerische Meisterschaft;2;Zwischenlauf;Michael Rühl;38745;;1;167;0;1403;54;1489;overall_total;1403
25/26;2026-04-26;Bowlinghaus Bamberg;tournament;Nordbayerische Meisterschaft;2;Zwischenlauf;Nico Thomas;38134;;1;180;0;1471;41;1489;overall_total;1471
25/26;2026-04-26;Bowlinghaus Bamberg;tournament;Nordbayerische Meisterschaft;2;Zwischenlauf;Nicolas Hoffmann;38935;;1;212;0;1632;13;1489;overall_total;1632
25/26;2026-04-26;Bowlinghaus Bamberg;tournament;Nordbayerische Meisterschaft;2;Zwischenlauf;Niklas Weiske;25484;;1;201;0;1680;5;1489;overall_total;1680
25/26;2026-04-26;Bowlinghaus Bamberg;tournament;Nordbayerische Meisterschaft;2;Zwischenlauf;Patrick Freudl;16796;;1;225;0;1726;3;1489;overall_total;1726
25/26;2026-04-26;Bowlinghaus Bamberg;tournament;Nordbayerische Meisterschaft;2;Zwischenlauf;Patrick Hardt;16809;;1;192;0;1545;24;1489;overall_total;1545
25/26;2026-04-26;Bowlinghaus Bamberg;tournament;Nordbayerische Meisterschaft;2;Zwischenlauf;Patrick Stemmler;16495;;1;197;0;1466;42;1489;overall_total;1466
25/26;2026-04-26;Bowlinghaus Bamberg;tournament;Nordbayerische Meisterschaft;2;Zwischenlauf;Phi-Long Nguyen;46002;;1;179;0;1484;37;1489;overall_total;1484
25/26;2026-04-26;Bowlinghaus Bamberg;tournament;Nordbayerische Meisterschaft;2;Zwischenlauf;Reinhold Reißmann;16439;;1;168;0;1495;31;1489;overall_total;1495
25/26;2026-04-26;Bowlinghaus Bamberg;tournament;Nordbayerische Meisterschaft;2;Zwischenlauf;René Jurischka;38593;;1;168;0;1416;52;1489;overall_total;1416
25/26;2026-04-26;Bowlinghaus Bamberg;tournament;Nordbayerische Meisterschaft;2;Zwischenlauf;Richard Erhard;16224;;1;166;0;1384;59;1489;overall_total;1384
25/26;2026-04-26;Bowlinghaus Bamberg;tournament;Nordbayerische Meisterschaft;2;Zwischenlauf;Robert Kristof;10124;;1;206;0;1639;10;1489;overall_total;1639
25/26;2026-04-26;Bowlinghaus Bamberg;tournament;Nordbayerische Meisterschaft;2;Zwischenlauf;Roland Augsdörfer;38549;;1;190;0;1581;19;1489;overall_total;1581
25/26;2026-04-26;Bowlinghaus Bamberg;tournament;Nordbayerische Meisterschaft;2;Zwischenlauf;Sascha Popp;38981;;1;205;0;1509;30;1489;overall_total;1509
25/26;2026-04-26;Bowlinghaus Bamberg;tournament;Nordbayerische Meisterschaft;2;Zwischenlauf;Sebastian Gräfe;38687;;1;182;0;1539;26;1489;overall_total;1539
25/26;2026-04-26;Bowlinghaus Bamberg;tournament;Nordbayerische Meisterschaft;2;Zwischenlauf;Simon Bauer;16861;;1;174;0;1375;63;1489;overall_total;1375
25/26;2026-04-26;Bowlinghaus Bamberg;tournament;Nordbayerische Meisterschaft;2;Zwischenlauf;Steffen Birkner;25082;;1;248;0;1969;1;1489;overall_total;1969
25/26;2026-04-26;Bowlinghaus Bamberg;tournament;Nordbayerische Meisterschaft;2;Zwischenlauf;Stephan Ruffershöfer;16899;;1;139;0;1376;62;1489;overall_total;1376
25/26;2026-04-26;Bowlinghaus Bamberg;tournament;Nordbayerische Meisterschaft;2;Zwischenlauf;Stephan Stoll;10678;;1;159;0;1402;55;1489;overall_total;1402
25/26;2026-04-26;Bowlinghaus Bamberg;tournament;Nordbayerische Meisterschaft;2;Zwischenlauf;Thomas Hornung;25425;;1;159;0;1348;66;1489;overall_total;1348
25/26;2026-04-26;Bowlinghaus Bamberg;tournament;Nordbayerische Meisterschaft;2;Zwischenlauf;Thomas Moser;38907;;1;178;0;1523;28;1489;overall_total;1523
25/26;2026-04-26;Bowlinghaus Bamberg;tournament;Nordbayerische Meisterschaft;2;Zwischenlauf;Thomas Nikoleit;25516;;1;189;0;1493;32;1489;overall_total;1493
25/26;2026-04-26;Bowlinghaus Bamberg;tournament;Nordbayerische Meisterschaft;2;Zwischenlauf;Tim Olde Damink;25521;;1;186;0;1654;7;1489;overall_total;1654
25/26;2026-04-26;Bowlinghaus Bamberg;tournament;Nordbayerische Meisterschaft;2;Zwischenlauf;Tobias Derbfuss;38270;;1;236;0;1636;11;1489;overall_total;1636
25/26;2026-04-26;Bowlinghaus Bamberg;tournament;Nordbayerische Meisterschaft;2;Zwischenlauf;Tobias Franz;25638;;1;166;0;1493;33;1489;overall_total;1493
25/26;2026-04-26;Bowlinghaus Bamberg;tournament;Nordbayerische Meisterschaft;2;Zwischenlauf;Tobias Kramer;38885;;1;180;0;1493;34;1489;overall_total;1493
25/26;2026-04-26;Bowlinghaus Bamberg;tournament;Nordbayerische Meisterschaft;2;Zwischenlauf;Uwe Pukowski;25433;;1;172;0;1427;50;1489;overall_total;1427
25/26;2026-04-26;Bowlinghaus Bamberg;tournament;Nordbayerische Meisterschaft;2;Zwischenlauf;Uwe Sewald;38877;;1;170;0;1384;60;1489;overall_total;1384
25/26;2026-04-26;Bowlinghaus Bamberg;tournament;Nordbayerische Meisterschaft;2;Zwischenlauf;Winfried Goller;7722;;1;224;0;1491;35;1489;overall_total;1491
25/26;2026-04-26;Bowlinghaus Bamberg;tournament;Nordbayerische Meisterschaft;2;Zwischenlauf;Wolfgang Montag;16534;;1;196;0;1322;71;1489;overall_total;1322
25/26;2026-04-26;Bowlinghaus Bamberg;tournament;Nordbayerische Meisterschaft;2;Zwischenlauf;Alexander Schmidt;16292;;2;180;0;1747;21;1667;overall_total;1747
25/26;2026-04-26;Bowlinghaus Bamberg;tournament;Nordbayerische Meisterschaft;2;Zwischenlauf;Alexander Scholz;16352;;2;199;0;1617;50;1667;overall_total;1617
25/26;2026-04-26;Bowlinghaus Bamberg;tournament;Nordbayerische Meisterschaft;2;Zwischenlauf;Andreas Brendel;38033;;2;170;0;1652;41;1667;overall_total;1652
25/26;2026-04-26;Bowlinghaus Bamberg;tournament;Nordbayerische Meisterschaft;2;Zwischenlauf;Andreas Hernitschek;16386;;2;183;0;1922;2;1667;overall_total;1922
25/26;2026-04-26;Bowlinghaus Bamberg;tournament;Nordbayerische Meisterschaft;2;Zwischenlauf;Anton Uebelacker;16430;;2;166;0;1461;72;1667;overall_total;1461
25/26;2026-04-26;Bowlinghaus Bamberg;tournament;Nordbayerische Meisterschaft;2;Zwischenlauf;Arthur Schwertfeger;38005;;2;193;0;1598;55;1667;overall_total;1598
25/26;2026-04-26;Bowlinghaus Bamberg;tournament;Nordbayerische Meisterschaft;2;Zwischenlauf;Asterios Fourkiotis;25555;;2;236;0;1631;46;1667;overall_total;1631
25/26;2026-04-26;Bowlinghaus Bamberg;tournament;Nordbayerische Meisterschaft;2;Zwischenlauf;Bernd Matejat;16462;;2;185;0;1582;57;1667;overall_total;1582
25/26;2026-04-26;Bowlinghaus Bamberg;tournament;Nordbayerische Meisterschaft;2;Zwischenlauf;Blasius Stibel;7849;;2;182;0;1612;51;1667;overall_total;1612
25/26;2026-04-26;Bowlinghaus Bamberg;tournament;Nordbayerische Meisterschaft;2;Zwischenlauf;Bodo Konieczny;18802;;2;191;0;1845;8;1667;overall_total;1845
25/26;2026-04-26;Bowlinghaus Bamberg;tournament;Nordbayerische Meisterschaft;2;Zwischenlauf;Christian Feller;16007;;2;171;0;1806;12;1667;overall_total;1806
25/26;2026-04-26;Bowlinghaus Bamberg;tournament;Nordbayerische Meisterschaft;2;Zwischenlauf;Christian Lechner;25064;;2;220;0;1692;31;1667;overall_total;1692
25/26;2026-04-26;Bowlinghaus Bamberg;tournament;Nordbayerische Meisterschaft;2;Zwischenlauf;Christian Schlegl;38554;;2;174;0;1522;64;1667;overall_total;1522
25/26;2026-04-26;Bowlinghaus Bamberg;tournament;Nordbayerische Meisterschaft;2;Zwischenlauf;Christian Schuster;7723;;2;165;0;1872;5;1667;overall_total;1872
25/26;2026-04-26;Bowlinghaus Bamberg;tournament;Nordbayerische Meisterschaft;2;Zwischenlauf;Daniel Alexander;16443;;2;159;0;1803;14;1667;overall_total;1803
25/26;2026-04-26;Bowlinghaus Bamberg;tournament;Nordbayerische Meisterschaft;2;Zwischenlauf;Daniel Badum;38043;;2;192;0;1732;24;1667;overall_total;1732
25/26;2026-04-26;Bowlinghaus Bamberg;tournament;Nordbayerische Meisterschaft;2;Zwischenlauf;Daniel Schwank;16215;;2;144;0;1733;23;1667;overall_total;1733
25/26;2026-04-26;Bowlinghaus Bamberg;tournament;Nordbayerische Meisterschaft;2;Zwischenlauf;Dieter Schuster;7721;;2;171;0;1822;10;1667;overall_total;1822
25/26;2026-04-26;Bowlinghaus Bamberg;tournament;Nordbayerische Meisterschaft;2;Zwischenlauf;Enno Jackwerth;16263;;2;166;0;1617;49;1667;overall_total;1617
25/26;2026-04-26;Bowlinghaus Bamberg;tournament;Nordbayerische Meisterschaft;2;Zwischenlauf;Eric Gogala;46005;;2;287;0;1892;4;1667;overall_total;1892
25/26;2026-04-26;Bowlinghaus Bamberg;tournament;Nordbayerische Meisterschaft;2;Zwischenlauf;Franco Daniele Pirrotti;38188;;2;148;0;1476;70;1667;overall_total;1476
25/26;2026-04-26;Bowlinghaus Bamberg;tournament;Nordbayerische Meisterschaft;2;Zwischenlauf;Heiko Schütz;16894;;2;214;0;1594;56;1667;overall_total;1594
25/26;2026-04-26;Bowlinghaus Bamberg;tournament;Nordbayerische Meisterschaft;2;Zwischenlauf;Heiko Tontsch;38403;;2;175;0;1610;52;1667;overall_total;1610
25/26;2026-04-26;Bowlinghaus Bamberg;tournament;Nordbayerische Meisterschaft;2;Zwischenlauf;Horst Schön;16346;;2;163;0;1728;25;1667;overall_total;1728
25/26;2026-04-26;Bowlinghaus Bamberg;tournament;Nordbayerische Meisterschaft;2;Zwischenlauf;Joachim Hartmann;16214;;2;156;0;1543;62;1667;overall_total;1543
25/26;2026-04-26;Bowlinghaus Bamberg;tournament;Nordbayerische Meisterschaft;2;Zwischenlauf;Jochen Birkner;7937;;2;161;0;1751;19;1667;overall_total;1751
25/26;2026-04-26;Bowlinghaus Bamberg;tournament;Nordbayerische Meisterschaft;2;Zwischenlauf;Jonathan Nolan;16873;;2;241;0;1808;11;1667;overall_total;1808
25/26;2026-04-26;Bowlinghaus Bamberg;tournament;Nordbayerische Meisterschaft;2;Zwischenlauf;Jörg Woyscheszik;25350;;2;155;0;1775;18;1667;overall_total;1775
25/26;2026-04-26;Bowlinghaus Bamberg;tournament;Nordbayerische Meisterschaft;2;Zwischenlauf;Jürgen Harry Schmitt;7961;;2;166;0;1522;65;1667;overall_total;1522
25/26;2026-04-26;Bowlinghaus Bamberg;tournament;Nordbayerische Meisterschaft;2;Zwischenlauf;Jürgen Reichel;7772;;2;191;0;1680;33;1667;overall_total;1680
25/26;2026-04-26;Bowlinghaus Bamberg;tournament;Nordbayerische Meisterschaft;2;Zwischenlauf;Kai Bräutigam;38115;;2;223;0;1787;16;1667;overall_total;1787
25/26;2026-04-26;Bowlinghaus Bamberg;tournament;Nordbayerische Meisterschaft;2;Zwischenlauf;Maik Rößler;31583;;2;204;0;1649;42;1667;overall_total;1649
25/26;2026-04-26;Bowlinghaus Bamberg;tournament;Nordbayerische Meisterschaft;2;Zwischenlauf;Manfred Rupertinger;16641;;2;171;0;1532;63;1667;overall_total;1532
25/26;2026-04-26;Bowlinghaus Bamberg;tournament;Nordbayerische Meisterschaft;2;Zwischenlauf;Manfred Rupprecht;38640;;2;163;0;1678;34;1667;overall_total;1678
25/26;2026-04-26;Bowlinghaus Bamberg;tournament;Nordbayerische Meisterschaft;2;Zwischenlauf;Marc Schmidt;38734;;2;212;0;1664;37;1667;overall_total;1664
25/26;2026-04-26;Bowlinghaus Bamberg;tournament;Nordbayerische Meisterschaft;2;Zwischenlauf;Marcel Bassler;38774;;2;148;0;1750;20;1667;overall_total;1750
25/26;2026-04-26;Bowlinghaus Bamberg;tournament;Nordbayerische Meisterschaft;2;Zwischenlauf;Marco Eck;38240;;2;193;0;1669;35;1667;overall_total;1669
25/26;2026-04-26;Bowlinghaus Bamberg;tournament;Nordbayerische Meisterschaft;2;Zwischenlauf;Mario Burghardt;12248;;2;180;0;1706;29;1667;overall_total;1706
25/26;2026-04-26;Bowlinghaus Bamberg;tournament;Nordbayerische Meisterschaft;2;Zwischenlauf;Markus Brendel;38034;;2;222;0;1661;38;1667;overall_total;1661
25/26;2026-04-26;Bowlinghaus Bamberg;tournament;Nordbayerische Meisterschaft;2;Zwischenlauf;Markus Fischer;38237;;2;193;0;1643;43;1667;overall_total;1643
25/26;2026-04-26;Bowlinghaus Bamberg;tournament;Nordbayerische Meisterschaft;2;Zwischenlauf;Michael Gehring;38250;;2;154;0;1495;69;1667;overall_total;1495
25/26;2026-04-26;Bowlinghaus Bamberg;tournament;Nordbayerische Meisterschaft;2;Zwischenlauf;Michael Hoffmann;38982;;2;149;0;1496;68;1667;overall_total;1496
25/26;2026-04-26;Bowlinghaus Bamberg;tournament;Nordbayerische Meisterschaft;2;Zwischenlauf;Michael Rühl;38745;;2;225;0;1628;47;1667;overall_total;1628
25/26;2026-04-26;Bowlinghaus Bamberg;tournament;Nordbayerische Meisterschaft;2;Zwischenlauf;Nico Thomas;38134;;2;196;0;1667;36;1667;overall_total;1667
25/26;2026-04-26;Bowlinghaus Bamberg;tournament;Nordbayerische Meisterschaft;2;Zwischenlauf;Nicolas Hoffmann;38935;;2;156;0;1788;15;1667;overall_total;1788
25/26;2026-04-26;Bowlinghaus Bamberg;tournament;Nordbayerische Meisterschaft;2;Zwischenlauf;Niklas Weiske;25484;;2;220;0;1900;3;1667;overall_total;1900
25/26;2026-04-26;Bowlinghaus Bamberg;tournament;Nordbayerische Meisterschaft;2;Zwischenlauf;Patrick Freudl;16796;;2;143;0;1869;6;1667;overall_total;1869
25/26;2026-04-26;Bowlinghaus Bamberg;tournament;Nordbayerische Meisterschaft;2;Zwischenlauf;Patrick Hardt;16809;;2;202;0;1747;22;1667;overall_total;1747
25/26;2026-04-26;Bowlinghaus Bamberg;tournament;Nordbayerische Meisterschaft;2;Zwischenlauf;Patrick Stemmler;16495;;2;175;0;1641;44;1667;overall_total;1641
25/26;2026-04-26;Bowlinghaus Bamberg;tournament;Nordbayerische Meisterschaft;2;Zwischenlauf;Phi-Long Nguyen;46002;;2;137;0;1621;48;1667;overall_total;1621
25/26;2026-04-26;Bowlinghaus Bamberg;tournament;Nordbayerische Meisterschaft;2;Zwischenlauf;Reinhold Reißmann;16439;;2;157;0;1652;40;1667;overall_total;1652
25/26;2026-04-26;Bowlinghaus Bamberg;tournament;Nordbayerische Meisterschaft;2;Zwischenlauf;René Jurischka;38593;;2;133;0;1549;61;1667;overall_total;1549
25/26;2026-04-26;Bowlinghaus Bamberg;tournament;Nordbayerische Meisterschaft;2;Zwischenlauf;Richard Erhard;16224;;2;126;0;1510;66;1667;overall_total;1510
25/26;2026-04-26;Bowlinghaus Bamberg;tournament;Nordbayerische Meisterschaft;2;Zwischenlauf;Robert Kristof;10124;;2;218;0;1857;7;1667;overall_total;1857
25/26;2026-04-26;Bowlinghaus Bamberg;tournament;Nordbayerische Meisterschaft;2;Zwischenlauf;Roland Augsdörfer;38549;;2;195;0;1776;17;1667;overall_total;1776
25/26;2026-04-26;Bowlinghaus Bamberg;tournament;Nordbayerische Meisterschaft;2;Zwischenlauf;Sascha Popp;38981;;2;210;0;1719;28;1667;overall_total;1719
25/26;2026-04-26;Bowlinghaus Bamberg;tournament;Nordbayerische Meisterschaft;2;Zwischenlauf;Sebastian Gräfe;38687;;2;181;0;1720;27;1667;overall_total;1720
25/26;2026-04-26;Bowlinghaus Bamberg;tournament;Nordbayerische Meisterschaft;2;Zwischenlauf;Simon Bauer;16861;;2;183;0;1558;60;1667;overall_total;1558
25/26;2026-04-26;Bowlinghaus Bamberg;tournament;Nordbayerische Meisterschaft;2;Zwischenlauf;Steffen Birkner;25082;;2;185;0;2154;1;1667;overall_total;2154
25/26;2026-04-26;Bowlinghaus Bamberg;tournament;Nordbayerische Meisterschaft;2;Zwischenlauf;Stephan Ruffershöfer;16899;;2;223;0;1599;54;1667;overall_total;1599
25/26;2026-04-26;Bowlinghaus Bamberg;tournament;Nordbayerische Meisterschaft;2;Zwischenlauf;Stephan Stoll;10678;;2;174;0;1576;59;1667;overall_total;1576
25/26;2026-04-26;Bowlinghaus Bamberg;tournament;Nordbayerische Meisterschaft;2;Zwischenlauf;Thomas Hornung;25425;;2;115;0;1463;71;1667;overall_total;1463
25/26;2026-04-26;Bowlinghaus Bamberg;tournament;Nordbayerische Meisterschaft;2;Zwischenlauf;Thomas Moser;38907;;2;200;0;1723;26;1667;overall_total;1723
25/26;2026-04-26;Bowlinghaus Bamberg;tournament;Nordbayerische Meisterschaft;2;Zwischenlauf;Thomas Nikoleit;25516;;2;142;0;1635;45;1667;overall_total;1635
25/26;2026-04-26;Bowlinghaus Bamberg;tournament;Nordbayerische Meisterschaft;2;Zwischenlauf;Tim Olde Damink;25521;;2;191;0;1845;9;1667;overall_total;1845
25/26;2026-04-26;Bowlinghaus Bamberg;tournament;Nordbayerische Meisterschaft;2;Zwischenlauf;Tobias Derbfuss;38270;;2;170;0;1806;13;1667;overall_total;1806
25/26;2026-04-26;Bowlinghaus Bamberg;tournament;Nordbayerische Meisterschaft;2;Zwischenlauf;Tobias Franz;25638;;2;166;0;1659;39;1667;overall_total;1659
25/26;2026-04-26;Bowlinghaus Bamberg;tournament;Nordbayerische Meisterschaft;2;Zwischenlauf;Tobias Kramer;38885;;2;208;0;1701;30;1667;overall_total;1701
25/26;2026-04-26;Bowlinghaus Bamberg;tournament;Nordbayerische Meisterschaft;2;Zwischenlauf;Uwe Pukowski;25433;;2;181;0;1608;53;1667;overall_total;1608
25/26;2026-04-26;Bowlinghaus Bamberg;tournament;Nordbayerische Meisterschaft;2;Zwischenlauf;Uwe Sewald;38877;;2;195;0;1579;58;1667;overall_total;1579
25/26;2026-04-26;Bowlinghaus Bamberg;tournament;Nordbayerische Meisterschaft;2;Zwischenlauf;Winfried Goller;7722;;2;191;0;1682;32;1667;overall_total;1682
25/26;2026-04-26;Bowlinghaus Bamberg;tournament;Nordbayerische Meisterschaft;2;Zwischenlauf;Wolfgang Montag;16534;;2;175;0;1497;67;1667;overall_total;1497
25/26;2026-04-26;Bowlinghaus Bamberg;tournament;Nordbayerische Meisterschaft;2;Zwischenlauf;Alexander Schmidt;16292;;3;182;0;1929;23;1850;overall_total;1929
25/26;2026-04-26;Bowlinghaus Bamberg;tournament;Nordbayerische Meisterschaft;2;Zwischenlauf;Alexander Scholz;16352;;3;195;0;1812;48;1850;overall_total;1812
25/26;2026-04-26;Bowlinghaus Bamberg;tournament;Nordbayerische Meisterschaft;2;Zwischenlauf;Andreas Brendel;38033;;3;160;0;1812;49;1850;overall_total;1812
25/26;2026-04-26;Bowlinghaus Bamberg;tournament;Nordbayerische Meisterschaft;2;Zwischenlauf;Andreas Hernitschek;16386;;3;214;0;2136;2;1850;overall_total;2136
25/26;2026-04-26;Bowlinghaus Bamberg;tournament;Nordbayerische Meisterschaft;2;Zwischenlauf;Anton Uebelacker;16430;;3;210;0;1671;69;1850;overall_total;1671
25/26;2026-04-26;Bowlinghaus Bamberg;tournament;Nordbayerische Meisterschaft;2;Zwischenlauf;Arthur Schwertfeger;38005;;3;226;0;1824;44;1850;overall_total;1824
25/26;2026-04-26;Bowlinghaus Bamberg;tournament;Nordbayerische Meisterschaft;2;Zwischenlauf;Asterios Fourkiotis;25555;;3;183;0;1814;46;1850;overall_total;1814
25/26;2026-04-26;Bowlinghaus Bamberg;tournament;Nordbayerische Meisterschaft;2;Zwischenlauf;Bernd Matejat;16462;;3;167;0;1749;56;1850;overall_total;1749
25/26;2026-04-26;Bowlinghaus Bamberg;tournament;Nordbayerische Meisterschaft;2;Zwischenlauf;Blasius Stibel;7849;;3;167;0;1779;53;1850;overall_total;1779
25/26;2026-04-26;Bowlinghaus Bamberg;tournament;Nordbayerische Meisterschaft;2;Zwischenlauf;Bodo Konieczny;18802;;3;234;0;2079;5;1850;overall_total;2079
25/26;2026-04-26;Bowlinghaus Bamberg;tournament;Nordbayerische Meisterschaft;2;Zwischenlauf;Christian Feller;16007;;3;179;0;1985;16;1850;overall_total;1985
25/26;2026-04-26;Bowlinghaus Bamberg;tournament;Nordbayerische Meisterschaft;2;Zwischenlauf;Christian Lechner;25064;;3;196;0;1888;28;1850;overall_total;1888
25/26;2026-04-26;Bowlinghaus Bamberg;tournament;Nordbayerische Meisterschaft;2;Zwischenlauf;Christian Schlegl;38554;;3;191;0;1713;61;1850;overall_total;1713
25/26;2026-04-26;Bowlinghaus Bamberg;tournament;Nordbayerische Meisterschaft;2;Zwischenlauf;Christian Schuster;7723;;3;194;0;2066;7;1850;overall_total;2066
25/26;2026-04-26;Bowlinghaus Bamberg;tournament;Nordbayerische Meisterschaft;2;Zwischenlauf;Daniel Alexander;16443;;3;189;0;1992;12;1850;overall_total;1992
25/26;2026-04-26;Bowlinghaus Bamberg;tournament;Nordbayerische Meisterschaft;2;Zwischenlauf;Daniel Badum;38043;;3;223;0;1955;20;1850;overall_total;1955
25/26;2026-04-26;Bowlinghaus Bamberg;tournament;Nordbayerische Meisterschaft;2;Zwischenlauf;Daniel Schwank;16215;;3;167;0;1900;27;1850;overall_total;1900
25/26;2026-04-26;Bowlinghaus Bamberg;tournament;Nordbayerische Meisterschaft;2;Zwischenlauf;Dieter Schuster;7721;;3;172;0;1994;11;1850;overall_total;1994
25/26;2026-04-26;Bowlinghaus Bamberg;tournament;Nordbayerische Meisterschaft;2;Zwischenlauf;Enno Jackwerth;16263;;3;224;0;1841;39;1850;overall_total;1841
25/26;2026-04-26;Bowlinghaus Bamberg;tournament;Nordbayerische Meisterschaft;2;Zwischenlauf;Eric Gogala;46005;;3;236;0;2128;3;1850;overall_total;2128
25/26;2026-04-26;Bowlinghaus Bamberg;tournament;Nordbayerische Meisterschaft;2;Zwischenlauf;Franco Daniele Pirrotti;38188;;3;181;0;1657;70;1850;overall_total;1657
25/26;2026-04-26;Bowlinghaus Bamberg;tournament;Nordbayerische Meisterschaft;2;Zwischenlauf;Heiko Schütz;16894;;3;183;0;1777;54;1850;overall_total;1777
25/26;2026-04-26;Bowlinghaus Bamberg;tournament;Nordbayerische Meisterschaft;2;Zwischenlauf;Heiko Tontsch;38403;;3;204;0;1814;47;1850;overall_total;1814
25/26;2026-04-26;Bowlinghaus Bamberg;tournament;Nordbayerische Meisterschaft;2;Zwischenlauf;Horst Schön;16346;;3;188;0;1916;26;1850;overall_total;1916
25/26;2026-04-26;Bowlinghaus Bamberg;tournament;Nordbayerische Meisterschaft;2;Zwischenlauf;Joachim Hartmann;16214;;3;135;0;1678;67;1850;overall_total;1678
25/26;2026-04-26;Bowlinghaus Bamberg;tournament;Nordbayerische Meisterschaft;2;Zwischenlauf;Jochen Birkner;7937;;3;237;0;1988;14;1850;overall_total;1988
25/26;2026-04-26;Bowlinghaus Bamberg;tournament;Nordbayerische Meisterschaft;2;Zwischenlauf;Jonathan Nolan;16873;;3;172;0;1980;17;1850;overall_total;1980
25/26;2026-04-26;Bowlinghaus Bamberg;tournament;Nordbayerische Meisterschaft;2;Zwischenlauf;Jörg Woyscheszik;25350;;3;201;0;1976;18;1850;overall_total;1976
25/26;2026-04-26;Bowlinghaus Bamberg;tournament;Nordbayerische Meisterschaft;2;Zwischenlauf;Jürgen Harry Schmitt;7961;;3;176;0;1698;63;1850;overall_total;1698
25/26;2026-04-26;Bowlinghaus Bamberg;tournament;Nordbayerische Meisterschaft;2;Zwischenlauf;Jürgen Reichel;7772;;3;193;0;1873;33;1850;overall_total;1873
25/26;2026-04-26;Bowlinghaus Bamberg;tournament;Nordbayerische Meisterschaft;2;Zwischenlauf;Kai Bräutigam;38115;;3;200;0;1987;15;1850;overall_total;1987
25/26;2026-04-26;Bowlinghaus Bamberg;tournament;Nordbayerische Meisterschaft;2;Zwischenlauf;Maik Rößler;31583;;3;168;0;1817;45;1850;overall_total;1817
25/26;2026-04-26;Bowlinghaus Bamberg;tournament;Nordbayerische Meisterschaft;2;Zwischenlauf;Manfred Rupertinger;16641;;3;193;0;1725;60;1850;overall_total;1725
25/26;2026-04-26;Bowlinghaus Bamberg;tournament;Nordbayerische Meisterschaft;2;Zwischenlauf;Manfred Rupprecht;38640;;3;158;0;1836;40;1850;overall_total;1836
25/26;2026-04-26;Bowlinghaus Bamberg;tournament;Nordbayerische Meisterschaft;2;Zwischenlauf;Marc Schmidt;38734;;3;217;0;1881;31;1850;overall_total;1881
25/26;2026-04-26;Bowlinghaus Bamberg;tournament;Nordbayerische Meisterschaft;2;Zwischenlauf;Marcel Bassler;38774;;3;212;0;1962;19;1850;overall_total;1962
25/26;2026-04-26;Bowlinghaus Bamberg;tournament;Nordbayerische Meisterschaft;2;Zwischenlauf;Marco Eck;38240;;3;159;0;1828;43;1850;overall_total;1828
25/26;2026-04-26;Bowlinghaus Bamberg;tournament;Nordbayerische Meisterschaft;2;Zwischenlauf;Mario Burghardt;12248;;3;170;0;1876;32;1850;overall_total;1876
25/26;2026-04-26;Bowlinghaus Bamberg;tournament;Nordbayerische Meisterschaft;2;Zwischenlauf;Markus Brendel;38034;;3;225;0;1886;30;1850;overall_total;1886
25/26;2026-04-26;Bowlinghaus Bamberg;tournament;Nordbayerische Meisterschaft;2;Zwischenlauf;Markus Fischer;38237;;3;199;0;1842;38;1850;overall_total;1842
25/26;2026-04-26;Bowlinghaus Bamberg;tournament;Nordbayerische Meisterschaft;2;Zwischenlauf;Michael Gehring;38250;;3;198;0;1693;64;1850;overall_total;1693
25/26;2026-04-26;Bowlinghaus Bamberg;tournament;Nordbayerische Meisterschaft;2;Zwischenlauf;Michael Hoffmann;38982;;3;195;0;1691;65;1850;overall_total;1691
25/26;2026-04-26;Bowlinghaus Bamberg;tournament;Nordbayerische Meisterschaft;2;Zwischenlauf;Michael Rühl;38745;;3;165;0;1793;50;1850;overall_total;1793
25/26;2026-04-26;Bowlinghaus Bamberg;tournament;Nordbayerische Meisterschaft;2;Zwischenlauf;Nico Thomas;38134;;3;182;0;1849;37;1850;overall_total;1849
25/26;2026-04-26;Bowlinghaus Bamberg;tournament;Nordbayerische Meisterschaft;2;Zwischenlauf;Nicolas Hoffmann;38935;;3;210;0;1998;10;1850;overall_total;1998
25/26;2026-04-26;Bowlinghaus Bamberg;tournament;Nordbayerische Meisterschaft;2;Zwischenlauf;Niklas Weiske;25484;;3;224;0;2124;4;1850;overall_total;2124
25/26;2026-04-26;Bowlinghaus Bamberg;tournament;Nordbayerische Meisterschaft;2;Zwischenlauf;Patrick Freudl;16796;;3;194;0;2063;8;1850;overall_total;2063
25/26;2026-04-26;Bowlinghaus Bamberg;tournament;Nordbayerische Meisterschaft;2;Zwischenlauf;Patrick Hardt;16809;;3;173;0;1920;25;1850;overall_total;1920
25/26;2026-04-26;Bowlinghaus Bamberg;tournament;Nordbayerische Meisterschaft;2;Zwischenlauf;Patrick Stemmler;16495;;3;209;0;1850;36;1850;overall_total;1850
25/26;2026-04-26;Bowlinghaus Bamberg;tournament;Nordbayerische Meisterschaft;2;Zwischenlauf;Phi-Long Nguyen;46002;;3;169;0;1790;51;1850;overall_total;1790
25/26;2026-04-26;Bowlinghaus Bamberg;tournament;Nordbayerische Meisterschaft;2;Zwischenlauf;Reinhold Reißmann;16439;;3;181;0;1833;41;1850;overall_total;1833
25/26;2026-04-26;Bowlinghaus Bamberg;tournament;Nordbayerische Meisterschaft;2;Zwischenlauf;René Jurischka;38593;;3;185;0;1734;59;1850;overall_total;1734
25/26;2026-04-26;Bowlinghaus Bamberg;tournament;Nordbayerische Meisterschaft;2;Zwischenlauf;Richard Erhard;16224;;3;162;0;1672;68;1850;overall_total;1672
25/26;2026-04-26;Bowlinghaus Bamberg;tournament;Nordbayerische Meisterschaft;2;Zwischenlauf;Robert Kristof;10124;;3;178;0;2035;9;1850;overall_total;2035
25/26;2026-04-26;Bowlinghaus Bamberg;tournament;Nordbayerische Meisterschaft;2;Zwischenlauf;Roland Augsdörfer;38549;;3;171;0;1947;21;1850;overall_total;1947
25/26;2026-04-26;Bowlinghaus Bamberg;tournament;Nordbayerische Meisterschaft;2;Zwischenlauf;Sascha Popp;38981;;3;206;0;1925;24;1850;overall_total;1925
25/26;2026-04-26;Bowlinghaus Bamberg;tournament;Nordbayerische Meisterschaft;2;Zwischenlauf;Sebastian Gräfe;38687;;3;136;0;1856;35;1850;overall_total;1856
25/26;2026-04-26;Bowlinghaus Bamberg;tournament;Nordbayerische Meisterschaft;2;Zwischenlauf;Simon Bauer;16861;;3;188;0;1746;57;1850;overall_total;1746
25/26;2026-04-26;Bowlinghaus Bamberg;tournament;Nordbayerische Meisterschaft;2;Zwischenlauf;Steffen Birkner;25082;;3;192;0;2346;1;1850;overall_total;2346
25/26;2026-04-26;Bowlinghaus Bamberg;tournament;Nordbayerische Meisterschaft;2;Zwischenlauf;Stephan Ruffershöfer;16899;;3;164;0;1763;55;1850;overall_total;1763
25/26;2026-04-26;Bowlinghaus Bamberg;tournament;Nordbayerische Meisterschaft;2;Zwischenlauf;Stephan Stoll;10678;;3;136;0;1712;62;1850;overall_total;1712
25/26;2026-04-26;Bowlinghaus Bamberg;tournament;Nordbayerische Meisterschaft;2;Zwischenlauf;Thomas Hornung;25425;;3;179;0;1642;71;1850;overall_total;1642
25/26;2026-04-26;Bowlinghaus Bamberg;tournament;Nordbayerische Meisterschaft;2;Zwischenlauf;Thomas Moser;38907;;3;222;0;1945;22;1850;overall_total;1945
25/26;2026-04-26;Bowlinghaus Bamberg;tournament;Nordbayerische Meisterschaft;2;Zwischenlauf;Tim Olde Damink;25521;;3;225;0;2070;6;1850;overall_total;2070
25/26;2026-04-26;Bowlinghaus Bamberg;tournament;Nordbayerische Meisterschaft;2;Zwischenlauf;Tobias Derbfuss;38270;;3;183;0;1989;13;1850;overall_total;1989
25/26;2026-04-26;Bowlinghaus Bamberg;tournament;Nordbayerische Meisterschaft;2;Zwischenlauf;Tobias Franz;25638;;3;212;0;1871;34;1850;overall_total;1871
25/26;2026-04-26;Bowlinghaus Bamberg;tournament;Nordbayerische Meisterschaft;2;Zwischenlauf;Tobias Kramer;38885;;3;186;0;1887;29;1850;overall_total;1887
25/26;2026-04-26;Bowlinghaus Bamberg;tournament;Nordbayerische Meisterschaft;2;Zwischenlauf;Uwe Pukowski;25433;;3;177;0;1785;52;1850;overall_total;1785
25/26;2026-04-26;Bowlinghaus Bamberg;tournament;Nordbayerische Meisterschaft;2;Zwischenlauf;Uwe Sewald;38877;;3;157;0;1736;58;1850;overall_total;1736
25/26;2026-04-26;Bowlinghaus Bamberg;tournament;Nordbayerische Meisterschaft;2;Zwischenlauf;Winfried Goller;7722;;3;149;0;1831;42;1850;overall_total;1831
25/26;2026-04-26;Bowlinghaus Bamberg;tournament;Nordbayerische Meisterschaft;2;Zwischenlauf;Wolfgang Montag;16534;;3;188;0;1685;66;1850;overall_total;1685
25/26;2026-04-26;Bowlinghaus Bamberg;tournament;Nordbayerische Meisterschaft;2;Zwischenlauf;Alexander Schmidt;16292;;4;186;0;2115;28;2052;overall_total;2115
25/26;2026-04-26;Bowlinghaus Bamberg;tournament;Nordbayerische Meisterschaft;2;Zwischenlauf;Alexander Scholz;16352;;4;218;0;2030;40;2052;overall_total;2030
25/26;2026-04-26;Bowlinghaus Bamberg;tournament;Nordbayerische Meisterschaft;2;Zwischenlauf;Andreas Brendel;38033;;4;213;0;2025;42;2052;overall_total;2025
25/26;2026-04-26;Bowlinghaus Bamberg;tournament;Nordbayerische Meisterschaft;2;Zwischenlauf;Andreas Hernitschek;16386;;4;197;0;2333;4;2052;overall_total;2333
25/26;2026-04-26;Bowlinghaus Bamberg;tournament;Nordbayerische Meisterschaft;2;Zwischenlauf;Anton Uebelacker;16430;;4;181;0;1852;67;2052;overall_total;1852
25/26;2026-04-26;Bowlinghaus Bamberg;tournament;Nordbayerische Meisterschaft;2;Zwischenlauf;Arthur Schwertfeger;38005;;4;183;0;2007;44;2052;overall_total;2007
25/26;2026-04-26;Bowlinghaus Bamberg;tournament;Nordbayerische Meisterschaft;2;Zwischenlauf;Asterios Fourkiotis;25555;;4;170;0;1984;48;2052;overall_total;1984
25/26;2026-04-26;Bowlinghaus Bamberg;tournament;Nordbayerische Meisterschaft;2;Zwischenlauf;Bernd Matejat;16462;;4;199;0;1948;52;2052;overall_total;1948
25/26;2026-04-26;Bowlinghaus Bamberg;tournament;Nordbayerische Meisterschaft;2;Zwischenlauf;Blasius Stibel;7849;;4;165;0;1944;55;2052;overall_total;1944
25/26;2026-04-26;Bowlinghaus Bamberg;tournament;Nordbayerische Meisterschaft;2;Zwischenlauf;Bodo Konieczny;18802;;4;204;0;2283;5;2052;overall_total;2283
25/26;2026-04-26;Bowlinghaus Bamberg;tournament;Nordbayerische Meisterschaft;2;Zwischenlauf;Christian Feller;16007;;4;187;0;2172;15;2052;overall_total;2172
25/26;2026-04-26;Bowlinghaus Bamberg;tournament;Nordbayerische Meisterschaft;2;Zwischenlauf;Christian Lechner;25064;;4;159;0;2047;38;2052;overall_total;2047
25/26;2026-04-26;Bowlinghaus Bamberg;tournament;Nordbayerische Meisterschaft;2;Zwischenlauf;Christian Schlegl;38554;;4;232;0;1945;53;2052;overall_total;1945
25/26;2026-04-26;Bowlinghaus Bamberg;tournament;Nordbayerische Meisterschaft;2;Zwischenlauf;Christian Schuster;7723;;4;191;0;2257;8;2052;overall_total;2257
25/26;2026-04-26;Bowlinghaus Bamberg;tournament;Nordbayerische Meisterschaft;2;Zwischenlauf;Daniel Alexander;16443;;4;226;0;2218;11;2052;overall_total;2218
25/26;2026-04-26;Bowlinghaus Bamberg;tournament;Nordbayerische Meisterschaft;2;Zwischenlauf;Daniel Badum;38043;;4;201;0;2156;20;2052;overall_total;2156
25/26;2026-04-26;Bowlinghaus Bamberg;tournament;Nordbayerische Meisterschaft;2;Zwischenlauf;Daniel Schwank;16215;;4;194;0;2094;29;2052;overall_total;2094
25/26;2026-04-26;Bowlinghaus Bamberg;tournament;Nordbayerische Meisterschaft;2;Zwischenlauf;Dieter Schuster;7721;;4;192;0;2186;12;2052;overall_total;2186
25/26;2026-04-26;Bowlinghaus Bamberg;tournament;Nordbayerische Meisterschaft;2;Zwischenlauf;Enno Jackwerth;16263;;4;211;0;2052;36;2052;overall_total;2052
25/26;2026-04-26;Bowlinghaus Bamberg;tournament;Nordbayerische Meisterschaft;2;Zwischenlauf;Eric Gogala;46005;;4;227;0;2355;3;2052;overall_total;2355
25/26;2026-04-26;Bowlinghaus Bamberg;tournament;Nordbayerische Meisterschaft;2;Zwischenlauf;Franco Daniele Pirrotti;38188;;4;190;0;1847;69;2052;overall_total;1847
25/26;2026-04-26;Bowlinghaus Bamberg;tournament;Nordbayerische Meisterschaft;2;Zwischenlauf;Heiko Schütz;16894;;4;188;0;1965;51;2052;overall_total;1965
25/26;2026-04-26;Bowlinghaus Bamberg;tournament;Nordbayerische Meisterschaft;2;Zwischenlauf;Heiko Tontsch;38403;;4;155;0;1969;50;2052;overall_total;1969
25/26;2026-04-26;Bowlinghaus Bamberg;tournament;Nordbayerische Meisterschaft;2;Zwischenlauf;Horst Schön;16346;;4;158;0;2074;32;2052;overall_total;2074
25/26;2026-04-26;Bowlinghaus Bamberg;tournament;Nordbayerische Meisterschaft;2;Zwischenlauf;Joachim Hartmann;16214;;4;177;0;1855;66;2052;overall_total;1855
25/26;2026-04-26;Bowlinghaus Bamberg;tournament;Nordbayerische Meisterschaft;2;Zwischenlauf;Jochen Birkner;7937;;4;258;0;2246;9;2052;overall_total;2246
25/26;2026-04-26;Bowlinghaus Bamberg;tournament;Nordbayerische Meisterschaft;2;Zwischenlauf;Jonathan Nolan;16873;;4;177;0;2157;19;2052;overall_total;2157
25/26;2026-04-26;Bowlinghaus Bamberg;tournament;Nordbayerische Meisterschaft;2;Zwischenlauf;Jörg Woyscheszik;25350;;4;190;0;2166;17;2052;overall_total;2166
25/26;2026-04-26;Bowlinghaus Bamberg;tournament;Nordbayerische Meisterschaft;2;Zwischenlauf;Jürgen Harry Schmitt;7961;;4;174;0;1872;64;2052;overall_total;1872
25/26;2026-04-26;Bowlinghaus Bamberg;tournament;Nordbayerische Meisterschaft;2;Zwischenlauf;Jürgen Reichel;7772;;4;188;0;2061;35;2052;overall_total;2061
25/26;2026-04-26;Bowlinghaus Bamberg;tournament;Nordbayerische Meisterschaft;2;Zwischenlauf;Kai Bräutigam;38115;;4;181;0;2168;16;2052;overall_total;2168
25/26;2026-04-26;Bowlinghaus Bamberg;tournament;Nordbayerische Meisterschaft;2;Zwischenlauf;Maik Rößler;31583;;4;211;0;2028;41;2052;overall_total;2028
25/26;2026-04-26;Bowlinghaus Bamberg;tournament;Nordbayerische Meisterschaft;2;Zwischenlauf;Manfred Rupertinger;16641;;4;176;0;1901;60;2052;overall_total;1901
25/26;2026-04-26;Bowlinghaus Bamberg;tournament;Nordbayerische Meisterschaft;2;Zwischenlauf;Manfred Rupprecht;38640;;4;160;0;1996;45;2052;overall_total;1996
25/26;2026-04-26;Bowlinghaus Bamberg;tournament;Nordbayerische Meisterschaft;2;Zwischenlauf;Marc Schmidt;38734;;4;189;0;2070;34;2052;overall_total;2070
25/26;2026-04-26;Bowlinghaus Bamberg;tournament;Nordbayerische Meisterschaft;2;Zwischenlauf;Marcel Bassler;38774;;4;182;0;2144;21;2052;overall_total;2144
25/26;2026-04-26;Bowlinghaus Bamberg;tournament;Nordbayerische Meisterschaft;2;Zwischenlauf;Marco Eck;38240;;4;157;0;1985;47;2052;overall_total;1985
25/26;2026-04-26;Bowlinghaus Bamberg;tournament;Nordbayerische Meisterschaft;2;Zwischenlauf;Mario Burghardt;12248;;4;213;0;2089;30;2052;overall_total;2089
25/26;2026-04-26;Bowlinghaus Bamberg;tournament;Nordbayerische Meisterschaft;2;Zwischenlauf;Markus Brendel;38034;;4;191;0;2077;31;2052;overall_total;2077
25/26;2026-04-26;Bowlinghaus Bamberg;tournament;Nordbayerische Meisterschaft;2;Zwischenlauf;Markus Fischer;38237;;4;280;0;2122;24;2052;overall_total;2122
25/26;2026-04-26;Bowlinghaus Bamberg;tournament;Nordbayerische Meisterschaft;2;Zwischenlauf;Michael Gehring;38250;;4;158;0;1851;68;2052;overall_total;1851
25/26;2026-04-26;Bowlinghaus Bamberg;tournament;Nordbayerische Meisterschaft;2;Zwischenlauf;Michael Hoffmann;38982;;4;168;0;1859;65;2052;overall_total;1859
25/26;2026-04-26;Bowlinghaus Bamberg;tournament;Nordbayerische Meisterschaft;2;Zwischenlauf;Michael Rühl;38745;;4;182;0;1975;49;2052;overall_total;1975
25/26;2026-04-26;Bowlinghaus Bamberg;tournament;Nordbayerische Meisterschaft;2;Zwischenlauf;Nico Thomas;38134;;4;194;0;2043;39;2052;overall_total;2043
25/26;2026-04-26;Bowlinghaus Bamberg;tournament;Nordbayerische Meisterschaft;2;Zwischenlauf;Nicolas Hoffmann;38935;;4;177;0;2175;14;2052;overall_total;2175
25/26;2026-04-26;Bowlinghaus Bamberg;tournament;Nordbayerische Meisterschaft;2;Zwischenlauf;Niklas Weiske;25484;;4;237;0;2361;2;2052;overall_total;2361
25/26;2026-04-26;Bowlinghaus Bamberg;tournament;Nordbayerische Meisterschaft;2;Zwischenlauf;Patrick Freudl;16796;;4;203;0;2266;6;2052;overall_total;2266
25/26;2026-04-26;Bowlinghaus Bamberg;tournament;Nordbayerische Meisterschaft;2;Zwischenlauf;Patrick Hardt;16809;;4;196;0;2116;27;2052;overall_total;2116
25/26;2026-04-26;Bowlinghaus Bamberg;tournament;Nordbayerische Meisterschaft;2;Zwischenlauf;Patrick Stemmler;16495;;4;202;0;2052;37;2052;overall_total;2052
25/26;2026-04-26;Bowlinghaus Bamberg;tournament;Nordbayerische Meisterschaft;2;Zwischenlauf;Phi-Long Nguyen;46002;;4;154;0;1944;54;2052;overall_total;1944
25/26;2026-04-26;Bowlinghaus Bamberg;tournament;Nordbayerische Meisterschaft;2;Zwischenlauf;Reinhold Reißmann;16439;;4;162;0;1995;46;2052;overall_total;1995
25/26;2026-04-26;Bowlinghaus Bamberg;tournament;Nordbayerische Meisterschaft;2;Zwischenlauf;René Jurischka;38593;;4;179;0;1913;58;2052;overall_total;1913
25/26;2026-04-26;Bowlinghaus Bamberg;tournament;Nordbayerische Meisterschaft;2;Zwischenlauf;Richard Erhard;16224;;4;165;0;1837;70;2052;overall_total;1837
25/26;2026-04-26;Bowlinghaus Bamberg;tournament;Nordbayerische Meisterschaft;2;Zwischenlauf;Robert Kristof;10124;;4;205;0;2240;10;2052;overall_total;2240
25/26;2026-04-26;Bowlinghaus Bamberg;tournament;Nordbayerische Meisterschaft;2;Zwischenlauf;Roland Augsdörfer;38549;;4;181;0;2128;23;2052;overall_total;2128
25/26;2026-04-26;Bowlinghaus Bamberg;tournament;Nordbayerische Meisterschaft;2;Zwischenlauf;Sascha Popp;38981;;4;213;0;2138;22;2052;overall_total;2138
25/26;2026-04-26;Bowlinghaus Bamberg;tournament;Nordbayerische Meisterschaft;2;Zwischenlauf;Sebastian Gräfe;38687;;4;216;0;2072;33;2052;overall_total;2072
25/26;2026-04-26;Bowlinghaus Bamberg;tournament;Nordbayerische Meisterschaft;2;Zwischenlauf;Simon Bauer;16861;;4;165;0;1911;59;2052;overall_total;1911
25/26;2026-04-26;Bowlinghaus Bamberg;tournament;Nordbayerische Meisterschaft;2;Zwischenlauf;Steffen Birkner;25082;;4;220;0;2566;1;2052;overall_total;2566
25/26;2026-04-26;Bowlinghaus Bamberg;tournament;Nordbayerische Meisterschaft;2;Zwischenlauf;Stephan Ruffershöfer;16899;;4;180;0;1943;56;2052;overall_total;1943
25/26;2026-04-26;Bowlinghaus Bamberg;tournament;Nordbayerische Meisterschaft;2;Zwischenlauf;Stephan Stoll;10678;;4;180;0;1892;63;2052;overall_total;1892
25/26;2026-04-26;Bowlinghaus Bamberg;tournament;Nordbayerische Meisterschaft;2;Zwischenlauf;Thomas Hornung;25425;;4;168;0;1810;71;2052;overall_total;1810
25/26;2026-04-26;Bowlinghaus Bamberg;tournament;Nordbayerische Meisterschaft;2;Zwischenlauf;Thomas Moser;38907;;4;213;0;2158;18;2052;overall_total;2158
25/26;2026-04-26;Bowlinghaus Bamberg;tournament;Nordbayerische Meisterschaft;2;Zwischenlauf;Tim Olde Damink;25521;;4;191;0;2261;7;2052;overall_total;2261
25/26;2026-04-26;Bowlinghaus Bamberg;tournament;Nordbayerische Meisterschaft;2;Zwischenlauf;Tobias Derbfuss;38270;;4;191;0;2180;13;2052;overall_total;2180
25/26;2026-04-26;Bowlinghaus Bamberg;tournament;Nordbayerische Meisterschaft;2;Zwischenlauf;Tobias Franz;25638;;4;247;0;2118;26;2052;overall_total;2118
25/26;2026-04-26;Bowlinghaus Bamberg;tournament;Nordbayerische Meisterschaft;2;Zwischenlauf;Tobias Kramer;38885;;4;233;0;2120;25;2052;overall_total;2120
25/26;2026-04-26;Bowlinghaus Bamberg;tournament;Nordbayerische Meisterschaft;2;Zwischenlauf;Uwe Pukowski;25433;;4;144;0;1929;57;2052;overall_total;1929
25/26;2026-04-26;Bowlinghaus Bamberg;tournament;Nordbayerische Meisterschaft;2;Zwischenlauf;Uwe Sewald;38877;;4;159;0;1895;62;2052;overall_total;1895
25/26;2026-04-26;Bowlinghaus Bamberg;tournament;Nordbayerische Meisterschaft;2;Zwischenlauf;Winfried Goller;7722;;4;177;0;2008;43;2052;overall_total;2008
25/26;2026-04-26;Bowlinghaus Bamberg;tournament;Nordbayerische Meisterschaft;2;Zwischenlauf;Wolfgang Montag;16534;;4;213;0;1898;61;2052;overall_total;1898
25/26;2026-04-26;Bowlinghaus Bamberg;tournament;Nordbayerische Meisterschaft;2;Zwischenlauf;Alexander Schmidt;16292;;5;192;0;2307;27;2253;overall_total;2307
25/26;2026-04-26;Bowlinghaus Bamberg;tournament;Nordbayerische Meisterschaft;2;Zwischenlauf;Alexander Scholz;16352;;5;159;0;2189;43;2253;overall_total;2189
25/26;2026-04-26;Bowlinghaus Bamberg;tournament;Nordbayerische Meisterschaft;2;Zwischenlauf;Andreas Brendel;38033;;5;174;0;2199;41;2253;overall_total;2199
25/26;2026-04-26;Bowlinghaus Bamberg;tournament;Nordbayerische Meisterschaft;2;Zwischenlauf;Andreas Hernitschek;16386;;5;193;0;2526;4;2253;overall_total;2526
25/26;2026-04-26;Bowlinghaus Bamberg;tournament;Nordbayerische Meisterschaft;2;Zwischenlauf;Anton Uebelacker;16430;;5;190;0;2042;68;2253;overall_total;2042
25/26;2026-04-26;Bowlinghaus Bamberg;tournament;Nordbayerische Meisterschaft;2;Zwischenlauf;Arthur Schwertfeger;38005;;5;154;0;2161;48;2253;overall_total;2161
25/26;2026-04-26;Bowlinghaus Bamberg;tournament;Nordbayerische Meisterschaft;2;Zwischenlauf;Asterios Fourkiotis;25555;;5;195;0;2179;44;2253;overall_total;2179
25/26;2026-04-26;Bowlinghaus Bamberg;tournament;Nordbayerische Meisterschaft;2;Zwischenlauf;Bernd Matejat;16462;;5;159;0;2107;54;2253;overall_total;2107
25/26;2026-04-26;Bowlinghaus Bamberg;tournament;Nordbayerische Meisterschaft;2;Zwischenlauf;Blasius Stibel;7849;;5;151;0;2095;59;2253;overall_total;2095
25/26;2026-04-26;Bowlinghaus Bamberg;tournament;Nordbayerische Meisterschaft;2;Zwischenlauf;Bodo Konieczny;18802;;5;169;0;2452;9;2253;overall_total;2452
25/26;2026-04-26;Bowlinghaus Bamberg;tournament;Nordbayerische Meisterschaft;2;Zwischenlauf;Christian Feller;16007;;5;221;0;2393;13;2253;overall_total;2393
25/26;2026-04-26;Bowlinghaus Bamberg;tournament;Nordbayerische Meisterschaft;2;Zwischenlauf;Christian Lechner;25064;;5;167;0;2214;40;2253;overall_total;2214
25/26;2026-04-26;Bowlinghaus Bamberg;tournament;Nordbayerische Meisterschaft;2;Zwischenlauf;Christian Schlegl;38554;;5;152;0;2097;58;2253;overall_total;2097
25/26;2026-04-26;Bowlinghaus Bamberg;tournament;Nordbayerische Meisterschaft;2;Zwischenlauf;Christian Schuster;7723;;5;208;0;2465;7;2253;overall_total;2465
25/26;2026-04-26;Bowlinghaus Bamberg;tournament;Nordbayerische Meisterschaft;2;Zwischenlauf;Daniel Alexander;16443;;5;180;0;2398;12;2253;overall_total;2398
25/26;2026-04-26;Bowlinghaus Bamberg;tournament;Nordbayerische Meisterschaft;2;Zwischenlauf;Daniel Badum;38043;;5;169;0;2325;23;2253;overall_total;2325
25/26;2026-04-26;Bowlinghaus Bamberg;tournament;Nordbayerische Meisterschaft;2;Zwischenlauf;Daniel Schwank;16215;;5;208;0;2302;28;2253;overall_total;2302
25/26;2026-04-26;Bowlinghaus Bamberg;tournament;Nordbayerische Meisterschaft;2;Zwischenlauf;Dieter Schuster;7721;;5;186;0;2372;16;2253;overall_total;2372
25/26;2026-04-26;Bowlinghaus Bamberg;tournament;Nordbayerische Meisterschaft;2;Zwischenlauf;Enno Jackwerth;16263;;5;224;0;2276;33;2253;overall_total;2276
25/26;2026-04-26;Bowlinghaus Bamberg;tournament;Nordbayerische Meisterschaft;2;Zwischenlauf;Eric Gogala;46005;;5;225;0;2580;3;2253;overall_total;2580
25/26;2026-04-26;Bowlinghaus Bamberg;tournament;Nordbayerische Meisterschaft;2;Zwischenlauf;Franco Daniele Pirrotti;38188;;5;214;0;2061;63;2253;overall_total;2061
25/26;2026-04-26;Bowlinghaus Bamberg;tournament;Nordbayerische Meisterschaft;2;Zwischenlauf;Heiko Schütz;16894;;5;232;0;2197;42;2253;overall_total;2197
25/26;2026-04-26;Bowlinghaus Bamberg;tournament;Nordbayerische Meisterschaft;2;Zwischenlauf;Heiko Tontsch;38403;;5;206;0;2175;46;2253;overall_total;2175
25/26;2026-04-26;Bowlinghaus Bamberg;tournament;Nordbayerische Meisterschaft;2;Zwischenlauf;Horst Schön;16346;;5;214;0;2288;31;2253;overall_total;2288
25/26;2026-04-26;Bowlinghaus Bamberg;tournament;Nordbayerische Meisterschaft;2;Zwischenlauf;Joachim Hartmann;16214;;5;189;0;2044;66;2253;overall_total;2044
25/26;2026-04-26;Bowlinghaus Bamberg;tournament;Nordbayerische Meisterschaft;2;Zwischenlauf;Jochen Birkner;7937;;5;225;0;2471;6;2253;overall_total;2471
25/26;2026-04-26;Bowlinghaus Bamberg;tournament;Nordbayerische Meisterschaft;2;Zwischenlauf;Jonathan Nolan;16873;;5;213;0;2370;17;2253;overall_total;2370
25/26;2026-04-26;Bowlinghaus Bamberg;tournament;Nordbayerische Meisterschaft;2;Zwischenlauf;Jörg Woyscheszik;25350;;5;220;0;2386;15;2253;overall_total;2386
25/26;2026-04-26;Bowlinghaus Bamberg;tournament;Nordbayerische Meisterschaft;2;Zwischenlauf;Jürgen Harry Schmitt;7961;;5;171;0;2043;67;2253;overall_total;2043
25/26;2026-04-26;Bowlinghaus Bamberg;tournament;Nordbayerische Meisterschaft;2;Zwischenlauf;Jürgen Reichel;7772;;5;189;0;2250;37;2253;overall_total;2250
25/26;2026-04-26;Bowlinghaus Bamberg;tournament;Nordbayerische Meisterschaft;2;Zwischenlauf;Kai Bräutigam;38115;;5;224;0;2392;14;2253;overall_total;2392
25/26;2026-04-26;Bowlinghaus Bamberg;tournament;Nordbayerische Meisterschaft;2;Zwischenlauf;Maik Rößler;31583;;5;149;0;2177;45;2253;overall_total;2177
25/26;2026-04-26;Bowlinghaus Bamberg;tournament;Nordbayerische Meisterschaft;2;Zwischenlauf;Manfred Rupertinger;16641;;5;204;0;2105;56;2253;overall_total;2105
25/26;2026-04-26;Bowlinghaus Bamberg;tournament;Nordbayerische Meisterschaft;2;Zwischenlauf;Manfred Rupprecht;38640;;5;156;0;2152;49;2253;overall_total;2152
25/26;2026-04-26;Bowlinghaus Bamberg;tournament;Nordbayerische Meisterschaft;2;Zwischenlauf;Marc Schmidt;38734;;5;204;0;2274;34;2253;overall_total;2274
25/26;2026-04-26;Bowlinghaus Bamberg;tournament;Nordbayerische Meisterschaft;2;Zwischenlauf;Marcel Bassler;38774;;5;216;0;2360;19;2253;overall_total;2360
25/26;2026-04-26;Bowlinghaus Bamberg;tournament;Nordbayerische Meisterschaft;2;Zwischenlauf;Marco Eck;38240;;5;138;0;2123;52;2253;overall_total;2123
25/26;2026-04-26;Bowlinghaus Bamberg;tournament;Nordbayerische Meisterschaft;2;Zwischenlauf;Mario Burghardt;12248;;5;177;0;2266;35;2253;overall_total;2266
25/26;2026-04-26;Bowlinghaus Bamberg;tournament;Nordbayerische Meisterschaft;2;Zwischenlauf;Markus Brendel;38034;;5;206;0;2283;32;2253;overall_total;2283
25/26;2026-04-26;Bowlinghaus Bamberg;tournament;Nordbayerische Meisterschaft;2;Zwischenlauf;Markus Fischer;38237;;5;173;0;2295;30;2253;overall_total;2295
25/26;2026-04-26;Bowlinghaus Bamberg;tournament;Nordbayerische Meisterschaft;2;Zwischenlauf;Michael Gehring;38250;;5;150;0;2001;70;2253;overall_total;2001
25/26;2026-04-26;Bowlinghaus Bamberg;tournament;Nordbayerische Meisterschaft;2;Zwischenlauf;Michael Hoffmann;38982;;5;211;0;2070;61;2253;overall_total;2070
25/26;2026-04-26;Bowlinghaus Bamberg;tournament;Nordbayerische Meisterschaft;2;Zwischenlauf;Michael Rühl;38745;;5;143;0;2118;53;2253;overall_total;2118
25/26;2026-04-26;Bowlinghaus Bamberg;tournament;Nordbayerische Meisterschaft;2;Zwischenlauf;Nico Thomas;38134;;5;185;0;2228;38;2253;overall_total;2228
25/26;2026-04-26;Bowlinghaus Bamberg;tournament;Nordbayerische Meisterschaft;2;Zwischenlauf;Nicolas Hoffmann;38935;;5;184;0;2359;20;2253;overall_total;2359
25/26;2026-04-26;Bowlinghaus Bamberg;tournament;Nordbayerische Meisterschaft;2;Zwischenlauf;Niklas Weiske;25484;;5;238;0;2599;2;2253;overall_total;2599
25/26;2026-04-26;Bowlinghaus Bamberg;tournament;Nordbayerische Meisterschaft;2;Zwischenlauf;Patrick Freudl;16796;;5;192;0;2458;8;2253;overall_total;2458
25/26;2026-04-26;Bowlinghaus Bamberg;tournament;Nordbayerische Meisterschaft;2;Zwischenlauf;Patrick Hardt;16809;;5;225;0;2341;21;2253;overall_total;2341
25/26;2026-04-26;Bowlinghaus Bamberg;tournament;Nordbayerische Meisterschaft;2;Zwischenlauf;Patrick Stemmler;16495;;5;201;0;2253;36;2253;overall_total;2253
25/26;2026-04-26;Bowlinghaus Bamberg;tournament;Nordbayerische Meisterschaft;2;Zwischenlauf;Phi-Long Nguyen;46002;;5;195;0;2139;51;2253;overall_total;2139
25/26;2026-04-26;Bowlinghaus Bamberg;tournament;Nordbayerische Meisterschaft;2;Zwischenlauf;Reinhold Reißmann;16439;;5;169;0;2164;47;2253;overall_total;2164
25/26;2026-04-26;Bowlinghaus Bamberg;tournament;Nordbayerische Meisterschaft;2;Zwischenlauf;René Jurischka;38593;;5;192;0;2105;57;2253;overall_total;2105
25/26;2026-04-26;Bowlinghaus Bamberg;tournament;Nordbayerische Meisterschaft;2;Zwischenlauf;Richard Erhard;16224;;5;164;0;2001;69;2253;overall_total;2001
25/26;2026-04-26;Bowlinghaus Bamberg;tournament;Nordbayerische Meisterschaft;2;Zwischenlauf;Robert Kristof;10124;;5;196;0;2436;10;2253;overall_total;2436
25/26;2026-04-26;Bowlinghaus Bamberg;tournament;Nordbayerische Meisterschaft;2;Zwischenlauf;Roland Augsdörfer;38549;;5;192;0;2320;25;2253;overall_total;2320
25/26;2026-04-26;Bowlinghaus Bamberg;tournament;Nordbayerische Meisterschaft;2;Zwischenlauf;Sascha Popp;38981;;5;187;0;2325;24;2253;overall_total;2325
25/26;2026-04-26;Bowlinghaus Bamberg;tournament;Nordbayerische Meisterschaft;2;Zwischenlauf;Sebastian Gräfe;38687;;5;258;0;2330;22;2253;overall_total;2330
25/26;2026-04-26;Bowlinghaus Bamberg;tournament;Nordbayerische Meisterschaft;2;Zwischenlauf;Simon Bauer;16861;;5;195;0;2106;55;2253;overall_total;2106
25/26;2026-04-26;Bowlinghaus Bamberg;tournament;Nordbayerische Meisterschaft;2;Zwischenlauf;Steffen Birkner;25082;;5;254;0;2820;1;2253;overall_total;2820
25/26;2026-04-26;Bowlinghaus Bamberg;tournament;Nordbayerische Meisterschaft;2;Zwischenlauf;Stephan Ruffershöfer;16899;;5;208;0;2151;50;2253;overall_total;2151
25/26;2026-04-26;Bowlinghaus Bamberg;tournament;Nordbayerische Meisterschaft;2;Zwischenlauf;Stephan Stoll;10678;;5;155;0;2047;65;2253;overall_total;2047
25/26;2026-04-26;Bowlinghaus Bamberg;tournament;Nordbayerische Meisterschaft;2;Zwischenlauf;Thomas Hornung;25425;;5;158;0;1968;71;2253;overall_total;1968
25/26;2026-04-26;Bowlinghaus Bamberg;tournament;Nordbayerische Meisterschaft;2;Zwischenlauf;Thomas Moser;38907;;5;203;0;2361;18;2253;overall_total;2361
25/26;2026-04-26;Bowlinghaus Bamberg;tournament;Nordbayerische Meisterschaft;2;Zwischenlauf;Tim Olde Damink;25521;;5;222;0;2483;5;2253;overall_total;2483
25/26;2026-04-26;Bowlinghaus Bamberg;tournament;Nordbayerische Meisterschaft;2;Zwischenlauf;Tobias Derbfuss;38270;;5;222;0;2402;11;2253;overall_total;2402
25/26;2026-04-26;Bowlinghaus Bamberg;tournament;Nordbayerische Meisterschaft;2;Zwischenlauf;Tobias Franz;25638;;5;197;0;2315;26;2253;overall_total;2315
25/26;2026-04-26;Bowlinghaus Bamberg;tournament;Nordbayerische Meisterschaft;2;Zwischenlauf;Tobias Kramer;38885;;5;180;0;2300;29;2253;overall_total;2300
25/26;2026-04-26;Bowlinghaus Bamberg;tournament;Nordbayerische Meisterschaft;2;Zwischenlauf;Uwe Pukowski;25433;;5;139;0;2068;62;2253;overall_total;2068
25/26;2026-04-26;Bowlinghaus Bamberg;tournament;Nordbayerische Meisterschaft;2;Zwischenlauf;Uwe Sewald;38877;;5;198;0;2093;60;2253;overall_total;2093
25/26;2026-04-26;Bowlinghaus Bamberg;tournament;Nordbayerische Meisterschaft;2;Zwischenlauf;Winfried Goller;7722;;5;215;0;2223;39;2253;overall_total;2223
25/26;2026-04-26;Bowlinghaus Bamberg;tournament;Nordbayerische Meisterschaft;2;Zwischenlauf;Wolfgang Montag;16534;;5;158;0;2056;64;2253;overall_total;2056
25/26;2026-04-27;Bowlinghaus Bamberg;tournament;Nordbayerische Meisterschaft;3;Finale;Alexander Schmidt;16292;;0;175;0;2482;28;2601;overall_total;2482
25/26;2026-04-27;Bowlinghaus Bamberg;tournament;Nordbayerische Meisterschaft;3;Finale;Andreas Hernitschek;16386;;0;264;0;2790;4;2601;overall_total;2790
25/26;2026-04-27;Bowlinghaus Bamberg;tournament;Nordbayerische Meisterschaft;3;Finale;Bodo Konieczny;18802;;0;203;0;2655;9;2601;overall_total;2655
25/26;2026-04-27;Bowlinghaus Bamberg;tournament;Nordbayerische Meisterschaft;3;Finale;Christian Feller;16007;;0;169;0;2562;16;2601;overall_total;2562
25/26;2026-04-27;Bowlinghaus Bamberg;tournament;Nordbayerische Meisterschaft;3;Finale;Christian Schuster;7723;;0;269;0;2734;5;2601;overall_total;2734
25/26;2026-04-27;Bowlinghaus Bamberg;tournament;Nordbayerische Meisterschaft;3;Finale;Daniel Alexander;16443;;0;203;0;2601;12;2601;overall_total;2601
25/26;2026-04-27;Bowlinghaus Bamberg;tournament;Nordbayerische Meisterschaft;3;Finale;Daniel Badum;38043;;0;203;0;2528;21;2601;overall_total;2528
25/26;2026-04-27;Bowlinghaus Bamberg;tournament;Nordbayerische Meisterschaft;3;Finale;Dieter Schuster;7721;;0;196;0;2568;15;2601;overall_total;2568
25/26;2026-04-27;Bowlinghaus Bamberg;tournament;Nordbayerische Meisterschaft;3;Finale;Enno Jackwerth;16263;;0;169;0;2445;32;2601;overall_total;2445
25/26;2026-04-27;Bowlinghaus Bamberg;tournament;Nordbayerische Meisterschaft;3;Finale;Eric Gogala;46005;;0;214;0;2794;3;2601;overall_total;2794
25/26;2026-04-27;Bowlinghaus Bamberg;tournament;Nordbayerische Meisterschaft;3;Finale;Horst Schön;16346;;0;178;0;2466;29;2601;overall_total;2466
25/26;2026-04-27;Bowlinghaus Bamberg;tournament;Nordbayerische Meisterschaft;3;Finale;Jochen Birkner;7937;;0;194;0;2665;8;2601;overall_total;2665
25/26;2026-04-27;Bowlinghaus Bamberg;tournament;Nordbayerische Meisterschaft;3;Finale;Jonathan Nolan;16873;;0;166;0;2536;18;2601;overall_total;2536
25/26;2026-04-27;Bowlinghaus Bamberg;tournament;Nordbayerische Meisterschaft;3;Finale;Jörg Woyscheszik;25350;;0;174;0;2560;17;2601;overall_total;2560
25/26;2026-04-27;Bowlinghaus Bamberg;tournament;Nordbayerische Meisterschaft;3;Finale;Jürgen Reichel;7772;;0;161;0;2411;35;2601;overall_total;2411
25/26;2026-04-27;Bowlinghaus Bamberg;tournament;Nordbayerische Meisterschaft;3;Finale;Kai Bräutigam;38115;;0;188;0;2580;13;2601;overall_total;2580
25/26;2026-04-27;Bowlinghaus Bamberg;tournament;Nordbayerische Meisterschaft;3;Finale;Marc Schmidt;38734;;0;189;0;2463;30;2601;overall_total;2463
25/26;2026-04-27;Bowlinghaus Bamberg;tournament;Nordbayerische Meisterschaft;3;Finale;Mario Burghardt;12248;;0;180;0;2446;31;2601;overall_total;2446
25/26;2026-04-27;Bowlinghaus Bamberg;tournament;Nordbayerische Meisterschaft;3;Finale;Markus Brendel;38034;;0;148;0;2431;33;2601;overall_total;2431
25/26;2026-04-27;Bowlinghaus Bamberg;tournament;Nordbayerische Meisterschaft;3;Finale;Markus Fischer;38237;;0;227;0;2522;24;2601;overall_total;2522
25/26;2026-04-27;Bowlinghaus Bamberg;tournament;Nordbayerische Meisterschaft;3;Finale;Nico Thomas;38134;;0;168;0;2396;36;2601;overall_total;2396
25/26;2026-04-27;Bowlinghaus Bamberg;tournament;Nordbayerische Meisterschaft;3;Finale;Nicolas Hoffmann;38935;;0;175;0;2534;19;2601;overall_total;2534
25/26;2026-04-27;Bowlinghaus Bamberg;tournament;Nordbayerische Meisterschaft;3;Finale;Niklas Weiske;25484;;0;236;0;2835;2;2601;overall_total;2835
25/26;2026-04-27;Bowlinghaus Bamberg;tournament;Nordbayerische Meisterschaft;3;Finale;Patrick Freudl;16796;;0;235;0;2693;7;2601;overall_total;2693
25/26;2026-04-27;Bowlinghaus Bamberg;tournament;Nordbayerische Meisterschaft;3;Finale;Patrick Hardt;16809;;0;192;0;2533;20;2601;overall_total;2533
25/26;2026-04-27;Bowlinghaus Bamberg;tournament;Nordbayerische Meisterschaft;3;Finale;Patrick Stemmler;16495;;0;167;0;2420;34;2601;overall_total;2420
25/26;2026-04-27;Bowlinghaus Bamberg;tournament;Nordbayerische Meisterschaft;3;Finale;Robert Kristof;10124;;0;171;0;2607;10;2601;overall_total;2607
25/26;2026-04-27;Bowlinghaus Bamberg;tournament;Nordbayerische Meisterschaft;3;Finale;Roland Augsdörfer;38549;;0;187;0;2507;26;2601;overall_total;2507
25/26;2026-04-27;Bowlinghaus Bamberg;tournament;Nordbayerische Meisterschaft;3;Finale;Sascha Popp;38981;;0;198;0;2523;23;2601;overall_total;2523
25/26;2026-04-27;Bowlinghaus Bamberg;tournament;Nordbayerische Meisterschaft;3;Finale;Sebastian Gräfe;38687;;0;179;0;2509;25;2601;overall_total;2509
25/26;2026-04-27;Bowlinghaus Bamberg;tournament;Nordbayerische Meisterschaft;3;Finale;Steffen Birkner;25082;;0;205;0;3025;1;2601;overall_total;3025
25/26;2026-04-27;Bowlinghaus Bamberg;tournament;Nordbayerische Meisterschaft;3;Finale;Thomas Moser;38907;;0;216;0;2577;14;2601;overall_total;2577
25/26;2026-04-27;Bowlinghaus Bamberg;tournament;Nordbayerische Meisterschaft;3;Finale;Tim Olde Damink;25521;;0;224;0;2707;6;2601;overall_total;2707
25/26;2026-04-27;Bowlinghaus Bamberg;tournament;Nordbayerische Meisterschaft;3;Finale;Tobias Derbfuss;38270;;0;200;0;2602;11;2601;overall_total;2602
25/26;2026-04-27;Bowlinghaus Bamberg;tournament;Nordbayerische Meisterschaft;3;Finale;Tobias Franz;25638;;0;183;0;2498;27;2601;overall_total;2498
25/26;2026-04-27;Bowlinghaus Bamberg;tournament;Nordbayerische Meisterschaft;3;Finale;Tobias Kramer;38885;;0;225;0;2525;22;2601;overall_total;2525
25/26;2026-04-27;Bowlinghaus Bamberg;tournament;Nordbayerische Meisterschaft;3;Finale;Alexander Schmidt;16292;;1;172;0;2654;28;2806;overall_total;2654
25/26;2026-04-27;Bowlinghaus Bamberg;tournament;Nordbayerische Meisterschaft;3;Finale;Andreas Hernitschek;16386;;1;173;0;2963;4;2806;overall_total;2963
25/26;2026-04-27;Bowlinghaus Bamberg;tournament;Nordbayerische Meisterschaft;3;Finale;Bodo Konieczny;18802;;1;249;0;2904;6;2806;overall_total;2904
25/26;2026-04-27;Bowlinghaus Bamberg;tournament;Nordbayerische Meisterschaft;3;Finale;Christian Feller;16007;;1;173;0;2735;21;2806;overall_total;2735
25/26;2026-04-27;Bowlinghaus Bamberg;tournament;Nordbayerische Meisterschaft;3;Finale;Christian Schuster;7723;;1;221;0;2955;5;2806;overall_total;2955
25/26;2026-04-27;Bowlinghaus Bamberg;tournament;Nordbayerische Meisterschaft;3;Finale;Daniel Alexander;16443;;1;205;0;2806;12;2806;overall_total;2806
25/26;2026-04-27;Bowlinghaus Bamberg;tournament;Nordbayerische Meisterschaft;3;Finale;Daniel Badum;38043;;1;223;0;2751;17;2806;overall_total;2751
25/26;2026-04-27;Bowlinghaus Bamberg;tournament;Nordbayerische Meisterschaft;3;Finale;Dieter Schuster;7721;;1;210;0;2778;14;2806;overall_total;2778
25/26;2026-04-27;Bowlinghaus Bamberg;tournament;Nordbayerische Meisterschaft;3;Finale;Enno Jackwerth;16263;;1;179;0;2624;31;2806;overall_total;2624
25/26;2026-04-27;Bowlinghaus Bamberg;tournament;Nordbayerische Meisterschaft;3;Finale;Eric Gogala;46005;;1;173;0;2967;3;2806;overall_total;2967
25/26;2026-04-27;Bowlinghaus Bamberg;tournament;Nordbayerische Meisterschaft;3;Finale;Horst Schön;16346;;1;170;0;2636;30;2806;overall_total;2636
25/26;2026-04-27;Bowlinghaus Bamberg;tournament;Nordbayerische Meisterschaft;3;Finale;Jochen Birkner;7937;;1;217;0;2882;7;2806;overall_total;2882
25/26;2026-04-27;Bowlinghaus Bamberg;tournament;Nordbayerische Meisterschaft;3;Finale;Jonathan Nolan;16873;;1;213;0;2749;19;2806;overall_total;2749
25/26;2026-04-27;Bowlinghaus Bamberg;tournament;Nordbayerische Meisterschaft;3;Finale;Jörg Woyscheszik;25350;;1;201;0;2761;15;2806;overall_total;2761
25/26;2026-04-27;Bowlinghaus Bamberg;tournament;Nordbayerische Meisterschaft;3;Finale;Jürgen Reichel;7772;;1;158;0;2569;36;2806;overall_total;2569
25/26;2026-04-27;Bowlinghaus Bamberg;tournament;Nordbayerische Meisterschaft;3;Finale;Kai Bräutigam;38115;;1;229;0;2809;11;2806;overall_total;2809
25/26;2026-04-27;Bowlinghaus Bamberg;tournament;Nordbayerische Meisterschaft;3;Finale;Marc Schmidt;38734;;1;184;0;2647;29;2806;overall_total;2647
25/26;2026-04-27;Bowlinghaus Bamberg;tournament;Nordbayerische Meisterschaft;3;Finale;Mario Burghardt;12248;;1;177;0;2623;32;2806;overall_total;2623
25/26;2026-04-27;Bowlinghaus Bamberg;tournament;Nordbayerische Meisterschaft;3;Finale;Markus Brendel;38034;;1;176;0;2607;33;2806;overall_total;2607
25/26;2026-04-27;Bowlinghaus Bamberg;tournament;Nordbayerische Meisterschaft;3;Finale;Markus Fischer;38237;;1;188;0;2710;24;2806;overall_total;2710
25/26;2026-04-27;Bowlinghaus Bamberg;tournament;Nordbayerische Meisterschaft;3;Finale;Nico Thomas;38134;;1;192;0;2588;35;2806;overall_total;2588
25/26;2026-04-27;Bowlinghaus Bamberg;tournament;Nordbayerische Meisterschaft;3;Finale;Nicolas Hoffmann;38935;;1;186;0;2720;22;2806;overall_total;2720
25/26;2026-04-27;Bowlinghaus Bamberg;tournament;Nordbayerische Meisterschaft;3;Finale;Niklas Weiske;25484;;1;214;0;3049;2;2806;overall_total;3049
25/26;2026-04-27;Bowlinghaus Bamberg;tournament;Nordbayerische Meisterschaft;3;Finale;Patrick Freudl;16796;;1;159;0;2852;9;2806;overall_total;2852
25/26;2026-04-27;Bowlinghaus Bamberg;tournament;Nordbayerische Meisterschaft;3;Finale;Patrick Hardt;16809;;1;220;0;2753;16;2806;overall_total;2753
25/26;2026-04-27;Bowlinghaus Bamberg;tournament;Nordbayerische Meisterschaft;3;Finale;Patrick Stemmler;16495;;1;172;0;2592;34;2806;overall_total;2592
25/26;2026-04-27;Bowlinghaus Bamberg;tournament;Nordbayerische Meisterschaft;3;Finale;Robert Kristof;10124;;1;193;0;2800;13;2806;overall_total;2800
25/26;2026-04-27;Bowlinghaus Bamberg;tournament;Nordbayerische Meisterschaft;3;Finale;Roland Augsdörfer;38549;;1;157;0;2664;26;2806;overall_total;2664
25/26;2026-04-27;Bowlinghaus Bamberg;tournament;Nordbayerische Meisterschaft;3;Finale;Sascha Popp;38981;;1;173;0;2696;25;2806;overall_total;2696
25/26;2026-04-27;Bowlinghaus Bamberg;tournament;Nordbayerische Meisterschaft;3;Finale;Sebastian Gräfe;38687;;1;234;0;2743;20;2806;overall_total;2743
25/26;2026-04-27;Bowlinghaus Bamberg;tournament;Nordbayerische Meisterschaft;3;Finale;Steffen Birkner;25082;;1;209;0;3234;1;2806;overall_total;3234
25/26;2026-04-27;Bowlinghaus Bamberg;tournament;Nordbayerische Meisterschaft;3;Finale;Thomas Moser;38907;;1;174;0;2751;18;2806;overall_total;2751
25/26;2026-04-27;Bowlinghaus Bamberg;tournament;Nordbayerische Meisterschaft;3;Finale;Tim Olde Damink;25521;;1;162;0;2869;8;2806;overall_total;2869
25/26;2026-04-27;Bowlinghaus Bamberg;tournament;Nordbayerische Meisterschaft;3;Finale;Tobias Derbfuss;38270;;1;237;0;2839;10;2806;overall_total;2839
25/26;2026-04-27;Bowlinghaus Bamberg;tournament;Nordbayerische Meisterschaft;3;Finale;Tobias Franz;25638;;1;165;0;2663;27;2806;overall_total;2663
25/26;2026-04-27;Bowlinghaus Bamberg;tournament;Nordbayerische Meisterschaft;3;Finale;Tobias Kramer;38885;;1;186;0;2711;23;2806;overall_total;2711
25/26;2026-04-27;Bowlinghaus Bamberg;tournament;Nordbayerische Meisterschaft;3;Finale;Alexander Schmidt;16292;;2;223;0;2877;23;3014;overall_total;2877
25/26;2026-04-27;Bowlinghaus Bamberg;tournament;Nordbayerische Meisterschaft;3;Finale;Andreas Hernitschek;16386;;2;245;0;3208;3;3014;overall_total;3208
25/26;2026-04-27;Bowlinghaus Bamberg;tournament;Nordbayerische Meisterschaft;3;Finale;Bodo Konieczny;18802;;2;176;0;3080;6;3014;overall_total;3080
25/26;2026-04-27;Bowlinghaus Bamberg;tournament;Nordbayerische Meisterschaft;3;Finale;Christian Feller;16007;;2;198;0;2933;19;3014;overall_total;2933
25/26;2026-04-27;Bowlinghaus Bamberg;tournament;Nordbayerische Meisterschaft;3;Finale;Christian Schuster;7723;;2;184;0;3139;4;3014;overall_total;3139
25/26;2026-04-27;Bowlinghaus Bamberg;tournament;Nordbayerische Meisterschaft;3;Finale;Daniel Alexander;16443;;2;197;0;3003;13;3014;overall_total;3003
25/26;2026-04-27;Bowlinghaus Bamberg;tournament;Nordbayerische Meisterschaft;3;Finale;Daniel Badum;38043;;2;225;0;2976;15;3014;overall_total;2976
25/26;2026-04-27;Bowlinghaus Bamberg;tournament;Nordbayerische Meisterschaft;3;Finale;Dieter Schuster;7721;;2;190;0;2968;16;3014;overall_total;2968
25/26;2026-04-27;Bowlinghaus Bamberg;tournament;Nordbayerische Meisterschaft;3;Finale;Enno Jackwerth;16263;;2;190;0;2814;30;3014;overall_total;2814
25/26;2026-04-27;Bowlinghaus Bamberg;tournament;Nordbayerische Meisterschaft;3;Finale;Eric Gogala;46005;;2;150;0;3117;5;3014;overall_total;3117
25/26;2026-04-27;Bowlinghaus Bamberg;tournament;Nordbayerische Meisterschaft;3;Finale;Horst Schön;16346;;2;150;0;2786;33;3014;overall_total;2786
25/26;2026-04-27;Bowlinghaus Bamberg;tournament;Nordbayerische Meisterschaft;3;Finale;Jochen Birkner;7937;;2;135;0;3017;11;3014;overall_total;3017
25/26;2026-04-27;Bowlinghaus Bamberg;tournament;Nordbayerische Meisterschaft;3;Finale;Jonathan Nolan;16873;;2;171;0;2920;20;3014;overall_total;2920
25/26;2026-04-27;Bowlinghaus Bamberg;tournament;Nordbayerische Meisterschaft;3;Finale;Jörg Woyscheszik;25350;;2;205;0;2966;17;3014;overall_total;2966
25/26;2026-04-27;Bowlinghaus Bamberg;tournament;Nordbayerische Meisterschaft;3;Finale;Jürgen Reichel;7772;;2;165;0;2734;36;3014;overall_total;2734
25/26;2026-04-27;Bowlinghaus Bamberg;tournament;Nordbayerische Meisterschaft;3;Finale;Kai Bräutigam;38115;;2;212;0;3021;10;3014;overall_total;3021
25/26;2026-04-27;Bowlinghaus Bamberg;tournament;Nordbayerische Meisterschaft;3;Finale;Marc Schmidt;38734;;2;190;0;2837;28;3014;overall_total;2837
25/26;2026-04-27;Bowlinghaus Bamberg;tournament;Nordbayerische Meisterschaft;3;Finale;Mario Burghardt;12248;;2;187;0;2810;31;3014;overall_total;2810
25/26;2026-04-27;Bowlinghaus Bamberg;tournament;Nordbayerische Meisterschaft;3;Finale;Markus Brendel;38034;;2;160;0;2767;34;3014;overall_total;2767
25/26;2026-04-27;Bowlinghaus Bamberg;tournament;Nordbayerische Meisterschaft;3;Finale;Markus Fischer;38237;;2;193;0;2903;21;3014;overall_total;2903
25/26;2026-04-27;Bowlinghaus Bamberg;tournament;Nordbayerische Meisterschaft;3;Finale;Nico Thomas;38134;;2;203;0;2791;32;3014;overall_total;2791
25/26;2026-04-27;Bowlinghaus Bamberg;tournament;Nordbayerische Meisterschaft;3;Finale;Nicolas Hoffmann;38935;;2;150;0;2870;25;3014;overall_total;2870
25/26;2026-04-27;Bowlinghaus Bamberg;tournament;Nordbayerische Meisterschaft;3;Finale;Niklas Weiske;25484;;2;217;0;3266;2;3014;overall_total;3266
25/26;2026-04-27;Bowlinghaus Bamberg;tournament;Nordbayerische Meisterschaft;3;Finale;Patrick Freudl;16796;;2;212;0;3064;7;3014;overall_total;3064
25/26;2026-04-27;Bowlinghaus Bamberg;tournament;Nordbayerische Meisterschaft;3;Finale;Patrick Hardt;16809;;2;146;0;2899;22;3014;overall_total;2899
25/26;2026-04-27;Bowlinghaus Bamberg;tournament;Nordbayerische Meisterschaft;3;Finale;Patrick Stemmler;16495;;2;164;0;2756;35;3014;overall_total;2756
25/26;2026-04-27;Bowlinghaus Bamberg;tournament;Nordbayerische Meisterschaft;3;Finale;Robert Kristof;10124;;2;214;0;3014;12;3014;overall_total;3014
25/26;2026-04-27;Bowlinghaus Bamberg;tournament;Nordbayerische Meisterschaft;3;Finale;Roland Augsdörfer;38549;;2;166;0;2830;29;3014;overall_total;2830
25/26;2026-04-27;Bowlinghaus Bamberg;tournament;Nordbayerische Meisterschaft;3;Finale;Sascha Popp;38981;;2;147;0;2843;27;3014;overall_total;2843
25/26;2026-04-27;Bowlinghaus Bamberg;tournament;Nordbayerische Meisterschaft;3;Finale;Sebastian Gräfe;38687;;2;206;0;2949;18;3014;overall_total;2949
25/26;2026-04-27;Bowlinghaus Bamberg;tournament;Nordbayerische Meisterschaft;3;Finale;Steffen Birkner;25082;;2;235;0;3469;1;3014;overall_total;3469
25/26;2026-04-27;Bowlinghaus Bamberg;tournament;Nordbayerische Meisterschaft;3;Finale;Thomas Moser;38907;;2;235;0;2986;14;3014;overall_total;2986
25/26;2026-04-27;Bowlinghaus Bamberg;tournament;Nordbayerische Meisterschaft;3;Finale;Tim Olde Damink;25521;;2;181;0;3050;8;3014;overall_total;3050
25/26;2026-04-27;Bowlinghaus Bamberg;tournament;Nordbayerische Meisterschaft;3;Finale;Tobias Derbfuss;38270;;2;184;0;3023;9;3014;overall_total;3023
25/26;2026-04-27;Bowlinghaus Bamberg;tournament;Nordbayerische Meisterschaft;3;Finale;Tobias Franz;25638;;2;182;0;2845;26;3014;overall_total;2845
25/26;2026-04-27;Bowlinghaus Bamberg;tournament;Nordbayerische Meisterschaft;3;Finale;Tobias Kramer;38885;;2;165;0;2876;24;3014;overall_total;2876
25/26;2026-04-27;Bowlinghaus Bamberg;tournament;Nordbayerische Meisterschaft;3;Finale;Alexander Schmidt;16292;;3;192;0;3069;23;3228;overall_total;3069
25/26;2026-04-27;Bowlinghaus Bamberg;tournament;Nordbayerische Meisterschaft;3;Finale;Andreas Hernitschek;16386;;3;186;0;3394;3;3228;overall_total;3394
25/26;2026-04-27;Bowlinghaus Bamberg;tournament;Nordbayerische Meisterschaft;3;Finale;Bodo Konieczny;18802;;3;215;0;3295;6;3228;overall_total;3295
25/26;2026-04-27;Bowlinghaus Bamberg;tournament;Nordbayerische Meisterschaft;3;Finale;Christian Feller;16007;;3;268;0;3201;14;3228;overall_total;3201
25/26;2026-04-27;Bowlinghaus Bamberg;tournament;Nordbayerische Meisterschaft;3;Finale;Christian Schuster;7723;;3;164;0;3303;5;3228;overall_total;3303
25/26;2026-04-27;Bowlinghaus Bamberg;tournament;Nordbayerische Meisterschaft;3;Finale;Daniel Alexander;16443;;3;225;0;3228;12;3228;overall_total;3228
25/26;2026-04-27;Bowlinghaus Bamberg;tournament;Nordbayerische Meisterschaft;3;Finale;Daniel Badum;38043;;3;195;0;3171;16;3228;overall_total;3171
25/26;2026-04-27;Bowlinghaus Bamberg;tournament;Nordbayerische Meisterschaft;3;Finale;Dieter Schuster;7721;;3;200;0;3168;18;3228;overall_total;3168
25/26;2026-04-27;Bowlinghaus Bamberg;tournament;Nordbayerische Meisterschaft;3;Finale;Enno Jackwerth;16263;;3;215;0;3029;30;3228;overall_total;3029
25/26;2026-04-27;Bowlinghaus Bamberg;tournament;Nordbayerische Meisterschaft;3;Finale;Eric Gogala;46005;;3;245;0;3362;4;3228;overall_total;3362
25/26;2026-04-27;Bowlinghaus Bamberg;tournament;Nordbayerische Meisterschaft;3;Finale;Horst Schön;16346;;3;151;0;2937;34;3228;overall_total;2937
25/26;2026-04-27;Bowlinghaus Bamberg;tournament;Nordbayerische Meisterschaft;3;Finale;Jochen Birkner;7937;;3;224;0;3241;9;3228;overall_total;3241
25/26;2026-04-27;Bowlinghaus Bamberg;tournament;Nordbayerische Meisterschaft;3;Finale;Jonathan Nolan;16873;;3;178;0;3098;21;3228;overall_total;3098
25/26;2026-04-27;Bowlinghaus Bamberg;tournament;Nordbayerische Meisterschaft;3;Finale;Jörg Woyscheszik;25350;;3;211;0;3177;15;3228;overall_total;3177
25/26;2026-04-27;Bowlinghaus Bamberg;tournament;Nordbayerische Meisterschaft;3;Finale;Jürgen Reichel;7772;;3;181;0;2915;35;3228;overall_total;2915
25/26;2026-04-27;Bowlinghaus Bamberg;tournament;Nordbayerische Meisterschaft;3;Finale;Kai Bräutigam;38115;;3;244;0;3265;8;3228;overall_total;3265
25/26;2026-04-27;Bowlinghaus Bamberg;tournament;Nordbayerische Meisterschaft;3;Finale;Marc Schmidt;38734;;3;210;0;3047;27;3228;overall_total;3047
25/26;2026-04-27;Bowlinghaus Bamberg;tournament;Nordbayerische Meisterschaft;3;Finale;Mario Burghardt;12248;;3;128;0;2938;33;3228;overall_total;2938
25/26;2026-04-27;Bowlinghaus Bamberg;tournament;Nordbayerische Meisterschaft;3;Finale;Markus Brendel;38034;;3;213;0;2980;31;3228;overall_total;2980
25/26;2026-04-27;Bowlinghaus Bamberg;tournament;Nordbayerische Meisterschaft;3;Finale;Markus Fischer;38237;;3;215;0;3118;20;3228;overall_total;3118
25/26;2026-04-27;Bowlinghaus Bamberg;tournament;Nordbayerische Meisterschaft;3;Finale;Nico Thomas;38134;;3;178;0;2969;32;3228;overall_total;2969
25/26;2026-04-27;Bowlinghaus Bamberg;tournament;Nordbayerische Meisterschaft;3;Finale;Nicolas Hoffmann;38935;;3;203;0;3073;22;3228;overall_total;3073
25/26;2026-04-27;Bowlinghaus Bamberg;tournament;Nordbayerische Meisterschaft;3;Finale;Niklas Weiske;25484;;3;228;0;3494;2;3228;overall_total;3494
25/26;2026-04-27;Bowlinghaus Bamberg;tournament;Nordbayerische Meisterschaft;3;Finale;Patrick Freudl;16796;;3;171;0;3235;10;3228;overall_total;3235
25/26;2026-04-27;Bowlinghaus Bamberg;tournament;Nordbayerische Meisterschaft;3;Finale;Patrick Hardt;16809;;3;169;0;3068;24;3228;overall_total;3068
25/26;2026-04-27;Bowlinghaus Bamberg;tournament;Nordbayerische Meisterschaft;3;Finale;Patrick Stemmler;16495;;3;156;0;2912;36;3228;overall_total;2912
25/26;2026-04-27;Bowlinghaus Bamberg;tournament;Nordbayerische Meisterschaft;3;Finale;Robert Kristof;10124;;3;218;0;3232;11;3228;overall_total;3232
25/26;2026-04-27;Bowlinghaus Bamberg;tournament;Nordbayerische Meisterschaft;3;Finale;Roland Augsdörfer;38549;;3;235;0;3065;26;3228;overall_total;3065
25/26;2026-04-27;Bowlinghaus Bamberg;tournament;Nordbayerische Meisterschaft;3;Finale;Sascha Popp;38981;;3;194;0;3037;28;3228;overall_total;3037
25/26;2026-04-27;Bowlinghaus Bamberg;tournament;Nordbayerische Meisterschaft;3;Finale;Sebastian Gräfe;38687;;3;222;0;3171;17;3228;overall_total;3171
25/26;2026-04-27;Bowlinghaus Bamberg;tournament;Nordbayerische Meisterschaft;3;Finale;Steffen Birkner;25082;;3;172;0;3641;1;3228;overall_total;3641
25/26;2026-04-27;Bowlinghaus Bamberg;tournament;Nordbayerische Meisterschaft;3;Finale;Thomas Moser;38907;;3;165;0;3151;19;3228;overall_total;3151
25/26;2026-04-27;Bowlinghaus Bamberg;tournament;Nordbayerische Meisterschaft;3;Finale;Tim Olde Damink;25521;;3;216;0;3266;7;3228;overall_total;3266
25/26;2026-04-27;Bowlinghaus Bamberg;tournament;Nordbayerische Meisterschaft;3;Finale;Tobias Derbfuss;38270;;3;194;0;3217;13;3228;overall_total;3217
25/26;2026-04-27;Bowlinghaus Bamberg;tournament;Nordbayerische Meisterschaft;3;Finale;Tobias Franz;25638;;3;190;0;3035;29;3228;overall_total;3035
25/26;2026-04-27;Bowlinghaus Bamberg;tournament;Nordbayerische Meisterschaft;3;Finale;Tobias Kramer;38885;;3;192;0;3068;25;3228;overall_total;3068
25/26;2026-04-27;Bowlinghaus Bamberg;tournament;Nordbayerische Meisterschaft;3;Finale;Alexander Schmidt;16292;;4;193;0;3262;25;3403;overall_total;3262
25/26;2026-04-27;Bowlinghaus Bamberg;tournament;Nordbayerische Meisterschaft;3;Finale;Andreas Hernitschek;16386;;4;216;0;3610;3;3403;overall_total;3610
25/26;2026-04-27;Bowlinghaus Bamberg;tournament;Nordbayerische Meisterschaft;3;Finale;Bodo Konieczny;18802;;4;162;0;3457;11;3403;overall_total;3457
25/26;2026-04-27;Bowlinghaus Bamberg;tournament;Nordbayerische Meisterschaft;3;Finale;Christian Feller;16007;;4;202;0;3403;12;3403;overall_total;3403
25/26;2026-04-27;Bowlinghaus Bamberg;tournament;Nordbayerische Meisterschaft;3;Finale;Christian Schuster;7723;;4;226;0;3529;4;3403;overall_total;3529
25/26;2026-04-27;Bowlinghaus Bamberg;tournament;Nordbayerische Meisterschaft;3;Finale;Daniel Alexander;16443;;4;249;0;3477;8;3403;overall_total;3477
25/26;2026-04-27;Bowlinghaus Bamberg;tournament;Nordbayerische Meisterschaft;3;Finale;Daniel Badum;38043;;4;192;0;3363;15;3403;overall_total;3363
25/26;2026-04-27;Bowlinghaus Bamberg;tournament;Nordbayerische Meisterschaft;3;Finale;Dieter Schuster;7721;;4;179;0;3347;17;3403;overall_total;3347
25/26;2026-04-27;Bowlinghaus Bamberg;tournament;Nordbayerische Meisterschaft;3;Finale;Enno Jackwerth;16263;;4;195;0;3224;29;3403;overall_total;3224
25/26;2026-04-27;Bowlinghaus Bamberg;tournament;Nordbayerische Meisterschaft;3;Finale;Eric Gogala;46005;;4;164;0;3526;5;3403;overall_total;3526
25/26;2026-04-27;Bowlinghaus Bamberg;tournament;Nordbayerische Meisterschaft;3;Finale;Horst Schön;16346;;4;184;0;3121;34;3403;overall_total;3121
25/26;2026-04-27;Bowlinghaus Bamberg;tournament;Nordbayerische Meisterschaft;3;Finale;Jochen Birkner;7937;;4;244;0;3485;6;3403;overall_total;3485
25/26;2026-04-27;Bowlinghaus Bamberg;tournament;Nordbayerische Meisterschaft;3;Finale;Jonathan Nolan;16873;;4;184;0;3282;22;3403;overall_total;3282
25/26;2026-04-27;Bowlinghaus Bamberg;tournament;Nordbayerische Meisterschaft;3;Finale;Jörg Woyscheszik;25350;;4;174;0;3351;16;3403;overall_total;3351
25/26;2026-04-27;Bowlinghaus Bamberg;tournament;Nordbayerische Meisterschaft;3;Finale;Jürgen Reichel;7772;;4;148;0;3063;36;3403;overall_total;3063
25/26;2026-04-27;Bowlinghaus Bamberg;tournament;Nordbayerische Meisterschaft;3;Finale;Kai Bräutigam;38115;;4;128;0;3393;13;3403;overall_total;3393
25/26;2026-04-27;Bowlinghaus Bamberg;tournament;Nordbayerische Meisterschaft;3;Finale;Marc Schmidt;38734;;4;228;0;3275;24;3403;overall_total;3275
25/26;2026-04-27;Bowlinghaus Bamberg;tournament;Nordbayerische Meisterschaft;3;Finale;Mario Burghardt;12248;;4;161;0;3099;35;3403;overall_total;3099
25/26;2026-04-27;Bowlinghaus Bamberg;tournament;Nordbayerische Meisterschaft;3;Finale;Markus Brendel;38034;;4;166;0;3146;32;3403;overall_total;3146
25/26;2026-04-27;Bowlinghaus Bamberg;tournament;Nordbayerische Meisterschaft;3;Finale;Markus Fischer;38237;;4;159;0;3277;23;3403;overall_total;3277
25/26;2026-04-27;Bowlinghaus Bamberg;tournament;Nordbayerische Meisterschaft;3;Finale;Nico Thomas;38134;;4;178;0;3147;31;3403;overall_total;3147
25/26;2026-04-27;Bowlinghaus Bamberg;tournament;Nordbayerische Meisterschaft;3;Finale;Nicolas Hoffmann;38935;;4;214;0;3287;21;3403;overall_total;3287
25/26;2026-04-27;Bowlinghaus Bamberg;tournament;Nordbayerische Meisterschaft;3;Finale;Niklas Weiske;25484;;4;209;0;3703;2;3403;overall_total;3703
25/26;2026-04-27;Bowlinghaus Bamberg;tournament;Nordbayerische Meisterschaft;3;Finale;Patrick Freudl;16796;;4;237;0;3472;9;3403;overall_total;3472
25/26;2026-04-27;Bowlinghaus Bamberg;tournament;Nordbayerische Meisterschaft;3;Finale;Patrick Hardt;16809;;4;242;0;3310;20;3403;overall_total;3310
25/26;2026-04-27;Bowlinghaus Bamberg;tournament;Nordbayerische Meisterschaft;3;Finale;Patrick Stemmler;16495;;4;214;0;3126;33;3403;overall_total;3126
25/26;2026-04-27;Bowlinghaus Bamberg;tournament;Nordbayerische Meisterschaft;3;Finale;Robert Kristof;10124;;4;226;0;3458;10;3403;overall_total;3458
25/26;2026-04-27;Bowlinghaus Bamberg;tournament;Nordbayerische Meisterschaft;3;Finale;Roland Augsdörfer;38549;;4;194;0;3259;26;3403;overall_total;3259
25/26;2026-04-27;Bowlinghaus Bamberg;tournament;Nordbayerische Meisterschaft;3;Finale;Sascha Popp;38981;;4;205;0;3242;28;3403;overall_total;3242
25/26;2026-04-27;Bowlinghaus Bamberg;tournament;Nordbayerische Meisterschaft;3;Finale;Sebastian Gräfe;38687;;4;156;0;3327;19;3403;overall_total;3327
25/26;2026-04-27;Bowlinghaus Bamberg;tournament;Nordbayerische Meisterschaft;3;Finale;Steffen Birkner;25082;;4;202;0;3843;1;3403;overall_total;3843
25/26;2026-04-27;Bowlinghaus Bamberg;tournament;Nordbayerische Meisterschaft;3;Finale;Thomas Moser;38907;;4;194;0;3345;18;3403;overall_total;3345
25/26;2026-04-27;Bowlinghaus Bamberg;tournament;Nordbayerische Meisterschaft;3;Finale;Tim Olde Damink;25521;;4;214;0;3480;7;3403;overall_total;3480
25/26;2026-04-27;Bowlinghaus Bamberg;tournament;Nordbayerische Meisterschaft;3;Finale;Tobias Derbfuss;38270;;4;166;0;3383;14;3403;overall_total;3383
25/26;2026-04-27;Bowlinghaus Bamberg;tournament;Nordbayerische Meisterschaft;3;Finale;Tobias Franz;25638;;4;167;0;3202;30;3403;overall_total;3202
25/26;2026-04-27;Bowlinghaus Bamberg;tournament;Nordbayerische Meisterschaft;3;Finale;Tobias Kramer;38885;;4;188;0;3256;27;3403;overall_total;3256
25/26;2026-04-27;Bowlinghaus Bamberg;tournament;Nordbayerische Meisterschaft;3;Finale;Alexander Schmidt;16292;;5;195;0;3457;21;3606;overall_total;3457
25/26;2026-04-27;Bowlinghaus Bamberg;tournament;Nordbayerische Meisterschaft;3;Finale;Andreas Hernitschek;16386;;5;214;0;3824;3;3606;overall_total;3824
25/26;2026-04-27;Bowlinghaus Bamberg;tournament;Nordbayerische Meisterschaft;3;Finale;Bodo Konieczny;18802;;5;179;0;3636;11;3606;overall_total;3636
25/26;2026-04-27;Bowlinghaus Bamberg;tournament;Nordbayerische Meisterschaft;3;Finale;Christian Feller;16007;;5;203;0;3606;12;3606;overall_total;3606
25/26;2026-04-27;Bowlinghaus Bamberg;tournament;Nordbayerische Meisterschaft;3;Finale;Christian Schuster;7723;;5;234;0;3763;4;3606;overall_total;3763
25/26;2026-04-27;Bowlinghaus Bamberg;tournament;Nordbayerische Meisterschaft;3;Finale;Daniel Alexander;16443;;5;193;0;3670;9;3606;overall_total;3670
25/26;2026-04-27;Bowlinghaus Bamberg;tournament;Nordbayerische Meisterschaft;3;Finale;Daniel Badum;38043;;5;151;0;3514;19;3606;overall_total;3514
25/26;2026-04-27;Bowlinghaus Bamberg;tournament;Nordbayerische Meisterschaft;3;Finale;Dieter Schuster;7721;;5;191;0;3538;17;3606;overall_total;3538
25/26;2026-04-27;Bowlinghaus Bamberg;tournament;Nordbayerische Meisterschaft;3;Finale;Enno Jackwerth;16263;;5;189;0;3413;28;3606;overall_total;3413
25/26;2026-04-27;Bowlinghaus Bamberg;tournament;Nordbayerische Meisterschaft;3;Finale;Eric Gogala;46005;;5;236;0;3762;5;3606;overall_total;3762
25/26;2026-04-27;Bowlinghaus Bamberg;tournament;Nordbayerische Meisterschaft;3;Finale;Horst Schön;16346;;5;220;0;3341;33;3606;overall_total;3341
25/26;2026-04-27;Bowlinghaus Bamberg;tournament;Nordbayerische Meisterschaft;3;Finale;Jochen Birkner;7937;;5;236;0;3721;6;3606;overall_total;3721
25/26;2026-04-27;Bowlinghaus Bamberg;tournament;Nordbayerische Meisterschaft;3;Finale;Jonathan Nolan;16873;;5;159;0;3441;27;3606;overall_total;3441
25/26;2026-04-27;Bowlinghaus Bamberg;tournament;Nordbayerische Meisterschaft;3;Finale;Jörg Woyscheszik;25350;;5;192;0;3543;16;3606;overall_total;3543
25/26;2026-04-27;Bowlinghaus Bamberg;tournament;Nordbayerische Meisterschaft;3;Finale;Jürgen Reichel;7772;;5;225;0;3288;36;3606;overall_total;3288
25/26;2026-04-27;Bowlinghaus Bamberg;tournament;Nordbayerische Meisterschaft;3;Finale;Kai Bräutigam;38115;;5;180;0;3573;13;3606;overall_total;3573
25/26;2026-04-27;Bowlinghaus Bamberg;tournament;Nordbayerische Meisterschaft;3;Finale;Marc Schmidt;38734;;5;170;0;3445;25;3606;overall_total;3445
25/26;2026-04-27;Bowlinghaus Bamberg;tournament;Nordbayerische Meisterschaft;3;Finale;Mario Burghardt;12248;;5;210;0;3309;35;3606;overall_total;3309
25/26;2026-04-27;Bowlinghaus Bamberg;tournament;Nordbayerische Meisterschaft;3;Finale;Markus Brendel;38034;;5;224;0;3370;31;3606;overall_total;3370
25/26;2026-04-27;Bowlinghaus Bamberg;tournament;Nordbayerische Meisterschaft;3;Finale;Markus Fischer;38237;;5;178;0;3455;22;3606;overall_total;3455
25/26;2026-04-27;Bowlinghaus Bamberg;tournament;Nordbayerische Meisterschaft;3;Finale;Nico Thomas;38134;;5;165;0;3312;34;3606;overall_total;3312
25/26;2026-04-27;Bowlinghaus Bamberg;tournament;Nordbayerische Meisterschaft;3;Finale;Nicolas Hoffmann;38935;;5;164;0;3451;23;3606;overall_total;3451
25/26;2026-04-27;Bowlinghaus Bamberg;tournament;Nordbayerische Meisterschaft;3;Finale;Niklas Weiske;25484;;5;195;0;3898;2;3606;overall_total;3898
25/26;2026-04-27;Bowlinghaus Bamberg;tournament;Nordbayerische Meisterschaft;3;Finale;Patrick Freudl;16796;;5;223;0;3695;7;3606;overall_total;3695
25/26;2026-04-27;Bowlinghaus Bamberg;tournament;Nordbayerische Meisterschaft;3;Finale;Patrick Hardt;16809;;5;192;0;3502;20;3606;overall_total;3502
25/26;2026-04-27;Bowlinghaus Bamberg;tournament;Nordbayerische Meisterschaft;3;Finale;Patrick Stemmler;16495;;5;217;0;3343;32;3606;overall_total;3343
25/26;2026-04-27;Bowlinghaus Bamberg;tournament;Nordbayerische Meisterschaft;3;Finale;Robert Kristof;10124;;5;206;0;3664;10;3606;overall_total;3664
25/26;2026-04-27;Bowlinghaus Bamberg;tournament;Nordbayerische Meisterschaft;3;Finale;Roland Augsdörfer;38549;;5;150;0;3409;29;3606;overall_total;3409
25/26;2026-04-27;Bowlinghaus Bamberg;tournament;Nordbayerische Meisterschaft;3;Finale;Sascha Popp;38981;;5;200;0;3442;26;3606;overall_total;3442
25/26;2026-04-27;Bowlinghaus Bamberg;tournament;Nordbayerische Meisterschaft;3;Finale;Sebastian Gräfe;38687;;5;194;0;3521;18;3606;overall_total;3521
25/26;2026-04-27;Bowlinghaus Bamberg;tournament;Nordbayerische Meisterschaft;3;Finale;Steffen Birkner;25082;;5;238;0;4081;1;3606;overall_total;4081
25/26;2026-04-27;Bowlinghaus Bamberg;tournament;Nordbayerische Meisterschaft;3;Finale;Thomas Moser;38907;;5;204;0;3549;15;3606;overall_total;3549
25/26;2026-04-27;Bowlinghaus Bamberg;tournament;Nordbayerische Meisterschaft;3;Finale;Tim Olde Damink;25521;;5;201;0;3681;8;3606;overall_total;3681
25/26;2026-04-27;Bowlinghaus Bamberg;tournament;Nordbayerische Meisterschaft;3;Finale;Tobias Derbfuss;38270;;5;181;0;3564;14;3606;overall_total;3564
25/26;2026-04-27;Bowlinghaus Bamberg;tournament;Nordbayerische Meisterschaft;3;Finale;Tobias Franz;25638;;5;185;0;3387;30;3606;overall_total;3387
25/26;2026-04-27;Bowlinghaus Bamberg;tournament;Nordbayerische Meisterschaft;3;Finale;Tobias Kramer;38885;;5;192;0;3448;24;3606;overall_total;3448
