Season;Date;Location;Event Type;Event Name;Round Number;Round Name;Player;Player ID;Club;Game Number;Score;Handicap;Cumulative Score;Stage Rank;Cut Line;Cut Basis;Overall Cumulative Score
25/26;2026-04-25;Dream Bowl Palace Unterföhring;tournament;Südbayerische Meisterschaft;1;Vorlauf;Alberto Salazar;38113;;0;171;0;171;74;169;overall_total;171
25/26;2026-04-25;Dream Bowl Palace Unterföhring;tournament;Südbayerische Meisterschaft;1;Vorlauf;Alexander Egger;38541;;0;191;0;191;48;169;overall_total;191
25/26;2026-04-25;Dream Bowl Palace Unterföhring;tournament;Südbayerische Meisterschaft;1;Vorlauf;Alexander Koller;7879;;0;190;0;190;52;169;overall_total;190
25/26;2026-04-25;Dream Bowl Palace Unterföhring;tournament;Südbayerische Meisterschaft;1;Vorlauf;Alexander Wiedemann;25849;;0;195;0;195;42;169;overall_total;195
25/26;2026-04-25;Dream Bowl Palace Unterföhring;tournament;Südbayerische Meisterschaft;1;Vorlauf;Alfred Zimmermann;7573;;0;163;0;163;93;169;overall_total;163
25/26;2026-04-25;Dream Bowl Palace Unterföhring;tournament;Südbayerische Meisterschaft;1;Vorlauf;Andre Michow;16965;;0;195;0;195;41;169;overall_total;195
25/26;2026-04-25;Dream Bowl Palace Unterföhring;tournament;Südbayerische Meisterschaft;1;Vorlauf;Andreas Feuerlein;16270;;0;227;0;227;8;169;overall_total;227
25/26;2026-04-25;Dream Bowl Palace Unterföhring;tournament;Südbayerische Meisterschaft;1;Vorlauf;Andreas Heß;7030;;0;181;0;181;57;169;overall_total;181
25/26;2026-04-25;Dream Bowl Palace Unterföhring;tournament;Südbayerische Meisterschaft;1;Vorlauf;Andreas Hölzl;38305;;0;169;0;169;79;169;overall_total;169
25/26;2026-04-25;Dream Bowl Palace Unterföhring;tournament;Südbayerische Meisterschaft;1;Vorlauf;Andreas Schöllhorn;38568;;0;215;0;215;21;169;overall_total;215
25/26;2026-04-25;Dream Bowl Palace Unterföhring;tournament;Südbayerische Meisterschaft;1;Vorlauf;André Knoch;25629;;0;202;0;202;31;169;overall_total;202
25/26;2026-04-25;Dream Bowl Palace Unterföhring;tournament;Südbayerische Meisterschaft;1;Vorlauf;Anton Mutz;25005;;0;183;0;183;56;169;overall_total;183
25/26;2026-04-25;Dream Bowl Palace Unterföhring;tournament;Südbayerische Meisterschaft;1;Vorlauf;Bernd Wiemken;25203;;0;172;0;172;71;169;overall_total;172
25/26;2026-04-25;Dream Bowl Palace Unterföhring;tournament;Südbayerische Meisterschaft;1;Vorlauf;Brandon Alexander Lucas;38648;;0;201;0;201;33;169;overall_total;201
25/26;2026-04-25;Dream Bowl Palace Unterföhring;tournament;Südbayerische Meisterschaft;1;Vorlauf;Bruno Gärtner;25649;;0;162;0;162;96;169;overall_total;162
25/26;2026-04-25;Dream Bowl Palace Unterföhring;tournament;Südbayerische Meisterschaft;1;Vorlauf;Carlo Luft;38652;;0;233;0;233;6;169;overall_total;233
25/26;2026-04-25;Dream Bowl Palace Unterföhring;tournament;Südbayerische Meisterschaft;1;Vorlauf;Christian Müller;38996;;0;163;0;163;92;169;overall_total;163
25/26;2026-04-25;Dream Bowl Palace Unterföhring;tournament;Südbayerische Meisterschaft;1;Vorlauf;Christian Schrempf;7646;;0;178;0;178;62;169;overall_total;178
25/26;2026-04-25;Dream Bowl Palace Unterföhring;tournament;Südbayerische Meisterschaft;1;Vorlauf;Christoph Heiming;38918;;0;161;0;161;102;169;overall_total;161
25/26;2026-04-25;Dream Bowl Palace Unterföhring;tournament;Südbayerische Meisterschaft;1;Vorlauf;Clément Perrin;38995;;0;187;0;187;55;169;overall_total;187
25/26;2026-04-25;Dream Bowl Palace Unterföhring;tournament;Südbayerische Meisterschaft;1;Vorlauf;Daniel Börding;7591;;0;204;0;204;30;169;overall_total;204
25/26;2026-04-25;Dream Bowl Palace Unterföhring;tournament;Südbayerische Meisterschaft;1;Vorlauf;Daniel Hellmich;7314;;0;191;0;191;49;169;overall_total;191
25/26;2026-04-25;Dream Bowl Palace Unterföhring;tournament;Südbayerische Meisterschaft;1;Vorlauf;Daniel Horbas;7341;;0;156;0;156;107;169;overall_total;156
25/26;2026-04-25;Dream Bowl Palace Unterföhring;tournament;Südbayerische Meisterschaft;1;Vorlauf;Daniel Krückel;38933;;0;146;0;146;113;169;overall_total;146
25/26;2026-04-25;Dream Bowl Palace Unterföhring;tournament;Südbayerische Meisterschaft;1;Vorlauf;Dennis Jehle;38954;;0;162;0;162;98;169;overall_total;162
25/26;2026-04-25;Dream Bowl Palace Unterföhring;tournament;Südbayerische Meisterschaft;1;Vorlauf;Dirk Billerbeck;10797;;0;114;0;114;118;169;overall_total;114
25/26;2026-04-25;Dream Bowl Palace Unterföhring;tournament;Südbayerische Meisterschaft;1;Vorlauf;Dirk Kirschke;16876;;0;164;0;164;90;169;overall_total;164
25/26;2026-04-25;Dream Bowl Palace Unterföhring;tournament;Südbayerische Meisterschaft;1;Vorlauf;Eberhard Rietz;25631;;0;244;0;244;3;169;overall_total;244
25/26;2026-04-25;Dream Bowl Palace Unterföhring;tournament;Südbayerische Meisterschaft;1;Vorlauf;Eduard Bolender;25408;;0;178;0;178;61;169;overall_total;178
25/26;2026-04-25;Dream Bowl Palace Unterföhring;tournament;Südbayerische Meisterschaft;1;Vorlauf;Enrico Blättermann;38216;;0;168;0;168;82;169;overall_total;168
25/26;2026-04-25;Dream Bowl Palace Unterföhring;tournament;Südbayerische Meisterschaft;1;Vorlauf;Erwin Meys;38813;;0;167;0;167;85;169;overall_total;167
25/26;2026-04-25;Dream Bowl Palace Unterföhring;tournament;Südbayerische Meisterschaft;1;Vorlauf;Erwin Schmidle;38480;;0;174;0;174;66;169;overall_total;174
25/26;2026-04-25;Dream Bowl Palace Unterföhring;tournament;Südbayerische Meisterschaft;1;Vorlauf;Ewald Kral;7309;;0;181;0;181;58;169;overall_total;181
25/26;2026-04-25;Dream Bowl Palace Unterföhring;tournament;Südbayerische Meisterschaft;1;Vorlauf;Florian Hanauer;38001;;0;190;0;190;51;169;overall_total;190
25/26;2026-04-25;Dream Bowl Palace Unterföhring;tournament;Südbayerische Meisterschaft;1;Vorlauf;Florian Stangl;25690;;0;215;0;215;19;169;overall_total;215
25/26;2026-04-25;Dream Bowl Palace Unterföhring;tournament;Südbayerische Meisterschaft;1;Vorlauf;Gregor Arapow;38575;;0;173;0;173;70;169;overall_total;173
25/26;2026-04-25;Dream Bowl Palace Unterföhring;tournament;Südbayerische Meisterschaft;1;Vorlauf;Günter Denz;16398;;0;178;0;178;60;169;overall_total;178
25/26;2026-04-25;Dream Bowl Palace Unterföhring;tournament;Südbayerische Meisterschaft;1;Vorlauf;Günter Färber;38850;;0;161;0;161;101;169;overall_total;161
25/26;2026-04-25;Dream Bowl Palace Unterföhring;tournament;Südbayerische Meisterschaft;1;Vorlauf;Harald Eggl;25229;;0;198;0;198;38;169;overall_total;198
25/26;2026-04-25;Dream Bowl Palace Unterföhring;tournament;Südbayerische Meisterschaft;1;Vorlauf;Harald Laub;7597;;0;172;0;172;72;169;overall_total;172
25/26;2026-04-25;Dream Bowl Palace Unterföhring;tournament;Südbayerische Meisterschaft;1;Vorlauf;Herbert Forstner;38712;;0;195;0;195;43;169;overall_total;195
25/26;2026-04-25;Dream Bowl Palace Unterföhring;tournament;Südbayerische Meisterschaft;1;Vorlauf;Herward Schulz;38202;;0;142;0;142;115;169;overall_total;142
25/26;2026-04-25;Dream Bowl Palace Unterföhring;tournament;Südbayerische Meisterschaft;1;Vorlauf;Horst Thomas;16327;;0;162;0;162;94;169;overall_total;162
25/26;2026-04-25;Dream Bowl Palace Unterföhring;tournament;Südbayerische Meisterschaft;1;Vorlauf;Jan Musiol;25166;;0;227;0;227;9;169;overall_total;227
25/26;2026-04-25;Dream Bowl Palace Unterföhring;tournament;Südbayerische Meisterschaft;1;Vorlauf;Joachim Geist;16807;;0;154;0;154;111;169;overall_total;154
25/26;2026-04-25;Dream Bowl Palace Unterföhring;tournament;Südbayerische Meisterschaft;1;Vorlauf;Jochen Mücke;38842;;0;220;0;220;17;169;overall_total;220
25/26;2026-04-25;Dream Bowl Palace Unterföhring;tournament;Südbayerische Meisterschaft;1;Vorlauf;Jürgen Beer;25502;;0;200;0;200;36;169;overall_total;200
25/26;2026-04-25;Dream Bowl Palace Unterföhring;tournament;Südbayerische Meisterschaft;1;Vorlauf;Jürgen Hockenjos;25993;;0;158;0;158;104;169;overall_total;158
25/26;2026-04-25;Dream Bowl Palace Unterföhring;tournament;Südbayerische Meisterschaft;1;Vorlauf;Kilian Kral;38510;;0;173;0;173;69;169;overall_total;173
25/26;2026-04-25;Dream Bowl Palace Unterföhring;tournament;Südbayerische Meisterschaft;1;Vorlauf;Klaus Lilge;7080;;0;257;0;257;2;169;overall_total;257
25/26;2026-04-25;Dream Bowl Palace Unterföhring;tournament;Südbayerische Meisterschaft;1;Vorlauf;Konrad Schiller;38186;;0;224;0;224;13;169;overall_total;224
25/26;2026-04-25;Dream Bowl Palace Unterföhring;tournament;Südbayerische Meisterschaft;1;Vorlauf;Kurt Schindlböck;16390;;0;179;0;179;59;169;overall_total;179
25/26;2026-04-25;Dream Bowl Palace Unterföhring;tournament;Südbayerische Meisterschaft;1;Vorlauf;Louis Csallner;38993;;0;194;0;194;46;169;overall_total;194
25/26;2026-04-25;Dream Bowl Palace Unterföhring;tournament;Südbayerische Meisterschaft;1;Vorlauf;Luca Köhler;38665;;0;174;0;174;67;169;overall_total;174
25/26;2026-04-25;Dream Bowl Palace Unterföhring;tournament;Südbayerische Meisterschaft;1;Vorlauf;Lucas Kasenbacher;25340;;0;169;0;169;78;169;overall_total;169
25/26;2026-04-25;Dream Bowl Palace Unterföhring;tournament;Südbayerische Meisterschaft;1;Vorlauf;Manfred Hartl;38065;;0;176;0;176;63;169;overall_total;176
25/26;2026-04-25;Dream Bowl Palace Unterföhring;tournament;Südbayerische Meisterschaft;1;Vorlauf;Manfred Weidinger;38851;;0;166;0;166;87;169;overall_total;166
25/26;2026-04-25;Dream Bowl Palace Unterföhring;tournament;Südbayerische Meisterschaft;1;Vorlauf;Marcel Müller;28367;;0;164;0;164;91;169;overall_total;164
25/26;2026-04-25;Dream Bowl Palace Unterföhring;tournament;Südbayerische Meisterschaft;1;Vorlauf;Marco Probst;7602;;0;169;0;169;80;169;overall_total;169
25/26;2026-04-25;Dream Bowl Palace Unterföhring;tournament;Südbayerische Meisterschaft;1;Vorlauf;Markus Auer;25788;;0;168;0;168;81;169;overall_total;168
25/26;2026-04-25;Dream Bowl Palace Unterföhring;tournament;Südbayerische Meisterschaft;1;Vorlauf;Markus Hanauer;38314;;0;215;0;215;20;169;overall_total;215
25/26;2026-04-25;Dream Bowl Palace Unterföhring;tournament;Südbayerische Meisterschaft;1;Vorlauf;Markus Schmied;38361;;0;213;0;213;23;169;overall_total;213
25/26;2026-04-25;Dream Bowl Palace Unterföhring;tournament;Südbayerische Meisterschaft;1;Vorlauf;Martin Küchler;25826;;0;187;0;187;53;169;overall_total;187
25/26;2026-04-25;Dream Bowl Palace Unterföhring;tournament;Südbayerische Meisterschaft;1;Vorlauf;Matthias Kuchling;16583;;0;155;0;155;109;169;overall_total;155
25/26;2026-04-25;Dream Bowl Palace Unterföhring;tournament;Südbayerische Meisterschaft;1;Vorlauf;Max Wiemken;25557;;0;158;0;158;103;169;overall_total;158
25/26;2026-04-25;Dream Bowl Palace Unterföhring;tournament;Südbayerische Meisterschaft;1;Vorlauf;Maximilian Herrmann;38892;;0;168;0;168;83;169;overall_total;168
25/26;2026-04-25;Dream Bowl Palace Unterföhring;tournament;Südbayerische Meisterschaft;1;Vorlauf;Michael Auer;38459;;0;216;0;216;18;169;overall_total;216
25/26;2026-04-25;Dream Bowl Palace Unterföhring;tournament;Südbayerische Meisterschaft;1;Vorlauf;Michael Brandt;38110;;0;194;0;194;45;169;overall_total;194
25/26;2026-04-25;Dream Bowl Palace Unterföhring;tournament;Südbayerische Meisterschaft;1;Vorlauf;Michael Egger;25785;;0;200;0;200;37;169;overall_total;200
25/26;2026-04-25;Dream Bowl Palace Unterföhring;tournament;Südbayerische Meisterschaft;1;Vorlauf;Michael Eisenmann-Seybold;7595;;0;237;0;237;5;169;overall_total;237
25/26;2026-04-25;Dream Bowl Palace Unterföhring;tournament;Südbayerische Meisterschaft;1;Vorlauf;Michael Görn;7412;;0;128;0;128;117;169;overall_total;128
25/26;2026-04-25;Dream Bowl Palace Unterföhring;tournament;Südbayerische Meisterschaft;1;Vorlauf;Michael Ring;7317;;0;157;0;157;106;169;overall_total;157
25/26;2026-04-25;Dream Bowl Palace Unterföhring;tournament;Südbayerische Meisterschaft;1;Vorlauf;Michael Ruppert;38887;;0;162;0;162;97;169;overall_total;162
25/26;2026-04-25;Dream Bowl Palace Unterföhring;tournament;Südbayerische Meisterschaft;1;Vorlauf;Moritz Wiemken;25830;;0;243;0;243;4;169;overall_total;243
25/26;2026-04-25;Dream Bowl Palace Unterföhring;tournament;Südbayerische Meisterschaft;1;Vorlauf;Nicolas Kabel;38092;;0;137;0;137;116;169;overall_total;137
25/26;2026-04-25;Dream Bowl Palace Unterföhring;tournament;Südbayerische Meisterschaft;1;Vorlauf;Olaf Krebs;16325;;0;170;0;170;75;169;overall_total;170
25/26;2026-04-25;Dream Bowl Palace Unterföhring;tournament;Südbayerische Meisterschaft;1;Vorlauf;Oliver Schütze;38550;;0;193;0;193;47;169;overall_total;193
25/26;2026-04-25;Dream Bowl Palace Unterföhring;tournament;Südbayerische Meisterschaft;1;Vorlauf;Pascal Gruber;38957;;0;175;0;175;64;169;overall_total;175
25/26;2026-04-25;Dream Bowl Palace Unterföhring;tournament;Südbayerische Meisterschaft;1;Vorlauf;Patrick Baszler;7886;;0;211;0;211;25;169;overall_total;211
25/26;2026-04-25;Dream Bowl Palace Unterföhring;tournament;Südbayerische Meisterschaft;1;Vorlauf;Patrick Thurner;38530;;0;165;0;165;88;169;overall_total;165
25/26;2026-04-25;Dream Bowl Palace Unterföhring;tournament;Südbayerische Meisterschaft;1;Vorlauf;Peter Börding;7593;;0;233;0;233;7;169;overall_total;233
25/26;2026-04-25;Dream Bowl Palace Unterföhring;tournament;Südbayerische Meisterschaft;1;Vorlauf;Peter Faßold;25390;;0;167;0;167;84;169;overall_total;167
25/26;2026-04-25;Dream Bowl Palace Unterföhring;tournament;Südbayerische Meisterschaft;1;Vorlauf;Peter Steub;38586;;0;157;0;157;105;169;overall_total;157
25/26;2026-04-25;Dream Bowl Palace Unterföhring;tournament;Südbayerische Meisterschaft;1;Vorlauf;Peter Walch;7493;;0;221;0;221;16;169;overall_total;221
25/26;2026-04-25;Dream Bowl Palace Unterföhring;tournament;Südbayerische Meisterschaft;1;Vorlauf;Peter van Lengen;25297;;0;161;0;161;99;169;overall_total;161
25/26;2026-04-25;Dream Bowl Palace Unterföhring;tournament;Südbayerische Meisterschaft;1;Vorlauf;Raiko Elze;38912;;0;201;0;201;34;169;overall_total;201
25/26;2026-04-25;Dream Bowl Palace Unterföhring;tournament;Südbayerische Meisterschaft;1;Vorlauf;Rainer Schöllhorn;16069;;0;206;0;206;28;169;overall_total;206
25/26;2026-04-25;Dream Bowl Palace Unterföhring;tournament;Südbayerische Meisterschaft;1;Vorlauf;Ralf Mielke;25842;;0;187;0;187;54;169;overall_total;187
25/26;2026-04-25;Dream Bowl Palace Unterföhring;tournament;Südbayerische Meisterschaft;1;Vorlauf;Raphael Hofmann;38963;;0;198;0;198;39;169;overall_total;198
25/26;2026-04-25;Dream Bowl Palace Unterföhring;tournament;Südbayerische Meisterschaft;1;Vorlauf;René Erben;25953;;0;211;0;211;24;169;overall_total;211
25/26;2026-04-25;Dream Bowl Palace Unterföhring;tournament;Südbayerische Meisterschaft;1;Vorlauf;René Schanze;16524;;0;170;0;170;76;169;overall_total;170
25/26;2026-04-25;Dream Bowl Palace Unterföhring;tournament;Südbayerische Meisterschaft;1;Vorlauf;Robert Faltermeier;38472;;0;161;0;161;100;169;overall_total;161
25/26;2026-04-25;Dream Bowl Palace Unterföhring;tournament;Südbayerische Meisterschaft;1;Vorlauf;Robert Meissl;25778;;0;201;0;201;32;169;overall_total;201
25/26;2026-04-25;Dream Bowl Palace Unterföhring;tournament;Südbayerische Meisterschaft;1;Vorlauf;Roberto Di Stefano;38970;;0;201;0;201;35;169;overall_total;201
25/26;2026-04-25;Dream Bowl Palace Unterföhring;tournament;Südbayerische Meisterschaft;1;Vorlauf;Roland Hannemann;16336;;0;226;0;226;10;169;overall_total;226
25/26;2026-04-25;Dream Bowl Palace Unterföhring;tournament;Südbayerische Meisterschaft;1;Vorlauf;Roland Heumos;38388;;0;152;0;152;112;169;overall_total;152
25/26;2026-04-25;Dream Bowl Palace Unterföhring;tournament;Südbayerische Meisterschaft;1;Vorlauf;Sahin Köse;16002;;0;166;0;166;86;169;overall_total;166
25/26;2026-04-25;Dream Bowl Palace Unterföhring;tournament;Südbayerische Meisterschaft;1;Vorlauf;Sebastian Hinterwimmer;7885;;0;165;0;165;89;169;overall_total;165
25/26;2026-04-25;Dream Bowl Palace Unterföhring;tournament;Südbayerische Meisterschaft;1;Vorlauf;Sebastian Tesinski;38569;;0;145;0;145;114;169;overall_total;145
25/26;2026-04-25;Dream Bowl Palace Unterföhring;tournament;Südbayerische Meisterschaft;1;Vorlauf;Selim Fliegner;38673;;0;174;0;174;68;169;overall_total;174
25/26;2026-04-25;Dream Bowl Palace Unterföhring;tournament;Südbayerische Meisterschaft;1;Vorlauf;Sergio Tavares;22116;;0;213;0;213;22;169;overall_total;213
25/26;2026-04-25;Dream Bowl Palace Unterföhring;tournament;Südbayerische Meisterschaft;1;Vorlauf;Stefan Müller;7607;;0;207;0;207;27;169;overall_total;207
25/26;2026-04-25;Dream Bowl Palace Unterföhring;tournament;Südbayerische Meisterschaft;1;Vorlauf;Stephan Scheigenpflug;10080;;0;155;0;155;108;169;overall_total;155
25/26;2026-04-25;Dream Bowl Palace Unterföhring;tournament;Südbayerische Meisterschaft;1;Vorlauf;Thomas Albrecht;7641;;0;197;0;197;40;169;overall_total;197
25/26;2026-04-25;Dream Bowl Palace Unterföhring;tournament;Südbayerische Meisterschaft;1;Vorlauf;Thomas Auer;16888;;0;162;0;162;95;169;overall_total;162
25/26;2026-04-25;Dream Bowl Palace Unterföhring;tournament;Südbayerische Meisterschaft;1;Vorlauf;Thomas Hantschel;38450;;0;155;0;155;110;169;overall_total;155
25/26;2026-04-25;Dream Bowl Palace Unterföhring;tournament;Südbayerische Meisterschaft;1;Vorlauf;Thomas Kalkschmied;25672;;0;221;0;221;14;169;overall_total;221
25/26;2026-04-25;Dream Bowl Palace Unterföhring;tournament;Südbayerische Meisterschaft;1;Vorlauf;Thomas Vogt;10903;;0;169;0;169;77;169;overall_total;169
25/26;2026-04-25;Dream Bowl Palace Unterföhring;tournament;Südbayerische Meisterschaft;1;Vorlauf;Thomas Wiedemann;7028;;0;221;0;221;15;169;overall_total;221
25/26;2026-04-25;Dream Bowl Palace Unterföhring;tournament;Südbayerische Meisterschaft;1;Vorlauf;Timo Baumann;16024;;0;210;0;210;26;169;overall_total;210
25/26;2026-04-25;Dream Bowl Palace Unterföhring;tournament;Südbayerische Meisterschaft;1;Vorlauf;Tindaro Famà;38730;;0;225;0;225;12;169;overall_total;225
25/26;2026-04-25;Dream Bowl Palace Unterföhring;tournament;Südbayerische Meisterschaft;1;Vorlauf;Tobias Börding;7592;;0;206;0;206;29;169;overall_total;206
25/26;2026-04-25;Dream Bowl Palace Unterföhring;tournament;Südbayerische Meisterschaft;1;Vorlauf;Tobias Wiedemann;25695;;0;174;0;174;65;169;overall_total;174
25/26;2026-04-25;Dream Bowl Palace Unterföhring;tournament;Südbayerische Meisterschaft;1;Vorlauf;Tom Eck;38050;;0;265;0;265;1;169;overall_total;265
25/26;2026-04-25;Dream Bowl Palace Unterföhring;tournament;Südbayerische Meisterschaft;1;Vorlauf;Torsten Fliegner;7418;;0;226;0;226;11;169;overall_total;226
25/26;2026-04-25;Dream Bowl Palace Unterföhring;tournament;Südbayerische Meisterschaft;1;Vorlauf;Walter Lederle;16402;;0;194;0;194;44;169;overall_total;194
25/26;2026-04-25;Dream Bowl Palace Unterföhring;tournament;Südbayerische Meisterschaft;1;Vorlauf;Werner Kraus;25302;;0;171;0;171;73;169;overall_total;171
25/26;2026-04-25;Dream Bowl Palace Unterföhring;tournament;Südbayerische Meisterschaft;1;Vorlauf;Werner Nägele;7321;;0;191;0;191;50;169;overall_total;191
25/26;2026-04-25;Dream Bowl Palace Unterföhring;tournament;Südbayerische Meisterschaft;1;Vorlauf;Alberto Salazar;38113;;1;208;0;379;42;344;overall_total;379
25/26;2026-04-25;Dream Bowl Palace Unterföhring;tournament;Südbayerische Meisterschaft;1;Vorlauf;Alexander Egger;38541;;1;196;0;387;35;344;overall_total;387
25/26;2026-04-25;Dream Bowl Palace Unterföhring;tournament;Südbayerische Meisterschaft;1;Vorlauf;Alexander Koller;7879;;1;217;0;407;21;344;overall_total;407
25/26;2026-04-25;Dream Bowl Palace Unterföhring;tournament;Südbayerische Meisterschaft;1;Vorlauf;Alexander Wiedemann;25849;;1;169;0;364;57;344;overall_total;364
25/26;2026-04-25;Dream Bowl Palace Unterföhring;tournament;Südbayerische Meisterschaft;1;Vorlauf;Alfred Zimmermann;7573;;1;189;0;352;69;344;overall_total;352
25/26;2026-04-25;Dream Bowl Palace Unterföhring;tournament;Südbayerische Meisterschaft;1;Vorlauf;Andre Michow;16965;;1;215;0;410;17;344;overall_total;410
25/26;2026-04-25;Dream Bowl Palace Unterföhring;tournament;Südbayerische Meisterschaft;1;Vorlauf;Andreas Feuerlein;16270;;1;213;0;440;6;344;overall_total;440
25/26;2026-04-25;Dream Bowl Palace Unterföhring;tournament;Südbayerische Meisterschaft;1;Vorlauf;Andreas Heß;7030;;1;167;0;348;76;344;overall_total;348
25/26;2026-04-25;Dream Bowl Palace Unterföhring;tournament;Südbayerische Meisterschaft;1;Vorlauf;Andreas Hölzl;38305;;1;157;0;326;97;344;overall_total;326
25/26;2026-04-25;Dream Bowl Palace Unterföhring;tournament;Südbayerische Meisterschaft;1;Vorlauf;Andreas Schöllhorn;38568;;1;196;0;411;16;344;overall_total;411
25/26;2026-04-25;Dream Bowl Palace Unterföhring;tournament;Südbayerische Meisterschaft;1;Vorlauf;André Knoch;25629;;1;225;0;427;9;344;overall_total;427
25/26;2026-04-25;Dream Bowl Palace Unterföhring;tournament;Südbayerische Meisterschaft;1;Vorlauf;Anton Mutz;25005;;1;195;0;378;44;344;overall_total;378
25/26;2026-04-25;Dream Bowl Palace Unterföhring;tournament;Südbayerische Meisterschaft;1;Vorlauf;Bernd Wiemken;25203;;1;211;0;383;39;344;overall_total;383
25/26;2026-04-25;Dream Bowl Palace Unterföhring;tournament;Südbayerische Meisterschaft;1;Vorlauf;Brandon Alexander Lucas;38648;;1;181;0;382;41;344;overall_total;382
25/26;2026-04-25;Dream Bowl Palace Unterföhring;tournament;Südbayerische Meisterschaft;1;Vorlauf;Bruno Gärtner;25649;;1;188;0;350;70;344;overall_total;350
25/26;2026-04-25;Dream Bowl Palace Unterföhring;tournament;Südbayerische Meisterschaft;1;Vorlauf;Carlo Luft;38652;;1;150;0;383;40;344;overall_total;383
25/26;2026-04-25;Dream Bowl Palace Unterföhring;tournament;Südbayerische Meisterschaft;1;Vorlauf;Christian Müller;38996;;1;180;0;343;81;344;overall_total;343
25/26;2026-04-25;Dream Bowl Palace Unterföhring;tournament;Südbayerische Meisterschaft;1;Vorlauf;Christian Schrempf;7646;;1;192;0;370;50;344;overall_total;370
25/26;2026-04-25;Dream Bowl Palace Unterföhring;tournament;Südbayerische Meisterschaft;1;Vorlauf;Christoph Heiming;38918;;1;183;0;344;79;344;overall_total;344
25/26;2026-04-25;Dream Bowl Palace Unterföhring;tournament;Südbayerische Meisterschaft;1;Vorlauf;Clément Perrin;38995;;1;251;0;438;7;344;overall_total;438
25/26;2026-04-25;Dream Bowl Palace Unterföhring;tournament;Südbayerische Meisterschaft;1;Vorlauf;Daniel Börding;7591;;1;214;0;418;13;344;overall_total;418
25/26;2026-04-25;Dream Bowl Palace Unterföhring;tournament;Südbayerische Meisterschaft;1;Vorlauf;Daniel Hellmich;7314;;1;185;0;376;48;344;overall_total;376
25/26;2026-04-25;Dream Bowl Palace Unterföhring;tournament;Südbayerische Meisterschaft;1;Vorlauf;Daniel Horbas;7341;;1;148;0;304;111;344;overall_total;304
25/26;2026-04-25;Dream Bowl Palace Unterföhring;tournament;Südbayerische Meisterschaft;1;Vorlauf;Daniel Krückel;38933;;1;178;0;324;99;344;overall_total;324
25/26;2026-04-25;Dream Bowl Palace Unterföhring;tournament;Südbayerische Meisterschaft;1;Vorlauf;Dennis Jehle;38954;;1;222;0;384;38;344;overall_total;384
25/26;2026-04-25;Dream Bowl Palace Unterföhring;tournament;Südbayerische Meisterschaft;1;Vorlauf;Dirk Billerbeck;10797;;1;140;0;254;118;344;overall_total;254
25/26;2026-04-25;Dream Bowl Palace Unterföhring;tournament;Südbayerische Meisterschaft;1;Vorlauf;Dirk Kirschke;16876;;1;163;0;327;96;344;overall_total;327
25/26;2026-04-25;Dream Bowl Palace Unterföhring;tournament;Südbayerische Meisterschaft;1;Vorlauf;Eberhard Rietz;25631;;1;180;0;424;10;344;overall_total;424
25/26;2026-04-25;Dream Bowl Palace Unterföhring;tournament;Südbayerische Meisterschaft;1;Vorlauf;Eduard Bolender;25408;;1;183;0;361;60;344;overall_total;361
25/26;2026-04-25;Dream Bowl Palace Unterföhring;tournament;Südbayerische Meisterschaft;1;Vorlauf;Enrico Blättermann;38216;;1;170;0;338;86;344;overall_total;338
25/26;2026-04-25;Dream Bowl Palace Unterföhring;tournament;Südbayerische Meisterschaft;1;Vorlauf;Erwin Meys;38813;;1;147;0;314;105;344;overall_total;314
25/26;2026-04-25;Dream Bowl Palace Unterföhring;tournament;Südbayerische Meisterschaft;1;Vorlauf;Erwin Schmidle;38480;;1;191;0;365;55;344;overall_total;365
25/26;2026-04-25;Dream Bowl Palace Unterföhring;tournament;Südbayerische Meisterschaft;1;Vorlauf;Ewald Kral;7309;;1;169;0;350;71;344;overall_total;350
25/26;2026-04-25;Dream Bowl Palace Unterföhring;tournament;Südbayerische Meisterschaft;1;Vorlauf;Florian Hanauer;38001;;1;162;0;352;68;344;overall_total;352
25/26;2026-04-25;Dream Bowl Palace Unterföhring;tournament;Südbayerische Meisterschaft;1;Vorlauf;Florian Stangl;25690;;1;213;0;428;8;344;overall_total;428
25/26;2026-04-25;Dream Bowl Palace Unterföhring;tournament;Südbayerische Meisterschaft;1;Vorlauf;Gregor Arapow;38575;;1;134;0;307;109;344;overall_total;307
25/26;2026-04-25;Dream Bowl Palace Unterföhring;tournament;Südbayerische Meisterschaft;1;Vorlauf;Günter Denz;16398;;1;194;0;372;49;344;overall_total;372
25/26;2026-04-25;Dream Bowl Palace Unterföhring;tournament;Südbayerische Meisterschaft;1;Vorlauf;Günter Färber;38850;;1;147;0;308;108;344;overall_total;308
25/26;2026-04-25;Dream Bowl Palace Unterföhring;tournament;Südbayerische Meisterschaft;1;Vorlauf;Harald Eggl;25229;;1;166;0;364;56;344;overall_total;364
25/26;2026-04-25;Dream Bowl Palace Unterföhring;tournament;Südbayerische Meisterschaft;1;Vorlauf;Harald Laub;7597;;1;172;0;344;80;344;overall_total;344
25/26;2026-04-25;Dream Bowl Palace Unterföhring;tournament;Südbayerische Meisterschaft;1;Vorlauf;Herbert Forstner;38712;;1;139;0;334;89;344;overall_total;334
25/26;2026-04-25;Dream Bowl Palace Unterföhring;tournament;Südbayerische Meisterschaft;1;Vorlauf;Herward Schulz;38202;;1;142;0;284;115;344;overall_total;284
25/26;2026-04-25;Dream Bowl Palace Unterföhring;tournament;Südbayerische Meisterschaft;1;Vorlauf;Horst Thomas;16327;;1;118;0;280;116;344;overall_total;280
25/26;2026-04-25;Dream Bowl Palace Unterföhring;tournament;Südbayerische Meisterschaft;1;Vorlauf;Jan Musiol;25166;;1;193;0;420;12;344;overall_total;420
25/26;2026-04-25;Dream Bowl Palace Unterföhring;tournament;Südbayerische Meisterschaft;1;Vorlauf;Joachim Geist;16807;;1;194;0;348;74;344;overall_total;348
25/26;2026-04-25;Dream Bowl Palace Unterföhring;tournament;Südbayerische Meisterschaft;1;Vorlauf;Jochen Mücke;38842;;1;197;0;417;14;344;overall_total;417
25/26;2026-04-25;Dream Bowl Palace Unterföhring;tournament;Südbayerische Meisterschaft;1;Vorlauf;Jürgen Beer;25502;;1;155;0;355;63;344;overall_total;355
25/26;2026-04-25;Dream Bowl Palace Unterföhring;tournament;Südbayerische Meisterschaft;1;Vorlauf;Jürgen Hockenjos;25993;;1;148;0;306;110;344;overall_total;306
25/26;2026-04-25;Dream Bowl Palace Unterföhring;tournament;Südbayerische Meisterschaft;1;Vorlauf;Kilian Kral;38510;;1;161;0;334;88;344;overall_total;334
25/26;2026-04-25;Dream Bowl Palace Unterföhring;tournament;Südbayerische Meisterschaft;1;Vorlauf;Klaus Lilge;7080;;1;216;0;473;2;344;overall_total;473
25/26;2026-04-25;Dream Bowl Palace Unterföhring;tournament;Südbayerische Meisterschaft;1;Vorlauf;Konrad Schiller;38186;;1;171;0;395;29;344;overall_total;395
25/26;2026-04-25;Dream Bowl Palace Unterföhring;tournament;Südbayerische Meisterschaft;1;Vorlauf;Kurt Schindlböck;16390;;1;157;0;336;87;344;overall_total;336
25/26;2026-04-25;Dream Bowl Palace Unterföhring;tournament;Südbayerische Meisterschaft;1;Vorlauf;Louis Csallner;38993;;1;163;0;357;62;344;overall_total;357
25/26;2026-04-25;Dream Bowl Palace Unterföhring;tournament;Südbayerische Meisterschaft;1;Vorlauf;Luca Köhler;38665;;1;174;0;348;75;344;overall_total;348
25/26;2026-04-25;Dream Bowl Palace Unterföhring;tournament;Südbayerische Meisterschaft;1;Vorlauf;Lucas Kasenbacher;25340;;1;160;0;329;92;344;overall_total;329
25/26;2026-04-25;Dream Bowl Palace Unterföhring;tournament;Südbayerische Meisterschaft;1;Vorlauf;Manfred Hartl;38065;;1;190;0;366;53;344;overall_total;366
25/26;2026-04-25;Dream Bowl Palace Unterföhring;tournament;Südbayerische Meisterschaft;1;Vorlauf;Manfred Weidinger;38851;;1;211;0;377;47;344;overall_total;377
25/26;2026-04-25;Dream Bowl Palace Unterföhring;tournament;Südbayerische Meisterschaft;1;Vorlauf;Marcel Müller;28367;;1;214;0;378;45;344;overall_total;378
25/26;2026-04-25;Dream Bowl Palace Unterföhring;tournament;Südbayerische Meisterschaft;1;Vorlauf;Marco Probst;7602;;1;180;0;349;73;344;overall_total;349
25/26;2026-04-25;Dream Bowl Palace Unterföhring;tournament;Südbayerische Meisterschaft;1;Vorlauf;Markus Auer;25788;;1;152;0;320;102;344;overall_total;320
25/26;2026-04-25;Dream Bowl Palace Unterföhring;tournament;Südbayerische Meisterschaft;1;Vorlauf;Markus Hanauer;38314;;1;193;0;408;20;344;overall_total;408
25/26;2026-04-25;Dream Bowl Palace Unterföhring;tournament;Südbayerische Meisterschaft;1;Vorlauf;Markus Schmied;38361;;1;179;0;392;31;344;overall_total;392
25/26;2026-04-25;Dream Bowl Palace Unterföhring;tournament;Südbayerische Meisterschaft;1;Vorlauf;Martin Küchler;25826;;1;171;0;358;61;344;overall_total;358
25/26;2026-04-25;Dream Bowl Palace Unterföhring;tournament;Südbayerische Meisterschaft;1;Vorlauf;Matthias Kuchling;16583;;1;176;0;331;91;344;overall_total;331
25/26;2026-04-25;Dream Bowl Palace Unterföhring;tournament;Südbayerische Meisterschaft;1;Vorlauf;Max Wiemken;25557;;1;197;0;355;64;344;overall_total;355
25/26;2026-04-25;Dream Bowl Palace Unterföhring;tournament;Südbayerische Meisterschaft;1;Vorlauf;Maximilian Herrmann;38892;;1;245;0;413;15;344;overall_total;413
25/26;2026-04-25;Dream Bowl Palace Unterföhring;tournament;Südbayerische Meisterschaft;1;Vorlauf;Michael Auer;38459;;1;193;0;409;18;344;overall_total;409
25/26;2026-04-25;Dream Bowl Palace Unterföhring;tournament;Südbayerische Meisterschaft;1;Vorlauf;Michael Brandt;38110;;1;190;0;384;37;344;overall_total;384
25/26;2026-04-25;Dream Bowl Palace Unterföhring;tournament;Südbayerische Meisterschaft;1;Vorlauf;Michael Egger;25785;;1;138;0;338;85;344;overall_total;338
25/26;2026-04-25;Dream Bowl Palace Unterföhring;tournament;Südbayerische Meisterschaft;1;Vorlauf;Michael Eisenmann-Seybold;7595;;1;205;0;442;5;344;overall_total;442
25/26;2026-04-25;Dream Bowl Palace Unterföhring;tournament;Südbayerische Meisterschaft;1;Vorlauf;Michael Görn;7412;;1;226;0;354;65;344;overall_total;354
25/26;2026-04-25;Dream Bowl Palace Unterföhring;tournament;Südbayerische Meisterschaft;1;Vorlauf;Michael Ring;7317;;1;155;0;312;107;344;overall_total;312
25/26;2026-04-25;Dream Bowl Palace Unterföhring;tournament;Südbayerische Meisterschaft;1;Vorlauf;Michael Ruppert;38887;;1;116;0;278;117;344;overall_total;278
25/26;2026-04-25;Dream Bowl Palace Unterföhring;tournament;Südbayerische Meisterschaft;1;Vorlauf;Moritz Wiemken;25830;;1;234;0;477;1;344;overall_total;477
25/26;2026-04-25;Dream Bowl Palace Unterföhring;tournament;Südbayerische Meisterschaft;1;Vorlauf;Nicolas Kabel;38092;;1;157;0;294;114;344;overall_total;294
25/26;2026-04-25;Dream Bowl Palace Unterföhring;tournament;Südbayerische Meisterschaft;1;Vorlauf;Olaf Krebs;16325;;1;163;0;333;90;344;overall_total;333
25/26;2026-04-25;Dream Bowl Palace Unterföhring;tournament;Südbayerische Meisterschaft;1;Vorlauf;Oliver Schütze;38550;;1;213;0;406;22;344;overall_total;406
25/26;2026-04-25;Dream Bowl Palace Unterföhring;tournament;Südbayerische Meisterschaft;1;Vorlauf;Pascal Gruber;38957;;1;153;0;328;94;344;overall_total;328
25/26;2026-04-25;Dream Bowl Palace Unterföhring;tournament;Südbayerische Meisterschaft;1;Vorlauf;Patrick Baszler;7886;;1;191;0;402;24;344;overall_total;402
25/26;2026-04-25;Dream Bowl Palace Unterföhring;tournament;Südbayerische Meisterschaft;1;Vorlauf;Patrick Thurner;38530;;1;223;0;388;33;344;overall_total;388
25/26;2026-04-25;Dream Bowl Palace Unterföhring;tournament;Südbayerische Meisterschaft;1;Vorlauf;Peter Börding;7593;;1;163;0;396;28;344;overall_total;396
25/26;2026-04-25;Dream Bowl Palace Unterföhring;tournament;Südbayerische Meisterschaft;1;Vorlauf;Peter Faßold;25390;;1;155;0;322;100;344;overall_total;322
25/26;2026-04-25;Dream Bowl Palace Unterföhring;tournament;Südbayerische Meisterschaft;1;Vorlauf;Peter Steub;38586;;1;139;0;296;112;344;overall_total;296
25/26;2026-04-25;Dream Bowl Palace Unterföhring;tournament;Südbayerische Meisterschaft;1;Vorlauf;Peter Walch;7493;;1;172;0;393;30;344;overall_total;393
25/26;2026-04-25;Dream Bowl Palace Unterföhring;tournament;Südbayerische Meisterschaft;1;Vorlauf;Peter van Lengen;25297;;1;188;0;349;72;344;overall_total;349
25/26;2026-04-25;Dream Bowl Palace Unterföhring;tournament;Südbayerische Meisterschaft;1;Vorlauf;Raiko Elze;38912;;1;177;0;378;46;344;overall_total;378
25/26;2026-04-25;Dream Bowl Palace Unterföhring;tournament;Südbayerische Meisterschaft;1;Vorlauf;Rainer Schöllhorn;16069;;1;147;0;353;66;344;overall_total;353
25/26;2026-04-25;Dream Bowl Palace Unterföhring;tournament;Südbayerische Meisterschaft;1;Vorlauf;Ralf Mielke;25842;;1;158;0;345;78;344;overall_total;345
25/26;2026-04-25;Dream Bowl Palace Unterföhring;tournament;Südbayerische Meisterschaft;1;Vorlauf;Raphael Hofmann;38963;;1;171;0;369;51;344;overall_total;369
25/26;2026-04-25;Dream Bowl Palace Unterföhring;tournament;Südbayerische Meisterschaft;1;Vorlauf;René Erben;25953;;1;175;0;386;36;344;overall_total;386
25/26;2026-04-25;Dream Bowl Palace Unterföhring;tournament;Südbayerische Meisterschaft;1;Vorlauf;René Schanze;16524;;1;158;0;328;93;344;overall_total;328
25/26;2026-04-25;Dream Bowl Palace Unterföhring;tournament;Südbayerische Meisterschaft;1;Vorlauf;Robert Faltermeier;38472;;1;160;0;321;101;344;overall_total;321
25/26;2026-04-25;Dream Bowl Palace Unterföhring;tournament;Südbayerische Meisterschaft;1;Vorlauf;Robert Meissl;25778;;1;140;0;341;82;344;overall_total;341
25/26;2026-04-25;Dream Bowl Palace Unterföhring;tournament;Südbayerische Meisterschaft;1;Vorlauf;Roberto Di Stefano;38970;;1;162;0;363;58;344;overall_total;363
25/26;2026-04-25;Dream Bowl Palace Unterföhring;tournament;Südbayerische Meisterschaft;1;Vorlauf;Roland Hannemann;16336;;1;235;0;461;3;344;overall_total;461
25/26;2026-04-25;Dream Bowl Palace Unterföhring;tournament;Südbayerische Meisterschaft;1;Vorlauf;Roland Heumos;38388;;1;168;0;320;103;344;overall_total;320
25/26;2026-04-25;Dream Bowl Palace Unterföhring;tournament;Südbayerische Meisterschaft;1;Vorlauf;Sahin Köse;16002;;1;147;0;313;106;344;overall_total;313
25/26;2026-04-25;Dream Bowl Palace Unterföhring;tournament;Südbayerische Meisterschaft;1;Vorlauf;Sebastian Hinterwimmer;7885;;1;234;0;399;25;344;overall_total;399
25/26;2026-04-25;Dream Bowl Palace Unterföhring;tournament;Südbayerische Meisterschaft;1;Vorlauf;Sebastian Tesinski;38569;;1;195;0;340;83;344;overall_total;340
25/26;2026-04-25;Dream Bowl Palace Unterföhring;tournament;Südbayerische Meisterschaft;1;Vorlauf;Selim Fliegner;38673;;1;205;0;379;43;344;overall_total;379
25/26;2026-04-25;Dream Bowl Palace Unterföhring;tournament;Südbayerische Meisterschaft;1;Vorlauf;Sergio Tavares;22116;;1;189;0;402;23;344;overall_total;402
25/26;2026-04-25;Dream Bowl Palace Unterföhring;tournament;Südbayerische Meisterschaft;1;Vorlauf;Stefan Müller;7607;;1;159;0;366;54;344;overall_total;366
25/26;2026-04-25;Dream Bowl Palace Unterföhring;tournament;Südbayerische Meisterschaft;1;Vorlauf;Stephan Scheigenpflug;10080;;1;172;0;327;95;344;overall_total;327
25/26;2026-04-25;Dream Bowl Palace Unterföhring;tournament;Südbayerische Meisterschaft;1;Vorlauf;Thomas Albrecht;7641;;1;166;0;363;59;344;overall_total;363
25/26;2026-04-25;Dream Bowl Palace Unterföhring;tournament;Südbayerische Meisterschaft;1;Vorlauf;Thomas Auer;16888;;1;225;0;387;34;344;overall_total;387
25/26;2026-04-25;Dream Bowl Palace Unterföhring;tournament;Südbayerische Meisterschaft;1;Vorlauf;Thomas Hantschel;38450;;1;169;0;324;98;344;overall_total;324
25/26;2026-04-25;Dream Bowl Palace Unterföhring;tournament;Südbayerische Meisterschaft;1;Vorlauf;Thomas Kalkschmied;25672;;1;200;0;421;11;344;overall_total;421
25/26;2026-04-25;Dream Bowl Palace Unterföhring;tournament;Südbayerische Meisterschaft;1;Vorlauf;Thomas Vogt;10903;;1;126;0;295;113;344;overall_total;295
25/26;2026-04-25;Dream Bowl Palace Unterföhring;tournament;Südbayerische Meisterschaft;1;Vorlauf;Thomas Wiedemann;7028;;1;132;0;353;67;344;overall_total;353
25/26;2026-04-25;Dream Bowl Palace Unterföhring;tournament;Südbayerische Meisterschaft;1;Vorlauf;Timo Baumann;16024;;1;188;0;398;26;344;overall_total;398
25/26;2026-04-25;Dream Bowl Palace Unterföhring;tournament;Südbayerische Meisterschaft;1;Vorlauf;Tindaro Famà;38730;;1;172;0;397;27;344;overall_total;397
25/26;2026-04-25;Dream Bowl Palace Unterföhring;tournament;Südbayerische Meisterschaft;1;Vorlauf;Tobias Börding;7592;;1;186;0;392;32;344;overall_total;392
25/26;2026-04-25;Dream Bowl Palace Unterföhring;tournament;Südbayerische Meisterschaft;1;Vorlauf;Tobias Wiedemann;25695;;1;171;0;345;77;344;overall_total;345
25/26;2026-04-25;Dream Bowl Palace Unterföhring;tournament;Südbayerische Meisterschaft;1;Vorlauf;Tom Eck;38050;;1;192;0;457;4;344;overall_total;457
25/26;2026-04-25;Dream Bowl Palace Unterföhring;tournament;Südbayerische Meisterschaft;1;Vorlauf;Torsten Fliegner;7418;;1;183;0;409;19;344;overall_total;409
25/26;2026-04-25;Dream Bowl Palace Unterföhring;tournament;Südbayerische Meisterschaft;1;Vorlauf;Walter Lederle;16402;;1;173;0;367;52;344;overall_total;367
25/26;2026-04-25;Dream Bowl Palace Unterföhring;tournament;Südbayerische Meisterschaft;1;Vorlauf;Werner Kraus;25302;;1;146;0;317;104;344;overall_total;317
25/26;2026-04-25;Dream Bowl Palace Unterföhring;tournament;Südbayerische Meisterschaft;1;Vorlauf;Werner Nägele;7321;;1;148;0;339;84;344;overall_total;339
25/26;2026-04-25;Dream Bowl Palace Unterföhring;tournament;Südbayerische Meisterschaft;1;Vorlauf;Alberto Salazar;38113;;2;177;0;556;48;510;overall_total;556
25/26;2026-04-25;Dream Bowl Palace Unterföhring;tournament;Südbayerische Meisterschaft;1;Vorlauf;Alexander Egger;38541;;2;194;0;581;29;510;overall_total;581
25/26;2026-04-25;Dream Bowl Palace Unterföhring;tournament;Südbayerische Meisterschaft;1;Vorlauf;Alexander Koller;7879;;2;172;0;579;32;510;overall_total;579
25/26;2026-04-25;Dream Bowl Palace Unterföhring;tournament;Südbayerische Meisterschaft;1;Vorlauf;Alexander Wiedemann;25849;;2;141;0;505;86;510;overall_total;505
25/26;2026-04-25;Dream Bowl Palace Unterföhring;tournament;Südbayerische Meisterschaft;1;Vorlauf;Alfred Zimmermann;7573;;2;153;0;505;87;510;overall_total;505
25/26;2026-04-25;Dream Bowl Palace Unterföhring;tournament;Südbayerische Meisterschaft;1;Vorlauf;Andre Michow;16965;;2;187;0;597;22;510;overall_total;597
25/26;2026-04-25;Dream Bowl Palace Unterföhring;tournament;Südbayerische Meisterschaft;1;Vorlauf;Andreas Feuerlein;16270;;2;139;0;579;31;510;overall_total;579
25/26;2026-04-25;Dream Bowl Palace Unterföhring;tournament;Südbayerische Meisterschaft;1;Vorlauf;Andreas Heß;7030;;2;160;0;508;84;510;overall_total;508
25/26;2026-04-25;Dream Bowl Palace Unterföhring;tournament;Südbayerische Meisterschaft;1;Vorlauf;Andreas Hölzl;38305;;2;171;0;497;94;510;overall_total;497
25/26;2026-04-25;Dream Bowl Palace Unterföhring;tournament;Südbayerische Meisterschaft;1;Vorlauf;Andreas Schöllhorn;38568;;2;164;0;575;33;510;overall_total;575
25/26;2026-04-25;Dream Bowl Palace Unterföhring;tournament;Südbayerische Meisterschaft;1;Vorlauf;André Knoch;25629;;2;212;0;639;8;510;overall_total;639
25/26;2026-04-25;Dream Bowl Palace Unterföhring;tournament;Südbayerische Meisterschaft;1;Vorlauf;Anton Mutz;25005;;2;192;0;570;37;510;overall_total;570
25/26;2026-04-25;Dream Bowl Palace Unterföhring;tournament;Südbayerische Meisterschaft;1;Vorlauf;Bernd Wiemken;25203;;2;189;0;572;36;510;overall_total;572
25/26;2026-04-25;Dream Bowl Palace Unterföhring;tournament;Südbayerische Meisterschaft;1;Vorlauf;Brandon Alexander Lucas;38648;;2;133;0;515;78;510;overall_total;515
25/26;2026-04-25;Dream Bowl Palace Unterföhring;tournament;Südbayerische Meisterschaft;1;Vorlauf;Bruno Gärtner;25649;;2;166;0;516;77;510;overall_total;516
25/26;2026-04-25;Dream Bowl Palace Unterföhring;tournament;Südbayerische Meisterschaft;1;Vorlauf;Carlo Luft;38652;;2;181;0;564;39;510;overall_total;564
25/26;2026-04-25;Dream Bowl Palace Unterföhring;tournament;Südbayerische Meisterschaft;1;Vorlauf;Christian Müller;38996;;2;206;0;549;52;510;overall_total;549
25/26;2026-04-25;Dream Bowl Palace Unterföhring;tournament;Südbayerische Meisterschaft;1;Vorlauf;Christian Schrempf;7646;;2;170;0;540;58;510;overall_total;540
25/26;2026-04-25;Dream Bowl Palace Unterföhring;tournament;Südbayerische Meisterschaft;1;Vorlauf;Christoph Heiming;38918;;2;136;0;480;100;510;overall_total;480
25/26;2026-04-25;Dream Bowl Palace Unterföhring;tournament;Südbayerische Meisterschaft;1;Vorlauf;Clément Perrin;38995;;2;202;0;640;7;510;overall_total;640
25/26;2026-04-25;Dream Bowl Palace Unterföhring;tournament;Südbayerische Meisterschaft;1;Vorlauf;Daniel Börding;7591;;2;203;0;621;10;510;overall_total;621
25/26;2026-04-25;Dream Bowl Palace Unterföhring;tournament;Südbayerische Meisterschaft;1;Vorlauf;Daniel Hellmich;7314;;2;198;0;574;35;510;overall_total;574
25/26;2026-04-25;Dream Bowl Palace Unterföhring;tournament;Südbayerische Meisterschaft;1;Vorlauf;Daniel Horbas;7341;;2;195;0;499;93;510;overall_total;499
25/26;2026-04-25;Dream Bowl Palace Unterföhring;tournament;Südbayerische Meisterschaft;1;Vorlauf;Daniel Krückel;38933;;2;156;0;480;101;510;overall_total;480
25/26;2026-04-25;Dream Bowl Palace Unterföhring;tournament;Südbayerische Meisterschaft;1;Vorlauf;Dennis Jehle;38954;;2;118;0;502;90;510;overall_total;502
25/26;2026-04-25;Dream Bowl Palace Unterföhring;tournament;Südbayerische Meisterschaft;1;Vorlauf;Dirk Billerbeck;10797;;2;176;0;430;116;510;overall_total;430
25/26;2026-04-25;Dream Bowl Palace Unterföhring;tournament;Südbayerische Meisterschaft;1;Vorlauf;Dirk Kirschke;16876;;2;209;0;536;62;510;overall_total;536
25/26;2026-04-25;Dream Bowl Palace Unterföhring;tournament;Südbayerische Meisterschaft;1;Vorlauf;Eberhard Rietz;25631;;2;198;0;622;9;510;overall_total;622
25/26;2026-04-25;Dream Bowl Palace Unterföhring;tournament;Südbayerische Meisterschaft;1;Vorlauf;Eduard Bolender;25408;;2;199;0;560;42;510;overall_total;560
25/26;2026-04-25;Dream Bowl Palace Unterföhring;tournament;Südbayerische Meisterschaft;1;Vorlauf;Enrico Blättermann;38216;;2;164;0;502;89;510;overall_total;502
25/26;2026-04-25;Dream Bowl Palace Unterföhring;tournament;Südbayerische Meisterschaft;1;Vorlauf;Erwin Meys;38813;;2;149;0;463;111;510;overall_total;463
25/26;2026-04-25;Dream Bowl Palace Unterföhring;tournament;Südbayerische Meisterschaft;1;Vorlauf;Erwin Schmidle;38480;;2;193;0;558;46;510;overall_total;558
25/26;2026-04-25;Dream Bowl Palace Unterföhring;tournament;Südbayerische Meisterschaft;1;Vorlauf;Ewald Kral;7309;;2;187;0;537;60;510;overall_total;537
25/26;2026-04-25;Dream Bowl Palace Unterföhring;tournament;Südbayerische Meisterschaft;1;Vorlauf;Florian Hanauer;38001;;2;121;0;473;108;510;overall_total;473
25/26;2026-04-25;Dream Bowl Palace Unterföhring;tournament;Südbayerische Meisterschaft;1;Vorlauf;Florian Stangl;25690;;2;192;0;620;11;510;overall_total;620
25/26;2026-04-25;Dream Bowl Palace Unterföhring;tournament;Südbayerische Meisterschaft;1;Vorlauf;Gregor Arapow;38575;;2;187;0;494;95;510;overall_total;494
25/26;2026-04-25;Dream Bowl Palace Unterföhring;tournament;Südbayerische Meisterschaft;1;Vorlauf;Günter Denz;16398;;2;237;0;609;18;510;overall_total;609
25/26;2026-04-25;Dream Bowl Palace Unterföhring;tournament;Südbayerische Meisterschaft;1;Vorlauf;Günter Färber;38850;;2;173;0;481;99;510;overall_total;481
25/26;2026-04-25;Dream Bowl Palace Unterföhring;tournament;Südbayerische Meisterschaft;1;Vorlauf;Harald Eggl;25229;;2;210;0;574;34;510;overall_total;574
25/26;2026-04-25;Dream Bowl Palace Unterföhring;tournament;Südbayerische Meisterschaft;1;Vorlauf;Harald Laub;7597;;2;193;0;537;61;510;overall_total;537
25/26;2026-04-25;Dream Bowl Palace Unterföhring;tournament;Südbayerische Meisterschaft;1;Vorlauf;Herbert Forstner;38712;;2;154;0;488;97;510;overall_total;488
25/26;2026-04-25;Dream Bowl Palace Unterföhring;tournament;Südbayerische Meisterschaft;1;Vorlauf;Herward Schulz;38202;;2;175;0;459;112;510;overall_total;459
25/26;2026-04-25;Dream Bowl Palace Unterföhring;tournament;Südbayerische Meisterschaft;1;Vorlauf;Horst Thomas;16327;;2;171;0;451;114;510;overall_total;451
25/26;2026-04-25;Dream Bowl Palace Unterföhring;tournament;Südbayerische Meisterschaft;1;Vorlauf;Jan Musiol;25166;;2;195;0;615;12;510;overall_total;615
25/26;2026-04-25;Dream Bowl Palace Unterföhring;tournament;Südbayerische Meisterschaft;1;Vorlauf;Joachim Geist;16807;;2;201;0;549;50;510;overall_total;549
25/26;2026-04-25;Dream Bowl Palace Unterföhring;tournament;Südbayerische Meisterschaft;1;Vorlauf;Jochen Mücke;38842;;2;181;0;598;21;510;overall_total;598
25/26;2026-04-25;Dream Bowl Palace Unterföhring;tournament;Südbayerische Meisterschaft;1;Vorlauf;Jürgen Beer;25502;;2;129;0;484;98;510;overall_total;484
25/26;2026-04-25;Dream Bowl Palace Unterföhring;tournament;Südbayerische Meisterschaft;1;Vorlauf;Jürgen Hockenjos;25993;;2;168;0;474;106;510;overall_total;474
25/26;2026-04-25;Dream Bowl Palace Unterföhring;tournament;Südbayerische Meisterschaft;1;Vorlauf;Kilian Kral;38510;;2;196;0;530;64;510;overall_total;530
25/26;2026-04-25;Dream Bowl Palace Unterföhring;tournament;Südbayerische Meisterschaft;1;Vorlauf;Klaus Lilge;7080;;2;192;0;665;4;510;overall_total;665
25/26;2026-04-25;Dream Bowl Palace Unterföhring;tournament;Südbayerische Meisterschaft;1;Vorlauf;Konrad Schiller;38186;;2;191;0;586;26;510;overall_total;586
25/26;2026-04-25;Dream Bowl Palace Unterföhring;tournament;Südbayerische Meisterschaft;1;Vorlauf;Kurt Schindlböck;16390;;2;180;0;516;76;510;overall_total;516
25/26;2026-04-25;Dream Bowl Palace Unterföhring;tournament;Südbayerische Meisterschaft;1;Vorlauf;Louis Csallner;38993;;2;201;0;558;47;510;overall_total;558
25/26;2026-04-25;Dream Bowl Palace Unterföhring;tournament;Südbayerische Meisterschaft;1;Vorlauf;Luca Köhler;38665;;2;158;0;506;85;510;overall_total;506
25/26;2026-04-25;Dream Bowl Palace Unterföhring;tournament;Südbayerische Meisterschaft;1;Vorlauf;Lucas Kasenbacher;25340;;2;183;0;512;79;510;overall_total;512
25/26;2026-04-25;Dream Bowl Palace Unterföhring;tournament;Südbayerische Meisterschaft;1;Vorlauf;Manfred Hartl;38065;;2;144;0;510;80;510;overall_total;510
25/26;2026-04-25;Dream Bowl Palace Unterföhring;tournament;Südbayerische Meisterschaft;1;Vorlauf;Manfred Weidinger;38851;;2;182;0;559;44;510;overall_total;559
25/26;2026-04-25;Dream Bowl Palace Unterföhring;tournament;Südbayerische Meisterschaft;1;Vorlauf;Marcel Müller;28367;;2;235;0;613;13;510;overall_total;613
25/26;2026-04-25;Dream Bowl Palace Unterföhring;tournament;Südbayerische Meisterschaft;1;Vorlauf;Marco Probst;7602;;2;194;0;543;55;510;overall_total;543
25/26;2026-04-25;Dream Bowl Palace Unterföhring;tournament;Südbayerische Meisterschaft;1;Vorlauf;Markus Auer;25788;;2;180;0;500;92;510;overall_total;500
25/26;2026-04-25;Dream Bowl Palace Unterföhring;tournament;Südbayerische Meisterschaft;1;Vorlauf;Markus Hanauer;38314;;2;245;0;653;5;510;overall_total;653
25/26;2026-04-25;Dream Bowl Palace Unterföhring;tournament;Südbayerische Meisterschaft;1;Vorlauf;Markus Schmied;38361;;2;132;0;524;69;510;overall_total;524
25/26;2026-04-25;Dream Bowl Palace Unterföhring;tournament;Südbayerische Meisterschaft;1;Vorlauf;Martin Küchler;25826;;2;181;0;539;59;510;overall_total;539
25/26;2026-04-25;Dream Bowl Palace Unterföhring;tournament;Südbayerische Meisterschaft;1;Vorlauf;Matthias Kuchling;16583;;2;209;0;540;57;510;overall_total;540
25/26;2026-04-25;Dream Bowl Palace Unterföhring;tournament;Südbayerische Meisterschaft;1;Vorlauf;Max Wiemken;25557;;2;173;0;528;66;510;overall_total;528
25/26;2026-04-25;Dream Bowl Palace Unterföhring;tournament;Südbayerische Meisterschaft;1;Vorlauf;Maximilian Herrmann;38892;;2;108;0;521;73;510;overall_total;521
25/26;2026-04-25;Dream Bowl Palace Unterföhring;tournament;Südbayerische Meisterschaft;1;Vorlauf;Michael Auer;38459;;2;201;0;610;17;510;overall_total;610
25/26;2026-04-25;Dream Bowl Palace Unterföhring;tournament;Südbayerische Meisterschaft;1;Vorlauf;Michael Brandt;38110;;2;174;0;558;45;510;overall_total;558
25/26;2026-04-25;Dream Bowl Palace Unterföhring;tournament;Südbayerische Meisterschaft;1;Vorlauf;Michael Egger;25785;;2;182;0;520;74;510;overall_total;520
25/26;2026-04-25;Dream Bowl Palace Unterföhring;tournament;Südbayerische Meisterschaft;1;Vorlauf;Michael Eisenmann-Seybold;7595;;2;259;0;701;2;510;overall_total;701
25/26;2026-04-25;Dream Bowl Palace Unterföhring;tournament;Südbayerische Meisterschaft;1;Vorlauf;Michael Görn;7412;;2;172;0;526;68;510;overall_total;526
25/26;2026-04-25;Dream Bowl Palace Unterföhring;tournament;Südbayerische Meisterschaft;1;Vorlauf;Michael Ring;7317;;2;231;0;543;54;510;overall_total;543
25/26;2026-04-25;Dream Bowl Palace Unterföhring;tournament;Südbayerische Meisterschaft;1;Vorlauf;Michael Ruppert;38887;;2;148;0;426;117;510;overall_total;426
25/26;2026-04-25;Dream Bowl Palace Unterföhring;tournament;Südbayerische Meisterschaft;1;Vorlauf;Moritz Wiemken;25830;;2;226;0;703;1;510;overall_total;703
25/26;2026-04-25;Dream Bowl Palace Unterföhring;tournament;Südbayerische Meisterschaft;1;Vorlauf;Nicolas Kabel;38092;;2;216;0;510;81;510;overall_total;510
25/26;2026-04-25;Dream Bowl Palace Unterföhring;tournament;Südbayerische Meisterschaft;1;Vorlauf;Olaf Krebs;16325;;2;159;0;492;96;510;overall_total;492
25/26;2026-04-25;Dream Bowl Palace Unterföhring;tournament;Südbayerische Meisterschaft;1;Vorlauf;Oliver Schütze;38550;;2;137;0;543;53;510;overall_total;543
25/26;2026-04-25;Dream Bowl Palace Unterföhring;tournament;Südbayerische Meisterschaft;1;Vorlauf;Pascal Gruber;38957;;2;142;0;470;109;510;overall_total;470
25/26;2026-04-25;Dream Bowl Palace Unterföhring;tournament;Südbayerische Meisterschaft;1;Vorlauf;Patrick Baszler;7886;;2;160;0;562;41;510;overall_total;562
25/26;2026-04-25;Dream Bowl Palace Unterföhring;tournament;Südbayerische Meisterschaft;1;Vorlauf;Patrick Thurner;38530;;2;200;0;588;25;510;overall_total;588
25/26;2026-04-25;Dream Bowl Palace Unterföhring;tournament;Südbayerische Meisterschaft;1;Vorlauf;Peter Börding;7593;;2;247;0;643;6;510;overall_total;643
25/26;2026-04-25;Dream Bowl Palace Unterföhring;tournament;Südbayerische Meisterschaft;1;Vorlauf;Peter Faßold;25390;;2;132;0;454;113;510;overall_total;454
25/26;2026-04-25;Dream Bowl Palace Unterföhring;tournament;Südbayerische Meisterschaft;1;Vorlauf;Peter Steub;38586;;2;151;0;447;115;510;overall_total;447
25/26;2026-04-25;Dream Bowl Palace Unterföhring;tournament;Südbayerische Meisterschaft;1;Vorlauf;Peter Walch;7493;;2;131;0;524;71;510;overall_total;524
25/26;2026-04-25;Dream Bowl Palace Unterföhring;tournament;Südbayerische Meisterschaft;1;Vorlauf;Peter van Lengen;25297;;2;172;0;521;72;510;overall_total;521
25/26;2026-04-25;Dream Bowl Palace Unterföhring;tournament;Südbayerische Meisterschaft;1;Vorlauf;Raiko Elze;38912;;2;182;0;560;43;510;overall_total;560
25/26;2026-04-25;Dream Bowl Palace Unterföhring;tournament;Südbayerische Meisterschaft;1;Vorlauf;Rainer Schöllhorn;16069;;2;156;0;509;83;510;overall_total;509
25/26;2026-04-25;Dream Bowl Palace Unterföhring;tournament;Südbayerische Meisterschaft;1;Vorlauf;Ralf Mielke;25842;;2;131;0;476;103;510;overall_total;476
25/26;2026-04-25;Dream Bowl Palace Unterföhring;tournament;Südbayerische Meisterschaft;1;Vorlauf;Raphael Hofmann;38963;;2;161;0;530;65;510;overall_total;530
25/26;2026-04-25;Dream Bowl Palace Unterföhring;tournament;Südbayerische Meisterschaft;1;Vorlauf;René Erben;25953;;2;184;0;570;38;510;overall_total;570
25/26;2026-04-25;Dream Bowl Palace Unterföhring;tournament;Südbayerische Meisterschaft;1;Vorlauf;René Schanze;16524;;2;136;0;464;110;510;overall_total;464
25/26;2026-04-25;Dream Bowl Palace Unterföhring;tournament;Südbayerische Meisterschaft;1;Vorlauf;Robert Faltermeier;38472;;2;155;0;476;104;510;overall_total;476
25/26;2026-04-25;Dream Bowl Palace Unterföhring;tournament;Südbayerische Meisterschaft;1;Vorlauf;Robert Meissl;25778;;2;161;0;502;88;510;overall_total;502
25/26;2026-04-25;Dream Bowl Palace Unterföhring;tournament;Südbayerische Meisterschaft;1;Vorlauf;Roberto Di Stefano;38970;;2;157;0;520;75;510;overall_total;520
25/26;2026-04-25;Dream Bowl Palace Unterföhring;tournament;Südbayerische Meisterschaft;1;Vorlauf;Roland Hannemann;16336;;2;150;0;611;15;510;overall_total;611
25/26;2026-04-25;Dream Bowl Palace Unterföhring;tournament;Südbayerische Meisterschaft;1;Vorlauf;Roland Heumos;38388;;2;159;0;479;102;510;overall_total;479
25/26;2026-04-25;Dream Bowl Palace Unterföhring;tournament;Südbayerische Meisterschaft;1;Vorlauf;Sahin Köse;16002;;2;214;0;527;67;510;overall_total;527
25/26;2026-04-25;Dream Bowl Palace Unterföhring;tournament;Südbayerische Meisterschaft;1;Vorlauf;Sebastian Hinterwimmer;7885;;2;194;0;593;23;510;overall_total;593
25/26;2026-04-25;Dream Bowl Palace Unterföhring;tournament;Südbayerische Meisterschaft;1;Vorlauf;Sebastian Tesinski;38569;;2;136;0;476;105;510;overall_total;476
25/26;2026-04-25;Dream Bowl Palace Unterföhring;tournament;Südbayerische Meisterschaft;1;Vorlauf;Selim Fliegner;38673;;2;201;0;580;30;510;overall_total;580
25/26;2026-04-25;Dream Bowl Palace Unterföhring;tournament;Südbayerische Meisterschaft;1;Vorlauf;Sergio Tavares;22116;;2;140;0;542;56;510;overall_total;542
25/26;2026-04-25;Dream Bowl Palace Unterföhring;tournament;Südbayerische Meisterschaft;1;Vorlauf;Stefan Müller;7607;;2;245;0;611;16;510;overall_total;611
25/26;2026-04-25;Dream Bowl Palace Unterföhring;tournament;Südbayerische Meisterschaft;1;Vorlauf;Stephan Scheigenpflug;10080;;2;174;0;501;91;510;overall_total;501
25/26;2026-04-25;Dream Bowl Palace Unterföhring;tournament;Südbayerische Meisterschaft;1;Vorlauf;Thomas Albrecht;7641;;2;199;0;562;40;510;overall_total;562
25/26;2026-04-25;Dream Bowl Palace Unterföhring;tournament;Südbayerische Meisterschaft;1;Vorlauf;Thomas Auer;16888;;2;167;0;554;49;510;overall_total;554
25/26;2026-04-25;Dream Bowl Palace Unterföhring;tournament;Südbayerische Meisterschaft;1;Vorlauf;Thomas Hantschel;38450;;2;200;0;524;70;510;overall_total;524
25/26;2026-04-25;Dream Bowl Palace Unterföhring;tournament;Südbayerische Meisterschaft;1;Vorlauf;Thomas Kalkschmied;25672;;2;180;0;601;20;510;overall_total;601
25/26;2026-04-25;Dream Bowl Palace Unterföhring;tournament;Südbayerische Meisterschaft;1;Vorlauf;Thomas Vogt;10903;;2;100;0;395;118;510;overall_total;395
25/26;2026-04-25;Dream Bowl Palace Unterföhring;tournament;Südbayerische Meisterschaft;1;Vorlauf;Thomas Wiedemann;7028;;2;178;0;531;63;510;overall_total;531
25/26;2026-04-25;Dream Bowl Palace Unterföhring;tournament;Südbayerische Meisterschaft;1;Vorlauf;Timo Baumann;16024;;2;187;0;585;28;510;overall_total;585
25/26;2026-04-25;Dream Bowl Palace Unterföhring;tournament;Südbayerische Meisterschaft;1;Vorlauf;Tindaro Famà;38730;;2;215;0;612;14;510;overall_total;612
25/26;2026-04-25;Dream Bowl Palace Unterföhring;tournament;Südbayerische Meisterschaft;1;Vorlauf;Tobias Börding;7592;;2;194;0;586;27;510;overall_total;586
25/26;2026-04-25;Dream Bowl Palace Unterföhring;tournament;Südbayerische Meisterschaft;1;Vorlauf;Tobias Wiedemann;25695;;2;204;0;549;51;510;overall_total;549
25/26;2026-04-25;Dream Bowl Palace Unterföhring;tournament;Südbayerische Meisterschaft;1;Vorlauf;Tom Eck;38050;;2;210;0;667;3;510;overall_total;667
25/26;2026-04-25;Dream Bowl Palace Unterföhring;tournament;Südbayerische Meisterschaft;1;Vorlauf;Torsten Fliegner;7418;;2;194;0;603;19;510;overall_total;603
25/26;2026-04-25;Dream Bowl Palace Unterföhring;tournament;Südbayerische Meisterschaft;1;Vorlauf;Walter Lederle;16402;;2;223;0;590;24;510;overall_total;590
25/26;2026-04-25;Dream Bowl Palace Unterföhring;tournament;Südbayerische Meisterschaft;1;Vorlauf;Werner Kraus;25302;;2;156;0;473;107;510;overall_total;473
25/26;2026-04-25;Dream Bowl Palace Unterföhring;tournament;Südbayerische Meisterschaft;1;Vorlauf;Werner Nägele;7321;;2;171;0;510;82;510;overall_total;510
25/26;2026-04-25;Dream Bowl Palace Unterföhring;tournament;Südbayerische Meisterschaft;1;Vorlauf;Alberto Salazar;38113;;3;204;0;760;38;692;overall_total;760
25/26;2026-04-25;Dream Bowl Palace Unterföhring;tournament;Südbayerische Meisterschaft;1;Vorlauf;Alexander Egger;38541;;3;238;0;819;9;692;overall_total;819
25/26;2026-04-25;Dream Bowl Palace Unterföhring;tournament;Südbayerische Meisterschaft;1;Vorlauf;Alexander Koller;7879;;3;223;0;802;14;692;overall_total;802
25/26;2026-04-25;Dream Bowl Palace Unterföhring;tournament;Südbayerische Meisterschaft;1;Vorlauf;Alexander Wiedemann;25849;;3;212;0;717;64;692;overall_total;717
25/26;2026-04-25;Dream Bowl Palace Unterföhring;tournament;Südbayerische Meisterschaft;1;Vorlauf;Alfred Zimmermann;7573;;3;199;0;704;74;692;overall_total;704
25/26;2026-04-25;Dream Bowl Palace Unterföhring;tournament;Südbayerische Meisterschaft;1;Vorlauf;Andre Michow;16965;;3;208;0;805;12;692;overall_total;805
25/26;2026-04-25;Dream Bowl Palace Unterföhring;tournament;Südbayerische Meisterschaft;1;Vorlauf;Andreas Feuerlein;16270;;3;141;0;720;61;692;overall_total;720
25/26;2026-04-25;Dream Bowl Palace Unterföhring;tournament;Südbayerische Meisterschaft;1;Vorlauf;Andreas Heß;7030;;3;253;0;761;37;692;overall_total;761
25/26;2026-04-25;Dream Bowl Palace Unterföhring;tournament;Südbayerische Meisterschaft;1;Vorlauf;Andreas Hölzl;38305;;3;181;0;678;90;692;overall_total;678
25/26;2026-04-25;Dream Bowl Palace Unterföhring;tournament;Südbayerische Meisterschaft;1;Vorlauf;Andreas Schöllhorn;38568;;3;206;0;781;28;692;overall_total;781
25/26;2026-04-25;Dream Bowl Palace Unterföhring;tournament;Südbayerische Meisterschaft;1;Vorlauf;André Knoch;25629;;3;173;0;812;10;692;overall_total;812
25/26;2026-04-25;Dream Bowl Palace Unterföhring;tournament;Südbayerische Meisterschaft;1;Vorlauf;Anton Mutz;25005;;3;185;0;755;42;692;overall_total;755
25/26;2026-04-25;Dream Bowl Palace Unterföhring;tournament;Südbayerische Meisterschaft;1;Vorlauf;Bernd Wiemken;25203;;3;220;0;792;18;692;overall_total;792
25/26;2026-04-25;Dream Bowl Palace Unterföhring;tournament;Südbayerische Meisterschaft;1;Vorlauf;Brandon Alexander Lucas;38648;;3;190;0;705;73;692;overall_total;705
25/26;2026-04-25;Dream Bowl Palace Unterföhring;tournament;Südbayerische Meisterschaft;1;Vorlauf;Bruno Gärtner;25649;;3;192;0;708;70;692;overall_total;708
25/26;2026-04-25;Dream Bowl Palace Unterföhring;tournament;Südbayerische Meisterschaft;1;Vorlauf;Carlo Luft;38652;;3;192;0;756;41;692;overall_total;756
25/26;2026-04-25;Dream Bowl Palace Unterföhring;tournament;Südbayerische Meisterschaft;1;Vorlauf;Christian Müller;38996;;3;176;0;725;57;692;overall_total;725
25/26;2026-04-25;Dream Bowl Palace Unterföhring;tournament;Südbayerische Meisterschaft;1;Vorlauf;Christian Schrempf;7646;;3;238;0;778;30;692;overall_total;778
25/26;2026-04-25;Dream Bowl Palace Unterföhring;tournament;Südbayerische Meisterschaft;1;Vorlauf;Christoph Heiming;38918;;3;136;0;616;115;692;overall_total;616
25/26;2026-04-25;Dream Bowl Palace Unterföhring;tournament;Südbayerische Meisterschaft;1;Vorlauf;Clément Perrin;38995;;3;198;0;838;6;692;overall_total;838
25/26;2026-04-25;Dream Bowl Palace Unterföhring;tournament;Südbayerische Meisterschaft;1;Vorlauf;Daniel Börding;7591;;3;150;0;771;32;692;overall_total;771
25/26;2026-04-25;Dream Bowl Palace Unterföhring;tournament;Südbayerische Meisterschaft;1;Vorlauf;Daniel Hellmich;7314;;3;192;0;766;35;692;overall_total;766
25/26;2026-04-25;Dream Bowl Palace Unterföhring;tournament;Südbayerische Meisterschaft;1;Vorlauf;Daniel Horbas;7341;;3;171;0;670;94;692;overall_total;670
25/26;2026-04-25;Dream Bowl Palace Unterföhring;tournament;Südbayerische Meisterschaft;1;Vorlauf;Daniel Krückel;38933;;3;186;0;666;97;692;overall_total;666
25/26;2026-04-25;Dream Bowl Palace Unterföhring;tournament;Südbayerische Meisterschaft;1;Vorlauf;Dennis Jehle;38954;;3;142;0;644;103;692;overall_total;644
25/26;2026-04-25;Dream Bowl Palace Unterföhring;tournament;Südbayerische Meisterschaft;1;Vorlauf;Dirk Billerbeck;10797;;3;176;0;606;116;692;overall_total;606
25/26;2026-04-25;Dream Bowl Palace Unterföhring;tournament;Südbayerische Meisterschaft;1;Vorlauf;Dirk Kirschke;16876;;3;153;0;689;83;692;overall_total;689
25/26;2026-04-25;Dream Bowl Palace Unterföhring;tournament;Südbayerische Meisterschaft;1;Vorlauf;Eberhard Rietz;25631;;3;168;0;790;19;692;overall_total;790
25/26;2026-04-25;Dream Bowl Palace Unterföhring;tournament;Südbayerische Meisterschaft;1;Vorlauf;Eduard Bolender;25408;;3;155;0;715;65;692;overall_total;715
25/26;2026-04-25;Dream Bowl Palace Unterföhring;tournament;Südbayerische Meisterschaft;1;Vorlauf;Enrico Blättermann;38216;;3;188;0;690;82;692;overall_total;690
25/26;2026-04-25;Dream Bowl Palace Unterföhring;tournament;Südbayerische Meisterschaft;1;Vorlauf;Erwin Meys;38813;;3;157;0;620;112;692;overall_total;620
25/26;2026-04-25;Dream Bowl Palace Unterföhring;tournament;Südbayerische Meisterschaft;1;Vorlauf;Erwin Schmidle;38480;;3;192;0;750;44;692;overall_total;750
25/26;2026-04-25;Dream Bowl Palace Unterföhring;tournament;Südbayerische Meisterschaft;1;Vorlauf;Ewald Kral;7309;;3;164;0;701;76;692;overall_total;701
25/26;2026-04-25;Dream Bowl Palace Unterföhring;tournament;Südbayerische Meisterschaft;1;Vorlauf;Florian Hanauer;38001;;3;192;0;665;98;692;overall_total;665
25/26;2026-04-25;Dream Bowl Palace Unterföhring;tournament;Südbayerische Meisterschaft;1;Vorlauf;Florian Stangl;25690;;3;162;0;782;26;692;overall_total;782
25/26;2026-04-25;Dream Bowl Palace Unterföhring;tournament;Südbayerische Meisterschaft;1;Vorlauf;Gregor Arapow;38575;;3;214;0;708;71;692;overall_total;708
25/26;2026-04-25;Dream Bowl Palace Unterföhring;tournament;Südbayerische Meisterschaft;1;Vorlauf;Günter Denz;16398;;3;178;0;787;22;692;overall_total;787
25/26;2026-04-25;Dream Bowl Palace Unterföhring;tournament;Südbayerische Meisterschaft;1;Vorlauf;Günter Färber;38850;;3;148;0;629;106;692;overall_total;629
25/26;2026-04-25;Dream Bowl Palace Unterföhring;tournament;Südbayerische Meisterschaft;1;Vorlauf;Harald Eggl;25229;;3;223;0;797;16;692;overall_total;797
25/26;2026-04-25;Dream Bowl Palace Unterföhring;tournament;Südbayerische Meisterschaft;1;Vorlauf;Harald Laub;7597;;3;174;0;711;66;692;overall_total;711
25/26;2026-04-25;Dream Bowl Palace Unterföhring;tournament;Südbayerische Meisterschaft;1;Vorlauf;Herbert Forstner;38712;;3;163;0;651;100;692;overall_total;651
25/26;2026-04-25;Dream Bowl Palace Unterföhring;tournament;Südbayerische Meisterschaft;1;Vorlauf;Herward Schulz;38202;;3;162;0;621;110;692;overall_total;621
25/26;2026-04-25;Dream Bowl Palace Unterföhring;tournament;Südbayerische Meisterschaft;1;Vorlauf;Horst Thomas;16327;;3;166;0;617;114;692;overall_total;617
25/26;2026-04-25;Dream Bowl Palace Unterföhring;tournament;Südbayerische Meisterschaft;1;Vorlauf;Jan Musiol;25166;;3;171;0;786;24;692;overall_total;786
25/26;2026-04-25;Dream Bowl Palace Unterföhring;tournament;Südbayerische Meisterschaft;1;Vorlauf;Joachim Geist;16807;;3;186;0;735;50;692;overall_total;735
25/26;2026-04-25;Dream Bowl Palace Unterföhring;tournament;Südbayerische Meisterschaft;1;Vorlauf;Jochen Mücke;38842;;3;186;0;784;25;692;overall_total;784
25/26;2026-04-25;Dream Bowl Palace Unterföhring;tournament;Südbayerische Meisterschaft;1;Vorlauf;Jürgen Beer;25502;;3;173;0;657;99;692;overall_total;657
25/26;2026-04-25;Dream Bowl Palace Unterföhring;tournament;Südbayerische Meisterschaft;1;Vorlauf;Jürgen Hockenjos;25993;;3;121;0;595;117;692;overall_total;595
25/26;2026-04-25;Dream Bowl Palace Unterföhring;tournament;Südbayerische Meisterschaft;1;Vorlauf;Kilian Kral;38510;;3;173;0;703;75;692;overall_total;703
25/26;2026-04-25;Dream Bowl Palace Unterföhring;tournament;Südbayerische Meisterschaft;1;Vorlauf;Klaus Lilge;7080;;3;236;0;901;3;692;overall_total;901
25/26;2026-04-25;Dream Bowl Palace Unterföhring;tournament;Südbayerische Meisterschaft;1;Vorlauf;Konrad Schiller;38186;;3;149;0;735;51;692;overall_total;735
25/26;2026-04-25;Dream Bowl Palace Unterföhring;tournament;Südbayerische Meisterschaft;1;Vorlauf;Kurt Schindlböck;16390;;3;193;0;709;68;692;overall_total;709
25/26;2026-04-25;Dream Bowl Palace Unterföhring;tournament;Südbayerische Meisterschaft;1;Vorlauf;Louis Csallner;38993;;3;129;0;687;85;692;overall_total;687
25/26;2026-04-25;Dream Bowl Palace Unterföhring;tournament;Südbayerische Meisterschaft;1;Vorlauf;Luca Köhler;38665;;3;217;0;723;60;692;overall_total;723
25/26;2026-04-25;Dream Bowl Palace Unterföhring;tournament;Südbayerische Meisterschaft;1;Vorlauf;Lucas Kasenbacher;25340;;3;212;0;724;58;692;overall_total;724
25/26;2026-04-25;Dream Bowl Palace Unterföhring;tournament;Südbayerische Meisterschaft;1;Vorlauf;Manfred Hartl;38065;;3;136;0;646;101;692;overall_total;646
25/26;2026-04-25;Dream Bowl Palace Unterföhring;tournament;Südbayerische Meisterschaft;1;Vorlauf;Manfred Weidinger;38851;;3;189;0;748;45;692;overall_total;748
25/26;2026-04-25;Dream Bowl Palace Unterföhring;tournament;Südbayerische Meisterschaft;1;Vorlauf;Marcel Müller;28367;;3;167;0;780;29;692;overall_total;780
25/26;2026-04-25;Dream Bowl Palace Unterföhring;tournament;Südbayerische Meisterschaft;1;Vorlauf;Marco Probst;7602;;3;193;0;736;49;692;overall_total;736
25/26;2026-04-25;Dream Bowl Palace Unterföhring;tournament;Südbayerische Meisterschaft;1;Vorlauf;Markus Auer;25788;;3;192;0;692;80;692;overall_total;692
25/26;2026-04-25;Dream Bowl Palace Unterföhring;tournament;Südbayerische Meisterschaft;1;Vorlauf;Markus Hanauer;38314;;3;211;0;864;5;692;overall_total;864
25/26;2026-04-25;Dream Bowl Palace Unterföhring;tournament;Südbayerische Meisterschaft;1;Vorlauf;Markus Schmied;38361;;3;155;0;679;89;692;overall_total;679
25/26;2026-04-25;Dream Bowl Palace Unterföhring;tournament;Südbayerische Meisterschaft;1;Vorlauf;Martin Küchler;25826;;3;212;0;751;43;692;overall_total;751
25/26;2026-04-25;Dream Bowl Palace Unterföhring;tournament;Südbayerische Meisterschaft;1;Vorlauf;Matthias Kuchling;16583;;3;223;0;763;36;692;overall_total;763
25/26;2026-04-25;Dream Bowl Palace Unterföhring;tournament;Südbayerische Meisterschaft;1;Vorlauf;Max Wiemken;25557;;3;142;0;670;92;692;overall_total;670
25/26;2026-04-25;Dream Bowl Palace Unterföhring;tournament;Südbayerische Meisterschaft;1;Vorlauf;Maximilian Herrmann;38892;;3;170;0;691;81;692;overall_total;691
25/26;2026-04-25;Dream Bowl Palace Unterföhring;tournament;Südbayerische Meisterschaft;1;Vorlauf;Michael Auer;38459;;3;136;0;746;46;692;overall_total;746
25/26;2026-04-25;Dream Bowl Palace Unterföhring;tournament;Südbayerische Meisterschaft;1;Vorlauf;Michael Brandt;38110;;3;172;0;730;54;692;overall_total;730
25/26;2026-04-25;Dream Bowl Palace Unterföhring;tournament;Südbayerische Meisterschaft;1;Vorlauf;Michael Egger;25785;;3;168;0;688;84;692;overall_total;688
25/26;2026-04-25;Dream Bowl Palace Unterföhring;tournament;Südbayerische Meisterschaft;1;Vorlauf;Michael Eisenmann-Seybold;7595;;3;245;0;946;1;692;overall_total;946
25/26;2026-04-25;Dream Bowl Palace Unterföhring;tournament;Südbayerische Meisterschaft;1;Vorlauf;Michael Görn;7412;;3;182;0;708;72;692;overall_total;708
25/26;2026-04-25;Dream Bowl Palace Unterföhring;tournament;Südbayerische Meisterschaft;1;Vorlauf;Michael Ring;7317;;3;199;0;742;48;692;overall_total;742
25/26;2026-04-25;Dream Bowl Palace Unterföhring;tournament;Südbayerische Meisterschaft;1;Vorlauf;Michael Ruppert;38887;;3;193;0;619;113;692;overall_total;619
25/26;2026-04-25;Dream Bowl Palace Unterföhring;tournament;Südbayerische Meisterschaft;1;Vorlauf;Moritz Wiemken;25830;;3;213;0;916;2;692;overall_total;916
25/26;2026-04-25;Dream Bowl Palace Unterföhring;tournament;Südbayerische Meisterschaft;1;Vorlauf;Nicolas Kabel;38092;;3;209;0;719;62;692;overall_total;719
25/26;2026-04-25;Dream Bowl Palace Unterföhring;tournament;Südbayerische Meisterschaft;1;Vorlauf;Olaf Krebs;16325;;3;193;0;685;86;692;overall_total;685
25/26;2026-04-25;Dream Bowl Palace Unterföhring;tournament;Südbayerische Meisterschaft;1;Vorlauf;Oliver Schütze;38550;;3;203;0;746;47;692;overall_total;746
25/26;2026-04-25;Dream Bowl Palace Unterföhring;tournament;Südbayerische Meisterschaft;1;Vorlauf;Pascal Gruber;38957;;3;155;0;625;107;692;overall_total;625
25/26;2026-04-25;Dream Bowl Palace Unterföhring;tournament;Südbayerische Meisterschaft;1;Vorlauf;Patrick Baszler;7886;;3;168;0;730;56;692;overall_total;730
25/26;2026-04-25;Dream Bowl Palace Unterföhring;tournament;Südbayerische Meisterschaft;1;Vorlauf;Patrick Thurner;38530;;3;171;0;759;40;692;overall_total;759
25/26;2026-04-25;Dream Bowl Palace Unterföhring;tournament;Südbayerische Meisterschaft;1;Vorlauf;Peter Börding;7593;;3;185;0;828;8;692;overall_total;828
25/26;2026-04-25;Dream Bowl Palace Unterföhring;tournament;Südbayerische Meisterschaft;1;Vorlauf;Peter Faßold;25390;;3;170;0;624;109;692;overall_total;624
25/26;2026-04-25;Dream Bowl Palace Unterföhring;tournament;Südbayerische Meisterschaft;1;Vorlauf;Peter Steub;38586;;3;199;0;646;102;692;overall_total;646
25/26;2026-04-25;Dream Bowl Palace Unterföhring;tournament;Südbayerische Meisterschaft;1;Vorlauf;Peter Walch;7493;;3;147;0;671;91;692;overall_total;671
25/26;2026-04-25;Dream Bowl Palace Unterföhring;tournament;Südbayerische Meisterschaft;1;Vorlauf;Peter van Lengen;25297;;3;189;0;710;67;692;overall_total;710
25/26;2026-04-25;Dream Bowl Palace Unterföhring;tournament;Südbayerische Meisterschaft;1;Vorlauf;Raiko Elze;38912;;3;164;0;724;59;692;overall_total;724
25/26;2026-04-25;Dream Bowl Palace Unterföhring;tournament;Südbayerische Meisterschaft;1;Vorlauf;Rainer Schöllhorn;16069;;3;183;0;692;79;692;overall_total;692
25/26;2026-04-25;Dream Bowl Palace Unterföhring;tournament;Südbayerische Meisterschaft;1;Vorlauf;Ralf Mielke;25842;;3;193;0;669;95;692;overall_total;669
25/26;2026-04-25;Dream Bowl Palace Unterföhring;tournament;Südbayerische Meisterschaft;1;Vorlauf;Raphael Hofmann;38963;;3;189;0;719;63;692;overall_total;719
25/26;2026-04-25;Dream Bowl Palace Unterföhring;tournament;Südbayerische Meisterschaft;1;Vorlauf;René Erben;25953;;3;203;0;773;31;692;overall_total;773
25/26;2026-04-25;Dream Bowl Palace Unterföhring;tournament;Südbayerische Meisterschaft;1;Vorlauf;René Schanze;16524;;3;170;0;634;105;692;overall_total;634
25/26;2026-04-25;Dream Bowl Palace Unterföhring;tournament;Südbayerische Meisterschaft;1;Vorlauf;Robert Faltermeier;38472;;3;145;0;621;111;692;overall_total;621
25/26;2026-04-25;Dream Bowl Palace Unterföhring;tournament;Südbayerische Meisterschaft;1;Vorlauf;Robert Meissl;25778;;3;164;0;666;96;692;overall_total;666
25/26;2026-04-25;Dream Bowl Palace Unterföhring;tournament;Südbayerische Meisterschaft;1;Vorlauf;Roberto Di Stefano;38970;;3;212;0;732;53;692;overall_total;732
25/26;2026-04-25;Dream Bowl Palace Unterföhring;tournament;Südbayerische Meisterschaft;1;Vorlauf;Roland Hannemann;16336;;3;223;0;834;7;692;overall_total;834
25/26;2026-04-25;Dream Bowl Palace Unterföhring;tournament;Südbayerische Meisterschaft;1;Vorlauf;Roland Heumos;38388;;3;191;0;670;93;692;overall_total;670
25/26;2026-04-25;Dream Bowl Palace Unterföhring;tournament;Südbayerische Meisterschaft;1;Vorlauf;Sahin Köse;16002;;3;181;0;708;69;692;overall_total;708
25/26;2026-04-25;Dream Bowl Palace Unterföhring;tournament;Südbayerische Meisterschaft;1;Vorlauf;Sebastian Hinterwimmer;7885;;3;205;0;798;15;692;overall_total;798
25/26;2026-04-25;Dream Bowl Palace Unterföhring;tournament;Südbayerische Meisterschaft;1;Vorlauf;Sebastian Tesinski;38569;;3;159;0;635;104;692;overall_total;635
25/26;2026-04-25;Dream Bowl Palace Unterföhring;tournament;Südbayerische Meisterschaft;1;Vorlauf;Selim Fliegner;38673;;3;202;0;782;27;692;overall_total;782
25/26;2026-04-25;Dream Bowl Palace Unterföhring;tournament;Südbayerische Meisterschaft;1;Vorlauf;Sergio Tavares;22116;;3;227;0;769;33;692;overall_total;769
25/26;2026-04-25;Dream Bowl Palace Unterföhring;tournament;Südbayerische Meisterschaft;1;Vorlauf;Stefan Müller;7607;;3;186;0;797;17;692;overall_total;797
25/26;2026-04-25;Dream Bowl Palace Unterföhring;tournament;Südbayerische Meisterschaft;1;Vorlauf;Stephan Scheigenpflug;10080;;3;192;0;693;78;692;overall_total;693
25/26;2026-04-25;Dream Bowl Palace Unterföhring;tournament;Südbayerische Meisterschaft;1;Vorlauf;Thomas Albrecht;7641;;3;168;0;730;55;692;overall_total;730
25/26;2026-04-25;Dream Bowl Palace Unterföhring;tournament;Südbayerische Meisterschaft;1;Vorlauf;Thomas Auer;16888;;3;234;0;788;20;692;overall_total;788
25/26;2026-04-25;Dream Bowl Palace Unterföhring;tournament;Südbayerische Meisterschaft;1;Vorlauf;Thomas Hantschel;38450;;3;161;0;685;87;692;overall_total;685
25/26;2026-04-25;Dream Bowl Palace Unterföhring;tournament;Südbayerische Meisterschaft;1;Vorlauf;Thomas Kalkschmied;25672;;3;187;0;788;21;692;overall_total;788
25/26;2026-04-25;Dream Bowl Palace Unterföhring;tournament;Südbayerische Meisterschaft;1;Vorlauf;Thomas Vogt;10903;;3;119;0;514;118;692;overall_total;514
25/26;2026-04-25;Dream Bowl Palace Unterföhring;tournament;Südbayerische Meisterschaft;1;Vorlauf;Thomas Wiedemann;7028;;3;153;0;684;88;692;overall_total;684
25/26;2026-04-25;Dream Bowl Palace Unterföhring;tournament;Südbayerische Meisterschaft;1;Vorlauf;Timo Baumann;16024;;3;218;0;803;13;692;overall_total;803
25/26;2026-04-25;Dream Bowl Palace Unterföhring;tournament;Südbayerische Meisterschaft;1;Vorlauf;Tindaro Famà;38730;;3;148;0;760;39;692;overall_total;760
25/26;2026-04-25;Dream Bowl Palace Unterföhring;tournament;Südbayerische Meisterschaft;1;Vorlauf;Tobias Börding;7592;;3;225;0;811;11;692;overall_total;811
25/26;2026-04-25;Dream Bowl Palace Unterföhring;tournament;Südbayerische Meisterschaft;1;Vorlauf;Tobias Wiedemann;25695;;3;238;0;787;23;692;overall_total;787
25/26;2026-04-25;Dream Bowl Palace Unterföhring;tournament;Südbayerische Meisterschaft;1;Vorlauf;Tom Eck;38050;;3;200;0;867;4;692;overall_total;867
25/26;2026-04-25;Dream Bowl Palace Unterföhring;tournament;Südbayerische Meisterschaft;1;Vorlauf;Torsten Fliegner;7418;;3;164;0;767;34;692;overall_total;767
25/26;2026-04-25;Dream Bowl Palace Unterföhring;tournament;Südbayerische Meisterschaft;1;Vorlauf;Walter Lederle;16402;;3;144;0;734;52;692;overall_total;734
25/26;2026-04-25;Dream Bowl Palace Unterföhring;tournament;Südbayerische Meisterschaft;1;Vorlauf;Werner Kraus;25302;;3;151;0;624;108;692;overall_total;624
25/26;2026-04-25;Dream Bowl Palace Unterföhring;tournament;Südbayerische Meisterschaft;1;Vorlauf;Werner Nägele;7321;;3;190;0;700;77;692;overall_total;700
25/26;2026-04-25;Dream Bowl Palace Unterföhring;tournament;Südbayerische Meisterschaft;1;Vorlauf;Alberto Salazar;38113;;4;203;0;963;25;868;overall_total;963
25/26;2026-04-25;Dream Bowl Palace Unterföhring;tournament;Südbayerische Meisterschaft;1;Vorlauf;Alexander Egger;38541;;4;159;0;978;22;868;overall_total;978
25/26;2026-04-25;Dream Bowl Palace Unterföhring;tournament;Südbayerische Meisterschaft;1;Vorlauf;Alexander Koller;7879;;4;224;0;1026;9;868;overall_total;1026
25/26;2026-04-25;Dream Bowl Palace Unterföhring;tournament;Südbayerische Meisterschaft;1;Vorlauf;Alexander Wiedemann;25849;;4;191;0;908;57;868;overall_total;908
25/26;2026-04-25;Dream Bowl Palace Unterföhring;tournament;Südbayerische Meisterschaft;1;Vorlauf;Alfred Zimmermann;7573;;4;169;0;873;73;868;overall_total;873
25/26;2026-04-25;Dream Bowl Palace Unterföhring;tournament;Südbayerische Meisterschaft;1;Vorlauf;Andre Michow;16965;;4;184;0;989;19;868;overall_total;989
25/26;2026-04-25;Dream Bowl Palace Unterföhring;tournament;Südbayerische Meisterschaft;1;Vorlauf;Andreas Feuerlein;16270;;4;168;0;888;64;868;overall_total;888
25/26;2026-04-25;Dream Bowl Palace Unterföhring;tournament;Südbayerische Meisterschaft;1;Vorlauf;Andreas Heß;7030;;4;189;0;950;40;868;overall_total;950
25/26;2026-04-25;Dream Bowl Palace Unterföhring;tournament;Südbayerische Meisterschaft;1;Vorlauf;Andreas Hölzl;38305;;4;194;0;872;75;868;overall_total;872
25/26;2026-04-25;Dream Bowl Palace Unterföhring;tournament;Südbayerische Meisterschaft;1;Vorlauf;Andreas Schöllhorn;38568;;4;176;0;957;31;868;overall_total;957
25/26;2026-04-25;Dream Bowl Palace Unterföhring;tournament;Südbayerische Meisterschaft;1;Vorlauf;André Knoch;25629;;4;214;0;1026;8;868;overall_total;1026
25/26;2026-04-25;Dream Bowl Palace Unterföhring;tournament;Südbayerische Meisterschaft;1;Vorlauf;Anton Mutz;25005;;4;206;0;961;26;868;overall_total;961
25/26;2026-04-25;Dream Bowl Palace Unterföhring;tournament;Südbayerische Meisterschaft;1;Vorlauf;Bernd Wiemken;25203;;4;168;0;960;27;868;overall_total;960
25/26;2026-04-25;Dream Bowl Palace Unterföhring;tournament;Südbayerische Meisterschaft;1;Vorlauf;Brandon Alexander Lucas;38648;;4;167;0;872;77;868;overall_total;872
25/26;2026-04-25;Dream Bowl Palace Unterföhring;tournament;Südbayerische Meisterschaft;1;Vorlauf;Bruno Gärtner;25649;;4;164;0;872;74;868;overall_total;872
25/26;2026-04-25;Dream Bowl Palace Unterföhring;tournament;Südbayerische Meisterschaft;1;Vorlauf;Carlo Luft;38652;;4;203;0;959;28;868;overall_total;959
25/26;2026-04-25;Dream Bowl Palace Unterföhring;tournament;Südbayerische Meisterschaft;1;Vorlauf;Christian Müller;38996;;4;221;0;946;41;868;overall_total;946
25/26;2026-04-25;Dream Bowl Palace Unterföhring;tournament;Südbayerische Meisterschaft;1;Vorlauf;Christian Schrempf;7646;;4;181;0;959;29;868;overall_total;959
25/26;2026-04-25;Dream Bowl Palace Unterföhring;tournament;Südbayerische Meisterschaft;1;Vorlauf;Christoph Heiming;38918;;4;196;0;812;101;868;overall_total;812
25/26;2026-04-25;Dream Bowl Palace Unterföhring;tournament;Südbayerische Meisterschaft;1;Vorlauf;Clément Perrin;38995;;4;169;0;1007;14;868;overall_total;1007
25/26;2026-04-25;Dream Bowl Palace Unterföhring;tournament;Südbayerische Meisterschaft;1;Vorlauf;Daniel Börding;7591;;4;181;0;952;38;868;overall_total;952
25/26;2026-04-25;Dream Bowl Palace Unterföhring;tournament;Südbayerische Meisterschaft;1;Vorlauf;Daniel Hellmich;7314;;4;180;0;946;42;868;overall_total;946
25/26;2026-04-25;Dream Bowl Palace Unterföhring;tournament;Südbayerische Meisterschaft;1;Vorlauf;Daniel Krückel;38933;;4;169;0;835;94;868;overall_total;835
25/26;2026-04-25;Dream Bowl Palace Unterföhring;tournament;Südbayerische Meisterschaft;1;Vorlauf;Dennis Jehle;38954;;4;174;0;818;98;868;overall_total;818
25/26;2026-04-25;Dream Bowl Palace Unterföhring;tournament;Südbayerische Meisterschaft;1;Vorlauf;Dirk Billerbeck;10797;;4;173;0;779;112;868;overall_total;779
25/26;2026-04-25;Dream Bowl Palace Unterföhring;tournament;Südbayerische Meisterschaft;1;Vorlauf;Dirk Kirschke;16876;;4;167;0;856;89;868;overall_total;856
25/26;2026-04-25;Dream Bowl Palace Unterföhring;tournament;Südbayerische Meisterschaft;1;Vorlauf;Eberhard Rietz;25631;;4;214;0;1004;16;868;overall_total;1004
25/26;2026-04-25;Dream Bowl Palace Unterföhring;tournament;Südbayerische Meisterschaft;1;Vorlauf;Eduard Bolender;25408;;4;152;0;867;81;868;overall_total;867
25/26;2026-04-25;Dream Bowl Palace Unterföhring;tournament;Südbayerische Meisterschaft;1;Vorlauf;Enrico Blättermann;38216;;4;181;0;871;78;868;overall_total;871
25/26;2026-04-25;Dream Bowl Palace Unterföhring;tournament;Südbayerische Meisterschaft;1;Vorlauf;Erwin Meys;38813;;4;161;0;781;110;868;overall_total;781
25/26;2026-04-25;Dream Bowl Palace Unterföhring;tournament;Südbayerische Meisterschaft;1;Vorlauf;Erwin Schmidle;38480;;4;182;0;932;48;868;overall_total;932
25/26;2026-04-25;Dream Bowl Palace Unterföhring;tournament;Südbayerische Meisterschaft;1;Vorlauf;Ewald Kral;7309;;4;166;0;867;82;868;overall_total;867
25/26;2026-04-25;Dream Bowl Palace Unterföhring;tournament;Südbayerische Meisterschaft;1;Vorlauf;Florian Hanauer;38001;;4;174;0;839;93;868;overall_total;839
25/26;2026-04-25;Dream Bowl Palace Unterföhring;tournament;Südbayerische Meisterschaft;1;Vorlauf;Florian Stangl;25690;;4;202;0;984;20;868;overall_total;984
25/26;2026-04-25;Dream Bowl Palace Unterföhring;tournament;Südbayerische Meisterschaft;1;Vorlauf;Gregor Arapow;38575;;4;212;0;920;53;868;overall_total;920
25/26;2026-04-25;Dream Bowl Palace Unterföhring;tournament;Südbayerische Meisterschaft;1;Vorlauf;Günter Denz;16398;;4;216;0;1003;17;868;overall_total;1003
25/26;2026-04-25;Dream Bowl Palace Unterföhring;tournament;Südbayerische Meisterschaft;1;Vorlauf;Günter Färber;38850;;4;162;0;791;107;868;overall_total;791
25/26;2026-04-25;Dream Bowl Palace Unterföhring;tournament;Südbayerische Meisterschaft;1;Vorlauf;Harald Eggl;25229;;4;159;0;956;32;868;overall_total;956
25/26;2026-04-25;Dream Bowl Palace Unterföhring;tournament;Südbayerische Meisterschaft;1;Vorlauf;Harald Laub;7597;;4;232;0;943;45;868;overall_total;943
25/26;2026-04-25;Dream Bowl Palace Unterföhring;tournament;Südbayerische Meisterschaft;1;Vorlauf;Herbert Forstner;38712;;4;164;0;815;100;868;overall_total;815
25/26;2026-04-25;Dream Bowl Palace Unterföhring;tournament;Südbayerische Meisterschaft;1;Vorlauf;Herward Schulz;38202;;4;185;0;806;103;868;overall_total;806
25/26;2026-04-25;Dream Bowl Palace Unterföhring;tournament;Südbayerische Meisterschaft;1;Vorlauf;Horst Thomas;16327;;4;151;0;768;115;868;overall_total;768
25/26;2026-04-25;Dream Bowl Palace Unterföhring;tournament;Südbayerische Meisterschaft;1;Vorlauf;Jan Musiol;25166;;4;235;0;1021;10;868;overall_total;1021
25/26;2026-04-25;Dream Bowl Palace Unterföhring;tournament;Südbayerische Meisterschaft;1;Vorlauf;Joachim Geist;16807;;4;163;0;898;59;868;overall_total;898
25/26;2026-04-25;Dream Bowl Palace Unterföhring;tournament;Südbayerische Meisterschaft;1;Vorlauf;Jochen Mücke;38842;;4;182;0;966;23;868;overall_total;966
25/26;2026-04-25;Dream Bowl Palace Unterföhring;tournament;Südbayerische Meisterschaft;1;Vorlauf;Jürgen Beer;25502;;4;168;0;825;96;868;overall_total;825
25/26;2026-04-25;Dream Bowl Palace Unterföhring;tournament;Südbayerische Meisterschaft;1;Vorlauf;Jürgen Hockenjos;25993;;4;190;0;785;108;868;overall_total;785
25/26;2026-04-25;Dream Bowl Palace Unterföhring;tournament;Südbayerische Meisterschaft;1;Vorlauf;Kilian Kral;38510;;4;159;0;862;86;868;overall_total;862
25/26;2026-04-25;Dream Bowl Palace Unterföhring;tournament;Südbayerische Meisterschaft;1;Vorlauf;Klaus Lilge;7080;;4;236;0;1137;1;868;overall_total;1137
25/26;2026-04-25;Dream Bowl Palace Unterföhring;tournament;Südbayerische Meisterschaft;1;Vorlauf;Konrad Schiller;38186;;4;138;0;873;72;868;overall_total;873
25/26;2026-04-25;Dream Bowl Palace Unterföhring;tournament;Südbayerische Meisterschaft;1;Vorlauf;Kurt Schindlböck;16390;;4;123;0;832;95;868;overall_total;832
25/26;2026-04-25;Dream Bowl Palace Unterföhring;tournament;Südbayerische Meisterschaft;1;Vorlauf;Louis Csallner;38993;;4;179;0;866;84;868;overall_total;866
25/26;2026-04-25;Dream Bowl Palace Unterföhring;tournament;Südbayerische Meisterschaft;1;Vorlauf;Luca Köhler;38665;;4;140;0;863;85;868;overall_total;863
25/26;2026-04-25;Dream Bowl Palace Unterföhring;tournament;Südbayerische Meisterschaft;1;Vorlauf;Lucas Kasenbacher;25340;;4;159;0;883;67;868;overall_total;883
25/26;2026-04-25;Dream Bowl Palace Unterföhring;tournament;Südbayerische Meisterschaft;1;Vorlauf;Manfred Hartl;38065;;4;179;0;825;97;868;overall_total;825
25/26;2026-04-25;Dream Bowl Palace Unterföhring;tournament;Südbayerische Meisterschaft;1;Vorlauf;Manfred Weidinger;38851;;4;195;0;943;44;868;overall_total;943
25/26;2026-04-25;Dream Bowl Palace Unterföhring;tournament;Südbayerische Meisterschaft;1;Vorlauf;Marcel Müller;28367;;4;134;0;914;56;868;overall_total;914
25/26;2026-04-25;Dream Bowl Palace Unterföhring;tournament;Südbayerische Meisterschaft;1;Vorlauf;Marco Probst;7602;;4;186;0;922;51;868;overall_total;922
25/26;2026-04-25;Dream Bowl Palace Unterföhring;tournament;Südbayerische Meisterschaft;1;Vorlauf;Markus Auer;25788;;4;178;0;870;79;868;overall_total;870
25/26;2026-04-25;Dream Bowl Palace Unterföhring;tournament;Südbayerische Meisterschaft;1;Vorlauf;Markus Hanauer;38314;;4;180;0;1044;6;868;overall_total;1044
25/26;2026-04-25;Dream Bowl Palace Unterföhring;tournament;Südbayerische Meisterschaft;1;Vorlauf;Markus Schmied;38361;;4;193;0;872;76;868;overall_total;872
25/26;2026-04-25;Dream Bowl Palace Unterföhring;tournament;Südbayerische Meisterschaft;1;Vorlauf;Martin Küchler;25826;;4;172;0;923;50;868;overall_total;923
25/26;2026-04-25;Dream Bowl Palace Unterföhring;tournament;Südbayerische Meisterschaft;1;Vorlauf;Matthias Kuchling;16583;;4;253;0;1016;12;868;overall_total;1016
25/26;2026-04-25;Dream Bowl Palace Unterföhring;tournament;Südbayerische Meisterschaft;1;Vorlauf;Max Wiemken;25557;;4;191;0;861;87;868;overall_total;861
25/26;2026-04-25;Dream Bowl Palace Unterföhring;tournament;Südbayerische Meisterschaft;1;Vorlauf;Maximilian Herrmann;38892;;4;190;0;881;68;868;overall_total;881
25/26;2026-04-25;Dream Bowl Palace Unterföhring;tournament;Südbayerische Meisterschaft;1;Vorlauf;Michael Auer;38459;;4;169;0;915;55;868;overall_total;915
25/26;2026-04-25;Dream Bowl Palace Unterföhring;tournament;Südbayerische Meisterschaft;1;Vorlauf;Michael Brandt;38110;;4;158;0;888;65;868;overall_total;888
25/26;2026-04-25;Dream Bowl Palace Unterföhring;tournament;Südbayerische Meisterschaft;1;Vorlauf;Michael Egger;25785;;4;160;0;848;92;868;overall_total;848
25/26;2026-04-25;Dream Bowl Palace Unterföhring;tournament;Südbayerische Meisterschaft;1;Vorlauf;Michael Eisenmann-Seybold;7595;;4;157;0;1103;3;868;overall_total;1103
25/26;2026-04-25;Dream Bowl Palace Unterföhring;tournament;Südbayerische Meisterschaft;1;Vorlauf;Michael Görn;7412;;4;209;0;917;54;868;overall_total;917
25/26;2026-04-25;Dream Bowl Palace Unterföhring;tournament;Südbayerische Meisterschaft;1;Vorlauf;Michael Ring;7317;;4;216;0;958;30;868;overall_total;958
25/26;2026-04-25;Dream Bowl Palace Unterföhring;tournament;Südbayerische Meisterschaft;1;Vorlauf;Michael Ruppert;38887;;4;141;0;760;116;868;overall_total;760
25/26;2026-04-25;Dream Bowl Palace Unterföhring;tournament;Südbayerische Meisterschaft;1;Vorlauf;Moritz Wiemken;25830;;4;192;0;1108;2;868;overall_total;1108
25/26;2026-04-25;Dream Bowl Palace Unterföhring;tournament;Südbayerische Meisterschaft;1;Vorlauf;Nicolas Kabel;38092;;4;222;0;941;47;868;overall_total;941
25/26;2026-04-25;Dream Bowl Palace Unterföhring;tournament;Südbayerische Meisterschaft;1;Vorlauf;Olaf Krebs;16325;;4;190;0;875;70;868;overall_total;875
25/26;2026-04-25;Dream Bowl Palace Unterföhring;tournament;Südbayerische Meisterschaft;1;Vorlauf;Oliver Schütze;38550;;4;210;0;956;33;868;overall_total;956
25/26;2026-04-25;Dream Bowl Palace Unterföhring;tournament;Südbayerische Meisterschaft;1;Vorlauf;Pascal Gruber;38957;;4;181;0;806;104;868;overall_total;806
25/26;2026-04-25;Dream Bowl Palace Unterföhring;tournament;Südbayerische Meisterschaft;1;Vorlauf;Patrick Baszler;7886;;4;166;0;896;60;868;overall_total;896
25/26;2026-04-25;Dream Bowl Palace Unterföhring;tournament;Südbayerische Meisterschaft;1;Vorlauf;Patrick Thurner;38530;;4;162;0;921;52;868;overall_total;921
25/26;2026-04-25;Dream Bowl Palace Unterföhring;tournament;Südbayerische Meisterschaft;1;Vorlauf;Peter Börding;7593;;4;243;0;1071;4;868;overall_total;1071
25/26;2026-04-25;Dream Bowl Palace Unterföhring;tournament;Südbayerische Meisterschaft;1;Vorlauf;Peter Faßold;25390;;4;150;0;774;114;868;overall_total;774
25/26;2026-04-25;Dream Bowl Palace Unterföhring;tournament;Südbayerische Meisterschaft;1;Vorlauf;Peter Steub;38586;;4;134;0;780;111;868;overall_total;780
25/26;2026-04-25;Dream Bowl Palace Unterföhring;tournament;Südbayerische Meisterschaft;1;Vorlauf;Peter Walch;7493;;4;125;0;796;106;868;overall_total;796
25/26;2026-04-25;Dream Bowl Palace Unterföhring;tournament;Südbayerische Meisterschaft;1;Vorlauf;Peter van Lengen;25297;;4;165;0;875;71;868;overall_total;875
25/26;2026-04-25;Dream Bowl Palace Unterföhring;tournament;Südbayerische Meisterschaft;1;Vorlauf;Raiko Elze;38912;;4;168;0;892;62;868;overall_total;892
25/26;2026-04-25;Dream Bowl Palace Unterföhring;tournament;Südbayerische Meisterschaft;1;Vorlauf;Rainer Schöllhorn;16069;;4;196;0;888;63;868;overall_total;888
25/26;2026-04-25;Dream Bowl Palace Unterföhring;tournament;Südbayerische Meisterschaft;1;Vorlauf;Ralf Mielke;25842;;4;226;0;895;61;868;overall_total;895
25/26;2026-04-25;Dream Bowl Palace Unterföhring;tournament;Südbayerische Meisterschaft;1;Vorlauf;Raphael Hofmann;38963;;4;210;0;929;49;868;overall_total;929
25/26;2026-04-25;Dream Bowl Palace Unterföhring;tournament;Südbayerische Meisterschaft;1;Vorlauf;René Erben;25953;;4;179;0;952;37;868;overall_total;952
25/26;2026-04-25;Dream Bowl Palace Unterföhring;tournament;Südbayerische Meisterschaft;1;Vorlauf;René Schanze;16524;;4;173;0;807;102;868;overall_total;807
25/26;2026-04-25;Dream Bowl Palace Unterföhring;tournament;Südbayerische Meisterschaft;1;Vorlauf;Robert Faltermeier;38472;;4;157;0;778;113;868;overall_total;778
25/26;2026-04-25;Dream Bowl Palace Unterföhring;tournament;Südbayerische Meisterschaft;1;Vorlauf;Robert Meissl;25778;;4;188;0;854;90;868;overall_total;854
25/26;2026-04-25;Dream Bowl Palace Unterföhring;tournament;Südbayerische Meisterschaft;1;Vorlauf;Roberto Di Stefano;38970;;4;134;0;866;83;868;overall_total;866
25/26;2026-04-25;Dream Bowl Palace Unterföhring;tournament;Südbayerische Meisterschaft;1;Vorlauf;Roland Hannemann;16336;;4;212;0;1046;5;868;overall_total;1046
25/26;2026-04-25;Dream Bowl Palace Unterföhring;tournament;Südbayerische Meisterschaft;1;Vorlauf;Roland Heumos;38388;;4;145;0;815;99;868;overall_total;815
25/26;2026-04-25;Dream Bowl Palace Unterföhring;tournament;Südbayerische Meisterschaft;1;Vorlauf;Sahin Köse;16002;;4;177;0;885;66;868;overall_total;885
25/26;2026-04-25;Dream Bowl Palace Unterföhring;tournament;Südbayerische Meisterschaft;1;Vorlauf;Sebastian Hinterwimmer;7885;;4;153;0;951;39;868;overall_total;951
25/26;2026-04-25;Dream Bowl Palace Unterföhring;tournament;Südbayerische Meisterschaft;1;Vorlauf;Sebastian Tesinski;38569;;4;148;0;783;109;868;overall_total;783
25/26;2026-04-25;Dream Bowl Palace Unterföhring;tournament;Südbayerische Meisterschaft;1;Vorlauf;Selim Fliegner;38673;;4;171;0;953;35;868;overall_total;953
25/26;2026-04-25;Dream Bowl Palace Unterföhring;tournament;Südbayerische Meisterschaft;1;Vorlauf;Sergio Tavares;22116;;4;173;0;942;46;868;overall_total;942
25/26;2026-04-25;Dream Bowl Palace Unterföhring;tournament;Südbayerische Meisterschaft;1;Vorlauf;Stefan Müller;7607;;4;186;0;983;21;868;overall_total;983
25/26;2026-04-25;Dream Bowl Palace Unterföhring;tournament;Südbayerische Meisterschaft;1;Vorlauf;Stephan Scheigenpflug;10080;;4;167;0;860;88;868;overall_total;860
25/26;2026-04-25;Dream Bowl Palace Unterföhring;tournament;Südbayerische Meisterschaft;1;Vorlauf;Thomas Albrecht;7641;;4;223;0;953;36;868;overall_total;953
25/26;2026-04-25;Dream Bowl Palace Unterföhring;tournament;Südbayerische Meisterschaft;1;Vorlauf;Thomas Auer;16888;;4;216;0;1004;15;868;overall_total;1004
25/26;2026-04-25;Dream Bowl Palace Unterföhring;tournament;Südbayerische Meisterschaft;1;Vorlauf;Thomas Hantschel;38450;;4;183;0;868;80;868;overall_total;868
25/26;2026-04-25;Dream Bowl Palace Unterföhring;tournament;Südbayerische Meisterschaft;1;Vorlauf;Thomas Kalkschmied;25672;;4;167;0;955;34;868;overall_total;955
25/26;2026-04-25;Dream Bowl Palace Unterföhring;tournament;Südbayerische Meisterschaft;1;Vorlauf;Thomas Vogt;10903;;4;105;0;619;118;868;overall_total;619
25/26;2026-04-25;Dream Bowl Palace Unterföhring;tournament;Südbayerische Meisterschaft;1;Vorlauf;Thomas Wiedemann;7028;;4;197;0;881;69;868;overall_total;881
25/26;2026-04-25;Dream Bowl Palace Unterföhring;tournament;Südbayerische Meisterschaft;1;Vorlauf;Timo Baumann;16024;;4;199;0;1002;18;868;overall_total;1002
25/26;2026-04-25;Dream Bowl Palace Unterföhring;tournament;Südbayerische Meisterschaft;1;Vorlauf;Tindaro Famà;38730;;4;204;0;964;24;868;overall_total;964
25/26;2026-04-25;Dream Bowl Palace Unterföhring;tournament;Südbayerische Meisterschaft;1;Vorlauf;Tobias Börding;7592;;4;198;0;1009;13;868;overall_total;1009
25/26;2026-04-25;Dream Bowl Palace Unterföhring;tournament;Südbayerische Meisterschaft;1;Vorlauf;Tobias Wiedemann;25695;;4;233;0;1020;11;868;overall_total;1020
25/26;2026-04-25;Dream Bowl Palace Unterföhring;tournament;Südbayerische Meisterschaft;1;Vorlauf;Tom Eck;38050;;4;168;0;1035;7;868;overall_total;1035
25/26;2026-04-25;Dream Bowl Palace Unterföhring;tournament;Südbayerische Meisterschaft;1;Vorlauf;Torsten Fliegner;7418;;4;177;0;944;43;868;overall_total;944
25/26;2026-04-25;Dream Bowl Palace Unterföhring;tournament;Südbayerische Meisterschaft;1;Vorlauf;Walter Lederle;16402;;4;171;0;905;58;868;overall_total;905
25/26;2026-04-25;Dream Bowl Palace Unterföhring;tournament;Südbayerische Meisterschaft;1;Vorlauf;Werner Kraus;25302;;4;174;0;798;105;868;overall_total;798
25/26;2026-04-25;Dream Bowl Palace Unterföhring;tournament;Südbayerische Meisterschaft;1;Vorlauf;Werner Nägele;7321;;4;149;0;849;91;868;overall_total;849
25/26;2026-04-25;Dream Bowl Palace Unterföhring;tournament;Südbayerische Meisterschaft;1;Vorlauf;Alberto Salazar;38113;;5;166;0;1129;44;1046;overall_total;1129
25/26;2026-04-25;Dream Bowl Palace Unterföhring;tournament;Südbayerische Meisterschaft;1;Vorlauf;Alexander Egger;38541;;5;211;0;1189;19;1046;overall_total;1189
25/26;2026-04-25;Dream Bowl Palace Unterföhring;tournament;Südbayerische Meisterschaft;1;Vorlauf;Alexander Koller;7879;;5;243;0;1269;5;1046;overall_total;1269
25/26;2026-04-25;Dream Bowl Palace Unterföhring;tournament;Südbayerische Meisterschaft;1;Vorlauf;Alexander Wiedemann;25849;;5;191;0;1099;49;1046;overall_total;1099
25/26;2026-04-25;Dream Bowl Palace Unterföhring;tournament;Südbayerische Meisterschaft;1;Vorlauf;Alfred Zimmermann;7573;;5;181;0;1054;73;1046;overall_total;1054
25/26;2026-04-25;Dream Bowl Palace Unterföhring;tournament;Südbayerische Meisterschaft;1;Vorlauf;Andre Michow;16965;;5;226;0;1215;12;1046;overall_total;1215
25/26;2026-04-25;Dream Bowl Palace Unterföhring;tournament;Südbayerische Meisterschaft;1;Vorlauf;Andreas Feuerlein;16270;;5;148;0;1036;84;1046;overall_total;1036
25/26;2026-04-25;Dream Bowl Palace Unterföhring;tournament;Südbayerische Meisterschaft;1;Vorlauf;Andreas Heß;7030;;5;190;0;1140;40;1046;overall_total;1140
25/26;2026-04-25;Dream Bowl Palace Unterföhring;tournament;Südbayerische Meisterschaft;1;Vorlauf;Andreas Hölzl;38305;;5;204;0;1076;62;1046;overall_total;1076
25/26;2026-04-25;Dream Bowl Palace Unterföhring;tournament;Südbayerische Meisterschaft;1;Vorlauf;Andreas Schöllhorn;38568;;5;190;0;1147;38;1046;overall_total;1147
25/26;2026-04-25;Dream Bowl Palace Unterföhring;tournament;Südbayerische Meisterschaft;1;Vorlauf;André Knoch;25629;;5;161;0;1187;20;1046;overall_total;1187
25/26;2026-04-25;Dream Bowl Palace Unterföhring;tournament;Südbayerische Meisterschaft;1;Vorlauf;Anton Mutz;25005;;5;211;0;1172;27;1046;overall_total;1172
25/26;2026-04-25;Dream Bowl Palace Unterföhring;tournament;Südbayerische Meisterschaft;1;Vorlauf;Bernd Wiemken;25203;;5;216;0;1176;25;1046;overall_total;1176
25/26;2026-04-25;Dream Bowl Palace Unterföhring;tournament;Südbayerische Meisterschaft;1;Vorlauf;Brandon Alexander Lucas;38648;;5;225;0;1097;51;1046;overall_total;1097
25/26;2026-04-25;Dream Bowl Palace Unterföhring;tournament;Südbayerische Meisterschaft;1;Vorlauf;Bruno Gärtner;25649;;5;179;0;1051;78;1046;overall_total;1051
25/26;2026-04-25;Dream Bowl Palace Unterföhring;tournament;Südbayerische Meisterschaft;1;Vorlauf;Carlo Luft;38652;;5;190;0;1149;35;1046;overall_total;1149
25/26;2026-04-25;Dream Bowl Palace Unterföhring;tournament;Südbayerische Meisterschaft;1;Vorlauf;Christian Müller;38996;;5;222;0;1168;28;1046;overall_total;1168
25/26;2026-04-25;Dream Bowl Palace Unterföhring;tournament;Südbayerische Meisterschaft;1;Vorlauf;Christian Schrempf;7646;;5;235;0;1194;17;1046;overall_total;1194
25/26;2026-04-25;Dream Bowl Palace Unterföhring;tournament;Südbayerische Meisterschaft;1;Vorlauf;Christoph Heiming;38918;;5;175;0;987;100;1046;overall_total;987
25/26;2026-04-25;Dream Bowl Palace Unterföhring;tournament;Südbayerische Meisterschaft;1;Vorlauf;Clément Perrin;38995;;5;204;0;1211;14;1046;overall_total;1211
25/26;2026-04-25;Dream Bowl Palace Unterföhring;tournament;Südbayerische Meisterschaft;1;Vorlauf;Daniel Börding;7591;;5;188;0;1140;41;1046;overall_total;1140
25/26;2026-04-25;Dream Bowl Palace Unterföhring;tournament;Südbayerische Meisterschaft;1;Vorlauf;Daniel Hellmich;7314;;5;231;0;1177;24;1046;overall_total;1177
25/26;2026-04-25;Dream Bowl Palace Unterföhring;tournament;Südbayerische Meisterschaft;1;Vorlauf;Daniel Krückel;38933;;5;137;0;972;105;1046;overall_total;972
25/26;2026-04-25;Dream Bowl Palace Unterföhring;tournament;Südbayerische Meisterschaft;1;Vorlauf;Dennis Jehle;38954;;5;130;0;948;109;1046;overall_total;948
25/26;2026-04-25;Dream Bowl Palace Unterföhring;tournament;Südbayerische Meisterschaft;1;Vorlauf;Dirk Billerbeck;10797;;5;209;0;988;99;1046;overall_total;988
25/26;2026-04-25;Dream Bowl Palace Unterföhring;tournament;Südbayerische Meisterschaft;1;Vorlauf;Dirk Kirschke;16876;;5;179;0;1035;86;1046;overall_total;1035
25/26;2026-04-25;Dream Bowl Palace Unterföhring;tournament;Südbayerische Meisterschaft;1;Vorlauf;Eberhard Rietz;25631;;5;177;0;1181;22;1046;overall_total;1181
25/26;2026-04-25;Dream Bowl Palace Unterföhring;tournament;Südbayerische Meisterschaft;1;Vorlauf;Eduard Bolender;25408;;5;180;0;1047;79;1046;overall_total;1047
25/26;2026-04-25;Dream Bowl Palace Unterföhring;tournament;Südbayerische Meisterschaft;1;Vorlauf;Enrico Blättermann;38216;;5;204;0;1075;64;1046;overall_total;1075
25/26;2026-04-25;Dream Bowl Palace Unterföhring;tournament;Südbayerische Meisterschaft;1;Vorlauf;Erwin Meys;38813;;5;186;0;967;106;1046;overall_total;967
25/26;2026-04-25;Dream Bowl Palace Unterföhring;tournament;Südbayerische Meisterschaft;1;Vorlauf;Erwin Schmidle;38480;;5;158;0;1090;54;1046;overall_total;1090
25/26;2026-04-25;Dream Bowl Palace Unterföhring;tournament;Südbayerische Meisterschaft;1;Vorlauf;Ewald Kral;7309;;5;120;0;987;101;1046;overall_total;987
25/26;2026-04-25;Dream Bowl Palace Unterföhring;tournament;Südbayerische Meisterschaft;1;Vorlauf;Florian Hanauer;38001;;5;198;0;1037;83;1046;overall_total;1037
25/26;2026-04-25;Dream Bowl Palace Unterföhring;tournament;Südbayerische Meisterschaft;1;Vorlauf;Florian Stangl;25690;;5;164;0;1148;36;1046;overall_total;1148
25/26;2026-04-25;Dream Bowl Palace Unterföhring;tournament;Südbayerische Meisterschaft;1;Vorlauf;Gregor Arapow;38575;;5;168;0;1088;55;1046;overall_total;1088
25/26;2026-04-25;Dream Bowl Palace Unterföhring;tournament;Südbayerische Meisterschaft;1;Vorlauf;Günter Denz;16398;;5;225;0;1228;8;1046;overall_total;1228
25/26;2026-04-25;Dream Bowl Palace Unterföhring;tournament;Südbayerische Meisterschaft;1;Vorlauf;Günter Färber;38850;;5;143;0;934;114;1046;overall_total;934
25/26;2026-04-25;Dream Bowl Palace Unterföhring;tournament;Südbayerische Meisterschaft;1;Vorlauf;Harald Eggl;25229;;5;181;0;1137;42;1046;overall_total;1137
25/26;2026-04-25;Dream Bowl Palace Unterföhring;tournament;Südbayerische Meisterschaft;1;Vorlauf;Harald Laub;7597;;5;175;0;1118;45;1046;overall_total;1118
25/26;2026-04-25;Dream Bowl Palace Unterföhring;tournament;Südbayerische Meisterschaft;1;Vorlauf;Herbert Forstner;38712;;5;162;0;977;104;1046;overall_total;977
25/26;2026-04-25;Dream Bowl Palace Unterföhring;tournament;Südbayerische Meisterschaft;1;Vorlauf;Herward Schulz;38202;;5;184;0;990;98;1046;overall_total;990
25/26;2026-04-25;Dream Bowl Palace Unterföhring;tournament;Südbayerische Meisterschaft;1;Vorlauf;Horst Thomas;16327;;5;174;0;942;111;1046;overall_total;942
25/26;2026-04-25;Dream Bowl Palace Unterföhring;tournament;Südbayerische Meisterschaft;1;Vorlauf;Jan Musiol;25166;;5;201;0;1222;11;1046;overall_total;1222
25/26;2026-04-25;Dream Bowl Palace Unterföhring;tournament;Südbayerische Meisterschaft;1;Vorlauf;Joachim Geist;16807;;5;146;0;1044;81;1046;overall_total;1044
25/26;2026-04-25;Dream Bowl Palace Unterföhring;tournament;Südbayerische Meisterschaft;1;Vorlauf;Jochen Mücke;38842;;5;144;0;1110;46;1046;overall_total;1110
25/26;2026-04-25;Dream Bowl Palace Unterföhring;tournament;Südbayerische Meisterschaft;1;Vorlauf;Jürgen Beer;25502;;5;168;0;993;97;1046;overall_total;993
25/26;2026-04-25;Dream Bowl Palace Unterföhring;tournament;Südbayerische Meisterschaft;1;Vorlauf;Jürgen Hockenjos;25993;;5;150;0;935;112;1046;overall_total;935
25/26;2026-04-25;Dream Bowl Palace Unterföhring;tournament;Südbayerische Meisterschaft;1;Vorlauf;Kilian Kral;38510;;5;201;0;1063;72;1046;overall_total;1063
25/26;2026-04-25;Dream Bowl Palace Unterföhring;tournament;Südbayerische Meisterschaft;1;Vorlauf;Klaus Lilge;7080;;5;211;0;1348;1;1046;overall_total;1348
25/26;2026-04-25;Dream Bowl Palace Unterföhring;tournament;Südbayerische Meisterschaft;1;Vorlauf;Konrad Schiller;38186;;5;198;0;1071;68;1046;overall_total;1071
25/26;2026-04-25;Dream Bowl Palace Unterföhring;tournament;Südbayerische Meisterschaft;1;Vorlauf;Kurt Schindlböck;16390;;5;183;0;1015;90;1046;overall_total;1015
25/26;2026-04-25;Dream Bowl Palace Unterföhring;tournament;Südbayerische Meisterschaft;1;Vorlauf;Louis Csallner;38993;;5;170;0;1036;85;1046;overall_total;1036
25/26;2026-04-25;Dream Bowl Palace Unterföhring;tournament;Südbayerische Meisterschaft;1;Vorlauf;Luca Köhler;38665;;5;159;0;1022;89;1046;overall_total;1022
25/26;2026-04-25;Dream Bowl Palace Unterföhring;tournament;Südbayerische Meisterschaft;1;Vorlauf;Lucas Kasenbacher;25340;;5;200;0;1083;59;1046;overall_total;1083
25/26;2026-04-25;Dream Bowl Palace Unterföhring;tournament;Südbayerische Meisterschaft;1;Vorlauf;Manfred Hartl;38065;;5;189;0;1014;91;1046;overall_total;1014
25/26;2026-04-25;Dream Bowl Palace Unterföhring;tournament;Südbayerische Meisterschaft;1;Vorlauf;Manfred Weidinger;38851;;5;164;0;1107;48;1046;overall_total;1107
25/26;2026-04-25;Dream Bowl Palace Unterföhring;tournament;Südbayerische Meisterschaft;1;Vorlauf;Marcel Müller;28367;;5;157;0;1071;67;1046;overall_total;1071
25/26;2026-04-25;Dream Bowl Palace Unterföhring;tournament;Südbayerische Meisterschaft;1;Vorlauf;Marco Probst;7602;;5;164;0;1086;57;1046;overall_total;1086
25/26;2026-04-25;Dream Bowl Palace Unterföhring;tournament;Südbayerische Meisterschaft;1;Vorlauf;Markus Auer;25788;;5;165;0;1035;87;1046;overall_total;1035
25/26;2026-04-25;Dream Bowl Palace Unterföhring;tournament;Südbayerische Meisterschaft;1;Vorlauf;Markus Hanauer;38314;;5;168;0;1212;13;1046;overall_total;1212
25/26;2026-04-25;Dream Bowl Palace Unterföhring;tournament;Südbayerische Meisterschaft;1;Vorlauf;Markus Schmied;38361;;5;139;0;1011;92;1046;overall_total;1011
25/26;2026-04-25;Dream Bowl Palace Unterföhring;tournament;Südbayerische Meisterschaft;1;Vorlauf;Martin Küchler;25826;;5;224;0;1147;37;1046;overall_total;1147
25/26;2026-04-25;Dream Bowl Palace Unterföhring;tournament;Südbayerische Meisterschaft;1;Vorlauf;Matthias Kuchling;16583;;5;148;0;1164;30;1046;overall_total;1164
25/26;2026-04-25;Dream Bowl Palace Unterföhring;tournament;Südbayerische Meisterschaft;1;Vorlauf;Max Wiemken;25557;;5;223;0;1084;58;1046;overall_total;1084
25/26;2026-04-25;Dream Bowl Palace Unterföhring;tournament;Südbayerische Meisterschaft;1;Vorlauf;Maximilian Herrmann;38892;;5;165;0;1046;80;1046;overall_total;1046
25/26;2026-04-25;Dream Bowl Palace Unterföhring;tournament;Südbayerische Meisterschaft;1;Vorlauf;Michael Auer;38459;;5;184;0;1099;50;1046;overall_total;1099
25/26;2026-04-25;Dream Bowl Palace Unterföhring;tournament;Südbayerische Meisterschaft;1;Vorlauf;Michael Brandt;38110;;5;146;0;1034;88;1046;overall_total;1034
25/26;2026-04-25;Dream Bowl Palace Unterföhring;tournament;Südbayerische Meisterschaft;1;Vorlauf;Michael Egger;25785;;5;221;0;1069;69;1046;overall_total;1069
25/26;2026-04-25;Dream Bowl Palace Unterföhring;tournament;Südbayerische Meisterschaft;1;Vorlauf;Michael Eisenmann-Seybold;7595;;5;217;0;1320;3;1046;overall_total;1320
25/26;2026-04-25;Dream Bowl Palace Unterföhring;tournament;Südbayerische Meisterschaft;1;Vorlauf;Michael Görn;7412;;5;215;0;1132;43;1046;overall_total;1132
25/26;2026-04-25;Dream Bowl Palace Unterföhring;tournament;Südbayerische Meisterschaft;1;Vorlauf;Michael Ring;7317;;5;204;0;1162;31;1046;overall_total;1162
25/26;2026-04-25;Dream Bowl Palace Unterföhring;tournament;Südbayerische Meisterschaft;1;Vorlauf;Michael Ruppert;38887;;5;148;0;908;115;1046;overall_total;908
25/26;2026-04-25;Dream Bowl Palace Unterföhring;tournament;Südbayerische Meisterschaft;1;Vorlauf;Moritz Wiemken;25830;;5;224;0;1332;2;1046;overall_total;1332
25/26;2026-04-25;Dream Bowl Palace Unterföhring;tournament;Südbayerische Meisterschaft;1;Vorlauf;Nicolas Kabel;38092;;5;214;0;1155;33;1046;overall_total;1155
25/26;2026-04-25;Dream Bowl Palace Unterföhring;tournament;Südbayerische Meisterschaft;1;Vorlauf;Olaf Krebs;16325;;5;177;0;1052;75;1046;overall_total;1052
25/26;2026-04-25;Dream Bowl Palace Unterföhring;tournament;Südbayerische Meisterschaft;1;Vorlauf;Oliver Schütze;38550;;5;225;0;1181;23;1046;overall_total;1181
25/26;2026-04-25;Dream Bowl Palace Unterföhring;tournament;Südbayerische Meisterschaft;1;Vorlauf;Pascal Gruber;38957;;5;176;0;982;103;1046;overall_total;982
25/26;2026-04-25;Dream Bowl Palace Unterföhring;tournament;Südbayerische Meisterschaft;1;Vorlauf;Patrick Baszler;7886;;5;170;0;1066;71;1046;overall_total;1066
25/26;2026-04-25;Dream Bowl Palace Unterföhring;tournament;Südbayerische Meisterschaft;1;Vorlauf;Patrick Thurner;38530;;5;166;0;1087;56;1046;overall_total;1087
25/26;2026-04-25;Dream Bowl Palace Unterföhring;tournament;Südbayerische Meisterschaft;1;Vorlauf;Peter Börding;7593;;5;207;0;1278;4;1046;overall_total;1278
25/26;2026-04-25;Dream Bowl Palace Unterföhring;tournament;Südbayerische Meisterschaft;1;Vorlauf;Peter Faßold;25390;;5;121;0;895;116;1046;overall_total;895
25/26;2026-04-25;Dream Bowl Palace Unterföhring;tournament;Südbayerische Meisterschaft;1;Vorlauf;Peter Steub;38586;;5;167;0;947;110;1046;overall_total;947
25/26;2026-04-25;Dream Bowl Palace Unterföhring;tournament;Südbayerische Meisterschaft;1;Vorlauf;Peter Walch;7493;;5;154;0;950;108;1046;overall_total;950
25/26;2026-04-25;Dream Bowl Palace Unterföhring;tournament;Südbayerische Meisterschaft;1;Vorlauf;Peter van Lengen;25297;;5;199;0;1074;66;1046;overall_total;1074
25/26;2026-04-25;Dream Bowl Palace Unterföhring;tournament;Südbayerische Meisterschaft;1;Vorlauf;Raiko Elze;38912;;5;189;0;1081;61;1046;overall_total;1081
25/26;2026-04-25;Dream Bowl Palace Unterföhring;tournament;Südbayerische Meisterschaft;1;Vorlauf;Rainer Schöllhorn;16069;;5;151;0;1039;82;1046;overall_total;1039
25/26;2026-04-25;Dream Bowl Palace Unterföhring;tournament;Südbayerische Meisterschaft;1;Vorlauf;Ralf Mielke;25842;;5;158;0;1053;74;1046;overall_total;1053
25/26;2026-04-25;Dream Bowl Palace Unterföhring;tournament;Südbayerische Meisterschaft;1;Vorlauf;Raphael Hofmann;38963;;5;168;0;1097;53;1046;overall_total;1097
25/26;2026-04-25;Dream Bowl Palace Unterföhring;tournament;Südbayerische Meisterschaft;1;Vorlauf;René Erben;25953;;5;237;0;1189;18;1046;overall_total;1189
25/26;2026-04-25;Dream Bowl Palace Unterföhring;tournament;Südbayerische Meisterschaft;1;Vorlauf;René Schanze;16524;;5;178;0;985;102;1046;overall_total;985
25/26;2026-04-25;Dream Bowl Palace Unterföhring;tournament;Südbayerische Meisterschaft;1;Vorlauf;Robert Faltermeier;38472;;5;224;0;1002;93;1046;overall_total;1002
25/26;2026-04-25;Dream Bowl Palace Unterföhring;tournament;Südbayerische Meisterschaft;1;Vorlauf;Robert Meissl;25778;;5;198;0;1052;76;1046;overall_total;1052
25/26;2026-04-25;Dream Bowl Palace Unterföhring;tournament;Südbayerische Meisterschaft;1;Vorlauf;Roberto Di Stefano;38970;;5;209;0;1075;65;1046;overall_total;1075
25/26;2026-04-25;Dream Bowl Palace Unterföhring;tournament;Südbayerische Meisterschaft;1;Vorlauf;Roland Hannemann;16336;;5;183;0;1229;7;1046;overall_total;1229
25/26;2026-04-25;Dream Bowl Palace Unterföhring;tournament;Südbayerische Meisterschaft;1;Vorlauf;Roland Heumos;38388;;5;180;0;995;95;1046;overall_total;995
25/26;2026-04-25;Dream Bowl Palace Unterföhring;tournament;Südbayerische Meisterschaft;1;Vorlauf;Sahin Köse;16002;;5;190;0;1075;63;1046;overall_total;1075
25/26;2026-04-25;Dream Bowl Palace Unterföhring;tournament;Südbayerische Meisterschaft;1;Vorlauf;Sebastian Hinterwimmer;7885;;5;222;0;1173;26;1046;overall_total;1173
25/26;2026-04-25;Dream Bowl Palace Unterföhring;tournament;Südbayerische Meisterschaft;1;Vorlauf;Sebastian Tesinski;38569;;5;151;0;934;113;1046;overall_total;934
25/26;2026-04-25;Dream Bowl Palace Unterföhring;tournament;Südbayerische Meisterschaft;1;Vorlauf;Selim Fliegner;38673;;5;144;0;1097;52;1046;overall_total;1097
25/26;2026-04-25;Dream Bowl Palace Unterföhring;tournament;Südbayerische Meisterschaft;1;Vorlauf;Sergio Tavares;22116;;5;125;0;1067;70;1046;overall_total;1067
25/26;2026-04-25;Dream Bowl Palace Unterföhring;tournament;Südbayerische Meisterschaft;1;Vorlauf;Stefan Müller;7607;;5;228;0;1211;15;1046;overall_total;1211
25/26;2026-04-25;Dream Bowl Palace Unterföhring;tournament;Südbayerische Meisterschaft;1;Vorlauf;Stephan Scheigenpflug;10080;;5;138;0;998;94;1046;overall_total;998
25/26;2026-04-25;Dream Bowl Palace Unterföhring;tournament;Südbayerische Meisterschaft;1;Vorlauf;Thomas Albrecht;7641;;5;204;0;1157;32;1046;overall_total;1157
25/26;2026-04-25;Dream Bowl Palace Unterföhring;tournament;Südbayerische Meisterschaft;1;Vorlauf;Thomas Auer;16888;;5;201;0;1205;16;1046;overall_total;1205
25/26;2026-04-25;Dream Bowl Palace Unterföhring;tournament;Südbayerische Meisterschaft;1;Vorlauf;Thomas Hantschel;38450;;5;213;0;1081;60;1046;overall_total;1081
25/26;2026-04-25;Dream Bowl Palace Unterföhring;tournament;Südbayerische Meisterschaft;1;Vorlauf;Thomas Kalkschmied;25672;;5;199;0;1154;34;1046;overall_total;1154
25/26;2026-04-25;Dream Bowl Palace Unterföhring;tournament;Südbayerische Meisterschaft;1;Vorlauf;Thomas Vogt;10903;;5;113;0;732;117;1046;overall_total;732
25/26;2026-04-25;Dream Bowl Palace Unterföhring;tournament;Südbayerische Meisterschaft;1;Vorlauf;Thomas Wiedemann;7028;;5;171;0;1052;77;1046;overall_total;1052
25/26;2026-04-25;Dream Bowl Palace Unterföhring;tournament;Südbayerische Meisterschaft;1;Vorlauf;Timo Baumann;16024;;5;181;0;1183;21;1046;overall_total;1183
25/26;2026-04-25;Dream Bowl Palace Unterföhring;tournament;Südbayerische Meisterschaft;1;Vorlauf;Tindaro Famà;38730;;5;201;0;1165;29;1046;overall_total;1165
25/26;2026-04-25;Dream Bowl Palace Unterföhring;tournament;Südbayerische Meisterschaft;1;Vorlauf;Tobias Börding;7592;;5;215;0;1224;10;1046;overall_total;1224
25/26;2026-04-25;Dream Bowl Palace Unterföhring;tournament;Südbayerische Meisterschaft;1;Vorlauf;Tobias Wiedemann;25695;;5;227;0;1247;6;1046;overall_total;1247
25/26;2026-04-25;Dream Bowl Palace Unterföhring;tournament;Südbayerische Meisterschaft;1;Vorlauf;Tom Eck;38050;;5;191;0;1226;9;1046;overall_total;1226
25/26;2026-04-25;Dream Bowl Palace Unterföhring;tournament;Südbayerische Meisterschaft;1;Vorlauf;Torsten Fliegner;7418;;5;200;0;1144;39;1046;overall_total;1144
25/26;2026-04-25;Dream Bowl Palace Unterföhring;tournament;Südbayerische Meisterschaft;1;Vorlauf;Walter Lederle;16402;;5;202;0;1107;47;1046;overall_total;1107
25/26;2026-04-25;Dream Bowl Palace Unterföhring;tournament;Südbayerische Meisterschaft;1;Vorlauf;Werner Kraus;25302;;5;167;0;965;107;1046;overall_total;965
25/26;2026-04-25;Dream Bowl Palace Unterföhring;tournament;Südbayerische Meisterschaft;1;Vorlauf;Werner Nägele;7321;;5;145;0;994;96;1046;overall_total;994
25/26;2026-04-26;Dream Bowl Palace Unterföhring;tournament;Südbayerische Meisterschaft;2;Zwischenlauf;Alberto Salazar;38113;;0;179;0;1308;47;1315;overall_total;1308
25/26;2026-04-26;Dream Bowl Palace Unterföhring;tournament;Südbayerische Meisterschaft;2;Zwischenlauf;Alexander Egger;38541;;0;195;0;1384;18;1315;overall_total;1384
25/26;2026-04-26;Dream Bowl Palace Unterföhring;tournament;Südbayerische Meisterschaft;2;Zwischenlauf;Alexander Koller;7879;;0;238;0;1507;2;1315;overall_total;1507
25/26;2026-04-26;Dream Bowl Palace Unterföhring;tournament;Südbayerische Meisterschaft;2;Zwischenlauf;Alexander Wiedemann;25849;;0;210;0;1309;46;1315;overall_total;1309
25/26;2026-04-26;Dream Bowl Palace Unterföhring;tournament;Südbayerische Meisterschaft;2;Zwischenlauf;Andre Michow;16965;;0;215;0;1430;8;1315;overall_total;1430
25/26;2026-04-26;Dream Bowl Palace Unterföhring;tournament;Südbayerische Meisterschaft;2;Zwischenlauf;Andreas Heß;7030;;0;149;0;1289;51;1315;overall_total;1289
25/26;2026-04-26;Dream Bowl Palace Unterföhring;tournament;Südbayerische Meisterschaft;2;Zwischenlauf;Andreas Hölzl;38305;;0;152;0;1228;73;1315;overall_total;1228
25/26;2026-04-26;Dream Bowl Palace Unterföhring;tournament;Südbayerische Meisterschaft;2;Zwischenlauf;Andreas Schöllhorn;38568;;0;168;0;1315;40;1315;overall_total;1315
25/26;2026-04-26;Dream Bowl Palace Unterföhring;tournament;Südbayerische Meisterschaft;2;Zwischenlauf;André Knoch;25629;;0;128;0;1315;39;1315;overall_total;1315
25/26;2026-04-26;Dream Bowl Palace Unterföhring;tournament;Südbayerische Meisterschaft;2;Zwischenlauf;Anton Mutz;25005;;0;151;0;1323;37;1315;overall_total;1323
25/26;2026-04-26;Dream Bowl Palace Unterföhring;tournament;Südbayerische Meisterschaft;2;Zwischenlauf;Bernd Wiemken;25203;;0;205;0;1381;19;1315;overall_total;1381
25/26;2026-04-26;Dream Bowl Palace Unterföhring;tournament;Südbayerische Meisterschaft;2;Zwischenlauf;Brandon Alexander Lucas;38648;;0;213;0;1310;45;1315;overall_total;1310
25/26;2026-04-26;Dream Bowl Palace Unterföhring;tournament;Südbayerische Meisterschaft;2;Zwischenlauf;Bruno Gärtner;25649;;0;178;0;1229;72;1315;overall_total;1229
25/26;2026-04-26;Dream Bowl Palace Unterföhring;tournament;Südbayerische Meisterschaft;2;Zwischenlauf;Carlo Luft;38652;;0;200;0;1349;27;1315;overall_total;1349
25/26;2026-04-26;Dream Bowl Palace Unterföhring;tournament;Südbayerische Meisterschaft;2;Zwischenlauf;Christian Müller;38996;;0;178;0;1346;29;1315;overall_total;1346
25/26;2026-04-26;Dream Bowl Palace Unterföhring;tournament;Südbayerische Meisterschaft;2;Zwischenlauf;Christian Schrempf;7646;;0;197;0;1391;17;1315;overall_total;1391
25/26;2026-04-26;Dream Bowl Palace Unterföhring;tournament;Südbayerische Meisterschaft;2;Zwischenlauf;Clément Perrin;38995;;0;256;0;1467;6;1315;overall_total;1467
25/26;2026-04-26;Dream Bowl Palace Unterföhring;tournament;Südbayerische Meisterschaft;2;Zwischenlauf;Daniel Börding;7591;;0;223;0;1363;23;1315;overall_total;1363
25/26;2026-04-26;Dream Bowl Palace Unterföhring;tournament;Südbayerische Meisterschaft;2;Zwischenlauf;Daniel Hellmich;7314;;0;247;0;1424;9;1315;overall_total;1424
25/26;2026-04-26;Dream Bowl Palace Unterföhring;tournament;Südbayerische Meisterschaft;2;Zwischenlauf;Eberhard Rietz;25631;;0;179;0;1360;24;1315;overall_total;1360
25/26;2026-04-26;Dream Bowl Palace Unterföhring;tournament;Südbayerische Meisterschaft;2;Zwischenlauf;Eduard Bolender;25408;;0;182;0;1229;71;1315;overall_total;1229
25/26;2026-04-26;Dream Bowl Palace Unterföhring;tournament;Südbayerische Meisterschaft;2;Zwischenlauf;Enrico Blättermann;38216;;0;157;0;1232;70;1315;overall_total;1232
25/26;2026-04-26;Dream Bowl Palace Unterföhring;tournament;Südbayerische Meisterschaft;2;Zwischenlauf;Erwin Schmidle;38480;;0;168;0;1258;61;1315;overall_total;1258
25/26;2026-04-26;Dream Bowl Palace Unterföhring;tournament;Südbayerische Meisterschaft;2;Zwischenlauf;Florian Stangl;25690;;0;226;0;1374;20;1315;overall_total;1374
25/26;2026-04-26;Dream Bowl Palace Unterföhring;tournament;Südbayerische Meisterschaft;2;Zwischenlauf;Gregor Arapow;38575;;0;224;0;1312;43;1315;overall_total;1312
25/26;2026-04-26;Dream Bowl Palace Unterföhring;tournament;Südbayerische Meisterschaft;2;Zwischenlauf;Günter Denz;16398;;0;165;0;1393;16;1315;overall_total;1393
25/26;2026-04-26;Dream Bowl Palace Unterföhring;tournament;Südbayerische Meisterschaft;2;Zwischenlauf;Harald Eggl;25229;;0;212;0;1349;26;1315;overall_total;1349
25/26;2026-04-26;Dream Bowl Palace Unterföhring;tournament;Südbayerische Meisterschaft;2;Zwischenlauf;Harald Laub;7597;;0;177;0;1295;50;1315;overall_total;1295
25/26;2026-04-26;Dream Bowl Palace Unterföhring;tournament;Südbayerische Meisterschaft;2;Zwischenlauf;Jan Musiol;25166;;0;189;0;1411;12;1315;overall_total;1411
25/26;2026-04-26;Dream Bowl Palace Unterföhring;tournament;Südbayerische Meisterschaft;2;Zwischenlauf;Joachim Geist;16807;;0;141;0;1185;79;1315;overall_total;1185
25/26;2026-04-26;Dream Bowl Palace Unterföhring;tournament;Südbayerische Meisterschaft;2;Zwischenlauf;Jochen Mücke;38842;;0;216;0;1326;35;1315;overall_total;1326
25/26;2026-04-26;Dream Bowl Palace Unterföhring;tournament;Südbayerische Meisterschaft;2;Zwischenlauf;Kilian Kral;38510;;0;185;0;1248;66;1315;overall_total;1248
25/26;2026-04-26;Dream Bowl Palace Unterföhring;tournament;Südbayerische Meisterschaft;2;Zwischenlauf;Klaus Lilge;7080;;0;148;0;1496;4;1315;overall_total;1496
25/26;2026-04-26;Dream Bowl Palace Unterföhring;tournament;Südbayerische Meisterschaft;2;Zwischenlauf;Konrad Schiller;38186;;0;204;0;1275;56;1315;overall_total;1275
25/26;2026-04-26;Dream Bowl Palace Unterföhring;tournament;Südbayerische Meisterschaft;2;Zwischenlauf;Lucas Kasenbacher;25340;;0;196;0;1279;54;1315;overall_total;1279
25/26;2026-04-26;Dream Bowl Palace Unterföhring;tournament;Südbayerische Meisterschaft;2;Zwischenlauf;Manfred Weidinger;38851;;0;165;0;1272;57;1315;overall_total;1272
25/26;2026-04-26;Dream Bowl Palace Unterföhring;tournament;Südbayerische Meisterschaft;2;Zwischenlauf;Marcel Müller;28367;;0;217;0;1288;52;1315;overall_total;1288
25/26;2026-04-26;Dream Bowl Palace Unterföhring;tournament;Südbayerische Meisterschaft;2;Zwischenlauf;Marco Probst;7602;;0;166;0;1252;65;1315;overall_total;1252
25/26;2026-04-26;Dream Bowl Palace Unterföhring;tournament;Südbayerische Meisterschaft;2;Zwischenlauf;Markus Hanauer;38314;;0;154;0;1366;22;1315;overall_total;1366
25/26;2026-04-26;Dream Bowl Palace Unterföhring;tournament;Südbayerische Meisterschaft;2;Zwischenlauf;Martin Küchler;25826;;0;178;0;1325;36;1315;overall_total;1325
25/26;2026-04-26;Dream Bowl Palace Unterföhring;tournament;Südbayerische Meisterschaft;2;Zwischenlauf;Matthias Kuchling;16583;;0;182;0;1346;28;1315;overall_total;1346
25/26;2026-04-26;Dream Bowl Palace Unterföhring;tournament;Südbayerische Meisterschaft;2;Zwischenlauf;Max Wiemken;25557;;0;191;0;1275;55;1315;overall_total;1275
25/26;2026-04-26;Dream Bowl Palace Unterföhring;tournament;Südbayerische Meisterschaft;2;Zwischenlauf;Maximilian Herrmann;38892;;0;174;0;1220;75;1315;overall_total;1220
25/26;2026-04-26;Dream Bowl Palace Unterföhring;tournament;Südbayerische Meisterschaft;2;Zwischenlauf;Michael Auer;38459;;0;185;0;1284;53;1315;overall_total;1284
25/26;2026-04-26;Dream Bowl Palace Unterföhring;tournament;Südbayerische Meisterschaft;2;Zwischenlauf;Michael Eisenmann-Seybold;7595;;0;235;0;1555;1;1315;overall_total;1555
25/26;2026-04-26;Dream Bowl Palace Unterföhring;tournament;Südbayerische Meisterschaft;2;Zwischenlauf;Michael Görn;7412;;0;183;0;1315;41;1315;overall_total;1315
25/26;2026-04-26;Dream Bowl Palace Unterföhring;tournament;Südbayerische Meisterschaft;2;Zwischenlauf;Michael Ring;7317;;0;154;0;1316;38;1315;overall_total;1316
25/26;2026-04-26;Dream Bowl Palace Unterföhring;tournament;Südbayerische Meisterschaft;2;Zwischenlauf;Moritz Wiemken;25830;;0;169;0;1501;3;1315;overall_total;1501
25/26;2026-04-26;Dream Bowl Palace Unterföhring;tournament;Südbayerische Meisterschaft;2;Zwischenlauf;Nicolas Kabel;38092;;0;188;0;1343;30;1315;overall_total;1343
25/26;2026-04-26;Dream Bowl Palace Unterföhring;tournament;Südbayerische Meisterschaft;2;Zwischenlauf;Olaf Krebs;16325;;0;203;0;1255;63;1315;overall_total;1255
25/26;2026-04-26;Dream Bowl Palace Unterföhring;tournament;Südbayerische Meisterschaft;2;Zwischenlauf;Oliver Schütze;38550;;0;129;0;1310;44;1315;overall_total;1310
25/26;2026-04-26;Dream Bowl Palace Unterföhring;tournament;Südbayerische Meisterschaft;2;Zwischenlauf;Patrick Baszler;7886;;0;205;0;1271;58;1315;overall_total;1271
25/26;2026-04-26;Dream Bowl Palace Unterföhring;tournament;Südbayerische Meisterschaft;2;Zwischenlauf;Patrick Thurner;38530;;0;181;0;1268;59;1315;overall_total;1268
25/26;2026-04-26;Dream Bowl Palace Unterföhring;tournament;Südbayerische Meisterschaft;2;Zwischenlauf;Peter Börding;7593;;0;196;0;1474;5;1315;overall_total;1474
25/26;2026-04-26;Dream Bowl Palace Unterföhring;tournament;Südbayerische Meisterschaft;2;Zwischenlauf;Peter van Lengen;25297;;0;173;0;1247;68;1315;overall_total;1247
25/26;2026-04-26;Dream Bowl Palace Unterföhring;tournament;Südbayerische Meisterschaft;2;Zwischenlauf;Raiko Elze;38912;;0;176;0;1257;62;1315;overall_total;1257
25/26;2026-04-26;Dream Bowl Palace Unterföhring;tournament;Südbayerische Meisterschaft;2;Zwischenlauf;Rainer Schöllhorn;16069;;0;139;0;1178;80;1315;overall_total;1178
25/26;2026-04-26;Dream Bowl Palace Unterföhring;tournament;Südbayerische Meisterschaft;2;Zwischenlauf;Ralf Mielke;25842;;0;207;0;1260;60;1315;overall_total;1260
25/26;2026-04-26;Dream Bowl Palace Unterföhring;tournament;Südbayerische Meisterschaft;2;Zwischenlauf;Raphael Hofmann;38963;;0;156;0;1253;64;1315;overall_total;1253
25/26;2026-04-26;Dream Bowl Palace Unterföhring;tournament;Südbayerische Meisterschaft;2;Zwischenlauf;René Erben;25953;;0;145;0;1334;34;1315;overall_total;1334
25/26;2026-04-26;Dream Bowl Palace Unterföhring;tournament;Südbayerische Meisterschaft;2;Zwischenlauf;Robert Meissl;25778;;0;148;0;1200;78;1315;overall_total;1200
25/26;2026-04-26;Dream Bowl Palace Unterföhring;tournament;Südbayerische Meisterschaft;2;Zwischenlauf;Roberto Di Stefano;38970;;0;171;0;1246;69;1315;overall_total;1246
25/26;2026-04-26;Dream Bowl Palace Unterföhring;tournament;Südbayerische Meisterschaft;2;Zwischenlauf;Roland Hannemann;16336;;0;172;0;1401;14;1315;overall_total;1401
25/26;2026-04-26;Dream Bowl Palace Unterföhring;tournament;Südbayerische Meisterschaft;2;Zwischenlauf;Sahin Köse;16002;;0;172;0;1247;67;1315;overall_total;1247
25/26;2026-04-26;Dream Bowl Palace Unterföhring;tournament;Südbayerische Meisterschaft;2;Zwischenlauf;Sebastian Hinterwimmer;7885;;0;201;0;1374;21;1315;overall_total;1374
25/26;2026-04-26;Dream Bowl Palace Unterföhring;tournament;Südbayerische Meisterschaft;2;Zwischenlauf;Selim Fliegner;38673;;0;201;0;1298;48;1315;overall_total;1298
25/26;2026-04-26;Dream Bowl Palace Unterföhring;tournament;Südbayerische Meisterschaft;2;Zwischenlauf;Sergio Tavares;22116;;0;157;0;1224;74;1315;overall_total;1224
25/26;2026-04-26;Dream Bowl Palace Unterföhring;tournament;Südbayerische Meisterschaft;2;Zwischenlauf;Stefan Müller;7607;;0;213;0;1424;10;1315;overall_total;1424
25/26;2026-04-26;Dream Bowl Palace Unterföhring;tournament;Südbayerische Meisterschaft;2;Zwischenlauf;Thomas Albrecht;7641;;0;181;0;1338;32;1315;overall_total;1338
25/26;2026-04-26;Dream Bowl Palace Unterföhring;tournament;Südbayerische Meisterschaft;2;Zwischenlauf;Thomas Auer;16888;;0;191;0;1396;15;1315;overall_total;1396
25/26;2026-04-26;Dream Bowl Palace Unterföhring;tournament;Südbayerische Meisterschaft;2;Zwischenlauf;Thomas Hantschel;38450;;0;122;0;1203;77;1315;overall_total;1203
25/26;2026-04-26;Dream Bowl Palace Unterföhring;tournament;Südbayerische Meisterschaft;2;Zwischenlauf;Thomas Kalkschmied;25672;;0;188;0;1342;31;1315;overall_total;1342
25/26;2026-04-26;Dream Bowl Palace Unterföhring;tournament;Südbayerische Meisterschaft;2;Zwischenlauf;Thomas Wiedemann;7028;;0;167;0;1219;76;1315;overall_total;1219
25/26;2026-04-26;Dream Bowl Palace Unterföhring;tournament;Südbayerische Meisterschaft;2;Zwischenlauf;Timo Baumann;16024;;0;174;0;1357;25;1315;overall_total;1357
25/26;2026-04-26;Dream Bowl Palace Unterföhring;tournament;Südbayerische Meisterschaft;2;Zwischenlauf;Tindaro Famà;38730;;0;171;0;1336;33;1315;overall_total;1336
25/26;2026-04-26;Dream Bowl Palace Unterföhring;tournament;Südbayerische Meisterschaft;2;Zwischenlauf;Tobias Börding;7592;;0;214;0;1438;7;1315;overall_total;1438
25/26;2026-04-26;Dream Bowl Palace Unterföhring;tournament;Südbayerische Meisterschaft;2;Zwischenlauf;Tobias Wiedemann;25695;;0;160;0;1407;13;1315;overall_total;1407
25/26;2026-04-26;Dream Bowl Palace Unterföhring;tournament;Südbayerische Meisterschaft;2;Zwischenlauf;Tom Eck;38050;;0;193;0;1419;11;1315;overall_total;1419
25/26;2026-04-26;Dream Bowl Palace Unterföhring;tournament;Südbayerische Meisterschaft;2;Zwischenlauf;Torsten Fliegner;7418;;0;170;0;1314;42;1315;overall_total;1314
25/26;2026-04-26;Dream Bowl Palace Unterföhring;tournament;Südbayerische Meisterschaft;2;Zwischenlauf;Walter Lederle;16402;;0;190;0;1297;49;1315;overall_total;1297
25/26;2026-04-26;Dream Bowl Palace Unterföhring;tournament;Südbayerische Meisterschaft;2;Zwischenlauf;Alberto Salazar;38113;;1;140;0;1448;62;1495;overall_total;1448
25/26;2026-04-26;Dream Bowl Palace Unterföhring;tournament;Südbayerische Meisterschaft;2;Zwischenlauf;Alexander Egger;38541;;1;193;0;1577;19;1495;overall_total;1577
25/26;2026-04-26;Dream Bowl Palace Unterföhring;tournament;Südbayerische Meisterschaft;2;Zwischenlauf;Alexander Koller;7879;;1;234;0;1741;1;1495;overall_total;1741
25/26;2026-04-26;Dream Bowl Palace Unterföhring;tournament;Südbayerische Meisterschaft;2;Zwischenlauf;Alexander Wiedemann;25849;;1;188;0;1497;38;1495;overall_total;1497
25/26;2026-04-26;Dream Bowl Palace Unterföhring;tournament;Südbayerische Meisterschaft;2;Zwischenlauf;Andre Michow;16965;;1;155;0;1585;16;1495;overall_total;1585
25/26;2026-04-26;Dream Bowl Palace Unterföhring;tournament;Südbayerische Meisterschaft;2;Zwischenlauf;Andreas Heß;7030;;1;182;0;1471;53;1495;overall_total;1471
25/26;2026-04-26;Dream Bowl Palace Unterföhring;tournament;Südbayerische Meisterschaft;2;Zwischenlauf;Andreas Hölzl;38305;;1;136;0;1364;77;1495;overall_total;1364
25/26;2026-04-26;Dream Bowl Palace Unterföhring;tournament;Südbayerische Meisterschaft;2;Zwischenlauf;Andreas Schöllhorn;38568;;1;158;0;1473;52;1495;overall_total;1473
25/26;2026-04-26;Dream Bowl Palace Unterföhring;tournament;Südbayerische Meisterschaft;2;Zwischenlauf;André Knoch;25629;;1;153;0;1468;54;1495;overall_total;1468
25/26;2026-04-26;Dream Bowl Palace Unterföhring;tournament;Südbayerische Meisterschaft;2;Zwischenlauf;Anton Mutz;25005;;1;181;0;1504;37;1495;overall_total;1504
25/26;2026-04-26;Dream Bowl Palace Unterföhring;tournament;Südbayerische Meisterschaft;2;Zwischenlauf;Bernd Wiemken;25203;;1;241;0;1622;9;1495;overall_total;1622
25/26;2026-04-26;Dream Bowl Palace Unterföhring;tournament;Südbayerische Meisterschaft;2;Zwischenlauf;Brandon Alexander Lucas;38648;;1;204;0;1514;34;1495;overall_total;1514
25/26;2026-04-26;Dream Bowl Palace Unterföhring;tournament;Südbayerische Meisterschaft;2;Zwischenlauf;Bruno Gärtner;25649;;1;148;0;1377;76;1495;overall_total;1377
25/26;2026-04-26;Dream Bowl Palace Unterföhring;tournament;Südbayerische Meisterschaft;2;Zwischenlauf;Carlo Luft;38652;;1;171;0;1520;31;1495;overall_total;1520
25/26;2026-04-26;Dream Bowl Palace Unterföhring;tournament;Südbayerische Meisterschaft;2;Zwischenlauf;Christian Müller;38996;;1;194;0;1540;25;1495;overall_total;1540
25/26;2026-04-26;Dream Bowl Palace Unterföhring;tournament;Südbayerische Meisterschaft;2;Zwischenlauf;Christian Schrempf;7646;;1;203;0;1594;13;1495;overall_total;1594
25/26;2026-04-26;Dream Bowl Palace Unterföhring;tournament;Südbayerische Meisterschaft;2;Zwischenlauf;Clément Perrin;38995;;1;180;0;1647;7;1495;overall_total;1647
25/26;2026-04-26;Dream Bowl Palace Unterföhring;tournament;Südbayerische Meisterschaft;2;Zwischenlauf;Daniel Börding;7591;;1;215;0;1578;18;1495;overall_total;1578
25/26;2026-04-26;Dream Bowl Palace Unterföhring;tournament;Südbayerische Meisterschaft;2;Zwischenlauf;Daniel Hellmich;7314;;1;208;0;1632;8;1495;overall_total;1632
25/26;2026-04-26;Dream Bowl Palace Unterföhring;tournament;Südbayerische Meisterschaft;2;Zwischenlauf;Eduard Bolender;25408;;1;189;0;1418;67;1495;overall_total;1418
25/26;2026-04-26;Dream Bowl Palace Unterföhring;tournament;Südbayerische Meisterschaft;2;Zwischenlauf;Enrico Blättermann;38216;;1;230;0;1462;56;1495;overall_total;1462
25/26;2026-04-26;Dream Bowl Palace Unterföhring;tournament;Südbayerische Meisterschaft;2;Zwischenlauf;Erwin Schmidle;38480;;1;192;0;1450;61;1495;overall_total;1450
25/26;2026-04-26;Dream Bowl Palace Unterföhring;tournament;Südbayerische Meisterschaft;2;Zwischenlauf;Florian Stangl;25690;;1;183;0;1557;22;1495;overall_total;1557
25/26;2026-04-26;Dream Bowl Palace Unterföhring;tournament;Südbayerische Meisterschaft;2;Zwischenlauf;Gregor Arapow;38575;;1;183;0;1495;40;1495;overall_total;1495
25/26;2026-04-26;Dream Bowl Palace Unterföhring;tournament;Südbayerische Meisterschaft;2;Zwischenlauf;Günter Denz;16398;;1;180;0;1573;20;1495;overall_total;1573
25/26;2026-04-26;Dream Bowl Palace Unterföhring;tournament;Südbayerische Meisterschaft;2;Zwischenlauf;Harald Eggl;25229;;1;178;0;1527;28;1495;overall_total;1527
25/26;2026-04-26;Dream Bowl Palace Unterföhring;tournament;Südbayerische Meisterschaft;2;Zwischenlauf;Harald Laub;7597;;1;232;0;1527;29;1495;overall_total;1527
25/26;2026-04-26;Dream Bowl Palace Unterföhring;tournament;Südbayerische Meisterschaft;2;Zwischenlauf;Jan Musiol;25166;;1;200;0;1611;11;1495;overall_total;1611
25/26;2026-04-26;Dream Bowl Palace Unterföhring;tournament;Südbayerische Meisterschaft;2;Zwischenlauf;Joachim Geist;16807;;1;212;0;1397;71;1495;overall_total;1397
25/26;2026-04-26;Dream Bowl Palace Unterföhring;tournament;Südbayerische Meisterschaft;2;Zwischenlauf;Jochen Mücke;38842;;1;152;0;1478;50;1495;overall_total;1478
25/26;2026-04-26;Dream Bowl Palace Unterföhring;tournament;Südbayerische Meisterschaft;2;Zwischenlauf;Kilian Kral;38510;;1;149;0;1397;72;1495;overall_total;1397
25/26;2026-04-26;Dream Bowl Palace Unterföhring;tournament;Südbayerische Meisterschaft;2;Zwischenlauf;Klaus Lilge;7080;;1;187;0;1683;4;1495;overall_total;1683
25/26;2026-04-26;Dream Bowl Palace Unterföhring;tournament;Südbayerische Meisterschaft;2;Zwischenlauf;Konrad Schiller;38186;;1;180;0;1455;57;1495;overall_total;1455
25/26;2026-04-26;Dream Bowl Palace Unterföhring;tournament;Südbayerische Meisterschaft;2;Zwischenlauf;Lucas Kasenbacher;25340;;1;226;0;1505;36;1495;overall_total;1505
25/26;2026-04-26;Dream Bowl Palace Unterföhring;tournament;Südbayerische Meisterschaft;2;Zwischenlauf;Manfred Weidinger;38851;;1;162;0;1434;65;1495;overall_total;1434
25/26;2026-04-26;Dream Bowl Palace Unterföhring;tournament;Südbayerische Meisterschaft;2;Zwischenlauf;Marcel Müller;28367;;1;205;0;1493;41;1495;overall_total;1493
25/26;2026-04-26;Dream Bowl Palace Unterföhring;tournament;Südbayerische Meisterschaft;2;Zwischenlauf;Marco Probst;7602;;1;160;0;1412;69;1495;overall_total;1412
25/26;2026-04-26;Dream Bowl Palace Unterföhring;tournament;Südbayerische Meisterschaft;2;Zwischenlauf;Markus Hanauer;38314;;1;113;0;1479;48;1495;overall_total;1479
25/26;2026-04-26;Dream Bowl Palace Unterföhring;tournament;Südbayerische Meisterschaft;2;Zwischenlauf;Martin Küchler;25826;;1;189;0;1514;33;1495;overall_total;1514
25/26;2026-04-26;Dream Bowl Palace Unterföhring;tournament;Südbayerische Meisterschaft;2;Zwischenlauf;Matthias Kuchling;16583;;1;161;0;1507;35;1495;overall_total;1507
25/26;2026-04-26;Dream Bowl Palace Unterföhring;tournament;Südbayerische Meisterschaft;2;Zwischenlauf;Max Wiemken;25557;;1;175;0;1450;59;1495;overall_total;1450
25/26;2026-04-26;Dream Bowl Palace Unterföhring;tournament;Südbayerische Meisterschaft;2;Zwischenlauf;Maximilian Herrmann;38892;;1;163;0;1383;74;1495;overall_total;1383
25/26;2026-04-26;Dream Bowl Palace Unterföhring;tournament;Südbayerische Meisterschaft;2;Zwischenlauf;Michael Auer;38459;;1;190;0;1474;51;1495;overall_total;1474
25/26;2026-04-26;Dream Bowl Palace Unterföhring;tournament;Südbayerische Meisterschaft;2;Zwischenlauf;Michael Eisenmann-Seybold;7595;;1;161;0;1716;2;1495;overall_total;1716
25/26;2026-04-26;Dream Bowl Palace Unterföhring;tournament;Südbayerische Meisterschaft;2;Zwischenlauf;Michael Görn;7412;;1;201;0;1516;32;1495;overall_total;1516
25/26;2026-04-26;Dream Bowl Palace Unterföhring;tournament;Südbayerische Meisterschaft;2;Zwischenlauf;Michael Ring;7317;;1;180;0;1496;39;1495;overall_total;1496
25/26;2026-04-26;Dream Bowl Palace Unterföhring;tournament;Südbayerische Meisterschaft;2;Zwischenlauf;Moritz Wiemken;25830;;1;182;0;1683;3;1495;overall_total;1683
25/26;2026-04-26;Dream Bowl Palace Unterföhring;tournament;Südbayerische Meisterschaft;2;Zwischenlauf;Nicolas Kabel;38092;;1;186;0;1529;27;1495;overall_total;1529
25/26;2026-04-26;Dream Bowl Palace Unterföhring;tournament;Südbayerische Meisterschaft;2;Zwischenlauf;Olaf Krebs;16325;;1;223;0;1478;49;1495;overall_total;1478
25/26;2026-04-26;Dream Bowl Palace Unterföhring;tournament;Südbayerische Meisterschaft;2;Zwischenlauf;Oliver Schütze;38550;;1;177;0;1487;44;1495;overall_total;1487
25/26;2026-04-26;Dream Bowl Palace Unterföhring;tournament;Südbayerische Meisterschaft;2;Zwischenlauf;Patrick Baszler;7886;;1;213;0;1484;46;1495;overall_total;1484
25/26;2026-04-26;Dream Bowl Palace Unterföhring;tournament;Südbayerische Meisterschaft;2;Zwischenlauf;Patrick Thurner;38530;;1;186;0;1454;58;1495;overall_total;1454
25/26;2026-04-26;Dream Bowl Palace Unterföhring;tournament;Südbayerische Meisterschaft;2;Zwischenlauf;Peter Börding;7593;;1;179;0;1653;6;1495;overall_total;1653
25/26;2026-04-26;Dream Bowl Palace Unterföhring;tournament;Südbayerische Meisterschaft;2;Zwischenlauf;Peter van Lengen;25297;;1;189;0;1436;64;1495;overall_total;1436
25/26;2026-04-26;Dream Bowl Palace Unterföhring;tournament;Südbayerische Meisterschaft;2;Zwischenlauf;Raiko Elze;38912;;1;162;0;1419;66;1495;overall_total;1419
25/26;2026-04-26;Dream Bowl Palace Unterföhring;tournament;Südbayerische Meisterschaft;2;Zwischenlauf;Rainer Schöllhorn;16069;;1;200;0;1378;75;1495;overall_total;1378
25/26;2026-04-26;Dream Bowl Palace Unterföhring;tournament;Südbayerische Meisterschaft;2;Zwischenlauf;Ralf Mielke;25842;;1;190;0;1450;60;1495;overall_total;1450
25/26;2026-04-26;Dream Bowl Palace Unterföhring;tournament;Südbayerische Meisterschaft;2;Zwischenlauf;Raphael Hofmann;38963;;1;194;0;1447;63;1495;overall_total;1447
25/26;2026-04-26;Dream Bowl Palace Unterföhring;tournament;Südbayerische Meisterschaft;2;Zwischenlauf;René Erben;25953;;1;213;0;1547;24;1495;overall_total;1547
25/26;2026-04-26;Dream Bowl Palace Unterföhring;tournament;Südbayerische Meisterschaft;2;Zwischenlauf;Robert Meissl;25778;;1;157;0;1357;79;1495;overall_total;1357
25/26;2026-04-26;Dream Bowl Palace Unterföhring;tournament;Südbayerische Meisterschaft;2;Zwischenlauf;Roberto Di Stefano;38970;;1;171;0;1417;68;1495;overall_total;1417
25/26;2026-04-26;Dream Bowl Palace Unterföhring;tournament;Südbayerische Meisterschaft;2;Zwischenlauf;Roland Hannemann;16336;;1;192;0;1593;14;1495;overall_total;1593
25/26;2026-04-26;Dream Bowl Palace Unterföhring;tournament;Südbayerische Meisterschaft;2;Zwischenlauf;Sahin Köse;16002;;1;245;0;1492;42;1495;overall_total;1492
25/26;2026-04-26;Dream Bowl Palace Unterföhring;tournament;Südbayerische Meisterschaft;2;Zwischenlauf;Sebastian Hinterwimmer;7885;;1;206;0;1580;17;1495;overall_total;1580
25/26;2026-04-26;Dream Bowl Palace Unterföhring;tournament;Südbayerische Meisterschaft;2;Zwischenlauf;Selim Fliegner;38673;;1;227;0;1525;30;1495;overall_total;1525
25/26;2026-04-26;Dream Bowl Palace Unterföhring;tournament;Südbayerische Meisterschaft;2;Zwischenlauf;Sergio Tavares;22116;;1;161;0;1385;73;1495;overall_total;1385
25/26;2026-04-26;Dream Bowl Palace Unterföhring;tournament;Südbayerische Meisterschaft;2;Zwischenlauf;Stefan Müller;7607;;1;197;0;1621;10;1495;overall_total;1621
25/26;2026-04-26;Dream Bowl Palace Unterföhring;tournament;Südbayerische Meisterschaft;2;Zwischenlauf;Thomas Albrecht;7641;;1;149;0;1487;45;1495;overall_total;1487
25/26;2026-04-26;Dream Bowl Palace Unterföhring;tournament;Südbayerische Meisterschaft;2;Zwischenlauf;Thomas Auer;16888;;1;206;0;1602;12;1495;overall_total;1602
25/26;2026-04-26;Dream Bowl Palace Unterföhring;tournament;Südbayerische Meisterschaft;2;Zwischenlauf;Thomas Hantschel;38450;;1;133;0;1336;80;1495;overall_total;1336
25/26;2026-04-26;Dream Bowl Palace Unterföhring;tournament;Südbayerische Meisterschaft;2;Zwischenlauf;Thomas Kalkschmied;25672;;1;146;0;1488;43;1495;overall_total;1488
25/26;2026-04-26;Dream Bowl Palace Unterföhring;tournament;Südbayerische Meisterschaft;2;Zwischenlauf;Thomas Wiedemann;7028;;1;183;0;1402;70;1495;overall_total;1402
25/26;2026-04-26;Dream Bowl Palace Unterföhring;tournament;Südbayerische Meisterschaft;2;Zwischenlauf;Timo Baumann;16024;;1;192;0;1549;23;1495;overall_total;1549
25/26;2026-04-26;Dream Bowl Palace Unterföhring;tournament;Südbayerische Meisterschaft;2;Zwischenlauf;Tindaro Famà;38730;;1;201;0;1537;26;1495;overall_total;1537
25/26;2026-04-26;Dream Bowl Palace Unterföhring;tournament;Südbayerische Meisterschaft;2;Zwischenlauf;Tobias Börding;7592;;1;234;0;1672;5;1495;overall_total;1672
25/26;2026-04-26;Dream Bowl Palace Unterföhring;tournament;Südbayerische Meisterschaft;2;Zwischenlauf;Tobias Wiedemann;25695;;1;154;0;1561;21;1495;overall_total;1561
25/26;2026-04-26;Dream Bowl Palace Unterföhring;tournament;Südbayerische Meisterschaft;2;Zwischenlauf;Tom Eck;38050;;1;170;0;1589;15;1495;overall_total;1589
25/26;2026-04-26;Dream Bowl Palace Unterföhring;tournament;Südbayerische Meisterschaft;2;Zwischenlauf;Torsten Fliegner;7418;;1;168;0;1482;47;1495;overall_total;1482
25/26;2026-04-26;Dream Bowl Palace Unterföhring;tournament;Südbayerische Meisterschaft;2;Zwischenlauf;Walter Lederle;16402;;1;166;0;1463;55;1495;overall_total;1463
25/26;2026-04-26;Dream Bowl Palace Unterföhring;tournament;Südbayerische Meisterschaft;2;Zwischenlauf;Alberto Salazar;38113;;2;174;0;1622;59;1690;overall_total;1622
25/26;2026-04-26;Dream Bowl Palace Unterföhring;tournament;Südbayerische Meisterschaft;2;Zwischenlauf;Alexander Egger;38541;;2;181;0;1758;21;1690;overall_total;1758
25/26;2026-04-26;Dream Bowl Palace Unterföhring;tournament;Südbayerische Meisterschaft;2;Zwischenlauf;Alexander Koller;7879;;2;205;0;1946;1;1690;overall_total;1946
25/26;2026-04-26;Dream Bowl Palace Unterföhring;tournament;Südbayerische Meisterschaft;2;Zwischenlauf;Alexander Wiedemann;25849;;2;192;0;1689;41;1690;overall_total;1689
25/26;2026-04-26;Dream Bowl Palace Unterföhring;tournament;Südbayerische Meisterschaft;2;Zwischenlauf;Andre Michow;16965;;2;210;0;1795;12;1690;overall_total;1795
25/26;2026-04-26;Dream Bowl Palace Unterföhring;tournament;Südbayerische Meisterschaft;2;Zwischenlauf;Andreas Heß;7030;;2;137;0;1608;66;1690;overall_total;1608
25/26;2026-04-26;Dream Bowl Palace Unterföhring;tournament;Südbayerische Meisterschaft;2;Zwischenlauf;Andreas Hölzl;38305;;2;136;0;1500;79;1690;overall_total;1500
25/26;2026-04-26;Dream Bowl Palace Unterföhring;tournament;Südbayerische Meisterschaft;2;Zwischenlauf;Andreas Schöllhorn;38568;;2;188;0;1661;48;1690;overall_total;1661
25/26;2026-04-26;Dream Bowl Palace Unterföhring;tournament;Südbayerische Meisterschaft;2;Zwischenlauf;André Knoch;25629;;2;189;0;1657;52;1690;overall_total;1657
25/26;2026-04-26;Dream Bowl Palace Unterföhring;tournament;Südbayerische Meisterschaft;2;Zwischenlauf;Anton Mutz;25005;;2;194;0;1698;37;1690;overall_total;1698
25/26;2026-04-26;Dream Bowl Palace Unterföhring;tournament;Südbayerische Meisterschaft;2;Zwischenlauf;Bernd Wiemken;25203;;2;150;0;1772;15;1690;overall_total;1772
25/26;2026-04-26;Dream Bowl Palace Unterföhring;tournament;Südbayerische Meisterschaft;2;Zwischenlauf;Brandon Alexander Lucas;38648;;2;161;0;1675;45;1690;overall_total;1675
25/26;2026-04-26;Dream Bowl Palace Unterföhring;tournament;Südbayerische Meisterschaft;2;Zwischenlauf;Bruno Gärtner;25649;;2;146;0;1523;76;1690;overall_total;1523
25/26;2026-04-26;Dream Bowl Palace Unterföhring;tournament;Südbayerische Meisterschaft;2;Zwischenlauf;Carlo Luft;38652;;2;162;0;1682;43;1690;overall_total;1682
25/26;2026-04-26;Dream Bowl Palace Unterföhring;tournament;Südbayerische Meisterschaft;2;Zwischenlauf;Christian Müller;38996;;2;176;0;1716;31;1690;overall_total;1716
25/26;2026-04-26;Dream Bowl Palace Unterföhring;tournament;Südbayerische Meisterschaft;2;Zwischenlauf;Christian Schrempf;7646;;2;192;0;1786;13;1690;overall_total;1786
25/26;2026-04-26;Dream Bowl Palace Unterföhring;tournament;Südbayerische Meisterschaft;2;Zwischenlauf;Clément Perrin;38995;;2;152;0;1799;11;1690;overall_total;1799
25/26;2026-04-26;Dream Bowl Palace Unterföhring;tournament;Südbayerische Meisterschaft;2;Zwischenlauf;Daniel Börding;7591;;2;232;0;1810;8;1690;overall_total;1810
25/26;2026-04-26;Dream Bowl Palace Unterföhring;tournament;Südbayerische Meisterschaft;2;Zwischenlauf;Daniel Hellmich;7314;;2;177;0;1809;10;1690;overall_total;1809
25/26;2026-04-26;Dream Bowl Palace Unterföhring;tournament;Südbayerische Meisterschaft;2;Zwischenlauf;Eduard Bolender;25408;;2;200;0;1618;61;1690;overall_total;1618
25/26;2026-04-26;Dream Bowl Palace Unterföhring;tournament;Südbayerische Meisterschaft;2;Zwischenlauf;Enrico Blättermann;38216;;2;153;0;1615;64;1690;overall_total;1615
25/26;2026-04-26;Dream Bowl Palace Unterföhring;tournament;Südbayerische Meisterschaft;2;Zwischenlauf;Erwin Schmidle;38480;;2;182;0;1632;57;1690;overall_total;1632
25/26;2026-04-26;Dream Bowl Palace Unterföhring;tournament;Südbayerische Meisterschaft;2;Zwischenlauf;Florian Stangl;25690;;2;175;0;1732;27;1690;overall_total;1732
25/26;2026-04-26;Dream Bowl Palace Unterföhring;tournament;Südbayerische Meisterschaft;2;Zwischenlauf;Gregor Arapow;38575;;2;171;0;1666;47;1690;overall_total;1666
25/26;2026-04-26;Dream Bowl Palace Unterföhring;tournament;Südbayerische Meisterschaft;2;Zwischenlauf;Günter Denz;16398;;2;236;0;1809;9;1690;overall_total;1809
25/26;2026-04-26;Dream Bowl Palace Unterföhring;tournament;Südbayerische Meisterschaft;2;Zwischenlauf;Harald Eggl;25229;;2;237;0;1764;18;1690;overall_total;1764
25/26;2026-04-26;Dream Bowl Palace Unterföhring;tournament;Südbayerische Meisterschaft;2;Zwischenlauf;Harald Laub;7597;;2;178;0;1705;34;1690;overall_total;1705
25/26;2026-04-26;Dream Bowl Palace Unterföhring;tournament;Südbayerische Meisterschaft;2;Zwischenlauf;Jan Musiol;25166;;2;160;0;1771;16;1690;overall_total;1771
25/26;2026-04-26;Dream Bowl Palace Unterföhring;tournament;Südbayerische Meisterschaft;2;Zwischenlauf;Joachim Geist;16807;;2;192;0;1589;70;1690;overall_total;1589
25/26;2026-04-26;Dream Bowl Palace Unterföhring;tournament;Südbayerische Meisterschaft;2;Zwischenlauf;Jochen Mücke;38842;;2;202;0;1680;44;1690;overall_total;1680
25/26;2026-04-26;Dream Bowl Palace Unterföhring;tournament;Südbayerische Meisterschaft;2;Zwischenlauf;Kilian Kral;38510;;2;175;0;1572;71;1690;overall_total;1572
25/26;2026-04-26;Dream Bowl Palace Unterföhring;tournament;Südbayerische Meisterschaft;2;Zwischenlauf;Klaus Lilge;7080;;2;194;0;1877;6;1690;overall_total;1877
25/26;2026-04-26;Dream Bowl Palace Unterföhring;tournament;Südbayerische Meisterschaft;2;Zwischenlauf;Konrad Schiller;38186;;2;156;0;1611;65;1690;overall_total;1611
25/26;2026-04-26;Dream Bowl Palace Unterföhring;tournament;Südbayerische Meisterschaft;2;Zwischenlauf;Lucas Kasenbacher;25340;;2;198;0;1703;35;1690;overall_total;1703
25/26;2026-04-26;Dream Bowl Palace Unterföhring;tournament;Südbayerische Meisterschaft;2;Zwischenlauf;Manfred Weidinger;38851;;2;157;0;1591;69;1690;overall_total;1591
25/26;2026-04-26;Dream Bowl Palace Unterföhring;tournament;Südbayerische Meisterschaft;2;Zwischenlauf;Marcel Müller;28367;;2;224;0;1717;30;1690;overall_total;1717
25/26;2026-04-26;Dream Bowl Palace Unterföhring;tournament;Südbayerische Meisterschaft;2;Zwischenlauf;Marco Probst;7602;;2;212;0;1624;58;1690;overall_total;1624
25/26;2026-04-26;Dream Bowl Palace Unterföhring;tournament;Südbayerische Meisterschaft;2;Zwischenlauf;Markus Hanauer;38314;;2;171;0;1650;53;1690;overall_total;1650
25/26;2026-04-26;Dream Bowl Palace Unterföhring;tournament;Südbayerische Meisterschaft;2;Zwischenlauf;Martin Küchler;25826;;2;171;0;1685;42;1690;overall_total;1685
25/26;2026-04-26;Dream Bowl Palace Unterföhring;tournament;Südbayerische Meisterschaft;2;Zwischenlauf;Matthias Kuchling;16583;;2;199;0;1706;33;1690;overall_total;1706
25/26;2026-04-26;Dream Bowl Palace Unterföhring;tournament;Südbayerische Meisterschaft;2;Zwischenlauf;Max Wiemken;25557;;2;247;0;1697;38;1690;overall_total;1697
25/26;2026-04-26;Dream Bowl Palace Unterföhring;tournament;Südbayerische Meisterschaft;2;Zwischenlauf;Maximilian Herrmann;38892;;2;140;0;1523;77;1690;overall_total;1523
25/26;2026-04-26;Dream Bowl Palace Unterföhring;tournament;Südbayerische Meisterschaft;2;Zwischenlauf;Michael Auer;38459;;2;169;0;1643;56;1690;overall_total;1643
25/26;2026-04-26;Dream Bowl Palace Unterföhring;tournament;Südbayerische Meisterschaft;2;Zwischenlauf;Michael Eisenmann-Seybold;7595;;2;208;0;1924;2;1690;overall_total;1924
25/26;2026-04-26;Dream Bowl Palace Unterföhring;tournament;Südbayerische Meisterschaft;2;Zwischenlauf;Michael Görn;7412;;2;214;0;1730;28;1690;overall_total;1730
25/26;2026-04-26;Dream Bowl Palace Unterföhring;tournament;Südbayerische Meisterschaft;2;Zwischenlauf;Michael Ring;7317;;2;163;0;1659;50;1690;overall_total;1659
25/26;2026-04-26;Dream Bowl Palace Unterföhring;tournament;Südbayerische Meisterschaft;2;Zwischenlauf;Moritz Wiemken;25830;;2;233;0;1916;3;1690;overall_total;1916
25/26;2026-04-26;Dream Bowl Palace Unterföhring;tournament;Südbayerische Meisterschaft;2;Zwischenlauf;Nicolas Kabel;38092;;2;225;0;1754;22;1690;overall_total;1754
25/26;2026-04-26;Dream Bowl Palace Unterföhring;tournament;Südbayerische Meisterschaft;2;Zwischenlauf;Olaf Krebs;16325;;2;166;0;1644;55;1690;overall_total;1644
25/26;2026-04-26;Dream Bowl Palace Unterföhring;tournament;Südbayerische Meisterschaft;2;Zwischenlauf;Oliver Schütze;38550;;2;249;0;1736;26;1690;overall_total;1736
25/26;2026-04-26;Dream Bowl Palace Unterföhring;tournament;Südbayerische Meisterschaft;2;Zwischenlauf;Patrick Baszler;7886;;2;189;0;1673;46;1690;overall_total;1673
25/26;2026-04-26;Dream Bowl Palace Unterföhring;tournament;Südbayerische Meisterschaft;2;Zwischenlauf;Patrick Thurner;38530;;2;205;0;1659;49;1690;overall_total;1659
25/26;2026-04-26;Dream Bowl Palace Unterföhring;tournament;Südbayerische Meisterschaft;2;Zwischenlauf;Peter Börding;7593;;2;243;0;1896;4;1690;overall_total;1896
25/26;2026-04-26;Dream Bowl Palace Unterföhring;tournament;Südbayerische Meisterschaft;2;Zwischenlauf;Peter van Lengen;25297;;2;181;0;1617;62;1690;overall_total;1617
25/26;2026-04-26;Dream Bowl Palace Unterföhring;tournament;Südbayerische Meisterschaft;2;Zwischenlauf;Raiko Elze;38912;;2;185;0;1604;68;1690;overall_total;1604
25/26;2026-04-26;Dream Bowl Palace Unterföhring;tournament;Südbayerische Meisterschaft;2;Zwischenlauf;Rainer Schöllhorn;16069;;2;163;0;1541;74;1690;overall_total;1541
25/26;2026-04-26;Dream Bowl Palace Unterföhring;tournament;Südbayerische Meisterschaft;2;Zwischenlauf;Ralf Mielke;25842;;2;243;0;1693;39;1690;overall_total;1693
25/26;2026-04-26;Dream Bowl Palace Unterföhring;tournament;Südbayerische Meisterschaft;2;Zwischenlauf;Raphael Hofmann;38963;;2;170;0;1617;63;1690;overall_total;1617
25/26;2026-04-26;Dream Bowl Palace Unterföhring;tournament;Südbayerische Meisterschaft;2;Zwischenlauf;René Erben;25953;;2;206;0;1753;24;1690;overall_total;1753
25/26;2026-04-26;Dream Bowl Palace Unterföhring;tournament;Südbayerische Meisterschaft;2;Zwischenlauf;Robert Meissl;25778;;2;180;0;1537;75;1690;overall_total;1537
25/26;2026-04-26;Dream Bowl Palace Unterföhring;tournament;Südbayerische Meisterschaft;2;Zwischenlauf;Roberto Di Stefano;38970;;2;142;0;1559;72;1690;overall_total;1559
25/26;2026-04-26;Dream Bowl Palace Unterföhring;tournament;Südbayerische Meisterschaft;2;Zwischenlauf;Roland Hannemann;16336;;2;160;0;1753;23;1690;overall_total;1753
25/26;2026-04-26;Dream Bowl Palace Unterföhring;tournament;Südbayerische Meisterschaft;2;Zwischenlauf;Sahin Köse;16002;;2;154;0;1646;54;1690;overall_total;1646
25/26;2026-04-26;Dream Bowl Palace Unterföhring;tournament;Südbayerische Meisterschaft;2;Zwischenlauf;Sebastian Hinterwimmer;7885;;2;180;0;1760;20;1690;overall_total;1760
25/26;2026-04-26;Dream Bowl Palace Unterföhring;tournament;Südbayerische Meisterschaft;2;Zwischenlauf;Selim Fliegner;38673;;2;202;0;1727;29;1690;overall_total;1727
25/26;2026-04-26;Dream Bowl Palace Unterföhring;tournament;Südbayerische Meisterschaft;2;Zwischenlauf;Sergio Tavares;22116;;2;158;0;1543;73;1690;overall_total;1543
25/26;2026-04-26;Dream Bowl Palace Unterföhring;tournament;Südbayerische Meisterschaft;2;Zwischenlauf;Stefan Müller;7607;;2;143;0;1764;19;1690;overall_total;1764
25/26;2026-04-26;Dream Bowl Palace Unterföhring;tournament;Südbayerische Meisterschaft;2;Zwischenlauf;Thomas Albrecht;7641;;2;134;0;1621;60;1690;overall_total;1621
25/26;2026-04-26;Dream Bowl Palace Unterföhring;tournament;Südbayerische Meisterschaft;2;Zwischenlauf;Thomas Auer;16888;;2;181;0;1783;14;1690;overall_total;1783
25/26;2026-04-26;Dream Bowl Palace Unterföhring;tournament;Südbayerische Meisterschaft;2;Zwischenlauf;Thomas Hantschel;38450;;2;182;0;1518;78;1690;overall_total;1518
25/26;2026-04-26;Dream Bowl Palace Unterföhring;tournament;Südbayerische Meisterschaft;2;Zwischenlauf;Thomas Kalkschmied;25672;;2;202;0;1690;40;1690;overall_total;1690
25/26;2026-04-26;Dream Bowl Palace Unterföhring;tournament;Südbayerische Meisterschaft;2;Zwischenlauf;Thomas Wiedemann;7028;;2;204;0;1606;67;1690;overall_total;1606
25/26;2026-04-26;Dream Bowl Palace Unterföhring;tournament;Südbayerische Meisterschaft;2;Zwischenlauf;Timo Baumann;16024;;2;202;0;1751;25;1690;overall_total;1751
25/26;2026-04-26;Dream Bowl Palace Unterföhring;tournament;Südbayerische Meisterschaft;2;Zwischenlauf;Tindaro Famà;38730;;2;176;0;1713;32;1690;overall_total;1713
25/26;2026-04-26;Dream Bowl Palace Unterföhring;tournament;Südbayerische Meisterschaft;2;Zwischenlauf;Tobias Börding;7592;;2;218;0;1890;5;1690;overall_total;1890
25/26;2026-04-26;Dream Bowl Palace Unterföhring;tournament;Südbayerische Meisterschaft;2;Zwischenlauf;Tobias Wiedemann;25695;;2;205;0;1766;17;1690;overall_total;1766
25/26;2026-04-26;Dream Bowl Palace Unterföhring;tournament;Südbayerische Meisterschaft;2;Zwischenlauf;Tom Eck;38050;;2;223;0;1812;7;1690;overall_total;1812
25/26;2026-04-26;Dream Bowl Palace Unterföhring;tournament;Südbayerische Meisterschaft;2;Zwischenlauf;Torsten Fliegner;7418;;2;176;0;1658;51;1690;overall_total;1658
25/26;2026-04-26;Dream Bowl Palace Unterföhring;tournament;Südbayerische Meisterschaft;2;Zwischenlauf;Walter Lederle;16402;;2;235;0;1698;36;1690;overall_total;1698
25/26;2026-04-26;Dream Bowl Palace Unterföhring;tournament;Südbayerische Meisterschaft;2;Zwischenlauf;Alberto Salazar;38113;;3;164;0;1786;59;1874;overall_total;1786
25/26;2026-04-26;Dream Bowl Palace Unterföhring;tournament;Südbayerische Meisterschaft;2;Zwischenlauf;Alexander Egger;38541;;3;162;0;1920;27;1874;overall_total;1920
25/26;2026-04-26;Dream Bowl Palace Unterföhring;tournament;Südbayerische Meisterschaft;2;Zwischenlauf;Alexander Koller;7879;;3;247;0;2193;1;1874;overall_total;2193
25/26;2026-04-26;Dream Bowl Palace Unterföhring;tournament;Südbayerische Meisterschaft;2;Zwischenlauf;Alexander Wiedemann;25849;;3;257;0;1946;19;1874;overall_total;1946
25/26;2026-04-26;Dream Bowl Palace Unterföhring;tournament;Südbayerische Meisterschaft;2;Zwischenlauf;Andre Michow;16965;;3;277;0;2072;6;1874;overall_total;2072
25/26;2026-04-26;Dream Bowl Palace Unterföhring;tournament;Südbayerische Meisterschaft;2;Zwischenlauf;Andreas Hölzl;38305;;3;211;0;1711;73;1874;overall_total;1711
25/26;2026-04-26;Dream Bowl Palace Unterföhring;tournament;Südbayerische Meisterschaft;2;Zwischenlauf;Andreas Schöllhorn;38568;;3;194;0;1855;47;1874;overall_total;1855
25/26;2026-04-26;Dream Bowl Palace Unterföhring;tournament;Südbayerische Meisterschaft;2;Zwischenlauf;André Knoch;25629;;3;187;0;1844;50;1874;overall_total;1844
25/26;2026-04-26;Dream Bowl Palace Unterföhring;tournament;Südbayerische Meisterschaft;2;Zwischenlauf;Anton Mutz;25005;;3;194;0;1892;38;1874;overall_total;1892
25/26;2026-04-26;Dream Bowl Palace Unterföhring;tournament;Südbayerische Meisterschaft;2;Zwischenlauf;Bernd Wiemken;25203;;3;192;0;1964;14;1874;overall_total;1964
25/26;2026-04-26;Dream Bowl Palace Unterföhring;tournament;Südbayerische Meisterschaft;2;Zwischenlauf;Brandon Alexander Lucas;38648;;3;187;0;1862;43;1874;overall_total;1862
25/26;2026-04-26;Dream Bowl Palace Unterföhring;tournament;Südbayerische Meisterschaft;2;Zwischenlauf;Bruno Gärtner;25649;;3;160;0;1683;75;1874;overall_total;1683
25/26;2026-04-26;Dream Bowl Palace Unterföhring;tournament;Südbayerische Meisterschaft;2;Zwischenlauf;Carlo Luft;38652;;3;136;0;1818;54;1874;overall_total;1818
25/26;2026-04-26;Dream Bowl Palace Unterföhring;tournament;Südbayerische Meisterschaft;2;Zwischenlauf;Christian Müller;38996;;3;143;0;1859;45;1874;overall_total;1859
25/26;2026-04-26;Dream Bowl Palace Unterföhring;tournament;Südbayerische Meisterschaft;2;Zwischenlauf;Christian Schrempf;7646;;3;139;0;1925;26;1874;overall_total;1925
25/26;2026-04-26;Dream Bowl Palace Unterföhring;tournament;Südbayerische Meisterschaft;2;Zwischenlauf;Clément Perrin;38995;;3;258;0;2057;8;1874;overall_total;2057
25/26;2026-04-26;Dream Bowl Palace Unterföhring;tournament;Südbayerische Meisterschaft;2;Zwischenlauf;Daniel Börding;7591;;3;145;0;1955;17;1874;overall_total;1955
25/26;2026-04-26;Dream Bowl Palace Unterföhring;tournament;Südbayerische Meisterschaft;2;Zwischenlauf;Daniel Hellmich;7314;;3;208;0;2017;10;1874;overall_total;2017
25/26;2026-04-26;Dream Bowl Palace Unterföhring;tournament;Südbayerische Meisterschaft;2;Zwischenlauf;Eduard Bolender;25408;;3;149;0;1767;65;1874;overall_total;1767
25/26;2026-04-26;Dream Bowl Palace Unterföhring;tournament;Südbayerische Meisterschaft;2;Zwischenlauf;Enrico Blättermann;38216;;3;151;0;1766;68;1874;overall_total;1766
25/26;2026-04-26;Dream Bowl Palace Unterföhring;tournament;Südbayerische Meisterschaft;2;Zwischenlauf;Erwin Schmidle;38480;;3;147;0;1779;62;1874;overall_total;1779
25/26;2026-04-26;Dream Bowl Palace Unterföhring;tournament;Südbayerische Meisterschaft;2;Zwischenlauf;Florian Stangl;25690;;3;167;0;1899;35;1874;overall_total;1899
25/26;2026-04-26;Dream Bowl Palace Unterföhring;tournament;Südbayerische Meisterschaft;2;Zwischenlauf;Gregor Arapow;38575;;3;137;0;1803;57;1874;overall_total;1803
25/26;2026-04-26;Dream Bowl Palace Unterföhring;tournament;Südbayerische Meisterschaft;2;Zwischenlauf;Günter Denz;16398;;3;224;0;2033;9;1874;overall_total;2033
25/26;2026-04-26;Dream Bowl Palace Unterföhring;tournament;Südbayerische Meisterschaft;2;Zwischenlauf;Harald Eggl;25229;;3;246;0;2010;11;1874;overall_total;2010
25/26;2026-04-26;Dream Bowl Palace Unterföhring;tournament;Südbayerische Meisterschaft;2;Zwischenlauf;Harald Laub;7597;;3;192;0;1897;37;1874;overall_total;1897
25/26;2026-04-26;Dream Bowl Palace Unterföhring;tournament;Südbayerische Meisterschaft;2;Zwischenlauf;Jan Musiol;25166;;3;140;0;1911;30;1874;overall_total;1911
25/26;2026-04-26;Dream Bowl Palace Unterföhring;tournament;Südbayerische Meisterschaft;2;Zwischenlauf;Joachim Geist;16807;;3;177;0;1766;67;1874;overall_total;1766
25/26;2026-04-26;Dream Bowl Palace Unterföhring;tournament;Südbayerische Meisterschaft;2;Zwischenlauf;Jochen Mücke;38842;;3;182;0;1862;44;1874;overall_total;1862
25/26;2026-04-26;Dream Bowl Palace Unterföhring;tournament;Südbayerische Meisterschaft;2;Zwischenlauf;Kilian Kral;38510;;3;232;0;1804;56;1874;overall_total;1804
25/26;2026-04-26;Dream Bowl Palace Unterföhring;tournament;Südbayerische Meisterschaft;2;Zwischenlauf;Klaus Lilge;7080;;3;190;0;2067;7;1874;overall_total;2067
25/26;2026-04-26;Dream Bowl Palace Unterföhring;tournament;Südbayerische Meisterschaft;2;Zwischenlauf;Konrad Schiller;38186;;3;165;0;1776;64;1874;overall_total;1776
25/26;2026-04-26;Dream Bowl Palace Unterföhring;tournament;Südbayerische Meisterschaft;2;Zwischenlauf;Lucas Kasenbacher;25340;;3;173;0;1876;39;1874;overall_total;1876
25/26;2026-04-26;Dream Bowl Palace Unterföhring;tournament;Südbayerische Meisterschaft;2;Zwischenlauf;Manfred Weidinger;38851;;3;189;0;1780;61;1874;overall_total;1780
25/26;2026-04-26;Dream Bowl Palace Unterföhring;tournament;Südbayerische Meisterschaft;2;Zwischenlauf;Marcel Müller;28367;;3;200;0;1917;29;1874;overall_total;1917
25/26;2026-04-26;Dream Bowl Palace Unterföhring;tournament;Südbayerische Meisterschaft;2;Zwischenlauf;Marco Probst;7602;;3;250;0;1874;40;1874;overall_total;1874
25/26;2026-04-26;Dream Bowl Palace Unterföhring;tournament;Südbayerische Meisterschaft;2;Zwischenlauf;Markus Hanauer;38314;;3;199;0;1849;48;1874;overall_total;1849
25/26;2026-04-26;Dream Bowl Palace Unterföhring;tournament;Südbayerische Meisterschaft;2;Zwischenlauf;Martin Küchler;25826;;3;179;0;1864;41;1874;overall_total;1864
25/26;2026-04-26;Dream Bowl Palace Unterföhring;tournament;Südbayerische Meisterschaft;2;Zwischenlauf;Matthias Kuchling;16583;;3;212;0;1918;28;1874;overall_total;1918
25/26;2026-04-26;Dream Bowl Palace Unterföhring;tournament;Südbayerische Meisterschaft;2;Zwischenlauf;Max Wiemken;25557;;3;200;0;1897;36;1874;overall_total;1897
25/26;2026-04-26;Dream Bowl Palace Unterföhring;tournament;Südbayerische Meisterschaft;2;Zwischenlauf;Maximilian Herrmann;38892;;3;117;0;1640;78;1874;overall_total;1640
25/26;2026-04-26;Dream Bowl Palace Unterföhring;tournament;Südbayerische Meisterschaft;2;Zwischenlauf;Michael Auer;38459;;3;140;0;1783;60;1874;overall_total;1783
25/26;2026-04-26;Dream Bowl Palace Unterföhring;tournament;Südbayerische Meisterschaft;2;Zwischenlauf;Michael Eisenmann-Seybold;7595;;3;222;0;2146;2;1874;overall_total;2146
25/26;2026-04-26;Dream Bowl Palace Unterföhring;tournament;Südbayerische Meisterschaft;2;Zwischenlauf;Michael Görn;7412;;3;178;0;1908;33;1874;overall_total;1908
25/26;2026-04-26;Dream Bowl Palace Unterföhring;tournament;Südbayerische Meisterschaft;2;Zwischenlauf;Michael Ring;7317;;3;169;0;1828;52;1874;overall_total;1828
25/26;2026-04-26;Dream Bowl Palace Unterföhring;tournament;Südbayerische Meisterschaft;2;Zwischenlauf;Moritz Wiemken;25830;;3;197;0;2113;3;1874;overall_total;2113
25/26;2026-04-26;Dream Bowl Palace Unterföhring;tournament;Südbayerische Meisterschaft;2;Zwischenlauf;Nicolas Kabel;38092;;3;183;0;1937;21;1874;overall_total;1937
25/26;2026-04-26;Dream Bowl Palace Unterföhring;tournament;Südbayerische Meisterschaft;2;Zwischenlauf;Olaf Krebs;16325;;3;188;0;1832;51;1874;overall_total;1832
25/26;2026-04-26;Dream Bowl Palace Unterföhring;tournament;Südbayerische Meisterschaft;2;Zwischenlauf;Oliver Schütze;38550;;3;196;0;1932;22;1874;overall_total;1932
25/26;2026-04-26;Dream Bowl Palace Unterföhring;tournament;Südbayerische Meisterschaft;2;Zwischenlauf;Patrick Baszler;7886;;3;191;0;1864;42;1874;overall_total;1864
25/26;2026-04-26;Dream Bowl Palace Unterföhring;tournament;Südbayerische Meisterschaft;2;Zwischenlauf;Patrick Thurner;38530;;3;149;0;1808;55;1874;overall_total;1808
25/26;2026-04-26;Dream Bowl Palace Unterföhring;tournament;Südbayerische Meisterschaft;2;Zwischenlauf;Peter Börding;7593;;3;191;0;2087;4;1874;overall_total;2087
25/26;2026-04-26;Dream Bowl Palace Unterföhring;tournament;Südbayerische Meisterschaft;2;Zwischenlauf;Peter van Lengen;25297;;3;159;0;1776;63;1874;overall_total;1776
25/26;2026-04-26;Dream Bowl Palace Unterföhring;tournament;Südbayerische Meisterschaft;2;Zwischenlauf;Raiko Elze;38912;;3;149;0;1753;70;1874;overall_total;1753
25/26;2026-04-26;Dream Bowl Palace Unterföhring;tournament;Südbayerische Meisterschaft;2;Zwischenlauf;Rainer Schöllhorn;16069;;3;199;0;1740;71;1874;overall_total;1740
25/26;2026-04-26;Dream Bowl Palace Unterföhring;tournament;Südbayerische Meisterschaft;2;Zwischenlauf;Ralf Mielke;25842;;3;215;0;1908;32;1874;overall_total;1908
25/26;2026-04-26;Dream Bowl Palace Unterföhring;tournament;Südbayerische Meisterschaft;2;Zwischenlauf;Raphael Hofmann;38963;;3;141;0;1758;69;1874;overall_total;1758
25/26;2026-04-26;Dream Bowl Palace Unterföhring;tournament;Südbayerische Meisterschaft;2;Zwischenlauf;René Erben;25953;;3;173;0;1926;25;1874;overall_total;1926
25/26;2026-04-26;Dream Bowl Palace Unterföhring;tournament;Südbayerische Meisterschaft;2;Zwischenlauf;Robert Meissl;25778;;3;127;0;1664;76;1874;overall_total;1664
25/26;2026-04-26;Dream Bowl Palace Unterföhring;tournament;Südbayerische Meisterschaft;2;Zwischenlauf;Roberto Di Stefano;38970;;3;167;0;1726;72;1874;overall_total;1726
25/26;2026-04-26;Dream Bowl Palace Unterföhring;tournament;Südbayerische Meisterschaft;2;Zwischenlauf;Roland Hannemann;16336;;3;200;0;1953;18;1874;overall_total;1953
25/26;2026-04-26;Dream Bowl Palace Unterföhring;tournament;Südbayerische Meisterschaft;2;Zwischenlauf;Sahin Köse;16002;;3;145;0;1791;58;1874;overall_total;1791
25/26;2026-04-26;Dream Bowl Palace Unterföhring;tournament;Südbayerische Meisterschaft;2;Zwischenlauf;Sebastian Hinterwimmer;7885;;3;199;0;1959;15;1874;overall_total;1959
25/26;2026-04-26;Dream Bowl Palace Unterföhring;tournament;Südbayerische Meisterschaft;2;Zwischenlauf;Selim Fliegner;38673;;3;204;0;1931;23;1874;overall_total;1931
25/26;2026-04-26;Dream Bowl Palace Unterföhring;tournament;Südbayerische Meisterschaft;2;Zwischenlauf;Sergio Tavares;22116;;3;155;0;1698;74;1874;overall_total;1698
25/26;2026-04-26;Dream Bowl Palace Unterföhring;tournament;Südbayerische Meisterschaft;2;Zwischenlauf;Stefan Müller;7607;;3;223;0;1987;13;1874;overall_total;1987
25/26;2026-04-26;Dream Bowl Palace Unterföhring;tournament;Südbayerische Meisterschaft;2;Zwischenlauf;Thomas Albrecht;7641;;3;198;0;1819;53;1874;overall_total;1819
25/26;2026-04-26;Dream Bowl Palace Unterföhring;tournament;Südbayerische Meisterschaft;2;Zwischenlauf;Thomas Auer;16888;;3;204;0;1987;12;1874;overall_total;1987
25/26;2026-04-26;Dream Bowl Palace Unterföhring;tournament;Südbayerische Meisterschaft;2;Zwischenlauf;Thomas Hantschel;38450;;3;136;0;1654;77;1874;overall_total;1654
25/26;2026-04-26;Dream Bowl Palace Unterföhring;tournament;Südbayerische Meisterschaft;2;Zwischenlauf;Thomas Kalkschmied;25672;;3;167;0;1857;46;1874;overall_total;1857
25/26;2026-04-26;Dream Bowl Palace Unterföhring;tournament;Südbayerische Meisterschaft;2;Zwischenlauf;Thomas Wiedemann;7028;;3;161;0;1767;66;1874;overall_total;1767
25/26;2026-04-26;Dream Bowl Palace Unterföhring;tournament;Südbayerische Meisterschaft;2;Zwischenlauf;Timo Baumann;16024;;3;177;0;1928;24;1874;overall_total;1928
25/26;2026-04-26;Dream Bowl Palace Unterföhring;tournament;Südbayerische Meisterschaft;2;Zwischenlauf;Tindaro Famà;38730;;3;232;0;1945;20;1874;overall_total;1945
25/26;2026-04-26;Dream Bowl Palace Unterföhring;tournament;Südbayerische Meisterschaft;2;Zwischenlauf;Tobias Börding;7592;;3;185;0;2075;5;1874;overall_total;2075
25/26;2026-04-26;Dream Bowl Palace Unterföhring;tournament;Südbayerische Meisterschaft;2;Zwischenlauf;Tobias Wiedemann;25695;;3;144;0;1910;31;1874;overall_total;1910
25/26;2026-04-26;Dream Bowl Palace Unterföhring;tournament;Südbayerische Meisterschaft;2;Zwischenlauf;Tom Eck;38050;;3;146;0;1958;16;1874;overall_total;1958
25/26;2026-04-26;Dream Bowl Palace Unterföhring;tournament;Südbayerische Meisterschaft;2;Zwischenlauf;Torsten Fliegner;7418;;3;188;0;1846;49;1874;overall_total;1846
25/26;2026-04-26;Dream Bowl Palace Unterföhring;tournament;Südbayerische Meisterschaft;2;Zwischenlauf;Walter Lederle;16402;;3;203;0;1901;34;1874;overall_total;1901
25/26;2026-04-26;Dream Bowl Palace Unterföhring;tournament;Südbayerische Meisterschaft;2;Zwischenlauf;Alberto Salazar;38113;;4;178;0;1964;58;2050;overall_total;1964
25/26;2026-04-26;Dream Bowl Palace Unterföhring;tournament;Südbayerische Meisterschaft;2;Zwischenlauf;Alexander Egger;38541;;4;150;0;2070;38;2050;overall_total;2070
25/26;2026-04-26;Dream Bowl Palace Unterföhring;tournament;Südbayerische Meisterschaft;2;Zwischenlauf;Alexander Koller;7879;;4;220;0;2413;1;2050;overall_total;2413
25/26;2026-04-26;Dream Bowl Palace Unterföhring;tournament;Südbayerische Meisterschaft;2;Zwischenlauf;Alexander Wiedemann;25849;;4;188;0;2134;20;2050;overall_total;2134
25/26;2026-04-26;Dream Bowl Palace Unterföhring;tournament;Südbayerische Meisterschaft;2;Zwischenlauf;Andre Michow;16965;;4;196;0;2268;7;2050;overall_total;2268
25/26;2026-04-26;Dream Bowl Palace Unterföhring;tournament;Südbayerische Meisterschaft;2;Zwischenlauf;Andreas Hölzl;38305;;4;213;0;1924;66;2050;overall_total;1924
25/26;2026-04-26;Dream Bowl Palace Unterföhring;tournament;Südbayerische Meisterschaft;2;Zwischenlauf;Andreas Schöllhorn;38568;;4;170;0;2025;48;2050;overall_total;2025
25/26;2026-04-26;Dream Bowl Palace Unterföhring;tournament;Südbayerische Meisterschaft;2;Zwischenlauf;André Knoch;25629;;4;158;0;2002;54;2050;overall_total;2002
25/26;2026-04-26;Dream Bowl Palace Unterföhring;tournament;Südbayerische Meisterschaft;2;Zwischenlauf;Anton Mutz;25005;;4;158;0;2050;40;2050;overall_total;2050
25/26;2026-04-26;Dream Bowl Palace Unterföhring;tournament;Südbayerische Meisterschaft;2;Zwischenlauf;Bernd Wiemken;25203;;4;248;0;2212;11;2050;overall_total;2212
25/26;2026-04-26;Dream Bowl Palace Unterföhring;tournament;Südbayerische Meisterschaft;2;Zwischenlauf;Brandon Alexander Lucas;38648;;4;178;0;2040;46;2050;overall_total;2040
25/26;2026-04-26;Dream Bowl Palace Unterföhring;tournament;Südbayerische Meisterschaft;2;Zwischenlauf;Bruno Gärtner;25649;;4;158;0;1841;76;2050;overall_total;1841
25/26;2026-04-26;Dream Bowl Palace Unterföhring;tournament;Südbayerische Meisterschaft;2;Zwischenlauf;Carlo Luft;38652;;4;160;0;1978;56;2050;overall_total;1978
25/26;2026-04-26;Dream Bowl Palace Unterföhring;tournament;Südbayerische Meisterschaft;2;Zwischenlauf;Christian Müller;38996;;4;182;0;2041;45;2050;overall_total;2041
25/26;2026-04-26;Dream Bowl Palace Unterföhring;tournament;Südbayerische Meisterschaft;2;Zwischenlauf;Christian Schrempf;7646;;4;175;0;2100;27;2050;overall_total;2100
25/26;2026-04-26;Dream Bowl Palace Unterföhring;tournament;Südbayerische Meisterschaft;2;Zwischenlauf;Clément Perrin;38995;;4;201;0;2258;8;2050;overall_total;2258
25/26;2026-04-26;Dream Bowl Palace Unterföhring;tournament;Südbayerische Meisterschaft;2;Zwischenlauf;Daniel Börding;7591;;4;235;0;2190;17;2050;overall_total;2190
25/26;2026-04-26;Dream Bowl Palace Unterföhring;tournament;Südbayerische Meisterschaft;2;Zwischenlauf;Daniel Hellmich;7314;;4;207;0;2224;10;2050;overall_total;2224
25/26;2026-04-26;Dream Bowl Palace Unterföhring;tournament;Südbayerische Meisterschaft;2;Zwischenlauf;Eduard Bolender;25408;;4;173;0;1940;64;2050;overall_total;1940
25/26;2026-04-26;Dream Bowl Palace Unterföhring;tournament;Südbayerische Meisterschaft;2;Zwischenlauf;Enrico Blättermann;38216;;4;192;0;1958;60;2050;overall_total;1958
25/26;2026-04-26;Dream Bowl Palace Unterföhring;tournament;Südbayerische Meisterschaft;2;Zwischenlauf;Erwin Schmidle;38480;;4;145;0;1924;67;2050;overall_total;1924
25/26;2026-04-26;Dream Bowl Palace Unterföhring;tournament;Südbayerische Meisterschaft;2;Zwischenlauf;Florian Stangl;25690;;4;200;0;2099;29;2050;overall_total;2099
25/26;2026-04-26;Dream Bowl Palace Unterföhring;tournament;Südbayerische Meisterschaft;2;Zwischenlauf;Gregor Arapow;38575;;4;222;0;2025;49;2050;overall_total;2025
25/26;2026-04-26;Dream Bowl Palace Unterföhring;tournament;Südbayerische Meisterschaft;2;Zwischenlauf;Günter Denz;16398;;4;178;0;2211;13;2050;overall_total;2211
25/26;2026-04-26;Dream Bowl Palace Unterföhring;tournament;Südbayerische Meisterschaft;2;Zwischenlauf;Harald Eggl;25229;;4;175;0;2185;18;2050;overall_total;2185
25/26;2026-04-26;Dream Bowl Palace Unterföhring;tournament;Südbayerische Meisterschaft;2;Zwischenlauf;Harald Laub;7597;;4;183;0;2080;35;2050;overall_total;2080
25/26;2026-04-26;Dream Bowl Palace Unterföhring;tournament;Südbayerische Meisterschaft;2;Zwischenlauf;Jan Musiol;25166;;4;177;0;2088;31;2050;overall_total;2088
25/26;2026-04-26;Dream Bowl Palace Unterföhring;tournament;Südbayerische Meisterschaft;2;Zwischenlauf;Joachim Geist;16807;;4;156;0;1922;68;2050;overall_total;1922
25/26;2026-04-26;Dream Bowl Palace Unterföhring;tournament;Südbayerische Meisterschaft;2;Zwischenlauf;Jochen Mücke;38842;;4;216;0;2078;36;2050;overall_total;2078
25/26;2026-04-26;Dream Bowl Palace Unterföhring;tournament;Südbayerische Meisterschaft;2;Zwischenlauf;Kilian Kral;38510;;4;208;0;2012;50;2050;overall_total;2012
25/26;2026-04-26;Dream Bowl Palace Unterföhring;tournament;Südbayerische Meisterschaft;2;Zwischenlauf;Klaus Lilge;7080;;4;214;0;2281;6;2050;overall_total;2281
25/26;2026-04-26;Dream Bowl Palace Unterföhring;tournament;Südbayerische Meisterschaft;2;Zwischenlauf;Konrad Schiller;38186;;4;160;0;1936;65;2050;overall_total;1936
25/26;2026-04-26;Dream Bowl Palace Unterföhring;tournament;Südbayerische Meisterschaft;2;Zwischenlauf;Lucas Kasenbacher;25340;;4;168;0;2044;43;2050;overall_total;2044
25/26;2026-04-26;Dream Bowl Palace Unterföhring;tournament;Südbayerische Meisterschaft;2;Zwischenlauf;Manfred Weidinger;38851;;4;138;0;1918;69;2050;overall_total;1918
25/26;2026-04-26;Dream Bowl Palace Unterföhring;tournament;Südbayerische Meisterschaft;2;Zwischenlauf;Marcel Müller;28367;;4;194;0;2111;26;2050;overall_total;2111
25/26;2026-04-26;Dream Bowl Palace Unterföhring;tournament;Südbayerische Meisterschaft;2;Zwischenlauf;Marco Probst;7602;;4;175;0;2049;41;2050;overall_total;2049
25/26;2026-04-26;Dream Bowl Palace Unterföhring;tournament;Südbayerische Meisterschaft;2;Zwischenlauf;Markus Hanauer;38314;;4;159;0;2008;53;2050;overall_total;2008
25/26;2026-04-26;Dream Bowl Palace Unterföhring;tournament;Südbayerische Meisterschaft;2;Zwischenlauf;Martin Küchler;25826;;4;200;0;2064;39;2050;overall_total;2064
25/26;2026-04-26;Dream Bowl Palace Unterföhring;tournament;Südbayerische Meisterschaft;2;Zwischenlauf;Matthias Kuchling;16583;;4;181;0;2099;28;2050;overall_total;2099
25/26;2026-04-26;Dream Bowl Palace Unterföhring;tournament;Südbayerische Meisterschaft;2;Zwischenlauf;Max Wiemken;25557;;4;185;0;2082;34;2050;overall_total;2082
25/26;2026-04-26;Dream Bowl Palace Unterföhring;tournament;Südbayerische Meisterschaft;2;Zwischenlauf;Maximilian Herrmann;38892;;4;129;0;1769;78;2050;overall_total;1769
25/26;2026-04-26;Dream Bowl Palace Unterföhring;tournament;Südbayerische Meisterschaft;2;Zwischenlauf;Michael Auer;38459;;4;167;0;1950;63;2050;overall_total;1950
25/26;2026-04-26;Dream Bowl Palace Unterföhring;tournament;Südbayerische Meisterschaft;2;Zwischenlauf;Michael Eisenmann-Seybold;7595;;4;197;0;2343;3;2050;overall_total;2343
25/26;2026-04-26;Dream Bowl Palace Unterföhring;tournament;Südbayerische Meisterschaft;2;Zwischenlauf;Michael Görn;7412;;4;224;0;2132;21;2050;overall_total;2132
25/26;2026-04-26;Dream Bowl Palace Unterföhring;tournament;Südbayerische Meisterschaft;2;Zwischenlauf;Michael Ring;7317;;4;163;0;1991;55;2050;overall_total;1991
25/26;2026-04-26;Dream Bowl Palace Unterföhring;tournament;Südbayerische Meisterschaft;2;Zwischenlauf;Moritz Wiemken;25830;;4;221;0;2334;4;2050;overall_total;2334
25/26;2026-04-26;Dream Bowl Palace Unterföhring;tournament;Südbayerische Meisterschaft;2;Zwischenlauf;Nicolas Kabel;38092;;4;298;0;2235;9;2050;overall_total;2235
25/26;2026-04-26;Dream Bowl Palace Unterföhring;tournament;Südbayerische Meisterschaft;2;Zwischenlauf;Olaf Krebs;16325;;4;127;0;1959;59;2050;overall_total;1959
25/26;2026-04-26;Dream Bowl Palace Unterföhring;tournament;Südbayerische Meisterschaft;2;Zwischenlauf;Oliver Schütze;38550;;4;280;0;2212;12;2050;overall_total;2212
25/26;2026-04-26;Dream Bowl Palace Unterföhring;tournament;Südbayerische Meisterschaft;2;Zwischenlauf;Patrick Baszler;7886;;4;182;0;2046;42;2050;overall_total;2046
25/26;2026-04-26;Dream Bowl Palace Unterföhring;tournament;Südbayerische Meisterschaft;2;Zwischenlauf;Patrick Thurner;38530;;4;233;0;2041;44;2050;overall_total;2041
25/26;2026-04-26;Dream Bowl Palace Unterföhring;tournament;Südbayerische Meisterschaft;2;Zwischenlauf;Peter Börding;7593;;4;258;0;2345;2;2050;overall_total;2345
25/26;2026-04-26;Dream Bowl Palace Unterföhring;tournament;Südbayerische Meisterschaft;2;Zwischenlauf;Peter van Lengen;25297;;4;176;0;1952;62;2050;overall_total;1952
25/26;2026-04-26;Dream Bowl Palace Unterföhring;tournament;Südbayerische Meisterschaft;2;Zwischenlauf;Raiko Elze;38912;;4;163;0;1916;70;2050;overall_total;1916
25/26;2026-04-26;Dream Bowl Palace Unterföhring;tournament;Südbayerische Meisterschaft;2;Zwischenlauf;Rainer Schöllhorn;16069;;4;154;0;1894;72;2050;overall_total;1894
25/26;2026-04-26;Dream Bowl Palace Unterföhring;tournament;Südbayerische Meisterschaft;2;Zwischenlauf;Ralf Mielke;25842;;4;178;0;2086;32;2050;overall_total;2086
25/26;2026-04-26;Dream Bowl Palace Unterföhring;tournament;Südbayerische Meisterschaft;2;Zwischenlauf;Raphael Hofmann;38963;;4;151;0;1909;71;2050;overall_total;1909
25/26;2026-04-26;Dream Bowl Palace Unterföhring;tournament;Südbayerische Meisterschaft;2;Zwischenlauf;René Erben;25953;;4;185;0;2111;25;2050;overall_total;2111
25/26;2026-04-26;Dream Bowl Palace Unterföhring;tournament;Südbayerische Meisterschaft;2;Zwischenlauf;Robert Meissl;25778;;4;128;0;1792;77;2050;overall_total;1792
25/26;2026-04-26;Dream Bowl Palace Unterföhring;tournament;Südbayerische Meisterschaft;2;Zwischenlauf;Roberto Di Stefano;38970;;4;164;0;1890;73;2050;overall_total;1890
25/26;2026-04-26;Dream Bowl Palace Unterföhring;tournament;Südbayerische Meisterschaft;2;Zwischenlauf;Roland Hannemann;16336;;4;214;0;2167;19;2050;overall_total;2167
25/26;2026-04-26;Dream Bowl Palace Unterföhring;tournament;Südbayerische Meisterschaft;2;Zwischenlauf;Sahin Köse;16002;;4;164;0;1955;61;2050;overall_total;1955
25/26;2026-04-26;Dream Bowl Palace Unterföhring;tournament;Südbayerische Meisterschaft;2;Zwischenlauf;Sebastian Hinterwimmer;7885;;4;242;0;2201;15;2050;overall_total;2201
25/26;2026-04-26;Dream Bowl Palace Unterföhring;tournament;Südbayerische Meisterschaft;2;Zwischenlauf;Selim Fliegner;38673;;4;159;0;2090;30;2050;overall_total;2090
25/26;2026-04-26;Dream Bowl Palace Unterföhring;tournament;Südbayerische Meisterschaft;2;Zwischenlauf;Sergio Tavares;22116;;4;168;0;1866;74;2050;overall_total;1866
25/26;2026-04-26;Dream Bowl Palace Unterföhring;tournament;Südbayerische Meisterschaft;2;Zwischenlauf;Stefan Müller;7607;;4;145;0;2132;22;2050;overall_total;2132
25/26;2026-04-26;Dream Bowl Palace Unterföhring;tournament;Südbayerische Meisterschaft;2;Zwischenlauf;Thomas Albrecht;7641;;4;191;0;2010;52;2050;overall_total;2010
25/26;2026-04-26;Dream Bowl Palace Unterföhring;tournament;Südbayerische Meisterschaft;2;Zwischenlauf;Thomas Auer;16888;;4;204;0;2191;16;2050;overall_total;2191
25/26;2026-04-26;Dream Bowl Palace Unterföhring;tournament;Südbayerische Meisterschaft;2;Zwischenlauf;Thomas Hantschel;38450;;4;195;0;1849;75;2050;overall_total;1849
25/26;2026-04-26;Dream Bowl Palace Unterföhring;tournament;Südbayerische Meisterschaft;2;Zwischenlauf;Thomas Kalkschmied;25672;;4;168;0;2025;47;2050;overall_total;2025
25/26;2026-04-26;Dream Bowl Palace Unterföhring;tournament;Südbayerische Meisterschaft;2;Zwischenlauf;Thomas Wiedemann;7028;;4;208;0;1975;57;2050;overall_total;1975
25/26;2026-04-26;Dream Bowl Palace Unterföhring;tournament;Südbayerische Meisterschaft;2;Zwischenlauf;Timo Baumann;16024;;4;200;0;2128;23;2050;overall_total;2128
25/26;2026-04-26;Dream Bowl Palace Unterföhring;tournament;Südbayerische Meisterschaft;2;Zwischenlauf;Tindaro Famà;38730;;4;265;0;2210;14;2050;overall_total;2210
25/26;2026-04-26;Dream Bowl Palace Unterföhring;tournament;Südbayerische Meisterschaft;2;Zwischenlauf;Tobias Börding;7592;;4;236;0;2311;5;2050;overall_total;2311
25/26;2026-04-26;Dream Bowl Palace Unterföhring;tournament;Südbayerische Meisterschaft;2;Zwischenlauf;Tobias Wiedemann;25695;;4;165;0;2075;37;2050;overall_total;2075
25/26;2026-04-26;Dream Bowl Palace Unterföhring;tournament;Südbayerische Meisterschaft;2;Zwischenlauf;Tom Eck;38050;;4;168;0;2126;24;2050;overall_total;2126
25/26;2026-04-26;Dream Bowl Palace Unterföhring;tournament;Südbayerische Meisterschaft;2;Zwischenlauf;Torsten Fliegner;7418;;4;166;0;2012;51;2050;overall_total;2012
25/26;2026-04-26;Dream Bowl Palace Unterföhring;tournament;Südbayerische Meisterschaft;2;Zwischenlauf;Walter Lederle;16402;;4;184;0;2085;33;2050;overall_total;2085
25/26;2026-04-26;Dream Bowl Palace Unterföhring;tournament;Südbayerische Meisterschaft;2;Zwischenlauf;Alberto Salazar;38113;;5;191;0;2155;58;2241;overall_total;2155
25/26;2026-04-26;Dream Bowl Palace Unterföhring;tournament;Südbayerische Meisterschaft;2;Zwischenlauf;Alexander Egger;38541;;5;179;0;2249;38;2241;overall_total;2249
25/26;2026-04-26;Dream Bowl Palace Unterföhring;tournament;Südbayerische Meisterschaft;2;Zwischenlauf;Alexander Koller;7879;;5;258;0;2671;1;2241;overall_total;2671
25/26;2026-04-26;Dream Bowl Palace Unterföhring;tournament;Südbayerische Meisterschaft;2;Zwischenlauf;Alexander Wiedemann;25849;;5;186;0;2320;24;2241;overall_total;2320
25/26;2026-04-26;Dream Bowl Palace Unterföhring;tournament;Südbayerische Meisterschaft;2;Zwischenlauf;Andre Michow;16965;;5;214;0;2482;6;2241;overall_total;2482
25/26;2026-04-26;Dream Bowl Palace Unterföhring;tournament;Südbayerische Meisterschaft;2;Zwischenlauf;Andreas Hölzl;38305;;5;172;0;2096;67;2241;overall_total;2096
25/26;2026-04-26;Dream Bowl Palace Unterföhring;tournament;Südbayerische Meisterschaft;2;Zwischenlauf;Andreas Schöllhorn;38568;;5;184;0;2209;45;2241;overall_total;2209
25/26;2026-04-26;Dream Bowl Palace Unterföhring;tournament;Südbayerische Meisterschaft;2;Zwischenlauf;André Knoch;25629;;5;176;0;2178;54;2241;overall_total;2178
25/26;2026-04-26;Dream Bowl Palace Unterföhring;tournament;Südbayerische Meisterschaft;2;Zwischenlauf;Anton Mutz;25005;;5;191;0;2241;40;2241;overall_total;2241
25/26;2026-04-26;Dream Bowl Palace Unterföhring;tournament;Südbayerische Meisterschaft;2;Zwischenlauf;Bernd Wiemken;25203;;5;227;0;2439;10;2241;overall_total;2439
25/26;2026-04-26;Dream Bowl Palace Unterföhring;tournament;Südbayerische Meisterschaft;2;Zwischenlauf;Brandon Alexander Lucas;38648;;5;168;0;2208;46;2241;overall_total;2208
25/26;2026-04-26;Dream Bowl Palace Unterföhring;tournament;Südbayerische Meisterschaft;2;Zwischenlauf;Bruno Gärtner;25649;;5;202;0;2043;75;2241;overall_total;2043
25/26;2026-04-26;Dream Bowl Palace Unterföhring;tournament;Südbayerische Meisterschaft;2;Zwischenlauf;Carlo Luft;38652;;5;173;0;2151;60;2241;overall_total;2151
25/26;2026-04-26;Dream Bowl Palace Unterföhring;tournament;Südbayerische Meisterschaft;2;Zwischenlauf;Christian Müller;38996;;5;183;0;2224;43;2241;overall_total;2224
25/26;2026-04-26;Dream Bowl Palace Unterföhring;tournament;Südbayerische Meisterschaft;2;Zwischenlauf;Christian Schrempf;7646;;5;200;0;2300;27;2241;overall_total;2300
25/26;2026-04-26;Dream Bowl Palace Unterföhring;tournament;Südbayerische Meisterschaft;2;Zwischenlauf;Clément Perrin;38995;;5;183;0;2441;9;2241;overall_total;2441
25/26;2026-04-26;Dream Bowl Palace Unterföhring;tournament;Südbayerische Meisterschaft;2;Zwischenlauf;Daniel Börding;7591;;5;181;0;2371;17;2241;overall_total;2371
25/26;2026-04-26;Dream Bowl Palace Unterföhring;tournament;Südbayerische Meisterschaft;2;Zwischenlauf;Daniel Hellmich;7314;;5;198;0;2422;12;2241;overall_total;2422
25/26;2026-04-26;Dream Bowl Palace Unterföhring;tournament;Südbayerische Meisterschaft;2;Zwischenlauf;Eduard Bolender;25408;;5;231;0;2171;55;2241;overall_total;2171
25/26;2026-04-26;Dream Bowl Palace Unterföhring;tournament;Südbayerische Meisterschaft;2;Zwischenlauf;Enrico Blättermann;38216;;5;192;0;2150;61;2241;overall_total;2150
25/26;2026-04-26;Dream Bowl Palace Unterföhring;tournament;Südbayerische Meisterschaft;2;Zwischenlauf;Erwin Schmidle;38480;;5;158;0;2082;69;2241;overall_total;2082
25/26;2026-04-26;Dream Bowl Palace Unterföhring;tournament;Südbayerische Meisterschaft;2;Zwischenlauf;Florian Stangl;25690;;5;212;0;2311;25;2241;overall_total;2311
25/26;2026-04-26;Dream Bowl Palace Unterföhring;tournament;Südbayerische Meisterschaft;2;Zwischenlauf;Gregor Arapow;38575;;5;154;0;2179;53;2241;overall_total;2179
25/26;2026-04-26;Dream Bowl Palace Unterföhring;tournament;Südbayerische Meisterschaft;2;Zwischenlauf;Günter Denz;16398;;5;180;0;2391;16;2241;overall_total;2391
25/26;2026-04-26;Dream Bowl Palace Unterföhring;tournament;Südbayerische Meisterschaft;2;Zwischenlauf;Harald Eggl;25229;;5;174;0;2359;19;2241;overall_total;2359
25/26;2026-04-26;Dream Bowl Palace Unterföhring;tournament;Südbayerische Meisterschaft;2;Zwischenlauf;Harald Laub;7597;;5;214;0;2294;29;2241;overall_total;2294
25/26;2026-04-26;Dream Bowl Palace Unterföhring;tournament;Südbayerische Meisterschaft;2;Zwischenlauf;Jan Musiol;25166;;5;165;0;2253;37;2241;overall_total;2253
25/26;2026-04-26;Dream Bowl Palace Unterföhring;tournament;Südbayerische Meisterschaft;2;Zwischenlauf;Joachim Geist;16807;;5;174;0;2096;66;2241;overall_total;2096
25/26;2026-04-26;Dream Bowl Palace Unterföhring;tournament;Südbayerische Meisterschaft;2;Zwischenlauf;Jochen Mücke;38842;;5;254;0;2332;22;2241;overall_total;2332
25/26;2026-04-26;Dream Bowl Palace Unterföhring;tournament;Südbayerische Meisterschaft;2;Zwischenlauf;Kilian Kral;38510;;5;183;0;2195;51;2241;overall_total;2195
25/26;2026-04-26;Dream Bowl Palace Unterföhring;tournament;Südbayerische Meisterschaft;2;Zwischenlauf;Klaus Lilge;7080;;5;181;0;2462;7;2241;overall_total;2462
25/26;2026-04-26;Dream Bowl Palace Unterföhring;tournament;Südbayerische Meisterschaft;2;Zwischenlauf;Konrad Schiller;38186;;5;167;0;2103;65;2241;overall_total;2103
25/26;2026-04-26;Dream Bowl Palace Unterföhring;tournament;Südbayerische Meisterschaft;2;Zwischenlauf;Lucas Kasenbacher;25340;;5;190;0;2234;42;2241;overall_total;2234
25/26;2026-04-26;Dream Bowl Palace Unterföhring;tournament;Südbayerische Meisterschaft;2;Zwischenlauf;Manfred Weidinger;38851;;5;164;0;2082;70;2241;overall_total;2082
25/26;2026-04-26;Dream Bowl Palace Unterföhring;tournament;Südbayerische Meisterschaft;2;Zwischenlauf;Marcel Müller;28367;;5;174;0;2285;31;2241;overall_total;2285
25/26;2026-04-26;Dream Bowl Palace Unterföhring;tournament;Südbayerische Meisterschaft;2;Zwischenlauf;Marco Probst;7602;;5;191;0;2240;41;2241;overall_total;2240
25/26;2026-04-26;Dream Bowl Palace Unterföhring;tournament;Südbayerische Meisterschaft;2;Zwischenlauf;Markus Hanauer;38314;;5;188;0;2196;50;2241;overall_total;2196
25/26;2026-04-26;Dream Bowl Palace Unterföhring;tournament;Südbayerische Meisterschaft;2;Zwischenlauf;Martin Küchler;25826;;5;183;0;2247;39;2241;overall_total;2247
25/26;2026-04-26;Dream Bowl Palace Unterföhring;tournament;Südbayerische Meisterschaft;2;Zwischenlauf;Matthias Kuchling;16583;;5;209;0;2308;26;2241;overall_total;2308
25/26;2026-04-26;Dream Bowl Palace Unterföhring;tournament;Südbayerische Meisterschaft;2;Zwischenlauf;Max Wiemken;25557;;5;212;0;2294;28;2241;overall_total;2294
25/26;2026-04-26;Dream Bowl Palace Unterföhring;tournament;Südbayerische Meisterschaft;2;Zwischenlauf;Maximilian Herrmann;38892;;5;157;0;1926;78;2241;overall_total;1926
25/26;2026-04-26;Dream Bowl Palace Unterföhring;tournament;Südbayerische Meisterschaft;2;Zwischenlauf;Michael Auer;38459;;5;122;0;2072;72;2241;overall_total;2072
25/26;2026-04-26;Dream Bowl Palace Unterföhring;tournament;Südbayerische Meisterschaft;2;Zwischenlauf;Michael Eisenmann-Seybold;7595;;5;224;0;2567;2;2241;overall_total;2567
25/26;2026-04-26;Dream Bowl Palace Unterföhring;tournament;Südbayerische Meisterschaft;2;Zwischenlauf;Michael Görn;7412;;5;204;0;2336;21;2241;overall_total;2336
25/26;2026-04-26;Dream Bowl Palace Unterföhring;tournament;Südbayerische Meisterschaft;2;Zwischenlauf;Michael Ring;7317;;5;166;0;2157;57;2241;overall_total;2157
25/26;2026-04-26;Dream Bowl Palace Unterföhring;tournament;Südbayerische Meisterschaft;2;Zwischenlauf;Moritz Wiemken;25830;;5;227;0;2561;3;2241;overall_total;2561
25/26;2026-04-26;Dream Bowl Palace Unterföhring;tournament;Südbayerische Meisterschaft;2;Zwischenlauf;Nicolas Kabel;38092;;5;199;0;2434;11;2241;overall_total;2434
25/26;2026-04-26;Dream Bowl Palace Unterföhring;tournament;Südbayerische Meisterschaft;2;Zwischenlauf;Olaf Krebs;16325;;5;193;0;2152;59;2241;overall_total;2152
25/26;2026-04-26;Dream Bowl Palace Unterföhring;tournament;Südbayerische Meisterschaft;2;Zwischenlauf;Oliver Schütze;38550;;5;182;0;2394;15;2241;overall_total;2394
25/26;2026-04-26;Dream Bowl Palace Unterföhring;tournament;Südbayerische Meisterschaft;2;Zwischenlauf;Patrick Baszler;7886;;5;235;0;2281;32;2241;overall_total;2281
25/26;2026-04-26;Dream Bowl Palace Unterföhring;tournament;Südbayerische Meisterschaft;2;Zwischenlauf;Patrick Thurner;38530;;5;166;0;2207;47;2241;overall_total;2207
25/26;2026-04-26;Dream Bowl Palace Unterföhring;tournament;Südbayerische Meisterschaft;2;Zwischenlauf;Peter Börding;7593;;5;180;0;2525;5;2241;overall_total;2525
25/26;2026-04-26;Dream Bowl Palace Unterföhring;tournament;Südbayerische Meisterschaft;2;Zwischenlauf;Peter van Lengen;25297;;5;195;0;2147;62;2241;overall_total;2147
25/26;2026-04-26;Dream Bowl Palace Unterföhring;tournament;Südbayerische Meisterschaft;2;Zwischenlauf;Raiko Elze;38912;;5;190;0;2106;64;2241;overall_total;2106
25/26;2026-04-26;Dream Bowl Palace Unterföhring;tournament;Südbayerische Meisterschaft;2;Zwischenlauf;Rainer Schöllhorn;16069;;5;189;0;2083;68;2241;overall_total;2083
25/26;2026-04-26;Dream Bowl Palace Unterföhring;tournament;Südbayerische Meisterschaft;2;Zwischenlauf;Ralf Mielke;25842;;5;169;0;2255;36;2241;overall_total;2255
25/26;2026-04-26;Dream Bowl Palace Unterföhring;tournament;Südbayerische Meisterschaft;2;Zwischenlauf;Raphael Hofmann;38963;;5;165;0;2074;71;2241;overall_total;2074
25/26;2026-04-26;Dream Bowl Palace Unterföhring;tournament;Südbayerische Meisterschaft;2;Zwischenlauf;René Erben;25953;;5;174;0;2285;30;2241;overall_total;2285
25/26;2026-04-26;Dream Bowl Palace Unterföhring;tournament;Südbayerische Meisterschaft;2;Zwischenlauf;Robert Meissl;25778;;5;193;0;1985;77;2241;overall_total;1985
25/26;2026-04-26;Dream Bowl Palace Unterföhring;tournament;Südbayerische Meisterschaft;2;Zwischenlauf;Roberto Di Stefano;38970;;5;165;0;2055;74;2241;overall_total;2055
25/26;2026-04-26;Dream Bowl Palace Unterföhring;tournament;Südbayerische Meisterschaft;2;Zwischenlauf;Roland Hannemann;16336;;5;202;0;2369;18;2241;overall_total;2369
25/26;2026-04-26;Dream Bowl Palace Unterföhring;tournament;Südbayerische Meisterschaft;2;Zwischenlauf;Sahin Köse;16002;;5;174;0;2129;63;2241;overall_total;2129
25/26;2026-04-26;Dream Bowl Palace Unterföhring;tournament;Südbayerische Meisterschaft;2;Zwischenlauf;Sebastian Hinterwimmer;7885;;5;215;0;2416;14;2241;overall_total;2416
25/26;2026-04-26;Dream Bowl Palace Unterföhring;tournament;Südbayerische Meisterschaft;2;Zwischenlauf;Selim Fliegner;38673;;5;184;0;2274;34;2241;overall_total;2274
25/26;2026-04-26;Dream Bowl Palace Unterföhring;tournament;Südbayerische Meisterschaft;2;Zwischenlauf;Sergio Tavares;22116;;5;203;0;2069;73;2241;overall_total;2069
25/26;2026-04-26;Dream Bowl Palace Unterföhring;tournament;Südbayerische Meisterschaft;2;Zwischenlauf;Stefan Müller;7607;;5;200;0;2332;23;2241;overall_total;2332
25/26;2026-04-26;Dream Bowl Palace Unterföhring;tournament;Südbayerische Meisterschaft;2;Zwischenlauf;Thomas Albrecht;7641;;5;173;0;2183;52;2241;overall_total;2183
25/26;2026-04-26;Dream Bowl Palace Unterföhring;tournament;Südbayerische Meisterschaft;2;Zwischenlauf;Thomas Auer;16888;;5;257;0;2448;8;2241;overall_total;2448
25/26;2026-04-26;Dream Bowl Palace Unterföhring;tournament;Südbayerische Meisterschaft;2;Zwischenlauf;Thomas Hantschel;38450;;5;157;0;2006;76;2241;overall_total;2006
25/26;2026-04-26;Dream Bowl Palace Unterföhring;tournament;Südbayerische Meisterschaft;2;Zwischenlauf;Thomas Kalkschmied;25672;;5;172;0;2197;49;2241;overall_total;2197
25/26;2026-04-26;Dream Bowl Palace Unterföhring;tournament;Südbayerische Meisterschaft;2;Zwischenlauf;Thomas Wiedemann;7028;;5;182;0;2157;56;2241;overall_total;2157
25/26;2026-04-26;Dream Bowl Palace Unterföhring;tournament;Südbayerische Meisterschaft;2;Zwischenlauf;Timo Baumann;16024;;5;213;0;2341;20;2241;overall_total;2341
25/26;2026-04-26;Dream Bowl Palace Unterföhring;tournament;Südbayerische Meisterschaft;2;Zwischenlauf;Tindaro Famà;38730;;5;210;0;2420;13;2241;overall_total;2420
25/26;2026-04-26;Dream Bowl Palace Unterföhring;tournament;Südbayerische Meisterschaft;2;Zwischenlauf;Tobias Börding;7592;;5;236;0;2547;4;2241;overall_total;2547
25/26;2026-04-26;Dream Bowl Palace Unterföhring;tournament;Südbayerische Meisterschaft;2;Zwischenlauf;Tobias Wiedemann;25695;;5;137;0;2212;44;2241;overall_total;2212
25/26;2026-04-26;Dream Bowl Palace Unterföhring;tournament;Südbayerische Meisterschaft;2;Zwischenlauf;Tom Eck;38050;;5;134;0;2260;35;2241;overall_total;2260
25/26;2026-04-26;Dream Bowl Palace Unterföhring;tournament;Südbayerische Meisterschaft;2;Zwischenlauf;Torsten Fliegner;7418;;5;190;0;2202;48;2241;overall_total;2202
25/26;2026-04-26;Dream Bowl Palace Unterföhring;tournament;Südbayerische Meisterschaft;2;Zwischenlauf;Walter Lederle;16402;;5;192;0;2277;33;2241;overall_total;2277
25/26;2026-04-27;Dream Bowl Palace Unterföhring;tournament;Südbayerische Meisterschaft;3;Finale;Alexander Egger;38541;;0;201;0;2450;33;2632;overall_total;2450
25/26;2026-04-27;Dream Bowl Palace Unterföhring;tournament;Südbayerische Meisterschaft;3;Finale;Alexander Koller;7879;;0;237;0;2908;1;2632;overall_total;2908
25/26;2026-04-27;Dream Bowl Palace Unterföhring;tournament;Südbayerische Meisterschaft;3;Finale;Alexander Wiedemann;25849;;0;192;0;2512;25;2632;overall_total;2512
25/26;2026-04-27;Dream Bowl Palace Unterföhring;tournament;Südbayerische Meisterschaft;3;Finale;Andre Michow;16965;;0;197;0;2679;7;2632;overall_total;2679
25/26;2026-04-27;Dream Bowl Palace Unterföhring;tournament;Südbayerische Meisterschaft;3;Finale;Anton Mutz;25005;;0;190;0;2431;35;2632;overall_total;2431
25/26;2026-04-27;Dream Bowl Palace Unterföhring;tournament;Südbayerische Meisterschaft;3;Finale;Bernd Wiemken;25203;;0;193;0;2632;12;2632;overall_total;2632
25/26;2026-04-27;Dream Bowl Palace Unterföhring;tournament;Südbayerische Meisterschaft;3;Finale;Christian Schrempf;7646;;0;154;0;2454;32;2632;overall_total;2454
25/26;2026-04-27;Dream Bowl Palace Unterföhring;tournament;Südbayerische Meisterschaft;3;Finale;Clément Perrin;38995;;0;204;0;2645;11;2632;overall_total;2645
25/26;2026-04-27;Dream Bowl Palace Unterföhring;tournament;Südbayerische Meisterschaft;3;Finale;Daniel Börding;7591;;0;219;0;2590;16;2632;overall_total;2590
25/26;2026-04-27;Dream Bowl Palace Unterföhring;tournament;Südbayerische Meisterschaft;3;Finale;Daniel Hellmich;7314;;0;233;0;2655;10;2632;overall_total;2655
25/26;2026-04-27;Dream Bowl Palace Unterföhring;tournament;Südbayerische Meisterschaft;3;Finale;Florian Stangl;25690;;0;180;0;2491;30;2632;overall_total;2491
25/26;2026-04-27;Dream Bowl Palace Unterföhring;tournament;Südbayerische Meisterschaft;3;Finale;Günter Denz;16398;;0;206;0;2597;15;2632;overall_total;2597
25/26;2026-04-27;Dream Bowl Palace Unterföhring;tournament;Südbayerische Meisterschaft;3;Finale;Harald Eggl;25229;;0;217;0;2576;19;2632;overall_total;2576
25/26;2026-04-27;Dream Bowl Palace Unterföhring;tournament;Südbayerische Meisterschaft;3;Finale;Harald Laub;7597;;0;206;0;2500;29;2632;overall_total;2500
25/26;2026-04-27;Dream Bowl Palace Unterföhring;tournament;Südbayerische Meisterschaft;3;Finale;Jan Musiol;25166;;0;161;0;2414;39;2632;overall_total;2414
25/26;2026-04-27;Dream Bowl Palace Unterföhring;tournament;Südbayerische Meisterschaft;3;Finale;Jochen Mücke;38842;;0;179;0;2511;27;2632;overall_total;2511
25/26;2026-04-27;Dream Bowl Palace Unterföhring;tournament;Südbayerische Meisterschaft;3;Finale;Klaus Lilge;7080;;0;201;0;2663;9;2632;overall_total;2663
25/26;2026-04-27;Dream Bowl Palace Unterföhring;tournament;Südbayerische Meisterschaft;3;Finale;Marcel Müller;28367;;0;222;0;2507;28;2632;overall_total;2507
25/26;2026-04-27;Dream Bowl Palace Unterföhring;tournament;Südbayerische Meisterschaft;3;Finale;Martin Küchler;25826;;0;179;0;2426;36;2632;overall_total;2426
25/26;2026-04-27;Dream Bowl Palace Unterföhring;tournament;Südbayerische Meisterschaft;3;Finale;Matthias Kuchling;16583;;0;203;0;2511;26;2632;overall_total;2511
25/26;2026-04-27;Dream Bowl Palace Unterföhring;tournament;Südbayerische Meisterschaft;3;Finale;Max Wiemken;25557;;0;247;0;2541;22;2632;overall_total;2541
25/26;2026-04-27;Dream Bowl Palace Unterföhring;tournament;Südbayerische Meisterschaft;3;Finale;Michael Eisenmann-Seybold;7595;;0;192;0;2759;3;2632;overall_total;2759
25/26;2026-04-27;Dream Bowl Palace Unterföhring;tournament;Südbayerische Meisterschaft;3;Finale;Michael Görn;7412;;0;218;0;2554;21;2632;overall_total;2554
25/26;2026-04-27;Dream Bowl Palace Unterföhring;tournament;Südbayerische Meisterschaft;3;Finale;Moritz Wiemken;25830;;0;190;0;2751;4;2632;overall_total;2751
25/26;2026-04-27;Dream Bowl Palace Unterföhring;tournament;Südbayerische Meisterschaft;3;Finale;Nicolas Kabel;38092;;0;230;0;2664;8;2632;overall_total;2664
25/26;2026-04-27;Dream Bowl Palace Unterföhring;tournament;Südbayerische Meisterschaft;3;Finale;Oliver Schütze;38550;;0;209;0;2603;13;2632;overall_total;2603
25/26;2026-04-27;Dream Bowl Palace Unterföhring;tournament;Südbayerische Meisterschaft;3;Finale;Patrick Baszler;7886;;0;237;0;2518;24;2632;overall_total;2518
25/26;2026-04-27;Dream Bowl Palace Unterföhring;tournament;Südbayerische Meisterschaft;3;Finale;Peter Börding;7593;;0;224;0;2749;5;2632;overall_total;2749
25/26;2026-04-27;Dream Bowl Palace Unterföhring;tournament;Südbayerische Meisterschaft;3;Finale;Ralf Mielke;25842;;0;166;0;2421;38;2632;overall_total;2421
25/26;2026-04-27;Dream Bowl Palace Unterföhring;tournament;Südbayerische Meisterschaft;3;Finale;René Erben;25953;;0;181;0;2466;31;2632;overall_total;2466
25/26;2026-04-27;Dream Bowl Palace Unterföhring;tournament;Südbayerische Meisterschaft;3;Finale;Roland Hannemann;16336;;0;188;0;2557;20;2632;overall_total;2557
25/26;2026-04-27;Dream Bowl Palace Unterföhring;tournament;Südbayerische Meisterschaft;3;Finale;Sebastian Hinterwimmer;7885;;0;186;0;2602;14;2632;overall_total;2602
25/26;2026-04-27;Dream Bowl Palace Unterföhring;tournament;Südbayerische Meisterschaft;3;Finale;Selim Fliegner;38673;;0;176;0;2450;34;2632;overall_total;2450
25/26;2026-04-27;Dream Bowl Palace Unterföhring;tournament;Südbayerische Meisterschaft;3;Finale;Stefan Müller;7607;;0;208;0;2540;23;2632;overall_total;2540
25/26;2026-04-27;Dream Bowl Palace Unterföhring;tournament;Südbayerische Meisterschaft;3;Finale;Thomas Auer;16888;;0;238;0;2686;6;2632;overall_total;2686
25/26;2026-04-27;Dream Bowl Palace Unterföhring;tournament;Südbayerische Meisterschaft;3;Finale;Timo Baumann;16024;;0;246;0;2587;18;2632;overall_total;2587
25/26;2026-04-27;Dream Bowl Palace Unterföhring;tournament;Südbayerische Meisterschaft;3;Finale;Tindaro Famà;38730;;0;168;0;2588;17;2632;overall_total;2588
25/26;2026-04-27;Dream Bowl Palace Unterföhring;tournament;Südbayerische Meisterschaft;3;Finale;Tobias Börding;7592;;0;222;0;2769;2;2632;overall_total;2769
25/26;2026-04-27;Dream Bowl Palace Unterföhring;tournament;Südbayerische Meisterschaft;3;Finale;Tom Eck;38050;;0;134;0;2394;40;2632;overall_total;2394
25/26;2026-04-27;Dream Bowl Palace Unterföhring;tournament;Südbayerische Meisterschaft;3;Finale;Walter Lederle;16402;;0;145;0;2422;37;2632;overall_total;2422
25/26;2026-04-27;Dream Bowl Palace Unterföhring;tournament;Südbayerische Meisterschaft;3;Finale;Alexander Egger;38541;;1;163;0;2613;36;2829;overall_total;2613
25/26;2026-04-27;Dream Bowl Palace Unterföhring;tournament;Südbayerische Meisterschaft;3;Finale;Alexander Koller;7879;;1;216;0;3124;1;2829;overall_total;3124
25/26;2026-04-27;Dream Bowl Palace Unterföhring;tournament;Südbayerische Meisterschaft;3;Finale;Alexander Wiedemann;25849;;1;175;0;2687;26;2829;overall_total;2687
25/26;2026-04-27;Dream Bowl Palace Unterföhring;tournament;Südbayerische Meisterschaft;3;Finale;Andre Michow;16965;;1;203;0;2882;8;2829;overall_total;2882
25/26;2026-04-27;Dream Bowl Palace Unterföhring;tournament;Südbayerische Meisterschaft;3;Finale;Anton Mutz;25005;;1;168;0;2599;37;2829;overall_total;2599
25/26;2026-04-27;Dream Bowl Palace Unterföhring;tournament;Südbayerische Meisterschaft;3;Finale;Bernd Wiemken;25203;;1;197;0;2829;12;2829;overall_total;2829
25/26;2026-04-27;Dream Bowl Palace Unterföhring;tournament;Südbayerische Meisterschaft;3;Finale;Christian Schrempf;7646;;1;167;0;2621;34;2829;overall_total;2621
25/26;2026-04-27;Dream Bowl Palace Unterföhring;tournament;Südbayerische Meisterschaft;3;Finale;Clément Perrin;38995;;1;204;0;2849;9;2829;overall_total;2849
25/26;2026-04-27;Dream Bowl Palace Unterföhring;tournament;Südbayerische Meisterschaft;3;Finale;Daniel Börding;7591;;1;218;0;2808;17;2829;overall_total;2808
25/26;2026-04-27;Dream Bowl Palace Unterföhring;tournament;Südbayerische Meisterschaft;3;Finale;Daniel Hellmich;7314;;1;185;0;2840;10;2829;overall_total;2840
25/26;2026-04-27;Dream Bowl Palace Unterföhring;tournament;Südbayerische Meisterschaft;3;Finale;Florian Stangl;25690;;1;197;0;2688;25;2829;overall_total;2688
25/26;2026-04-27;Dream Bowl Palace Unterföhring;tournament;Südbayerische Meisterschaft;3;Finale;Günter Denz;16398;;1;224;0;2821;13;2829;overall_total;2821
25/26;2026-04-27;Dream Bowl Palace Unterföhring;tournament;Südbayerische Meisterschaft;3;Finale;Harald Eggl;25229;;1;172;0;2748;20;2829;overall_total;2748
25/26;2026-04-27;Dream Bowl Palace Unterföhring;tournament;Südbayerische Meisterschaft;3;Finale;Harald Laub;7597;;1;164;0;2664;32;2829;overall_total;2664
25/26;2026-04-27;Dream Bowl Palace Unterföhring;tournament;Südbayerische Meisterschaft;3;Finale;Jan Musiol;25166;;1;160;0;2574;39;2829;overall_total;2574
25/26;2026-04-27;Dream Bowl Palace Unterföhring;tournament;Südbayerische Meisterschaft;3;Finale;Jochen Mücke;38842;;1;211;0;2722;22;2829;overall_total;2722
25/26;2026-04-27;Dream Bowl Palace Unterföhring;tournament;Südbayerische Meisterschaft;3;Finale;Klaus Lilge;7080;;1;257;0;2920;6;2829;overall_total;2920
25/26;2026-04-27;Dream Bowl Palace Unterföhring;tournament;Südbayerische Meisterschaft;3;Finale;Marcel Müller;28367;;1;161;0;2668;30;2829;overall_total;2668
25/26;2026-04-27;Dream Bowl Palace Unterföhring;tournament;Südbayerische Meisterschaft;3;Finale;Martin Küchler;25826;;1;165;0;2591;38;2829;overall_total;2591
25/26;2026-04-27;Dream Bowl Palace Unterföhring;tournament;Südbayerische Meisterschaft;3;Finale;Matthias Kuchling;16583;;1;258;0;2769;19;2829;overall_total;2769
25/26;2026-04-27;Dream Bowl Palace Unterföhring;tournament;Südbayerische Meisterschaft;3;Finale;Max Wiemken;25557;;1;145;0;2686;27;2829;overall_total;2686
25/26;2026-04-27;Dream Bowl Palace Unterföhring;tournament;Südbayerische Meisterschaft;3;Finale;Michael Eisenmann-Seybold;7595;;1;200;0;2959;4;2829;overall_total;2959
25/26;2026-04-27;Dream Bowl Palace Unterföhring;tournament;Südbayerische Meisterschaft;3;Finale;Michael Görn;7412;;1;164;0;2718;23;2829;overall_total;2718
25/26;2026-04-27;Dream Bowl Palace Unterföhring;tournament;Südbayerische Meisterschaft;3;Finale;Moritz Wiemken;25830;;1;252;0;3003;2;2829;overall_total;3003
25/26;2026-04-27;Dream Bowl Palace Unterföhring;tournament;Südbayerische Meisterschaft;3;Finale;Nicolas Kabel;38092;;1;171;0;2835;11;2829;overall_total;2835
25/26;2026-04-27;Dream Bowl Palace Unterföhring;tournament;Südbayerische Meisterschaft;3;Finale;Oliver Schütze;38550;;1;189;0;2792;18;2829;overall_total;2792
25/26;2026-04-27;Dream Bowl Palace Unterföhring;tournament;Südbayerische Meisterschaft;3;Finale;Patrick Baszler;7886;;1;147;0;2665;31;2829;overall_total;2665
25/26;2026-04-27;Dream Bowl Palace Unterföhring;tournament;Südbayerische Meisterschaft;3;Finale;Peter Börding;7593;;1;237;0;2986;3;2829;overall_total;2986
25/26;2026-04-27;Dream Bowl Palace Unterföhring;tournament;Südbayerische Meisterschaft;3;Finale;Ralf Mielke;25842;;1;195;0;2616;35;2829;overall_total;2616
25/26;2026-04-27;Dream Bowl Palace Unterföhring;tournament;Südbayerische Meisterschaft;3;Finale;René Erben;25953;;1;236;0;2702;24;2829;overall_total;2702
25/26;2026-04-27;Dream Bowl Palace Unterföhring;tournament;Südbayerische Meisterschaft;3;Finale;Roland Hannemann;16336;;1;177;0;2734;21;2829;overall_total;2734
25/26;2026-04-27;Dream Bowl Palace Unterföhring;tournament;Südbayerische Meisterschaft;3;Finale;Sebastian Hinterwimmer;7885;;1;208;0;2810;16;2829;overall_total;2810
25/26;2026-04-27;Dream Bowl Palace Unterföhring;tournament;Südbayerische Meisterschaft;3;Finale;Selim Fliegner;38673;;1;223;0;2673;28;2829;overall_total;2673
25/26;2026-04-27;Dream Bowl Palace Unterföhring;tournament;Südbayerische Meisterschaft;3;Finale;Stefan Müller;7607;;1;130;0;2670;29;2829;overall_total;2670
25/26;2026-04-27;Dream Bowl Palace Unterföhring;tournament;Südbayerische Meisterschaft;3;Finale;Thomas Auer;16888;;1;225;0;2911;7;2829;overall_total;2911
25/26;2026-04-27;Dream Bowl Palace Unterföhring;tournament;Südbayerische Meisterschaft;3;Finale;Timo Baumann;16024;;1;223;0;2810;14;2829;overall_total;2810
25/26;2026-04-27;Dream Bowl Palace Unterföhring;tournament;Südbayerische Meisterschaft;3;Finale;Tindaro Famà;38730;;1;222;0;2810;15;2829;overall_total;2810
25/26;2026-04-27;Dream Bowl Palace Unterföhring;tournament;Südbayerische Meisterschaft;3;Finale;Tobias Börding;7592;;1;189;0;2958;5;2829;overall_total;2958
25/26;2026-04-27;Dream Bowl Palace Unterföhring;tournament;Südbayerische Meisterschaft;3;Finale;Tom Eck;38050;;1;150;0;2544;40;2829;overall_total;2544
25/26;2026-04-27;Dream Bowl Palace Unterföhring;tournament;Südbayerische Meisterschaft;3;Finale;Walter Lederle;16402;;1;199;0;2621;33;2829;overall_total;2621
25/26;2026-04-27;Dream Bowl Palace Unterföhring;tournament;Südbayerische Meisterschaft;3;Finale;Alexander Egger;38541;;2;176;0;2789;34;3041;overall_total;2789
25/26;2026-04-27;Dream Bowl Palace Unterföhring;tournament;Südbayerische Meisterschaft;3;Finale;Alexander Koller;7879;;2;182;0;3306;1;3041;overall_total;3306
25/26;2026-04-27;Dream Bowl Palace Unterföhring;tournament;Südbayerische Meisterschaft;3;Finale;Alexander Wiedemann;25849;;2;210;0;2897;25;3041;overall_total;2897
25/26;2026-04-27;Dream Bowl Palace Unterföhring;tournament;Südbayerische Meisterschaft;3;Finale;Andre Michow;16965;;2;216;0;3098;6;3041;overall_total;3098
25/26;2026-04-27;Dream Bowl Palace Unterföhring;tournament;Südbayerische Meisterschaft;3;Finale;Anton Mutz;25005;;2;163;0;2762;38;3041;overall_total;2762
25/26;2026-04-27;Dream Bowl Palace Unterföhring;tournament;Südbayerische Meisterschaft;3;Finale;Bernd Wiemken;25203;;2;256;0;3085;8;3041;overall_total;3085
25/26;2026-04-27;Dream Bowl Palace Unterföhring;tournament;Südbayerische Meisterschaft;3;Finale;Christian Schrempf;7646;;2;160;0;2781;36;3041;overall_total;2781
25/26;2026-04-27;Dream Bowl Palace Unterföhring;tournament;Südbayerische Meisterschaft;3;Finale;Clément Perrin;38995;;2;165;0;3014;13;3041;overall_total;3014
25/26;2026-04-27;Dream Bowl Palace Unterföhring;tournament;Südbayerische Meisterschaft;3;Finale;Daniel Börding;7591;;2;233;0;3041;12;3041;overall_total;3041
25/26;2026-04-27;Dream Bowl Palace Unterföhring;tournament;Südbayerische Meisterschaft;3;Finale;Daniel Hellmich;7314;;2;227;0;3067;10;3041;overall_total;3067
25/26;2026-04-27;Dream Bowl Palace Unterföhring;tournament;Südbayerische Meisterschaft;3;Finale;Florian Stangl;25690;;2;212;0;2900;24;3041;overall_total;2900
25/26;2026-04-27;Dream Bowl Palace Unterföhring;tournament;Südbayerische Meisterschaft;3;Finale;Günter Denz;16398;;2;182;0;3003;15;3041;overall_total;3003
25/26;2026-04-27;Dream Bowl Palace Unterföhring;tournament;Südbayerische Meisterschaft;3;Finale;Harald Eggl;25229;;2;182;0;2930;22;3041;overall_total;2930
25/26;2026-04-27;Dream Bowl Palace Unterföhring;tournament;Südbayerische Meisterschaft;3;Finale;Harald Laub;7597;;2;161;0;2825;31;3041;overall_total;2825
25/26;2026-04-27;Dream Bowl Palace Unterföhring;tournament;Südbayerische Meisterschaft;3;Finale;Jan Musiol;25166;;2;205;0;2779;37;3041;overall_total;2779
25/26;2026-04-27;Dream Bowl Palace Unterföhring;tournament;Südbayerische Meisterschaft;3;Finale;Jochen Mücke;38842;;2;183;0;2905;23;3041;overall_total;2905
25/26;2026-04-27;Dream Bowl Palace Unterföhring;tournament;Südbayerische Meisterschaft;3;Finale;Klaus Lilge;7080;;2;169;0;3089;7;3041;overall_total;3089
25/26;2026-04-27;Dream Bowl Palace Unterföhring;tournament;Südbayerische Meisterschaft;3;Finale;Marcel Müller;28367;;2;211;0;2879;27;3041;overall_total;2879
25/26;2026-04-27;Dream Bowl Palace Unterföhring;tournament;Südbayerische Meisterschaft;3;Finale;Martin Küchler;25826;;2;158;0;2749;39;3041;overall_total;2749
25/26;2026-04-27;Dream Bowl Palace Unterföhring;tournament;Südbayerische Meisterschaft;3;Finale;Matthias Kuchling;16583;;2;201;0;2970;18;3041;overall_total;2970
25/26;2026-04-27;Dream Bowl Palace Unterföhring;tournament;Südbayerische Meisterschaft;3;Finale;Max Wiemken;25557;;2;256;0;2942;20;3041;overall_total;2942
25/26;2026-04-27;Dream Bowl Palace Unterföhring;tournament;Südbayerische Meisterschaft;3;Finale;Michael Eisenmann-Seybold;7595;;2;257;0;3216;3;3041;overall_total;3216
25/26;2026-04-27;Dream Bowl Palace Unterföhring;tournament;Südbayerische Meisterschaft;3;Finale;Michael Görn;7412;;2;220;0;2938;21;3041;overall_total;2938
25/26;2026-04-27;Dream Bowl Palace Unterföhring;tournament;Südbayerische Meisterschaft;3;Finale;Moritz Wiemken;25830;;2;172;0;3175;4;3041;overall_total;3175
25/26;2026-04-27;Dream Bowl Palace Unterföhring;tournament;Südbayerische Meisterschaft;3;Finale;Nicolas Kabel;38092;;2;223;0;3058;11;3041;overall_total;3058
25/26;2026-04-27;Dream Bowl Palace Unterföhring;tournament;Südbayerische Meisterschaft;3;Finale;Oliver Schütze;38550;;2;172;0;2964;19;3041;overall_total;2964
25/26;2026-04-27;Dream Bowl Palace Unterföhring;tournament;Südbayerische Meisterschaft;3;Finale;Patrick Baszler;7886;;2;176;0;2841;29;3041;overall_total;2841
25/26;2026-04-27;Dream Bowl Palace Unterföhring;tournament;Südbayerische Meisterschaft;3;Finale;Peter Börding;7593;;2;234;0;3220;2;3041;overall_total;3220
25/26;2026-04-27;Dream Bowl Palace Unterföhring;tournament;Südbayerische Meisterschaft;3;Finale;Ralf Mielke;25842;;2;204;0;2820;32;3041;overall_total;2820
25/26;2026-04-27;Dream Bowl Palace Unterföhring;tournament;Südbayerische Meisterschaft;3;Finale;René Erben;25953;;2;170;0;2872;28;3041;overall_total;2872
25/26;2026-04-27;Dream Bowl Palace Unterföhring;tournament;Südbayerische Meisterschaft;3;Finale;Roland Hannemann;16336;;2;148;0;2882;26;3041;overall_total;2882
25/26;2026-04-27;Dream Bowl Palace Unterföhring;tournament;Südbayerische Meisterschaft;3;Finale;Sebastian Hinterwimmer;7885;;2;200;0;3010;14;3041;overall_total;3010
25/26;2026-04-27;Dream Bowl Palace Unterföhring;tournament;Südbayerische Meisterschaft;3;Finale;Selim Fliegner;38673;;2;159;0;2832;30;3041;overall_total;2832
25/26;2026-04-27;Dream Bowl Palace Unterföhring;tournament;Südbayerische Meisterschaft;3;Finale;Stefan Müller;7607;;2;150;0;2820;33;3041;overall_total;2820
25/26;2026-04-27;Dream Bowl Palace Unterföhring;tournament;Südbayerische Meisterschaft;3;Finale;Thomas Auer;16888;;2;156;0;3067;9;3041;overall_total;3067
25/26;2026-04-27;Dream Bowl Palace Unterföhring;tournament;Südbayerische Meisterschaft;3;Finale;Timo Baumann;16024;;2;182;0;2992;17;3041;overall_total;2992
25/26;2026-04-27;Dream Bowl Palace Unterföhring;tournament;Südbayerische Meisterschaft;3;Finale;Tindaro Famà;38730;;2;191;0;3001;16;3041;overall_total;3001
25/26;2026-04-27;Dream Bowl Palace Unterföhring;tournament;Südbayerische Meisterschaft;3;Finale;Tobias Börding;7592;;2;209;0;3167;5;3041;overall_total;3167
25/26;2026-04-27;Dream Bowl Palace Unterföhring;tournament;Südbayerische Meisterschaft;3;Finale;Walter Lederle;16402;;2;161;0;2782;35;3041;overall_total;2782
25/26;2026-04-27;Dream Bowl Palace Unterföhring;tournament;Südbayerische Meisterschaft;3;Finale;Alexander Egger;38541;;3;204;0;2993;34;3255;overall_total;2993
25/26;2026-04-27;Dream Bowl Palace Unterföhring;tournament;Südbayerische Meisterschaft;3;Finale;Alexander Koller;7879;;3;246;0;3552;1;3255;overall_total;3552
25/26;2026-04-27;Dream Bowl Palace Unterföhring;tournament;Südbayerische Meisterschaft;3;Finale;Alexander Wiedemann;25849;;3;179;0;3076;24;3255;overall_total;3076
25/26;2026-04-27;Dream Bowl Palace Unterföhring;tournament;Südbayerische Meisterschaft;3;Finale;Andre Michow;16965;;3;226;0;3324;6;3255;overall_total;3324
25/26;2026-04-27;Dream Bowl Palace Unterföhring;tournament;Südbayerische Meisterschaft;3;Finale;Anton Mutz;25005;;3;170;0;2932;38;3255;overall_total;2932
25/26;2026-04-27;Dream Bowl Palace Unterföhring;tournament;Südbayerische Meisterschaft;3;Finale;Bernd Wiemken;25203;;3;201;0;3286;7;3255;overall_total;3286
25/26;2026-04-27;Dream Bowl Palace Unterföhring;tournament;Südbayerische Meisterschaft;3;Finale;Christian Schrempf;7646;;3;186;0;2967;37;3255;overall_total;2967
25/26;2026-04-27;Dream Bowl Palace Unterföhring;tournament;Südbayerische Meisterschaft;3;Finale;Clément Perrin;38995;;3;205;0;3219;14;3255;overall_total;3219
25/26;2026-04-27;Dream Bowl Palace Unterföhring;tournament;Südbayerische Meisterschaft;3;Finale;Daniel Börding;7591;;3;214;0;3255;13;3255;overall_total;3255
25/26;2026-04-27;Dream Bowl Palace Unterföhring;tournament;Südbayerische Meisterschaft;3;Finale;Daniel Hellmich;7314;;3;203;0;3270;10;3255;overall_total;3270
25/26;2026-04-27;Dream Bowl Palace Unterföhring;tournament;Südbayerische Meisterschaft;3;Finale;Florian Stangl;25690;;3;138;0;3038;28;3255;overall_total;3038
25/26;2026-04-27;Dream Bowl Palace Unterföhring;tournament;Südbayerische Meisterschaft;3;Finale;Günter Denz;16398;;3;215;0;3218;15;3255;overall_total;3218
25/26;2026-04-27;Dream Bowl Palace Unterföhring;tournament;Südbayerische Meisterschaft;3;Finale;Harald Eggl;25229;;3;168;0;3098;23;3255;overall_total;3098
25/26;2026-04-27;Dream Bowl Palace Unterföhring;tournament;Südbayerische Meisterschaft;3;Finale;Harald Laub;7597;;3;223;0;3048;26;3255;overall_total;3048
25/26;2026-04-27;Dream Bowl Palace Unterföhring;tournament;Südbayerische Meisterschaft;3;Finale;Jan Musiol;25166;;3;191;0;2970;36;3255;overall_total;2970
25/26;2026-04-27;Dream Bowl Palace Unterföhring;tournament;Südbayerische Meisterschaft;3;Finale;Jochen Mücke;38842;;3;196;0;3101;22;3255;overall_total;3101
25/26;2026-04-27;Dream Bowl Palace Unterföhring;tournament;Südbayerische Meisterschaft;3;Finale;Klaus Lilge;7080;;3;182;0;3271;9;3255;overall_total;3271
25/26;2026-04-27;Dream Bowl Palace Unterföhring;tournament;Südbayerische Meisterschaft;3;Finale;Marcel Müller;28367;;3;166;0;3045;27;3255;overall_total;3045
25/26;2026-04-27;Dream Bowl Palace Unterföhring;tournament;Südbayerische Meisterschaft;3;Finale;Martin Küchler;25826;;3;147;0;2896;39;3255;overall_total;2896
25/26;2026-04-27;Dream Bowl Palace Unterföhring;tournament;Südbayerische Meisterschaft;3;Finale;Matthias Kuchling;16583;;3;175;0;3145;19;3255;overall_total;3145
25/26;2026-04-27;Dream Bowl Palace Unterföhring;tournament;Südbayerische Meisterschaft;3;Finale;Max Wiemken;25557;;3;182;0;3124;20;3255;overall_total;3124
25/26;2026-04-27;Dream Bowl Palace Unterföhring;tournament;Südbayerische Meisterschaft;3;Finale;Michael Eisenmann-Seybold;7595;;3;196;0;3412;3;3255;overall_total;3412
25/26;2026-04-27;Dream Bowl Palace Unterföhring;tournament;Südbayerische Meisterschaft;3;Finale;Michael Görn;7412;;3;179;0;3117;21;3255;overall_total;3117
25/26;2026-04-27;Dream Bowl Palace Unterföhring;tournament;Südbayerische Meisterschaft;3;Finale;Moritz Wiemken;25830;;3;207;0;3382;5;3255;overall_total;3382
25/26;2026-04-27;Dream Bowl Palace Unterföhring;tournament;Südbayerische Meisterschaft;3;Finale;Nicolas Kabel;38092;;3;197;0;3255;12;3255;overall_total;3255
25/26;2026-04-27;Dream Bowl Palace Unterföhring;tournament;Südbayerische Meisterschaft;3;Finale;Oliver Schütze;38550;;3;223;0;3187;17;3255;overall_total;3187
25/26;2026-04-27;Dream Bowl Palace Unterföhring;tournament;Südbayerische Meisterschaft;3;Finale;Patrick Baszler;7886;;3;171;0;3012;32;3255;overall_total;3012
25/26;2026-04-27;Dream Bowl Palace Unterföhring;tournament;Südbayerische Meisterschaft;3;Finale;Peter Börding;7593;;3;194;0;3414;2;3255;overall_total;3414
25/26;2026-04-27;Dream Bowl Palace Unterföhring;tournament;Südbayerische Meisterschaft;3;Finale;Ralf Mielke;25842;;3;217;0;3037;29;3255;overall_total;3037
25/26;2026-04-27;Dream Bowl Palace Unterföhring;tournament;Südbayerische Meisterschaft;3;Finale;René Erben;25953;;3;188;0;3060;25;3255;overall_total;3060
25/26;2026-04-27;Dream Bowl Palace Unterföhring;tournament;Südbayerische Meisterschaft;3;Finale;Roland Hannemann;16336;;3;135;0;3017;31;3255;overall_total;3017
25/26;2026-04-27;Dream Bowl Palace Unterföhring;tournament;Südbayerische Meisterschaft;3;Finale;Sebastian Hinterwimmer;7885;;3;266;0;3276;8;3255;overall_total;3276
25/26;2026-04-27;Dream Bowl Palace Unterföhring;tournament;Südbayerische Meisterschaft;3;Finale;Selim Fliegner;38673;;3;188;0;3020;30;3255;overall_total;3020
25/26;2026-04-27;Dream Bowl Palace Unterföhring;tournament;Südbayerische Meisterschaft;3;Finale;Stefan Müller;7607;;3;162;0;2982;35;3255;overall_total;2982
25/26;2026-04-27;Dream Bowl Palace Unterföhring;tournament;Südbayerische Meisterschaft;3;Finale;Thomas Auer;16888;;3;195;0;3262;11;3255;overall_total;3262
25/26;2026-04-27;Dream Bowl Palace Unterföhring;tournament;Südbayerische Meisterschaft;3;Finale;Timo Baumann;16024;;3;158;0;3150;18;3255;overall_total;3150
25/26;2026-04-27;Dream Bowl Palace Unterföhring;tournament;Südbayerische Meisterschaft;3;Finale;Tindaro Famà;38730;;3;209;0;3210;16;3255;overall_total;3210
25/26;2026-04-27;Dream Bowl Palace Unterföhring;tournament;Südbayerische Meisterschaft;3;Finale;Tobias Börding;7592;;3;233;0;3400;4;3255;overall_total;3400
25/26;2026-04-27;Dream Bowl Palace Unterföhring;tournament;Südbayerische Meisterschaft;3;Finale;Walter Lederle;16402;;3;214;0;2996;33;3255;overall_total;2996
25/26;2026-04-27;Dream Bowl Palace Unterföhring;tournament;Südbayerische Meisterschaft;3;Finale;Alexander Egger;38541;;4;157;0;3150;36;3446;overall_total;3150
25/26;2026-04-27;Dream Bowl Palace Unterföhring;tournament;Südbayerische Meisterschaft;3;Finale;Alexander Koller;7879;;4;236;0;3788;1;3446;overall_total;3788
25/26;2026-04-27;Dream Bowl Palace Unterföhring;tournament;Südbayerische Meisterschaft;3;Finale;Alexander Wiedemann;25849;;4;209;0;3285;20;3446;overall_total;3285
25/26;2026-04-27;Dream Bowl Palace Unterföhring;tournament;Südbayerische Meisterschaft;3;Finale;Andre Michow;16965;;4;188;0;3512;6;3446;overall_total;3512
25/26;2026-04-27;Dream Bowl Palace Unterföhring;tournament;Südbayerische Meisterschaft;3;Finale;Anton Mutz;25005;;4;146;0;3078;39;3446;overall_total;3078
25/26;2026-04-27;Dream Bowl Palace Unterföhring;tournament;Südbayerische Meisterschaft;3;Finale;Bernd Wiemken;25203;;4;172;0;3458;9;3446;overall_total;3458
25/26;2026-04-27;Dream Bowl Palace Unterföhring;tournament;Südbayerische Meisterschaft;3;Finale;Christian Schrempf;7646;;4;175;0;3142;37;3446;overall_total;3142
25/26;2026-04-27;Dream Bowl Palace Unterföhring;tournament;Südbayerische Meisterschaft;3;Finale;Clément Perrin;38995;;4;195;0;3414;17;3446;overall_total;3414
25/26;2026-04-27;Dream Bowl Palace Unterföhring;tournament;Südbayerische Meisterschaft;3;Finale;Daniel Börding;7591;;4;191;0;3446;12;3446;overall_total;3446
25/26;2026-04-27;Dream Bowl Palace Unterföhring;tournament;Südbayerische Meisterschaft;3;Finale;Daniel Hellmich;7314;;4;169;0;3439;14;3446;overall_total;3439
25/26;2026-04-27;Dream Bowl Palace Unterföhring;tournament;Südbayerische Meisterschaft;3;Finale;Florian Stangl;25690;;4;185;0;3223;31;3446;overall_total;3223
25/26;2026-04-27;Dream Bowl Palace Unterföhring;tournament;Südbayerische Meisterschaft;3;Finale;Günter Denz;16398;;4;215;0;3433;15;3446;overall_total;3433
25/26;2026-04-27;Dream Bowl Palace Unterföhring;tournament;Südbayerische Meisterschaft;3;Finale;Harald Eggl;25229;;4;146;0;3244;26;3446;overall_total;3244
25/26;2026-04-27;Dream Bowl Palace Unterföhring;tournament;Südbayerische Meisterschaft;3;Finale;Harald Laub;7597;;4;187;0;3235;27;3446;overall_total;3235
25/26;2026-04-27;Dream Bowl Palace Unterföhring;tournament;Südbayerische Meisterschaft;3;Finale;Jan Musiol;25166;;4;202;0;3172;33;3446;overall_total;3172
25/26;2026-04-27;Dream Bowl Palace Unterföhring;tournament;Südbayerische Meisterschaft;3;Finale;Jochen Mücke;38842;;4;145;0;3246;25;3446;overall_total;3246
25/26;2026-04-27;Dream Bowl Palace Unterföhring;tournament;Südbayerische Meisterschaft;3;Finale;Klaus Lilge;7080;;4;187;0;3458;10;3446;overall_total;3458
25/26;2026-04-27;Dream Bowl Palace Unterföhring;tournament;Südbayerische Meisterschaft;3;Finale;Marcel Müller;28367;;4;227;0;3272;23;3446;overall_total;3272
25/26;2026-04-27;Dream Bowl Palace Unterföhring;tournament;Südbayerische Meisterschaft;3;Finale;Martin Küchler;25826;;4;200;0;3096;38;3446;overall_total;3096
25/26;2026-04-27;Dream Bowl Palace Unterföhring;tournament;Südbayerische Meisterschaft;3;Finale;Matthias Kuchling;16583;;4;159;0;3304;19;3446;overall_total;3304
25/26;2026-04-27;Dream Bowl Palace Unterföhring;tournament;Südbayerische Meisterschaft;3;Finale;Max Wiemken;25557;;4;156;0;3280;21;3446;overall_total;3280
25/26;2026-04-27;Dream Bowl Palace Unterföhring;tournament;Südbayerische Meisterschaft;3;Finale;Michael Eisenmann-Seybold;7595;;4;185;0;3597;4;3446;overall_total;3597
25/26;2026-04-27;Dream Bowl Palace Unterföhring;tournament;Südbayerische Meisterschaft;3;Finale;Michael Görn;7412;;4;159;0;3276;22;3446;overall_total;3276
25/26;2026-04-27;Dream Bowl Palace Unterföhring;tournament;Südbayerische Meisterschaft;3;Finale;Moritz Wiemken;25830;;4;171;0;3553;5;3446;overall_total;3553
25/26;2026-04-27;Dream Bowl Palace Unterföhring;tournament;Südbayerische Meisterschaft;3;Finale;Nicolas Kabel;38092;;4;192;0;3447;11;3446;overall_total;3447
25/26;2026-04-27;Dream Bowl Palace Unterföhring;tournament;Südbayerische Meisterschaft;3;Finale;Oliver Schütze;38550;;4;297;0;3484;8;3446;overall_total;3484
25/26;2026-04-27;Dream Bowl Palace Unterföhring;tournament;Südbayerische Meisterschaft;3;Finale;Patrick Baszler;7886;;4;223;0;3235;28;3446;overall_total;3235
25/26;2026-04-27;Dream Bowl Palace Unterföhring;tournament;Südbayerische Meisterschaft;3;Finale;Peter Börding;7593;;4;218;0;3632;3;3446;overall_total;3632
25/26;2026-04-27;Dream Bowl Palace Unterföhring;tournament;Südbayerische Meisterschaft;3;Finale;Ralf Mielke;25842;;4;180;0;3217;32;3446;overall_total;3217
25/26;2026-04-27;Dream Bowl Palace Unterföhring;tournament;Südbayerische Meisterschaft;3;Finale;René Erben;25953;;4;204;0;3264;24;3446;overall_total;3264
25/26;2026-04-27;Dream Bowl Palace Unterföhring;tournament;Südbayerische Meisterschaft;3;Finale;Roland Hannemann;16336;;4;206;0;3223;30;3446;overall_total;3223
25/26;2026-04-27;Dream Bowl Palace Unterföhring;tournament;Südbayerische Meisterschaft;3;Finale;Sebastian Hinterwimmer;7885;;4;170;0;3446;13;3446;overall_total;3446
25/26;2026-04-27;Dream Bowl Palace Unterföhring;tournament;Südbayerische Meisterschaft;3;Finale;Selim Fliegner;38673;;4;208;0;3228;29;3446;overall_total;3228
25/26;2026-04-27;Dream Bowl Palace Unterföhring;tournament;Südbayerische Meisterschaft;3;Finale;Stefan Müller;7607;;4;169;0;3151;35;3446;overall_total;3151
25/26;2026-04-27;Dream Bowl Palace Unterföhring;tournament;Südbayerische Meisterschaft;3;Finale;Thomas Auer;16888;;4;247;0;3509;7;3446;overall_total;3509
25/26;2026-04-27;Dream Bowl Palace Unterföhring;tournament;Südbayerische Meisterschaft;3;Finale;Timo Baumann;16024;;4;193;0;3343;18;3446;overall_total;3343
25/26;2026-04-27;Dream Bowl Palace Unterföhring;tournament;Südbayerische Meisterschaft;3;Finale;Tindaro Famà;38730;;4;205;0;3415;16;3446;overall_total;3415
25/26;2026-04-27;Dream Bowl Palace Unterföhring;tournament;Südbayerische Meisterschaft;3;Finale;Tobias Börding;7592;;4;255;0;3655;2;3446;overall_total;3655
25/26;2026-04-27;Dream Bowl Palace Unterföhring;tournament;Südbayerische Meisterschaft;3;Finale;Walter Lederle;16402;;4;173;0;3169;34;3446;overall_total;3169
25/26;2026-04-27;Dream Bowl Palace Unterföhring;tournament;Südbayerische Meisterschaft;3;Finale;Alexander Egger;38541;;5;208;0;3358;34;3634;overall_total;3358
25/26;2026-04-27;Dream Bowl Palace Unterföhring;tournament;Südbayerische Meisterschaft;3;Finale;Alexander Koller;7879;;5;298;0;4086;1;3634;overall_total;4086
25/26;2026-04-27;Dream Bowl Palace Unterföhring;tournament;Südbayerische Meisterschaft;3;Finale;Alexander Wiedemann;25849;;5;221;0;3506;20;3634;overall_total;3506
25/26;2026-04-27;Dream Bowl Palace Unterföhring;tournament;Südbayerische Meisterschaft;3;Finale;Andre Michow;16965;;5;154;0;3666;8;3634;overall_total;3666
25/26;2026-04-27;Dream Bowl Palace Unterföhring;tournament;Südbayerische Meisterschaft;3;Finale;Anton Mutz;25005;;5;149;0;3227;39;3634;overall_total;3227
25/26;2026-04-27;Dream Bowl Palace Unterföhring;tournament;Südbayerische Meisterschaft;3;Finale;Bernd Wiemken;25203;;5;182;0;3640;10;3634;overall_total;3640
25/26;2026-04-27;Dream Bowl Palace Unterföhring;tournament;Südbayerische Meisterschaft;3;Finale;Christian Schrempf;7646;;5;157;0;3299;37;3634;overall_total;3299
25/26;2026-04-27;Dream Bowl Palace Unterföhring;tournament;Südbayerische Meisterschaft;3;Finale;Clément Perrin;38995;;5;170;0;3584;17;3634;overall_total;3584
25/26;2026-04-27;Dream Bowl Palace Unterföhring;tournament;Südbayerische Meisterschaft;3;Finale;Daniel Börding;7591;;5;181;0;3627;14;3634;overall_total;3627
25/26;2026-04-27;Dream Bowl Palace Unterföhring;tournament;Südbayerische Meisterschaft;3;Finale;Daniel Hellmich;7314;;5;267;0;3706;6;3634;overall_total;3706
25/26;2026-04-27;Dream Bowl Palace Unterföhring;tournament;Südbayerische Meisterschaft;3;Finale;Florian Stangl;25690;;5;184;0;3407;30;3634;overall_total;3407
25/26;2026-04-27;Dream Bowl Palace Unterföhring;tournament;Südbayerische Meisterschaft;3;Finale;Günter Denz;16398;;5;193;0;3626;15;3634;overall_total;3626
25/26;2026-04-27;Dream Bowl Palace Unterföhring;tournament;Südbayerische Meisterschaft;3;Finale;Harald Eggl;25229;;5;200;0;3444;25;3634;overall_total;3444
25/26;2026-04-27;Dream Bowl Palace Unterföhring;tournament;Südbayerische Meisterschaft;3;Finale;Harald Laub;7597;;5;203;0;3438;26;3634;overall_total;3438
25/26;2026-04-27;Dream Bowl Palace Unterföhring;tournament;Südbayerische Meisterschaft;3;Finale;Jan Musiol;25166;;5;247;0;3419;29;3634;overall_total;3419
25/26;2026-04-27;Dream Bowl Palace Unterföhring;tournament;Südbayerische Meisterschaft;3;Finale;Jochen Mücke;38842;;5;179;0;3425;28;3634;overall_total;3425
25/26;2026-04-27;Dream Bowl Palace Unterföhring;tournament;Südbayerische Meisterschaft;3;Finale;Klaus Lilge;7080;;5;176;0;3634;12;3634;overall_total;3634
25/26;2026-04-27;Dream Bowl Palace Unterföhring;tournament;Südbayerische Meisterschaft;3;Finale;Marcel Müller;28367;;5;267;0;3539;18;3634;overall_total;3539
25/26;2026-04-27;Dream Bowl Palace Unterföhring;tournament;Südbayerische Meisterschaft;3;Finale;Martin Küchler;25826;;5;153;0;3249;38;3634;overall_total;3249
25/26;2026-04-27;Dream Bowl Palace Unterföhring;tournament;Südbayerische Meisterschaft;3;Finale;Matthias Kuchling;16583;;5;194;0;3498;21;3634;overall_total;3498
25/26;2026-04-27;Dream Bowl Palace Unterföhring;tournament;Südbayerische Meisterschaft;3;Finale;Max Wiemken;25557;;5;168;0;3448;24;3634;overall_total;3448
25/26;2026-04-27;Dream Bowl Palace Unterföhring;tournament;Südbayerische Meisterschaft;3;Finale;Michael Eisenmann-Seybold;7595;;5;242;0;3839;3;3634;overall_total;3839
25/26;2026-04-27;Dream Bowl Palace Unterföhring;tournament;Südbayerische Meisterschaft;3;Finale;Michael Görn;7412;;5;195;0;3471;22;3634;overall_total;3471
25/26;2026-04-27;Dream Bowl Palace Unterföhring;tournament;Südbayerische Meisterschaft;3;Finale;Moritz Wiemken;25830;;5;209;0;3762;5;3634;overall_total;3762
25/26;2026-04-27;Dream Bowl Palace Unterföhring;tournament;Südbayerische Meisterschaft;3;Finale;Nicolas Kabel;38092;;5;191;0;3638;11;3634;overall_total;3638
25/26;2026-04-27;Dream Bowl Palace Unterföhring;tournament;Südbayerische Meisterschaft;3;Finale;Oliver Schütze;38550;;5;172;0;3656;9;3634;overall_total;3656
25/26;2026-04-27;Dream Bowl Palace Unterföhring;tournament;Südbayerische Meisterschaft;3;Finale;Patrick Baszler;7886;;5;169;0;3404;31;3634;overall_total;3404
25/26;2026-04-27;Dream Bowl Palace Unterföhring;tournament;Südbayerische Meisterschaft;3;Finale;Peter Börding;7593;;5;203;0;3835;4;3634;overall_total;3835
25/26;2026-04-27;Dream Bowl Palace Unterföhring;tournament;Südbayerische Meisterschaft;3;Finale;Ralf Mielke;25842;;5;165;0;3382;33;3634;overall_total;3382
25/26;2026-04-27;Dream Bowl Palace Unterföhring;tournament;Südbayerische Meisterschaft;3;Finale;René Erben;25953;;5;189;0;3453;23;3634;overall_total;3453
25/26;2026-04-27;Dream Bowl Palace Unterföhring;tournament;Südbayerische Meisterschaft;3;Finale;Roland Hannemann;16336;;5;170;0;3393;32;3634;overall_total;3393
25/26;2026-04-27;Dream Bowl Palace Unterföhring;tournament;Südbayerische Meisterschaft;3;Finale;Sebastian Hinterwimmer;7885;;5;188;0;3634;13;3634;overall_total;3634
25/26;2026-04-27;Dream Bowl Palace Unterföhring;tournament;Südbayerische Meisterschaft;3;Finale;Selim Fliegner;38673;;5;201;0;3429;27;3634;overall_total;3429
25/26;2026-04-27;Dream Bowl Palace Unterföhring;tournament;Südbayerische Meisterschaft;3;Finale;Stefan Müller;7607;;5;154;0;3305;36;3634;overall_total;3305
25/26;2026-04-27;Dream Bowl Palace Unterföhring;tournament;Südbayerische Meisterschaft;3;Finale;Thomas Auer;16888;;5;180;0;3689;7;3634;overall_total;3689
25/26;2026-04-27;Dream Bowl Palace Unterföhring;tournament;Südbayerische Meisterschaft;3;Finale;Timo Baumann;16024;;5;176;0;3519;19;3634;overall_total;3519
25/26;2026-04-27;Dream Bowl Palace Unterföhring;tournament;Südbayerische Meisterschaft;3;Finale;Tindaro Famà;38730;;5;180;0;3595;16;3634;overall_total;3595
25/26;2026-04-27;Dream Bowl Palace Unterföhring;tournament;Südbayerische Meisterschaft;3;Finale;Tobias Börding;7592;;5;216;0;3871;2;3634;overall_total;3871
25/26;2026-04-27;Dream Bowl Palace Unterföhring;tournament;Südbayerische Meisterschaft;3;Finale;Walter Lederle;16402;;5;178;0;3347;35;3634;overall_total;3347
