Season;Date;Location;Event Type;Event Name;Round Number;Round Name;Player;Player ID;Club;Game Number;Score;Handicap;Cumulative Score;Stage Rank;Cut Line;Overall Cumulative Score
2026;2026-04-25;Dream Bowl Palace Unterföhring;tournament;Südbayerische Meisterschaft;1;Vorlauf;Alberto Salazar;38113;;0;171;0;171;74;169;171
2026;2026-04-25;Dream Bowl Palace Unterföhring;tournament;Südbayerische Meisterschaft;1;Vorlauf;Alexander Egger;38541;;0;191;0;191;48;169;191
2026;2026-04-25;Dream Bowl Palace Unterföhring;tournament;Südbayerische Meisterschaft;1;Vorlauf;Alexander Koller;7879;;0;190;0;190;52;169;190
2026;2026-04-25;Dream Bowl Palace Unterföhring;tournament;Südbayerische Meisterschaft;1;Vorlauf;Alexander Wiedemann;25849;;0;195;0;195;42;169;195
2026;2026-04-25;Dream Bowl Palace Unterföhring;tournament;Südbayerische Meisterschaft;1;Vorlauf;Alfred Zimmermann;7573;;0;163;0;163;93;169;163
2026;2026-04-25;Dream Bowl Palace Unterföhring;tournament;Südbayerische Meisterschaft;1;Vorlauf;Andre Michow;16965;;0;195;0;195;41;169;195
2026;2026-04-25;Dream Bowl Palace Unterföhring;tournament;Südbayerische Meisterschaft;1;Vorlauf;Andreas Feuerlein;16270;;0;227;0;227;8;169;227
2026;2026-04-25;Dream Bowl Palace Unterföhring;tournament;Südbayerische Meisterschaft;1;Vorlauf;Andreas Heß;7030;;0;181;0;181;57;169;181
2026;2026-04-25;Dream Bowl Palace Unterföhring;tournament;Südbayerische Meisterschaft;1;Vorlauf;Andreas Hölzl;38305;;0;169;0;169;79;169;169
2026;2026-04-25;Dream Bowl Palace Unterföhring;tournament;Südbayerische Meisterschaft;1;Vorlauf;Andreas Schöllhorn;38568;;0;215;0;215;21;169;215
2026;2026-04-25;Dream Bowl Palace Unterföhring;tournament;Südbayerische Meisterschaft;1;Vorlauf;André Knoch;25629;;0;202;0;202;31;169;202
2026;2026-04-25;Dream Bowl Palace Unterföhring;tournament;Südbayerische Meisterschaft;1;Vorlauf;Anton Mutz;25005;;0;183;0;183;56;169;183
2026;2026-04-25;Dream Bowl Palace Unterföhring;tournament;Südbayerische Meisterschaft;1;Vorlauf;Bernd Wiemken;25203;;0;172;0;172;71;169;172
2026;2026-04-25;Dream Bowl Palace Unterföhring;tournament;Südbayerische Meisterschaft;1;Vorlauf;Brandon Alexander Lucas;38648;;0;201;0;201;33;169;201
2026;2026-04-25;Dream Bowl Palace Unterföhring;tournament;Südbayerische Meisterschaft;1;Vorlauf;Bruno Gärtner;25649;;0;162;0;162;96;169;162
2026;2026-04-25;Dream Bowl Palace Unterföhring;tournament;Südbayerische Meisterschaft;1;Vorlauf;Carlo Luft;38652;;0;233;0;233;6;169;233
2026;2026-04-25;Dream Bowl Palace Unterföhring;tournament;Südbayerische Meisterschaft;1;Vorlauf;Christian Müller;38996;;0;163;0;163;92;169;163
2026;2026-04-25;Dream Bowl Palace Unterföhring;tournament;Südbayerische Meisterschaft;1;Vorlauf;Christian Schrempf;7646;;0;178;0;178;62;169;178
2026;2026-04-25;Dream Bowl Palace Unterföhring;tournament;Südbayerische Meisterschaft;1;Vorlauf;Christoph Heiming;38918;;0;161;0;161;102;169;161
2026;2026-04-25;Dream Bowl Palace Unterföhring;tournament;Südbayerische Meisterschaft;1;Vorlauf;Clément Perrin;38995;;0;187;0;187;55;169;187
2026;2026-04-25;Dream Bowl Palace Unterföhring;tournament;Südbayerische Meisterschaft;1;Vorlauf;Daniel Börding;7591;;0;204;0;204;30;169;204
2026;2026-04-25;Dream Bowl Palace Unterföhring;tournament;Südbayerische Meisterschaft;1;Vorlauf;Daniel Hellmich;7314;;0;191;0;191;49;169;191
2026;2026-04-25;Dream Bowl Palace Unterföhring;tournament;Südbayerische Meisterschaft;1;Vorlauf;Daniel Horbas;7341;;0;156;0;156;107;169;156
2026;2026-04-25;Dream Bowl Palace Unterföhring;tournament;Südbayerische Meisterschaft;1;Vorlauf;Daniel Krückel;38933;;0;146;0;146;113;169;146
2026;2026-04-25;Dream Bowl Palace Unterföhring;tournament;Südbayerische Meisterschaft;1;Vorlauf;Dennis Jehle;38954;;0;162;0;162;98;169;162
2026;2026-04-25;Dream Bowl Palace Unterföhring;tournament;Südbayerische Meisterschaft;1;Vorlauf;Dirk Billerbeck;10797;;0;114;0;114;118;169;114
2026;2026-04-25;Dream Bowl Palace Unterföhring;tournament;Südbayerische Meisterschaft;1;Vorlauf;Dirk Kirschke;16876;;0;164;0;164;90;169;164
2026;2026-04-25;Dream Bowl Palace Unterföhring;tournament;Südbayerische Meisterschaft;1;Vorlauf;Eberhard Rietz;25631;;0;244;0;244;3;169;244
2026;2026-04-25;Dream Bowl Palace Unterföhring;tournament;Südbayerische Meisterschaft;1;Vorlauf;Eduard Bolender;25408;;0;178;0;178;61;169;178
2026;2026-04-25;Dream Bowl Palace Unterföhring;tournament;Südbayerische Meisterschaft;1;Vorlauf;Enrico Blättermann;38216;;0;168;0;168;82;169;168
2026;2026-04-25;Dream Bowl Palace Unterföhring;tournament;Südbayerische Meisterschaft;1;Vorlauf;Erwin Meys;38813;;0;167;0;167;85;169;167
2026;2026-04-25;Dream Bowl Palace Unterföhring;tournament;Südbayerische Meisterschaft;1;Vorlauf;Erwin Schmidle;38480;;0;174;0;174;66;169;174
2026;2026-04-25;Dream Bowl Palace Unterföhring;tournament;Südbayerische Meisterschaft;1;Vorlauf;Ewald Kral;7309;;0;181;0;181;58;169;181
2026;2026-04-25;Dream Bowl Palace Unterföhring;tournament;Südbayerische Meisterschaft;1;Vorlauf;Florian Hanauer;38001;;0;190;0;190;51;169;190
2026;2026-04-25;Dream Bowl Palace Unterföhring;tournament;Südbayerische Meisterschaft;1;Vorlauf;Florian Stangl;25690;;0;215;0;215;19;169;215
2026;2026-04-25;Dream Bowl Palace Unterföhring;tournament;Südbayerische Meisterschaft;1;Vorlauf;Gregor Arapow;38575;;0;173;0;173;70;169;173
2026;2026-04-25;Dream Bowl Palace Unterföhring;tournament;Südbayerische Meisterschaft;1;Vorlauf;Günter Denz;16398;;0;178;0;178;60;169;178
2026;2026-04-25;Dream Bowl Palace Unterföhring;tournament;Südbayerische Meisterschaft;1;Vorlauf;Günter Färber;38850;;0;161;0;161;101;169;161
2026;2026-04-25;Dream Bowl Palace Unterföhring;tournament;Südbayerische Meisterschaft;1;Vorlauf;Harald Eggl;25229;;0;198;0;198;38;169;198
2026;2026-04-25;Dream Bowl Palace Unterföhring;tournament;Südbayerische Meisterschaft;1;Vorlauf;Harald Laub;7597;;0;172;0;172;72;169;172
2026;2026-04-25;Dream Bowl Palace Unterföhring;tournament;Südbayerische Meisterschaft;1;Vorlauf;Herbert Forstner;38712;;0;195;0;195;43;169;195
2026;2026-04-25;Dream Bowl Palace Unterföhring;tournament;Südbayerische Meisterschaft;1;Vorlauf;Herward Schulz;38202;;0;142;0;142;115;169;142
2026;2026-04-25;Dream Bowl Palace Unterföhring;tournament;Südbayerische Meisterschaft;1;Vorlauf;Horst Thomas;16327;;0;162;0;162;94;169;162
2026;2026-04-25;Dream Bowl Palace Unterföhring;tournament;Südbayerische Meisterschaft;1;Vorlauf;Jan Musiol;25166;;0;227;0;227;9;169;227
2026;2026-04-25;Dream Bowl Palace Unterföhring;tournament;Südbayerische Meisterschaft;1;Vorlauf;Joachim Geist;16807;;0;154;0;154;111;169;154
2026;2026-04-25;Dream Bowl Palace Unterföhring;tournament;Südbayerische Meisterschaft;1;Vorlauf;Jochen Mücke;38842;;0;220;0;220;17;169;220
2026;2026-04-25;Dream Bowl Palace Unterföhring;tournament;Südbayerische Meisterschaft;1;Vorlauf;Jürgen Beer;25502;;0;200;0;200;36;169;200
2026;2026-04-25;Dream Bowl Palace Unterföhring;tournament;Südbayerische Meisterschaft;1;Vorlauf;Jürgen Hockenjos;25993;;0;158;0;158;104;169;158
2026;2026-04-25;Dream Bowl Palace Unterföhring;tournament;Südbayerische Meisterschaft;1;Vorlauf;Kilian Kral;38510;;0;173;0;173;69;169;173
2026;2026-04-25;Dream Bowl Palace Unterföhring;tournament;Südbayerische Meisterschaft;1;Vorlauf;Klaus Lilge;7080;;0;257;0;257;2;169;257
2026;2026-04-25;Dream Bowl Palace Unterföhring;tournament;Südbayerische Meisterschaft;1;Vorlauf;Konrad Schiller;38186;;0;224;0;224;13;169;224
2026;2026-04-25;Dream Bowl Palace Unterföhring;tournament;Südbayerische Meisterschaft;1;Vorlauf;Kurt Schindlböck;16390;;0;179;0;179;59;169;179
2026;2026-04-25;Dream Bowl Palace Unterföhring;tournament;Südbayerische Meisterschaft;1;Vorlauf;Louis Csallner;38993;;0;194;0;194;46;169;194
2026;2026-04-25;Dream Bowl Palace Unterföhring;tournament;Südbayerische Meisterschaft;1;Vorlauf;Luca Köhler;38665;;0;174;0;174;67;169;174
2026;2026-04-25;Dream Bowl Palace Unterföhring;tournament;Südbayerische Meisterschaft;1;Vorlauf;Lucas Kasenbacher;25340;;0;169;0;169;78;169;169
2026;2026-04-25;Dream Bowl Palace Unterföhring;tournament;Südbayerische Meisterschaft;1;Vorlauf;Manfred Hartl;38065;;0;176;0;176;63;169;176
2026;2026-04-25;Dream Bowl Palace Unterföhring;tournament;Südbayerische Meisterschaft;1;Vorlauf;Manfred Weidinger;38851;;0;166;0;166;87;169;166
2026;2026-04-25;Dream Bowl Palace Unterföhring;tournament;Südbayerische Meisterschaft;1;Vorlauf;Marcel Müller;28367;;0;164;0;164;91;169;164
2026;2026-04-25;Dream Bowl Palace Unterföhring;tournament;Südbayerische Meisterschaft;1;Vorlauf;Marco Probst;7602;;0;169;0;169;80;169;169
2026;2026-04-25;Dream Bowl Palace Unterföhring;tournament;Südbayerische Meisterschaft;1;Vorlauf;Markus Auer;25788;;0;168;0;168;81;169;168
2026;2026-04-25;Dream Bowl Palace Unterföhring;tournament;Südbayerische Meisterschaft;1;Vorlauf;Markus Hanauer;38314;;0;215;0;215;20;169;215
2026;2026-04-25;Dream Bowl Palace Unterföhring;tournament;Südbayerische Meisterschaft;1;Vorlauf;Markus Schmied;38361;;0;213;0;213;23;169;213
2026;2026-04-25;Dream Bowl Palace Unterföhring;tournament;Südbayerische Meisterschaft;1;Vorlauf;Martin Küchler;25826;;0;187;0;187;53;169;187
2026;2026-04-25;Dream Bowl Palace Unterföhring;tournament;Südbayerische Meisterschaft;1;Vorlauf;Matthias Kuchling;16583;;0;155;0;155;109;169;155
2026;2026-04-25;Dream Bowl Palace Unterföhring;tournament;Südbayerische Meisterschaft;1;Vorlauf;Max Wiemken;25557;;0;158;0;158;103;169;158
2026;2026-04-25;Dream Bowl Palace Unterföhring;tournament;Südbayerische Meisterschaft;1;Vorlauf;Maximilian Herrmann;38892;;0;168;0;168;83;169;168
2026;2026-04-25;Dream Bowl Palace Unterföhring;tournament;Südbayerische Meisterschaft;1;Vorlauf;Michael Auer;38459;;0;216;0;216;18;169;216
2026;2026-04-25;Dream Bowl Palace Unterföhring;tournament;Südbayerische Meisterschaft;1;Vorlauf;Michael Brandt;38110;;0;194;0;194;45;169;194
2026;2026-04-25;Dream Bowl Palace Unterföhring;tournament;Südbayerische Meisterschaft;1;Vorlauf;Michael Egger;25785;;0;200;0;200;37;169;200
2026;2026-04-25;Dream Bowl Palace Unterföhring;tournament;Südbayerische Meisterschaft;1;Vorlauf;Michael Eisenmann-Seybold;7595;;0;237;0;237;5;169;237
2026;2026-04-25;Dream Bowl Palace Unterföhring;tournament;Südbayerische Meisterschaft;1;Vorlauf;Michael Görn;7412;;0;128;0;128;117;169;128
2026;2026-04-25;Dream Bowl Palace Unterföhring;tournament;Südbayerische Meisterschaft;1;Vorlauf;Michael Ring;7317;;0;157;0;157;106;169;157
2026;2026-04-25;Dream Bowl Palace Unterföhring;tournament;Südbayerische Meisterschaft;1;Vorlauf;Michael Ruppert;38887;;0;162;0;162;97;169;162
2026;2026-04-25;Dream Bowl Palace Unterföhring;tournament;Südbayerische Meisterschaft;1;Vorlauf;Moritz Wiemken;25830;;0;243;0;243;4;169;243
2026;2026-04-25;Dream Bowl Palace Unterföhring;tournament;Südbayerische Meisterschaft;1;Vorlauf;Nicolas Kabel;38092;;0;137;0;137;116;169;137
2026;2026-04-25;Dream Bowl Palace Unterföhring;tournament;Südbayerische Meisterschaft;1;Vorlauf;Olaf Krebs;16325;;0;170;0;170;75;169;170
2026;2026-04-25;Dream Bowl Palace Unterföhring;tournament;Südbayerische Meisterschaft;1;Vorlauf;Oliver Schütze;38550;;0;193;0;193;47;169;193
2026;2026-04-25;Dream Bowl Palace Unterföhring;tournament;Südbayerische Meisterschaft;1;Vorlauf;Pascal Gruber;38957;;0;175;0;175;64;169;175
2026;2026-04-25;Dream Bowl Palace Unterföhring;tournament;Südbayerische Meisterschaft;1;Vorlauf;Patrick Baszler;7886;;0;211;0;211;25;169;211
2026;2026-04-25;Dream Bowl Palace Unterföhring;tournament;Südbayerische Meisterschaft;1;Vorlauf;Patrick Thurner;38530;;0;165;0;165;88;169;165
2026;2026-04-25;Dream Bowl Palace Unterföhring;tournament;Südbayerische Meisterschaft;1;Vorlauf;Peter Börding;7593;;0;233;0;233;7;169;233
2026;2026-04-25;Dream Bowl Palace Unterföhring;tournament;Südbayerische Meisterschaft;1;Vorlauf;Peter Faßold;25390;;0;167;0;167;84;169;167
2026;2026-04-25;Dream Bowl Palace Unterföhring;tournament;Südbayerische Meisterschaft;1;Vorlauf;Peter Steub;38586;;0;157;0;157;105;169;157
2026;2026-04-25;Dream Bowl Palace Unterföhring;tournament;Südbayerische Meisterschaft;1;Vorlauf;Peter Walch;7493;;0;221;0;221;16;169;221
2026;2026-04-25;Dream Bowl Palace Unterföhring;tournament;Südbayerische Meisterschaft;1;Vorlauf;Peter van Lengen;25297;;0;161;0;161;99;169;161
2026;2026-04-25;Dream Bowl Palace Unterföhring;tournament;Südbayerische Meisterschaft;1;Vorlauf;Raiko Elze;38912;;0;201;0;201;34;169;201
2026;2026-04-25;Dream Bowl Palace Unterföhring;tournament;Südbayerische Meisterschaft;1;Vorlauf;Rainer Schöllhorn;16069;;0;206;0;206;28;169;206
2026;2026-04-25;Dream Bowl Palace Unterföhring;tournament;Südbayerische Meisterschaft;1;Vorlauf;Ralf Mielke;25842;;0;187;0;187;54;169;187
2026;2026-04-25;Dream Bowl Palace Unterföhring;tournament;Südbayerische Meisterschaft;1;Vorlauf;Raphael Hofmann;38963;;0;198;0;198;39;169;198
2026;2026-04-25;Dream Bowl Palace Unterföhring;tournament;Südbayerische Meisterschaft;1;Vorlauf;René Erben;25953;;0;211;0;211;24;169;211
2026;2026-04-25;Dream Bowl Palace Unterföhring;tournament;Südbayerische Meisterschaft;1;Vorlauf;René Schanze;16524;;0;170;0;170;76;169;170
2026;2026-04-25;Dream Bowl Palace Unterföhring;tournament;Südbayerische Meisterschaft;1;Vorlauf;Robert Faltermeier;38472;;0;161;0;161;100;169;161
2026;2026-04-25;Dream Bowl Palace Unterföhring;tournament;Südbayerische Meisterschaft;1;Vorlauf;Robert Meissl;25778;;0;201;0;201;32;169;201
2026;2026-04-25;Dream Bowl Palace Unterföhring;tournament;Südbayerische Meisterschaft;1;Vorlauf;Roberto Di Stefano;38970;;0;201;0;201;35;169;201
2026;2026-04-25;Dream Bowl Palace Unterföhring;tournament;Südbayerische Meisterschaft;1;Vorlauf;Roland Hannemann;16336;;0;226;0;226;10;169;226
2026;2026-04-25;Dream Bowl Palace Unterföhring;tournament;Südbayerische Meisterschaft;1;Vorlauf;Roland Heumos;38388;;0;152;0;152;112;169;152
2026;2026-04-25;Dream Bowl Palace Unterföhring;tournament;Südbayerische Meisterschaft;1;Vorlauf;Sahin Köse;16002;;0;166;0;166;86;169;166
2026;2026-04-25;Dream Bowl Palace Unterföhring;tournament;Südbayerische Meisterschaft;1;Vorlauf;Sebastian Hinterwimmer;7885;;0;165;0;165;89;169;165
2026;2026-04-25;Dream Bowl Palace Unterföhring;tournament;Südbayerische Meisterschaft;1;Vorlauf;Sebastian Tesinski;38569;;0;145;0;145;114;169;145
2026;2026-04-25;Dream Bowl Palace Unterföhring;tournament;Südbayerische Meisterschaft;1;Vorlauf;Selim Fliegner;38673;;0;174;0;174;68;169;174
2026;2026-04-25;Dream Bowl Palace Unterföhring;tournament;Südbayerische Meisterschaft;1;Vorlauf;Sergio Tavares;22116;;0;213;0;213;22;169;213
2026;2026-04-25;Dream Bowl Palace Unterföhring;tournament;Südbayerische Meisterschaft;1;Vorlauf;Stefan Müller;7607;;0;207;0;207;27;169;207
2026;2026-04-25;Dream Bowl Palace Unterföhring;tournament;Südbayerische Meisterschaft;1;Vorlauf;Stephan Scheigenpflug;10080;;0;155;0;155;108;169;155
2026;2026-04-25;Dream Bowl Palace Unterföhring;tournament;Südbayerische Meisterschaft;1;Vorlauf;Thomas Albrecht;7641;;0;197;0;197;40;169;197
2026;2026-04-25;Dream Bowl Palace Unterföhring;tournament;Südbayerische Meisterschaft;1;Vorlauf;Thomas Auer;16888;;0;162;0;162;95;169;162
2026;2026-04-25;Dream Bowl Palace Unterföhring;tournament;Südbayerische Meisterschaft;1;Vorlauf;Thomas Hantschel;38450;;0;155;0;155;110;169;155
2026;2026-04-25;Dream Bowl Palace Unterföhring;tournament;Südbayerische Meisterschaft;1;Vorlauf;Thomas Kalkschmied;25672;;0;221;0;221;14;169;221
2026;2026-04-25;Dream Bowl Palace Unterföhring;tournament;Südbayerische Meisterschaft;1;Vorlauf;Thomas Vogt;10903;;0;169;0;169;77;169;169
2026;2026-04-25;Dream Bowl Palace Unterföhring;tournament;Südbayerische Meisterschaft;1;Vorlauf;Thomas Wiedemann;7028;;0;221;0;221;15;169;221
2026;2026-04-25;Dream Bowl Palace Unterföhring;tournament;Südbayerische Meisterschaft;1;Vorlauf;Timo Baumann;16024;;0;210;0;210;26;169;210
2026;2026-04-25;Dream Bowl Palace Unterföhring;tournament;Südbayerische Meisterschaft;1;Vorlauf;Tindaro Famà;38730;;0;225;0;225;12;169;225
2026;2026-04-25;Dream Bowl Palace Unterföhring;tournament;Südbayerische Meisterschaft;1;Vorlauf;Tobias Börding;7592;;0;206;0;206;29;169;206
2026;2026-04-25;Dream Bowl Palace Unterföhring;tournament;Südbayerische Meisterschaft;1;Vorlauf;Tobias Wiedemann;25695;;0;174;0;174;65;169;174
2026;2026-04-25;Dream Bowl Palace Unterföhring;tournament;Südbayerische Meisterschaft;1;Vorlauf;Tom Eck;38050;;0;265;0;265;1;169;265
2026;2026-04-25;Dream Bowl Palace Unterföhring;tournament;Südbayerische Meisterschaft;1;Vorlauf;Torsten Fliegner;7418;;0;226;0;226;11;169;226
2026;2026-04-25;Dream Bowl Palace Unterföhring;tournament;Südbayerische Meisterschaft;1;Vorlauf;Walter Lederle;16402;;0;194;0;194;44;169;194
2026;2026-04-25;Dream Bowl Palace Unterföhring;tournament;Südbayerische Meisterschaft;1;Vorlauf;Werner Kraus;25302;;0;171;0;171;73;169;171
2026;2026-04-25;Dream Bowl Palace Unterföhring;tournament;Südbayerische Meisterschaft;1;Vorlauf;Werner Nägele;7321;;0;191;0;191;50;169;191
2026;2026-04-25;Dream Bowl Palace Unterföhring;tournament;Südbayerische Meisterschaft;1;Vorlauf;Alberto Salazar;38113;;1;208;0;379;42;344;379
2026;2026-04-25;Dream Bowl Palace Unterföhring;tournament;Südbayerische Meisterschaft;1;Vorlauf;Alexander Egger;38541;;1;196;0;387;35;344;387
2026;2026-04-25;Dream Bowl Palace Unterföhring;tournament;Südbayerische Meisterschaft;1;Vorlauf;Alexander Koller;7879;;1;217;0;407;21;344;407
2026;2026-04-25;Dream Bowl Palace Unterföhring;tournament;Südbayerische Meisterschaft;1;Vorlauf;Alexander Wiedemann;25849;;1;169;0;364;57;344;364
2026;2026-04-25;Dream Bowl Palace Unterföhring;tournament;Südbayerische Meisterschaft;1;Vorlauf;Alfred Zimmermann;7573;;1;189;0;352;69;344;352
2026;2026-04-25;Dream Bowl Palace Unterföhring;tournament;Südbayerische Meisterschaft;1;Vorlauf;Andre Michow;16965;;1;215;0;410;17;344;410
2026;2026-04-25;Dream Bowl Palace Unterföhring;tournament;Südbayerische Meisterschaft;1;Vorlauf;Andreas Feuerlein;16270;;1;213;0;440;6;344;440
2026;2026-04-25;Dream Bowl Palace Unterföhring;tournament;Südbayerische Meisterschaft;1;Vorlauf;Andreas Heß;7030;;1;167;0;348;76;344;348
2026;2026-04-25;Dream Bowl Palace Unterföhring;tournament;Südbayerische Meisterschaft;1;Vorlauf;Andreas Hölzl;38305;;1;157;0;326;97;344;326
2026;2026-04-25;Dream Bowl Palace Unterföhring;tournament;Südbayerische Meisterschaft;1;Vorlauf;Andreas Schöllhorn;38568;;1;196;0;411;16;344;411
2026;2026-04-25;Dream Bowl Palace Unterföhring;tournament;Südbayerische Meisterschaft;1;Vorlauf;André Knoch;25629;;1;225;0;427;9;344;427
2026;2026-04-25;Dream Bowl Palace Unterföhring;tournament;Südbayerische Meisterschaft;1;Vorlauf;Anton Mutz;25005;;1;195;0;378;44;344;378
2026;2026-04-25;Dream Bowl Palace Unterföhring;tournament;Südbayerische Meisterschaft;1;Vorlauf;Bernd Wiemken;25203;;1;211;0;383;39;344;383
2026;2026-04-25;Dream Bowl Palace Unterföhring;tournament;Südbayerische Meisterschaft;1;Vorlauf;Brandon Alexander Lucas;38648;;1;181;0;382;41;344;382
2026;2026-04-25;Dream Bowl Palace Unterföhring;tournament;Südbayerische Meisterschaft;1;Vorlauf;Bruno Gärtner;25649;;1;188;0;350;70;344;350
2026;2026-04-25;Dream Bowl Palace Unterföhring;tournament;Südbayerische Meisterschaft;1;Vorlauf;Carlo Luft;38652;;1;150;0;383;40;344;383
2026;2026-04-25;Dream Bowl Palace Unterföhring;tournament;Südbayerische Meisterschaft;1;Vorlauf;Christian Müller;38996;;1;180;0;343;81;344;343
2026;2026-04-25;Dream Bowl Palace Unterföhring;tournament;Südbayerische Meisterschaft;1;Vorlauf;Christian Schrempf;7646;;1;192;0;370;50;344;370
2026;2026-04-25;Dream Bowl Palace Unterföhring;tournament;Südbayerische Meisterschaft;1;Vorlauf;Christoph Heiming;38918;;1;183;0;344;79;344;344
2026;2026-04-25;Dream Bowl Palace Unterföhring;tournament;Südbayerische Meisterschaft;1;Vorlauf;Clément Perrin;38995;;1;251;0;438;7;344;438
2026;2026-04-25;Dream Bowl Palace Unterföhring;tournament;Südbayerische Meisterschaft;1;Vorlauf;Daniel Börding;7591;;1;214;0;418;13;344;418
2026;2026-04-25;Dream Bowl Palace Unterföhring;tournament;Südbayerische Meisterschaft;1;Vorlauf;Daniel Hellmich;7314;;1;185;0;376;48;344;376
2026;2026-04-25;Dream Bowl Palace Unterföhring;tournament;Südbayerische Meisterschaft;1;Vorlauf;Daniel Horbas;7341;;1;148;0;304;111;344;304
2026;2026-04-25;Dream Bowl Palace Unterföhring;tournament;Südbayerische Meisterschaft;1;Vorlauf;Daniel Krückel;38933;;1;178;0;324;99;344;324
2026;2026-04-25;Dream Bowl Palace Unterföhring;tournament;Südbayerische Meisterschaft;1;Vorlauf;Dennis Jehle;38954;;1;222;0;384;38;344;384
2026;2026-04-25;Dream Bowl Palace Unterföhring;tournament;Südbayerische Meisterschaft;1;Vorlauf;Dirk Billerbeck;10797;;1;140;0;254;118;344;254
2026;2026-04-25;Dream Bowl Palace Unterföhring;tournament;Südbayerische Meisterschaft;1;Vorlauf;Dirk Kirschke;16876;;1;163;0;327;96;344;327
2026;2026-04-25;Dream Bowl Palace Unterföhring;tournament;Südbayerische Meisterschaft;1;Vorlauf;Eberhard Rietz;25631;;1;180;0;424;10;344;424
2026;2026-04-25;Dream Bowl Palace Unterföhring;tournament;Südbayerische Meisterschaft;1;Vorlauf;Eduard Bolender;25408;;1;183;0;361;60;344;361
2026;2026-04-25;Dream Bowl Palace Unterföhring;tournament;Südbayerische Meisterschaft;1;Vorlauf;Enrico Blättermann;38216;;1;170;0;338;86;344;338
2026;2026-04-25;Dream Bowl Palace Unterföhring;tournament;Südbayerische Meisterschaft;1;Vorlauf;Erwin Meys;38813;;1;147;0;314;105;344;314
2026;2026-04-25;Dream Bowl Palace Unterföhring;tournament;Südbayerische Meisterschaft;1;Vorlauf;Erwin Schmidle;38480;;1;191;0;365;55;344;365
2026;2026-04-25;Dream Bowl Palace Unterföhring;tournament;Südbayerische Meisterschaft;1;Vorlauf;Ewald Kral;7309;;1;169;0;350;71;344;350
2026;2026-04-25;Dream Bowl Palace Unterföhring;tournament;Südbayerische Meisterschaft;1;Vorlauf;Florian Hanauer;38001;;1;162;0;352;68;344;352
2026;2026-04-25;Dream Bowl Palace Unterföhring;tournament;Südbayerische Meisterschaft;1;Vorlauf;Florian Stangl;25690;;1;213;0;428;8;344;428
2026;2026-04-25;Dream Bowl Palace Unterföhring;tournament;Südbayerische Meisterschaft;1;Vorlauf;Gregor Arapow;38575;;1;134;0;307;109;344;307
2026;2026-04-25;Dream Bowl Palace Unterföhring;tournament;Südbayerische Meisterschaft;1;Vorlauf;Günter Denz;16398;;1;194;0;372;49;344;372
2026;2026-04-25;Dream Bowl Palace Unterföhring;tournament;Südbayerische Meisterschaft;1;Vorlauf;Günter Färber;38850;;1;147;0;308;108;344;308
2026;2026-04-25;Dream Bowl Palace Unterföhring;tournament;Südbayerische Meisterschaft;1;Vorlauf;Harald Eggl;25229;;1;166;0;364;56;344;364
2026;2026-04-25;Dream Bowl Palace Unterföhring;tournament;Südbayerische Meisterschaft;1;Vorlauf;Harald Laub;7597;;1;172;0;344;80;344;344
2026;2026-04-25;Dream Bowl Palace Unterföhring;tournament;Südbayerische Meisterschaft;1;Vorlauf;Herbert Forstner;38712;;1;139;0;334;89;344;334
2026;2026-04-25;Dream Bowl Palace Unterföhring;tournament;Südbayerische Meisterschaft;1;Vorlauf;Herward Schulz;38202;;1;142;0;284;115;344;284
2026;2026-04-25;Dream Bowl Palace Unterföhring;tournament;Südbayerische Meisterschaft;1;Vorlauf;Horst Thomas;16327;;1;118;0;280;116;344;280
2026;2026-04-25;Dream Bowl Palace Unterföhring;tournament;Südbayerische Meisterschaft;1;Vorlauf;Jan Musiol;25166;;1;193;0;420;12;344;420
2026;2026-04-25;Dream Bowl Palace Unterföhring;tournament;Südbayerische Meisterschaft;1;Vorlauf;Joachim Geist;16807;;1;194;0;348;74;344;348
2026;2026-04-25;Dream Bowl Palace Unterföhring;tournament;Südbayerische Meisterschaft;1;Vorlauf;Jochen Mücke;38842;;1;197;0;417;14;344;417
2026;2026-04-25;Dream Bowl Palace Unterföhring;tournament;Südbayerische Meisterschaft;1;Vorlauf;Jürgen Beer;25502;;1;155;0;355;63;344;355
2026;2026-04-25;Dream Bowl Palace Unterföhring;tournament;Südbayerische Meisterschaft;1;Vorlauf;Jürgen Hockenjos;25993;;1;148;0;306;110;344;306
2026;2026-04-25;Dream Bowl Palace Unterföhring;tournament;Südbayerische Meisterschaft;1;Vorlauf;Kilian Kral;38510;;1;161;0;334;88;344;334
2026;2026-04-25;Dream Bowl Palace Unterföhring;tournament;Südbayerische Meisterschaft;1;Vorlauf;Klaus Lilge;7080;;1;216;0;473;2;344;473
2026;2026-04-25;Dream Bowl Palace Unterföhring;tournament;Südbayerische Meisterschaft;1;Vorlauf;Konrad Schiller;38186;;1;171;0;395;29;344;395
2026;2026-04-25;Dream Bowl Palace Unterföhring;tournament;Südbayerische Meisterschaft;1;Vorlauf;Kurt Schindlböck;16390;;1;157;0;336;87;344;336
2026;2026-04-25;Dream Bowl Palace Unterföhring;tournament;Südbayerische Meisterschaft;1;Vorlauf;Louis Csallner;38993;;1;163;0;357;62;344;357
2026;2026-04-25;Dream Bowl Palace Unterföhring;tournament;Südbayerische Meisterschaft;1;Vorlauf;Luca Köhler;38665;;1;174;0;348;75;344;348
2026;2026-04-25;Dream Bowl Palace Unterföhring;tournament;Südbayerische Meisterschaft;1;Vorlauf;Lucas Kasenbacher;25340;;1;160;0;329;92;344;329
2026;2026-04-25;Dream Bowl Palace Unterföhring;tournament;Südbayerische Meisterschaft;1;Vorlauf;Manfred Hartl;38065;;1;190;0;366;53;344;366
2026;2026-04-25;Dream Bowl Palace Unterföhring;tournament;Südbayerische Meisterschaft;1;Vorlauf;Manfred Weidinger;38851;;1;211;0;377;47;344;377
2026;2026-04-25;Dream Bowl Palace Unterföhring;tournament;Südbayerische Meisterschaft;1;Vorlauf;Marcel Müller;28367;;1;214;0;378;45;344;378
2026;2026-04-25;Dream Bowl Palace Unterföhring;tournament;Südbayerische Meisterschaft;1;Vorlauf;Marco Probst;7602;;1;180;0;349;73;344;349
2026;2026-04-25;Dream Bowl Palace Unterföhring;tournament;Südbayerische Meisterschaft;1;Vorlauf;Markus Auer;25788;;1;152;0;320;102;344;320
2026;2026-04-25;Dream Bowl Palace Unterföhring;tournament;Südbayerische Meisterschaft;1;Vorlauf;Markus Hanauer;38314;;1;193;0;408;20;344;408
2026;2026-04-25;Dream Bowl Palace Unterföhring;tournament;Südbayerische Meisterschaft;1;Vorlauf;Markus Schmied;38361;;1;179;0;392;31;344;392
2026;2026-04-25;Dream Bowl Palace Unterföhring;tournament;Südbayerische Meisterschaft;1;Vorlauf;Martin Küchler;25826;;1;171;0;358;61;344;358
2026;2026-04-25;Dream Bowl Palace Unterföhring;tournament;Südbayerische Meisterschaft;1;Vorlauf;Matthias Kuchling;16583;;1;176;0;331;91;344;331
2026;2026-04-25;Dream Bowl Palace Unterföhring;tournament;Südbayerische Meisterschaft;1;Vorlauf;Max Wiemken;25557;;1;197;0;355;64;344;355
2026;2026-04-25;Dream Bowl Palace Unterföhring;tournament;Südbayerische Meisterschaft;1;Vorlauf;Maximilian Herrmann;38892;;1;245;0;413;15;344;413
2026;2026-04-25;Dream Bowl Palace Unterföhring;tournament;Südbayerische Meisterschaft;1;Vorlauf;Michael Auer;38459;;1;193;0;409;18;344;409
2026;2026-04-25;Dream Bowl Palace Unterföhring;tournament;Südbayerische Meisterschaft;1;Vorlauf;Michael Brandt;38110;;1;190;0;384;37;344;384
2026;2026-04-25;Dream Bowl Palace Unterföhring;tournament;Südbayerische Meisterschaft;1;Vorlauf;Michael Egger;25785;;1;138;0;338;85;344;338
2026;2026-04-25;Dream Bowl Palace Unterföhring;tournament;Südbayerische Meisterschaft;1;Vorlauf;Michael Eisenmann-Seybold;7595;;1;205;0;442;5;344;442
2026;2026-04-25;Dream Bowl Palace Unterföhring;tournament;Südbayerische Meisterschaft;1;Vorlauf;Michael Görn;7412;;1;226;0;354;65;344;354
2026;2026-04-25;Dream Bowl Palace Unterföhring;tournament;Südbayerische Meisterschaft;1;Vorlauf;Michael Ring;7317;;1;155;0;312;107;344;312
2026;2026-04-25;Dream Bowl Palace Unterföhring;tournament;Südbayerische Meisterschaft;1;Vorlauf;Michael Ruppert;38887;;1;116;0;278;117;344;278
2026;2026-04-25;Dream Bowl Palace Unterföhring;tournament;Südbayerische Meisterschaft;1;Vorlauf;Moritz Wiemken;25830;;1;234;0;477;1;344;477
2026;2026-04-25;Dream Bowl Palace Unterföhring;tournament;Südbayerische Meisterschaft;1;Vorlauf;Nicolas Kabel;38092;;1;157;0;294;114;344;294
2026;2026-04-25;Dream Bowl Palace Unterföhring;tournament;Südbayerische Meisterschaft;1;Vorlauf;Olaf Krebs;16325;;1;163;0;333;90;344;333
2026;2026-04-25;Dream Bowl Palace Unterföhring;tournament;Südbayerische Meisterschaft;1;Vorlauf;Oliver Schütze;38550;;1;213;0;406;22;344;406
2026;2026-04-25;Dream Bowl Palace Unterföhring;tournament;Südbayerische Meisterschaft;1;Vorlauf;Pascal Gruber;38957;;1;153;0;328;94;344;328
2026;2026-04-25;Dream Bowl Palace Unterföhring;tournament;Südbayerische Meisterschaft;1;Vorlauf;Patrick Baszler;7886;;1;191;0;402;24;344;402
2026;2026-04-25;Dream Bowl Palace Unterföhring;tournament;Südbayerische Meisterschaft;1;Vorlauf;Patrick Thurner;38530;;1;223;0;388;33;344;388
2026;2026-04-25;Dream Bowl Palace Unterföhring;tournament;Südbayerische Meisterschaft;1;Vorlauf;Peter Börding;7593;;1;163;0;396;28;344;396
2026;2026-04-25;Dream Bowl Palace Unterföhring;tournament;Südbayerische Meisterschaft;1;Vorlauf;Peter Faßold;25390;;1;155;0;322;100;344;322
2026;2026-04-25;Dream Bowl Palace Unterföhring;tournament;Südbayerische Meisterschaft;1;Vorlauf;Peter Steub;38586;;1;139;0;296;112;344;296
2026;2026-04-25;Dream Bowl Palace Unterföhring;tournament;Südbayerische Meisterschaft;1;Vorlauf;Peter Walch;7493;;1;172;0;393;30;344;393
2026;2026-04-25;Dream Bowl Palace Unterföhring;tournament;Südbayerische Meisterschaft;1;Vorlauf;Peter van Lengen;25297;;1;188;0;349;72;344;349
2026;2026-04-25;Dream Bowl Palace Unterföhring;tournament;Südbayerische Meisterschaft;1;Vorlauf;Raiko Elze;38912;;1;177;0;378;46;344;378
2026;2026-04-25;Dream Bowl Palace Unterföhring;tournament;Südbayerische Meisterschaft;1;Vorlauf;Rainer Schöllhorn;16069;;1;147;0;353;66;344;353
2026;2026-04-25;Dream Bowl Palace Unterföhring;tournament;Südbayerische Meisterschaft;1;Vorlauf;Ralf Mielke;25842;;1;158;0;345;78;344;345
2026;2026-04-25;Dream Bowl Palace Unterföhring;tournament;Südbayerische Meisterschaft;1;Vorlauf;Raphael Hofmann;38963;;1;171;0;369;51;344;369
2026;2026-04-25;Dream Bowl Palace Unterföhring;tournament;Südbayerische Meisterschaft;1;Vorlauf;René Erben;25953;;1;175;0;386;36;344;386
2026;2026-04-25;Dream Bowl Palace Unterföhring;tournament;Südbayerische Meisterschaft;1;Vorlauf;René Schanze;16524;;1;158;0;328;93;344;328
2026;2026-04-25;Dream Bowl Palace Unterföhring;tournament;Südbayerische Meisterschaft;1;Vorlauf;Robert Faltermeier;38472;;1;160;0;321;101;344;321
2026;2026-04-25;Dream Bowl Palace Unterföhring;tournament;Südbayerische Meisterschaft;1;Vorlauf;Robert Meissl;25778;;1;140;0;341;82;344;341
2026;2026-04-25;Dream Bowl Palace Unterföhring;tournament;Südbayerische Meisterschaft;1;Vorlauf;Roberto Di Stefano;38970;;1;162;0;363;58;344;363
2026;2026-04-25;Dream Bowl Palace Unterföhring;tournament;Südbayerische Meisterschaft;1;Vorlauf;Roland Hannemann;16336;;1;235;0;461;3;344;461
2026;2026-04-25;Dream Bowl Palace Unterföhring;tournament;Südbayerische Meisterschaft;1;Vorlauf;Roland Heumos;38388;;1;168;0;320;103;344;320
2026;2026-04-25;Dream Bowl Palace Unterföhring;tournament;Südbayerische Meisterschaft;1;Vorlauf;Sahin Köse;16002;;1;147;0;313;106;344;313
2026;2026-04-25;Dream Bowl Palace Unterföhring;tournament;Südbayerische Meisterschaft;1;Vorlauf;Sebastian Hinterwimmer;7885;;1;234;0;399;25;344;399
2026;2026-04-25;Dream Bowl Palace Unterföhring;tournament;Südbayerische Meisterschaft;1;Vorlauf;Sebastian Tesinski;38569;;1;195;0;340;83;344;340
2026;2026-04-25;Dream Bowl Palace Unterföhring;tournament;Südbayerische Meisterschaft;1;Vorlauf;Selim Fliegner;38673;;1;205;0;379;43;344;379
2026;2026-04-25;Dream Bowl Palace Unterföhring;tournament;Südbayerische Meisterschaft;1;Vorlauf;Sergio Tavares;22116;;1;189;0;402;23;344;402
2026;2026-04-25;Dream Bowl Palace Unterföhring;tournament;Südbayerische Meisterschaft;1;Vorlauf;Stefan Müller;7607;;1;159;0;366;54;344;366
2026;2026-04-25;Dream Bowl Palace Unterföhring;tournament;Südbayerische Meisterschaft;1;Vorlauf;Stephan Scheigenpflug;10080;;1;172;0;327;95;344;327
2026;2026-04-25;Dream Bowl Palace Unterföhring;tournament;Südbayerische Meisterschaft;1;Vorlauf;Thomas Albrecht;7641;;1;166;0;363;59;344;363
2026;2026-04-25;Dream Bowl Palace Unterföhring;tournament;Südbayerische Meisterschaft;1;Vorlauf;Thomas Auer;16888;;1;225;0;387;34;344;387
2026;2026-04-25;Dream Bowl Palace Unterföhring;tournament;Südbayerische Meisterschaft;1;Vorlauf;Thomas Hantschel;38450;;1;169;0;324;98;344;324
2026;2026-04-25;Dream Bowl Palace Unterföhring;tournament;Südbayerische Meisterschaft;1;Vorlauf;Thomas Kalkschmied;25672;;1;200;0;421;11;344;421
2026;2026-04-25;Dream Bowl Palace Unterföhring;tournament;Südbayerische Meisterschaft;1;Vorlauf;Thomas Vogt;10903;;1;126;0;295;113;344;295
2026;2026-04-25;Dream Bowl Palace Unterföhring;tournament;Südbayerische Meisterschaft;1;Vorlauf;Thomas Wiedemann;7028;;1;132;0;353;67;344;353
2026;2026-04-25;Dream Bowl Palace Unterföhring;tournament;Südbayerische Meisterschaft;1;Vorlauf;Timo Baumann;16024;;1;188;0;398;26;344;398
2026;2026-04-25;Dream Bowl Palace Unterföhring;tournament;Südbayerische Meisterschaft;1;Vorlauf;Tindaro Famà;38730;;1;172;0;397;27;344;397
2026;2026-04-25;Dream Bowl Palace Unterföhring;tournament;Südbayerische Meisterschaft;1;Vorlauf;Tobias Börding;7592;;1;186;0;392;32;344;392
2026;2026-04-25;Dream Bowl Palace Unterföhring;tournament;Südbayerische Meisterschaft;1;Vorlauf;Tobias Wiedemann;25695;;1;171;0;345;77;344;345
2026;2026-04-25;Dream Bowl Palace Unterföhring;tournament;Südbayerische Meisterschaft;1;Vorlauf;Tom Eck;38050;;1;192;0;457;4;344;457
2026;2026-04-25;Dream Bowl Palace Unterföhring;tournament;Südbayerische Meisterschaft;1;Vorlauf;Torsten Fliegner;7418;;1;183;0;409;19;344;409
2026;2026-04-25;Dream Bowl Palace Unterföhring;tournament;Südbayerische Meisterschaft;1;Vorlauf;Walter Lederle;16402;;1;173;0;367;52;344;367
2026;2026-04-25;Dream Bowl Palace Unterföhring;tournament;Südbayerische Meisterschaft;1;Vorlauf;Werner Kraus;25302;;1;146;0;317;104;344;317
2026;2026-04-25;Dream Bowl Palace Unterföhring;tournament;Südbayerische Meisterschaft;1;Vorlauf;Werner Nägele;7321;;1;148;0;339;84;344;339
2026;2026-04-25;Dream Bowl Palace Unterföhring;tournament;Südbayerische Meisterschaft;1;Vorlauf;Alberto Salazar;38113;;2;177;0;556;48;510;556
2026;2026-04-25;Dream Bowl Palace Unterföhring;tournament;Südbayerische Meisterschaft;1;Vorlauf;Alexander Egger;38541;;2;194;0;581;29;510;581
2026;2026-04-25;Dream Bowl Palace Unterföhring;tournament;Südbayerische Meisterschaft;1;Vorlauf;Alexander Koller;7879;;2;172;0;579;32;510;579
2026;2026-04-25;Dream Bowl Palace Unterföhring;tournament;Südbayerische Meisterschaft;1;Vorlauf;Alexander Wiedemann;25849;;2;141;0;505;86;510;505
2026;2026-04-25;Dream Bowl Palace Unterföhring;tournament;Südbayerische Meisterschaft;1;Vorlauf;Alfred Zimmermann;7573;;2;153;0;505;87;510;505
2026;2026-04-25;Dream Bowl Palace Unterföhring;tournament;Südbayerische Meisterschaft;1;Vorlauf;Andre Michow;16965;;2;187;0;597;22;510;597
2026;2026-04-25;Dream Bowl Palace Unterföhring;tournament;Südbayerische Meisterschaft;1;Vorlauf;Andreas Feuerlein;16270;;2;139;0;579;31;510;579
2026;2026-04-25;Dream Bowl Palace Unterföhring;tournament;Südbayerische Meisterschaft;1;Vorlauf;Andreas Heß;7030;;2;160;0;508;84;510;508
2026;2026-04-25;Dream Bowl Palace Unterföhring;tournament;Südbayerische Meisterschaft;1;Vorlauf;Andreas Hölzl;38305;;2;171;0;497;94;510;497
2026;2026-04-25;Dream Bowl Palace Unterföhring;tournament;Südbayerische Meisterschaft;1;Vorlauf;Andreas Schöllhorn;38568;;2;164;0;575;33;510;575
2026;2026-04-25;Dream Bowl Palace Unterföhring;tournament;Südbayerische Meisterschaft;1;Vorlauf;André Knoch;25629;;2;212;0;639;8;510;639
2026;2026-04-25;Dream Bowl Palace Unterföhring;tournament;Südbayerische Meisterschaft;1;Vorlauf;Anton Mutz;25005;;2;192;0;570;37;510;570
2026;2026-04-25;Dream Bowl Palace Unterföhring;tournament;Südbayerische Meisterschaft;1;Vorlauf;Bernd Wiemken;25203;;2;189;0;572;36;510;572
2026;2026-04-25;Dream Bowl Palace Unterföhring;tournament;Südbayerische Meisterschaft;1;Vorlauf;Brandon Alexander Lucas;38648;;2;133;0;515;78;510;515
2026;2026-04-25;Dream Bowl Palace Unterföhring;tournament;Südbayerische Meisterschaft;1;Vorlauf;Bruno Gärtner;25649;;2;166;0;516;77;510;516
2026;2026-04-25;Dream Bowl Palace Unterföhring;tournament;Südbayerische Meisterschaft;1;Vorlauf;Carlo Luft;38652;;2;181;0;564;39;510;564
2026;2026-04-25;Dream Bowl Palace Unterföhring;tournament;Südbayerische Meisterschaft;1;Vorlauf;Christian Müller;38996;;2;206;0;549;52;510;549
2026;2026-04-25;Dream Bowl Palace Unterföhring;tournament;Südbayerische Meisterschaft;1;Vorlauf;Christian Schrempf;7646;;2;170;0;540;58;510;540
2026;2026-04-25;Dream Bowl Palace Unterföhring;tournament;Südbayerische Meisterschaft;1;Vorlauf;Christoph Heiming;38918;;2;136;0;480;100;510;480
2026;2026-04-25;Dream Bowl Palace Unterföhring;tournament;Südbayerische Meisterschaft;1;Vorlauf;Clément Perrin;38995;;2;202;0;640;7;510;640
2026;2026-04-25;Dream Bowl Palace Unterföhring;tournament;Südbayerische Meisterschaft;1;Vorlauf;Daniel Börding;7591;;2;203;0;621;10;510;621
2026;2026-04-25;Dream Bowl Palace Unterföhring;tournament;Südbayerische Meisterschaft;1;Vorlauf;Daniel Hellmich;7314;;2;198;0;574;35;510;574
2026;2026-04-25;Dream Bowl Palace Unterföhring;tournament;Südbayerische Meisterschaft;1;Vorlauf;Daniel Horbas;7341;;2;195;0;499;93;510;499
2026;2026-04-25;Dream Bowl Palace Unterföhring;tournament;Südbayerische Meisterschaft;1;Vorlauf;Daniel Krückel;38933;;2;156;0;480;101;510;480
2026;2026-04-25;Dream Bowl Palace Unterföhring;tournament;Südbayerische Meisterschaft;1;Vorlauf;Dennis Jehle;38954;;2;118;0;502;90;510;502
2026;2026-04-25;Dream Bowl Palace Unterföhring;tournament;Südbayerische Meisterschaft;1;Vorlauf;Dirk Billerbeck;10797;;2;176;0;430;116;510;430
2026;2026-04-25;Dream Bowl Palace Unterföhring;tournament;Südbayerische Meisterschaft;1;Vorlauf;Dirk Kirschke;16876;;2;209;0;536;62;510;536
2026;2026-04-25;Dream Bowl Palace Unterföhring;tournament;Südbayerische Meisterschaft;1;Vorlauf;Eberhard Rietz;25631;;2;198;0;622;9;510;622
2026;2026-04-25;Dream Bowl Palace Unterföhring;tournament;Südbayerische Meisterschaft;1;Vorlauf;Eduard Bolender;25408;;2;199;0;560;42;510;560
2026;2026-04-25;Dream Bowl Palace Unterföhring;tournament;Südbayerische Meisterschaft;1;Vorlauf;Enrico Blättermann;38216;;2;164;0;502;89;510;502
2026;2026-04-25;Dream Bowl Palace Unterföhring;tournament;Südbayerische Meisterschaft;1;Vorlauf;Erwin Meys;38813;;2;149;0;463;111;510;463
2026;2026-04-25;Dream Bowl Palace Unterföhring;tournament;Südbayerische Meisterschaft;1;Vorlauf;Erwin Schmidle;38480;;2;193;0;558;46;510;558
2026;2026-04-25;Dream Bowl Palace Unterföhring;tournament;Südbayerische Meisterschaft;1;Vorlauf;Ewald Kral;7309;;2;187;0;537;60;510;537
2026;2026-04-25;Dream Bowl Palace Unterföhring;tournament;Südbayerische Meisterschaft;1;Vorlauf;Florian Hanauer;38001;;2;121;0;473;108;510;473
2026;2026-04-25;Dream Bowl Palace Unterföhring;tournament;Südbayerische Meisterschaft;1;Vorlauf;Florian Stangl;25690;;2;192;0;620;11;510;620
2026;2026-04-25;Dream Bowl Palace Unterföhring;tournament;Südbayerische Meisterschaft;1;Vorlauf;Gregor Arapow;38575;;2;187;0;494;95;510;494
2026;2026-04-25;Dream Bowl Palace Unterföhring;tournament;Südbayerische Meisterschaft;1;Vorlauf;Günter Denz;16398;;2;237;0;609;18;510;609
2026;2026-04-25;Dream Bowl Palace Unterföhring;tournament;Südbayerische Meisterschaft;1;Vorlauf;Günter Färber;38850;;2;173;0;481;99;510;481
2026;2026-04-25;Dream Bowl Palace Unterföhring;tournament;Südbayerische Meisterschaft;1;Vorlauf;Harald Eggl;25229;;2;210;0;574;34;510;574
2026;2026-04-25;Dream Bowl Palace Unterföhring;tournament;Südbayerische Meisterschaft;1;Vorlauf;Harald Laub;7597;;2;193;0;537;61;510;537
2026;2026-04-25;Dream Bowl Palace Unterföhring;tournament;Südbayerische Meisterschaft;1;Vorlauf;Herbert Forstner;38712;;2;154;0;488;97;510;488
2026;2026-04-25;Dream Bowl Palace Unterföhring;tournament;Südbayerische Meisterschaft;1;Vorlauf;Herward Schulz;38202;;2;175;0;459;112;510;459
2026;2026-04-25;Dream Bowl Palace Unterföhring;tournament;Südbayerische Meisterschaft;1;Vorlauf;Horst Thomas;16327;;2;171;0;451;114;510;451
2026;2026-04-25;Dream Bowl Palace Unterföhring;tournament;Südbayerische Meisterschaft;1;Vorlauf;Jan Musiol;25166;;2;195;0;615;12;510;615
2026;2026-04-25;Dream Bowl Palace Unterföhring;tournament;Südbayerische Meisterschaft;1;Vorlauf;Joachim Geist;16807;;2;201;0;549;50;510;549
2026;2026-04-25;Dream Bowl Palace Unterföhring;tournament;Südbayerische Meisterschaft;1;Vorlauf;Jochen Mücke;38842;;2;181;0;598;21;510;598
2026;2026-04-25;Dream Bowl Palace Unterföhring;tournament;Südbayerische Meisterschaft;1;Vorlauf;Jürgen Beer;25502;;2;129;0;484;98;510;484
2026;2026-04-25;Dream Bowl Palace Unterföhring;tournament;Südbayerische Meisterschaft;1;Vorlauf;Jürgen Hockenjos;25993;;2;168;0;474;106;510;474
2026;2026-04-25;Dream Bowl Palace Unterföhring;tournament;Südbayerische Meisterschaft;1;Vorlauf;Kilian Kral;38510;;2;196;0;530;64;510;530
2026;2026-04-25;Dream Bowl Palace Unterföhring;tournament;Südbayerische Meisterschaft;1;Vorlauf;Klaus Lilge;7080;;2;192;0;665;4;510;665
2026;2026-04-25;Dream Bowl Palace Unterföhring;tournament;Südbayerische Meisterschaft;1;Vorlauf;Konrad Schiller;38186;;2;191;0;586;26;510;586
2026;2026-04-25;Dream Bowl Palace Unterföhring;tournament;Südbayerische Meisterschaft;1;Vorlauf;Kurt Schindlböck;16390;;2;180;0;516;76;510;516
2026;2026-04-25;Dream Bowl Palace Unterföhring;tournament;Südbayerische Meisterschaft;1;Vorlauf;Louis Csallner;38993;;2;201;0;558;47;510;558
2026;2026-04-25;Dream Bowl Palace Unterföhring;tournament;Südbayerische Meisterschaft;1;Vorlauf;Luca Köhler;38665;;2;158;0;506;85;510;506
2026;2026-04-25;Dream Bowl Palace Unterföhring;tournament;Südbayerische Meisterschaft;1;Vorlauf;Lucas Kasenbacher;25340;;2;183;0;512;79;510;512
2026;2026-04-25;Dream Bowl Palace Unterföhring;tournament;Südbayerische Meisterschaft;1;Vorlauf;Manfred Hartl;38065;;2;144;0;510;80;510;510
2026;2026-04-25;Dream Bowl Palace Unterföhring;tournament;Südbayerische Meisterschaft;1;Vorlauf;Manfred Weidinger;38851;;2;182;0;559;44;510;559
2026;2026-04-25;Dream Bowl Palace Unterföhring;tournament;Südbayerische Meisterschaft;1;Vorlauf;Marcel Müller;28367;;2;235;0;613;13;510;613
2026;2026-04-25;Dream Bowl Palace Unterföhring;tournament;Südbayerische Meisterschaft;1;Vorlauf;Marco Probst;7602;;2;194;0;543;55;510;543
2026;2026-04-25;Dream Bowl Palace Unterföhring;tournament;Südbayerische Meisterschaft;1;Vorlauf;Markus Auer;25788;;2;180;0;500;92;510;500
2026;2026-04-25;Dream Bowl Palace Unterföhring;tournament;Südbayerische Meisterschaft;1;Vorlauf;Markus Hanauer;38314;;2;245;0;653;5;510;653
2026;2026-04-25;Dream Bowl Palace Unterföhring;tournament;Südbayerische Meisterschaft;1;Vorlauf;Markus Schmied;38361;;2;132;0;524;69;510;524
2026;2026-04-25;Dream Bowl Palace Unterföhring;tournament;Südbayerische Meisterschaft;1;Vorlauf;Martin Küchler;25826;;2;181;0;539;59;510;539
2026;2026-04-25;Dream Bowl Palace Unterföhring;tournament;Südbayerische Meisterschaft;1;Vorlauf;Matthias Kuchling;16583;;2;209;0;540;57;510;540
2026;2026-04-25;Dream Bowl Palace Unterföhring;tournament;Südbayerische Meisterschaft;1;Vorlauf;Max Wiemken;25557;;2;173;0;528;66;510;528
2026;2026-04-25;Dream Bowl Palace Unterföhring;tournament;Südbayerische Meisterschaft;1;Vorlauf;Maximilian Herrmann;38892;;2;108;0;521;73;510;521
2026;2026-04-25;Dream Bowl Palace Unterföhring;tournament;Südbayerische Meisterschaft;1;Vorlauf;Michael Auer;38459;;2;201;0;610;17;510;610
2026;2026-04-25;Dream Bowl Palace Unterföhring;tournament;Südbayerische Meisterschaft;1;Vorlauf;Michael Brandt;38110;;2;174;0;558;45;510;558
2026;2026-04-25;Dream Bowl Palace Unterföhring;tournament;Südbayerische Meisterschaft;1;Vorlauf;Michael Egger;25785;;2;182;0;520;74;510;520
2026;2026-04-25;Dream Bowl Palace Unterföhring;tournament;Südbayerische Meisterschaft;1;Vorlauf;Michael Eisenmann-Seybold;7595;;2;259;0;701;2;510;701
2026;2026-04-25;Dream Bowl Palace Unterföhring;tournament;Südbayerische Meisterschaft;1;Vorlauf;Michael Görn;7412;;2;172;0;526;68;510;526
2026;2026-04-25;Dream Bowl Palace Unterföhring;tournament;Südbayerische Meisterschaft;1;Vorlauf;Michael Ring;7317;;2;231;0;543;54;510;543
2026;2026-04-25;Dream Bowl Palace Unterföhring;tournament;Südbayerische Meisterschaft;1;Vorlauf;Michael Ruppert;38887;;2;148;0;426;117;510;426
2026;2026-04-25;Dream Bowl Palace Unterföhring;tournament;Südbayerische Meisterschaft;1;Vorlauf;Moritz Wiemken;25830;;2;226;0;703;1;510;703
2026;2026-04-25;Dream Bowl Palace Unterföhring;tournament;Südbayerische Meisterschaft;1;Vorlauf;Nicolas Kabel;38092;;2;216;0;510;81;510;510
2026;2026-04-25;Dream Bowl Palace Unterföhring;tournament;Südbayerische Meisterschaft;1;Vorlauf;Olaf Krebs;16325;;2;159;0;492;96;510;492
2026;2026-04-25;Dream Bowl Palace Unterföhring;tournament;Südbayerische Meisterschaft;1;Vorlauf;Oliver Schütze;38550;;2;137;0;543;53;510;543
2026;2026-04-25;Dream Bowl Palace Unterföhring;tournament;Südbayerische Meisterschaft;1;Vorlauf;Pascal Gruber;38957;;2;142;0;470;109;510;470
2026;2026-04-25;Dream Bowl Palace Unterföhring;tournament;Südbayerische Meisterschaft;1;Vorlauf;Patrick Baszler;7886;;2;160;0;562;41;510;562
2026;2026-04-25;Dream Bowl Palace Unterföhring;tournament;Südbayerische Meisterschaft;1;Vorlauf;Patrick Thurner;38530;;2;200;0;588;25;510;588
2026;2026-04-25;Dream Bowl Palace Unterföhring;tournament;Südbayerische Meisterschaft;1;Vorlauf;Peter Börding;7593;;2;247;0;643;6;510;643
2026;2026-04-25;Dream Bowl Palace Unterföhring;tournament;Südbayerische Meisterschaft;1;Vorlauf;Peter Faßold;25390;;2;132;0;454;113;510;454
2026;2026-04-25;Dream Bowl Palace Unterföhring;tournament;Südbayerische Meisterschaft;1;Vorlauf;Peter Steub;38586;;2;151;0;447;115;510;447
2026;2026-04-25;Dream Bowl Palace Unterföhring;tournament;Südbayerische Meisterschaft;1;Vorlauf;Peter Walch;7493;;2;131;0;524;71;510;524
2026;2026-04-25;Dream Bowl Palace Unterföhring;tournament;Südbayerische Meisterschaft;1;Vorlauf;Peter van Lengen;25297;;2;172;0;521;72;510;521
2026;2026-04-25;Dream Bowl Palace Unterföhring;tournament;Südbayerische Meisterschaft;1;Vorlauf;Raiko Elze;38912;;2;182;0;560;43;510;560
2026;2026-04-25;Dream Bowl Palace Unterföhring;tournament;Südbayerische Meisterschaft;1;Vorlauf;Rainer Schöllhorn;16069;;2;156;0;509;83;510;509
2026;2026-04-25;Dream Bowl Palace Unterföhring;tournament;Südbayerische Meisterschaft;1;Vorlauf;Ralf Mielke;25842;;2;131;0;476;103;510;476
2026;2026-04-25;Dream Bowl Palace Unterföhring;tournament;Südbayerische Meisterschaft;1;Vorlauf;Raphael Hofmann;38963;;2;161;0;530;65;510;530
2026;2026-04-25;Dream Bowl Palace Unterföhring;tournament;Südbayerische Meisterschaft;1;Vorlauf;René Erben;25953;;2;184;0;570;38;510;570
2026;2026-04-25;Dream Bowl Palace Unterföhring;tournament;Südbayerische Meisterschaft;1;Vorlauf;René Schanze;16524;;2;136;0;464;110;510;464
2026;2026-04-25;Dream Bowl Palace Unterföhring;tournament;Südbayerische Meisterschaft;1;Vorlauf;Robert Faltermeier;38472;;2;155;0;476;104;510;476
2026;2026-04-25;Dream Bowl Palace Unterföhring;tournament;Südbayerische Meisterschaft;1;Vorlauf;Robert Meissl;25778;;2;161;0;502;88;510;502
2026;2026-04-25;Dream Bowl Palace Unterföhring;tournament;Südbayerische Meisterschaft;1;Vorlauf;Roberto Di Stefano;38970;;2;157;0;520;75;510;520
2026;2026-04-25;Dream Bowl Palace Unterföhring;tournament;Südbayerische Meisterschaft;1;Vorlauf;Roland Hannemann;16336;;2;150;0;611;15;510;611
2026;2026-04-25;Dream Bowl Palace Unterföhring;tournament;Südbayerische Meisterschaft;1;Vorlauf;Roland Heumos;38388;;2;159;0;479;102;510;479
2026;2026-04-25;Dream Bowl Palace Unterföhring;tournament;Südbayerische Meisterschaft;1;Vorlauf;Sahin Köse;16002;;2;214;0;527;67;510;527
2026;2026-04-25;Dream Bowl Palace Unterföhring;tournament;Südbayerische Meisterschaft;1;Vorlauf;Sebastian Hinterwimmer;7885;;2;194;0;593;23;510;593
2026;2026-04-25;Dream Bowl Palace Unterföhring;tournament;Südbayerische Meisterschaft;1;Vorlauf;Sebastian Tesinski;38569;;2;136;0;476;105;510;476
2026;2026-04-25;Dream Bowl Palace Unterföhring;tournament;Südbayerische Meisterschaft;1;Vorlauf;Selim Fliegner;38673;;2;201;0;580;30;510;580
2026;2026-04-25;Dream Bowl Palace Unterföhring;tournament;Südbayerische Meisterschaft;1;Vorlauf;Sergio Tavares;22116;;2;140;0;542;56;510;542
2026;2026-04-25;Dream Bowl Palace Unterföhring;tournament;Südbayerische Meisterschaft;1;Vorlauf;Stefan Müller;7607;;2;245;0;611;16;510;611
2026;2026-04-25;Dream Bowl Palace Unterföhring;tournament;Südbayerische Meisterschaft;1;Vorlauf;Stephan Scheigenpflug;10080;;2;174;0;501;91;510;501
2026;2026-04-25;Dream Bowl Palace Unterföhring;tournament;Südbayerische Meisterschaft;1;Vorlauf;Thomas Albrecht;7641;;2;199;0;562;40;510;562
2026;2026-04-25;Dream Bowl Palace Unterföhring;tournament;Südbayerische Meisterschaft;1;Vorlauf;Thomas Auer;16888;;2;167;0;554;49;510;554
2026;2026-04-25;Dream Bowl Palace Unterföhring;tournament;Südbayerische Meisterschaft;1;Vorlauf;Thomas Hantschel;38450;;2;200;0;524;70;510;524
2026;2026-04-25;Dream Bowl Palace Unterföhring;tournament;Südbayerische Meisterschaft;1;Vorlauf;Thomas Kalkschmied;25672;;2;180;0;601;20;510;601
2026;2026-04-25;Dream Bowl Palace Unterföhring;tournament;Südbayerische Meisterschaft;1;Vorlauf;Thomas Vogt;10903;;2;100;0;395;118;510;395
2026;2026-04-25;Dream Bowl Palace Unterföhring;tournament;Südbayerische Meisterschaft;1;Vorlauf;Thomas Wiedemann;7028;;2;178;0;531;63;510;531
2026;2026-04-25;Dream Bowl Palace Unterföhring;tournament;Südbayerische Meisterschaft;1;Vorlauf;Timo Baumann;16024;;2;187;0;585;28;510;585
2026;2026-04-25;Dream Bowl Palace Unterföhring;tournament;Südbayerische Meisterschaft;1;Vorlauf;Tindaro Famà;38730;;2;215;0;612;14;510;612
2026;2026-04-25;Dream Bowl Palace Unterföhring;tournament;Südbayerische Meisterschaft;1;Vorlauf;Tobias Börding;7592;;2;194;0;586;27;510;586
2026;2026-04-25;Dream Bowl Palace Unterföhring;tournament;Südbayerische Meisterschaft;1;Vorlauf;Tobias Wiedemann;25695;;2;204;0;549;51;510;549
2026;2026-04-25;Dream Bowl Palace Unterföhring;tournament;Südbayerische Meisterschaft;1;Vorlauf;Tom Eck;38050;;2;210;0;667;3;510;667
2026;2026-04-25;Dream Bowl Palace Unterföhring;tournament;Südbayerische Meisterschaft;1;Vorlauf;Torsten Fliegner;7418;;2;194;0;603;19;510;603
2026;2026-04-25;Dream Bowl Palace Unterföhring;tournament;Südbayerische Meisterschaft;1;Vorlauf;Walter Lederle;16402;;2;223;0;590;24;510;590
2026;2026-04-25;Dream Bowl Palace Unterföhring;tournament;Südbayerische Meisterschaft;1;Vorlauf;Werner Kraus;25302;;2;156;0;473;107;510;473
2026;2026-04-25;Dream Bowl Palace Unterföhring;tournament;Südbayerische Meisterschaft;1;Vorlauf;Werner Nägele;7321;;2;171;0;510;82;510;510
2026;2026-04-25;Dream Bowl Palace Unterföhring;tournament;Südbayerische Meisterschaft;1;Vorlauf;Alberto Salazar;38113;;3;204;0;760;38;692;760
2026;2026-04-25;Dream Bowl Palace Unterföhring;tournament;Südbayerische Meisterschaft;1;Vorlauf;Alexander Egger;38541;;3;238;0;819;9;692;819
2026;2026-04-25;Dream Bowl Palace Unterföhring;tournament;Südbayerische Meisterschaft;1;Vorlauf;Alexander Koller;7879;;3;223;0;802;14;692;802
2026;2026-04-25;Dream Bowl Palace Unterföhring;tournament;Südbayerische Meisterschaft;1;Vorlauf;Alexander Wiedemann;25849;;3;212;0;717;64;692;717
2026;2026-04-25;Dream Bowl Palace Unterföhring;tournament;Südbayerische Meisterschaft;1;Vorlauf;Alfred Zimmermann;7573;;3;199;0;704;74;692;704
2026;2026-04-25;Dream Bowl Palace Unterföhring;tournament;Südbayerische Meisterschaft;1;Vorlauf;Andre Michow;16965;;3;208;0;805;12;692;805
2026;2026-04-25;Dream Bowl Palace Unterföhring;tournament;Südbayerische Meisterschaft;1;Vorlauf;Andreas Feuerlein;16270;;3;141;0;720;61;692;720
2026;2026-04-25;Dream Bowl Palace Unterföhring;tournament;Südbayerische Meisterschaft;1;Vorlauf;Andreas Heß;7030;;3;253;0;761;37;692;761
2026;2026-04-25;Dream Bowl Palace Unterföhring;tournament;Südbayerische Meisterschaft;1;Vorlauf;Andreas Hölzl;38305;;3;181;0;678;90;692;678
2026;2026-04-25;Dream Bowl Palace Unterföhring;tournament;Südbayerische Meisterschaft;1;Vorlauf;Andreas Schöllhorn;38568;;3;206;0;781;28;692;781
2026;2026-04-25;Dream Bowl Palace Unterföhring;tournament;Südbayerische Meisterschaft;1;Vorlauf;André Knoch;25629;;3;173;0;812;10;692;812
2026;2026-04-25;Dream Bowl Palace Unterföhring;tournament;Südbayerische Meisterschaft;1;Vorlauf;Anton Mutz;25005;;3;185;0;755;42;692;755
2026;2026-04-25;Dream Bowl Palace Unterföhring;tournament;Südbayerische Meisterschaft;1;Vorlauf;Bernd Wiemken;25203;;3;220;0;792;18;692;792
2026;2026-04-25;Dream Bowl Palace Unterföhring;tournament;Südbayerische Meisterschaft;1;Vorlauf;Brandon Alexander Lucas;38648;;3;190;0;705;73;692;705
2026;2026-04-25;Dream Bowl Palace Unterföhring;tournament;Südbayerische Meisterschaft;1;Vorlauf;Bruno Gärtner;25649;;3;192;0;708;70;692;708
2026;2026-04-25;Dream Bowl Palace Unterföhring;tournament;Südbayerische Meisterschaft;1;Vorlauf;Carlo Luft;38652;;3;192;0;756;41;692;756
2026;2026-04-25;Dream Bowl Palace Unterföhring;tournament;Südbayerische Meisterschaft;1;Vorlauf;Christian Müller;38996;;3;176;0;725;57;692;725
2026;2026-04-25;Dream Bowl Palace Unterföhring;tournament;Südbayerische Meisterschaft;1;Vorlauf;Christian Schrempf;7646;;3;238;0;778;30;692;778
2026;2026-04-25;Dream Bowl Palace Unterföhring;tournament;Südbayerische Meisterschaft;1;Vorlauf;Christoph Heiming;38918;;3;136;0;616;115;692;616
2026;2026-04-25;Dream Bowl Palace Unterföhring;tournament;Südbayerische Meisterschaft;1;Vorlauf;Clément Perrin;38995;;3;198;0;838;6;692;838
2026;2026-04-25;Dream Bowl Palace Unterföhring;tournament;Südbayerische Meisterschaft;1;Vorlauf;Daniel Börding;7591;;3;150;0;771;32;692;771
2026;2026-04-25;Dream Bowl Palace Unterföhring;tournament;Südbayerische Meisterschaft;1;Vorlauf;Daniel Hellmich;7314;;3;192;0;766;35;692;766
2026;2026-04-25;Dream Bowl Palace Unterföhring;tournament;Südbayerische Meisterschaft;1;Vorlauf;Daniel Horbas;7341;;3;171;0;670;94;692;670
2026;2026-04-25;Dream Bowl Palace Unterföhring;tournament;Südbayerische Meisterschaft;1;Vorlauf;Daniel Krückel;38933;;3;186;0;666;97;692;666
2026;2026-04-25;Dream Bowl Palace Unterföhring;tournament;Südbayerische Meisterschaft;1;Vorlauf;Dennis Jehle;38954;;3;142;0;644;103;692;644
2026;2026-04-25;Dream Bowl Palace Unterföhring;tournament;Südbayerische Meisterschaft;1;Vorlauf;Dirk Billerbeck;10797;;3;176;0;606;116;692;606
2026;2026-04-25;Dream Bowl Palace Unterföhring;tournament;Südbayerische Meisterschaft;1;Vorlauf;Dirk Kirschke;16876;;3;153;0;689;83;692;689
2026;2026-04-25;Dream Bowl Palace Unterföhring;tournament;Südbayerische Meisterschaft;1;Vorlauf;Eberhard Rietz;25631;;3;168;0;790;19;692;790
2026;2026-04-25;Dream Bowl Palace Unterföhring;tournament;Südbayerische Meisterschaft;1;Vorlauf;Eduard Bolender;25408;;3;155;0;715;65;692;715
2026;2026-04-25;Dream Bowl Palace Unterföhring;tournament;Südbayerische Meisterschaft;1;Vorlauf;Enrico Blättermann;38216;;3;188;0;690;82;692;690
2026;2026-04-25;Dream Bowl Palace Unterföhring;tournament;Südbayerische Meisterschaft;1;Vorlauf;Erwin Meys;38813;;3;157;0;620;112;692;620
2026;2026-04-25;Dream Bowl Palace Unterföhring;tournament;Südbayerische Meisterschaft;1;Vorlauf;Erwin Schmidle;38480;;3;192;0;750;44;692;750
2026;2026-04-25;Dream Bowl Palace Unterföhring;tournament;Südbayerische Meisterschaft;1;Vorlauf;Ewald Kral;7309;;3;164;0;701;76;692;701
2026;2026-04-25;Dream Bowl Palace Unterföhring;tournament;Südbayerische Meisterschaft;1;Vorlauf;Florian Hanauer;38001;;3;192;0;665;98;692;665
2026;2026-04-25;Dream Bowl Palace Unterföhring;tournament;Südbayerische Meisterschaft;1;Vorlauf;Florian Stangl;25690;;3;162;0;782;26;692;782
2026;2026-04-25;Dream Bowl Palace Unterföhring;tournament;Südbayerische Meisterschaft;1;Vorlauf;Gregor Arapow;38575;;3;214;0;708;71;692;708
2026;2026-04-25;Dream Bowl Palace Unterföhring;tournament;Südbayerische Meisterschaft;1;Vorlauf;Günter Denz;16398;;3;178;0;787;22;692;787
2026;2026-04-25;Dream Bowl Palace Unterföhring;tournament;Südbayerische Meisterschaft;1;Vorlauf;Günter Färber;38850;;3;148;0;629;106;692;629
2026;2026-04-25;Dream Bowl Palace Unterföhring;tournament;Südbayerische Meisterschaft;1;Vorlauf;Harald Eggl;25229;;3;223;0;797;16;692;797
2026;2026-04-25;Dream Bowl Palace Unterföhring;tournament;Südbayerische Meisterschaft;1;Vorlauf;Harald Laub;7597;;3;174;0;711;66;692;711
2026;2026-04-25;Dream Bowl Palace Unterföhring;tournament;Südbayerische Meisterschaft;1;Vorlauf;Herbert Forstner;38712;;3;163;0;651;100;692;651
2026;2026-04-25;Dream Bowl Palace Unterföhring;tournament;Südbayerische Meisterschaft;1;Vorlauf;Herward Schulz;38202;;3;162;0;621;110;692;621
2026;2026-04-25;Dream Bowl Palace Unterföhring;tournament;Südbayerische Meisterschaft;1;Vorlauf;Horst Thomas;16327;;3;166;0;617;114;692;617
2026;2026-04-25;Dream Bowl Palace Unterföhring;tournament;Südbayerische Meisterschaft;1;Vorlauf;Jan Musiol;25166;;3;171;0;786;24;692;786
2026;2026-04-25;Dream Bowl Palace Unterföhring;tournament;Südbayerische Meisterschaft;1;Vorlauf;Joachim Geist;16807;;3;186;0;735;50;692;735
2026;2026-04-25;Dream Bowl Palace Unterföhring;tournament;Südbayerische Meisterschaft;1;Vorlauf;Jochen Mücke;38842;;3;186;0;784;25;692;784
2026;2026-04-25;Dream Bowl Palace Unterföhring;tournament;Südbayerische Meisterschaft;1;Vorlauf;Jürgen Beer;25502;;3;173;0;657;99;692;657
2026;2026-04-25;Dream Bowl Palace Unterföhring;tournament;Südbayerische Meisterschaft;1;Vorlauf;Jürgen Hockenjos;25993;;3;121;0;595;117;692;595
2026;2026-04-25;Dream Bowl Palace Unterföhring;tournament;Südbayerische Meisterschaft;1;Vorlauf;Kilian Kral;38510;;3;173;0;703;75;692;703
2026;2026-04-25;Dream Bowl Palace Unterföhring;tournament;Südbayerische Meisterschaft;1;Vorlauf;Klaus Lilge;7080;;3;236;0;901;3;692;901
2026;2026-04-25;Dream Bowl Palace Unterföhring;tournament;Südbayerische Meisterschaft;1;Vorlauf;Konrad Schiller;38186;;3;149;0;735;51;692;735
2026;2026-04-25;Dream Bowl Palace Unterföhring;tournament;Südbayerische Meisterschaft;1;Vorlauf;Kurt Schindlböck;16390;;3;193;0;709;68;692;709
2026;2026-04-25;Dream Bowl Palace Unterföhring;tournament;Südbayerische Meisterschaft;1;Vorlauf;Louis Csallner;38993;;3;129;0;687;85;692;687
2026;2026-04-25;Dream Bowl Palace Unterföhring;tournament;Südbayerische Meisterschaft;1;Vorlauf;Luca Köhler;38665;;3;217;0;723;60;692;723
2026;2026-04-25;Dream Bowl Palace Unterföhring;tournament;Südbayerische Meisterschaft;1;Vorlauf;Lucas Kasenbacher;25340;;3;212;0;724;58;692;724
2026;2026-04-25;Dream Bowl Palace Unterföhring;tournament;Südbayerische Meisterschaft;1;Vorlauf;Manfred Hartl;38065;;3;136;0;646;101;692;646
2026;2026-04-25;Dream Bowl Palace Unterföhring;tournament;Südbayerische Meisterschaft;1;Vorlauf;Manfred Weidinger;38851;;3;189;0;748;45;692;748
2026;2026-04-25;Dream Bowl Palace Unterföhring;tournament;Südbayerische Meisterschaft;1;Vorlauf;Marcel Müller;28367;;3;167;0;780;29;692;780
2026;2026-04-25;Dream Bowl Palace Unterföhring;tournament;Südbayerische Meisterschaft;1;Vorlauf;Marco Probst;7602;;3;193;0;736;49;692;736
2026;2026-04-25;Dream Bowl Palace Unterföhring;tournament;Südbayerische Meisterschaft;1;Vorlauf;Markus Auer;25788;;3;192;0;692;80;692;692
2026;2026-04-25;Dream Bowl Palace Unterföhring;tournament;Südbayerische Meisterschaft;1;Vorlauf;Markus Hanauer;38314;;3;211;0;864;5;692;864
2026;2026-04-25;Dream Bowl Palace Unterföhring;tournament;Südbayerische Meisterschaft;1;Vorlauf;Markus Schmied;38361;;3;155;0;679;89;692;679
2026;2026-04-25;Dream Bowl Palace Unterföhring;tournament;Südbayerische Meisterschaft;1;Vorlauf;Martin Küchler;25826;;3;212;0;751;43;692;751
2026;2026-04-25;Dream Bowl Palace Unterföhring;tournament;Südbayerische Meisterschaft;1;Vorlauf;Matthias Kuchling;16583;;3;223;0;763;36;692;763
2026;2026-04-25;Dream Bowl Palace Unterföhring;tournament;Südbayerische Meisterschaft;1;Vorlauf;Max Wiemken;25557;;3;142;0;670;92;692;670
2026;2026-04-25;Dream Bowl Palace Unterföhring;tournament;Südbayerische Meisterschaft;1;Vorlauf;Maximilian Herrmann;38892;;3;170;0;691;81;692;691
2026;2026-04-25;Dream Bowl Palace Unterföhring;tournament;Südbayerische Meisterschaft;1;Vorlauf;Michael Auer;38459;;3;136;0;746;46;692;746
2026;2026-04-25;Dream Bowl Palace Unterföhring;tournament;Südbayerische Meisterschaft;1;Vorlauf;Michael Brandt;38110;;3;172;0;730;54;692;730
2026;2026-04-25;Dream Bowl Palace Unterföhring;tournament;Südbayerische Meisterschaft;1;Vorlauf;Michael Egger;25785;;3;168;0;688;84;692;688
2026;2026-04-25;Dream Bowl Palace Unterföhring;tournament;Südbayerische Meisterschaft;1;Vorlauf;Michael Eisenmann-Seybold;7595;;3;245;0;946;1;692;946
2026;2026-04-25;Dream Bowl Palace Unterföhring;tournament;Südbayerische Meisterschaft;1;Vorlauf;Michael Görn;7412;;3;182;0;708;72;692;708
2026;2026-04-25;Dream Bowl Palace Unterföhring;tournament;Südbayerische Meisterschaft;1;Vorlauf;Michael Ring;7317;;3;199;0;742;48;692;742
2026;2026-04-25;Dream Bowl Palace Unterföhring;tournament;Südbayerische Meisterschaft;1;Vorlauf;Michael Ruppert;38887;;3;193;0;619;113;692;619
2026;2026-04-25;Dream Bowl Palace Unterföhring;tournament;Südbayerische Meisterschaft;1;Vorlauf;Moritz Wiemken;25830;;3;213;0;916;2;692;916
2026;2026-04-25;Dream Bowl Palace Unterföhring;tournament;Südbayerische Meisterschaft;1;Vorlauf;Nicolas Kabel;38092;;3;209;0;719;62;692;719
2026;2026-04-25;Dream Bowl Palace Unterföhring;tournament;Südbayerische Meisterschaft;1;Vorlauf;Olaf Krebs;16325;;3;193;0;685;86;692;685
2026;2026-04-25;Dream Bowl Palace Unterföhring;tournament;Südbayerische Meisterschaft;1;Vorlauf;Oliver Schütze;38550;;3;203;0;746;47;692;746
2026;2026-04-25;Dream Bowl Palace Unterföhring;tournament;Südbayerische Meisterschaft;1;Vorlauf;Pascal Gruber;38957;;3;155;0;625;107;692;625
2026;2026-04-25;Dream Bowl Palace Unterföhring;tournament;Südbayerische Meisterschaft;1;Vorlauf;Patrick Baszler;7886;;3;168;0;730;56;692;730
2026;2026-04-25;Dream Bowl Palace Unterföhring;tournament;Südbayerische Meisterschaft;1;Vorlauf;Patrick Thurner;38530;;3;171;0;759;40;692;759
2026;2026-04-25;Dream Bowl Palace Unterföhring;tournament;Südbayerische Meisterschaft;1;Vorlauf;Peter Börding;7593;;3;185;0;828;8;692;828
2026;2026-04-25;Dream Bowl Palace Unterföhring;tournament;Südbayerische Meisterschaft;1;Vorlauf;Peter Faßold;25390;;3;170;0;624;109;692;624
2026;2026-04-25;Dream Bowl Palace Unterföhring;tournament;Südbayerische Meisterschaft;1;Vorlauf;Peter Steub;38586;;3;199;0;646;102;692;646
2026;2026-04-25;Dream Bowl Palace Unterföhring;tournament;Südbayerische Meisterschaft;1;Vorlauf;Peter Walch;7493;;3;147;0;671;91;692;671
2026;2026-04-25;Dream Bowl Palace Unterföhring;tournament;Südbayerische Meisterschaft;1;Vorlauf;Peter van Lengen;25297;;3;189;0;710;67;692;710
2026;2026-04-25;Dream Bowl Palace Unterföhring;tournament;Südbayerische Meisterschaft;1;Vorlauf;Raiko Elze;38912;;3;164;0;724;59;692;724
2026;2026-04-25;Dream Bowl Palace Unterföhring;tournament;Südbayerische Meisterschaft;1;Vorlauf;Rainer Schöllhorn;16069;;3;183;0;692;79;692;692
2026;2026-04-25;Dream Bowl Palace Unterföhring;tournament;Südbayerische Meisterschaft;1;Vorlauf;Ralf Mielke;25842;;3;193;0;669;95;692;669
2026;2026-04-25;Dream Bowl Palace Unterföhring;tournament;Südbayerische Meisterschaft;1;Vorlauf;Raphael Hofmann;38963;;3;189;0;719;63;692;719
2026;2026-04-25;Dream Bowl Palace Unterföhring;tournament;Südbayerische Meisterschaft;1;Vorlauf;René Erben;25953;;3;203;0;773;31;692;773
2026;2026-04-25;Dream Bowl Palace Unterföhring;tournament;Südbayerische Meisterschaft;1;Vorlauf;René Schanze;16524;;3;170;0;634;105;692;634
2026;2026-04-25;Dream Bowl Palace Unterföhring;tournament;Südbayerische Meisterschaft;1;Vorlauf;Robert Faltermeier;38472;;3;145;0;621;111;692;621
2026;2026-04-25;Dream Bowl Palace Unterföhring;tournament;Südbayerische Meisterschaft;1;Vorlauf;Robert Meissl;25778;;3;164;0;666;96;692;666
2026;2026-04-25;Dream Bowl Palace Unterföhring;tournament;Südbayerische Meisterschaft;1;Vorlauf;Roberto Di Stefano;38970;;3;212;0;732;53;692;732
2026;2026-04-25;Dream Bowl Palace Unterföhring;tournament;Südbayerische Meisterschaft;1;Vorlauf;Roland Hannemann;16336;;3;223;0;834;7;692;834
2026;2026-04-25;Dream Bowl Palace Unterföhring;tournament;Südbayerische Meisterschaft;1;Vorlauf;Roland Heumos;38388;;3;191;0;670;93;692;670
2026;2026-04-25;Dream Bowl Palace Unterföhring;tournament;Südbayerische Meisterschaft;1;Vorlauf;Sahin Köse;16002;;3;181;0;708;69;692;708
2026;2026-04-25;Dream Bowl Palace Unterföhring;tournament;Südbayerische Meisterschaft;1;Vorlauf;Sebastian Hinterwimmer;7885;;3;205;0;798;15;692;798
2026;2026-04-25;Dream Bowl Palace Unterföhring;tournament;Südbayerische Meisterschaft;1;Vorlauf;Sebastian Tesinski;38569;;3;159;0;635;104;692;635
2026;2026-04-25;Dream Bowl Palace Unterföhring;tournament;Südbayerische Meisterschaft;1;Vorlauf;Selim Fliegner;38673;;3;202;0;782;27;692;782
2026;2026-04-25;Dream Bowl Palace Unterföhring;tournament;Südbayerische Meisterschaft;1;Vorlauf;Sergio Tavares;22116;;3;227;0;769;33;692;769
2026;2026-04-25;Dream Bowl Palace Unterföhring;tournament;Südbayerische Meisterschaft;1;Vorlauf;Stefan Müller;7607;;3;186;0;797;17;692;797
2026;2026-04-25;Dream Bowl Palace Unterföhring;tournament;Südbayerische Meisterschaft;1;Vorlauf;Stephan Scheigenpflug;10080;;3;192;0;693;78;692;693
2026;2026-04-25;Dream Bowl Palace Unterföhring;tournament;Südbayerische Meisterschaft;1;Vorlauf;Thomas Albrecht;7641;;3;168;0;730;55;692;730
2026;2026-04-25;Dream Bowl Palace Unterföhring;tournament;Südbayerische Meisterschaft;1;Vorlauf;Thomas Auer;16888;;3;234;0;788;20;692;788
2026;2026-04-25;Dream Bowl Palace Unterföhring;tournament;Südbayerische Meisterschaft;1;Vorlauf;Thomas Hantschel;38450;;3;161;0;685;87;692;685
2026;2026-04-25;Dream Bowl Palace Unterföhring;tournament;Südbayerische Meisterschaft;1;Vorlauf;Thomas Kalkschmied;25672;;3;187;0;788;21;692;788
2026;2026-04-25;Dream Bowl Palace Unterföhring;tournament;Südbayerische Meisterschaft;1;Vorlauf;Thomas Vogt;10903;;3;119;0;514;118;692;514
2026;2026-04-25;Dream Bowl Palace Unterföhring;tournament;Südbayerische Meisterschaft;1;Vorlauf;Thomas Wiedemann;7028;;3;153;0;684;88;692;684
2026;2026-04-25;Dream Bowl Palace Unterföhring;tournament;Südbayerische Meisterschaft;1;Vorlauf;Timo Baumann;16024;;3;218;0;803;13;692;803
2026;2026-04-25;Dream Bowl Palace Unterföhring;tournament;Südbayerische Meisterschaft;1;Vorlauf;Tindaro Famà;38730;;3;148;0;760;39;692;760
2026;2026-04-25;Dream Bowl Palace Unterföhring;tournament;Südbayerische Meisterschaft;1;Vorlauf;Tobias Börding;7592;;3;225;0;811;11;692;811
2026;2026-04-25;Dream Bowl Palace Unterföhring;tournament;Südbayerische Meisterschaft;1;Vorlauf;Tobias Wiedemann;25695;;3;238;0;787;23;692;787
2026;2026-04-25;Dream Bowl Palace Unterföhring;tournament;Südbayerische Meisterschaft;1;Vorlauf;Tom Eck;38050;;3;200;0;867;4;692;867
2026;2026-04-25;Dream Bowl Palace Unterföhring;tournament;Südbayerische Meisterschaft;1;Vorlauf;Torsten Fliegner;7418;;3;164;0;767;34;692;767
2026;2026-04-25;Dream Bowl Palace Unterföhring;tournament;Südbayerische Meisterschaft;1;Vorlauf;Walter Lederle;16402;;3;144;0;734;52;692;734
2026;2026-04-25;Dream Bowl Palace Unterföhring;tournament;Südbayerische Meisterschaft;1;Vorlauf;Werner Kraus;25302;;3;151;0;624;108;692;624
2026;2026-04-25;Dream Bowl Palace Unterföhring;tournament;Südbayerische Meisterschaft;1;Vorlauf;Werner Nägele;7321;;3;190;0;700;77;692;700
2026;2026-04-25;Dream Bowl Palace Unterföhring;tournament;Südbayerische Meisterschaft;1;Vorlauf;Alberto Salazar;38113;;4;203;0;963;25;868;963
2026;2026-04-25;Dream Bowl Palace Unterföhring;tournament;Südbayerische Meisterschaft;1;Vorlauf;Alexander Egger;38541;;4;159;0;978;22;868;978
2026;2026-04-25;Dream Bowl Palace Unterföhring;tournament;Südbayerische Meisterschaft;1;Vorlauf;Alexander Koller;7879;;4;224;0;1026;9;868;1026
2026;2026-04-25;Dream Bowl Palace Unterföhring;tournament;Südbayerische Meisterschaft;1;Vorlauf;Alexander Wiedemann;25849;;4;191;0;908;57;868;908
2026;2026-04-25;Dream Bowl Palace Unterföhring;tournament;Südbayerische Meisterschaft;1;Vorlauf;Alfred Zimmermann;7573;;4;169;0;873;73;868;873
2026;2026-04-25;Dream Bowl Palace Unterföhring;tournament;Südbayerische Meisterschaft;1;Vorlauf;Andre Michow;16965;;4;184;0;989;19;868;989
2026;2026-04-25;Dream Bowl Palace Unterföhring;tournament;Südbayerische Meisterschaft;1;Vorlauf;Andreas Feuerlein;16270;;4;168;0;888;64;868;888
2026;2026-04-25;Dream Bowl Palace Unterföhring;tournament;Südbayerische Meisterschaft;1;Vorlauf;Andreas Heß;7030;;4;189;0;950;40;868;950
2026;2026-04-25;Dream Bowl Palace Unterföhring;tournament;Südbayerische Meisterschaft;1;Vorlauf;Andreas Hölzl;38305;;4;194;0;872;75;868;872
2026;2026-04-25;Dream Bowl Palace Unterföhring;tournament;Südbayerische Meisterschaft;1;Vorlauf;Andreas Schöllhorn;38568;;4;176;0;957;31;868;957
2026;2026-04-25;Dream Bowl Palace Unterföhring;tournament;Südbayerische Meisterschaft;1;Vorlauf;André Knoch;25629;;4;214;0;1026;8;868;1026
2026;2026-04-25;Dream Bowl Palace Unterföhring;tournament;Südbayerische Meisterschaft;1;Vorlauf;Anton Mutz;25005;;4;206;0;961;26;868;961
2026;2026-04-25;Dream Bowl Palace Unterföhring;tournament;Südbayerische Meisterschaft;1;Vorlauf;Bernd Wiemken;25203;;4;168;0;960;27;868;960
2026;2026-04-25;Dream Bowl Palace Unterföhring;tournament;Südbayerische Meisterschaft;1;Vorlauf;Brandon Alexander Lucas;38648;;4;167;0;872;77;868;872
2026;2026-04-25;Dream Bowl Palace Unterföhring;tournament;Südbayerische Meisterschaft;1;Vorlauf;Bruno Gärtner;25649;;4;164;0;872;74;868;872
2026;2026-04-25;Dream Bowl Palace Unterföhring;tournament;Südbayerische Meisterschaft;1;Vorlauf;Carlo Luft;38652;;4;203;0;959;28;868;959
2026;2026-04-25;Dream Bowl Palace Unterföhring;tournament;Südbayerische Meisterschaft;1;Vorlauf;Christian Müller;38996;;4;221;0;946;41;868;946
2026;2026-04-25;Dream Bowl Palace Unterföhring;tournament;Südbayerische Meisterschaft;1;Vorlauf;Christian Schrempf;7646;;4;181;0;959;29;868;959
2026;2026-04-25;Dream Bowl Palace Unterföhring;tournament;Südbayerische Meisterschaft;1;Vorlauf;Christoph Heiming;38918;;4;196;0;812;101;868;812
2026;2026-04-25;Dream Bowl Palace Unterföhring;tournament;Südbayerische Meisterschaft;1;Vorlauf;Clément Perrin;38995;;4;169;0;1007;14;868;1007
2026;2026-04-25;Dream Bowl Palace Unterföhring;tournament;Südbayerische Meisterschaft;1;Vorlauf;Daniel Börding;7591;;4;181;0;952;38;868;952
2026;2026-04-25;Dream Bowl Palace Unterföhring;tournament;Südbayerische Meisterschaft;1;Vorlauf;Daniel Hellmich;7314;;4;180;0;946;42;868;946
2026;2026-04-25;Dream Bowl Palace Unterföhring;tournament;Südbayerische Meisterschaft;1;Vorlauf;Daniel Krückel;38933;;4;169;0;835;94;868;835
2026;2026-04-25;Dream Bowl Palace Unterföhring;tournament;Südbayerische Meisterschaft;1;Vorlauf;Dennis Jehle;38954;;4;174;0;818;98;868;818
2026;2026-04-25;Dream Bowl Palace Unterföhring;tournament;Südbayerische Meisterschaft;1;Vorlauf;Dirk Billerbeck;10797;;4;173;0;779;112;868;779
2026;2026-04-25;Dream Bowl Palace Unterföhring;tournament;Südbayerische Meisterschaft;1;Vorlauf;Dirk Kirschke;16876;;4;167;0;856;89;868;856
2026;2026-04-25;Dream Bowl Palace Unterföhring;tournament;Südbayerische Meisterschaft;1;Vorlauf;Eberhard Rietz;25631;;4;214;0;1004;16;868;1004
2026;2026-04-25;Dream Bowl Palace Unterföhring;tournament;Südbayerische Meisterschaft;1;Vorlauf;Eduard Bolender;25408;;4;152;0;867;81;868;867
2026;2026-04-25;Dream Bowl Palace Unterföhring;tournament;Südbayerische Meisterschaft;1;Vorlauf;Enrico Blättermann;38216;;4;181;0;871;78;868;871
2026;2026-04-25;Dream Bowl Palace Unterföhring;tournament;Südbayerische Meisterschaft;1;Vorlauf;Erwin Meys;38813;;4;161;0;781;110;868;781
2026;2026-04-25;Dream Bowl Palace Unterföhring;tournament;Südbayerische Meisterschaft;1;Vorlauf;Erwin Schmidle;38480;;4;182;0;932;48;868;932
2026;2026-04-25;Dream Bowl Palace Unterföhring;tournament;Südbayerische Meisterschaft;1;Vorlauf;Ewald Kral;7309;;4;166;0;867;82;868;867
2026;2026-04-25;Dream Bowl Palace Unterföhring;tournament;Südbayerische Meisterschaft;1;Vorlauf;Florian Hanauer;38001;;4;174;0;839;93;868;839
2026;2026-04-25;Dream Bowl Palace Unterföhring;tournament;Südbayerische Meisterschaft;1;Vorlauf;Florian Stangl;25690;;4;202;0;984;20;868;984
2026;2026-04-25;Dream Bowl Palace Unterföhring;tournament;Südbayerische Meisterschaft;1;Vorlauf;Gregor Arapow;38575;;4;212;0;920;53;868;920
2026;2026-04-25;Dream Bowl Palace Unterföhring;tournament;Südbayerische Meisterschaft;1;Vorlauf;Günter Denz;16398;;4;216;0;1003;17;868;1003
2026;2026-04-25;Dream Bowl Palace Unterföhring;tournament;Südbayerische Meisterschaft;1;Vorlauf;Günter Färber;38850;;4;162;0;791;107;868;791
2026;2026-04-25;Dream Bowl Palace Unterföhring;tournament;Südbayerische Meisterschaft;1;Vorlauf;Harald Eggl;25229;;4;159;0;956;32;868;956
2026;2026-04-25;Dream Bowl Palace Unterföhring;tournament;Südbayerische Meisterschaft;1;Vorlauf;Harald Laub;7597;;4;232;0;943;45;868;943
2026;2026-04-25;Dream Bowl Palace Unterföhring;tournament;Südbayerische Meisterschaft;1;Vorlauf;Herbert Forstner;38712;;4;164;0;815;100;868;815
2026;2026-04-25;Dream Bowl Palace Unterföhring;tournament;Südbayerische Meisterschaft;1;Vorlauf;Herward Schulz;38202;;4;185;0;806;103;868;806
2026;2026-04-25;Dream Bowl Palace Unterföhring;tournament;Südbayerische Meisterschaft;1;Vorlauf;Horst Thomas;16327;;4;151;0;768;115;868;768
2026;2026-04-25;Dream Bowl Palace Unterföhring;tournament;Südbayerische Meisterschaft;1;Vorlauf;Jan Musiol;25166;;4;235;0;1021;10;868;1021
2026;2026-04-25;Dream Bowl Palace Unterföhring;tournament;Südbayerische Meisterschaft;1;Vorlauf;Joachim Geist;16807;;4;163;0;898;59;868;898
2026;2026-04-25;Dream Bowl Palace Unterföhring;tournament;Südbayerische Meisterschaft;1;Vorlauf;Jochen Mücke;38842;;4;182;0;966;23;868;966
2026;2026-04-25;Dream Bowl Palace Unterföhring;tournament;Südbayerische Meisterschaft;1;Vorlauf;Jürgen Beer;25502;;4;168;0;825;96;868;825
2026;2026-04-25;Dream Bowl Palace Unterföhring;tournament;Südbayerische Meisterschaft;1;Vorlauf;Jürgen Hockenjos;25993;;4;190;0;785;108;868;785
2026;2026-04-25;Dream Bowl Palace Unterföhring;tournament;Südbayerische Meisterschaft;1;Vorlauf;Kilian Kral;38510;;4;159;0;862;86;868;862
2026;2026-04-25;Dream Bowl Palace Unterföhring;tournament;Südbayerische Meisterschaft;1;Vorlauf;Klaus Lilge;7080;;4;236;0;1137;1;868;1137
2026;2026-04-25;Dream Bowl Palace Unterföhring;tournament;Südbayerische Meisterschaft;1;Vorlauf;Konrad Schiller;38186;;4;138;0;873;72;868;873
2026;2026-04-25;Dream Bowl Palace Unterföhring;tournament;Südbayerische Meisterschaft;1;Vorlauf;Kurt Schindlböck;16390;;4;123;0;832;95;868;832
2026;2026-04-25;Dream Bowl Palace Unterföhring;tournament;Südbayerische Meisterschaft;1;Vorlauf;Louis Csallner;38993;;4;179;0;866;84;868;866
2026;2026-04-25;Dream Bowl Palace Unterföhring;tournament;Südbayerische Meisterschaft;1;Vorlauf;Luca Köhler;38665;;4;140;0;863;85;868;863
2026;2026-04-25;Dream Bowl Palace Unterföhring;tournament;Südbayerische Meisterschaft;1;Vorlauf;Lucas Kasenbacher;25340;;4;159;0;883;67;868;883
2026;2026-04-25;Dream Bowl Palace Unterföhring;tournament;Südbayerische Meisterschaft;1;Vorlauf;Manfred Hartl;38065;;4;179;0;825;97;868;825
2026;2026-04-25;Dream Bowl Palace Unterföhring;tournament;Südbayerische Meisterschaft;1;Vorlauf;Manfred Weidinger;38851;;4;195;0;943;44;868;943
2026;2026-04-25;Dream Bowl Palace Unterföhring;tournament;Südbayerische Meisterschaft;1;Vorlauf;Marcel Müller;28367;;4;134;0;914;56;868;914
2026;2026-04-25;Dream Bowl Palace Unterföhring;tournament;Südbayerische Meisterschaft;1;Vorlauf;Marco Probst;7602;;4;186;0;922;51;868;922
2026;2026-04-25;Dream Bowl Palace Unterföhring;tournament;Südbayerische Meisterschaft;1;Vorlauf;Markus Auer;25788;;4;178;0;870;79;868;870
2026;2026-04-25;Dream Bowl Palace Unterföhring;tournament;Südbayerische Meisterschaft;1;Vorlauf;Markus Hanauer;38314;;4;180;0;1044;6;868;1044
2026;2026-04-25;Dream Bowl Palace Unterföhring;tournament;Südbayerische Meisterschaft;1;Vorlauf;Markus Schmied;38361;;4;193;0;872;76;868;872
2026;2026-04-25;Dream Bowl Palace Unterföhring;tournament;Südbayerische Meisterschaft;1;Vorlauf;Martin Küchler;25826;;4;172;0;923;50;868;923
2026;2026-04-25;Dream Bowl Palace Unterföhring;tournament;Südbayerische Meisterschaft;1;Vorlauf;Matthias Kuchling;16583;;4;253;0;1016;12;868;1016
2026;2026-04-25;Dream Bowl Palace Unterföhring;tournament;Südbayerische Meisterschaft;1;Vorlauf;Max Wiemken;25557;;4;191;0;861;87;868;861
2026;2026-04-25;Dream Bowl Palace Unterföhring;tournament;Südbayerische Meisterschaft;1;Vorlauf;Maximilian Herrmann;38892;;4;190;0;881;68;868;881
2026;2026-04-25;Dream Bowl Palace Unterföhring;tournament;Südbayerische Meisterschaft;1;Vorlauf;Michael Auer;38459;;4;169;0;915;55;868;915
2026;2026-04-25;Dream Bowl Palace Unterföhring;tournament;Südbayerische Meisterschaft;1;Vorlauf;Michael Brandt;38110;;4;158;0;888;65;868;888
2026;2026-04-25;Dream Bowl Palace Unterföhring;tournament;Südbayerische Meisterschaft;1;Vorlauf;Michael Egger;25785;;4;160;0;848;92;868;848
2026;2026-04-25;Dream Bowl Palace Unterföhring;tournament;Südbayerische Meisterschaft;1;Vorlauf;Michael Eisenmann-Seybold;7595;;4;157;0;1103;3;868;1103
2026;2026-04-25;Dream Bowl Palace Unterföhring;tournament;Südbayerische Meisterschaft;1;Vorlauf;Michael Görn;7412;;4;209;0;917;54;868;917
2026;2026-04-25;Dream Bowl Palace Unterföhring;tournament;Südbayerische Meisterschaft;1;Vorlauf;Michael Ring;7317;;4;216;0;958;30;868;958
2026;2026-04-25;Dream Bowl Palace Unterföhring;tournament;Südbayerische Meisterschaft;1;Vorlauf;Michael Ruppert;38887;;4;141;0;760;116;868;760
2026;2026-04-25;Dream Bowl Palace Unterföhring;tournament;Südbayerische Meisterschaft;1;Vorlauf;Moritz Wiemken;25830;;4;192;0;1108;2;868;1108
2026;2026-04-25;Dream Bowl Palace Unterföhring;tournament;Südbayerische Meisterschaft;1;Vorlauf;Nicolas Kabel;38092;;4;222;0;941;47;868;941
2026;2026-04-25;Dream Bowl Palace Unterföhring;tournament;Südbayerische Meisterschaft;1;Vorlauf;Olaf Krebs;16325;;4;190;0;875;70;868;875
2026;2026-04-25;Dream Bowl Palace Unterföhring;tournament;Südbayerische Meisterschaft;1;Vorlauf;Oliver Schütze;38550;;4;210;0;956;33;868;956
2026;2026-04-25;Dream Bowl Palace Unterföhring;tournament;Südbayerische Meisterschaft;1;Vorlauf;Pascal Gruber;38957;;4;181;0;806;104;868;806
2026;2026-04-25;Dream Bowl Palace Unterföhring;tournament;Südbayerische Meisterschaft;1;Vorlauf;Patrick Baszler;7886;;4;166;0;896;60;868;896
2026;2026-04-25;Dream Bowl Palace Unterföhring;tournament;Südbayerische Meisterschaft;1;Vorlauf;Patrick Thurner;38530;;4;162;0;921;52;868;921
2026;2026-04-25;Dream Bowl Palace Unterföhring;tournament;Südbayerische Meisterschaft;1;Vorlauf;Peter Börding;7593;;4;243;0;1071;4;868;1071
2026;2026-04-25;Dream Bowl Palace Unterföhring;tournament;Südbayerische Meisterschaft;1;Vorlauf;Peter Faßold;25390;;4;150;0;774;114;868;774
2026;2026-04-25;Dream Bowl Palace Unterföhring;tournament;Südbayerische Meisterschaft;1;Vorlauf;Peter Steub;38586;;4;134;0;780;111;868;780
2026;2026-04-25;Dream Bowl Palace Unterföhring;tournament;Südbayerische Meisterschaft;1;Vorlauf;Peter Walch;7493;;4;125;0;796;106;868;796
2026;2026-04-25;Dream Bowl Palace Unterföhring;tournament;Südbayerische Meisterschaft;1;Vorlauf;Peter van Lengen;25297;;4;165;0;875;71;868;875
2026;2026-04-25;Dream Bowl Palace Unterföhring;tournament;Südbayerische Meisterschaft;1;Vorlauf;Raiko Elze;38912;;4;168;0;892;62;868;892
2026;2026-04-25;Dream Bowl Palace Unterföhring;tournament;Südbayerische Meisterschaft;1;Vorlauf;Rainer Schöllhorn;16069;;4;196;0;888;63;868;888
2026;2026-04-25;Dream Bowl Palace Unterföhring;tournament;Südbayerische Meisterschaft;1;Vorlauf;Ralf Mielke;25842;;4;226;0;895;61;868;895
2026;2026-04-25;Dream Bowl Palace Unterföhring;tournament;Südbayerische Meisterschaft;1;Vorlauf;Raphael Hofmann;38963;;4;210;0;929;49;868;929
2026;2026-04-25;Dream Bowl Palace Unterföhring;tournament;Südbayerische Meisterschaft;1;Vorlauf;René Erben;25953;;4;179;0;952;37;868;952
2026;2026-04-25;Dream Bowl Palace Unterföhring;tournament;Südbayerische Meisterschaft;1;Vorlauf;René Schanze;16524;;4;173;0;807;102;868;807
2026;2026-04-25;Dream Bowl Palace Unterföhring;tournament;Südbayerische Meisterschaft;1;Vorlauf;Robert Faltermeier;38472;;4;157;0;778;113;868;778
2026;2026-04-25;Dream Bowl Palace Unterföhring;tournament;Südbayerische Meisterschaft;1;Vorlauf;Robert Meissl;25778;;4;188;0;854;90;868;854
2026;2026-04-25;Dream Bowl Palace Unterföhring;tournament;Südbayerische Meisterschaft;1;Vorlauf;Roberto Di Stefano;38970;;4;134;0;866;83;868;866
2026;2026-04-25;Dream Bowl Palace Unterföhring;tournament;Südbayerische Meisterschaft;1;Vorlauf;Roland Hannemann;16336;;4;212;0;1046;5;868;1046
2026;2026-04-25;Dream Bowl Palace Unterföhring;tournament;Südbayerische Meisterschaft;1;Vorlauf;Roland Heumos;38388;;4;145;0;815;99;868;815
2026;2026-04-25;Dream Bowl Palace Unterföhring;tournament;Südbayerische Meisterschaft;1;Vorlauf;Sahin Köse;16002;;4;177;0;885;66;868;885
2026;2026-04-25;Dream Bowl Palace Unterföhring;tournament;Südbayerische Meisterschaft;1;Vorlauf;Sebastian Hinterwimmer;7885;;4;153;0;951;39;868;951
2026;2026-04-25;Dream Bowl Palace Unterföhring;tournament;Südbayerische Meisterschaft;1;Vorlauf;Sebastian Tesinski;38569;;4;148;0;783;109;868;783
2026;2026-04-25;Dream Bowl Palace Unterföhring;tournament;Südbayerische Meisterschaft;1;Vorlauf;Selim Fliegner;38673;;4;171;0;953;35;868;953
2026;2026-04-25;Dream Bowl Palace Unterföhring;tournament;Südbayerische Meisterschaft;1;Vorlauf;Sergio Tavares;22116;;4;173;0;942;46;868;942
2026;2026-04-25;Dream Bowl Palace Unterföhring;tournament;Südbayerische Meisterschaft;1;Vorlauf;Stefan Müller;7607;;4;186;0;983;21;868;983
2026;2026-04-25;Dream Bowl Palace Unterföhring;tournament;Südbayerische Meisterschaft;1;Vorlauf;Stephan Scheigenpflug;10080;;4;167;0;860;88;868;860
2026;2026-04-25;Dream Bowl Palace Unterföhring;tournament;Südbayerische Meisterschaft;1;Vorlauf;Thomas Albrecht;7641;;4;223;0;953;36;868;953
2026;2026-04-25;Dream Bowl Palace Unterföhring;tournament;Südbayerische Meisterschaft;1;Vorlauf;Thomas Auer;16888;;4;216;0;1004;15;868;1004
2026;2026-04-25;Dream Bowl Palace Unterföhring;tournament;Südbayerische Meisterschaft;1;Vorlauf;Thomas Hantschel;38450;;4;183;0;868;80;868;868
2026;2026-04-25;Dream Bowl Palace Unterföhring;tournament;Südbayerische Meisterschaft;1;Vorlauf;Thomas Kalkschmied;25672;;4;167;0;955;34;868;955
2026;2026-04-25;Dream Bowl Palace Unterföhring;tournament;Südbayerische Meisterschaft;1;Vorlauf;Thomas Vogt;10903;;4;105;0;619;118;868;619
2026;2026-04-25;Dream Bowl Palace Unterföhring;tournament;Südbayerische Meisterschaft;1;Vorlauf;Thomas Wiedemann;7028;;4;197;0;881;69;868;881
2026;2026-04-25;Dream Bowl Palace Unterföhring;tournament;Südbayerische Meisterschaft;1;Vorlauf;Timo Baumann;16024;;4;199;0;1002;18;868;1002
2026;2026-04-25;Dream Bowl Palace Unterföhring;tournament;Südbayerische Meisterschaft;1;Vorlauf;Tindaro Famà;38730;;4;204;0;964;24;868;964
2026;2026-04-25;Dream Bowl Palace Unterföhring;tournament;Südbayerische Meisterschaft;1;Vorlauf;Tobias Börding;7592;;4;198;0;1009;13;868;1009
2026;2026-04-25;Dream Bowl Palace Unterföhring;tournament;Südbayerische Meisterschaft;1;Vorlauf;Tobias Wiedemann;25695;;4;233;0;1020;11;868;1020
2026;2026-04-25;Dream Bowl Palace Unterföhring;tournament;Südbayerische Meisterschaft;1;Vorlauf;Tom Eck;38050;;4;168;0;1035;7;868;1035
2026;2026-04-25;Dream Bowl Palace Unterföhring;tournament;Südbayerische Meisterschaft;1;Vorlauf;Torsten Fliegner;7418;;4;177;0;944;43;868;944
2026;2026-04-25;Dream Bowl Palace Unterföhring;tournament;Südbayerische Meisterschaft;1;Vorlauf;Walter Lederle;16402;;4;171;0;905;58;868;905
2026;2026-04-25;Dream Bowl Palace Unterföhring;tournament;Südbayerische Meisterschaft;1;Vorlauf;Werner Kraus;25302;;4;174;0;798;105;868;798
2026;2026-04-25;Dream Bowl Palace Unterföhring;tournament;Südbayerische Meisterschaft;1;Vorlauf;Werner Nägele;7321;;4;149;0;849;91;868;849
2026;2026-04-25;Dream Bowl Palace Unterföhring;tournament;Südbayerische Meisterschaft;1;Vorlauf;Alberto Salazar;38113;;5;166;0;1129;44;1046;1129
2026;2026-04-25;Dream Bowl Palace Unterföhring;tournament;Südbayerische Meisterschaft;1;Vorlauf;Alexander Egger;38541;;5;211;0;1189;19;1046;1189
2026;2026-04-25;Dream Bowl Palace Unterföhring;tournament;Südbayerische Meisterschaft;1;Vorlauf;Alexander Koller;7879;;5;243;0;1269;5;1046;1269
2026;2026-04-25;Dream Bowl Palace Unterföhring;tournament;Südbayerische Meisterschaft;1;Vorlauf;Alexander Wiedemann;25849;;5;191;0;1099;49;1046;1099
2026;2026-04-25;Dream Bowl Palace Unterföhring;tournament;Südbayerische Meisterschaft;1;Vorlauf;Alfred Zimmermann;7573;;5;181;0;1054;73;1046;1054
2026;2026-04-25;Dream Bowl Palace Unterföhring;tournament;Südbayerische Meisterschaft;1;Vorlauf;Andre Michow;16965;;5;226;0;1215;12;1046;1215
2026;2026-04-25;Dream Bowl Palace Unterföhring;tournament;Südbayerische Meisterschaft;1;Vorlauf;Andreas Feuerlein;16270;;5;148;0;1036;84;1046;1036
2026;2026-04-25;Dream Bowl Palace Unterföhring;tournament;Südbayerische Meisterschaft;1;Vorlauf;Andreas Heß;7030;;5;190;0;1140;40;1046;1140
2026;2026-04-25;Dream Bowl Palace Unterföhring;tournament;Südbayerische Meisterschaft;1;Vorlauf;Andreas Hölzl;38305;;5;204;0;1076;62;1046;1076
2026;2026-04-25;Dream Bowl Palace Unterföhring;tournament;Südbayerische Meisterschaft;1;Vorlauf;Andreas Schöllhorn;38568;;5;190;0;1147;38;1046;1147
2026;2026-04-25;Dream Bowl Palace Unterföhring;tournament;Südbayerische Meisterschaft;1;Vorlauf;André Knoch;25629;;5;161;0;1187;20;1046;1187
2026;2026-04-25;Dream Bowl Palace Unterföhring;tournament;Südbayerische Meisterschaft;1;Vorlauf;Anton Mutz;25005;;5;211;0;1172;27;1046;1172
2026;2026-04-25;Dream Bowl Palace Unterföhring;tournament;Südbayerische Meisterschaft;1;Vorlauf;Bernd Wiemken;25203;;5;216;0;1176;25;1046;1176
2026;2026-04-25;Dream Bowl Palace Unterföhring;tournament;Südbayerische Meisterschaft;1;Vorlauf;Brandon Alexander Lucas;38648;;5;225;0;1097;51;1046;1097
2026;2026-04-25;Dream Bowl Palace Unterföhring;tournament;Südbayerische Meisterschaft;1;Vorlauf;Bruno Gärtner;25649;;5;179;0;1051;78;1046;1051
2026;2026-04-25;Dream Bowl Palace Unterföhring;tournament;Südbayerische Meisterschaft;1;Vorlauf;Carlo Luft;38652;;5;190;0;1149;35;1046;1149
2026;2026-04-25;Dream Bowl Palace Unterföhring;tournament;Südbayerische Meisterschaft;1;Vorlauf;Christian Müller;38996;;5;222;0;1168;28;1046;1168
2026;2026-04-25;Dream Bowl Palace Unterföhring;tournament;Südbayerische Meisterschaft;1;Vorlauf;Christian Schrempf;7646;;5;235;0;1194;17;1046;1194
2026;2026-04-25;Dream Bowl Palace Unterföhring;tournament;Südbayerische Meisterschaft;1;Vorlauf;Christoph Heiming;38918;;5;175;0;987;100;1046;987
2026;2026-04-25;Dream Bowl Palace Unterföhring;tournament;Südbayerische Meisterschaft;1;Vorlauf;Clément Perrin;38995;;5;204;0;1211;14;1046;1211
2026;2026-04-25;Dream Bowl Palace Unterföhring;tournament;Südbayerische Meisterschaft;1;Vorlauf;Daniel Börding;7591;;5;188;0;1140;41;1046;1140
2026;2026-04-25;Dream Bowl Palace Unterföhring;tournament;Südbayerische Meisterschaft;1;Vorlauf;Daniel Hellmich;7314;;5;231;0;1177;24;1046;1177
2026;2026-04-25;Dream Bowl Palace Unterföhring;tournament;Südbayerische Meisterschaft;1;Vorlauf;Daniel Krückel;38933;;5;137;0;972;105;1046;972
2026;2026-04-25;Dream Bowl Palace Unterföhring;tournament;Südbayerische Meisterschaft;1;Vorlauf;Dennis Jehle;38954;;5;130;0;948;109;1046;948
2026;2026-04-25;Dream Bowl Palace Unterföhring;tournament;Südbayerische Meisterschaft;1;Vorlauf;Dirk Billerbeck;10797;;5;209;0;988;99;1046;988
2026;2026-04-25;Dream Bowl Palace Unterföhring;tournament;Südbayerische Meisterschaft;1;Vorlauf;Dirk Kirschke;16876;;5;179;0;1035;86;1046;1035
2026;2026-04-25;Dream Bowl Palace Unterföhring;tournament;Südbayerische Meisterschaft;1;Vorlauf;Eberhard Rietz;25631;;5;177;0;1181;22;1046;1181
2026;2026-04-25;Dream Bowl Palace Unterföhring;tournament;Südbayerische Meisterschaft;1;Vorlauf;Eduard Bolender;25408;;5;180;0;1047;79;1046;1047
2026;2026-04-25;Dream Bowl Palace Unterföhring;tournament;Südbayerische Meisterschaft;1;Vorlauf;Enrico Blättermann;38216;;5;204;0;1075;64;1046;1075
2026;2026-04-25;Dream Bowl Palace Unterföhring;tournament;Südbayerische Meisterschaft;1;Vorlauf;Erwin Meys;38813;;5;186;0;967;106;1046;967
2026;2026-04-25;Dream Bowl Palace Unterföhring;tournament;Südbayerische Meisterschaft;1;Vorlauf;Erwin Schmidle;38480;;5;158;0;1090;54;1046;1090
2026;2026-04-25;Dream Bowl Palace Unterföhring;tournament;Südbayerische Meisterschaft;1;Vorlauf;Ewald Kral;7309;;5;120;0;987;101;1046;987
2026;2026-04-25;Dream Bowl Palace Unterföhring;tournament;Südbayerische Meisterschaft;1;Vorlauf;Florian Hanauer;38001;;5;198;0;1037;83;1046;1037
2026;2026-04-25;Dream Bowl Palace Unterföhring;tournament;Südbayerische Meisterschaft;1;Vorlauf;Florian Stangl;25690;;5;164;0;1148;36;1046;1148
2026;2026-04-25;Dream Bowl Palace Unterföhring;tournament;Südbayerische Meisterschaft;1;Vorlauf;Gregor Arapow;38575;;5;168;0;1088;55;1046;1088
2026;2026-04-25;Dream Bowl Palace Unterföhring;tournament;Südbayerische Meisterschaft;1;Vorlauf;Günter Denz;16398;;5;225;0;1228;8;1046;1228
2026;2026-04-25;Dream Bowl Palace Unterföhring;tournament;Südbayerische Meisterschaft;1;Vorlauf;Günter Färber;38850;;5;143;0;934;114;1046;934
2026;2026-04-25;Dream Bowl Palace Unterföhring;tournament;Südbayerische Meisterschaft;1;Vorlauf;Harald Eggl;25229;;5;181;0;1137;42;1046;1137
2026;2026-04-25;Dream Bowl Palace Unterföhring;tournament;Südbayerische Meisterschaft;1;Vorlauf;Harald Laub;7597;;5;175;0;1118;45;1046;1118
2026;2026-04-25;Dream Bowl Palace Unterföhring;tournament;Südbayerische Meisterschaft;1;Vorlauf;Herbert Forstner;38712;;5;162;0;977;104;1046;977
2026;2026-04-25;Dream Bowl Palace Unterföhring;tournament;Südbayerische Meisterschaft;1;Vorlauf;Herward Schulz;38202;;5;184;0;990;98;1046;990
2026;2026-04-25;Dream Bowl Palace Unterföhring;tournament;Südbayerische Meisterschaft;1;Vorlauf;Horst Thomas;16327;;5;174;0;942;111;1046;942
2026;2026-04-25;Dream Bowl Palace Unterföhring;tournament;Südbayerische Meisterschaft;1;Vorlauf;Jan Musiol;25166;;5;201;0;1222;11;1046;1222
2026;2026-04-25;Dream Bowl Palace Unterföhring;tournament;Südbayerische Meisterschaft;1;Vorlauf;Joachim Geist;16807;;5;146;0;1044;81;1046;1044
2026;2026-04-25;Dream Bowl Palace Unterföhring;tournament;Südbayerische Meisterschaft;1;Vorlauf;Jochen Mücke;38842;;5;144;0;1110;46;1046;1110
2026;2026-04-25;Dream Bowl Palace Unterföhring;tournament;Südbayerische Meisterschaft;1;Vorlauf;Jürgen Beer;25502;;5;168;0;993;97;1046;993
2026;2026-04-25;Dream Bowl Palace Unterföhring;tournament;Südbayerische Meisterschaft;1;Vorlauf;Jürgen Hockenjos;25993;;5;150;0;935;112;1046;935
2026;2026-04-25;Dream Bowl Palace Unterföhring;tournament;Südbayerische Meisterschaft;1;Vorlauf;Kilian Kral;38510;;5;201;0;1063;72;1046;1063
2026;2026-04-25;Dream Bowl Palace Unterföhring;tournament;Südbayerische Meisterschaft;1;Vorlauf;Klaus Lilge;7080;;5;211;0;1348;1;1046;1348
2026;2026-04-25;Dream Bowl Palace Unterföhring;tournament;Südbayerische Meisterschaft;1;Vorlauf;Konrad Schiller;38186;;5;198;0;1071;68;1046;1071
2026;2026-04-25;Dream Bowl Palace Unterföhring;tournament;Südbayerische Meisterschaft;1;Vorlauf;Kurt Schindlböck;16390;;5;183;0;1015;90;1046;1015
2026;2026-04-25;Dream Bowl Palace Unterföhring;tournament;Südbayerische Meisterschaft;1;Vorlauf;Louis Csallner;38993;;5;170;0;1036;85;1046;1036
2026;2026-04-25;Dream Bowl Palace Unterföhring;tournament;Südbayerische Meisterschaft;1;Vorlauf;Luca Köhler;38665;;5;159;0;1022;89;1046;1022
2026;2026-04-25;Dream Bowl Palace Unterföhring;tournament;Südbayerische Meisterschaft;1;Vorlauf;Lucas Kasenbacher;25340;;5;200;0;1083;59;1046;1083
2026;2026-04-25;Dream Bowl Palace Unterföhring;tournament;Südbayerische Meisterschaft;1;Vorlauf;Manfred Hartl;38065;;5;189;0;1014;91;1046;1014
2026;2026-04-25;Dream Bowl Palace Unterföhring;tournament;Südbayerische Meisterschaft;1;Vorlauf;Manfred Weidinger;38851;;5;164;0;1107;48;1046;1107
2026;2026-04-25;Dream Bowl Palace Unterföhring;tournament;Südbayerische Meisterschaft;1;Vorlauf;Marcel Müller;28367;;5;157;0;1071;67;1046;1071
2026;2026-04-25;Dream Bowl Palace Unterföhring;tournament;Südbayerische Meisterschaft;1;Vorlauf;Marco Probst;7602;;5;164;0;1086;57;1046;1086
2026;2026-04-25;Dream Bowl Palace Unterföhring;tournament;Südbayerische Meisterschaft;1;Vorlauf;Markus Auer;25788;;5;165;0;1035;87;1046;1035
2026;2026-04-25;Dream Bowl Palace Unterföhring;tournament;Südbayerische Meisterschaft;1;Vorlauf;Markus Hanauer;38314;;5;168;0;1212;13;1046;1212
2026;2026-04-25;Dream Bowl Palace Unterföhring;tournament;Südbayerische Meisterschaft;1;Vorlauf;Markus Schmied;38361;;5;139;0;1011;92;1046;1011
2026;2026-04-25;Dream Bowl Palace Unterföhring;tournament;Südbayerische Meisterschaft;1;Vorlauf;Martin Küchler;25826;;5;224;0;1147;37;1046;1147
2026;2026-04-25;Dream Bowl Palace Unterföhring;tournament;Südbayerische Meisterschaft;1;Vorlauf;Matthias Kuchling;16583;;5;148;0;1164;30;1046;1164
2026;2026-04-25;Dream Bowl Palace Unterföhring;tournament;Südbayerische Meisterschaft;1;Vorlauf;Max Wiemken;25557;;5;223;0;1084;58;1046;1084
2026;2026-04-25;Dream Bowl Palace Unterföhring;tournament;Südbayerische Meisterschaft;1;Vorlauf;Maximilian Herrmann;38892;;5;165;0;1046;80;1046;1046
2026;2026-04-25;Dream Bowl Palace Unterföhring;tournament;Südbayerische Meisterschaft;1;Vorlauf;Michael Auer;38459;;5;184;0;1099;50;1046;1099
2026;2026-04-25;Dream Bowl Palace Unterföhring;tournament;Südbayerische Meisterschaft;1;Vorlauf;Michael Brandt;38110;;5;146;0;1034;88;1046;1034
2026;2026-04-25;Dream Bowl Palace Unterföhring;tournament;Südbayerische Meisterschaft;1;Vorlauf;Michael Egger;25785;;5;221;0;1069;69;1046;1069
2026;2026-04-25;Dream Bowl Palace Unterföhring;tournament;Südbayerische Meisterschaft;1;Vorlauf;Michael Eisenmann-Seybold;7595;;5;217;0;1320;3;1046;1320
2026;2026-04-25;Dream Bowl Palace Unterföhring;tournament;Südbayerische Meisterschaft;1;Vorlauf;Michael Görn;7412;;5;215;0;1132;43;1046;1132
2026;2026-04-25;Dream Bowl Palace Unterföhring;tournament;Südbayerische Meisterschaft;1;Vorlauf;Michael Ring;7317;;5;204;0;1162;31;1046;1162
2026;2026-04-25;Dream Bowl Palace Unterföhring;tournament;Südbayerische Meisterschaft;1;Vorlauf;Michael Ruppert;38887;;5;148;0;908;115;1046;908
2026;2026-04-25;Dream Bowl Palace Unterföhring;tournament;Südbayerische Meisterschaft;1;Vorlauf;Moritz Wiemken;25830;;5;224;0;1332;2;1046;1332
2026;2026-04-25;Dream Bowl Palace Unterföhring;tournament;Südbayerische Meisterschaft;1;Vorlauf;Nicolas Kabel;38092;;5;214;0;1155;33;1046;1155
2026;2026-04-25;Dream Bowl Palace Unterföhring;tournament;Südbayerische Meisterschaft;1;Vorlauf;Olaf Krebs;16325;;5;177;0;1052;75;1046;1052
2026;2026-04-25;Dream Bowl Palace Unterföhring;tournament;Südbayerische Meisterschaft;1;Vorlauf;Oliver Schütze;38550;;5;225;0;1181;23;1046;1181
2026;2026-04-25;Dream Bowl Palace Unterföhring;tournament;Südbayerische Meisterschaft;1;Vorlauf;Pascal Gruber;38957;;5;176;0;982;103;1046;982
2026;2026-04-25;Dream Bowl Palace Unterföhring;tournament;Südbayerische Meisterschaft;1;Vorlauf;Patrick Baszler;7886;;5;170;0;1066;71;1046;1066
2026;2026-04-25;Dream Bowl Palace Unterföhring;tournament;Südbayerische Meisterschaft;1;Vorlauf;Patrick Thurner;38530;;5;166;0;1087;56;1046;1087
2026;2026-04-25;Dream Bowl Palace Unterföhring;tournament;Südbayerische Meisterschaft;1;Vorlauf;Peter Börding;7593;;5;207;0;1278;4;1046;1278
2026;2026-04-25;Dream Bowl Palace Unterföhring;tournament;Südbayerische Meisterschaft;1;Vorlauf;Peter Faßold;25390;;5;121;0;895;116;1046;895
2026;2026-04-25;Dream Bowl Palace Unterföhring;tournament;Südbayerische Meisterschaft;1;Vorlauf;Peter Steub;38586;;5;167;0;947;110;1046;947
2026;2026-04-25;Dream Bowl Palace Unterföhring;tournament;Südbayerische Meisterschaft;1;Vorlauf;Peter Walch;7493;;5;154;0;950;108;1046;950
2026;2026-04-25;Dream Bowl Palace Unterföhring;tournament;Südbayerische Meisterschaft;1;Vorlauf;Peter van Lengen;25297;;5;199;0;1074;66;1046;1074
2026;2026-04-25;Dream Bowl Palace Unterföhring;tournament;Südbayerische Meisterschaft;1;Vorlauf;Raiko Elze;38912;;5;189;0;1081;61;1046;1081
2026;2026-04-25;Dream Bowl Palace Unterföhring;tournament;Südbayerische Meisterschaft;1;Vorlauf;Rainer Schöllhorn;16069;;5;151;0;1039;82;1046;1039
2026;2026-04-25;Dream Bowl Palace Unterföhring;tournament;Südbayerische Meisterschaft;1;Vorlauf;Ralf Mielke;25842;;5;158;0;1053;74;1046;1053
2026;2026-04-25;Dream Bowl Palace Unterföhring;tournament;Südbayerische Meisterschaft;1;Vorlauf;Raphael Hofmann;38963;;5;168;0;1097;53;1046;1097
2026;2026-04-25;Dream Bowl Palace Unterföhring;tournament;Südbayerische Meisterschaft;1;Vorlauf;René Erben;25953;;5;237;0;1189;18;1046;1189
2026;2026-04-25;Dream Bowl Palace Unterföhring;tournament;Südbayerische Meisterschaft;1;Vorlauf;René Schanze;16524;;5;178;0;985;102;1046;985
2026;2026-04-25;Dream Bowl Palace Unterföhring;tournament;Südbayerische Meisterschaft;1;Vorlauf;Robert Faltermeier;38472;;5;224;0;1002;93;1046;1002
2026;2026-04-25;Dream Bowl Palace Unterföhring;tournament;Südbayerische Meisterschaft;1;Vorlauf;Robert Meissl;25778;;5;198;0;1052;76;1046;1052
2026;2026-04-25;Dream Bowl Palace Unterföhring;tournament;Südbayerische Meisterschaft;1;Vorlauf;Roberto Di Stefano;38970;;5;209;0;1075;65;1046;1075
2026;2026-04-25;Dream Bowl Palace Unterföhring;tournament;Südbayerische Meisterschaft;1;Vorlauf;Roland Hannemann;16336;;5;183;0;1229;7;1046;1229
2026;2026-04-25;Dream Bowl Palace Unterföhring;tournament;Südbayerische Meisterschaft;1;Vorlauf;Roland Heumos;38388;;5;180;0;995;95;1046;995
2026;2026-04-25;Dream Bowl Palace Unterföhring;tournament;Südbayerische Meisterschaft;1;Vorlauf;Sahin Köse;16002;;5;190;0;1075;63;1046;1075
2026;2026-04-25;Dream Bowl Palace Unterföhring;tournament;Südbayerische Meisterschaft;1;Vorlauf;Sebastian Hinterwimmer;7885;;5;222;0;1173;26;1046;1173
2026;2026-04-25;Dream Bowl Palace Unterföhring;tournament;Südbayerische Meisterschaft;1;Vorlauf;Sebastian Tesinski;38569;;5;151;0;934;113;1046;934
2026;2026-04-25;Dream Bowl Palace Unterföhring;tournament;Südbayerische Meisterschaft;1;Vorlauf;Selim Fliegner;38673;;5;144;0;1097;52;1046;1097
2026;2026-04-25;Dream Bowl Palace Unterföhring;tournament;Südbayerische Meisterschaft;1;Vorlauf;Sergio Tavares;22116;;5;125;0;1067;70;1046;1067
2026;2026-04-25;Dream Bowl Palace Unterföhring;tournament;Südbayerische Meisterschaft;1;Vorlauf;Stefan Müller;7607;;5;228;0;1211;15;1046;1211
2026;2026-04-25;Dream Bowl Palace Unterföhring;tournament;Südbayerische Meisterschaft;1;Vorlauf;Stephan Scheigenpflug;10080;;5;138;0;998;94;1046;998
2026;2026-04-25;Dream Bowl Palace Unterföhring;tournament;Südbayerische Meisterschaft;1;Vorlauf;Thomas Albrecht;7641;;5;204;0;1157;32;1046;1157
2026;2026-04-25;Dream Bowl Palace Unterföhring;tournament;Südbayerische Meisterschaft;1;Vorlauf;Thomas Auer;16888;;5;201;0;1205;16;1046;1205
2026;2026-04-25;Dream Bowl Palace Unterföhring;tournament;Südbayerische Meisterschaft;1;Vorlauf;Thomas Hantschel;38450;;5;213;0;1081;60;1046;1081
2026;2026-04-25;Dream Bowl Palace Unterföhring;tournament;Südbayerische Meisterschaft;1;Vorlauf;Thomas Kalkschmied;25672;;5;199;0;1154;34;1046;1154
2026;2026-04-25;Dream Bowl Palace Unterföhring;tournament;Südbayerische Meisterschaft;1;Vorlauf;Thomas Vogt;10903;;5;113;0;732;117;1046;732
2026;2026-04-25;Dream Bowl Palace Unterföhring;tournament;Südbayerische Meisterschaft;1;Vorlauf;Thomas Wiedemann;7028;;5;171;0;1052;77;1046;1052
2026;2026-04-25;Dream Bowl Palace Unterföhring;tournament;Südbayerische Meisterschaft;1;Vorlauf;Timo Baumann;16024;;5;181;0;1183;21;1046;1183
2026;2026-04-25;Dream Bowl Palace Unterföhring;tournament;Südbayerische Meisterschaft;1;Vorlauf;Tindaro Famà;38730;;5;201;0;1165;29;1046;1165
2026;2026-04-25;Dream Bowl Palace Unterföhring;tournament;Südbayerische Meisterschaft;1;Vorlauf;Tobias Börding;7592;;5;215;0;1224;10;1046;1224
2026;2026-04-25;Dream Bowl Palace Unterföhring;tournament;Südbayerische Meisterschaft;1;Vorlauf;Tobias Wiedemann;25695;;5;227;0;1247;6;1046;1247
2026;2026-04-25;Dream Bowl Palace Unterföhring;tournament;Südbayerische Meisterschaft;1;Vorlauf;Tom Eck;38050;;5;191;0;1226;9;1046;1226
2026;2026-04-25;Dream Bowl Palace Unterföhring;tournament;Südbayerische Meisterschaft;1;Vorlauf;Torsten Fliegner;7418;;5;200;0;1144;39;1046;1144
2026;2026-04-25;Dream Bowl Palace Unterföhring;tournament;Südbayerische Meisterschaft;1;Vorlauf;Walter Lederle;16402;;5;202;0;1107;47;1046;1107
2026;2026-04-25;Dream Bowl Palace Unterföhring;tournament;Südbayerische Meisterschaft;1;Vorlauf;Werner Kraus;25302;;5;167;0;965;107;1046;965
2026;2026-04-25;Dream Bowl Palace Unterföhring;tournament;Südbayerische Meisterschaft;1;Vorlauf;Werner Nägele;7321;;5;145;0;994;96;1046;994
2026;2026-04-26;Dream Bowl Palace Unterföhring;tournament;Südbayerische Meisterschaft;2;Zwischenlauf;Alberto Salazar;38113;;0;179;0;179;43;181;179
2026;2026-04-26;Dream Bowl Palace Unterföhring;tournament;Südbayerische Meisterschaft;2;Zwischenlauf;Alexander Egger;38541;;0;195;0;195;27;181;195
2026;2026-04-26;Dream Bowl Palace Unterföhring;tournament;Südbayerische Meisterschaft;2;Zwischenlauf;Alexander Koller;7879;;0;238;0;238;3;181;238
2026;2026-04-26;Dream Bowl Palace Unterföhring;tournament;Südbayerische Meisterschaft;2;Zwischenlauf;Alexander Wiedemann;25849;;0;210;0;210;15;181;210
2026;2026-04-26;Dream Bowl Palace Unterföhring;tournament;Südbayerische Meisterschaft;2;Zwischenlauf;Andre Michow;16965;;0;215;0;215;10;181;215
2026;2026-04-26;Dream Bowl Palace Unterföhring;tournament;Südbayerische Meisterschaft;2;Zwischenlauf;Andreas Heß;7030;;0;149;0;149;72;181;149
2026;2026-04-26;Dream Bowl Palace Unterföhring;tournament;Südbayerische Meisterschaft;2;Zwischenlauf;Andreas Hölzl;38305;;0;152;0;152;70;181;152
2026;2026-04-26;Dream Bowl Palace Unterföhring;tournament;Südbayerische Meisterschaft;2;Zwischenlauf;Andreas Schöllhorn;38568;;0;168;0;168;59;181;168
2026;2026-04-26;Dream Bowl Palace Unterföhring;tournament;Südbayerische Meisterschaft;2;Zwischenlauf;André Knoch;25629;;0;128;0;128;79;181;128
2026;2026-04-26;Dream Bowl Palace Unterföhring;tournament;Südbayerische Meisterschaft;2;Zwischenlauf;Anton Mutz;25005;;0;151;0;151;71;181;151
2026;2026-04-26;Dream Bowl Palace Unterföhring;tournament;Südbayerische Meisterschaft;2;Zwischenlauf;Bernd Wiemken;25203;;0;205;0;205;17;181;205
2026;2026-04-26;Dream Bowl Palace Unterföhring;tournament;Südbayerische Meisterschaft;2;Zwischenlauf;Brandon Alexander Lucas;38648;;0;213;0;213;12;181;213
2026;2026-04-26;Dream Bowl Palace Unterföhring;tournament;Südbayerische Meisterschaft;2;Zwischenlauf;Bruno Gärtner;25649;;0;178;0;178;44;181;178
2026;2026-04-26;Dream Bowl Palace Unterföhring;tournament;Südbayerische Meisterschaft;2;Zwischenlauf;Carlo Luft;38652;;0;200;0;200;23;181;200
2026;2026-04-26;Dream Bowl Palace Unterföhring;tournament;Südbayerische Meisterschaft;2;Zwischenlauf;Christian Müller;38996;;0;178;0;178;46;181;178
2026;2026-04-26;Dream Bowl Palace Unterföhring;tournament;Südbayerische Meisterschaft;2;Zwischenlauf;Christian Schrempf;7646;;0;197;0;197;24;181;197
2026;2026-04-26;Dream Bowl Palace Unterföhring;tournament;Südbayerische Meisterschaft;2;Zwischenlauf;Clément Perrin;38995;;0;256;0;256;1;181;256
2026;2026-04-26;Dream Bowl Palace Unterföhring;tournament;Südbayerische Meisterschaft;2;Zwischenlauf;Daniel Börding;7591;;0;223;0;223;7;181;223
2026;2026-04-26;Dream Bowl Palace Unterföhring;tournament;Südbayerische Meisterschaft;2;Zwischenlauf;Daniel Hellmich;7314;;0;247;0;247;2;181;247
2026;2026-04-26;Dream Bowl Palace Unterföhring;tournament;Südbayerische Meisterschaft;2;Zwischenlauf;Eberhard Rietz;25631;;0;179;0;179;42;181;179
2026;2026-04-26;Dream Bowl Palace Unterföhring;tournament;Südbayerische Meisterschaft;2;Zwischenlauf;Eduard Bolender;25408;;0;182;0;182;39;181;182
2026;2026-04-26;Dream Bowl Palace Unterföhring;tournament;Südbayerische Meisterschaft;2;Zwischenlauf;Enrico Blättermann;38216;;0;157;0;157;66;181;157
2026;2026-04-26;Dream Bowl Palace Unterföhring;tournament;Südbayerische Meisterschaft;2;Zwischenlauf;Erwin Schmidle;38480;;0;168;0;168;58;181;168
2026;2026-04-26;Dream Bowl Palace Unterföhring;tournament;Südbayerische Meisterschaft;2;Zwischenlauf;Florian Stangl;25690;;0;226;0;226;5;181;226
2026;2026-04-26;Dream Bowl Palace Unterföhring;tournament;Südbayerische Meisterschaft;2;Zwischenlauf;Gregor Arapow;38575;;0;224;0;224;6;181;224
2026;2026-04-26;Dream Bowl Palace Unterföhring;tournament;Südbayerische Meisterschaft;2;Zwischenlauf;Günter Denz;16398;;0;165;0;165;62;181;165
2026;2026-04-26;Dream Bowl Palace Unterföhring;tournament;Südbayerische Meisterschaft;2;Zwischenlauf;Harald Eggl;25229;;0;212;0;212;14;181;212
2026;2026-04-26;Dream Bowl Palace Unterföhring;tournament;Südbayerische Meisterschaft;2;Zwischenlauf;Harald Laub;7597;;0;177;0;177;47;181;177
2026;2026-04-26;Dream Bowl Palace Unterföhring;tournament;Südbayerische Meisterschaft;2;Zwischenlauf;Jan Musiol;25166;;0;189;0;189;32;181;189
2026;2026-04-26;Dream Bowl Palace Unterföhring;tournament;Südbayerische Meisterschaft;2;Zwischenlauf;Joachim Geist;16807;;0;141;0;141;76;181;141
2026;2026-04-26;Dream Bowl Palace Unterföhring;tournament;Südbayerische Meisterschaft;2;Zwischenlauf;Jochen Mücke;38842;;0;216;0;216;9;181;216
2026;2026-04-26;Dream Bowl Palace Unterföhring;tournament;Südbayerische Meisterschaft;2;Zwischenlauf;Kilian Kral;38510;;0;185;0;185;36;181;185
2026;2026-04-26;Dream Bowl Palace Unterföhring;tournament;Südbayerische Meisterschaft;2;Zwischenlauf;Klaus Lilge;7080;;0;148;0;148;74;181;148
2026;2026-04-26;Dream Bowl Palace Unterföhring;tournament;Südbayerische Meisterschaft;2;Zwischenlauf;Konrad Schiller;38186;;0;204;0;204;19;181;204
2026;2026-04-26;Dream Bowl Palace Unterföhring;tournament;Südbayerische Meisterschaft;2;Zwischenlauf;Lucas Kasenbacher;25340;;0;196;0;196;25;181;196
2026;2026-04-26;Dream Bowl Palace Unterföhring;tournament;Südbayerische Meisterschaft;2;Zwischenlauf;Manfred Weidinger;38851;;0;165;0;165;63;181;165
2026;2026-04-26;Dream Bowl Palace Unterföhring;tournament;Südbayerische Meisterschaft;2;Zwischenlauf;Marcel Müller;28367;;0;217;0;217;8;181;217
2026;2026-04-26;Dream Bowl Palace Unterföhring;tournament;Südbayerische Meisterschaft;2;Zwischenlauf;Marco Probst;7602;;0;166;0;166;61;181;166
2026;2026-04-26;Dream Bowl Palace Unterföhring;tournament;Südbayerische Meisterschaft;2;Zwischenlauf;Markus Hanauer;38314;;0;154;0;154;68;181;154
2026;2026-04-26;Dream Bowl Palace Unterföhring;tournament;Südbayerische Meisterschaft;2;Zwischenlauf;Martin Küchler;25826;;0;178;0;178;45;181;178
2026;2026-04-26;Dream Bowl Palace Unterföhring;tournament;Südbayerische Meisterschaft;2;Zwischenlauf;Matthias Kuchling;16583;;0;182;0;182;38;181;182
2026;2026-04-26;Dream Bowl Palace Unterföhring;tournament;Südbayerische Meisterschaft;2;Zwischenlauf;Max Wiemken;25557;;0;191;0;191;30;181;191
2026;2026-04-26;Dream Bowl Palace Unterföhring;tournament;Südbayerische Meisterschaft;2;Zwischenlauf;Maximilian Herrmann;38892;;0;174;0;174;50;181;174
2026;2026-04-26;Dream Bowl Palace Unterföhring;tournament;Südbayerische Meisterschaft;2;Zwischenlauf;Michael Auer;38459;;0;185;0;185;35;181;185
2026;2026-04-26;Dream Bowl Palace Unterföhring;tournament;Südbayerische Meisterschaft;2;Zwischenlauf;Michael Eisenmann-Seybold;7595;;0;235;0;235;4;181;235
2026;2026-04-26;Dream Bowl Palace Unterföhring;tournament;Südbayerische Meisterschaft;2;Zwischenlauf;Michael Görn;7412;;0;183;0;183;37;181;183
2026;2026-04-26;Dream Bowl Palace Unterföhring;tournament;Südbayerische Meisterschaft;2;Zwischenlauf;Michael Ring;7317;;0;154;0;154;69;181;154
2026;2026-04-26;Dream Bowl Palace Unterföhring;tournament;Südbayerische Meisterschaft;2;Zwischenlauf;Moritz Wiemken;25830;;0;169;0;169;57;181;169
2026;2026-04-26;Dream Bowl Palace Unterföhring;tournament;Südbayerische Meisterschaft;2;Zwischenlauf;Nicolas Kabel;38092;;0;188;0;188;34;181;188
2026;2026-04-26;Dream Bowl Palace Unterföhring;tournament;Südbayerische Meisterschaft;2;Zwischenlauf;Olaf Krebs;16325;;0;203;0;203;20;181;203
2026;2026-04-26;Dream Bowl Palace Unterföhring;tournament;Südbayerische Meisterschaft;2;Zwischenlauf;Oliver Schütze;38550;;0;129;0;129;78;181;129
2026;2026-04-26;Dream Bowl Palace Unterföhring;tournament;Südbayerische Meisterschaft;2;Zwischenlauf;Patrick Baszler;7886;;0;205;0;205;18;181;205
2026;2026-04-26;Dream Bowl Palace Unterföhring;tournament;Südbayerische Meisterschaft;2;Zwischenlauf;Patrick Thurner;38530;;0;181;0;181;40;181;181
2026;2026-04-26;Dream Bowl Palace Unterföhring;tournament;Südbayerische Meisterschaft;2;Zwischenlauf;Peter Börding;7593;;0;196;0;196;26;181;196
2026;2026-04-26;Dream Bowl Palace Unterföhring;tournament;Südbayerische Meisterschaft;2;Zwischenlauf;Peter van Lengen;25297;;0;173;0;173;51;181;173
2026;2026-04-26;Dream Bowl Palace Unterföhring;tournament;Südbayerische Meisterschaft;2;Zwischenlauf;Raiko Elze;38912;;0;176;0;176;48;181;176
2026;2026-04-26;Dream Bowl Palace Unterföhring;tournament;Südbayerische Meisterschaft;2;Zwischenlauf;Rainer Schöllhorn;16069;;0;139;0;139;77;181;139
2026;2026-04-26;Dream Bowl Palace Unterföhring;tournament;Südbayerische Meisterschaft;2;Zwischenlauf;Ralf Mielke;25842;;0;207;0;207;16;181;207
2026;2026-04-26;Dream Bowl Palace Unterföhring;tournament;Südbayerische Meisterschaft;2;Zwischenlauf;Raphael Hofmann;38963;;0;156;0;156;67;181;156
2026;2026-04-26;Dream Bowl Palace Unterföhring;tournament;Südbayerische Meisterschaft;2;Zwischenlauf;René Erben;25953;;0;145;0;145;75;181;145
2026;2026-04-26;Dream Bowl Palace Unterföhring;tournament;Südbayerische Meisterschaft;2;Zwischenlauf;Robert Meissl;25778;;0;148;0;148;73;181;148
2026;2026-04-26;Dream Bowl Palace Unterföhring;tournament;Südbayerische Meisterschaft;2;Zwischenlauf;Roberto Di Stefano;38970;;0;171;0;171;55;181;171
2026;2026-04-26;Dream Bowl Palace Unterföhring;tournament;Südbayerische Meisterschaft;2;Zwischenlauf;Roland Hannemann;16336;;0;172;0;172;53;181;172
2026;2026-04-26;Dream Bowl Palace Unterföhring;tournament;Südbayerische Meisterschaft;2;Zwischenlauf;Sahin Köse;16002;;0;172;0;172;52;181;172
2026;2026-04-26;Dream Bowl Palace Unterföhring;tournament;Südbayerische Meisterschaft;2;Zwischenlauf;Sebastian Hinterwimmer;7885;;0;201;0;201;22;181;201
2026;2026-04-26;Dream Bowl Palace Unterföhring;tournament;Südbayerische Meisterschaft;2;Zwischenlauf;Selim Fliegner;38673;;0;201;0;201;21;181;201
2026;2026-04-26;Dream Bowl Palace Unterföhring;tournament;Südbayerische Meisterschaft;2;Zwischenlauf;Sergio Tavares;22116;;0;157;0;157;65;181;157
2026;2026-04-26;Dream Bowl Palace Unterföhring;tournament;Südbayerische Meisterschaft;2;Zwischenlauf;Stefan Müller;7607;;0;213;0;213;13;181;213
2026;2026-04-26;Dream Bowl Palace Unterföhring;tournament;Südbayerische Meisterschaft;2;Zwischenlauf;Thomas Albrecht;7641;;0;181;0;181;41;181;181
2026;2026-04-26;Dream Bowl Palace Unterföhring;tournament;Südbayerische Meisterschaft;2;Zwischenlauf;Thomas Auer;16888;;0;191;0;191;29;181;191
2026;2026-04-26;Dream Bowl Palace Unterföhring;tournament;Südbayerische Meisterschaft;2;Zwischenlauf;Thomas Hantschel;38450;;0;122;0;122;80;181;122
2026;2026-04-26;Dream Bowl Palace Unterföhring;tournament;Südbayerische Meisterschaft;2;Zwischenlauf;Thomas Kalkschmied;25672;;0;188;0;188;33;181;188
2026;2026-04-26;Dream Bowl Palace Unterföhring;tournament;Südbayerische Meisterschaft;2;Zwischenlauf;Thomas Wiedemann;7028;;0;167;0;167;60;181;167
2026;2026-04-26;Dream Bowl Palace Unterföhring;tournament;Südbayerische Meisterschaft;2;Zwischenlauf;Timo Baumann;16024;;0;174;0;174;49;181;174
2026;2026-04-26;Dream Bowl Palace Unterföhring;tournament;Südbayerische Meisterschaft;2;Zwischenlauf;Tindaro Famà;38730;;0;171;0;171;54;181;171
2026;2026-04-26;Dream Bowl Palace Unterföhring;tournament;Südbayerische Meisterschaft;2;Zwischenlauf;Tobias Börding;7592;;0;214;0;214;11;181;214
2026;2026-04-26;Dream Bowl Palace Unterföhring;tournament;Südbayerische Meisterschaft;2;Zwischenlauf;Tobias Wiedemann;25695;;0;160;0;160;64;181;160
2026;2026-04-26;Dream Bowl Palace Unterföhring;tournament;Südbayerische Meisterschaft;2;Zwischenlauf;Tom Eck;38050;;0;193;0;193;28;181;193
2026;2026-04-26;Dream Bowl Palace Unterföhring;tournament;Südbayerische Meisterschaft;2;Zwischenlauf;Torsten Fliegner;7418;;0;170;0;170;56;181;170
2026;2026-04-26;Dream Bowl Palace Unterföhring;tournament;Südbayerische Meisterschaft;2;Zwischenlauf;Walter Lederle;16402;;0;190;0;190;31;181;190
2026;2026-04-26;Dream Bowl Palace Unterföhring;tournament;Südbayerische Meisterschaft;2;Zwischenlauf;Alberto Salazar;38113;;1;140;0;319;71;367;319
2026;2026-04-26;Dream Bowl Palace Unterföhring;tournament;Südbayerische Meisterschaft;2;Zwischenlauf;Alexander Egger;38541;;1;193;0;388;26;367;388
2026;2026-04-26;Dream Bowl Palace Unterföhring;tournament;Südbayerische Meisterschaft;2;Zwischenlauf;Alexander Koller;7879;;1;234;0;472;1;367;472
2026;2026-04-26;Dream Bowl Palace Unterföhring;tournament;Südbayerische Meisterschaft;2;Zwischenlauf;Alexander Wiedemann;25849;;1;188;0;398;20;367;398
2026;2026-04-26;Dream Bowl Palace Unterföhring;tournament;Südbayerische Meisterschaft;2;Zwischenlauf;Andre Michow;16965;;1;155;0;370;37;367;370
2026;2026-04-26;Dream Bowl Palace Unterföhring;tournament;Südbayerische Meisterschaft;2;Zwischenlauf;Andreas Heß;7030;;1;182;0;331;65;367;331
2026;2026-04-26;Dream Bowl Palace Unterföhring;tournament;Südbayerische Meisterschaft;2;Zwischenlauf;Andreas Hölzl;38305;;1;136;0;288;76;367;288
2026;2026-04-26;Dream Bowl Palace Unterföhring;tournament;Südbayerische Meisterschaft;2;Zwischenlauf;Andreas Schöllhorn;38568;;1;158;0;326;69;367;326
2026;2026-04-26;Dream Bowl Palace Unterföhring;tournament;Südbayerische Meisterschaft;2;Zwischenlauf;André Knoch;25629;;1;153;0;281;77;367;281
2026;2026-04-26;Dream Bowl Palace Unterföhring;tournament;Südbayerische Meisterschaft;2;Zwischenlauf;Anton Mutz;25005;;1;181;0;332;64;367;332
2026;2026-04-26;Dream Bowl Palace Unterföhring;tournament;Südbayerische Meisterschaft;2;Zwischenlauf;Bernd Wiemken;25203;;1;241;0;446;4;367;446
2026;2026-04-26;Dream Bowl Palace Unterföhring;tournament;Südbayerische Meisterschaft;2;Zwischenlauf;Brandon Alexander Lucas;38648;;1;204;0;417;13;367;417
2026;2026-04-26;Dream Bowl Palace Unterföhring;tournament;Südbayerische Meisterschaft;2;Zwischenlauf;Bruno Gärtner;25649;;1;148;0;326;68;367;326
2026;2026-04-26;Dream Bowl Palace Unterföhring;tournament;Südbayerische Meisterschaft;2;Zwischenlauf;Carlo Luft;38652;;1;171;0;371;36;367;371
2026;2026-04-26;Dream Bowl Palace Unterföhring;tournament;Südbayerische Meisterschaft;2;Zwischenlauf;Christian Müller;38996;;1;194;0;372;34;367;372
2026;2026-04-26;Dream Bowl Palace Unterföhring;tournament;Südbayerische Meisterschaft;2;Zwischenlauf;Christian Schrempf;7646;;1;203;0;400;19;367;400
2026;2026-04-26;Dream Bowl Palace Unterföhring;tournament;Südbayerische Meisterschaft;2;Zwischenlauf;Clément Perrin;38995;;1;180;0;436;6;367;436
2026;2026-04-26;Dream Bowl Palace Unterföhring;tournament;Südbayerische Meisterschaft;2;Zwischenlauf;Daniel Börding;7591;;1;215;0;438;5;367;438
2026;2026-04-26;Dream Bowl Palace Unterföhring;tournament;Südbayerische Meisterschaft;2;Zwischenlauf;Daniel Hellmich;7314;;1;208;0;455;2;367;455
2026;2026-04-26;Dream Bowl Palace Unterföhring;tournament;Südbayerische Meisterschaft;2;Zwischenlauf;Eduard Bolender;25408;;1;189;0;371;35;367;371
2026;2026-04-26;Dream Bowl Palace Unterföhring;tournament;Südbayerische Meisterschaft;2;Zwischenlauf;Enrico Blättermann;38216;;1;230;0;387;27;367;387
2026;2026-04-26;Dream Bowl Palace Unterföhring;tournament;Südbayerische Meisterschaft;2;Zwischenlauf;Erwin Schmidle;38480;;1;192;0;360;46;367;360
2026;2026-04-26;Dream Bowl Palace Unterföhring;tournament;Südbayerische Meisterschaft;2;Zwischenlauf;Florian Stangl;25690;;1;183;0;409;15;367;409
2026;2026-04-26;Dream Bowl Palace Unterföhring;tournament;Südbayerische Meisterschaft;2;Zwischenlauf;Gregor Arapow;38575;;1;183;0;407;17;367;407
2026;2026-04-26;Dream Bowl Palace Unterföhring;tournament;Südbayerische Meisterschaft;2;Zwischenlauf;Günter Denz;16398;;1;180;0;345;53;367;345
2026;2026-04-26;Dream Bowl Palace Unterföhring;tournament;Südbayerische Meisterschaft;2;Zwischenlauf;Harald Eggl;25229;;1;178;0;390;24;367;390
2026;2026-04-26;Dream Bowl Palace Unterföhring;tournament;Südbayerische Meisterschaft;2;Zwischenlauf;Harald Laub;7597;;1;232;0;409;16;367;409
2026;2026-04-26;Dream Bowl Palace Unterföhring;tournament;Südbayerische Meisterschaft;2;Zwischenlauf;Jan Musiol;25166;;1;200;0;389;25;367;389
2026;2026-04-26;Dream Bowl Palace Unterföhring;tournament;Südbayerische Meisterschaft;2;Zwischenlauf;Joachim Geist;16807;;1;212;0;353;49;367;353
2026;2026-04-26;Dream Bowl Palace Unterföhring;tournament;Südbayerische Meisterschaft;2;Zwischenlauf;Jochen Mücke;38842;;1;152;0;368;38;367;368
2026;2026-04-26;Dream Bowl Palace Unterföhring;tournament;Südbayerische Meisterschaft;2;Zwischenlauf;Kilian Kral;38510;;1;149;0;334;62;367;334
2026;2026-04-26;Dream Bowl Palace Unterföhring;tournament;Südbayerische Meisterschaft;2;Zwischenlauf;Klaus Lilge;7080;;1;187;0;335;60;367;335
2026;2026-04-26;Dream Bowl Palace Unterföhring;tournament;Südbayerische Meisterschaft;2;Zwischenlauf;Konrad Schiller;38186;;1;180;0;384;28;367;384
2026;2026-04-26;Dream Bowl Palace Unterföhring;tournament;Südbayerische Meisterschaft;2;Zwischenlauf;Lucas Kasenbacher;25340;;1;226;0;422;9;367;422
2026;2026-04-26;Dream Bowl Palace Unterföhring;tournament;Südbayerische Meisterschaft;2;Zwischenlauf;Manfred Weidinger;38851;;1;162;0;327;67;367;327
2026;2026-04-26;Dream Bowl Palace Unterföhring;tournament;Südbayerische Meisterschaft;2;Zwischenlauf;Marcel Müller;28367;;1;205;0;422;10;367;422
2026;2026-04-26;Dream Bowl Palace Unterföhring;tournament;Südbayerische Meisterschaft;2;Zwischenlauf;Marco Probst;7602;;1;160;0;326;70;367;326
2026;2026-04-26;Dream Bowl Palace Unterföhring;tournament;Südbayerische Meisterschaft;2;Zwischenlauf;Markus Hanauer;38314;;1;113;0;267;78;367;267
2026;2026-04-26;Dream Bowl Palace Unterföhring;tournament;Südbayerische Meisterschaft;2;Zwischenlauf;Martin Küchler;25826;;1;189;0;367;39;367;367
2026;2026-04-26;Dream Bowl Palace Unterföhring;tournament;Südbayerische Meisterschaft;2;Zwischenlauf;Matthias Kuchling;16583;;1;161;0;343;54;367;343
2026;2026-04-26;Dream Bowl Palace Unterföhring;tournament;Südbayerische Meisterschaft;2;Zwischenlauf;Max Wiemken;25557;;1;175;0;366;42;367;366
2026;2026-04-26;Dream Bowl Palace Unterföhring;tournament;Südbayerische Meisterschaft;2;Zwischenlauf;Maximilian Herrmann;38892;;1;163;0;337;59;367;337
2026;2026-04-26;Dream Bowl Palace Unterföhring;tournament;Südbayerische Meisterschaft;2;Zwischenlauf;Michael Auer;38459;;1;190;0;375;30;367;375
2026;2026-04-26;Dream Bowl Palace Unterföhring;tournament;Südbayerische Meisterschaft;2;Zwischenlauf;Michael Eisenmann-Seybold;7595;;1;161;0;396;23;367;396
2026;2026-04-26;Dream Bowl Palace Unterföhring;tournament;Südbayerische Meisterschaft;2;Zwischenlauf;Michael Görn;7412;;1;201;0;384;29;367;384
2026;2026-04-26;Dream Bowl Palace Unterföhring;tournament;Südbayerische Meisterschaft;2;Zwischenlauf;Michael Ring;7317;;1;180;0;334;63;367;334
2026;2026-04-26;Dream Bowl Palace Unterföhring;tournament;Südbayerische Meisterschaft;2;Zwischenlauf;Moritz Wiemken;25830;;1;182;0;351;50;367;351
2026;2026-04-26;Dream Bowl Palace Unterföhring;tournament;Südbayerische Meisterschaft;2;Zwischenlauf;Nicolas Kabel;38092;;1;186;0;374;32;367;374
2026;2026-04-26;Dream Bowl Palace Unterföhring;tournament;Südbayerische Meisterschaft;2;Zwischenlauf;Olaf Krebs;16325;;1;223;0;426;8;367;426
2026;2026-04-26;Dream Bowl Palace Unterföhring;tournament;Südbayerische Meisterschaft;2;Zwischenlauf;Oliver Schütze;38550;;1;177;0;306;74;367;306
2026;2026-04-26;Dream Bowl Palace Unterföhring;tournament;Südbayerische Meisterschaft;2;Zwischenlauf;Patrick Baszler;7886;;1;213;0;418;11;367;418
2026;2026-04-26;Dream Bowl Palace Unterföhring;tournament;Südbayerische Meisterschaft;2;Zwischenlauf;Patrick Thurner;38530;;1;186;0;367;40;367;367
2026;2026-04-26;Dream Bowl Palace Unterföhring;tournament;Südbayerische Meisterschaft;2;Zwischenlauf;Peter Börding;7593;;1;179;0;375;31;367;375
2026;2026-04-26;Dream Bowl Palace Unterföhring;tournament;Südbayerische Meisterschaft;2;Zwischenlauf;Peter van Lengen;25297;;1;189;0;362;45;367;362
2026;2026-04-26;Dream Bowl Palace Unterföhring;tournament;Südbayerische Meisterschaft;2;Zwischenlauf;Raiko Elze;38912;;1;162;0;338;57;367;338
2026;2026-04-26;Dream Bowl Palace Unterföhring;tournament;Südbayerische Meisterschaft;2;Zwischenlauf;Rainer Schöllhorn;16069;;1;200;0;339;56;367;339
2026;2026-04-26;Dream Bowl Palace Unterföhring;tournament;Südbayerische Meisterschaft;2;Zwischenlauf;Ralf Mielke;25842;;1;190;0;397;22;367;397
2026;2026-04-26;Dream Bowl Palace Unterföhring;tournament;Südbayerische Meisterschaft;2;Zwischenlauf;Raphael Hofmann;38963;;1;194;0;350;51;367;350
2026;2026-04-26;Dream Bowl Palace Unterföhring;tournament;Südbayerische Meisterschaft;2;Zwischenlauf;René Erben;25953;;1;213;0;358;47;367;358
2026;2026-04-26;Dream Bowl Palace Unterföhring;tournament;Südbayerische Meisterschaft;2;Zwischenlauf;Robert Meissl;25778;;1;157;0;305;75;367;305
2026;2026-04-26;Dream Bowl Palace Unterföhring;tournament;Südbayerische Meisterschaft;2;Zwischenlauf;Roberto Di Stefano;38970;;1;171;0;342;55;367;342
2026;2026-04-26;Dream Bowl Palace Unterföhring;tournament;Südbayerische Meisterschaft;2;Zwischenlauf;Roland Hannemann;16336;;1;192;0;364;43;367;364
2026;2026-04-26;Dream Bowl Palace Unterföhring;tournament;Südbayerische Meisterschaft;2;Zwischenlauf;Sahin Köse;16002;;1;245;0;417;12;367;417
2026;2026-04-26;Dream Bowl Palace Unterföhring;tournament;Südbayerische Meisterschaft;2;Zwischenlauf;Sebastian Hinterwimmer;7885;;1;206;0;407;18;367;407
2026;2026-04-26;Dream Bowl Palace Unterföhring;tournament;Südbayerische Meisterschaft;2;Zwischenlauf;Selim Fliegner;38673;;1;227;0;428;7;367;428
2026;2026-04-26;Dream Bowl Palace Unterföhring;tournament;Südbayerische Meisterschaft;2;Zwischenlauf;Sergio Tavares;22116;;1;161;0;318;72;367;318
2026;2026-04-26;Dream Bowl Palace Unterföhring;tournament;Südbayerische Meisterschaft;2;Zwischenlauf;Stefan Müller;7607;;1;197;0;410;14;367;410
2026;2026-04-26;Dream Bowl Palace Unterföhring;tournament;Südbayerische Meisterschaft;2;Zwischenlauf;Thomas Albrecht;7641;;1;149;0;330;66;367;330
2026;2026-04-26;Dream Bowl Palace Unterföhring;tournament;Südbayerische Meisterschaft;2;Zwischenlauf;Thomas Auer;16888;;1;206;0;397;21;367;397
2026;2026-04-26;Dream Bowl Palace Unterföhring;tournament;Südbayerische Meisterschaft;2;Zwischenlauf;Thomas Hantschel;38450;;1;133;0;255;79;367;255
2026;2026-04-26;Dream Bowl Palace Unterföhring;tournament;Südbayerische Meisterschaft;2;Zwischenlauf;Thomas Kalkschmied;25672;;1;146;0;334;61;367;334
2026;2026-04-26;Dream Bowl Palace Unterföhring;tournament;Südbayerische Meisterschaft;2;Zwischenlauf;Thomas Wiedemann;7028;;1;183;0;350;52;367;350
2026;2026-04-26;Dream Bowl Palace Unterföhring;tournament;Südbayerische Meisterschaft;2;Zwischenlauf;Timo Baumann;16024;;1;192;0;366;41;367;366
2026;2026-04-26;Dream Bowl Palace Unterföhring;tournament;Südbayerische Meisterschaft;2;Zwischenlauf;Tindaro Famà;38730;;1;201;0;372;33;367;372
2026;2026-04-26;Dream Bowl Palace Unterföhring;tournament;Südbayerische Meisterschaft;2;Zwischenlauf;Tobias Börding;7592;;1;234;0;448;3;367;448
2026;2026-04-26;Dream Bowl Palace Unterföhring;tournament;Südbayerische Meisterschaft;2;Zwischenlauf;Tobias Wiedemann;25695;;1;154;0;314;73;367;314
2026;2026-04-26;Dream Bowl Palace Unterföhring;tournament;Südbayerische Meisterschaft;2;Zwischenlauf;Tom Eck;38050;;1;170;0;363;44;367;363
2026;2026-04-26;Dream Bowl Palace Unterföhring;tournament;Südbayerische Meisterschaft;2;Zwischenlauf;Torsten Fliegner;7418;;1;168;0;338;58;367;338
2026;2026-04-26;Dream Bowl Palace Unterföhring;tournament;Südbayerische Meisterschaft;2;Zwischenlauf;Walter Lederle;16402;;1;166;0;356;48;367;356
2026;2026-04-26;Dream Bowl Palace Unterföhring;tournament;Südbayerische Meisterschaft;2;Zwischenlauf;Alberto Salazar;38113;;2;174;0;493;67;554;493
2026;2026-04-26;Dream Bowl Palace Unterföhring;tournament;Südbayerische Meisterschaft;2;Zwischenlauf;Alexander Egger;38541;;2;181;0;569;36;554;569
2026;2026-04-26;Dream Bowl Palace Unterföhring;tournament;Südbayerische Meisterschaft;2;Zwischenlauf;Alexander Koller;7879;;2;205;0;677;1;554;677
2026;2026-04-26;Dream Bowl Palace Unterföhring;tournament;Südbayerische Meisterschaft;2;Zwischenlauf;Alexander Wiedemann;25849;;2;192;0;590;20;554;590
2026;2026-04-26;Dream Bowl Palace Unterföhring;tournament;Südbayerische Meisterschaft;2;Zwischenlauf;Andre Michow;16965;;2;210;0;580;28;554;580
2026;2026-04-26;Dream Bowl Palace Unterföhring;tournament;Südbayerische Meisterschaft;2;Zwischenlauf;Andreas Heß;7030;;2;137;0;468;75;554;468
2026;2026-04-26;Dream Bowl Palace Unterföhring;tournament;Südbayerische Meisterschaft;2;Zwischenlauf;Andreas Hölzl;38305;;2;136;0;424;79;554;424
2026;2026-04-26;Dream Bowl Palace Unterföhring;tournament;Südbayerische Meisterschaft;2;Zwischenlauf;Andreas Schöllhorn;38568;;2;188;0;514;62;554;514
2026;2026-04-26;Dream Bowl Palace Unterföhring;tournament;Südbayerische Meisterschaft;2;Zwischenlauf;André Knoch;25629;;2;189;0;470;74;554;470
2026;2026-04-26;Dream Bowl Palace Unterföhring;tournament;Südbayerische Meisterschaft;2;Zwischenlauf;Anton Mutz;25005;;2;194;0;526;57;554;526
2026;2026-04-26;Dream Bowl Palace Unterföhring;tournament;Südbayerische Meisterschaft;2;Zwischenlauf;Bernd Wiemken;25203;;2;150;0;596;16;554;596
2026;2026-04-26;Dream Bowl Palace Unterföhring;tournament;Südbayerische Meisterschaft;2;Zwischenlauf;Brandon Alexander Lucas;38648;;2;161;0;578;31;554;578
2026;2026-04-26;Dream Bowl Palace Unterföhring;tournament;Südbayerische Meisterschaft;2;Zwischenlauf;Bruno Gärtner;25649;;2;146;0;472;73;554;472
2026;2026-04-26;Dream Bowl Palace Unterföhring;tournament;Südbayerische Meisterschaft;2;Zwischenlauf;Carlo Luft;38652;;2;162;0;533;55;554;533
2026;2026-04-26;Dream Bowl Palace Unterföhring;tournament;Südbayerische Meisterschaft;2;Zwischenlauf;Christian Müller;38996;;2;176;0;548;44;554;548
2026;2026-04-26;Dream Bowl Palace Unterföhring;tournament;Südbayerische Meisterschaft;2;Zwischenlauf;Christian Schrempf;7646;;2;192;0;592;18;554;592
2026;2026-04-26;Dream Bowl Palace Unterföhring;tournament;Südbayerische Meisterschaft;2;Zwischenlauf;Clément Perrin;38995;;2;152;0;588;21;554;588
2026;2026-04-26;Dream Bowl Palace Unterföhring;tournament;Südbayerische Meisterschaft;2;Zwischenlauf;Daniel Börding;7591;;2;232;0;670;2;554;670
2026;2026-04-26;Dream Bowl Palace Unterföhring;tournament;Südbayerische Meisterschaft;2;Zwischenlauf;Daniel Hellmich;7314;;2;177;0;632;6;554;632
2026;2026-04-26;Dream Bowl Palace Unterföhring;tournament;Südbayerische Meisterschaft;2;Zwischenlauf;Eduard Bolender;25408;;2;200;0;571;34;554;571
2026;2026-04-26;Dream Bowl Palace Unterföhring;tournament;Südbayerische Meisterschaft;2;Zwischenlauf;Enrico Blättermann;38216;;2;153;0;540;51;554;540
2026;2026-04-26;Dream Bowl Palace Unterföhring;tournament;Südbayerische Meisterschaft;2;Zwischenlauf;Erwin Schmidle;38480;;2;182;0;542;49;554;542
2026;2026-04-26;Dream Bowl Palace Unterföhring;tournament;Südbayerische Meisterschaft;2;Zwischenlauf;Florian Stangl;25690;;2;175;0;584;25;554;584
2026;2026-04-26;Dream Bowl Palace Unterföhring;tournament;Südbayerische Meisterschaft;2;Zwischenlauf;Gregor Arapow;38575;;2;171;0;578;30;554;578
2026;2026-04-26;Dream Bowl Palace Unterföhring;tournament;Südbayerische Meisterschaft;2;Zwischenlauf;Günter Denz;16398;;2;236;0;581;27;554;581
2026;2026-04-26;Dream Bowl Palace Unterföhring;tournament;Südbayerische Meisterschaft;2;Zwischenlauf;Harald Eggl;25229;;2;237;0;627;8;554;627
2026;2026-04-26;Dream Bowl Palace Unterföhring;tournament;Südbayerische Meisterschaft;2;Zwischenlauf;Harald Laub;7597;;2;178;0;587;22;554;587
2026;2026-04-26;Dream Bowl Palace Unterföhring;tournament;Südbayerische Meisterschaft;2;Zwischenlauf;Jan Musiol;25166;;2;160;0;549;42;554;549
2026;2026-04-26;Dream Bowl Palace Unterföhring;tournament;Südbayerische Meisterschaft;2;Zwischenlauf;Joachim Geist;16807;;2;192;0;545;45;554;545
2026;2026-04-26;Dream Bowl Palace Unterföhring;tournament;Südbayerische Meisterschaft;2;Zwischenlauf;Jochen Mücke;38842;;2;202;0;570;35;554;570
2026;2026-04-26;Dream Bowl Palace Unterföhring;tournament;Südbayerische Meisterschaft;2;Zwischenlauf;Kilian Kral;38510;;2;175;0;509;64;554;509
2026;2026-04-26;Dream Bowl Palace Unterföhring;tournament;Südbayerische Meisterschaft;2;Zwischenlauf;Klaus Lilge;7080;;2;194;0;529;56;554;529
2026;2026-04-26;Dream Bowl Palace Unterföhring;tournament;Südbayerische Meisterschaft;2;Zwischenlauf;Konrad Schiller;38186;;2;156;0;540;50;554;540
2026;2026-04-26;Dream Bowl Palace Unterföhring;tournament;Südbayerische Meisterschaft;2;Zwischenlauf;Lucas Kasenbacher;25340;;2;198;0;620;9;554;620
2026;2026-04-26;Dream Bowl Palace Unterföhring;tournament;Südbayerische Meisterschaft;2;Zwischenlauf;Manfred Weidinger;38851;;2;157;0;484;69;554;484
2026;2026-04-26;Dream Bowl Palace Unterföhring;tournament;Südbayerische Meisterschaft;2;Zwischenlauf;Marcel Müller;28367;;2;224;0;646;4;554;646
2026;2026-04-26;Dream Bowl Palace Unterföhring;tournament;Südbayerische Meisterschaft;2;Zwischenlauf;Marco Probst;7602;;2;212;0;538;53;554;538
2026;2026-04-26;Dream Bowl Palace Unterföhring;tournament;Südbayerische Meisterschaft;2;Zwischenlauf;Markus Hanauer;38314;;2;171;0;438;77;554;438
2026;2026-04-26;Dream Bowl Palace Unterföhring;tournament;Südbayerische Meisterschaft;2;Zwischenlauf;Martin Küchler;25826;;2;171;0;538;52;554;538
2026;2026-04-26;Dream Bowl Palace Unterföhring;tournament;Südbayerische Meisterschaft;2;Zwischenlauf;Matthias Kuchling;16583;;2;199;0;542;48;554;542
2026;2026-04-26;Dream Bowl Palace Unterföhring;tournament;Südbayerische Meisterschaft;2;Zwischenlauf;Max Wiemken;25557;;2;247;0;613;11;554;613
2026;2026-04-26;Dream Bowl Palace Unterföhring;tournament;Südbayerische Meisterschaft;2;Zwischenlauf;Maximilian Herrmann;38892;;2;140;0;477;71;554;477
2026;2026-04-26;Dream Bowl Palace Unterföhring;tournament;Südbayerische Meisterschaft;2;Zwischenlauf;Michael Auer;38459;;2;169;0;544;46;554;544
2026;2026-04-26;Dream Bowl Palace Unterföhring;tournament;Südbayerische Meisterschaft;2;Zwischenlauf;Michael Eisenmann-Seybold;7595;;2;208;0;604;13;554;604
2026;2026-04-26;Dream Bowl Palace Unterföhring;tournament;Südbayerische Meisterschaft;2;Zwischenlauf;Michael Görn;7412;;2;214;0;598;15;554;598
2026;2026-04-26;Dream Bowl Palace Unterföhring;tournament;Südbayerische Meisterschaft;2;Zwischenlauf;Michael Ring;7317;;2;163;0;497;66;554;497
2026;2026-04-26;Dream Bowl Palace Unterföhring;tournament;Südbayerische Meisterschaft;2;Zwischenlauf;Moritz Wiemken;25830;;2;233;0;584;26;554;584
2026;2026-04-26;Dream Bowl Palace Unterföhring;tournament;Südbayerische Meisterschaft;2;Zwischenlauf;Nicolas Kabel;38092;;2;225;0;599;14;554;599
2026;2026-04-26;Dream Bowl Palace Unterföhring;tournament;Südbayerische Meisterschaft;2;Zwischenlauf;Olaf Krebs;16325;;2;166;0;592;17;554;592
2026;2026-04-26;Dream Bowl Palace Unterföhring;tournament;Südbayerische Meisterschaft;2;Zwischenlauf;Oliver Schütze;38550;;2;249;0;555;39;554;555
2026;2026-04-26;Dream Bowl Palace Unterföhring;tournament;Südbayerische Meisterschaft;2;Zwischenlauf;Patrick Baszler;7886;;2;189;0;607;12;554;607
2026;2026-04-26;Dream Bowl Palace Unterföhring;tournament;Südbayerische Meisterschaft;2;Zwischenlauf;Patrick Thurner;38530;;2;205;0;572;32;554;572
2026;2026-04-26;Dream Bowl Palace Unterföhring;tournament;Südbayerische Meisterschaft;2;Zwischenlauf;Peter Börding;7593;;2;243;0;618;10;554;618
2026;2026-04-26;Dream Bowl Palace Unterföhring;tournament;Südbayerische Meisterschaft;2;Zwischenlauf;Peter van Lengen;25297;;2;181;0;543;47;554;543
2026;2026-04-26;Dream Bowl Palace Unterföhring;tournament;Südbayerische Meisterschaft;2;Zwischenlauf;Raiko Elze;38912;;2;185;0;523;59;554;523
2026;2026-04-26;Dream Bowl Palace Unterföhring;tournament;Südbayerische Meisterschaft;2;Zwischenlauf;Rainer Schöllhorn;16069;;2;163;0;502;65;554;502
2026;2026-04-26;Dream Bowl Palace Unterföhring;tournament;Südbayerische Meisterschaft;2;Zwischenlauf;Ralf Mielke;25842;;2;243;0;640;5;554;640
2026;2026-04-26;Dream Bowl Palace Unterföhring;tournament;Südbayerische Meisterschaft;2;Zwischenlauf;Raphael Hofmann;38963;;2;170;0;520;60;554;520
2026;2026-04-26;Dream Bowl Palace Unterföhring;tournament;Südbayerische Meisterschaft;2;Zwischenlauf;René Erben;25953;;2;206;0;564;38;554;564
2026;2026-04-26;Dream Bowl Palace Unterföhring;tournament;Südbayerische Meisterschaft;2;Zwischenlauf;Robert Meissl;25778;;2;180;0;485;68;554;485
2026;2026-04-26;Dream Bowl Palace Unterföhring;tournament;Südbayerische Meisterschaft;2;Zwischenlauf;Roberto Di Stefano;38970;;2;142;0;484;70;554;484
2026;2026-04-26;Dream Bowl Palace Unterföhring;tournament;Südbayerische Meisterschaft;2;Zwischenlauf;Roland Hannemann;16336;;2;160;0;524;58;554;524
2026;2026-04-26;Dream Bowl Palace Unterföhring;tournament;Südbayerische Meisterschaft;2;Zwischenlauf;Sahin Köse;16002;;2;154;0;571;33;554;571
2026;2026-04-26;Dream Bowl Palace Unterföhring;tournament;Südbayerische Meisterschaft;2;Zwischenlauf;Sebastian Hinterwimmer;7885;;2;180;0;587;23;554;587
2026;2026-04-26;Dream Bowl Palace Unterföhring;tournament;Südbayerische Meisterschaft;2;Zwischenlauf;Selim Fliegner;38673;;2;202;0;630;7;554;630
2026;2026-04-26;Dream Bowl Palace Unterföhring;tournament;Südbayerische Meisterschaft;2;Zwischenlauf;Sergio Tavares;22116;;2;158;0;476;72;554;476
2026;2026-04-26;Dream Bowl Palace Unterföhring;tournament;Südbayerische Meisterschaft;2;Zwischenlauf;Stefan Müller;7607;;2;143;0;553;41;554;553
2026;2026-04-26;Dream Bowl Palace Unterföhring;tournament;Südbayerische Meisterschaft;2;Zwischenlauf;Thomas Albrecht;7641;;2;134;0;464;76;554;464
2026;2026-04-26;Dream Bowl Palace Unterföhring;tournament;Südbayerische Meisterschaft;2;Zwischenlauf;Thomas Auer;16888;;2;181;0;578;29;554;578
2026;2026-04-26;Dream Bowl Palace Unterföhring;tournament;Südbayerische Meisterschaft;2;Zwischenlauf;Thomas Hantschel;38450;;2;182;0;437;78;554;437
2026;2026-04-26;Dream Bowl Palace Unterföhring;tournament;Südbayerische Meisterschaft;2;Zwischenlauf;Thomas Kalkschmied;25672;;2;202;0;536;54;554;536
2026;2026-04-26;Dream Bowl Palace Unterföhring;tournament;Südbayerische Meisterschaft;2;Zwischenlauf;Thomas Wiedemann;7028;;2;204;0;554;40;554;554
2026;2026-04-26;Dream Bowl Palace Unterföhring;tournament;Südbayerische Meisterschaft;2;Zwischenlauf;Timo Baumann;16024;;2;202;0;568;37;554;568
2026;2026-04-26;Dream Bowl Palace Unterföhring;tournament;Südbayerische Meisterschaft;2;Zwischenlauf;Tindaro Famà;38730;;2;176;0;548;43;554;548
2026;2026-04-26;Dream Bowl Palace Unterföhring;tournament;Südbayerische Meisterschaft;2;Zwischenlauf;Tobias Börding;7592;;2;218;0;666;3;554;666
2026;2026-04-26;Dream Bowl Palace Unterföhring;tournament;Südbayerische Meisterschaft;2;Zwischenlauf;Tobias Wiedemann;25695;;2;205;0;519;61;554;519
2026;2026-04-26;Dream Bowl Palace Unterföhring;tournament;Südbayerische Meisterschaft;2;Zwischenlauf;Tom Eck;38050;;2;223;0;586;24;554;586
2026;2026-04-26;Dream Bowl Palace Unterföhring;tournament;Südbayerische Meisterschaft;2;Zwischenlauf;Torsten Fliegner;7418;;2;176;0;514;63;554;514
2026;2026-04-26;Dream Bowl Palace Unterföhring;tournament;Südbayerische Meisterschaft;2;Zwischenlauf;Walter Lederle;16402;;2;235;0;591;19;554;591
2026;2026-04-26;Dream Bowl Palace Unterföhring;tournament;Südbayerische Meisterschaft;2;Zwischenlauf;Alberto Salazar;38113;;3;164;0;657;70;731;657
2026;2026-04-26;Dream Bowl Palace Unterföhring;tournament;Südbayerische Meisterschaft;2;Zwischenlauf;Alexander Egger;38541;;3;162;0;731;39;731;731
2026;2026-04-26;Dream Bowl Palace Unterföhring;tournament;Südbayerische Meisterschaft;2;Zwischenlauf;Alexander Koller;7879;;3;247;0;924;1;731;924
2026;2026-04-26;Dream Bowl Palace Unterföhring;tournament;Südbayerische Meisterschaft;2;Zwischenlauf;Alexander Wiedemann;25849;;3;257;0;847;6;731;847
2026;2026-04-26;Dream Bowl Palace Unterföhring;tournament;Südbayerische Meisterschaft;2;Zwischenlauf;Andre Michow;16965;;3;277;0;857;3;731;857
2026;2026-04-26;Dream Bowl Palace Unterföhring;tournament;Südbayerische Meisterschaft;2;Zwischenlauf;Andreas Hölzl;38305;;3;211;0;635;73;731;635
2026;2026-04-26;Dream Bowl Palace Unterföhring;tournament;Südbayerische Meisterschaft;2;Zwischenlauf;Andreas Schöllhorn;38568;;3;194;0;708;51;731;708
2026;2026-04-26;Dream Bowl Palace Unterföhring;tournament;Südbayerische Meisterschaft;2;Zwischenlauf;André Knoch;25629;;3;187;0;657;69;731;657
2026;2026-04-26;Dream Bowl Palace Unterföhring;tournament;Südbayerische Meisterschaft;2;Zwischenlauf;Anton Mutz;25005;;3;194;0;720;44;731;720
2026;2026-04-26;Dream Bowl Palace Unterföhring;tournament;Südbayerische Meisterschaft;2;Zwischenlauf;Bernd Wiemken;25203;;3;192;0;788;19;731;788
2026;2026-04-26;Dream Bowl Palace Unterföhring;tournament;Südbayerische Meisterschaft;2;Zwischenlauf;Brandon Alexander Lucas;38648;;3;187;0;765;30;731;765
2026;2026-04-26;Dream Bowl Palace Unterföhring;tournament;Südbayerische Meisterschaft;2;Zwischenlauf;Bruno Gärtner;25649;;3;160;0;632;74;731;632
2026;2026-04-26;Dream Bowl Palace Unterföhring;tournament;Südbayerische Meisterschaft;2;Zwischenlauf;Carlo Luft;38652;;3;136;0;669;64;731;669
2026;2026-04-26;Dream Bowl Palace Unterföhring;tournament;Südbayerische Meisterschaft;2;Zwischenlauf;Christian Müller;38996;;3;143;0;691;58;731;691
2026;2026-04-26;Dream Bowl Palace Unterföhring;tournament;Südbayerische Meisterschaft;2;Zwischenlauf;Christian Schrempf;7646;;3;139;0;731;40;731;731
2026;2026-04-26;Dream Bowl Palace Unterföhring;tournament;Südbayerische Meisterschaft;2;Zwischenlauf;Clément Perrin;38995;;3;258;0;846;8;731;846
2026;2026-04-26;Dream Bowl Palace Unterföhring;tournament;Südbayerische Meisterschaft;2;Zwischenlauf;Daniel Börding;7591;;3;145;0;815;12;731;815
2026;2026-04-26;Dream Bowl Palace Unterföhring;tournament;Südbayerische Meisterschaft;2;Zwischenlauf;Daniel Hellmich;7314;;3;208;0;840;9;731;840
2026;2026-04-26;Dream Bowl Palace Unterföhring;tournament;Südbayerische Meisterschaft;2;Zwischenlauf;Eduard Bolender;25408;;3;149;0;720;45;731;720
2026;2026-04-26;Dream Bowl Palace Unterföhring;tournament;Südbayerische Meisterschaft;2;Zwischenlauf;Enrico Blättermann;38216;;3;151;0;691;57;731;691
2026;2026-04-26;Dream Bowl Palace Unterföhring;tournament;Südbayerische Meisterschaft;2;Zwischenlauf;Erwin Schmidle;38480;;3;147;0;689;60;731;689
2026;2026-04-26;Dream Bowl Palace Unterföhring;tournament;Südbayerische Meisterschaft;2;Zwischenlauf;Florian Stangl;25690;;3;167;0;751;33;731;751
2026;2026-04-26;Dream Bowl Palace Unterföhring;tournament;Südbayerische Meisterschaft;2;Zwischenlauf;Gregor Arapow;38575;;3;137;0;715;49;731;715
2026;2026-04-26;Dream Bowl Palace Unterföhring;tournament;Südbayerische Meisterschaft;2;Zwischenlauf;Günter Denz;16398;;3;224;0;805;15;731;805
2026;2026-04-26;Dream Bowl Palace Unterföhring;tournament;Südbayerische Meisterschaft;2;Zwischenlauf;Harald Eggl;25229;;3;246;0;873;2;731;873
2026;2026-04-26;Dream Bowl Palace Unterföhring;tournament;Südbayerische Meisterschaft;2;Zwischenlauf;Harald Laub;7597;;3;192;0;779;27;731;779
2026;2026-04-26;Dream Bowl Palace Unterföhring;tournament;Südbayerische Meisterschaft;2;Zwischenlauf;Jan Musiol;25166;;3;140;0;689;59;731;689
2026;2026-04-26;Dream Bowl Palace Unterföhring;tournament;Südbayerische Meisterschaft;2;Zwischenlauf;Joachim Geist;16807;;3;177;0;722;42;731;722
2026;2026-04-26;Dream Bowl Palace Unterföhring;tournament;Südbayerische Meisterschaft;2;Zwischenlauf;Jochen Mücke;38842;;3;182;0;752;32;731;752
2026;2026-04-26;Dream Bowl Palace Unterföhring;tournament;Südbayerische Meisterschaft;2;Zwischenlauf;Kilian Kral;38510;;3;232;0;741;36;731;741
2026;2026-04-26;Dream Bowl Palace Unterföhring;tournament;Südbayerische Meisterschaft;2;Zwischenlauf;Klaus Lilge;7080;;3;190;0;719;46;731;719
2026;2026-04-26;Dream Bowl Palace Unterföhring;tournament;Südbayerische Meisterschaft;2;Zwischenlauf;Konrad Schiller;38186;;3;165;0;705;52;731;705
2026;2026-04-26;Dream Bowl Palace Unterföhring;tournament;Südbayerische Meisterschaft;2;Zwischenlauf;Lucas Kasenbacher;25340;;3;173;0;793;18;731;793
2026;2026-04-26;Dream Bowl Palace Unterföhring;tournament;Südbayerische Meisterschaft;2;Zwischenlauf;Manfred Weidinger;38851;;3;189;0;673;62;731;673
2026;2026-04-26;Dream Bowl Palace Unterföhring;tournament;Südbayerische Meisterschaft;2;Zwischenlauf;Marcel Müller;28367;;3;200;0;846;7;731;846
2026;2026-04-26;Dream Bowl Palace Unterföhring;tournament;Südbayerische Meisterschaft;2;Zwischenlauf;Marco Probst;7602;;3;250;0;788;20;731;788
2026;2026-04-26;Dream Bowl Palace Unterföhring;tournament;Südbayerische Meisterschaft;2;Zwischenlauf;Markus Hanauer;38314;;3;199;0;637;72;731;637
2026;2026-04-26;Dream Bowl Palace Unterföhring;tournament;Südbayerische Meisterschaft;2;Zwischenlauf;Martin Küchler;25826;;3;179;0;717;47;731;717
2026;2026-04-26;Dream Bowl Palace Unterföhring;tournament;Südbayerische Meisterschaft;2;Zwischenlauf;Matthias Kuchling;16583;;3;212;0;754;31;731;754
2026;2026-04-26;Dream Bowl Palace Unterföhring;tournament;Südbayerische Meisterschaft;2;Zwischenlauf;Max Wiemken;25557;;3;200;0;813;13;731;813
2026;2026-04-26;Dream Bowl Palace Unterföhring;tournament;Südbayerische Meisterschaft;2;Zwischenlauf;Maximilian Herrmann;38892;;3;117;0;594;77;731;594
2026;2026-04-26;Dream Bowl Palace Unterföhring;tournament;Südbayerische Meisterschaft;2;Zwischenlauf;Michael Auer;38459;;3;140;0;684;61;731;684
2026;2026-04-26;Dream Bowl Palace Unterföhring;tournament;Südbayerische Meisterschaft;2;Zwischenlauf;Michael Eisenmann-Seybold;7595;;3;222;0;826;11;731;826
2026;2026-04-26;Dream Bowl Palace Unterföhring;tournament;Südbayerische Meisterschaft;2;Zwischenlauf;Michael Görn;7412;;3;178;0;776;28;731;776
2026;2026-04-26;Dream Bowl Palace Unterföhring;tournament;Südbayerische Meisterschaft;2;Zwischenlauf;Michael Ring;7317;;3;169;0;666;65;731;666
2026;2026-04-26;Dream Bowl Palace Unterföhring;tournament;Südbayerische Meisterschaft;2;Zwischenlauf;Moritz Wiemken;25830;;3;197;0;781;24;731;781
2026;2026-04-26;Dream Bowl Palace Unterföhring;tournament;Südbayerische Meisterschaft;2;Zwischenlauf;Nicolas Kabel;38092;;3;183;0;782;23;731;782
2026;2026-04-26;Dream Bowl Palace Unterföhring;tournament;Südbayerische Meisterschaft;2;Zwischenlauf;Olaf Krebs;16325;;3;188;0;780;25;731;780
2026;2026-04-26;Dream Bowl Palace Unterföhring;tournament;Südbayerische Meisterschaft;2;Zwischenlauf;Oliver Schütze;38550;;3;196;0;751;34;731;751
2026;2026-04-26;Dream Bowl Palace Unterföhring;tournament;Südbayerische Meisterschaft;2;Zwischenlauf;Patrick Baszler;7886;;3;191;0;798;16;731;798
2026;2026-04-26;Dream Bowl Palace Unterföhring;tournament;Südbayerische Meisterschaft;2;Zwischenlauf;Patrick Thurner;38530;;3;149;0;721;43;731;721
2026;2026-04-26;Dream Bowl Palace Unterföhring;tournament;Südbayerische Meisterschaft;2;Zwischenlauf;Peter Börding;7593;;3;191;0;809;14;731;809
2026;2026-04-26;Dream Bowl Palace Unterföhring;tournament;Südbayerische Meisterschaft;2;Zwischenlauf;Peter van Lengen;25297;;3;159;0;702;54;731;702
2026;2026-04-26;Dream Bowl Palace Unterföhring;tournament;Südbayerische Meisterschaft;2;Zwischenlauf;Raiko Elze;38912;;3;149;0;672;63;731;672
2026;2026-04-26;Dream Bowl Palace Unterföhring;tournament;Südbayerische Meisterschaft;2;Zwischenlauf;Rainer Schöllhorn;16069;;3;199;0;701;56;731;701
2026;2026-04-26;Dream Bowl Palace Unterföhring;tournament;Südbayerische Meisterschaft;2;Zwischenlauf;Ralf Mielke;25842;;3;215;0;855;4;731;855
2026;2026-04-26;Dream Bowl Palace Unterföhring;tournament;Südbayerische Meisterschaft;2;Zwischenlauf;Raphael Hofmann;38963;;3;141;0;661;68;731;661
2026;2026-04-26;Dream Bowl Palace Unterföhring;tournament;Südbayerische Meisterschaft;2;Zwischenlauf;René Erben;25953;;3;173;0;737;37;731;737
2026;2026-04-26;Dream Bowl Palace Unterföhring;tournament;Südbayerische Meisterschaft;2;Zwischenlauf;Robert Meissl;25778;;3;127;0;612;76;731;612
2026;2026-04-26;Dream Bowl Palace Unterföhring;tournament;Südbayerische Meisterschaft;2;Zwischenlauf;Roberto Di Stefano;38970;;3;167;0;651;71;731;651
2026;2026-04-26;Dream Bowl Palace Unterföhring;tournament;Südbayerische Meisterschaft;2;Zwischenlauf;Roland Hannemann;16336;;3;200;0;724;41;731;724
2026;2026-04-26;Dream Bowl Palace Unterföhring;tournament;Südbayerische Meisterschaft;2;Zwischenlauf;Sahin Köse;16002;;3;145;0;716;48;731;716
2026;2026-04-26;Dream Bowl Palace Unterföhring;tournament;Südbayerische Meisterschaft;2;Zwischenlauf;Sebastian Hinterwimmer;7885;;3;199;0;786;21;731;786
2026;2026-04-26;Dream Bowl Palace Unterföhring;tournament;Südbayerische Meisterschaft;2;Zwischenlauf;Selim Fliegner;38673;;3;204;0;834;10;731;834
2026;2026-04-26;Dream Bowl Palace Unterföhring;tournament;Südbayerische Meisterschaft;2;Zwischenlauf;Sergio Tavares;22116;;3;155;0;631;75;731;631
2026;2026-04-26;Dream Bowl Palace Unterföhring;tournament;Südbayerische Meisterschaft;2;Zwischenlauf;Stefan Müller;7607;;3;223;0;776;29;731;776
2026;2026-04-26;Dream Bowl Palace Unterföhring;tournament;Südbayerische Meisterschaft;2;Zwischenlauf;Thomas Albrecht;7641;;3;198;0;662;67;731;662
2026;2026-04-26;Dream Bowl Palace Unterföhring;tournament;Südbayerische Meisterschaft;2;Zwischenlauf;Thomas Auer;16888;;3;204;0;782;22;731;782
2026;2026-04-26;Dream Bowl Palace Unterföhring;tournament;Südbayerische Meisterschaft;2;Zwischenlauf;Thomas Hantschel;38450;;3;136;0;573;78;731;573
2026;2026-04-26;Dream Bowl Palace Unterföhring;tournament;Südbayerische Meisterschaft;2;Zwischenlauf;Thomas Kalkschmied;25672;;3;167;0;703;53;731;703
2026;2026-04-26;Dream Bowl Palace Unterföhring;tournament;Südbayerische Meisterschaft;2;Zwischenlauf;Thomas Wiedemann;7028;;3;161;0;715;50;731;715
2026;2026-04-26;Dream Bowl Palace Unterföhring;tournament;Südbayerische Meisterschaft;2;Zwischenlauf;Timo Baumann;16024;;3;177;0;745;35;731;745
2026;2026-04-26;Dream Bowl Palace Unterföhring;tournament;Südbayerische Meisterschaft;2;Zwischenlauf;Tindaro Famà;38730;;3;232;0;780;26;731;780
2026;2026-04-26;Dream Bowl Palace Unterföhring;tournament;Südbayerische Meisterschaft;2;Zwischenlauf;Tobias Börding;7592;;3;185;0;851;5;731;851
2026;2026-04-26;Dream Bowl Palace Unterföhring;tournament;Südbayerische Meisterschaft;2;Zwischenlauf;Tobias Wiedemann;25695;;3;144;0;663;66;731;663
2026;2026-04-26;Dream Bowl Palace Unterföhring;tournament;Südbayerische Meisterschaft;2;Zwischenlauf;Tom Eck;38050;;3;146;0;732;38;731;732
2026;2026-04-26;Dream Bowl Palace Unterföhring;tournament;Südbayerische Meisterschaft;2;Zwischenlauf;Torsten Fliegner;7418;;3;188;0;702;55;731;702
2026;2026-04-26;Dream Bowl Palace Unterföhring;tournament;Südbayerische Meisterschaft;2;Zwischenlauf;Walter Lederle;16402;;3;203;0;794;17;731;794
2026;2026-04-26;Dream Bowl Palace Unterföhring;tournament;Südbayerische Meisterschaft;2;Zwischenlauf;Alberto Salazar;38113;;4;178;0;835;63;922;835
2026;2026-04-26;Dream Bowl Palace Unterföhring;tournament;Südbayerische Meisterschaft;2;Zwischenlauf;Alexander Egger;38541;;4;150;0;881;48;922;881
2026;2026-04-26;Dream Bowl Palace Unterföhring;tournament;Südbayerische Meisterschaft;2;Zwischenlauf;Alexander Koller;7879;;4;220;0;1144;1;922;1144
2026;2026-04-26;Dream Bowl Palace Unterföhring;tournament;Südbayerische Meisterschaft;2;Zwischenlauf;Alexander Wiedemann;25849;;4;188;0;1035;13;922;1035
2026;2026-04-26;Dream Bowl Palace Unterföhring;tournament;Südbayerische Meisterschaft;2;Zwischenlauf;Andre Michow;16965;;4;196;0;1053;5;922;1053
2026;2026-04-26;Dream Bowl Palace Unterföhring;tournament;Südbayerische Meisterschaft;2;Zwischenlauf;Andreas Hölzl;38305;;4;213;0;848;62;922;848
2026;2026-04-26;Dream Bowl Palace Unterföhring;tournament;Südbayerische Meisterschaft;2;Zwischenlauf;Andreas Schöllhorn;38568;;4;170;0;878;53;922;878
2026;2026-04-26;Dream Bowl Palace Unterföhring;tournament;Südbayerische Meisterschaft;2;Zwischenlauf;André Knoch;25629;;4;158;0;815;69;922;815
2026;2026-04-26;Dream Bowl Palace Unterföhring;tournament;Südbayerische Meisterschaft;2;Zwischenlauf;Anton Mutz;25005;;4;158;0;878;51;922;878
2026;2026-04-26;Dream Bowl Palace Unterföhring;tournament;Südbayerische Meisterschaft;2;Zwischenlauf;Bernd Wiemken;25203;;4;248;0;1036;12;922;1036
2026;2026-04-26;Dream Bowl Palace Unterföhring;tournament;Südbayerische Meisterschaft;2;Zwischenlauf;Brandon Alexander Lucas;38648;;4;178;0;943;34;922;943
2026;2026-04-26;Dream Bowl Palace Unterföhring;tournament;Südbayerische Meisterschaft;2;Zwischenlauf;Bruno Gärtner;25649;;4;158;0;790;75;922;790
2026;2026-04-26;Dream Bowl Palace Unterföhring;tournament;Südbayerische Meisterschaft;2;Zwischenlauf;Carlo Luft;38652;;4;160;0;829;66;922;829
2026;2026-04-26;Dream Bowl Palace Unterföhring;tournament;Südbayerische Meisterschaft;2;Zwischenlauf;Christian Müller;38996;;4;182;0;873;54;922;873
2026;2026-04-26;Dream Bowl Palace Unterföhring;tournament;Südbayerische Meisterschaft;2;Zwischenlauf;Christian Schrempf;7646;;4;175;0;906;44;922;906
2026;2026-04-26;Dream Bowl Palace Unterföhring;tournament;Südbayerische Meisterschaft;2;Zwischenlauf;Clément Perrin;38995;;4;201;0;1047;8;922;1047
2026;2026-04-26;Dream Bowl Palace Unterföhring;tournament;Südbayerische Meisterschaft;2;Zwischenlauf;Daniel Börding;7591;;4;235;0;1050;6;922;1050
2026;2026-04-26;Dream Bowl Palace Unterföhring;tournament;Südbayerische Meisterschaft;2;Zwischenlauf;Daniel Hellmich;7314;;4;207;0;1047;9;922;1047
2026;2026-04-26;Dream Bowl Palace Unterföhring;tournament;Südbayerische Meisterschaft;2;Zwischenlauf;Eduard Bolender;25408;;4;173;0;893;46;922;893
2026;2026-04-26;Dream Bowl Palace Unterföhring;tournament;Südbayerische Meisterschaft;2;Zwischenlauf;Enrico Blättermann;38216;;4;192;0;883;47;922;883
2026;2026-04-26;Dream Bowl Palace Unterföhring;tournament;Südbayerische Meisterschaft;2;Zwischenlauf;Erwin Schmidle;38480;;4;145;0;834;65;922;834
2026;2026-04-26;Dream Bowl Palace Unterföhring;tournament;Südbayerische Meisterschaft;2;Zwischenlauf;Florian Stangl;25690;;4;200;0;951;31;922;951
2026;2026-04-26;Dream Bowl Palace Unterföhring;tournament;Südbayerische Meisterschaft;2;Zwischenlauf;Gregor Arapow;38575;;4;222;0;937;36;922;937
2026;2026-04-26;Dream Bowl Palace Unterföhring;tournament;Südbayerische Meisterschaft;2;Zwischenlauf;Günter Denz;16398;;4;178;0;983;23;922;983
2026;2026-04-26;Dream Bowl Palace Unterföhring;tournament;Südbayerische Meisterschaft;2;Zwischenlauf;Harald Eggl;25229;;4;175;0;1048;7;922;1048
2026;2026-04-26;Dream Bowl Palace Unterföhring;tournament;Südbayerische Meisterschaft;2;Zwischenlauf;Harald Laub;7597;;4;183;0;962;28;922;962
2026;2026-04-26;Dream Bowl Palace Unterföhring;tournament;Südbayerische Meisterschaft;2;Zwischenlauf;Jan Musiol;25166;;4;177;0;866;57;922;866
2026;2026-04-26;Dream Bowl Palace Unterföhring;tournament;Südbayerische Meisterschaft;2;Zwischenlauf;Joachim Geist;16807;;4;156;0;878;50;922;878
2026;2026-04-26;Dream Bowl Palace Unterföhring;tournament;Südbayerische Meisterschaft;2;Zwischenlauf;Jochen Mücke;38842;;4;216;0;968;26;922;968
2026;2026-04-26;Dream Bowl Palace Unterföhring;tournament;Südbayerische Meisterschaft;2;Zwischenlauf;Kilian Kral;38510;;4;208;0;949;32;922;949
2026;2026-04-26;Dream Bowl Palace Unterföhring;tournament;Südbayerische Meisterschaft;2;Zwischenlauf;Klaus Lilge;7080;;4;214;0;933;38;922;933
2026;2026-04-26;Dream Bowl Palace Unterföhring;tournament;Südbayerische Meisterschaft;2;Zwischenlauf;Konrad Schiller;38186;;4;160;0;865;58;922;865
2026;2026-04-26;Dream Bowl Palace Unterföhring;tournament;Südbayerische Meisterschaft;2;Zwischenlauf;Lucas Kasenbacher;25340;;4;168;0;961;29;922;961
2026;2026-04-26;Dream Bowl Palace Unterföhring;tournament;Südbayerische Meisterschaft;2;Zwischenlauf;Manfred Weidinger;38851;;4;138;0;811;72;922;811
2026;2026-04-26;Dream Bowl Palace Unterföhring;tournament;Südbayerische Meisterschaft;2;Zwischenlauf;Marcel Müller;28367;;4;194;0;1040;11;922;1040
2026;2026-04-26;Dream Bowl Palace Unterföhring;tournament;Südbayerische Meisterschaft;2;Zwischenlauf;Marco Probst;7602;;4;175;0;963;27;922;963
2026;2026-04-26;Dream Bowl Palace Unterföhring;tournament;Südbayerische Meisterschaft;2;Zwischenlauf;Markus Hanauer;38314;;4;159;0;796;74;922;796
2026;2026-04-26;Dream Bowl Palace Unterföhring;tournament;Südbayerische Meisterschaft;2;Zwischenlauf;Martin Küchler;25826;;4;200;0;917;42;922;917
2026;2026-04-26;Dream Bowl Palace Unterföhring;tournament;Südbayerische Meisterschaft;2;Zwischenlauf;Matthias Kuchling;16583;;4;181;0;935;37;922;935
2026;2026-04-26;Dream Bowl Palace Unterföhring;tournament;Südbayerische Meisterschaft;2;Zwischenlauf;Max Wiemken;25557;;4;185;0;998;20;922;998
2026;2026-04-26;Dream Bowl Palace Unterföhring;tournament;Südbayerische Meisterschaft;2;Zwischenlauf;Maximilian Herrmann;38892;;4;129;0;723;78;922;723
2026;2026-04-26;Dream Bowl Palace Unterföhring;tournament;Südbayerische Meisterschaft;2;Zwischenlauf;Michael Auer;38459;;4;167;0;851;61;922;851
2026;2026-04-26;Dream Bowl Palace Unterföhring;tournament;Südbayerische Meisterschaft;2;Zwischenlauf;Michael Eisenmann-Seybold;7595;;4;197;0;1023;17;922;1023
2026;2026-04-26;Dream Bowl Palace Unterföhring;tournament;Südbayerische Meisterschaft;2;Zwischenlauf;Michael Görn;7412;;4;224;0;1000;19;922;1000
2026;2026-04-26;Dream Bowl Palace Unterföhring;tournament;Südbayerische Meisterschaft;2;Zwischenlauf;Michael Ring;7317;;4;163;0;829;67;922;829
2026;2026-04-26;Dream Bowl Palace Unterföhring;tournament;Südbayerische Meisterschaft;2;Zwischenlauf;Moritz Wiemken;25830;;4;221;0;1002;18;922;1002
2026;2026-04-26;Dream Bowl Palace Unterföhring;tournament;Südbayerische Meisterschaft;2;Zwischenlauf;Nicolas Kabel;38092;;4;298;0;1080;3;922;1080
2026;2026-04-26;Dream Bowl Palace Unterföhring;tournament;Südbayerische Meisterschaft;2;Zwischenlauf;Olaf Krebs;16325;;4;127;0;907;43;922;907
2026;2026-04-26;Dream Bowl Palace Unterföhring;tournament;Südbayerische Meisterschaft;2;Zwischenlauf;Oliver Schütze;38550;;4;280;0;1031;15;922;1031
2026;2026-04-26;Dream Bowl Palace Unterföhring;tournament;Südbayerische Meisterschaft;2;Zwischenlauf;Patrick Baszler;7886;;4;182;0;980;24;922;980
2026;2026-04-26;Dream Bowl Palace Unterföhring;tournament;Südbayerische Meisterschaft;2;Zwischenlauf;Patrick Thurner;38530;;4;233;0;954;30;922;954
2026;2026-04-26;Dream Bowl Palace Unterföhring;tournament;Südbayerische Meisterschaft;2;Zwischenlauf;Peter Börding;7593;;4;258;0;1067;4;922;1067
2026;2026-04-26;Dream Bowl Palace Unterföhring;tournament;Südbayerische Meisterschaft;2;Zwischenlauf;Peter van Lengen;25297;;4;176;0;878;52;922;878
2026;2026-04-26;Dream Bowl Palace Unterföhring;tournament;Südbayerische Meisterschaft;2;Zwischenlauf;Raiko Elze;38912;;4;163;0;835;64;922;835
2026;2026-04-26;Dream Bowl Palace Unterföhring;tournament;Südbayerische Meisterschaft;2;Zwischenlauf;Rainer Schöllhorn;16069;;4;154;0;855;59;922;855
2026;2026-04-26;Dream Bowl Palace Unterföhring;tournament;Südbayerische Meisterschaft;2;Zwischenlauf;Ralf Mielke;25842;;4;178;0;1033;14;922;1033
2026;2026-04-26;Dream Bowl Palace Unterföhring;tournament;Südbayerische Meisterschaft;2;Zwischenlauf;Raphael Hofmann;38963;;4;151;0;812;71;922;812
2026;2026-04-26;Dream Bowl Palace Unterföhring;tournament;Südbayerische Meisterschaft;2;Zwischenlauf;René Erben;25953;;4;185;0;922;40;922;922
2026;2026-04-26;Dream Bowl Palace Unterföhring;tournament;Südbayerische Meisterschaft;2;Zwischenlauf;Robert Meissl;25778;;4;128;0;740;77;922;740
2026;2026-04-26;Dream Bowl Palace Unterföhring;tournament;Südbayerische Meisterschaft;2;Zwischenlauf;Roberto Di Stefano;38970;;4;164;0;815;70;922;815
2026;2026-04-26;Dream Bowl Palace Unterföhring;tournament;Südbayerische Meisterschaft;2;Zwischenlauf;Roland Hannemann;16336;;4;214;0;938;35;922;938
2026;2026-04-26;Dream Bowl Palace Unterföhring;tournament;Südbayerische Meisterschaft;2;Zwischenlauf;Sahin Köse;16002;;4;164;0;880;49;922;880
2026;2026-04-26;Dream Bowl Palace Unterföhring;tournament;Südbayerische Meisterschaft;2;Zwischenlauf;Sebastian Hinterwimmer;7885;;4;242;0;1028;16;922;1028
2026;2026-04-26;Dream Bowl Palace Unterföhring;tournament;Südbayerische Meisterschaft;2;Zwischenlauf;Selim Fliegner;38673;;4;159;0;993;21;922;993
2026;2026-04-26;Dream Bowl Palace Unterföhring;tournament;Südbayerische Meisterschaft;2;Zwischenlauf;Sergio Tavares;22116;;4;168;0;799;73;922;799
2026;2026-04-26;Dream Bowl Palace Unterföhring;tournament;Südbayerische Meisterschaft;2;Zwischenlauf;Stefan Müller;7607;;4;145;0;921;41;922;921
2026;2026-04-26;Dream Bowl Palace Unterföhring;tournament;Südbayerische Meisterschaft;2;Zwischenlauf;Thomas Albrecht;7641;;4;191;0;853;60;922;853
2026;2026-04-26;Dream Bowl Palace Unterföhring;tournament;Südbayerische Meisterschaft;2;Zwischenlauf;Thomas Auer;16888;;4;204;0;986;22;922;986
2026;2026-04-26;Dream Bowl Palace Unterföhring;tournament;Südbayerische Meisterschaft;2;Zwischenlauf;Thomas Hantschel;38450;;4;195;0;768;76;922;768
2026;2026-04-26;Dream Bowl Palace Unterföhring;tournament;Südbayerische Meisterschaft;2;Zwischenlauf;Thomas Kalkschmied;25672;;4;168;0;871;55;922;871
2026;2026-04-26;Dream Bowl Palace Unterföhring;tournament;Südbayerische Meisterschaft;2;Zwischenlauf;Thomas Wiedemann;7028;;4;208;0;923;39;922;923
2026;2026-04-26;Dream Bowl Palace Unterföhring;tournament;Südbayerische Meisterschaft;2;Zwischenlauf;Timo Baumann;16024;;4;200;0;945;33;922;945
2026;2026-04-26;Dream Bowl Palace Unterföhring;tournament;Südbayerische Meisterschaft;2;Zwischenlauf;Tindaro Famà;38730;;4;265;0;1045;10;922;1045
2026;2026-04-26;Dream Bowl Palace Unterföhring;tournament;Südbayerische Meisterschaft;2;Zwischenlauf;Tobias Börding;7592;;4;236;0;1087;2;922;1087
2026;2026-04-26;Dream Bowl Palace Unterföhring;tournament;Südbayerische Meisterschaft;2;Zwischenlauf;Tobias Wiedemann;25695;;4;165;0;828;68;922;828
2026;2026-04-26;Dream Bowl Palace Unterföhring;tournament;Südbayerische Meisterschaft;2;Zwischenlauf;Tom Eck;38050;;4;168;0;900;45;922;900
2026;2026-04-26;Dream Bowl Palace Unterföhring;tournament;Südbayerische Meisterschaft;2;Zwischenlauf;Torsten Fliegner;7418;;4;166;0;868;56;922;868
2026;2026-04-26;Dream Bowl Palace Unterföhring;tournament;Südbayerische Meisterschaft;2;Zwischenlauf;Walter Lederle;16402;;4;184;0;978;25;922;978
2026;2026-04-26;Dream Bowl Palace Unterföhring;tournament;Südbayerische Meisterschaft;2;Zwischenlauf;Alberto Salazar;38113;;5;191;0;1026;60;1106;1026
2026;2026-04-26;Dream Bowl Palace Unterföhring;tournament;Südbayerische Meisterschaft;2;Zwischenlauf;Alexander Egger;38541;;5;179;0;1060;50;1106;1060
2026;2026-04-26;Dream Bowl Palace Unterföhring;tournament;Südbayerische Meisterschaft;2;Zwischenlauf;Alexander Koller;7879;;5;258;0;1402;1;1106;1402
2026;2026-04-26;Dream Bowl Palace Unterföhring;tournament;Südbayerische Meisterschaft;2;Zwischenlauf;Alexander Wiedemann;25849;;5;186;0;1221;17;1106;1221
2026;2026-04-26;Dream Bowl Palace Unterföhring;tournament;Südbayerische Meisterschaft;2;Zwischenlauf;Andre Michow;16965;;5;214;0;1267;4;1106;1267
2026;2026-04-26;Dream Bowl Palace Unterföhring;tournament;Südbayerische Meisterschaft;2;Zwischenlauf;Andreas Hölzl;38305;;5;172;0;1020;63;1106;1020
2026;2026-04-26;Dream Bowl Palace Unterföhring;tournament;Südbayerische Meisterschaft;2;Zwischenlauf;Andreas Schöllhorn;38568;;5;184;0;1062;49;1106;1062
2026;2026-04-26;Dream Bowl Palace Unterföhring;tournament;Südbayerische Meisterschaft;2;Zwischenlauf;André Knoch;25629;;5;176;0;991;69;1106;991
2026;2026-04-26;Dream Bowl Palace Unterföhring;tournament;Südbayerische Meisterschaft;2;Zwischenlauf;Anton Mutz;25005;;5;191;0;1069;48;1106;1069
2026;2026-04-26;Dream Bowl Palace Unterföhring;tournament;Südbayerische Meisterschaft;2;Zwischenlauf;Bernd Wiemken;25203;;5;227;0;1263;5;1106;1263
2026;2026-04-26;Dream Bowl Palace Unterföhring;tournament;Südbayerische Meisterschaft;2;Zwischenlauf;Brandon Alexander Lucas;38648;;5;168;0;1111;39;1106;1111
2026;2026-04-26;Dream Bowl Palace Unterföhring;tournament;Südbayerische Meisterschaft;2;Zwischenlauf;Bruno Gärtner;25649;;5;202;0;992;67;1106;992
2026;2026-04-26;Dream Bowl Palace Unterföhring;tournament;Südbayerische Meisterschaft;2;Zwischenlauf;Carlo Luft;38652;;5;173;0;1002;65;1106;1002
2026;2026-04-26;Dream Bowl Palace Unterföhring;tournament;Südbayerische Meisterschaft;2;Zwischenlauf;Christian Müller;38996;;5;183;0;1056;52;1106;1056
2026;2026-04-26;Dream Bowl Palace Unterföhring;tournament;Südbayerische Meisterschaft;2;Zwischenlauf;Christian Schrempf;7646;;5;200;0;1106;40;1106;1106
2026;2026-04-26;Dream Bowl Palace Unterföhring;tournament;Südbayerische Meisterschaft;2;Zwischenlauf;Clément Perrin;38995;;5;183;0;1230;13;1106;1230
2026;2026-04-26;Dream Bowl Palace Unterföhring;tournament;Südbayerische Meisterschaft;2;Zwischenlauf;Daniel Börding;7591;;5;181;0;1231;12;1106;1231
2026;2026-04-26;Dream Bowl Palace Unterföhring;tournament;Südbayerische Meisterschaft;2;Zwischenlauf;Daniel Hellmich;7314;;5;198;0;1245;9;1106;1245
2026;2026-04-26;Dream Bowl Palace Unterföhring;tournament;Südbayerische Meisterschaft;2;Zwischenlauf;Eduard Bolender;25408;;5;231;0;1124;35;1106;1124
2026;2026-04-26;Dream Bowl Palace Unterföhring;tournament;Südbayerische Meisterschaft;2;Zwischenlauf;Enrico Blättermann;38216;;5;192;0;1075;46;1106;1075
2026;2026-04-26;Dream Bowl Palace Unterföhring;tournament;Südbayerische Meisterschaft;2;Zwischenlauf;Erwin Schmidle;38480;;5;158;0;992;68;1106;992
2026;2026-04-26;Dream Bowl Palace Unterföhring;tournament;Südbayerische Meisterschaft;2;Zwischenlauf;Florian Stangl;25690;;5;212;0;1163;28;1106;1163
2026;2026-04-26;Dream Bowl Palace Unterföhring;tournament;Südbayerische Meisterschaft;2;Zwischenlauf;Gregor Arapow;38575;;5;154;0;1091;45;1106;1091
2026;2026-04-26;Dream Bowl Palace Unterföhring;tournament;Südbayerische Meisterschaft;2;Zwischenlauf;Günter Denz;16398;;5;180;0;1163;27;1106;1163
2026;2026-04-26;Dream Bowl Palace Unterföhring;tournament;Südbayerische Meisterschaft;2;Zwischenlauf;Harald Eggl;25229;;5;174;0;1222;15;1106;1222
2026;2026-04-26;Dream Bowl Palace Unterföhring;tournament;Südbayerische Meisterschaft;2;Zwischenlauf;Harald Laub;7597;;5;214;0;1176;25;1106;1176
2026;2026-04-26;Dream Bowl Palace Unterföhring;tournament;Südbayerische Meisterschaft;2;Zwischenlauf;Jan Musiol;25166;;5;165;0;1031;59;1106;1031
2026;2026-04-26;Dream Bowl Palace Unterföhring;tournament;Südbayerische Meisterschaft;2;Zwischenlauf;Joachim Geist;16807;;5;174;0;1052;54;1106;1052
2026;2026-04-26;Dream Bowl Palace Unterföhring;tournament;Südbayerische Meisterschaft;2;Zwischenlauf;Jochen Mücke;38842;;5;254;0;1222;16;1106;1222
2026;2026-04-26;Dream Bowl Palace Unterföhring;tournament;Südbayerische Meisterschaft;2;Zwischenlauf;Kilian Kral;38510;;5;183;0;1132;34;1106;1132
2026;2026-04-26;Dream Bowl Palace Unterföhring;tournament;Südbayerische Meisterschaft;2;Zwischenlauf;Klaus Lilge;7080;;5;181;0;1114;38;1106;1114
2026;2026-04-26;Dream Bowl Palace Unterföhring;tournament;Südbayerische Meisterschaft;2;Zwischenlauf;Konrad Schiller;38186;;5;167;0;1032;58;1106;1032
2026;2026-04-26;Dream Bowl Palace Unterföhring;tournament;Südbayerische Meisterschaft;2;Zwischenlauf;Lucas Kasenbacher;25340;;5;190;0;1151;31;1106;1151
2026;2026-04-26;Dream Bowl Palace Unterföhring;tournament;Südbayerische Meisterschaft;2;Zwischenlauf;Manfred Weidinger;38851;;5;164;0;975;73;1106;975
2026;2026-04-26;Dream Bowl Palace Unterföhring;tournament;Südbayerische Meisterschaft;2;Zwischenlauf;Marcel Müller;28367;;5;174;0;1214;19;1106;1214
2026;2026-04-26;Dream Bowl Palace Unterföhring;tournament;Südbayerische Meisterschaft;2;Zwischenlauf;Marco Probst;7602;;5;191;0;1154;30;1106;1154
2026;2026-04-26;Dream Bowl Palace Unterföhring;tournament;Südbayerische Meisterschaft;2;Zwischenlauf;Markus Hanauer;38314;;5;188;0;984;70;1106;984
2026;2026-04-26;Dream Bowl Palace Unterföhring;tournament;Südbayerische Meisterschaft;2;Zwischenlauf;Martin Küchler;25826;;5;183;0;1100;43;1106;1100
2026;2026-04-26;Dream Bowl Palace Unterföhring;tournament;Südbayerische Meisterschaft;2;Zwischenlauf;Matthias Kuchling;16583;;5;209;0;1144;32;1106;1144
2026;2026-04-26;Dream Bowl Palace Unterföhring;tournament;Südbayerische Meisterschaft;2;Zwischenlauf;Max Wiemken;25557;;5;212;0;1210;21;1106;1210
2026;2026-04-26;Dream Bowl Palace Unterföhring;tournament;Südbayerische Meisterschaft;2;Zwischenlauf;Maximilian Herrmann;38892;;5;157;0;880;78;1106;880
2026;2026-04-26;Dream Bowl Palace Unterföhring;tournament;Südbayerische Meisterschaft;2;Zwischenlauf;Michael Auer;38459;;5;122;0;973;74;1106;973
2026;2026-04-26;Dream Bowl Palace Unterföhring;tournament;Südbayerische Meisterschaft;2;Zwischenlauf;Michael Eisenmann-Seybold;7595;;5;224;0;1247;8;1106;1247
2026;2026-04-26;Dream Bowl Palace Unterföhring;tournament;Südbayerische Meisterschaft;2;Zwischenlauf;Michael Görn;7412;;5;204;0;1204;22;1106;1204
2026;2026-04-26;Dream Bowl Palace Unterföhring;tournament;Südbayerische Meisterschaft;2;Zwischenlauf;Michael Ring;7317;;5;166;0;995;66;1106;995
2026;2026-04-26;Dream Bowl Palace Unterföhring;tournament;Südbayerische Meisterschaft;2;Zwischenlauf;Moritz Wiemken;25830;;5;227;0;1229;14;1106;1229
2026;2026-04-26;Dream Bowl Palace Unterföhring;tournament;Südbayerische Meisterschaft;2;Zwischenlauf;Nicolas Kabel;38092;;5;199;0;1279;3;1106;1279
2026;2026-04-26;Dream Bowl Palace Unterföhring;tournament;Südbayerische Meisterschaft;2;Zwischenlauf;Olaf Krebs;16325;;5;193;0;1100;42;1106;1100
2026;2026-04-26;Dream Bowl Palace Unterföhring;tournament;Südbayerische Meisterschaft;2;Zwischenlauf;Oliver Schütze;38550;;5;182;0;1213;20;1106;1213
2026;2026-04-26;Dream Bowl Palace Unterföhring;tournament;Südbayerische Meisterschaft;2;Zwischenlauf;Patrick Baszler;7886;;5;235;0;1215;18;1106;1215
2026;2026-04-26;Dream Bowl Palace Unterföhring;tournament;Südbayerische Meisterschaft;2;Zwischenlauf;Patrick Thurner;38530;;5;166;0;1120;37;1106;1120
2026;2026-04-26;Dream Bowl Palace Unterföhring;tournament;Südbayerische Meisterschaft;2;Zwischenlauf;Peter Börding;7593;;5;180;0;1247;7;1106;1247
2026;2026-04-26;Dream Bowl Palace Unterföhring;tournament;Südbayerische Meisterschaft;2;Zwischenlauf;Peter van Lengen;25297;;5;195;0;1073;47;1106;1073
2026;2026-04-26;Dream Bowl Palace Unterföhring;tournament;Südbayerische Meisterschaft;2;Zwischenlauf;Raiko Elze;38912;;5;190;0;1025;62;1106;1025
2026;2026-04-26;Dream Bowl Palace Unterföhring;tournament;Südbayerische Meisterschaft;2;Zwischenlauf;Rainer Schöllhorn;16069;;5;189;0;1044;55;1106;1044
2026;2026-04-26;Dream Bowl Palace Unterföhring;tournament;Südbayerische Meisterschaft;2;Zwischenlauf;Ralf Mielke;25842;;5;169;0;1202;23;1106;1202
2026;2026-04-26;Dream Bowl Palace Unterföhring;tournament;Südbayerische Meisterschaft;2;Zwischenlauf;Raphael Hofmann;38963;;5;165;0;977;72;1106;977
2026;2026-04-26;Dream Bowl Palace Unterföhring;tournament;Südbayerische Meisterschaft;2;Zwischenlauf;René Erben;25953;;5;174;0;1096;44;1106;1096
2026;2026-04-26;Dream Bowl Palace Unterföhring;tournament;Südbayerische Meisterschaft;2;Zwischenlauf;Robert Meissl;25778;;5;193;0;933;76;1106;933
2026;2026-04-26;Dream Bowl Palace Unterföhring;tournament;Südbayerische Meisterschaft;2;Zwischenlauf;Roberto Di Stefano;38970;;5;165;0;980;71;1106;980
2026;2026-04-26;Dream Bowl Palace Unterföhring;tournament;Südbayerische Meisterschaft;2;Zwischenlauf;Roland Hannemann;16336;;5;202;0;1140;33;1106;1140
2026;2026-04-26;Dream Bowl Palace Unterföhring;tournament;Südbayerische Meisterschaft;2;Zwischenlauf;Sahin Köse;16002;;5;174;0;1054;53;1106;1054
2026;2026-04-26;Dream Bowl Palace Unterföhring;tournament;Südbayerische Meisterschaft;2;Zwischenlauf;Sebastian Hinterwimmer;7885;;5;215;0;1243;11;1106;1243
2026;2026-04-26;Dream Bowl Palace Unterföhring;tournament;Südbayerische Meisterschaft;2;Zwischenlauf;Selim Fliegner;38673;;5;184;0;1177;24;1106;1177
2026;2026-04-26;Dream Bowl Palace Unterföhring;tournament;Südbayerische Meisterschaft;2;Zwischenlauf;Sergio Tavares;22116;;5;203;0;1002;64;1106;1002
2026;2026-04-26;Dream Bowl Palace Unterföhring;tournament;Südbayerische Meisterschaft;2;Zwischenlauf;Stefan Müller;7607;;5;200;0;1121;36;1106;1121
2026;2026-04-26;Dream Bowl Palace Unterföhring;tournament;Südbayerische Meisterschaft;2;Zwischenlauf;Thomas Albrecht;7641;;5;173;0;1026;61;1106;1026
2026;2026-04-26;Dream Bowl Palace Unterföhring;tournament;Südbayerische Meisterschaft;2;Zwischenlauf;Thomas Auer;16888;;5;257;0;1243;10;1106;1243
2026;2026-04-26;Dream Bowl Palace Unterföhring;tournament;Südbayerische Meisterschaft;2;Zwischenlauf;Thomas Hantschel;38450;;5;157;0;925;77;1106;925
2026;2026-04-26;Dream Bowl Palace Unterföhring;tournament;Südbayerische Meisterschaft;2;Zwischenlauf;Thomas Kalkschmied;25672;;5;172;0;1043;56;1106;1043
2026;2026-04-26;Dream Bowl Palace Unterföhring;tournament;Südbayerische Meisterschaft;2;Zwischenlauf;Thomas Wiedemann;7028;;5;182;0;1105;41;1106;1105
2026;2026-04-26;Dream Bowl Palace Unterföhring;tournament;Südbayerische Meisterschaft;2;Zwischenlauf;Timo Baumann;16024;;5;213;0;1158;29;1106;1158
2026;2026-04-26;Dream Bowl Palace Unterföhring;tournament;Südbayerische Meisterschaft;2;Zwischenlauf;Tindaro Famà;38730;;5;210;0;1255;6;1106;1255
2026;2026-04-26;Dream Bowl Palace Unterföhring;tournament;Südbayerische Meisterschaft;2;Zwischenlauf;Tobias Börding;7592;;5;236;0;1323;2;1106;1323
2026;2026-04-26;Dream Bowl Palace Unterföhring;tournament;Südbayerische Meisterschaft;2;Zwischenlauf;Tobias Wiedemann;25695;;5;137;0;965;75;1106;965
2026;2026-04-26;Dream Bowl Palace Unterföhring;tournament;Südbayerische Meisterschaft;2;Zwischenlauf;Tom Eck;38050;;5;134;0;1034;57;1106;1034
2026;2026-04-26;Dream Bowl Palace Unterföhring;tournament;Südbayerische Meisterschaft;2;Zwischenlauf;Torsten Fliegner;7418;;5;190;0;1058;51;1106;1058
2026;2026-04-26;Dream Bowl Palace Unterföhring;tournament;Südbayerische Meisterschaft;2;Zwischenlauf;Walter Lederle;16402;;5;192;0;1170;26;1106;1170
2026;2026-04-27;Dream Bowl Palace Unterföhring;tournament;Südbayerische Meisterschaft;3;Finale;Alexander Egger;38541;;0;201;0;201;20;218;201
2026;2026-04-27;Dream Bowl Palace Unterföhring;tournament;Südbayerische Meisterschaft;3;Finale;Alexander Koller;7879;;0;237;0;237;4;218;237
2026;2026-04-27;Dream Bowl Palace Unterföhring;tournament;Südbayerische Meisterschaft;3;Finale;Alexander Wiedemann;25849;;0;192;0;192;24;218;192
2026;2026-04-27;Dream Bowl Palace Unterföhring;tournament;Südbayerische Meisterschaft;3;Finale;Andre Michow;16965;;0;197;0;197;22;218;197
2026;2026-04-27;Dream Bowl Palace Unterföhring;tournament;Südbayerische Meisterschaft;3;Finale;Anton Mutz;25005;;0;190;0;190;26;218;190
2026;2026-04-27;Dream Bowl Palace Unterföhring;tournament;Südbayerische Meisterschaft;3;Finale;Bernd Wiemken;25203;;0;193;0;193;23;218;193
2026;2026-04-27;Dream Bowl Palace Unterföhring;tournament;Südbayerische Meisterschaft;3;Finale;Christian Schrempf;7646;;0;154;0;154;38;218;154
2026;2026-04-27;Dream Bowl Palace Unterföhring;tournament;Südbayerische Meisterschaft;3;Finale;Clément Perrin;38995;;0;204;0;204;18;218;204
2026;2026-04-27;Dream Bowl Palace Unterföhring;tournament;Südbayerische Meisterschaft;3;Finale;Daniel Börding;7591;;0;219;0;219;11;218;219
2026;2026-04-27;Dream Bowl Palace Unterföhring;tournament;Südbayerische Meisterschaft;3;Finale;Daniel Hellmich;7314;;0;233;0;233;6;218;233
2026;2026-04-27;Dream Bowl Palace Unterföhring;tournament;Südbayerische Meisterschaft;3;Finale;Florian Stangl;25690;;0;180;0;180;31;218;180
2026;2026-04-27;Dream Bowl Palace Unterföhring;tournament;Südbayerische Meisterschaft;3;Finale;Günter Denz;16398;;0;206;0;206;16;218;206
2026;2026-04-27;Dream Bowl Palace Unterföhring;tournament;Südbayerische Meisterschaft;3;Finale;Harald Eggl;25229;;0;217;0;217;13;218;217
2026;2026-04-27;Dream Bowl Palace Unterföhring;tournament;Südbayerische Meisterschaft;3;Finale;Harald Laub;7597;;0;206;0;206;17;218;206
2026;2026-04-27;Dream Bowl Palace Unterföhring;tournament;Südbayerische Meisterschaft;3;Finale;Jan Musiol;25166;;0;161;0;161;37;218;161
2026;2026-04-27;Dream Bowl Palace Unterföhring;tournament;Südbayerische Meisterschaft;3;Finale;Jochen Mücke;38842;;0;179;0;179;33;218;179
2026;2026-04-27;Dream Bowl Palace Unterföhring;tournament;Südbayerische Meisterschaft;3;Finale;Klaus Lilge;7080;;0;201;0;201;21;218;201
2026;2026-04-27;Dream Bowl Palace Unterföhring;tournament;Südbayerische Meisterschaft;3;Finale;Marcel Müller;28367;;0;222;0;222;9;218;222
2026;2026-04-27;Dream Bowl Palace Unterföhring;tournament;Südbayerische Meisterschaft;3;Finale;Martin Küchler;25826;;0;179;0;179;32;218;179
2026;2026-04-27;Dream Bowl Palace Unterföhring;tournament;Südbayerische Meisterschaft;3;Finale;Matthias Kuchling;16583;;0;203;0;203;19;218;203
2026;2026-04-27;Dream Bowl Palace Unterföhring;tournament;Südbayerische Meisterschaft;3;Finale;Max Wiemken;25557;;0;247;0;247;1;218;247
2026;2026-04-27;Dream Bowl Palace Unterföhring;tournament;Südbayerische Meisterschaft;3;Finale;Michael Eisenmann-Seybold;7595;;0;192;0;192;25;218;192
2026;2026-04-27;Dream Bowl Palace Unterföhring;tournament;Südbayerische Meisterschaft;3;Finale;Michael Görn;7412;;0;218;0;218;12;218;218
2026;2026-04-27;Dream Bowl Palace Unterföhring;tournament;Südbayerische Meisterschaft;3;Finale;Moritz Wiemken;25830;;0;190;0;190;27;218;190
2026;2026-04-27;Dream Bowl Palace Unterföhring;tournament;Südbayerische Meisterschaft;3;Finale;Nicolas Kabel;38092;;0;230;0;230;7;218;230
2026;2026-04-27;Dream Bowl Palace Unterföhring;tournament;Südbayerische Meisterschaft;3;Finale;Oliver Schütze;38550;;0;209;0;209;14;218;209
2026;2026-04-27;Dream Bowl Palace Unterföhring;tournament;Südbayerische Meisterschaft;3;Finale;Patrick Baszler;7886;;0;237;0;237;5;218;237
2026;2026-04-27;Dream Bowl Palace Unterföhring;tournament;Südbayerische Meisterschaft;3;Finale;Peter Börding;7593;;0;224;0;224;8;218;224
2026;2026-04-27;Dream Bowl Palace Unterföhring;tournament;Südbayerische Meisterschaft;3;Finale;Ralf Mielke;25842;;0;166;0;166;36;218;166
2026;2026-04-27;Dream Bowl Palace Unterföhring;tournament;Südbayerische Meisterschaft;3;Finale;René Erben;25953;;0;181;0;181;30;218;181
2026;2026-04-27;Dream Bowl Palace Unterföhring;tournament;Südbayerische Meisterschaft;3;Finale;Roland Hannemann;16336;;0;188;0;188;28;218;188
2026;2026-04-27;Dream Bowl Palace Unterföhring;tournament;Südbayerische Meisterschaft;3;Finale;Sebastian Hinterwimmer;7885;;0;186;0;186;29;218;186
2026;2026-04-27;Dream Bowl Palace Unterföhring;tournament;Südbayerische Meisterschaft;3;Finale;Selim Fliegner;38673;;0;176;0;176;34;218;176
2026;2026-04-27;Dream Bowl Palace Unterföhring;tournament;Südbayerische Meisterschaft;3;Finale;Stefan Müller;7607;;0;208;0;208;15;218;208
2026;2026-04-27;Dream Bowl Palace Unterföhring;tournament;Südbayerische Meisterschaft;3;Finale;Thomas Auer;16888;;0;238;0;238;3;218;238
2026;2026-04-27;Dream Bowl Palace Unterföhring;tournament;Südbayerische Meisterschaft;3;Finale;Timo Baumann;16024;;0;246;0;246;2;218;246
2026;2026-04-27;Dream Bowl Palace Unterföhring;tournament;Südbayerische Meisterschaft;3;Finale;Tindaro Famà;38730;;0;168;0;168;35;218;168
2026;2026-04-27;Dream Bowl Palace Unterföhring;tournament;Südbayerische Meisterschaft;3;Finale;Tobias Börding;7592;;0;222;0;222;10;218;222
2026;2026-04-27;Dream Bowl Palace Unterföhring;tournament;Südbayerische Meisterschaft;3;Finale;Tom Eck;38050;;0;134;0;134;40;218;134
2026;2026-04-27;Dream Bowl Palace Unterföhring;tournament;Südbayerische Meisterschaft;3;Finale;Walter Lederle;16402;;0;145;0;145;39;218;145
2026;2026-04-27;Dream Bowl Palace Unterföhring;tournament;Südbayerische Meisterschaft;3;Finale;Alexander Egger;38541;;1;163;0;364;32;411;364
2026;2026-04-27;Dream Bowl Palace Unterföhring;tournament;Südbayerische Meisterschaft;3;Finale;Alexander Koller;7879;;1;216;0;453;6;411;453
2026;2026-04-27;Dream Bowl Palace Unterföhring;tournament;Südbayerische Meisterschaft;3;Finale;Alexander Wiedemann;25849;;1;175;0;367;30;411;367
2026;2026-04-27;Dream Bowl Palace Unterföhring;tournament;Südbayerische Meisterschaft;3;Finale;Andre Michow;16965;;1;203;0;400;15;411;400
2026;2026-04-27;Dream Bowl Palace Unterföhring;tournament;Südbayerische Meisterschaft;3;Finale;Anton Mutz;25005;;1;168;0;358;34;411;358
2026;2026-04-27;Dream Bowl Palace Unterföhring;tournament;Südbayerische Meisterschaft;3;Finale;Bernd Wiemken;25203;;1;197;0;390;21;411;390
2026;2026-04-27;Dream Bowl Palace Unterföhring;tournament;Südbayerische Meisterschaft;3;Finale;Christian Schrempf;7646;;1;167;0;321;39;411;321
2026;2026-04-27;Dream Bowl Palace Unterföhring;tournament;Südbayerische Meisterschaft;3;Finale;Clément Perrin;38995;;1;204;0;408;13;411;408
2026;2026-04-27;Dream Bowl Palace Unterföhring;tournament;Südbayerische Meisterschaft;3;Finale;Daniel Börding;7591;;1;218;0;437;8;411;437
2026;2026-04-27;Dream Bowl Palace Unterföhring;tournament;Südbayerische Meisterschaft;3;Finale;Daniel Hellmich;7314;;1;185;0;418;10;411;418
2026;2026-04-27;Dream Bowl Palace Unterföhring;tournament;Südbayerische Meisterschaft;3;Finale;Florian Stangl;25690;;1;197;0;377;28;411;377
2026;2026-04-27;Dream Bowl Palace Unterföhring;tournament;Südbayerische Meisterschaft;3;Finale;Günter Denz;16398;;1;224;0;430;9;411;430
2026;2026-04-27;Dream Bowl Palace Unterföhring;tournament;Südbayerische Meisterschaft;3;Finale;Harald Eggl;25229;;1;172;0;389;24;411;389
2026;2026-04-27;Dream Bowl Palace Unterföhring;tournament;Südbayerische Meisterschaft;3;Finale;Harald Laub;7597;;1;164;0;370;29;411;370
2026;2026-04-27;Dream Bowl Palace Unterföhring;tournament;Südbayerische Meisterschaft;3;Finale;Jan Musiol;25166;;1;160;0;321;38;411;321
2026;2026-04-27;Dream Bowl Palace Unterföhring;tournament;Südbayerische Meisterschaft;3;Finale;Jochen Mücke;38842;;1;211;0;390;23;411;390
2026;2026-04-27;Dream Bowl Palace Unterföhring;tournament;Südbayerische Meisterschaft;3;Finale;Klaus Lilge;7080;;1;257;0;458;5;411;458
2026;2026-04-27;Dream Bowl Palace Unterföhring;tournament;Südbayerische Meisterschaft;3;Finale;Marcel Müller;28367;;1;161;0;383;26;411;383
2026;2026-04-27;Dream Bowl Palace Unterföhring;tournament;Südbayerische Meisterschaft;3;Finale;Martin Küchler;25826;;1;165;0;344;36;411;344
2026;2026-04-27;Dream Bowl Palace Unterföhring;tournament;Südbayerische Meisterschaft;3;Finale;Matthias Kuchling;16583;;1;258;0;461;3;411;461
2026;2026-04-27;Dream Bowl Palace Unterföhring;tournament;Südbayerische Meisterschaft;3;Finale;Max Wiemken;25557;;1;145;0;392;19;411;392
2026;2026-04-27;Dream Bowl Palace Unterföhring;tournament;Südbayerische Meisterschaft;3;Finale;Michael Eisenmann-Seybold;7595;;1;200;0;392;20;411;392
2026;2026-04-27;Dream Bowl Palace Unterföhring;tournament;Südbayerische Meisterschaft;3;Finale;Michael Görn;7412;;1;164;0;382;27;411;382
2026;2026-04-27;Dream Bowl Palace Unterföhring;tournament;Südbayerische Meisterschaft;3;Finale;Moritz Wiemken;25830;;1;252;0;442;7;411;442
2026;2026-04-27;Dream Bowl Palace Unterföhring;tournament;Südbayerische Meisterschaft;3;Finale;Nicolas Kabel;38092;;1;171;0;401;14;411;401
2026;2026-04-27;Dream Bowl Palace Unterföhring;tournament;Südbayerische Meisterschaft;3;Finale;Oliver Schütze;38550;;1;189;0;398;17;411;398
2026;2026-04-27;Dream Bowl Palace Unterföhring;tournament;Südbayerische Meisterschaft;3;Finale;Patrick Baszler;7886;;1;147;0;384;25;411;384
2026;2026-04-27;Dream Bowl Palace Unterföhring;tournament;Südbayerische Meisterschaft;3;Finale;Peter Börding;7593;;1;237;0;461;4;411;461
2026;2026-04-27;Dream Bowl Palace Unterföhring;tournament;Südbayerische Meisterschaft;3;Finale;Ralf Mielke;25842;;1;195;0;361;33;411;361
2026;2026-04-27;Dream Bowl Palace Unterföhring;tournament;Südbayerische Meisterschaft;3;Finale;René Erben;25953;;1;236;0;417;11;411;417
2026;2026-04-27;Dream Bowl Palace Unterföhring;tournament;Südbayerische Meisterschaft;3;Finale;Roland Hannemann;16336;;1;177;0;365;31;411;365
2026;2026-04-27;Dream Bowl Palace Unterföhring;tournament;Südbayerische Meisterschaft;3;Finale;Sebastian Hinterwimmer;7885;;1;208;0;394;18;411;394
2026;2026-04-27;Dream Bowl Palace Unterföhring;tournament;Südbayerische Meisterschaft;3;Finale;Selim Fliegner;38673;;1;223;0;399;16;411;399
2026;2026-04-27;Dream Bowl Palace Unterföhring;tournament;Südbayerische Meisterschaft;3;Finale;Stefan Müller;7607;;1;130;0;338;37;411;338
2026;2026-04-27;Dream Bowl Palace Unterföhring;tournament;Südbayerische Meisterschaft;3;Finale;Thomas Auer;16888;;1;225;0;463;2;411;463
2026;2026-04-27;Dream Bowl Palace Unterföhring;tournament;Südbayerische Meisterschaft;3;Finale;Timo Baumann;16024;;1;223;0;469;1;411;469
2026;2026-04-27;Dream Bowl Palace Unterföhring;tournament;Südbayerische Meisterschaft;3;Finale;Tindaro Famà;38730;;1;222;0;390;22;411;390
2026;2026-04-27;Dream Bowl Palace Unterföhring;tournament;Südbayerische Meisterschaft;3;Finale;Tobias Börding;7592;;1;189;0;411;12;411;411
2026;2026-04-27;Dream Bowl Palace Unterföhring;tournament;Südbayerische Meisterschaft;3;Finale;Tom Eck;38050;;1;150;0;284;40;411;284
2026;2026-04-27;Dream Bowl Palace Unterföhring;tournament;Südbayerische Meisterschaft;3;Finale;Walter Lederle;16402;;1;199;0;344;35;411;344
2026;2026-04-27;Dream Bowl Palace Unterföhring;tournament;Südbayerische Meisterschaft;3;Finale;Alexander Egger;38541;;2;176;0;540;31;620;540
2026;2026-04-27;Dream Bowl Palace Unterföhring;tournament;Südbayerische Meisterschaft;3;Finale;Alexander Koller;7879;;2;182;0;635;9;620;635
2026;2026-04-27;Dream Bowl Palace Unterföhring;tournament;Südbayerische Meisterschaft;3;Finale;Alexander Wiedemann;25849;;2;210;0;577;23;620;577
2026;2026-04-27;Dream Bowl Palace Unterföhring;tournament;Südbayerische Meisterschaft;3;Finale;Andre Michow;16965;;2;216;0;616;14;620;616
2026;2026-04-27;Dream Bowl Palace Unterföhring;tournament;Südbayerische Meisterschaft;3;Finale;Anton Mutz;25005;;2;163;0;521;34;620;521
2026;2026-04-27;Dream Bowl Palace Unterföhring;tournament;Südbayerische Meisterschaft;3;Finale;Bernd Wiemken;25203;;2;256;0;646;7;620;646
2026;2026-04-27;Dream Bowl Palace Unterföhring;tournament;Südbayerische Meisterschaft;3;Finale;Christian Schrempf;7646;;2;160;0;481;39;620;481
2026;2026-04-27;Dream Bowl Palace Unterföhring;tournament;Südbayerische Meisterschaft;3;Finale;Clément Perrin;38995;;2;165;0;573;25;620;573
2026;2026-04-27;Dream Bowl Palace Unterföhring;tournament;Südbayerische Meisterschaft;3;Finale;Daniel Börding;7591;;2;233;0;670;2;620;670
2026;2026-04-27;Dream Bowl Palace Unterföhring;tournament;Südbayerische Meisterschaft;3;Finale;Daniel Hellmich;7314;;2;227;0;645;8;620;645
2026;2026-04-27;Dream Bowl Palace Unterföhring;tournament;Südbayerische Meisterschaft;3;Finale;Florian Stangl;25690;;2;212;0;589;20;620;589
2026;2026-04-27;Dream Bowl Palace Unterföhring;tournament;Südbayerische Meisterschaft;3;Finale;Günter Denz;16398;;2;182;0;612;16;620;612
2026;2026-04-27;Dream Bowl Palace Unterföhring;tournament;Südbayerische Meisterschaft;3;Finale;Harald Eggl;25229;;2;182;0;571;26;620;571
2026;2026-04-27;Dream Bowl Palace Unterföhring;tournament;Südbayerische Meisterschaft;3;Finale;Harald Laub;7597;;2;161;0;531;32;620;531
2026;2026-04-27;Dream Bowl Palace Unterföhring;tournament;Südbayerische Meisterschaft;3;Finale;Jan Musiol;25166;;2;205;0;526;33;620;526
2026;2026-04-27;Dream Bowl Palace Unterföhring;tournament;Südbayerische Meisterschaft;3;Finale;Jochen Mücke;38842;;2;183;0;573;24;620;573
2026;2026-04-27;Dream Bowl Palace Unterföhring;tournament;Südbayerische Meisterschaft;3;Finale;Klaus Lilge;7080;;2;169;0;627;10;620;627
2026;2026-04-27;Dream Bowl Palace Unterföhring;tournament;Südbayerische Meisterschaft;3;Finale;Marcel Müller;28367;;2;211;0;594;18;620;594
2026;2026-04-27;Dream Bowl Palace Unterföhring;tournament;Südbayerische Meisterschaft;3;Finale;Martin Küchler;25826;;2;158;0;502;37;620;502
2026;2026-04-27;Dream Bowl Palace Unterföhring;tournament;Südbayerische Meisterschaft;3;Finale;Matthias Kuchling;16583;;2;201;0;662;3;620;662
2026;2026-04-27;Dream Bowl Palace Unterföhring;tournament;Südbayerische Meisterschaft;3;Finale;Max Wiemken;25557;;2;256;0;648;6;620;648
2026;2026-04-27;Dream Bowl Palace Unterföhring;tournament;Südbayerische Meisterschaft;3;Finale;Michael Eisenmann-Seybold;7595;;2;257;0;649;5;620;649
2026;2026-04-27;Dream Bowl Palace Unterföhring;tournament;Südbayerische Meisterschaft;3;Finale;Michael Görn;7412;;2;220;0;602;17;620;602
2026;2026-04-27;Dream Bowl Palace Unterföhring;tournament;Südbayerische Meisterschaft;3;Finale;Moritz Wiemken;25830;;2;172;0;614;15;620;614
2026;2026-04-27;Dream Bowl Palace Unterföhring;tournament;Südbayerische Meisterschaft;3;Finale;Nicolas Kabel;38092;;2;223;0;624;11;620;624
2026;2026-04-27;Dream Bowl Palace Unterföhring;tournament;Südbayerische Meisterschaft;3;Finale;Oliver Schütze;38550;;2;172;0;570;27;620;570
2026;2026-04-27;Dream Bowl Palace Unterföhring;tournament;Südbayerische Meisterschaft;3;Finale;Patrick Baszler;7886;;2;176;0;560;29;620;560
2026;2026-04-27;Dream Bowl Palace Unterföhring;tournament;Südbayerische Meisterschaft;3;Finale;Peter Börding;7593;;2;234;0;695;1;620;695
2026;2026-04-27;Dream Bowl Palace Unterföhring;tournament;Südbayerische Meisterschaft;3;Finale;Ralf Mielke;25842;;2;204;0;565;28;620;565
2026;2026-04-27;Dream Bowl Palace Unterföhring;tournament;Südbayerische Meisterschaft;3;Finale;René Erben;25953;;2;170;0;587;21;620;587
2026;2026-04-27;Dream Bowl Palace Unterföhring;tournament;Südbayerische Meisterschaft;3;Finale;Roland Hannemann;16336;;2;148;0;513;35;620;513
2026;2026-04-27;Dream Bowl Palace Unterföhring;tournament;Südbayerische Meisterschaft;3;Finale;Sebastian Hinterwimmer;7885;;2;200;0;594;19;620;594
2026;2026-04-27;Dream Bowl Palace Unterföhring;tournament;Südbayerische Meisterschaft;3;Finale;Selim Fliegner;38673;;2;159;0;558;30;620;558
2026;2026-04-27;Dream Bowl Palace Unterföhring;tournament;Südbayerische Meisterschaft;3;Finale;Stefan Müller;7607;;2;150;0;488;38;620;488
2026;2026-04-27;Dream Bowl Palace Unterföhring;tournament;Südbayerische Meisterschaft;3;Finale;Thomas Auer;16888;;2;156;0;619;13;620;619
2026;2026-04-27;Dream Bowl Palace Unterföhring;tournament;Südbayerische Meisterschaft;3;Finale;Timo Baumann;16024;;2;182;0;651;4;620;651
2026;2026-04-27;Dream Bowl Palace Unterföhring;tournament;Südbayerische Meisterschaft;3;Finale;Tindaro Famà;38730;;2;191;0;581;22;620;581
2026;2026-04-27;Dream Bowl Palace Unterföhring;tournament;Südbayerische Meisterschaft;3;Finale;Tobias Börding;7592;;2;209;0;620;12;620;620
2026;2026-04-27;Dream Bowl Palace Unterföhring;tournament;Südbayerische Meisterschaft;3;Finale;Walter Lederle;16402;;2;161;0;505;36;620;505
2026;2026-04-27;Dream Bowl Palace Unterföhring;tournament;Südbayerische Meisterschaft;3;Finale;Alexander Egger;38541;;3;204;0;744;29;827;744
2026;2026-04-27;Dream Bowl Palace Unterföhring;tournament;Südbayerische Meisterschaft;3;Finale;Alexander Koller;7879;;3;246;0;881;3;827;881
2026;2026-04-27;Dream Bowl Palace Unterföhring;tournament;Südbayerische Meisterschaft;3;Finale;Alexander Wiedemann;25849;;3;179;0;756;26;827;756
2026;2026-04-27;Dream Bowl Palace Unterföhring;tournament;Südbayerische Meisterschaft;3;Finale;Andre Michow;16965;;3;226;0;842;9;827;842
2026;2026-04-27;Dream Bowl Palace Unterföhring;tournament;Südbayerische Meisterschaft;3;Finale;Anton Mutz;25005;;3;170;0;691;35;827;691
2026;2026-04-27;Dream Bowl Palace Unterföhring;tournament;Südbayerische Meisterschaft;3;Finale;Bernd Wiemken;25203;;3;201;0;847;7;827;847
2026;2026-04-27;Dream Bowl Palace Unterföhring;tournament;Südbayerische Meisterschaft;3;Finale;Christian Schrempf;7646;;3;186;0;667;36;827;667
2026;2026-04-27;Dream Bowl Palace Unterföhring;tournament;Südbayerische Meisterschaft;3;Finale;Clément Perrin;38995;;3;205;0;778;22;827;778
2026;2026-04-27;Dream Bowl Palace Unterföhring;tournament;Südbayerische Meisterschaft;3;Finale;Daniel Börding;7591;;3;214;0;884;2;827;884
2026;2026-04-27;Dream Bowl Palace Unterföhring;tournament;Südbayerische Meisterschaft;3;Finale;Daniel Hellmich;7314;;3;203;0;848;6;827;848
2026;2026-04-27;Dream Bowl Palace Unterföhring;tournament;Südbayerische Meisterschaft;3;Finale;Florian Stangl;25690;;3;138;0;727;32;827;727
2026;2026-04-27;Dream Bowl Palace Unterföhring;tournament;Südbayerische Meisterschaft;3;Finale;Günter Denz;16398;;3;215;0;827;12;827;827
2026;2026-04-27;Dream Bowl Palace Unterföhring;tournament;Südbayerische Meisterschaft;3;Finale;Harald Eggl;25229;;3;168;0;739;30;827;739
2026;2026-04-27;Dream Bowl Palace Unterföhring;tournament;Südbayerische Meisterschaft;3;Finale;Harald Laub;7597;;3;223;0;754;27;827;754
2026;2026-04-27;Dream Bowl Palace Unterföhring;tournament;Südbayerische Meisterschaft;3;Finale;Jan Musiol;25166;;3;191;0;717;34;827;717
2026;2026-04-27;Dream Bowl Palace Unterföhring;tournament;Südbayerische Meisterschaft;3;Finale;Jochen Mücke;38842;;3;196;0;769;24;827;769
2026;2026-04-27;Dream Bowl Palace Unterföhring;tournament;Südbayerische Meisterschaft;3;Finale;Klaus Lilge;7080;;3;182;0;809;17;827;809
2026;2026-04-27;Dream Bowl Palace Unterföhring;tournament;Südbayerische Meisterschaft;3;Finale;Marcel Müller;28367;;3;166;0;760;25;827;760
2026;2026-04-27;Dream Bowl Palace Unterföhring;tournament;Südbayerische Meisterschaft;3;Finale;Martin Küchler;25826;;3;147;0;649;38;827;649
2026;2026-04-27;Dream Bowl Palace Unterföhring;tournament;Südbayerische Meisterschaft;3;Finale;Matthias Kuchling;16583;;3;175;0;837;10;827;837
2026;2026-04-27;Dream Bowl Palace Unterföhring;tournament;Südbayerische Meisterschaft;3;Finale;Max Wiemken;25557;;3;182;0;830;11;827;830
2026;2026-04-27;Dream Bowl Palace Unterföhring;tournament;Südbayerische Meisterschaft;3;Finale;Michael Eisenmann-Seybold;7595;;3;196;0;845;8;827;845
2026;2026-04-27;Dream Bowl Palace Unterföhring;tournament;Südbayerische Meisterschaft;3;Finale;Michael Görn;7412;;3;179;0;781;21;827;781
2026;2026-04-27;Dream Bowl Palace Unterföhring;tournament;Südbayerische Meisterschaft;3;Finale;Moritz Wiemken;25830;;3;207;0;821;13;827;821
2026;2026-04-27;Dream Bowl Palace Unterföhring;tournament;Südbayerische Meisterschaft;3;Finale;Nicolas Kabel;38092;;3;197;0;821;14;827;821
2026;2026-04-27;Dream Bowl Palace Unterföhring;tournament;Südbayerische Meisterschaft;3;Finale;Oliver Schütze;38550;;3;223;0;793;18;827;793
2026;2026-04-27;Dream Bowl Palace Unterföhring;tournament;Südbayerische Meisterschaft;3;Finale;Patrick Baszler;7886;;3;171;0;731;31;827;731
2026;2026-04-27;Dream Bowl Palace Unterföhring;tournament;Südbayerische Meisterschaft;3;Finale;Peter Börding;7593;;3;194;0;889;1;827;889
2026;2026-04-27;Dream Bowl Palace Unterföhring;tournament;Südbayerische Meisterschaft;3;Finale;Ralf Mielke;25842;;3;217;0;782;20;827;782
2026;2026-04-27;Dream Bowl Palace Unterföhring;tournament;Südbayerische Meisterschaft;3;Finale;René Erben;25953;;3;188;0;775;23;827;775
2026;2026-04-27;Dream Bowl Palace Unterföhring;tournament;Südbayerische Meisterschaft;3;Finale;Roland Hannemann;16336;;3;135;0;648;39;827;648
2026;2026-04-27;Dream Bowl Palace Unterföhring;tournament;Südbayerische Meisterschaft;3;Finale;Sebastian Hinterwimmer;7885;;3;266;0;860;4;827;860
2026;2026-04-27;Dream Bowl Palace Unterföhring;tournament;Südbayerische Meisterschaft;3;Finale;Selim Fliegner;38673;;3;188;0;746;28;827;746
2026;2026-04-27;Dream Bowl Palace Unterföhring;tournament;Südbayerische Meisterschaft;3;Finale;Stefan Müller;7607;;3;162;0;650;37;827;650
2026;2026-04-27;Dream Bowl Palace Unterföhring;tournament;Südbayerische Meisterschaft;3;Finale;Thomas Auer;16888;;3;195;0;814;15;827;814
2026;2026-04-27;Dream Bowl Palace Unterföhring;tournament;Südbayerische Meisterschaft;3;Finale;Timo Baumann;16024;;3;158;0;809;16;827;809
2026;2026-04-27;Dream Bowl Palace Unterföhring;tournament;Südbayerische Meisterschaft;3;Finale;Tindaro Famà;38730;;3;209;0;790;19;827;790
2026;2026-04-27;Dream Bowl Palace Unterföhring;tournament;Südbayerische Meisterschaft;3;Finale;Tobias Börding;7592;;3;233;0;853;5;827;853
2026;2026-04-27;Dream Bowl Palace Unterföhring;tournament;Südbayerische Meisterschaft;3;Finale;Walter Lederle;16402;;3;214;0;719;33;827;719
2026;2026-04-27;Dream Bowl Palace Unterföhring;tournament;Südbayerische Meisterschaft;3;Finale;Alexander Egger;38541;;4;157;0;901;32;1017;901
2026;2026-04-27;Dream Bowl Palace Unterföhring;tournament;Südbayerische Meisterschaft;3;Finale;Alexander Koller;7879;;4;236;0;1117;1;1017;1117
2026;2026-04-27;Dream Bowl Palace Unterföhring;tournament;Südbayerische Meisterschaft;3;Finale;Alexander Wiedemann;25849;;4;209;0;965;23;1017;965
2026;2026-04-27;Dream Bowl Palace Unterföhring;tournament;Südbayerische Meisterschaft;3;Finale;Andre Michow;16965;;4;188;0;1030;8;1017;1030
2026;2026-04-27;Dream Bowl Palace Unterföhring;tournament;Südbayerische Meisterschaft;3;Finale;Anton Mutz;25005;;4;146;0;837;38;1017;837
2026;2026-04-27;Dream Bowl Palace Unterföhring;tournament;Südbayerische Meisterschaft;3;Finale;Bernd Wiemken;25203;;4;172;0;1019;11;1017;1019
2026;2026-04-27;Dream Bowl Palace Unterföhring;tournament;Südbayerische Meisterschaft;3;Finale;Christian Schrempf;7646;;4;175;0;842;37;1017;842
2026;2026-04-27;Dream Bowl Palace Unterföhring;tournament;Südbayerische Meisterschaft;3;Finale;Clément Perrin;38995;;4;195;0;973;22;1017;973
2026;2026-04-27;Dream Bowl Palace Unterföhring;tournament;Südbayerische Meisterschaft;3;Finale;Daniel Börding;7591;;4;191;0;1075;5;1017;1075
2026;2026-04-27;Dream Bowl Palace Unterföhring;tournament;Südbayerische Meisterschaft;3;Finale;Daniel Hellmich;7314;;4;169;0;1017;12;1017;1017
2026;2026-04-27;Dream Bowl Palace Unterföhring;tournament;Südbayerische Meisterschaft;3;Finale;Florian Stangl;25690;;4;185;0;912;31;1017;912
2026;2026-04-27;Dream Bowl Palace Unterföhring;tournament;Südbayerische Meisterschaft;3;Finale;Günter Denz;16398;;4;215;0;1042;7;1017;1042
2026;2026-04-27;Dream Bowl Palace Unterföhring;tournament;Südbayerische Meisterschaft;3;Finale;Harald Eggl;25229;;4;146;0;885;34;1017;885
2026;2026-04-27;Dream Bowl Palace Unterföhring;tournament;Südbayerische Meisterschaft;3;Finale;Harald Laub;7597;;4;187;0;941;27;1017;941
2026;2026-04-27;Dream Bowl Palace Unterföhring;tournament;Südbayerische Meisterschaft;3;Finale;Jan Musiol;25166;;4;202;0;919;29;1017;919
2026;2026-04-27;Dream Bowl Palace Unterföhring;tournament;Südbayerische Meisterschaft;3;Finale;Jochen Mücke;38842;;4;145;0;914;30;1017;914
2026;2026-04-27;Dream Bowl Palace Unterföhring;tournament;Südbayerische Meisterschaft;3;Finale;Klaus Lilge;7080;;4;187;0;996;16;1017;996
2026;2026-04-27;Dream Bowl Palace Unterföhring;tournament;Südbayerische Meisterschaft;3;Finale;Marcel Müller;28367;;4;227;0;987;19;1017;987
2026;2026-04-27;Dream Bowl Palace Unterföhring;tournament;Südbayerische Meisterschaft;3;Finale;Martin Küchler;25826;;4;200;0;849;36;1017;849
2026;2026-04-27;Dream Bowl Palace Unterföhring;tournament;Südbayerische Meisterschaft;3;Finale;Matthias Kuchling;16583;;4;159;0;996;15;1017;996
2026;2026-04-27;Dream Bowl Palace Unterföhring;tournament;Südbayerische Meisterschaft;3;Finale;Max Wiemken;25557;;4;156;0;986;20;1017;986
2026;2026-04-27;Dream Bowl Palace Unterföhring;tournament;Südbayerische Meisterschaft;3;Finale;Michael Eisenmann-Seybold;7595;;4;185;0;1030;9;1017;1030
2026;2026-04-27;Dream Bowl Palace Unterföhring;tournament;Südbayerische Meisterschaft;3;Finale;Michael Görn;7412;;4;159;0;940;28;1017;940
2026;2026-04-27;Dream Bowl Palace Unterföhring;tournament;Südbayerische Meisterschaft;3;Finale;Moritz Wiemken;25830;;4;171;0;992;18;1017;992
2026;2026-04-27;Dream Bowl Palace Unterföhring;tournament;Südbayerische Meisterschaft;3;Finale;Nicolas Kabel;38092;;4;192;0;1013;13;1017;1013
2026;2026-04-27;Dream Bowl Palace Unterföhring;tournament;Südbayerische Meisterschaft;3;Finale;Oliver Schütze;38550;;4;297;0;1090;4;1017;1090
2026;2026-04-27;Dream Bowl Palace Unterföhring;tournament;Südbayerische Meisterschaft;3;Finale;Patrick Baszler;7886;;4;223;0;954;26;1017;954
2026;2026-04-27;Dream Bowl Palace Unterföhring;tournament;Südbayerische Meisterschaft;3;Finale;Peter Börding;7593;;4;218;0;1107;3;1017;1107
2026;2026-04-27;Dream Bowl Palace Unterföhring;tournament;Südbayerische Meisterschaft;3;Finale;Ralf Mielke;25842;;4;180;0;962;24;1017;962
2026;2026-04-27;Dream Bowl Palace Unterföhring;tournament;Südbayerische Meisterschaft;3;Finale;René Erben;25953;;4;204;0;979;21;1017;979
2026;2026-04-27;Dream Bowl Palace Unterföhring;tournament;Südbayerische Meisterschaft;3;Finale;Roland Hannemann;16336;;4;206;0;854;35;1017;854
2026;2026-04-27;Dream Bowl Palace Unterföhring;tournament;Südbayerische Meisterschaft;3;Finale;Sebastian Hinterwimmer;7885;;4;170;0;1030;10;1017;1030
2026;2026-04-27;Dream Bowl Palace Unterföhring;tournament;Südbayerische Meisterschaft;3;Finale;Selim Fliegner;38673;;4;208;0;954;25;1017;954
2026;2026-04-27;Dream Bowl Palace Unterföhring;tournament;Südbayerische Meisterschaft;3;Finale;Stefan Müller;7607;;4;169;0;819;39;1017;819
2026;2026-04-27;Dream Bowl Palace Unterföhring;tournament;Südbayerische Meisterschaft;3;Finale;Thomas Auer;16888;;4;247;0;1061;6;1017;1061
2026;2026-04-27;Dream Bowl Palace Unterföhring;tournament;Südbayerische Meisterschaft;3;Finale;Timo Baumann;16024;;4;193;0;1002;14;1017;1002
2026;2026-04-27;Dream Bowl Palace Unterföhring;tournament;Südbayerische Meisterschaft;3;Finale;Tindaro Famà;38730;;4;205;0;995;17;1017;995
2026;2026-04-27;Dream Bowl Palace Unterföhring;tournament;Südbayerische Meisterschaft;3;Finale;Tobias Börding;7592;;4;255;0;1108;2;1017;1108
2026;2026-04-27;Dream Bowl Palace Unterföhring;tournament;Südbayerische Meisterschaft;3;Finale;Walter Lederle;16402;;4;173;0;892;33;1017;892
2026;2026-04-27;Dream Bowl Palace Unterföhring;tournament;Südbayerische Meisterschaft;3;Finale;Alexander Egger;38541;;5;208;0;1109;30;1204;1109
2026;2026-04-27;Dream Bowl Palace Unterföhring;tournament;Südbayerische Meisterschaft;3;Finale;Alexander Koller;7879;;5;298;0;1415;1;1204;1415
2026;2026-04-27;Dream Bowl Palace Unterföhring;tournament;Südbayerische Meisterschaft;3;Finale;Alexander Wiedemann;25849;;5;221;0;1186;16;1204;1186
2026;2026-04-27;Dream Bowl Palace Unterföhring;tournament;Südbayerische Meisterschaft;3;Finale;Andre Michow;16965;;5;154;0;1184;17;1204;1184
2026;2026-04-27;Dream Bowl Palace Unterföhring;tournament;Südbayerische Meisterschaft;3;Finale;Anton Mutz;25005;;5;149;0;986;38;1204;986
2026;2026-04-27;Dream Bowl Palace Unterföhring;tournament;Südbayerische Meisterschaft;3;Finale;Bernd Wiemken;25203;;5;182;0;1201;13;1204;1201
2026;2026-04-27;Dream Bowl Palace Unterföhring;tournament;Südbayerische Meisterschaft;3;Finale;Christian Schrempf;7646;;5;157;0;999;37;1204;999
2026;2026-04-27;Dream Bowl Palace Unterföhring;tournament;Südbayerische Meisterschaft;3;Finale;Clément Perrin;38995;;5;170;0;1143;26;1204;1143
2026;2026-04-27;Dream Bowl Palace Unterföhring;tournament;Südbayerische Meisterschaft;3;Finale;Daniel Börding;7591;;5;181;0;1256;7;1204;1256
2026;2026-04-27;Dream Bowl Palace Unterföhring;tournament;Südbayerische Meisterschaft;3;Finale;Daniel Hellmich;7314;;5;267;0;1284;4;1204;1284
2026;2026-04-27;Dream Bowl Palace Unterföhring;tournament;Südbayerische Meisterschaft;3;Finale;Florian Stangl;25690;;5;184;0;1096;31;1204;1096
2026;2026-04-27;Dream Bowl Palace Unterföhring;tournament;Südbayerische Meisterschaft;3;Finale;Günter Denz;16398;;5;193;0;1235;10;1204;1235
2026;2026-04-27;Dream Bowl Palace Unterföhring;tournament;Südbayerische Meisterschaft;3;Finale;Harald Eggl;25229;;5;200;0;1085;33;1204;1085
2026;2026-04-27;Dream Bowl Palace Unterföhring;tournament;Südbayerische Meisterschaft;3;Finale;Harald Laub;7597;;5;203;0;1144;25;1204;1144
2026;2026-04-27;Dream Bowl Palace Unterföhring;tournament;Südbayerische Meisterschaft;3;Finale;Jan Musiol;25166;;5;247;0;1166;22;1204;1166
2026;2026-04-27;Dream Bowl Palace Unterföhring;tournament;Südbayerische Meisterschaft;3;Finale;Jochen Mücke;38842;;5;179;0;1093;32;1204;1093
2026;2026-04-27;Dream Bowl Palace Unterföhring;tournament;Südbayerische Meisterschaft;3;Finale;Klaus Lilge;7080;;5;176;0;1172;20;1204;1172
2026;2026-04-27;Dream Bowl Palace Unterföhring;tournament;Südbayerische Meisterschaft;3;Finale;Marcel Müller;28367;;5;267;0;1254;8;1204;1254
2026;2026-04-27;Dream Bowl Palace Unterföhring;tournament;Südbayerische Meisterschaft;3;Finale;Martin Küchler;25826;;5;153;0;1002;36;1204;1002
2026;2026-04-27;Dream Bowl Palace Unterföhring;tournament;Südbayerische Meisterschaft;3;Finale;Matthias Kuchling;16583;;5;194;0;1190;15;1204;1190
2026;2026-04-27;Dream Bowl Palace Unterföhring;tournament;Südbayerische Meisterschaft;3;Finale;Max Wiemken;25557;;5;168;0;1154;24;1204;1154
2026;2026-04-27;Dream Bowl Palace Unterföhring;tournament;Südbayerische Meisterschaft;3;Finale;Michael Eisenmann-Seybold;7595;;5;242;0;1272;5;1204;1272
2026;2026-04-27;Dream Bowl Palace Unterföhring;tournament;Südbayerische Meisterschaft;3;Finale;Michael Görn;7412;;5;195;0;1135;27;1204;1135
2026;2026-04-27;Dream Bowl Palace Unterföhring;tournament;Südbayerische Meisterschaft;3;Finale;Moritz Wiemken;25830;;5;209;0;1201;14;1204;1201
2026;2026-04-27;Dream Bowl Palace Unterföhring;tournament;Südbayerische Meisterschaft;3;Finale;Nicolas Kabel;38092;;5;191;0;1204;12;1204;1204
2026;2026-04-27;Dream Bowl Palace Unterföhring;tournament;Südbayerische Meisterschaft;3;Finale;Oliver Schütze;38550;;5;172;0;1262;6;1204;1262
2026;2026-04-27;Dream Bowl Palace Unterföhring;tournament;Südbayerische Meisterschaft;3;Finale;Patrick Baszler;7886;;5;169;0;1123;29;1204;1123
2026;2026-04-27;Dream Bowl Palace Unterföhring;tournament;Südbayerische Meisterschaft;3;Finale;Peter Börding;7593;;5;203;0;1310;3;1204;1310
2026;2026-04-27;Dream Bowl Palace Unterföhring;tournament;Südbayerische Meisterschaft;3;Finale;Ralf Mielke;25842;;5;165;0;1127;28;1204;1127
2026;2026-04-27;Dream Bowl Palace Unterföhring;tournament;Südbayerische Meisterschaft;3;Finale;René Erben;25953;;5;189;0;1168;21;1204;1168
2026;2026-04-27;Dream Bowl Palace Unterföhring;tournament;Südbayerische Meisterschaft;3;Finale;Roland Hannemann;16336;;5;170;0;1024;35;1204;1024
2026;2026-04-27;Dream Bowl Palace Unterföhring;tournament;Südbayerische Meisterschaft;3;Finale;Sebastian Hinterwimmer;7885;;5;188;0;1218;11;1204;1218
2026;2026-04-27;Dream Bowl Palace Unterföhring;tournament;Südbayerische Meisterschaft;3;Finale;Selim Fliegner;38673;;5;201;0;1155;23;1204;1155
2026;2026-04-27;Dream Bowl Palace Unterföhring;tournament;Südbayerische Meisterschaft;3;Finale;Stefan Müller;7607;;5;154;0;973;39;1204;973
2026;2026-04-27;Dream Bowl Palace Unterföhring;tournament;Südbayerische Meisterschaft;3;Finale;Thomas Auer;16888;;5;180;0;1241;9;1204;1241
2026;2026-04-27;Dream Bowl Palace Unterföhring;tournament;Südbayerische Meisterschaft;3;Finale;Timo Baumann;16024;;5;176;0;1178;18;1204;1178
2026;2026-04-27;Dream Bowl Palace Unterföhring;tournament;Südbayerische Meisterschaft;3;Finale;Tindaro Famà;38730;;5;180;0;1175;19;1204;1175
2026;2026-04-27;Dream Bowl Palace Unterföhring;tournament;Südbayerische Meisterschaft;3;Finale;Tobias Börding;7592;;5;216;0;1324;2;1204;1324
2026;2026-04-27;Dream Bowl Palace Unterföhring;tournament;Südbayerische Meisterschaft;3;Finale;Walter Lederle;16402;;5;178;0;1070;34;1204;1070
2026;2026-04-25;Bowlinghaus Bamberg;tournament;Nordbayerische Meisterschaft;1;Vorlauf;Alexander Mitchell;38824;;0;166;0;166;60;157;166
2026;2026-04-25;Bowlinghaus Bamberg;tournament;Nordbayerische Meisterschaft;1;Vorlauf;Alexander Schmidt;16292;;0;233;0;233;9;157;233
2026;2026-04-25;Bowlinghaus Bamberg;tournament;Nordbayerische Meisterschaft;1;Vorlauf;Alexander Scholz;16352;;0;190;0;190;38;157;190
2026;2026-04-25;Bowlinghaus Bamberg;tournament;Nordbayerische Meisterschaft;1;Vorlauf;Andreas Brendel;38033;;0;246;0;246;6;157;246
2026;2026-04-25;Bowlinghaus Bamberg;tournament;Nordbayerische Meisterschaft;1;Vorlauf;Andreas Hernitschek;16386;;0;215;0;215;16;157;215
2026;2026-04-25;Bowlinghaus Bamberg;tournament;Nordbayerische Meisterschaft;1;Vorlauf;Anton Uebelacker;16430;;0;133;0;133;90;157;133
2026;2026-04-25;Bowlinghaus Bamberg;tournament;Nordbayerische Meisterschaft;1;Vorlauf;Arthur Schwertfeger;38005;;0;162;0;162;63;157;162
2026;2026-04-25;Bowlinghaus Bamberg;tournament;Nordbayerische Meisterschaft;1;Vorlauf;Asterios Fourkiotis;25555;;0;178;0;178;46;157;178
2026;2026-04-25;Bowlinghaus Bamberg;tournament;Nordbayerische Meisterschaft;1;Vorlauf;Bernd Matejat;16462;;0;157;0;157;71;157;157
2026;2026-04-25;Bowlinghaus Bamberg;tournament;Nordbayerische Meisterschaft;1;Vorlauf;Bernd Trapphardt;16559;;0;180;0;180;43;157;180
2026;2026-04-25;Bowlinghaus Bamberg;tournament;Nordbayerische Meisterschaft;1;Vorlauf;Blasius Stibel;7849;;0;185;0;185;41;157;185
2026;2026-04-25;Bowlinghaus Bamberg;tournament;Nordbayerische Meisterschaft;1;Vorlauf;Bodo Konieczny;18802;;0;228;0;228;10;157;228
2026;2026-04-25;Bowlinghaus Bamberg;tournament;Nordbayerische Meisterschaft;1;Vorlauf;Christian Feller;16007;;0;156;0;156;73;157;156
2026;2026-04-25;Bowlinghaus Bamberg;tournament;Nordbayerische Meisterschaft;1;Vorlauf;Christian Lechner;25064;;0;169;0;169;56;157;169
2026;2026-04-25;Bowlinghaus Bamberg;tournament;Nordbayerische Meisterschaft;1;Vorlauf;Christian Schlegl;38554;;0;152;0;152;80;157;152
2026;2026-04-25;Bowlinghaus Bamberg;tournament;Nordbayerische Meisterschaft;1;Vorlauf;Christian Schuster;7723;;0;227;0;227;11;157;227
2026;2026-04-25;Bowlinghaus Bamberg;tournament;Nordbayerische Meisterschaft;1;Vorlauf;Daniel Alexander;16443;;0;247;0;247;5;157;247
2026;2026-04-25;Bowlinghaus Bamberg;tournament;Nordbayerische Meisterschaft;1;Vorlauf;Daniel Badum;38043;;0;192;0;192;35;157;192
2026;2026-04-25;Bowlinghaus Bamberg;tournament;Nordbayerische Meisterschaft;1;Vorlauf;Daniel Schwank;16215;;0;194;0;194;33;157;194
2026;2026-04-25;Bowlinghaus Bamberg;tournament;Nordbayerische Meisterschaft;1;Vorlauf;Dieter Schuster;7721;;0;154;0;154;78;157;154
2026;2026-04-25;Bowlinghaus Bamberg;tournament;Nordbayerische Meisterschaft;1;Vorlauf;Enno Jackwerth;16263;;0;208;0;208;21;157;208
2026;2026-04-25;Bowlinghaus Bamberg;tournament;Nordbayerische Meisterschaft;1;Vorlauf;Eric Gogala;46005;;0;194;0;194;34;157;194
2026;2026-04-25;Bowlinghaus Bamberg;tournament;Nordbayerische Meisterschaft;1;Vorlauf;Erich Uebelacker;16105;;0;170;0;170;54;157;170
2026;2026-04-25;Bowlinghaus Bamberg;tournament;Nordbayerische Meisterschaft;1;Vorlauf;Franco Daniele Pirrotti;38188;;0;160;0;160;67;157;160
2026;2026-04-25;Bowlinghaus Bamberg;tournament;Nordbayerische Meisterschaft;1;Vorlauf;Gerhard Baier;7393;;0;161;0;161;66;157;161
2026;2026-04-25;Bowlinghaus Bamberg;tournament;Nordbayerische Meisterschaft;1;Vorlauf;Heiko Schütz;16894;;0;146;0;146;83;157;146
2026;2026-04-25;Bowlinghaus Bamberg;tournament;Nordbayerische Meisterschaft;1;Vorlauf;Heiko Tontsch;38403;;0;211;0;211;20;157;211
2026;2026-04-25;Bowlinghaus Bamberg;tournament;Nordbayerische Meisterschaft;1;Vorlauf;Horst Schön;16346;;0;177;0;177;49;157;177
2026;2026-04-25;Bowlinghaus Bamberg;tournament;Nordbayerische Meisterschaft;1;Vorlauf;Jeremias Schwarz;38841;;0;137;0;137;88;157;137
2026;2026-04-25;Bowlinghaus Bamberg;tournament;Nordbayerische Meisterschaft;1;Vorlauf;Joachim Hartmann;16214;;0;165;0;165;61;157;165
2026;2026-04-25;Bowlinghaus Bamberg;tournament;Nordbayerische Meisterschaft;1;Vorlauf;Jochen Birkner;7937;;0;255;0;255;2;157;255
2026;2026-04-25;Bowlinghaus Bamberg;tournament;Nordbayerische Meisterschaft;1;Vorlauf;Jonathan Nolan;16873;;0;168;0;168;58;157;168
2026;2026-04-25;Bowlinghaus Bamberg;tournament;Nordbayerische Meisterschaft;1;Vorlauf;Josef Peter Gfesser;7901;;0;156;0;156;75;157;156
2026;2026-04-25;Bowlinghaus Bamberg;tournament;Nordbayerische Meisterschaft;1;Vorlauf;Jörg Woyscheszik;25350;;0;181;0;181;42;157;181
2026;2026-04-25;Bowlinghaus Bamberg;tournament;Nordbayerische Meisterschaft;1;Vorlauf;Jürgen Harry Schmitt;7961;;0;174;0;174;52;157;174
2026;2026-04-25;Bowlinghaus Bamberg;tournament;Nordbayerische Meisterschaft;1;Vorlauf;Jürgen Reichel;7772;;0;216;0;216;15;157;216
2026;2026-04-25;Bowlinghaus Bamberg;tournament;Nordbayerische Meisterschaft;1;Vorlauf;Jürgen Stemmler;16488;;0;134;0;134;89;157;134
2026;2026-04-25;Bowlinghaus Bamberg;tournament;Nordbayerische Meisterschaft;1;Vorlauf;Kai Bräutigam;38115;;0;178;0;178;48;157;178
2026;2026-04-25;Bowlinghaus Bamberg;tournament;Nordbayerische Meisterschaft;1;Vorlauf;Lothar Woithe;25267;;0;159;0;159;69;157;159
2026;2026-04-25;Bowlinghaus Bamberg;tournament;Nordbayerische Meisterschaft;1;Vorlauf;Lukas Pfaff;38909;;0;155;0;155;76;157;155
2026;2026-04-25;Bowlinghaus Bamberg;tournament;Nordbayerische Meisterschaft;1;Vorlauf;Maik Rößler;31583;;0;132;0;132;91;157;132
2026;2026-04-25;Bowlinghaus Bamberg;tournament;Nordbayerische Meisterschaft;1;Vorlauf;Manfred Rupertinger;16641;;0;176;0;176;50;157;176
2026;2026-04-25;Bowlinghaus Bamberg;tournament;Nordbayerische Meisterschaft;1;Vorlauf;Manfred Rupprecht;38640;;0;219;0;219;13;157;219
2026;2026-04-25;Bowlinghaus Bamberg;tournament;Nordbayerische Meisterschaft;1;Vorlauf;Marc Schmidt;38734;;0;175;0;175;51;157;175
2026;2026-04-25;Bowlinghaus Bamberg;tournament;Nordbayerische Meisterschaft;1;Vorlauf;Marcel Bassler;38774;;0;166;0;166;59;157;166
2026;2026-04-25;Bowlinghaus Bamberg;tournament;Nordbayerische Meisterschaft;1;Vorlauf;Marco Eck;38240;;0;213;0;213;18;157;213
2026;2026-04-25;Bowlinghaus Bamberg;tournament;Nordbayerische Meisterschaft;1;Vorlauf;Mario Burghardt;12248;;0;153;0;153;79;157;153
2026;2026-04-25;Bowlinghaus Bamberg;tournament;Nordbayerische Meisterschaft;1;Vorlauf;Markus Brendel;38034;;0;195;0;195;32;157;195
2026;2026-04-25;Bowlinghaus Bamberg;tournament;Nordbayerische Meisterschaft;1;Vorlauf;Markus Fischer;38237;;0;196;0;196;31;157;196
2026;2026-04-25;Bowlinghaus Bamberg;tournament;Nordbayerische Meisterschaft;1;Vorlauf;Matthias Puchert;16501;;0;161;0;161;64;157;161
2026;2026-04-25;Bowlinghaus Bamberg;tournament;Nordbayerische Meisterschaft;1;Vorlauf;Michael Gehring;38250;;0;143;0;143;85;157;143
2026;2026-04-25;Bowlinghaus Bamberg;tournament;Nordbayerische Meisterschaft;1;Vorlauf;Michael Hoffmann;38982;;0;161;0;161;65;157;161
2026;2026-04-25;Bowlinghaus Bamberg;tournament;Nordbayerische Meisterschaft;1;Vorlauf;Michael Rühl;38745;;0;192;0;192;36;157;192
2026;2026-04-25;Bowlinghaus Bamberg;tournament;Nordbayerische Meisterschaft;1;Vorlauf;Michael Schlundt;7725;;0;157;0;157;72;157;157
2026;2026-04-25;Bowlinghaus Bamberg;tournament;Nordbayerische Meisterschaft;1;Vorlauf;Nico Thomas;38134;;0;207;0;207;22;157;207
2026;2026-04-25;Bowlinghaus Bamberg;tournament;Nordbayerische Meisterschaft;1;Vorlauf;Nicolas Hoffmann;38935;;0;248;0;248;4;157;248
2026;2026-04-25;Bowlinghaus Bamberg;tournament;Nordbayerische Meisterschaft;1;Vorlauf;Niklas Weiske;25484;;0;261;0;261;1;157;261
2026;2026-04-25;Bowlinghaus Bamberg;tournament;Nordbayerische Meisterschaft;1;Vorlauf;Patrick Freudl;16796;;0;237;0;237;8;157;237
2026;2026-04-25;Bowlinghaus Bamberg;tournament;Nordbayerische Meisterschaft;1;Vorlauf;Patrick Hardt;16809;;0;172;0;172;53;157;172
2026;2026-04-25;Bowlinghaus Bamberg;tournament;Nordbayerische Meisterschaft;1;Vorlauf;Patrick Stemmler;16495;;0;201;0;201;25;157;201
2026;2026-04-25;Bowlinghaus Bamberg;tournament;Nordbayerische Meisterschaft;1;Vorlauf;Peter Noack;38369;;0;147;0;147;82;157;147
2026;2026-04-25;Bowlinghaus Bamberg;tournament;Nordbayerische Meisterschaft;1;Vorlauf;Phi-Long Nguyen;46002;;0;156;0;156;74;157;156
2026;2026-04-25;Bowlinghaus Bamberg;tournament;Nordbayerische Meisterschaft;1;Vorlauf;Reinhold Reißmann;16439;;0;216;0;216;14;157;216
2026;2026-04-25;Bowlinghaus Bamberg;tournament;Nordbayerische Meisterschaft;1;Vorlauf;René Jurischka;38593;;0;198;0;198;29;157;198
2026;2026-04-25;Bowlinghaus Bamberg;tournament;Nordbayerische Meisterschaft;1;Vorlauf;Richard Erhard;16224;;0;149;0;149;81;157;149
2026;2026-04-25;Bowlinghaus Bamberg;tournament;Nordbayerische Meisterschaft;1;Vorlauf;Robert Kristof;10124;;0;200;0;200;27;157;200
2026;2026-04-25;Bowlinghaus Bamberg;tournament;Nordbayerische Meisterschaft;1;Vorlauf;Roland Augsdörfer;38549;;0;180;0;180;44;157;180
2026;2026-04-25;Bowlinghaus Bamberg;tournament;Nordbayerische Meisterschaft;1;Vorlauf;Roy Marziniak;25919;;0;170;0;170;55;157;170
2026;2026-04-25;Bowlinghaus Bamberg;tournament;Nordbayerische Meisterschaft;1;Vorlauf;Rudi Bauer;16860;;0;145;0;145;84;157;145
2026;2026-04-25;Bowlinghaus Bamberg;tournament;Nordbayerische Meisterschaft;1;Vorlauf;Sascha Popp;38981;;0;142;0;142;87;157;142
2026;2026-04-25;Bowlinghaus Bamberg;tournament;Nordbayerische Meisterschaft;1;Vorlauf;Sebastian Gräfe;38687;;0;215;0;215;17;157;215
2026;2026-04-25;Bowlinghaus Bamberg;tournament;Nordbayerische Meisterschaft;1;Vorlauf;Simon Bauer;16861;;0;164;0;164;62;157;164
2026;2026-04-25;Bowlinghaus Bamberg;tournament;Nordbayerische Meisterschaft;1;Vorlauf;Stefan Bess;7730;;0;158;0;158;70;157;158
2026;2026-04-25;Bowlinghaus Bamberg;tournament;Nordbayerische Meisterschaft;1;Vorlauf;Steffen Birkner;25082;;0;201;0;201;26;157;201
2026;2026-04-25;Bowlinghaus Bamberg;tournament;Nordbayerische Meisterschaft;1;Vorlauf;Steffen Jahre;7816;;0;191;0;191;37;157;191
2026;2026-04-25;Bowlinghaus Bamberg;tournament;Nordbayerische Meisterschaft;1;Vorlauf;Stephan Ruffershöfer;16899;;0;243;0;243;7;157;243
2026;2026-04-25;Bowlinghaus Bamberg;tournament;Nordbayerische Meisterschaft;1;Vorlauf;Stephan Stoll;10678;;0;178;0;178;45;157;178
2026;2026-04-25;Bowlinghaus Bamberg;tournament;Nordbayerische Meisterschaft;1;Vorlauf;Thomas Engelhardt;38044;;0;178;0;178;47;157;178
2026;2026-04-25;Bowlinghaus Bamberg;tournament;Nordbayerische Meisterschaft;1;Vorlauf;Thomas Hornung;25425;;0;204;0;204;23;157;204
2026;2026-04-25;Bowlinghaus Bamberg;tournament;Nordbayerische Meisterschaft;1;Vorlauf;Thomas Kleim;7770;;0;143;0;143;86;157;143
2026;2026-04-25;Bowlinghaus Bamberg;tournament;Nordbayerische Meisterschaft;1;Vorlauf;Thomas Moser;38907;;0;248;0;248;3;157;248
2026;2026-04-25;Bowlinghaus Bamberg;tournament;Nordbayerische Meisterschaft;1;Vorlauf;Thomas Nikoleit;25516;;0;204;0;204;24;157;204
2026;2026-04-25;Bowlinghaus Bamberg;tournament;Nordbayerische Meisterschaft;1;Vorlauf;Tim Olde Damink;25521;;0;199;0;199;28;157;199
2026;2026-04-25;Bowlinghaus Bamberg;tournament;Nordbayerische Meisterschaft;1;Vorlauf;Tobias Derbfuss;38270;;0;212;0;212;19;157;212
2026;2026-04-25;Bowlinghaus Bamberg;tournament;Nordbayerische Meisterschaft;1;Vorlauf;Tobias Franz;25638;;0;190;0;190;39;157;190
2026;2026-04-25;Bowlinghaus Bamberg;tournament;Nordbayerische Meisterschaft;1;Vorlauf;Tobias Kramer;38885;;0;160;0;160;68;157;160
2026;2026-04-25;Bowlinghaus Bamberg;tournament;Nordbayerische Meisterschaft;1;Vorlauf;Uwe Pukowski;25433;;0;196;0;196;30;157;196
2026;2026-04-25;Bowlinghaus Bamberg;tournament;Nordbayerische Meisterschaft;1;Vorlauf;Uwe Sewald;38877;;0;169;0;169;57;157;169
2026;2026-04-25;Bowlinghaus Bamberg;tournament;Nordbayerische Meisterschaft;1;Vorlauf;William Karl;16532;;0;221;0;221;12;157;221
2026;2026-04-25;Bowlinghaus Bamberg;tournament;Nordbayerische Meisterschaft;1;Vorlauf;Winfried Goller;7722;;0;186;0;186;40;157;186
2026;2026-04-25;Bowlinghaus Bamberg;tournament;Nordbayerische Meisterschaft;1;Vorlauf;Wolfgang Montag;16534;;0;154;0;154;77;157;154
2026;2026-04-25;Bowlinghaus Bamberg;tournament;Nordbayerische Meisterschaft;1;Vorlauf;Alexander Mitchell;38824;;1;164;0;330;70;328;330
2026;2026-04-25;Bowlinghaus Bamberg;tournament;Nordbayerische Meisterschaft;1;Vorlauf;Alexander Schmidt;16292;;1;209;0;442;4;328;442
2026;2026-04-25;Bowlinghaus Bamberg;tournament;Nordbayerische Meisterschaft;1;Vorlauf;Alexander Scholz;16352;;1;199;0;389;26;328;389
2026;2026-04-25;Bowlinghaus Bamberg;tournament;Nordbayerische Meisterschaft;1;Vorlauf;Andreas Brendel;38033;;1;168;0;414;16;328;414
2026;2026-04-25;Bowlinghaus Bamberg;tournament;Nordbayerische Meisterschaft;1;Vorlauf;Andreas Hernitschek;16386;;1;188;0;403;19;328;403
2026;2026-04-25;Bowlinghaus Bamberg;tournament;Nordbayerische Meisterschaft;1;Vorlauf;Anton Uebelacker;16430;;1;159;0;292;87;328;292
2026;2026-04-25;Bowlinghaus Bamberg;tournament;Nordbayerische Meisterschaft;1;Vorlauf;Arthur Schwertfeger;38005;;1;189;0;351;55;328;351
2026;2026-04-25;Bowlinghaus Bamberg;tournament;Nordbayerische Meisterschaft;1;Vorlauf;Asterios Fourkiotis;25555;;1;166;0;344;61;328;344
2026;2026-04-25;Bowlinghaus Bamberg;tournament;Nordbayerische Meisterschaft;1;Vorlauf;Bernd Matejat;16462;;1;180;0;337;64;328;337
2026;2026-04-25;Bowlinghaus Bamberg;tournament;Nordbayerische Meisterschaft;1;Vorlauf;Bernd Trapphardt;16559;;1;189;0;369;44;328;369
2026;2026-04-25;Bowlinghaus Bamberg;tournament;Nordbayerische Meisterschaft;1;Vorlauf;Blasius Stibel;7849;;1;180;0;365;48;328;365
2026;2026-04-25;Bowlinghaus Bamberg;tournament;Nordbayerische Meisterschaft;1;Vorlauf;Bodo Konieczny;18802;;1;212;0;440;6;328;440
2026;2026-04-25;Bowlinghaus Bamberg;tournament;Nordbayerische Meisterschaft;1;Vorlauf;Christian Feller;16007;;1;213;0;369;43;328;369
2026;2026-04-25;Bowlinghaus Bamberg;tournament;Nordbayerische Meisterschaft;1;Vorlauf;Christian Lechner;25064;;1;185;0;354;53;328;354
2026;2026-04-25;Bowlinghaus Bamberg;tournament;Nordbayerische Meisterschaft;1;Vorlauf;Christian Schlegl;38554;;1;147;0;299;86;328;299
2026;2026-04-25;Bowlinghaus Bamberg;tournament;Nordbayerische Meisterschaft;1;Vorlauf;Christian Schuster;7723;;1;176;0;403;20;328;403
2026;2026-04-25;Bowlinghaus Bamberg;tournament;Nordbayerische Meisterschaft;1;Vorlauf;Daniel Alexander;16443;;1;193;0;440;5;328;440
2026;2026-04-25;Bowlinghaus Bamberg;tournament;Nordbayerische Meisterschaft;1;Vorlauf;Daniel Badum;38043;;1;223;0;415;14;328;415
2026;2026-04-25;Bowlinghaus Bamberg;tournament;Nordbayerische Meisterschaft;1;Vorlauf;Daniel Schwank;16215;;1;177;0;371;38;328;371
2026;2026-04-25;Bowlinghaus Bamberg;tournament;Nordbayerische Meisterschaft;1;Vorlauf;Dieter Schuster;7721;;1;209;0;363;50;328;363
2026;2026-04-25;Bowlinghaus Bamberg;tournament;Nordbayerische Meisterschaft;1;Vorlauf;Enno Jackwerth;16263;;1;163;0;371;39;328;371
2026;2026-04-25;Bowlinghaus Bamberg;tournament;Nordbayerische Meisterschaft;1;Vorlauf;Eric Gogala;46005;;1;206;0;400;22;328;400
2026;2026-04-25;Bowlinghaus Bamberg;tournament;Nordbayerische Meisterschaft;1;Vorlauf;Erich Uebelacker;16105;;1;138;0;308;82;328;308
2026;2026-04-25;Bowlinghaus Bamberg;tournament;Nordbayerische Meisterschaft;1;Vorlauf;Franco Daniele Pirrotti;38188;;1;130;0;290;88;328;290
2026;2026-04-25;Bowlinghaus Bamberg;tournament;Nordbayerische Meisterschaft;1;Vorlauf;Gerhard Baier;7393;;1;158;0;319;77;328;319
2026;2026-04-25;Bowlinghaus Bamberg;tournament;Nordbayerische Meisterschaft;1;Vorlauf;Heiko Schütz;16894;;1;172;0;318;78;328;318
2026;2026-04-25;Bowlinghaus Bamberg;tournament;Nordbayerische Meisterschaft;1;Vorlauf;Heiko Tontsch;38403;;1;173;0;384;28;328;384
2026;2026-04-25;Bowlinghaus Bamberg;tournament;Nordbayerische Meisterschaft;1;Vorlauf;Horst Schön;16346;;1;194;0;371;40;328;371
2026;2026-04-25;Bowlinghaus Bamberg;tournament;Nordbayerische Meisterschaft;1;Vorlauf;Jeremias Schwarz;38841;;1;191;0;328;72;328;328
2026;2026-04-25;Bowlinghaus Bamberg;tournament;Nordbayerische Meisterschaft;1;Vorlauf;Joachim Hartmann;16214;;1;160;0;325;74;328;325
2026;2026-04-25;Bowlinghaus Bamberg;tournament;Nordbayerische Meisterschaft;1;Vorlauf;Jochen Birkner;7937;;1;153;0;408;18;328;408
2026;2026-04-25;Bowlinghaus Bamberg;tournament;Nordbayerische Meisterschaft;1;Vorlauf;Jonathan Nolan;16873;;1;234;0;402;21;328;402
2026;2026-04-25;Bowlinghaus Bamberg;tournament;Nordbayerische Meisterschaft;1;Vorlauf;Josef Peter Gfesser;7901;;1;117;0;273;90;328;273
2026;2026-04-25;Bowlinghaus Bamberg;tournament;Nordbayerische Meisterschaft;1;Vorlauf;Jörg Woyscheszik;25350;;1;201;0;382;30;328;382
2026;2026-04-25;Bowlinghaus Bamberg;tournament;Nordbayerische Meisterschaft;1;Vorlauf;Jürgen Harry Schmitt;7961;;1;183;0;357;52;328;357
2026;2026-04-25;Bowlinghaus Bamberg;tournament;Nordbayerische Meisterschaft;1;Vorlauf;Jürgen Reichel;7772;;1;167;0;383;29;328;383
2026;2026-04-25;Bowlinghaus Bamberg;tournament;Nordbayerische Meisterschaft;1;Vorlauf;Kai Bräutigam;38115;;1;198;0;376;34;328;376
2026;2026-04-25;Bowlinghaus Bamberg;tournament;Nordbayerische Meisterschaft;1;Vorlauf;Lothar Woithe;25267;;1;177;0;336;67;328;336
2026;2026-04-25;Bowlinghaus Bamberg;tournament;Nordbayerische Meisterschaft;1;Vorlauf;Lukas Pfaff;38909;;1;189;0;344;62;328;344
2026;2026-04-25;Bowlinghaus Bamberg;tournament;Nordbayerische Meisterschaft;1;Vorlauf;Maik Rößler;31583;;1;213;0;345;58;328;345
2026;2026-04-25;Bowlinghaus Bamberg;tournament;Nordbayerische Meisterschaft;1;Vorlauf;Manfred Rupertinger;16641;;1;160;0;336;66;328;336
2026;2026-04-25;Bowlinghaus Bamberg;tournament;Nordbayerische Meisterschaft;1;Vorlauf;Manfred Rupprecht;38640;;1;213;0;432;9;328;432
2026;2026-04-25;Bowlinghaus Bamberg;tournament;Nordbayerische Meisterschaft;1;Vorlauf;Marc Schmidt;38734;;1;144;0;319;76;328;319
2026;2026-04-25;Bowlinghaus Bamberg;tournament;Nordbayerische Meisterschaft;1;Vorlauf;Marcel Bassler;38774;;1;202;0;368;46;328;368
2026;2026-04-25;Bowlinghaus Bamberg;tournament;Nordbayerische Meisterschaft;1;Vorlauf;Marco Eck;38240;;1;205;0;418;13;328;418
2026;2026-04-25;Bowlinghaus Bamberg;tournament;Nordbayerische Meisterschaft;1;Vorlauf;Mario Burghardt;12248;;1;222;0;375;35;328;375
2026;2026-04-25;Bowlinghaus Bamberg;tournament;Nordbayerische Meisterschaft;1;Vorlauf;Markus Brendel;38034;;1;150;0;345;59;328;345
2026;2026-04-25;Bowlinghaus Bamberg;tournament;Nordbayerische Meisterschaft;1;Vorlauf;Markus Fischer;38237;;1;214;0;410;17;328;410
2026;2026-04-25;Bowlinghaus Bamberg;tournament;Nordbayerische Meisterschaft;1;Vorlauf;Matthias Puchert;16501;;1;163;0;324;75;328;324
2026;2026-04-25;Bowlinghaus Bamberg;tournament;Nordbayerische Meisterschaft;1;Vorlauf;Michael Gehring;38250;;1;174;0;317;79;328;317
2026;2026-04-25;Bowlinghaus Bamberg;tournament;Nordbayerische Meisterschaft;1;Vorlauf;Michael Hoffmann;38982;;1;200;0;361;51;328;361
2026;2026-04-25;Bowlinghaus Bamberg;tournament;Nordbayerische Meisterschaft;1;Vorlauf;Michael Rühl;38745;;1;185;0;377;33;328;377
2026;2026-04-25;Bowlinghaus Bamberg;tournament;Nordbayerische Meisterschaft;1;Vorlauf;Michael Schlundt;7725;;1;173;0;330;71;328;330
2026;2026-04-25;Bowlinghaus Bamberg;tournament;Nordbayerische Meisterschaft;1;Vorlauf;Nico Thomas;38134;;1;221;0;428;11;328;428
2026;2026-04-25;Bowlinghaus Bamberg;tournament;Nordbayerische Meisterschaft;1;Vorlauf;Nicolas Hoffmann;38935;;1;204;0;452;2;328;452
2026;2026-04-25;Bowlinghaus Bamberg;tournament;Nordbayerische Meisterschaft;1;Vorlauf;Niklas Weiske;25484;;1;205;0;466;1;328;466
2026;2026-04-25;Bowlinghaus Bamberg;tournament;Nordbayerische Meisterschaft;1;Vorlauf;Patrick Freudl;16796;;1;196;0;433;8;328;433
2026;2026-04-25;Bowlinghaus Bamberg;tournament;Nordbayerische Meisterschaft;1;Vorlauf;Patrick Hardt;16809;;1;169;0;341;63;328;341
2026;2026-04-25;Bowlinghaus Bamberg;tournament;Nordbayerische Meisterschaft;1;Vorlauf;Patrick Stemmler;16495;;1;190;0;391;25;328;391
2026;2026-04-25;Bowlinghaus Bamberg;tournament;Nordbayerische Meisterschaft;1;Vorlauf;Peter Noack;38369;;1;158;0;305;84;328;305
2026;2026-04-25;Bowlinghaus Bamberg;tournament;Nordbayerische Meisterschaft;1;Vorlauf;Phi-Long Nguyen;46002;;1;175;0;331;69;328;331
2026;2026-04-25;Bowlinghaus Bamberg;tournament;Nordbayerische Meisterschaft;1;Vorlauf;Reinhold Reißmann;16439;;1;158;0;374;36;328;374
2026;2026-04-25;Bowlinghaus Bamberg;tournament;Nordbayerische Meisterschaft;1;Vorlauf;René Jurischka;38593;;1;155;0;353;54;328;353
2026;2026-04-25;Bowlinghaus Bamberg;tournament;Nordbayerische Meisterschaft;1;Vorlauf;Richard Erhard;16224;;1;157;0;306;83;328;306
2026;2026-04-25;Bowlinghaus Bamberg;tournament;Nordbayerische Meisterschaft;1;Vorlauf;Robert Kristof;10124;;1;184;0;384;27;328;384
2026;2026-04-25;Bowlinghaus Bamberg;tournament;Nordbayerische Meisterschaft;1;Vorlauf;Roland Augsdörfer;38549;;1;216;0;396;24;328;396
2026;2026-04-25;Bowlinghaus Bamberg;tournament;Nordbayerische Meisterschaft;1;Vorlauf;Roy Marziniak;25919;;1;180;0;350;56;328;350
2026;2026-04-25;Bowlinghaus Bamberg;tournament;Nordbayerische Meisterschaft;1;Vorlauf;Rudi Bauer;16860;;1;158;0;303;85;328;303
2026;2026-04-25;Bowlinghaus Bamberg;tournament;Nordbayerische Meisterschaft;1;Vorlauf;Sascha Popp;38981;;1;167;0;309;81;328;309
2026;2026-04-25;Bowlinghaus Bamberg;tournament;Nordbayerische Meisterschaft;1;Vorlauf;Sebastian Gräfe;38687;;1;153;0;368;45;328;368
2026;2026-04-25;Bowlinghaus Bamberg;tournament;Nordbayerische Meisterschaft;1;Vorlauf;Simon Bauer;16861;;1;169;0;333;68;328;333
2026;2026-04-25;Bowlinghaus Bamberg;tournament;Nordbayerische Meisterschaft;1;Vorlauf;Stefan Bess;7730;;1;187;0;345;60;328;345
2026;2026-04-25;Bowlinghaus Bamberg;tournament;Nordbayerische Meisterschaft;1;Vorlauf;Steffen Birkner;25082;;1;248;0;449;3;328;449
2026;2026-04-25;Bowlinghaus Bamberg;tournament;Nordbayerische Meisterschaft;1;Vorlauf;Steffen Jahre;7816;;1;158;0;349;57;328;349
2026;2026-04-25;Bowlinghaus Bamberg;tournament;Nordbayerische Meisterschaft;1;Vorlauf;Stephan Ruffershöfer;16899;;1;177;0;420;12;328;420
2026;2026-04-25;Bowlinghaus Bamberg;tournament;Nordbayerische Meisterschaft;1;Vorlauf;Stephan Stoll;10678;;1;147;0;325;73;328;325
2026;2026-04-25;Bowlinghaus Bamberg;tournament;Nordbayerische Meisterschaft;1;Vorlauf;Thomas Engelhardt;38044;;1;193;0;371;41;328;371
2026;2026-04-25;Bowlinghaus Bamberg;tournament;Nordbayerische Meisterschaft;1;Vorlauf;Thomas Hornung;25425;;1;160;0;364;49;328;364
2026;2026-04-25;Bowlinghaus Bamberg;tournament;Nordbayerische Meisterschaft;1;Vorlauf;Thomas Kleim;7770;;1;145;0;288;89;328;288
2026;2026-04-25;Bowlinghaus Bamberg;tournament;Nordbayerische Meisterschaft;1;Vorlauf;Thomas Moser;38907;;1;189;0;437;7;328;437
2026;2026-04-25;Bowlinghaus Bamberg;tournament;Nordbayerische Meisterschaft;1;Vorlauf;Thomas Nikoleit;25516;;1;224;0;428;10;328;428
2026;2026-04-25;Bowlinghaus Bamberg;tournament;Nordbayerische Meisterschaft;1;Vorlauf;Tim Olde Damink;25521;;1;181;0;380;31;328;380
2026;2026-04-25;Bowlinghaus Bamberg;tournament;Nordbayerische Meisterschaft;1;Vorlauf;Tobias Derbfuss;38270;;1;203;0;415;15;328;415
2026;2026-04-25;Bowlinghaus Bamberg;tournament;Nordbayerische Meisterschaft;1;Vorlauf;Tobias Franz;25638;;1;176;0;366;47;328;366
2026;2026-04-25;Bowlinghaus Bamberg;tournament;Nordbayerische Meisterschaft;1;Vorlauf;Tobias Kramer;38885;;1;211;0;371;42;328;371
2026;2026-04-25;Bowlinghaus Bamberg;tournament;Nordbayerische Meisterschaft;1;Vorlauf;Uwe Pukowski;25433;;1;177;0;373;37;328;373
2026;2026-04-25;Bowlinghaus Bamberg;tournament;Nordbayerische Meisterschaft;1;Vorlauf;Uwe Sewald;38877;;1;168;0;337;65;328;337
2026;2026-04-25;Bowlinghaus Bamberg;tournament;Nordbayerische Meisterschaft;1;Vorlauf;William Karl;16532;;1;176;0;397;23;328;397
2026;2026-04-25;Bowlinghaus Bamberg;tournament;Nordbayerische Meisterschaft;1;Vorlauf;Winfried Goller;7722;;1;194;0;380;32;328;380
2026;2026-04-25;Bowlinghaus Bamberg;tournament;Nordbayerische Meisterschaft;1;Vorlauf;Wolfgang Montag;16534;;1;158;0;312;80;328;312
2026;2026-04-25;Bowlinghaus Bamberg;tournament;Nordbayerische Meisterschaft;1;Vorlauf;Alexander Mitchell;38824;;2;133;0;463;85;491;463
2026;2026-04-25;Bowlinghaus Bamberg;tournament;Nordbayerische Meisterschaft;1;Vorlauf;Alexander Schmidt;16292;;2;170;0;612;16;491;612
2026;2026-04-25;Bowlinghaus Bamberg;tournament;Nordbayerische Meisterschaft;1;Vorlauf;Alexander Scholz;16352;;2;201;0;590;23;491;590
2026;2026-04-25;Bowlinghaus Bamberg;tournament;Nordbayerische Meisterschaft;1;Vorlauf;Andreas Brendel;38033;;2;161;0;575;29;491;575
2026;2026-04-25;Bowlinghaus Bamberg;tournament;Nordbayerische Meisterschaft;1;Vorlauf;Andreas Hernitschek;16386;;2;247;0;650;5;491;650
2026;2026-04-25;Bowlinghaus Bamberg;tournament;Nordbayerische Meisterschaft;1;Vorlauf;Anton Uebelacker;16430;;2;172;0;464;83;491;464
2026;2026-04-25;Bowlinghaus Bamberg;tournament;Nordbayerische Meisterschaft;1;Vorlauf;Arthur Schwertfeger;38005;;2;194;0;545;48;491;545
2026;2026-04-25;Bowlinghaus Bamberg;tournament;Nordbayerische Meisterschaft;1;Vorlauf;Asterios Fourkiotis;25555;;2;178;0;522;60;491;522
2026;2026-04-25;Bowlinghaus Bamberg;tournament;Nordbayerische Meisterschaft;1;Vorlauf;Bernd Matejat;16462;;2;182;0;519;62;491;519
2026;2026-04-25;Bowlinghaus Bamberg;tournament;Nordbayerische Meisterschaft;1;Vorlauf;Bernd Trapphardt;16559;;2;206;0;575;28;491;575
2026;2026-04-25;Bowlinghaus Bamberg;tournament;Nordbayerische Meisterschaft;1;Vorlauf;Blasius Stibel;7849;;2;195;0;560;39;491;560
2026;2026-04-25;Bowlinghaus Bamberg;tournament;Nordbayerische Meisterschaft;1;Vorlauf;Bodo Konieczny;18802;;2;203;0;643;6;491;643
2026;2026-04-25;Bowlinghaus Bamberg;tournament;Nordbayerische Meisterschaft;1;Vorlauf;Christian Feller;16007;;2;193;0;562;35;491;562
2026;2026-04-25;Bowlinghaus Bamberg;tournament;Nordbayerische Meisterschaft;1;Vorlauf;Christian Lechner;25064;;2;170;0;524;57;491;524
2026;2026-04-25;Bowlinghaus Bamberg;tournament;Nordbayerische Meisterschaft;1;Vorlauf;Christian Schlegl;38554;;2;192;0;491;72;491;491
2026;2026-04-25;Bowlinghaus Bamberg;tournament;Nordbayerische Meisterschaft;1;Vorlauf;Christian Schuster;7723;;2;213;0;616;15;491;616
2026;2026-04-25;Bowlinghaus Bamberg;tournament;Nordbayerische Meisterschaft;1;Vorlauf;Daniel Alexander;16443;;2;163;0;603;20;491;603
2026;2026-04-25;Bowlinghaus Bamberg;tournament;Nordbayerische Meisterschaft;1;Vorlauf;Daniel Badum;38043;;2;214;0;629;8;491;629
2026;2026-04-25;Bowlinghaus Bamberg;tournament;Nordbayerische Meisterschaft;1;Vorlauf;Daniel Schwank;16215;;2;190;0;561;37;491;561
2026;2026-04-25;Bowlinghaus Bamberg;tournament;Nordbayerische Meisterschaft;1;Vorlauf;Dieter Schuster;7721;;2;218;0;581;26;491;581
2026;2026-04-25;Bowlinghaus Bamberg;tournament;Nordbayerische Meisterschaft;1;Vorlauf;Enno Jackwerth;16263;;2;155;0;526;55;491;526
2026;2026-04-25;Bowlinghaus Bamberg;tournament;Nordbayerische Meisterschaft;1;Vorlauf;Eric Gogala;46005;;2;223;0;623;12;491;623
2026;2026-04-25;Bowlinghaus Bamberg;tournament;Nordbayerische Meisterschaft;1;Vorlauf;Erich Uebelacker;16105;;2;155;0;463;84;491;463
2026;2026-04-25;Bowlinghaus Bamberg;tournament;Nordbayerische Meisterschaft;1;Vorlauf;Franco Daniele Pirrotti;38188;;2;154;0;444;87;491;444
2026;2026-04-25;Bowlinghaus Bamberg;tournament;Nordbayerische Meisterschaft;1;Vorlauf;Gerhard Baier;7393;;2;163;0;482;76;491;482
2026;2026-04-25;Bowlinghaus Bamberg;tournament;Nordbayerische Meisterschaft;1;Vorlauf;Heiko Schütz;16894;;2;169;0;487;74;491;487
2026;2026-04-25;Bowlinghaus Bamberg;tournament;Nordbayerische Meisterschaft;1;Vorlauf;Heiko Tontsch;38403;;2;173;0;557;42;491;557
2026;2026-04-25;Bowlinghaus Bamberg;tournament;Nordbayerische Meisterschaft;1;Vorlauf;Horst Schön;16346;;2;182;0;553;46;491;553
2026;2026-04-25;Bowlinghaus Bamberg;tournament;Nordbayerische Meisterschaft;1;Vorlauf;Jeremias Schwarz;38841;;2;139;0;467;81;491;467
2026;2026-04-25;Bowlinghaus Bamberg;tournament;Nordbayerische Meisterschaft;1;Vorlauf;Joachim Hartmann;16214;;2;156;0;481;78;491;481
2026;2026-04-25;Bowlinghaus Bamberg;tournament;Nordbayerische Meisterschaft;1;Vorlauf;Jochen Birkner;7937;;2;201;0;609;18;491;609
2026;2026-04-25;Bowlinghaus Bamberg;tournament;Nordbayerische Meisterschaft;1;Vorlauf;Jonathan Nolan;16873;;2;226;0;628;9;491;628
2026;2026-04-25;Bowlinghaus Bamberg;tournament;Nordbayerische Meisterschaft;1;Vorlauf;Josef Peter Gfesser;7901;;2;154;0;427;90;491;427
2026;2026-04-25;Bowlinghaus Bamberg;tournament;Nordbayerische Meisterschaft;1;Vorlauf;Jörg Woyscheszik;25350;;2;218;0;600;21;491;600
2026;2026-04-25;Bowlinghaus Bamberg;tournament;Nordbayerische Meisterschaft;1;Vorlauf;Jürgen Harry Schmitt;7961;;2;158;0;515;63;491;515
2026;2026-04-25;Bowlinghaus Bamberg;tournament;Nordbayerische Meisterschaft;1;Vorlauf;Jürgen Reichel;7772;;2;156;0;539;52;491;539
2026;2026-04-25;Bowlinghaus Bamberg;tournament;Nordbayerische Meisterschaft;1;Vorlauf;Kai Bräutigam;38115;;2;186;0;562;36;491;562
2026;2026-04-25;Bowlinghaus Bamberg;tournament;Nordbayerische Meisterschaft;1;Vorlauf;Lothar Woithe;25267;;2;162;0;498;69;491;498
2026;2026-04-25;Bowlinghaus Bamberg;tournament;Nordbayerische Meisterschaft;1;Vorlauf;Lukas Pfaff;38909;;2;170;0;514;64;491;514
2026;2026-04-25;Bowlinghaus Bamberg;tournament;Nordbayerische Meisterschaft;1;Vorlauf;Maik Rößler;31583;;2;198;0;543;49;491;543
2026;2026-04-25;Bowlinghaus Bamberg;tournament;Nordbayerische Meisterschaft;1;Vorlauf;Manfred Rupertinger;16641;;2;176;0;512;65;491;512
2026;2026-04-25;Bowlinghaus Bamberg;tournament;Nordbayerische Meisterschaft;1;Vorlauf;Manfred Rupprecht;38640;;2;143;0;575;30;491;575
2026;2026-04-25;Bowlinghaus Bamberg;tournament;Nordbayerische Meisterschaft;1;Vorlauf;Marc Schmidt;38734;;2;174;0;493;70;491;493
2026;2026-04-25;Bowlinghaus Bamberg;tournament;Nordbayerische Meisterschaft;1;Vorlauf;Marcel Bassler;38774;;2;190;0;558;40;491;558
2026;2026-04-25;Bowlinghaus Bamberg;tournament;Nordbayerische Meisterschaft;1;Vorlauf;Marco Eck;38240;;2;192;0;610;17;491;610
2026;2026-04-25;Bowlinghaus Bamberg;tournament;Nordbayerische Meisterschaft;1;Vorlauf;Mario Burghardt;12248;;2;245;0;620;13;491;620
2026;2026-04-25;Bowlinghaus Bamberg;tournament;Nordbayerische Meisterschaft;1;Vorlauf;Markus Brendel;38034;;2;193;0;538;53;491;538
2026;2026-04-25;Bowlinghaus Bamberg;tournament;Nordbayerische Meisterschaft;1;Vorlauf;Markus Fischer;38237;;2;214;0;624;11;491;624
2026;2026-04-25;Bowlinghaus Bamberg;tournament;Nordbayerische Meisterschaft;1;Vorlauf;Matthias Puchert;16501;;2;138;0;462;86;491;462
2026;2026-04-25;Bowlinghaus Bamberg;tournament;Nordbayerische Meisterschaft;1;Vorlauf;Michael Gehring;38250;;2;184;0;501;68;491;501
2026;2026-04-25;Bowlinghaus Bamberg;tournament;Nordbayerische Meisterschaft;1;Vorlauf;Michael Hoffmann;38982;;2;132;0;493;71;491;493
2026;2026-04-25;Bowlinghaus Bamberg;tournament;Nordbayerische Meisterschaft;1;Vorlauf;Michael Rühl;38745;;2;191;0;568;32;491;568
2026;2026-04-25;Bowlinghaus Bamberg;tournament;Nordbayerische Meisterschaft;1;Vorlauf;Michael Schlundt;7725;;2;152;0;482;77;491;482
2026;2026-04-25;Bowlinghaus Bamberg;tournament;Nordbayerische Meisterschaft;1;Vorlauf;Nico Thomas;38134;;2;188;0;616;14;491;616
2026;2026-04-25;Bowlinghaus Bamberg;tournament;Nordbayerische Meisterschaft;1;Vorlauf;Nicolas Hoffmann;38935;;2;245;0;697;1;491;697
2026;2026-04-25;Bowlinghaus Bamberg;tournament;Nordbayerische Meisterschaft;1;Vorlauf;Niklas Weiske;25484;;2;165;0;631;7;491;631
2026;2026-04-25;Bowlinghaus Bamberg;tournament;Nordbayerische Meisterschaft;1;Vorlauf;Patrick Freudl;16796;;2;254;0;687;3;491;687
2026;2026-04-25;Bowlinghaus Bamberg;tournament;Nordbayerische Meisterschaft;1;Vorlauf;Patrick Hardt;16809;;2;216;0;557;41;491;557
2026;2026-04-25;Bowlinghaus Bamberg;tournament;Nordbayerische Meisterschaft;1;Vorlauf;Patrick Stemmler;16495;;2;173;0;564;33;491;564
2026;2026-04-25;Bowlinghaus Bamberg;tournament;Nordbayerische Meisterschaft;1;Vorlauf;Peter Noack;38369;;2;161;0;466;82;491;466
2026;2026-04-25;Bowlinghaus Bamberg;tournament;Nordbayerische Meisterschaft;1;Vorlauf;Phi-Long Nguyen;46002;;2;192;0;523;59;491;523
2026;2026-04-25;Bowlinghaus Bamberg;tournament;Nordbayerische Meisterschaft;1;Vorlauf;Reinhold Reißmann;16439;;2;187;0;561;38;491;561
2026;2026-04-25;Bowlinghaus Bamberg;tournament;Nordbayerische Meisterschaft;1;Vorlauf;René Jurischka;38593;;2;153;0;506;66;491;506
2026;2026-04-25;Bowlinghaus Bamberg;tournament;Nordbayerische Meisterschaft;1;Vorlauf;Richard Erhard;16224;;2;162;0;468;80;491;468
2026;2026-04-25;Bowlinghaus Bamberg;tournament;Nordbayerische Meisterschaft;1;Vorlauf;Robert Kristof;10124;;2;204;0;588;24;491;588
2026;2026-04-25;Bowlinghaus Bamberg;tournament;Nordbayerische Meisterschaft;1;Vorlauf;Roland Augsdörfer;38549;;2;195;0;591;22;491;591
2026;2026-04-25;Bowlinghaus Bamberg;tournament;Nordbayerische Meisterschaft;1;Vorlauf;Roy Marziniak;25919;;2;191;0;541;50;491;541
2026;2026-04-25;Bowlinghaus Bamberg;tournament;Nordbayerische Meisterschaft;1;Vorlauf;Rudi Bauer;16860;;2;175;0;478;79;491;478
2026;2026-04-25;Bowlinghaus Bamberg;tournament;Nordbayerische Meisterschaft;1;Vorlauf;Sascha Popp;38981;;2;193;0;502;67;491;502
2026;2026-04-25;Bowlinghaus Bamberg;tournament;Nordbayerische Meisterschaft;1;Vorlauf;Sebastian Gräfe;38687;;2;202;0;570;31;491;570
2026;2026-04-25;Bowlinghaus Bamberg;tournament;Nordbayerische Meisterschaft;1;Vorlauf;Simon Bauer;16861;;2;194;0;527;54;491;527
2026;2026-04-25;Bowlinghaus Bamberg;tournament;Nordbayerische Meisterschaft;1;Vorlauf;Stefan Bess;7730;;2;138;0;483;75;491;483
2026;2026-04-25;Bowlinghaus Bamberg;tournament;Nordbayerische Meisterschaft;1;Vorlauf;Steffen Birkner;25082;;2;245;0;694;2;491;694
2026;2026-04-25;Bowlinghaus Bamberg;tournament;Nordbayerische Meisterschaft;1;Vorlauf;Steffen Jahre;7816;;2;139;0;488;73;491;488
2026;2026-04-25;Bowlinghaus Bamberg;tournament;Nordbayerische Meisterschaft;1;Vorlauf;Stephan Ruffershöfer;16899;;2;158;0;578;27;491;578
2026;2026-04-25;Bowlinghaus Bamberg;tournament;Nordbayerische Meisterschaft;1;Vorlauf;Stephan Stoll;10678;;2;194;0;519;61;491;519
2026;2026-04-25;Bowlinghaus Bamberg;tournament;Nordbayerische Meisterschaft;1;Vorlauf;Thomas Engelhardt;38044;;2;184;0;555;45;491;555
2026;2026-04-25;Bowlinghaus Bamberg;tournament;Nordbayerische Meisterschaft;1;Vorlauf;Thomas Hornung;25425;;2;159;0;523;58;491;523
2026;2026-04-25;Bowlinghaus Bamberg;tournament;Nordbayerische Meisterschaft;1;Vorlauf;Thomas Kleim;7770;;2;148;0;436;88;491;436
2026;2026-04-25;Bowlinghaus Bamberg;tournament;Nordbayerische Meisterschaft;1;Vorlauf;Thomas Moser;38907;;2;223;0;660;4;491;660
2026;2026-04-25;Bowlinghaus Bamberg;tournament;Nordbayerische Meisterschaft;1;Vorlauf;Thomas Nikoleit;25516;;2;177;0;605;19;491;605
2026;2026-04-25;Bowlinghaus Bamberg;tournament;Nordbayerische Meisterschaft;1;Vorlauf;Tim Olde Damink;25521;;2;246;0;626;10;491;626
2026;2026-04-25;Bowlinghaus Bamberg;tournament;Nordbayerische Meisterschaft;1;Vorlauf;Tobias Derbfuss;38270;;2;169;0;584;25;491;584
2026;2026-04-25;Bowlinghaus Bamberg;tournament;Nordbayerische Meisterschaft;1;Vorlauf;Tobias Franz;25638;;2;174;0;540;51;491;540
2026;2026-04-25;Bowlinghaus Bamberg;tournament;Nordbayerische Meisterschaft;1;Vorlauf;Tobias Kramer;38885;;2;185;0;556;43;491;556
2026;2026-04-25;Bowlinghaus Bamberg;tournament;Nordbayerische Meisterschaft;1;Vorlauf;Uwe Pukowski;25433;;2;177;0;550;47;491;550
2026;2026-04-25;Bowlinghaus Bamberg;tournament;Nordbayerische Meisterschaft;1;Vorlauf;Uwe Sewald;38877;;2;188;0;525;56;491;525
2026;2026-04-25;Bowlinghaus Bamberg;tournament;Nordbayerische Meisterschaft;1;Vorlauf;William Karl;16532;;2;158;0;555;44;491;555
2026;2026-04-25;Bowlinghaus Bamberg;tournament;Nordbayerische Meisterschaft;1;Vorlauf;Winfried Goller;7722;;2;183;0;563;34;491;563
2026;2026-04-25;Bowlinghaus Bamberg;tournament;Nordbayerische Meisterschaft;1;Vorlauf;Wolfgang Montag;16534;;2;116;0;428;89;491;428
2026;2026-04-25;Bowlinghaus Bamberg;tournament;Nordbayerische Meisterschaft;1;Vorlauf;Alexander Mitchell;38824;;3;132;0;595;88;663;595
2026;2026-04-25;Bowlinghaus Bamberg;tournament;Nordbayerische Meisterschaft;1;Vorlauf;Alexander Schmidt;16292;;3;174;0;786;23;663;786
2026;2026-04-25;Bowlinghaus Bamberg;tournament;Nordbayerische Meisterschaft;1;Vorlauf;Alexander Scholz;16352;;3;191;0;781;25;663;781
2026;2026-04-25;Bowlinghaus Bamberg;tournament;Nordbayerische Meisterschaft;1;Vorlauf;Andreas Brendel;38033;;3;180;0;755;32;663;755
2026;2026-04-25;Bowlinghaus Bamberg;tournament;Nordbayerische Meisterschaft;1;Vorlauf;Andreas Hernitschek;16386;;3;184;0;834;5;663;834
2026;2026-04-25;Bowlinghaus Bamberg;tournament;Nordbayerische Meisterschaft;1;Vorlauf;Anton Uebelacker;16430;;3;199;0;663;71;663;663
2026;2026-04-25;Bowlinghaus Bamberg;tournament;Nordbayerische Meisterschaft;1;Vorlauf;Arthur Schwertfeger;38005;;3;143;0;688;64;663;688
2026;2026-04-25;Bowlinghaus Bamberg;tournament;Nordbayerische Meisterschaft;1;Vorlauf;Asterios Fourkiotis;25555;;3;134;0;656;75;663;656
2026;2026-04-25;Bowlinghaus Bamberg;tournament;Nordbayerische Meisterschaft;1;Vorlauf;Bernd Matejat;16462;;3;179;0;698;56;663;698
2026;2026-04-25;Bowlinghaus Bamberg;tournament;Nordbayerische Meisterschaft;1;Vorlauf;Bernd Trapphardt;16559;;3;193;0;768;30;663;768
2026;2026-04-25;Bowlinghaus Bamberg;tournament;Nordbayerische Meisterschaft;1;Vorlauf;Blasius Stibel;7849;;3;167;0;727;44;663;727
2026;2026-04-25;Bowlinghaus Bamberg;tournament;Nordbayerische Meisterschaft;1;Vorlauf;Bodo Konieczny;18802;;3;173;0;816;10;663;816
2026;2026-04-25;Bowlinghaus Bamberg;tournament;Nordbayerische Meisterschaft;1;Vorlauf;Christian Feller;16007;;3;191;0;753;33;663;753
2026;2026-04-25;Bowlinghaus Bamberg;tournament;Nordbayerische Meisterschaft;1;Vorlauf;Christian Lechner;25064;;3;173;0;697;58;663;697
2026;2026-04-25;Bowlinghaus Bamberg;tournament;Nordbayerische Meisterschaft;1;Vorlauf;Christian Schlegl;38554;;3;172;0;663;73;663;663
2026;2026-04-25;Bowlinghaus Bamberg;tournament;Nordbayerische Meisterschaft;1;Vorlauf;Christian Schuster;7723;;3;181;0;797;19;663;797
2026;2026-04-25;Bowlinghaus Bamberg;tournament;Nordbayerische Meisterschaft;1;Vorlauf;Daniel Alexander;16443;;3;226;0;829;6;663;829
2026;2026-04-25;Bowlinghaus Bamberg;tournament;Nordbayerische Meisterschaft;1;Vorlauf;Daniel Badum;38043;;3;180;0;809;13;663;809
2026;2026-04-25;Bowlinghaus Bamberg;tournament;Nordbayerische Meisterschaft;1;Vorlauf;Daniel Schwank;16215;;3;215;0;776;26;663;776
2026;2026-04-25;Bowlinghaus Bamberg;tournament;Nordbayerische Meisterschaft;1;Vorlauf;Dieter Schuster;7721;;3;215;0;796;21;663;796
2026;2026-04-25;Bowlinghaus Bamberg;tournament;Nordbayerische Meisterschaft;1;Vorlauf;Enno Jackwerth;16263;;3;191;0;717;50;663;717
2026;2026-04-25;Bowlinghaus Bamberg;tournament;Nordbayerische Meisterschaft;1;Vorlauf;Eric Gogala;46005;;3;190;0;813;11;663;813
2026;2026-04-25;Bowlinghaus Bamberg;tournament;Nordbayerische Meisterschaft;1;Vorlauf;Erich Uebelacker;16105;;3;146;0;609;86;663;609
2026;2026-04-25;Bowlinghaus Bamberg;tournament;Nordbayerische Meisterschaft;1;Vorlauf;Franco Daniele Pirrotti;38188;;3;213;0;657;74;663;657
2026;2026-04-25;Bowlinghaus Bamberg;tournament;Nordbayerische Meisterschaft;1;Vorlauf;Gerhard Baier;7393;;3;171;0;653;76;663;653
2026;2026-04-25;Bowlinghaus Bamberg;tournament;Nordbayerische Meisterschaft;1;Vorlauf;Heiko Schütz;16894;;3;178;0;665;69;663;665
2026;2026-04-25;Bowlinghaus Bamberg;tournament;Nordbayerische Meisterschaft;1;Vorlauf;Heiko Tontsch;38403;;3;213;0;770;29;663;770
2026;2026-04-25;Bowlinghaus Bamberg;tournament;Nordbayerische Meisterschaft;1;Vorlauf;Horst Schön;16346;;3;204;0;757;31;663;757
2026;2026-04-25;Bowlinghaus Bamberg;tournament;Nordbayerische Meisterschaft;1;Vorlauf;Jeremias Schwarz;38841;;3;104;0;571;90;663;571
2026;2026-04-25;Bowlinghaus Bamberg;tournament;Nordbayerische Meisterschaft;1;Vorlauf;Joachim Hartmann;16214;;3;188;0;669;68;663;669
2026;2026-04-25;Bowlinghaus Bamberg;tournament;Nordbayerische Meisterschaft;1;Vorlauf;Jochen Birkner;7937;;3;197;0;806;14;663;806
2026;2026-04-25;Bowlinghaus Bamberg;tournament;Nordbayerische Meisterschaft;1;Vorlauf;Jonathan Nolan;16873;;3;158;0;786;24;663;786
2026;2026-04-25;Bowlinghaus Bamberg;tournament;Nordbayerische Meisterschaft;1;Vorlauf;Josef Peter Gfesser;7901;;3;171;0;598;87;663;598
2026;2026-04-25;Bowlinghaus Bamberg;tournament;Nordbayerische Meisterschaft;1;Vorlauf;Jörg Woyscheszik;25350;;3;152;0;752;35;663;752
2026;2026-04-25;Bowlinghaus Bamberg;tournament;Nordbayerische Meisterschaft;1;Vorlauf;Jürgen Harry Schmitt;7961;;3;163;0;678;65;663;678
2026;2026-04-25;Bowlinghaus Bamberg;tournament;Nordbayerische Meisterschaft;1;Vorlauf;Jürgen Reichel;7772;;3;153;0;692;59;663;692
2026;2026-04-25;Bowlinghaus Bamberg;tournament;Nordbayerische Meisterschaft;1;Vorlauf;Kai Bräutigam;38115;;3;181;0;743;39;663;743
2026;2026-04-25;Bowlinghaus Bamberg;tournament;Nordbayerische Meisterschaft;1;Vorlauf;Lothar Woithe;25267;;3;119;0;617;84;663;617
2026;2026-04-25;Bowlinghaus Bamberg;tournament;Nordbayerische Meisterschaft;1;Vorlauf;Lukas Pfaff;38909;;3;150;0;664;70;663;664
2026;2026-04-25;Bowlinghaus Bamberg;tournament;Nordbayerische Meisterschaft;1;Vorlauf;Maik Rößler;31583;;3;181;0;724;46;663;724
2026;2026-04-25;Bowlinghaus Bamberg;tournament;Nordbayerische Meisterschaft;1;Vorlauf;Manfred Rupertinger;16641;;3;212;0;724;45;663;724
2026;2026-04-25;Bowlinghaus Bamberg;tournament;Nordbayerische Meisterschaft;1;Vorlauf;Manfred Rupprecht;38640;;3;136;0;711;52;663;711
2026;2026-04-25;Bowlinghaus Bamberg;tournament;Nordbayerische Meisterschaft;1;Vorlauf;Marc Schmidt;38734;;3;231;0;724;47;663;724
2026;2026-04-25;Bowlinghaus Bamberg;tournament;Nordbayerische Meisterschaft;1;Vorlauf;Marcel Bassler;38774;;3;247;0;805;15;663;805
2026;2026-04-25;Bowlinghaus Bamberg;tournament;Nordbayerische Meisterschaft;1;Vorlauf;Marco Eck;38240;;3;179;0;789;22;663;789
2026;2026-04-25;Bowlinghaus Bamberg;tournament;Nordbayerische Meisterschaft;1;Vorlauf;Mario Burghardt;12248;;3;224;0;844;3;663;844
2026;2026-04-25;Bowlinghaus Bamberg;tournament;Nordbayerische Meisterschaft;1;Vorlauf;Markus Brendel;38034;;3;215;0;753;34;663;753
2026;2026-04-25;Bowlinghaus Bamberg;tournament;Nordbayerische Meisterschaft;1;Vorlauf;Markus Fischer;38237;;3;179;0;803;16;663;803
2026;2026-04-25;Bowlinghaus Bamberg;tournament;Nordbayerische Meisterschaft;1;Vorlauf;Matthias Puchert;16501;;3;178;0;640;77;663;640
2026;2026-04-25;Bowlinghaus Bamberg;tournament;Nordbayerische Meisterschaft;1;Vorlauf;Michael Gehring;38250;;3;162;0;663;72;663;663
2026;2026-04-25;Bowlinghaus Bamberg;tournament;Nordbayerische Meisterschaft;1;Vorlauf;Michael Hoffmann;38982;;3;145;0;638;79;663;638
2026;2026-04-25;Bowlinghaus Bamberg;tournament;Nordbayerische Meisterschaft;1;Vorlauf;Michael Rühl;38745;;3;148;0;716;51;663;716
2026;2026-04-25;Bowlinghaus Bamberg;tournament;Nordbayerische Meisterschaft;1;Vorlauf;Michael Schlundt;7725;;3;158;0;640;78;663;640
2026;2026-04-25;Bowlinghaus Bamberg;tournament;Nordbayerische Meisterschaft;1;Vorlauf;Nico Thomas;38134;;3;182;0;798;18;663;798
2026;2026-04-25;Bowlinghaus Bamberg;tournament;Nordbayerische Meisterschaft;1;Vorlauf;Nicolas Hoffmann;38935;;3;147;0;844;4;663;844
2026;2026-04-25;Bowlinghaus Bamberg;tournament;Nordbayerische Meisterschaft;1;Vorlauf;Niklas Weiske;25484;;3;186;0;817;9;663;817
2026;2026-04-25;Bowlinghaus Bamberg;tournament;Nordbayerische Meisterschaft;1;Vorlauf;Patrick Freudl;16796;;3;180;0;867;2;663;867
2026;2026-04-25;Bowlinghaus Bamberg;tournament;Nordbayerische Meisterschaft;1;Vorlauf;Patrick Hardt;16809;;3;176;0;733;41;663;733
2026;2026-04-25;Bowlinghaus Bamberg;tournament;Nordbayerische Meisterschaft;1;Vorlauf;Patrick Stemmler;16495;;3;181;0;745;37;663;745
2026;2026-04-25;Bowlinghaus Bamberg;tournament;Nordbayerische Meisterschaft;1;Vorlauf;Peter Noack;38369;;3;155;0;621;83;663;621
2026;2026-04-25;Bowlinghaus Bamberg;tournament;Nordbayerische Meisterschaft;1;Vorlauf;Phi-Long Nguyen;46002;;3;180;0;703;54;663;703
2026;2026-04-25;Bowlinghaus Bamberg;tournament;Nordbayerische Meisterschaft;1;Vorlauf;Reinhold Reißmann;16439;;3;182;0;743;38;663;743
2026;2026-04-25;Bowlinghaus Bamberg;tournament;Nordbayerische Meisterschaft;1;Vorlauf;René Jurischka;38593;;3;168;0;674;67;663;674
2026;2026-04-25;Bowlinghaus Bamberg;tournament;Nordbayerische Meisterschaft;1;Vorlauf;Richard Erhard;16224;;3;229;0;697;57;663;697
2026;2026-04-25;Bowlinghaus Bamberg;tournament;Nordbayerische Meisterschaft;1;Vorlauf;Robert Kristof;10124;;3;208;0;796;20;663;796
2026;2026-04-25;Bowlinghaus Bamberg;tournament;Nordbayerische Meisterschaft;1;Vorlauf;Roland Augsdörfer;38549;;3;233;0;824;7;663;824
2026;2026-04-25;Bowlinghaus Bamberg;tournament;Nordbayerische Meisterschaft;1;Vorlauf;Roy Marziniak;25919;;3;148;0;689;61;663;689
2026;2026-04-25;Bowlinghaus Bamberg;tournament;Nordbayerische Meisterschaft;1;Vorlauf;Rudi Bauer;16860;;3;156;0;634;80;663;634
2026;2026-04-25;Bowlinghaus Bamberg;tournament;Nordbayerische Meisterschaft;1;Vorlauf;Sascha Popp;38981;;3;187;0;689;62;663;689
2026;2026-04-25;Bowlinghaus Bamberg;tournament;Nordbayerische Meisterschaft;1;Vorlauf;Sebastian Gräfe;38687;;3;203;0;773;28;663;773
2026;2026-04-25;Bowlinghaus Bamberg;tournament;Nordbayerische Meisterschaft;1;Vorlauf;Simon Bauer;16861;;3;161;0;688;63;663;688
2026;2026-04-25;Bowlinghaus Bamberg;tournament;Nordbayerische Meisterschaft;1;Vorlauf;Stefan Bess;7730;;3;145;0;628;82;663;628
2026;2026-04-25;Bowlinghaus Bamberg;tournament;Nordbayerische Meisterschaft;1;Vorlauf;Steffen Birkner;25082;;3;258;0;952;1;663;952
2026;2026-04-25;Bowlinghaus Bamberg;tournament;Nordbayerische Meisterschaft;1;Vorlauf;Steffen Jahre;7816;;3;145;0;633;81;663;633
2026;2026-04-25;Bowlinghaus Bamberg;tournament;Nordbayerische Meisterschaft;1;Vorlauf;Stephan Ruffershöfer;16899;;3;155;0;733;42;663;733
2026;2026-04-25;Bowlinghaus Bamberg;tournament;Nordbayerische Meisterschaft;1;Vorlauf;Stephan Stoll;10678;;3;180;0;699;55;663;699
2026;2026-04-25;Bowlinghaus Bamberg;tournament;Nordbayerische Meisterschaft;1;Vorlauf;Thomas Engelhardt;38044;;3;178;0;733;43;663;733
2026;2026-04-25;Bowlinghaus Bamberg;tournament;Nordbayerische Meisterschaft;1;Vorlauf;Thomas Hornung;25425;;3;168;0;691;60;663;691
2026;2026-04-25;Bowlinghaus Bamberg;tournament;Nordbayerische Meisterschaft;1;Vorlauf;Thomas Kleim;7770;;3;176;0;612;85;663;612
2026;2026-04-25;Bowlinghaus Bamberg;tournament;Nordbayerische Meisterschaft;1;Vorlauf;Thomas Moser;38907;;3;162;0;822;8;663;822
2026;2026-04-25;Bowlinghaus Bamberg;tournament;Nordbayerische Meisterschaft;1;Vorlauf;Thomas Nikoleit;25516;;3;195;0;800;17;663;800
2026;2026-04-25;Bowlinghaus Bamberg;tournament;Nordbayerische Meisterschaft;1;Vorlauf;Tim Olde Damink;25521;;3;185;0;811;12;663;811
2026;2026-04-25;Bowlinghaus Bamberg;tournament;Nordbayerische Meisterschaft;1;Vorlauf;Tobias Derbfuss;38270;;3;192;0;776;27;663;776
2026;2026-04-25;Bowlinghaus Bamberg;tournament;Nordbayerische Meisterschaft;1;Vorlauf;Tobias Franz;25638;;3;178;0;718;49;663;718
2026;2026-04-25;Bowlinghaus Bamberg;tournament;Nordbayerische Meisterschaft;1;Vorlauf;Tobias Kramer;38885;;3;155;0;711;53;663;711
2026;2026-04-25;Bowlinghaus Bamberg;tournament;Nordbayerische Meisterschaft;1;Vorlauf;Uwe Pukowski;25433;;3;125;0;675;66;663;675
2026;2026-04-25;Bowlinghaus Bamberg;tournament;Nordbayerische Meisterschaft;1;Vorlauf;Uwe Sewald;38877;;3;197;0;722;48;663;722
2026;2026-04-25;Bowlinghaus Bamberg;tournament;Nordbayerische Meisterschaft;1;Vorlauf;William Karl;16532;;3;191;0;746;36;663;746
2026;2026-04-25;Bowlinghaus Bamberg;tournament;Nordbayerische Meisterschaft;1;Vorlauf;Winfried Goller;7722;;3;172;0;735;40;663;735
2026;2026-04-25;Bowlinghaus Bamberg;tournament;Nordbayerische Meisterschaft;1;Vorlauf;Wolfgang Montag;16534;;3;145;0;573;89;663;573
2026;2026-04-25;Bowlinghaus Bamberg;tournament;Nordbayerische Meisterschaft;1;Vorlauf;Alexander Mitchell;38824;;4;120;0;715;89;827;715
2026;2026-04-25;Bowlinghaus Bamberg;tournament;Nordbayerische Meisterschaft;1;Vorlauf;Alexander Schmidt;16292;;4;210;0;996;18;827;996
2026;2026-04-25;Bowlinghaus Bamberg;tournament;Nordbayerische Meisterschaft;1;Vorlauf;Alexander Scholz;16352;;4;150;0;931;38;827;931
2026;2026-04-25;Bowlinghaus Bamberg;tournament;Nordbayerische Meisterschaft;1;Vorlauf;Andreas Brendel;38033;;4;184;0;939;33;827;939
2026;2026-04-25;Bowlinghaus Bamberg;tournament;Nordbayerische Meisterschaft;1;Vorlauf;Andreas Hernitschek;16386;;4;226;0;1060;5;827;1060
2026;2026-04-25;Bowlinghaus Bamberg;tournament;Nordbayerische Meisterschaft;1;Vorlauf;Anton Uebelacker;16430;;4;147;0;810;79;827;810
2026;2026-04-25;Bowlinghaus Bamberg;tournament;Nordbayerische Meisterschaft;1;Vorlauf;Arthur Schwertfeger;38005;;4;146;0;834;66;827;834
2026;2026-04-25;Bowlinghaus Bamberg;tournament;Nordbayerische Meisterschaft;1;Vorlauf;Asterios Fourkiotis;25555;;4;172;0;828;71;827;828
2026;2026-04-25;Bowlinghaus Bamberg;tournament;Nordbayerische Meisterschaft;1;Vorlauf;Bernd Matejat;16462;;4;181;0;879;56;827;879
2026;2026-04-25;Bowlinghaus Bamberg;tournament;Nordbayerische Meisterschaft;1;Vorlauf;Bernd Trapphardt;16559;;4;178;0;946;32;827;946
2026;2026-04-25;Bowlinghaus Bamberg;tournament;Nordbayerische Meisterschaft;1;Vorlauf;Blasius Stibel;7849;;4;176;0;903;52;827;903
2026;2026-04-25;Bowlinghaus Bamberg;tournament;Nordbayerische Meisterschaft;1;Vorlauf;Bodo Konieczny;18802;;4;190;0;1006;14;827;1006
2026;2026-04-25;Bowlinghaus Bamberg;tournament;Nordbayerische Meisterschaft;1;Vorlauf;Christian Feller;16007;;4;212;0;965;29;827;965
2026;2026-04-25;Bowlinghaus Bamberg;tournament;Nordbayerische Meisterschaft;1;Vorlauf;Christian Lechner;25064;;4;158;0;855;61;827;855
2026;2026-04-25;Bowlinghaus Bamberg;tournament;Nordbayerische Meisterschaft;1;Vorlauf;Christian Schlegl;38554;;4;149;0;812;77;827;812
2026;2026-04-25;Bowlinghaus Bamberg;tournament;Nordbayerische Meisterschaft;1;Vorlauf;Christian Schuster;7723;;4;234;0;1031;7;827;1031
2026;2026-04-25;Bowlinghaus Bamberg;tournament;Nordbayerische Meisterschaft;1;Vorlauf;Daniel Alexander;16443;;4;206;0;1035;6;827;1035
2026;2026-04-25;Bowlinghaus Bamberg;tournament;Nordbayerische Meisterschaft;1;Vorlauf;Daniel Badum;38043;;4;210;0;1019;8;827;1019
2026;2026-04-25;Bowlinghaus Bamberg;tournament;Nordbayerische Meisterschaft;1;Vorlauf;Daniel Schwank;16215;;4;218;0;994;20;827;994
2026;2026-04-25;Bowlinghaus Bamberg;tournament;Nordbayerische Meisterschaft;1;Vorlauf;Dieter Schuster;7721;;4;202;0;998;16;827;998
2026;2026-04-25;Bowlinghaus Bamberg;tournament;Nordbayerische Meisterschaft;1;Vorlauf;Enno Jackwerth;16263;;4;190;0;907;48;827;907
2026;2026-04-25;Bowlinghaus Bamberg;tournament;Nordbayerische Meisterschaft;1;Vorlauf;Eric Gogala;46005;;4;171;0;984;24;827;984
2026;2026-04-25;Bowlinghaus Bamberg;tournament;Nordbayerische Meisterschaft;1;Vorlauf;Erich Uebelacker;16105;;4;181;0;790;85;827;790
2026;2026-04-25;Bowlinghaus Bamberg;tournament;Nordbayerische Meisterschaft;1;Vorlauf;Franco Daniele Pirrotti;38188;;4;170;0;827;72;827;827
2026;2026-04-25;Bowlinghaus Bamberg;tournament;Nordbayerische Meisterschaft;1;Vorlauf;Gerhard Baier;7393;;4;156;0;809;80;827;809
2026;2026-04-25;Bowlinghaus Bamberg;tournament;Nordbayerische Meisterschaft;1;Vorlauf;Heiko Schütz;16894;;4;166;0;831;68;827;831
2026;2026-04-25;Bowlinghaus Bamberg;tournament;Nordbayerische Meisterschaft;1;Vorlauf;Heiko Tontsch;38403;;4;165;0;935;35;827;935
2026;2026-04-25;Bowlinghaus Bamberg;tournament;Nordbayerische Meisterschaft;1;Vorlauf;Horst Schön;16346;;4;193;0;950;30;827;950
2026;2026-04-25;Bowlinghaus Bamberg;tournament;Nordbayerische Meisterschaft;1;Vorlauf;Jeremias Schwarz;38841;;4;133;0;704;90;827;704
2026;2026-04-25;Bowlinghaus Bamberg;tournament;Nordbayerische Meisterschaft;1;Vorlauf;Joachim Hartmann;16214;;4;177;0;846;63;827;846
2026;2026-04-25;Bowlinghaus Bamberg;tournament;Nordbayerische Meisterschaft;1;Vorlauf;Jochen Birkner;7937;;4;213;0;1019;9;827;1019
2026;2026-04-25;Bowlinghaus Bamberg;tournament;Nordbayerische Meisterschaft;1;Vorlauf;Jonathan Nolan;16873;;4;188;0;974;25;827;974
2026;2026-04-25;Bowlinghaus Bamberg;tournament;Nordbayerische Meisterschaft;1;Vorlauf;Josef Peter Gfesser;7901;;4;134;0;732;88;827;732
2026;2026-04-25;Bowlinghaus Bamberg;tournament;Nordbayerische Meisterschaft;1;Vorlauf;Jörg Woyscheszik;25350;;4;220;0;972;27;827;972
2026;2026-04-25;Bowlinghaus Bamberg;tournament;Nordbayerische Meisterschaft;1;Vorlauf;Jürgen Harry Schmitt;7961;;4;146;0;824;74;827;824
2026;2026-04-25;Bowlinghaus Bamberg;tournament;Nordbayerische Meisterschaft;1;Vorlauf;Jürgen Reichel;7772;;4;186;0;878;57;827;878
2026;2026-04-25;Bowlinghaus Bamberg;tournament;Nordbayerische Meisterschaft;1;Vorlauf;Kai Bräutigam;38115;;4;204;0;947;31;827;947
2026;2026-04-25;Bowlinghaus Bamberg;tournament;Nordbayerische Meisterschaft;1;Vorlauf;Lothar Woithe;25267;;4;182;0;799;83;827;799
2026;2026-04-25;Bowlinghaus Bamberg;tournament;Nordbayerische Meisterschaft;1;Vorlauf;Lukas Pfaff;38909;;4;165;0;829;70;827;829
2026;2026-04-25;Bowlinghaus Bamberg;tournament;Nordbayerische Meisterschaft;1;Vorlauf;Maik Rößler;31583;;4;201;0;925;41;827;925
2026;2026-04-25;Bowlinghaus Bamberg;tournament;Nordbayerische Meisterschaft;1;Vorlauf;Manfred Rupertinger;16641;;4;163;0;887;54;827;887
2026;2026-04-25;Bowlinghaus Bamberg;tournament;Nordbayerische Meisterschaft;1;Vorlauf;Manfred Rupprecht;38640;;4;160;0;871;59;827;871
2026;2026-04-25;Bowlinghaus Bamberg;tournament;Nordbayerische Meisterschaft;1;Vorlauf;Marc Schmidt;38734;;4;191;0;915;43;827;915
2026;2026-04-25;Bowlinghaus Bamberg;tournament;Nordbayerische Meisterschaft;1;Vorlauf;Marcel Bassler;38774;;4;202;0;1007;13;827;1007
2026;2026-04-25;Bowlinghaus Bamberg;tournament;Nordbayerische Meisterschaft;1;Vorlauf;Marco Eck;38240;;4;214;0;1003;15;827;1003
2026;2026-04-25;Bowlinghaus Bamberg;tournament;Nordbayerische Meisterschaft;1;Vorlauf;Mario Burghardt;12248;;4;145;0;989;22;827;989
2026;2026-04-25;Bowlinghaus Bamberg;tournament;Nordbayerische Meisterschaft;1;Vorlauf;Markus Brendel;38034;;4;181;0;934;37;827;934
2026;2026-04-25;Bowlinghaus Bamberg;tournament;Nordbayerische Meisterschaft;1;Vorlauf;Markus Fischer;38237;;4;171;0;974;26;827;974
2026;2026-04-25;Bowlinghaus Bamberg;tournament;Nordbayerische Meisterschaft;1;Vorlauf;Matthias Puchert;16501;;4;152;0;792;84;827;792
2026;2026-04-25;Bowlinghaus Bamberg;tournament;Nordbayerische Meisterschaft;1;Vorlauf;Michael Gehring;38250;;4;173;0;836;65;827;836
2026;2026-04-25;Bowlinghaus Bamberg;tournament;Nordbayerische Meisterschaft;1;Vorlauf;Michael Hoffmann;38982;;4;182;0;820;75;827;820
2026;2026-04-25;Bowlinghaus Bamberg;tournament;Nordbayerische Meisterschaft;1;Vorlauf;Michael Rühl;38745;;4;161;0;877;58;827;877
2026;2026-04-25;Bowlinghaus Bamberg;tournament;Nordbayerische Meisterschaft;1;Vorlauf;Michael Schlundt;7725;;4;174;0;814;76;827;814
2026;2026-04-25;Bowlinghaus Bamberg;tournament;Nordbayerische Meisterschaft;1;Vorlauf;Nico Thomas;38134;;4;189;0;987;23;827;987
2026;2026-04-25;Bowlinghaus Bamberg;tournament;Nordbayerische Meisterschaft;1;Vorlauf;Nicolas Hoffmann;38935;;4;169;0;1013;10;827;1013
2026;2026-04-25;Bowlinghaus Bamberg;tournament;Nordbayerische Meisterschaft;1;Vorlauf;Niklas Weiske;25484;;4;250;0;1067;3;827;1067
2026;2026-04-25;Bowlinghaus Bamberg;tournament;Nordbayerische Meisterschaft;1;Vorlauf;Patrick Freudl;16796;;4;208;0;1075;2;827;1075
2026;2026-04-25;Bowlinghaus Bamberg;tournament;Nordbayerische Meisterschaft;1;Vorlauf;Patrick Hardt;16809;;4;204;0;937;34;827;937
2026;2026-04-25;Bowlinghaus Bamberg;tournament;Nordbayerische Meisterschaft;1;Vorlauf;Patrick Stemmler;16495;;4;167;0;912;44;827;912
2026;2026-04-25;Bowlinghaus Bamberg;tournament;Nordbayerische Meisterschaft;1;Vorlauf;Peter Noack;38369;;4;184;0;805;81;827;805
2026;2026-04-25;Bowlinghaus Bamberg;tournament;Nordbayerische Meisterschaft;1;Vorlauf;Phi-Long Nguyen;46002;;4;204;0;907;49;827;907
2026;2026-04-25;Bowlinghaus Bamberg;tournament;Nordbayerische Meisterschaft;1;Vorlauf;Reinhold Reißmann;16439;;4;158;0;901;53;827;901
2026;2026-04-25;Bowlinghaus Bamberg;tournament;Nordbayerische Meisterschaft;1;Vorlauf;René Jurischka;38593;;4;159;0;833;67;827;833
2026;2026-04-25;Bowlinghaus Bamberg;tournament;Nordbayerische Meisterschaft;1;Vorlauf;Richard Erhard;16224;;4;185;0;882;55;827;882
2026;2026-04-25;Bowlinghaus Bamberg;tournament;Nordbayerische Meisterschaft;1;Vorlauf;Robert Kristof;10124;;4;212;0;1008;12;827;1008
2026;2026-04-25;Bowlinghaus Bamberg;tournament;Nordbayerische Meisterschaft;1;Vorlauf;Roland Augsdörfer;38549;;4;173;0;997;17;827;997
2026;2026-04-25;Bowlinghaus Bamberg;tournament;Nordbayerische Meisterschaft;1;Vorlauf;Roy Marziniak;25919;;4;136;0;825;73;827;825
2026;2026-04-25;Bowlinghaus Bamberg;tournament;Nordbayerische Meisterschaft;1;Vorlauf;Rudi Bauer;16860;;4;166;0;800;82;827;800
2026;2026-04-25;Bowlinghaus Bamberg;tournament;Nordbayerische Meisterschaft;1;Vorlauf;Sascha Popp;38981;;4;215;0;904;51;827;904
2026;2026-04-25;Bowlinghaus Bamberg;tournament;Nordbayerische Meisterschaft;1;Vorlauf;Sebastian Gräfe;38687;;4;223;0;996;19;827;996
2026;2026-04-25;Bowlinghaus Bamberg;tournament;Nordbayerische Meisterschaft;1;Vorlauf;Simon Bauer;16861;;4;164;0;852;62;827;852
2026;2026-04-25;Bowlinghaus Bamberg;tournament;Nordbayerische Meisterschaft;1;Vorlauf;Stefan Bess;7730;;4;184;0;812;78;827;812
2026;2026-04-25;Bowlinghaus Bamberg;tournament;Nordbayerische Meisterschaft;1;Vorlauf;Steffen Birkner;25082;;4;237;0;1189;1;827;1189
2026;2026-04-25;Bowlinghaus Bamberg;tournament;Nordbayerische Meisterschaft;1;Vorlauf;Steffen Jahre;7816;;4;125;0;758;86;827;758
2026;2026-04-25;Bowlinghaus Bamberg;tournament;Nordbayerische Meisterschaft;1;Vorlauf;Stephan Ruffershöfer;16899;;4;198;0;931;39;827;931
2026;2026-04-25;Bowlinghaus Bamberg;tournament;Nordbayerische Meisterschaft;1;Vorlauf;Stephan Stoll;10678;;4;160;0;859;60;827;859
2026;2026-04-25;Bowlinghaus Bamberg;tournament;Nordbayerische Meisterschaft;1;Vorlauf;Thomas Engelhardt;38044;;4;173;0;906;50;827;906
2026;2026-04-25;Bowlinghaus Bamberg;tournament;Nordbayerische Meisterschaft;1;Vorlauf;Thomas Hornung;25425;;4;140;0;831;69;827;831
2026;2026-04-25;Bowlinghaus Bamberg;tournament;Nordbayerische Meisterschaft;1;Vorlauf;Thomas Kleim;7770;;4;234;0;846;64;827;846
2026;2026-04-25;Bowlinghaus Bamberg;tournament;Nordbayerische Meisterschaft;1;Vorlauf;Thomas Moser;38907;;4;149;0;971;28;827;971
2026;2026-04-25;Bowlinghaus Bamberg;tournament;Nordbayerische Meisterschaft;1;Vorlauf;Thomas Nikoleit;25516;;4;194;0;994;21;827;994
2026;2026-04-25;Bowlinghaus Bamberg;tournament;Nordbayerische Meisterschaft;1;Vorlauf;Tim Olde Damink;25521;;4;256;0;1067;4;827;1067
2026;2026-04-25;Bowlinghaus Bamberg;tournament;Nordbayerische Meisterschaft;1;Vorlauf;Tobias Derbfuss;38270;;4;233;0;1009;11;827;1009
2026;2026-04-25;Bowlinghaus Bamberg;tournament;Nordbayerische Meisterschaft;1;Vorlauf;Tobias Franz;25638;;4;216;0;934;36;827;934
2026;2026-04-25;Bowlinghaus Bamberg;tournament;Nordbayerische Meisterschaft;1;Vorlauf;Tobias Kramer;38885;;4;198;0;909;47;827;909
2026;2026-04-25;Bowlinghaus Bamberg;tournament;Nordbayerische Meisterschaft;1;Vorlauf;Uwe Pukowski;25433;;4;243;0;918;42;827;918
2026;2026-04-25;Bowlinghaus Bamberg;tournament;Nordbayerische Meisterschaft;1;Vorlauf;Uwe Sewald;38877;;4;187;0;909;46;827;909
2026;2026-04-25;Bowlinghaus Bamberg;tournament;Nordbayerische Meisterschaft;1;Vorlauf;William Karl;16532;;4;163;0;909;45;827;909
2026;2026-04-25;Bowlinghaus Bamberg;tournament;Nordbayerische Meisterschaft;1;Vorlauf;Winfried Goller;7722;;4;193;0;928;40;827;928
2026;2026-04-25;Bowlinghaus Bamberg;tournament;Nordbayerische Meisterschaft;1;Vorlauf;Wolfgang Montag;16534;;4;170;0;743;87;827;743
2026;2026-04-25;Bowlinghaus Bamberg;tournament;Nordbayerische Meisterschaft;1;Vorlauf;Alexander Mitchell;38824;;5;173;0;888;89;1000;888
2026;2026-04-25;Bowlinghaus Bamberg;tournament;Nordbayerische Meisterschaft;1;Vorlauf;Alexander Schmidt;16292;;5;194;0;1190;19;1000;1190
2026;2026-04-25;Bowlinghaus Bamberg;tournament;Nordbayerische Meisterschaft;1;Vorlauf;Alexander Scholz;16352;;5;182;0;1113;39;1000;1113
2026;2026-04-25;Bowlinghaus Bamberg;tournament;Nordbayerische Meisterschaft;1;Vorlauf;Andreas Brendel;38033;;5;187;0;1126;33;1000;1126
2026;2026-04-25;Bowlinghaus Bamberg;tournament;Nordbayerische Meisterschaft;1;Vorlauf;Andreas Hernitschek;16386;;5;205;0;1265;6;1000;1265
2026;2026-04-25;Bowlinghaus Bamberg;tournament;Nordbayerische Meisterschaft;1;Vorlauf;Anton Uebelacker;16430;;5;197;0;1007;71;1000;1007
2026;2026-04-25;Bowlinghaus Bamberg;tournament;Nordbayerische Meisterschaft;1;Vorlauf;Arthur Schwertfeger;38005;;5;180;0;1014;68;1000;1014
2026;2026-04-25;Bowlinghaus Bamberg;tournament;Nordbayerische Meisterschaft;1;Vorlauf;Asterios Fourkiotis;25555;;5;172;0;1000;72;1000;1000
2026;2026-04-25;Bowlinghaus Bamberg;tournament;Nordbayerische Meisterschaft;1;Vorlauf;Bernd Matejat;16462;;5;165;0;1044;61;1000;1044
2026;2026-04-25;Bowlinghaus Bamberg;tournament;Nordbayerische Meisterschaft;1;Vorlauf;Bernd Trapphardt;16559;;5;184;0;1130;29;1000;1130
2026;2026-04-25;Bowlinghaus Bamberg;tournament;Nordbayerische Meisterschaft;1;Vorlauf;Blasius Stibel;7849;;5;163;0;1066;55;1000;1066
2026;2026-04-25;Bowlinghaus Bamberg;tournament;Nordbayerische Meisterschaft;1;Vorlauf;Bodo Konieczny;18802;;5;208;0;1214;14;1000;1214
2026;2026-04-25;Bowlinghaus Bamberg;tournament;Nordbayerische Meisterschaft;1;Vorlauf;Christian Feller;16007;;5;267;0;1232;9;1000;1232
2026;2026-04-25;Bowlinghaus Bamberg;tournament;Nordbayerische Meisterschaft;1;Vorlauf;Christian Lechner;25064;;5;198;0;1053;58;1000;1053
2026;2026-04-25;Bowlinghaus Bamberg;tournament;Nordbayerische Meisterschaft;1;Vorlauf;Christian Schlegl;38554;;5;186;0;998;73;1000;998
2026;2026-04-25;Bowlinghaus Bamberg;tournament;Nordbayerische Meisterschaft;1;Vorlauf;Christian Schuster;7723;;5;210;0;1241;8;1000;1241
2026;2026-04-25;Bowlinghaus Bamberg;tournament;Nordbayerische Meisterschaft;1;Vorlauf;Daniel Alexander;16443;;5;248;0;1283;4;1000;1283
2026;2026-04-25;Bowlinghaus Bamberg;tournament;Nordbayerische Meisterschaft;1;Vorlauf;Daniel Badum;38043;;5;185;0;1204;16;1000;1204
2026;2026-04-25;Bowlinghaus Bamberg;tournament;Nordbayerische Meisterschaft;1;Vorlauf;Daniel Schwank;16215;;5;202;0;1196;18;1000;1196
2026;2026-04-25;Bowlinghaus Bamberg;tournament;Nordbayerische Meisterschaft;1;Vorlauf;Dieter Schuster;7721;;5;226;0;1224;10;1000;1224
2026;2026-04-25;Bowlinghaus Bamberg;tournament;Nordbayerische Meisterschaft;1;Vorlauf;Enno Jackwerth;16263;;5;202;0;1109;42;1000;1109
2026;2026-04-25;Bowlinghaus Bamberg;tournament;Nordbayerische Meisterschaft;1;Vorlauf;Eric Gogala;46005;;5;235;0;1219;13;1000;1219
2026;2026-04-25;Bowlinghaus Bamberg;tournament;Nordbayerische Meisterschaft;1;Vorlauf;Erich Uebelacker;16105;;5;179;0;969;81;1000;969
2026;2026-04-25;Bowlinghaus Bamberg;tournament;Nordbayerische Meisterschaft;1;Vorlauf;Franco Daniele Pirrotti;38188;;5;189;0;1016;67;1000;1016
2026;2026-04-25;Bowlinghaus Bamberg;tournament;Nordbayerische Meisterschaft;1;Vorlauf;Gerhard Baier;7393;;5;176;0;985;79;1000;985
2026;2026-04-25;Bowlinghaus Bamberg;tournament;Nordbayerische Meisterschaft;1;Vorlauf;Heiko Schütz;16894;;5;209;0;1040;63;1000;1040
2026;2026-04-25;Bowlinghaus Bamberg;tournament;Nordbayerische Meisterschaft;1;Vorlauf;Heiko Tontsch;38403;;5;170;0;1105;45;1000;1105
2026;2026-04-25;Bowlinghaus Bamberg;tournament;Nordbayerische Meisterschaft;1;Vorlauf;Horst Schön;16346;;5;182;0;1132;28;1000;1132
2026;2026-04-25;Bowlinghaus Bamberg;tournament;Nordbayerische Meisterschaft;1;Vorlauf;Jeremias Schwarz;38841;;5;155;0;859;90;1000;859
2026;2026-04-25;Bowlinghaus Bamberg;tournament;Nordbayerische Meisterschaft;1;Vorlauf;Joachim Hartmann;16214;;5;202;0;1048;59;1000;1048
2026;2026-04-25;Bowlinghaus Bamberg;tournament;Nordbayerische Meisterschaft;1;Vorlauf;Jochen Birkner;7937;;5;201;0;1220;12;1000;1220
2026;2026-04-25;Bowlinghaus Bamberg;tournament;Nordbayerische Meisterschaft;1;Vorlauf;Jonathan Nolan;16873;;5;183;0;1157;25;1000;1157
2026;2026-04-25;Bowlinghaus Bamberg;tournament;Nordbayerische Meisterschaft;1;Vorlauf;Josef Peter Gfesser;7901;;5;180;0;912;87;1000;912
2026;2026-04-25;Bowlinghaus Bamberg;tournament;Nordbayerische Meisterschaft;1;Vorlauf;Jörg Woyscheszik;25350;;5;198;0;1170;22;1000;1170
2026;2026-04-25;Bowlinghaus Bamberg;tournament;Nordbayerische Meisterschaft;1;Vorlauf;Jürgen Harry Schmitt;7961;;5;186;0;1010;70;1000;1010
2026;2026-04-25;Bowlinghaus Bamberg;tournament;Nordbayerische Meisterschaft;1;Vorlauf;Jürgen Reichel;7772;;5;207;0;1085;50;1000;1085
2026;2026-04-25;Bowlinghaus Bamberg;tournament;Nordbayerische Meisterschaft;1;Vorlauf;Kai Bräutigam;38115;;5;231;0;1178;21;1000;1178
2026;2026-04-25;Bowlinghaus Bamberg;tournament;Nordbayerische Meisterschaft;1;Vorlauf;Lothar Woithe;25267;;5;158;0;957;83;1000;957
2026;2026-04-25;Bowlinghaus Bamberg;tournament;Nordbayerische Meisterschaft;1;Vorlauf;Lukas Pfaff;38909;;5;114;0;943;85;1000;943
2026;2026-04-25;Bowlinghaus Bamberg;tournament;Nordbayerische Meisterschaft;1;Vorlauf;Maik Rößler;31583;;5;160;0;1085;49;1000;1085
2026;2026-04-25;Bowlinghaus Bamberg;tournament;Nordbayerische Meisterschaft;1;Vorlauf;Manfred Rupertinger;16641;;5;156;0;1043;62;1000;1043
2026;2026-04-25;Bowlinghaus Bamberg;tournament;Nordbayerische Meisterschaft;1;Vorlauf;Manfred Rupprecht;38640;;5;198;0;1069;54;1000;1069
2026;2026-04-25;Bowlinghaus Bamberg;tournament;Nordbayerische Meisterschaft;1;Vorlauf;Marc Schmidt;38734;;5;192;0;1107;44;1000;1107
2026;2026-04-25;Bowlinghaus Bamberg;tournament;Nordbayerische Meisterschaft;1;Vorlauf;Marcel Bassler;38774;;5;198;0;1205;15;1000;1205
2026;2026-04-25;Bowlinghaus Bamberg;tournament;Nordbayerische Meisterschaft;1;Vorlauf;Marco Eck;38240;;5;126;0;1129;30;1000;1129
2026;2026-04-25;Bowlinghaus Bamberg;tournament;Nordbayerische Meisterschaft;1;Vorlauf;Mario Burghardt;12248;;5;173;0;1162;24;1000;1162
2026;2026-04-25;Bowlinghaus Bamberg;tournament;Nordbayerische Meisterschaft;1;Vorlauf;Markus Brendel;38034;;5;166;0;1100;47;1000;1100
2026;2026-04-25;Bowlinghaus Bamberg;tournament;Nordbayerische Meisterschaft;1;Vorlauf;Markus Fischer;38237;;5;145;0;1119;37;1000;1119
2026;2026-04-25;Bowlinghaus Bamberg;tournament;Nordbayerische Meisterschaft;1;Vorlauf;Matthias Puchert;16501;;5;172;0;964;82;1000;964
2026;2026-04-25;Bowlinghaus Bamberg;tournament;Nordbayerische Meisterschaft;1;Vorlauf;Michael Gehring;38250;;5;157;0;993;75;1000;993
2026;2026-04-25;Bowlinghaus Bamberg;tournament;Nordbayerische Meisterschaft;1;Vorlauf;Michael Hoffmann;38982;;5;175;0;995;74;1000;995
2026;2026-04-25;Bowlinghaus Bamberg;tournament;Nordbayerische Meisterschaft;1;Vorlauf;Michael Rühl;38745;;5;171;0;1048;60;1000;1048
2026;2026-04-25;Bowlinghaus Bamberg;tournament;Nordbayerische Meisterschaft;1;Vorlauf;Michael Schlundt;7725;;5;178;0;992;76;1000;992
2026;2026-04-25;Bowlinghaus Bamberg;tournament;Nordbayerische Meisterschaft;1;Vorlauf;Nico Thomas;38134;;5;134;0;1121;35;1000;1121
2026;2026-04-25;Bowlinghaus Bamberg;tournament;Nordbayerische Meisterschaft;1;Vorlauf;Nicolas Hoffmann;38935;;5;184;0;1197;17;1000;1197
2026;2026-04-25;Bowlinghaus Bamberg;tournament;Nordbayerische Meisterschaft;1;Vorlauf;Niklas Weiske;25484;;5;226;0;1293;2;1000;1293
2026;2026-04-25;Bowlinghaus Bamberg;tournament;Nordbayerische Meisterschaft;1;Vorlauf;Patrick Freudl;16796;;5;203;0;1278;5;1000;1278
2026;2026-04-25;Bowlinghaus Bamberg;tournament;Nordbayerische Meisterschaft;1;Vorlauf;Patrick Hardt;16809;;5;183;0;1120;36;1000;1120
2026;2026-04-25;Bowlinghaus Bamberg;tournament;Nordbayerische Meisterschaft;1;Vorlauf;Patrick Stemmler;16495;;5;195;0;1107;43;1000;1107
2026;2026-04-25;Bowlinghaus Bamberg;tournament;Nordbayerische Meisterschaft;1;Vorlauf;Peter Noack;38369;;5;169;0;974;80;1000;974
2026;2026-04-25;Bowlinghaus Bamberg;tournament;Nordbayerische Meisterschaft;1;Vorlauf;Phi-Long Nguyen;46002;;5;203;0;1110;41;1000;1110
2026;2026-04-25;Bowlinghaus Bamberg;tournament;Nordbayerische Meisterschaft;1;Vorlauf;Reinhold Reißmann;16439;;5;216;0;1117;38;1000;1117
2026;2026-04-25;Bowlinghaus Bamberg;tournament;Nordbayerische Meisterschaft;1;Vorlauf;René Jurischka;38593;;5;181;0;1014;69;1000;1014
2026;2026-04-25;Bowlinghaus Bamberg;tournament;Nordbayerische Meisterschaft;1;Vorlauf;Richard Erhard;16224;;5;157;0;1039;64;1000;1039
2026;2026-04-25;Bowlinghaus Bamberg;tournament;Nordbayerische Meisterschaft;1;Vorlauf;Robert Kristof;10124;;5;233;0;1241;7;1000;1241
2026;2026-04-25;Bowlinghaus Bamberg;tournament;Nordbayerische Meisterschaft;1;Vorlauf;Roland Augsdörfer;38549;;5;170;0;1167;23;1000;1167
2026;2026-04-25;Bowlinghaus Bamberg;tournament;Nordbayerische Meisterschaft;1;Vorlauf;Roy Marziniak;25919;;5;166;0;991;77;1000;991
2026;2026-04-25;Bowlinghaus Bamberg;tournament;Nordbayerische Meisterschaft;1;Vorlauf;Rudi Bauer;16860;;5;150;0;950;84;1000;950
2026;2026-04-25;Bowlinghaus Bamberg;tournament;Nordbayerische Meisterschaft;1;Vorlauf;Sascha Popp;38981;;5;200;0;1104;46;1000;1104
2026;2026-04-25;Bowlinghaus Bamberg;tournament;Nordbayerische Meisterschaft;1;Vorlauf;Sebastian Gräfe;38687;;5;185;0;1181;20;1000;1181
2026;2026-04-25;Bowlinghaus Bamberg;tournament;Nordbayerische Meisterschaft;1;Vorlauf;Simon Bauer;16861;;5;211;0;1063;56;1000;1063
2026;2026-04-25;Bowlinghaus Bamberg;tournament;Nordbayerische Meisterschaft;1;Vorlauf;Stefan Bess;7730;;5;175;0;987;78;1000;987
2026;2026-04-25;Bowlinghaus Bamberg;tournament;Nordbayerische Meisterschaft;1;Vorlauf;Steffen Birkner;25082;;5;265;0;1454;1;1000;1454
2026;2026-04-25;Bowlinghaus Bamberg;tournament;Nordbayerische Meisterschaft;1;Vorlauf;Steffen Jahre;7816;;5;158;0;916;86;1000;916
2026;2026-04-25;Bowlinghaus Bamberg;tournament;Nordbayerische Meisterschaft;1;Vorlauf;Stephan Ruffershöfer;16899;;5;158;0;1089;48;1000;1089
2026;2026-04-25;Bowlinghaus Bamberg;tournament;Nordbayerische Meisterschaft;1;Vorlauf;Stephan Stoll;10678;;5;211;0;1070;53;1000;1070
2026;2026-04-25;Bowlinghaus Bamberg;tournament;Nordbayerische Meisterschaft;1;Vorlauf;Thomas Engelhardt;38044;;5;157;0;1063;57;1000;1063
2026;2026-04-25;Bowlinghaus Bamberg;tournament;Nordbayerische Meisterschaft;1;Vorlauf;Thomas Hornung;25425;;5;196;0;1027;65;1000;1027
2026;2026-04-25;Bowlinghaus Bamberg;tournament;Nordbayerische Meisterschaft;1;Vorlauf;Thomas Kleim;7770;;5;172;0;1018;66;1000;1018
2026;2026-04-25;Bowlinghaus Bamberg;tournament;Nordbayerische Meisterschaft;1;Vorlauf;Thomas Moser;38907;;5;176;0;1147;26;1000;1147
2026;2026-04-25;Bowlinghaus Bamberg;tournament;Nordbayerische Meisterschaft;1;Vorlauf;Thomas Nikoleit;25516;;5;148;0;1142;27;1000;1142
2026;2026-04-25;Bowlinghaus Bamberg;tournament;Nordbayerische Meisterschaft;1;Vorlauf;Tim Olde Damink;25521;;5;223;0;1290;3;1000;1290
2026;2026-04-25;Bowlinghaus Bamberg;tournament;Nordbayerische Meisterschaft;1;Vorlauf;Tobias Derbfuss;38270;;5;212;0;1221;11;1000;1221
2026;2026-04-25;Bowlinghaus Bamberg;tournament;Nordbayerische Meisterschaft;1;Vorlauf;Tobias Franz;25638;;5;191;0;1125;34;1000;1125
2026;2026-04-25;Bowlinghaus Bamberg;tournament;Nordbayerische Meisterschaft;1;Vorlauf;Tobias Kramer;38885;;5;204;0;1113;40;1000;1113
2026;2026-04-25;Bowlinghaus Bamberg;tournament;Nordbayerische Meisterschaft;1;Vorlauf;Uwe Pukowski;25433;;5;156;0;1074;51;1000;1074
2026;2026-04-25;Bowlinghaus Bamberg;tournament;Nordbayerische Meisterschaft;1;Vorlauf;Uwe Sewald;38877;;5;165;0;1074;52;1000;1074
2026;2026-04-25;Bowlinghaus Bamberg;tournament;Nordbayerische Meisterschaft;1;Vorlauf;William Karl;16532;;5;217;0;1126;32;1000;1126
2026;2026-04-25;Bowlinghaus Bamberg;tournament;Nordbayerische Meisterschaft;1;Vorlauf;Winfried Goller;7722;;5;200;0;1128;31;1000;1128
2026;2026-04-25;Bowlinghaus Bamberg;tournament;Nordbayerische Meisterschaft;1;Vorlauf;Wolfgang Montag;16534;;5;158;0;901;88;1000;901
2026;2026-04-26;Bowlinghaus Bamberg;tournament;Nordbayerische Meisterschaft;2;Zwischenlauf;Alexander Schmidt;16292;;0;205;0;205;23;186;205
2026;2026-04-26;Bowlinghaus Bamberg;tournament;Nordbayerische Meisterschaft;2;Zwischenlauf;Alexander Scholz;16352;;0;158;0;158;63;186;158
2026;2026-04-26;Bowlinghaus Bamberg;tournament;Nordbayerische Meisterschaft;2;Zwischenlauf;Andreas Brendel;38033;;0;182;0;182;37;186;182
2026;2026-04-26;Bowlinghaus Bamberg;tournament;Nordbayerische Meisterschaft;2;Zwischenlauf;Andreas Hernitschek;16386;;0;237;0;237;4;186;237
2026;2026-04-26;Bowlinghaus Bamberg;tournament;Nordbayerische Meisterschaft;2;Zwischenlauf;Anton Uebelacker;16430;;0;144;0;144;68;186;144
2026;2026-04-26;Bowlinghaus Bamberg;tournament;Nordbayerische Meisterschaft;2;Zwischenlauf;Arthur Schwertfeger;38005;;0;212;0;212;19;186;212
2026;2026-04-26;Bowlinghaus Bamberg;tournament;Nordbayerische Meisterschaft;2;Zwischenlauf;Asterios Fourkiotis;25555;;0;222;0;222;14;186;222
2026;2026-04-26;Bowlinghaus Bamberg;tournament;Nordbayerische Meisterschaft;2;Zwischenlauf;Bernd Matejat;16462;;0;180;0;180;42;186;180
2026;2026-04-26;Bowlinghaus Bamberg;tournament;Nordbayerische Meisterschaft;2;Zwischenlauf;Blasius Stibel;7849;;0;200;0;200;30;186;200
2026;2026-04-26;Bowlinghaus Bamberg;tournament;Nordbayerische Meisterschaft;2;Zwischenlauf;Bodo Konieczny;18802;;0;224;0;224;10;186;224
2026;2026-04-26;Bowlinghaus Bamberg;tournament;Nordbayerische Meisterschaft;2;Zwischenlauf;Christian Feller;16007;;0;212;0;212;18;186;212
2026;2026-04-26;Bowlinghaus Bamberg;tournament;Nordbayerische Meisterschaft;2;Zwischenlauf;Christian Lechner;25064;;0;202;0;202;25;186;202
2026;2026-04-26;Bowlinghaus Bamberg;tournament;Nordbayerische Meisterschaft;2;Zwischenlauf;Christian Schlegl;38554;;0;157;0;157;65;186;157
2026;2026-04-26;Bowlinghaus Bamberg;tournament;Nordbayerische Meisterschaft;2;Zwischenlauf;Christian Schuster;7723;;0;247;0;247;2;186;247
2026;2026-04-26;Bowlinghaus Bamberg;tournament;Nordbayerische Meisterschaft;2;Zwischenlauf;Daniel Alexander;16443;;0;179;0;179;46;186;179
2026;2026-04-26;Bowlinghaus Bamberg;tournament;Nordbayerische Meisterschaft;2;Zwischenlauf;Daniel Badum;38043;;0;162;0;162;61;186;162
2026;2026-04-26;Bowlinghaus Bamberg;tournament;Nordbayerische Meisterschaft;2;Zwischenlauf;Daniel Schwank;16215;;0;234;0;234;5;186;234
2026;2026-04-26;Bowlinghaus Bamberg;tournament;Nordbayerische Meisterschaft;2;Zwischenlauf;Dieter Schuster;7721;;0;213;0;213;17;186;213
2026;2026-04-26;Bowlinghaus Bamberg;tournament;Nordbayerische Meisterschaft;2;Zwischenlauf;Enno Jackwerth;16263;;0;159;0;159;62;186;159
2026;2026-04-26;Bowlinghaus Bamberg;tournament;Nordbayerische Meisterschaft;2;Zwischenlauf;Eric Gogala;46005;;0;182;0;182;38;186;182
2026;2026-04-26;Bowlinghaus Bamberg;tournament;Nordbayerische Meisterschaft;2;Zwischenlauf;Franco Daniele Pirrotti;38188;;0;168;0;168;55;186;168
2026;2026-04-26;Bowlinghaus Bamberg;tournament;Nordbayerische Meisterschaft;2;Zwischenlauf;Heiko Schütz;16894;;0;180;0;180;43;186;180
2026;2026-04-26;Bowlinghaus Bamberg;tournament;Nordbayerische Meisterschaft;2;Zwischenlauf;Heiko Tontsch;38403;;0;167;0;167;56;186;167
2026;2026-04-26;Bowlinghaus Bamberg;tournament;Nordbayerische Meisterschaft;2;Zwischenlauf;Horst Schön;16346;;0;202;0;202;24;186;202
2026;2026-04-26;Bowlinghaus Bamberg;tournament;Nordbayerische Meisterschaft;2;Zwischenlauf;Joachim Hartmann;16214;;0;180;0;180;41;186;180
2026;2026-04-26;Bowlinghaus Bamberg;tournament;Nordbayerische Meisterschaft;2;Zwischenlauf;Jochen Birkner;7937;;0;180;0;180;44;186;180
2026;2026-04-26;Bowlinghaus Bamberg;tournament;Nordbayerische Meisterschaft;2;Zwischenlauf;Jonathan Nolan;16873;;0;201;0;201;27;186;201
2026;2026-04-26;Bowlinghaus Bamberg;tournament;Nordbayerische Meisterschaft;2;Zwischenlauf;Jörg Woyscheszik;25350;;0;245;0;245;3;186;245
2026;2026-04-26;Bowlinghaus Bamberg;tournament;Nordbayerische Meisterschaft;2;Zwischenlauf;Jürgen Harry Schmitt;7961;;0;177;0;177;49;186;177
2026;2026-04-26;Bowlinghaus Bamberg;tournament;Nordbayerische Meisterschaft;2;Zwischenlauf;Jürgen Reichel;7772;;0;209;0;209;21;186;209
2026;2026-04-26;Bowlinghaus Bamberg;tournament;Nordbayerische Meisterschaft;2;Zwischenlauf;Kai Bräutigam;38115;;0;216;0;216;16;186;216
2026;2026-04-26;Bowlinghaus Bamberg;tournament;Nordbayerische Meisterschaft;2;Zwischenlauf;Maik Rößler;31583;;0;190;0;190;34;186;190
2026;2026-04-26;Bowlinghaus Bamberg;tournament;Nordbayerische Meisterschaft;2;Zwischenlauf;Manfred Rupertinger;16641;;0;172;0;172;52;186;172
2026;2026-04-26;Bowlinghaus Bamberg;tournament;Nordbayerische Meisterschaft;2;Zwischenlauf;Manfred Rupprecht;38640;;0;233;0;233;8;186;233
2026;2026-04-26;Bowlinghaus Bamberg;tournament;Nordbayerische Meisterschaft;2;Zwischenlauf;Marc Schmidt;38734;;0;172;0;172;53;186;172
2026;2026-04-26;Bowlinghaus Bamberg;tournament;Nordbayerische Meisterschaft;2;Zwischenlauf;Marcel Bassler;38774;;0;221;0;221;15;186;221
2026;2026-04-26;Bowlinghaus Bamberg;tournament;Nordbayerische Meisterschaft;2;Zwischenlauf;Marco Eck;38240;;0;147;0;147;67;186;147
2026;2026-04-26;Bowlinghaus Bamberg;tournament;Nordbayerische Meisterschaft;2;Zwischenlauf;Mario Burghardt;12248;;0;206;0;206;22;186;206
2026;2026-04-26;Bowlinghaus Bamberg;tournament;Nordbayerische Meisterschaft;2;Zwischenlauf;Markus Brendel;38034;;0;157;0;157;64;186;157
2026;2026-04-26;Bowlinghaus Bamberg;tournament;Nordbayerische Meisterschaft;2;Zwischenlauf;Markus Fischer;38237;;0;165;0;165;57;186;165
2026;2026-04-26;Bowlinghaus Bamberg;tournament;Nordbayerische Meisterschaft;2;Zwischenlauf;Michael Gehring;38250;;0;181;0;181;40;186;181
2026;2026-04-26;Bowlinghaus Bamberg;tournament;Nordbayerische Meisterschaft;2;Zwischenlauf;Michael Hoffmann;38982;;0;140;0;140;70;186;140
2026;2026-04-26;Bowlinghaus Bamberg;tournament;Nordbayerische Meisterschaft;2;Zwischenlauf;Michael Rühl;38745;;0;188;0;188;35;186;188
2026;2026-04-26;Bowlinghaus Bamberg;tournament;Nordbayerische Meisterschaft;2;Zwischenlauf;Nico Thomas;38134;;0;170;0;170;54;186;170
2026;2026-04-26;Bowlinghaus Bamberg;tournament;Nordbayerische Meisterschaft;2;Zwischenlauf;Nicolas Hoffmann;38935;;0;223;0;223;13;186;223
2026;2026-04-26;Bowlinghaus Bamberg;tournament;Nordbayerische Meisterschaft;2;Zwischenlauf;Niklas Weiske;25484;;0;186;0;186;36;186;186
2026;2026-04-26;Bowlinghaus Bamberg;tournament;Nordbayerische Meisterschaft;2;Zwischenlauf;Patrick Freudl;16796;;0;223;0;223;12;186;223
2026;2026-04-26;Bowlinghaus Bamberg;tournament;Nordbayerische Meisterschaft;2;Zwischenlauf;Patrick Hardt;16809;;0;233;0;233;7;186;233
2026;2026-04-26;Bowlinghaus Bamberg;tournament;Nordbayerische Meisterschaft;2;Zwischenlauf;Patrick Stemmler;16495;;0;162;0;162;58;186;162
2026;2026-04-26;Bowlinghaus Bamberg;tournament;Nordbayerische Meisterschaft;2;Zwischenlauf;Phi-Long Nguyen;46002;;0;195;0;195;32;186;195
2026;2026-04-26;Bowlinghaus Bamberg;tournament;Nordbayerische Meisterschaft;2;Zwischenlauf;Reinhold Reißmann;16439;;0;210;0;210;20;186;210
2026;2026-04-26;Bowlinghaus Bamberg;tournament;Nordbayerische Meisterschaft;2;Zwischenlauf;René Jurischka;38593;;0;234;0;234;6;186;234
2026;2026-04-26;Bowlinghaus Bamberg;tournament;Nordbayerische Meisterschaft;2;Zwischenlauf;Richard Erhard;16224;;0;179;0;179;45;186;179
2026;2026-04-26;Bowlinghaus Bamberg;tournament;Nordbayerische Meisterschaft;2;Zwischenlauf;Robert Kristof;10124;;0;192;0;192;33;186;192
2026;2026-04-26;Bowlinghaus Bamberg;tournament;Nordbayerische Meisterschaft;2;Zwischenlauf;Roland Augsdörfer;38549;;0;224;0;224;11;186;224
2026;2026-04-26;Bowlinghaus Bamberg;tournament;Nordbayerische Meisterschaft;2;Zwischenlauf;Sascha Popp;38981;;0;200;0;200;29;186;200
2026;2026-04-26;Bowlinghaus Bamberg;tournament;Nordbayerische Meisterschaft;2;Zwischenlauf;Sebastian Gräfe;38687;;0;176;0;176;50;186;176
2026;2026-04-26;Bowlinghaus Bamberg;tournament;Nordbayerische Meisterschaft;2;Zwischenlauf;Simon Bauer;16861;;0;138;0;138;72;186;138
2026;2026-04-26;Bowlinghaus Bamberg;tournament;Nordbayerische Meisterschaft;2;Zwischenlauf;Steffen Birkner;25082;;0;267;0;267;1;186;267
2026;2026-04-26;Bowlinghaus Bamberg;tournament;Nordbayerische Meisterschaft;2;Zwischenlauf;Stephan Ruffershöfer;16899;;0;148;0;148;66;186;148
2026;2026-04-26;Bowlinghaus Bamberg;tournament;Nordbayerische Meisterschaft;2;Zwischenlauf;Stephan Stoll;10678;;0;173;0;173;51;186;173
2026;2026-04-26;Bowlinghaus Bamberg;tournament;Nordbayerische Meisterschaft;2;Zwischenlauf;Thomas Hornung;25425;;0;162;0;162;59;186;162
2026;2026-04-26;Bowlinghaus Bamberg;tournament;Nordbayerische Meisterschaft;2;Zwischenlauf;Thomas Moser;38907;;0;198;0;198;31;186;198
2026;2026-04-26;Bowlinghaus Bamberg;tournament;Nordbayerische Meisterschaft;2;Zwischenlauf;Thomas Nikoleit;25516;;0;162;0;162;60;186;162
2026;2026-04-26;Bowlinghaus Bamberg;tournament;Nordbayerische Meisterschaft;2;Zwischenlauf;Tim Olde Damink;25521;;0;178;0;178;48;186;178
2026;2026-04-26;Bowlinghaus Bamberg;tournament;Nordbayerische Meisterschaft;2;Zwischenlauf;Tobias Derbfuss;38270;;0;179;0;179;47;186;179
2026;2026-04-26;Bowlinghaus Bamberg;tournament;Nordbayerische Meisterschaft;2;Zwischenlauf;Tobias Franz;25638;;0;202;0;202;26;186;202
2026;2026-04-26;Bowlinghaus Bamberg;tournament;Nordbayerische Meisterschaft;2;Zwischenlauf;Tobias Kramer;38885;;0;200;0;200;28;186;200
2026;2026-04-26;Bowlinghaus Bamberg;tournament;Nordbayerische Meisterschaft;2;Zwischenlauf;Uwe Pukowski;25433;;0;181;0;181;39;186;181
2026;2026-04-26;Bowlinghaus Bamberg;tournament;Nordbayerische Meisterschaft;2;Zwischenlauf;Uwe Sewald;38877;;0;140;0;140;69;186;140
2026;2026-04-26;Bowlinghaus Bamberg;tournament;Nordbayerische Meisterschaft;2;Zwischenlauf;Winfried Goller;7722;;0;139;0;139;71;186;139
2026;2026-04-26;Bowlinghaus Bamberg;tournament;Nordbayerische Meisterschaft;2;Zwischenlauf;Wolfgang Montag;16534;;0;225;0;225;9;186;225
2026;2026-04-26;Bowlinghaus Bamberg;tournament;Nordbayerische Meisterschaft;2;Zwischenlauf;Alexander Schmidt;16292;;1;172;0;377;31;364;377
2026;2026-04-26;Bowlinghaus Bamberg;tournament;Nordbayerische Meisterschaft;2;Zwischenlauf;Alexander Scholz;16352;;1;147;0;305;70;364;305
2026;2026-04-26;Bowlinghaus Bamberg;tournament;Nordbayerische Meisterschaft;2;Zwischenlauf;Andreas Brendel;38033;;1;174;0;356;44;364;356
2026;2026-04-26;Bowlinghaus Bamberg;tournament;Nordbayerische Meisterschaft;2;Zwischenlauf;Andreas Hernitschek;16386;;1;237;0;474;2;364;474
2026;2026-04-26;Bowlinghaus Bamberg;tournament;Nordbayerische Meisterschaft;2;Zwischenlauf;Anton Uebelacker;16430;;1;144;0;288;71;364;288
2026;2026-04-26;Bowlinghaus Bamberg;tournament;Nordbayerische Meisterschaft;2;Zwischenlauf;Arthur Schwertfeger;38005;;1;179;0;391;25;364;391
2026;2026-04-26;Bowlinghaus Bamberg;tournament;Nordbayerische Meisterschaft;2;Zwischenlauf;Asterios Fourkiotis;25555;;1;173;0;395;23;364;395
2026;2026-04-26;Bowlinghaus Bamberg;tournament;Nordbayerische Meisterschaft;2;Zwischenlauf;Bernd Matejat;16462;;1;173;0;353;46;364;353
2026;2026-04-26;Bowlinghaus Bamberg;tournament;Nordbayerische Meisterschaft;2;Zwischenlauf;Blasius Stibel;7849;;1;164;0;364;38;364;364
2026;2026-04-26;Bowlinghaus Bamberg;tournament;Nordbayerische Meisterschaft;2;Zwischenlauf;Bodo Konieczny;18802;;1;216;0;440;7;364;440
2026;2026-04-26;Bowlinghaus Bamberg;tournament;Nordbayerische Meisterschaft;2;Zwischenlauf;Christian Feller;16007;;1;191;0;403;19;364;403
2026;2026-04-26;Bowlinghaus Bamberg;tournament;Nordbayerische Meisterschaft;2;Zwischenlauf;Christian Lechner;25064;;1;217;0;419;13;364;419
2026;2026-04-26;Bowlinghaus Bamberg;tournament;Nordbayerische Meisterschaft;2;Zwischenlauf;Christian Schlegl;38554;;1;193;0;350;51;364;350
2026;2026-04-26;Bowlinghaus Bamberg;tournament;Nordbayerische Meisterschaft;2;Zwischenlauf;Christian Schuster;7723;;1;219;0;466;3;364;466
2026;2026-04-26;Bowlinghaus Bamberg;tournament;Nordbayerische Meisterschaft;2;Zwischenlauf;Daniel Alexander;16443;;1;182;0;361;40;364;361
2026;2026-04-26;Bowlinghaus Bamberg;tournament;Nordbayerische Meisterschaft;2;Zwischenlauf;Daniel Badum;38043;;1;174;0;336;61;364;336
2026;2026-04-26;Bowlinghaus Bamberg;tournament;Nordbayerische Meisterschaft;2;Zwischenlauf;Daniel Schwank;16215;;1;159;0;393;24;364;393
2026;2026-04-26;Bowlinghaus Bamberg;tournament;Nordbayerische Meisterschaft;2;Zwischenlauf;Dieter Schuster;7721;;1;214;0;427;10;364;427
2026;2026-04-26;Bowlinghaus Bamberg;tournament;Nordbayerische Meisterschaft;2;Zwischenlauf;Enno Jackwerth;16263;;1;183;0;342;57;364;342
2026;2026-04-26;Bowlinghaus Bamberg;tournament;Nordbayerische Meisterschaft;2;Zwischenlauf;Eric Gogala;46005;;1;204;0;386;28;364;386
2026;2026-04-26;Bowlinghaus Bamberg;tournament;Nordbayerische Meisterschaft;2;Zwischenlauf;Franco Daniele Pirrotti;38188;;1;144;0;312;68;364;312
2026;2026-04-26;Bowlinghaus Bamberg;tournament;Nordbayerische Meisterschaft;2;Zwischenlauf;Heiko Schütz;16894;;1;160;0;340;58;364;340
2026;2026-04-26;Bowlinghaus Bamberg;tournament;Nordbayerische Meisterschaft;2;Zwischenlauf;Heiko Tontsch;38403;;1;163;0;330;64;364;330
2026;2026-04-26;Bowlinghaus Bamberg;tournament;Nordbayerische Meisterschaft;2;Zwischenlauf;Horst Schön;16346;;1;231;0;433;9;364;433
2026;2026-04-26;Bowlinghaus Bamberg;tournament;Nordbayerische Meisterschaft;2;Zwischenlauf;Joachim Hartmann;16214;;1;159;0;339;59;364;339
2026;2026-04-26;Bowlinghaus Bamberg;tournament;Nordbayerische Meisterschaft;2;Zwischenlauf;Jochen Birkner;7937;;1;190;0;370;34;364;370
2026;2026-04-26;Bowlinghaus Bamberg;tournament;Nordbayerische Meisterschaft;2;Zwischenlauf;Jonathan Nolan;16873;;1;209;0;410;16;364;410
2026;2026-04-26;Bowlinghaus Bamberg;tournament;Nordbayerische Meisterschaft;2;Zwischenlauf;Jörg Woyscheszik;25350;;1;205;0;450;4;364;450
2026;2026-04-26;Bowlinghaus Bamberg;tournament;Nordbayerische Meisterschaft;2;Zwischenlauf;Jürgen Harry Schmitt;7961;;1;169;0;346;54;364;346
2026;2026-04-26;Bowlinghaus Bamberg;tournament;Nordbayerische Meisterschaft;2;Zwischenlauf;Jürgen Reichel;7772;;1;195;0;404;18;364;404
2026;2026-04-26;Bowlinghaus Bamberg;tournament;Nordbayerische Meisterschaft;2;Zwischenlauf;Kai Bräutigam;38115;;1;170;0;386;27;364;386
2026;2026-04-26;Bowlinghaus Bamberg;tournament;Nordbayerische Meisterschaft;2;Zwischenlauf;Maik Rößler;31583;;1;170;0;360;41;364;360
2026;2026-04-26;Bowlinghaus Bamberg;tournament;Nordbayerische Meisterschaft;2;Zwischenlauf;Manfred Rupertinger;16641;;1;146;0;318;66;364;318
2026;2026-04-26;Bowlinghaus Bamberg;tournament;Nordbayerische Meisterschaft;2;Zwischenlauf;Manfred Rupprecht;38640;;1;213;0;446;6;364;446
2026;2026-04-26;Bowlinghaus Bamberg;tournament;Nordbayerische Meisterschaft;2;Zwischenlauf;Marc Schmidt;38734;;1;173;0;345;56;364;345
2026;2026-04-26;Bowlinghaus Bamberg;tournament;Nordbayerische Meisterschaft;2;Zwischenlauf;Marcel Bassler;38774;;1;176;0;397;22;364;397
2026;2026-04-26;Bowlinghaus Bamberg;tournament;Nordbayerische Meisterschaft;2;Zwischenlauf;Marco Eck;38240;;1;200;0;347;53;364;347
2026;2026-04-26;Bowlinghaus Bamberg;tournament;Nordbayerische Meisterschaft;2;Zwischenlauf;Mario Burghardt;12248;;1;158;0;364;36;364;364
2026;2026-04-26;Bowlinghaus Bamberg;tournament;Nordbayerische Meisterschaft;2;Zwischenlauf;Markus Brendel;38034;;1;182;0;339;60;364;339
2026;2026-04-26;Bowlinghaus Bamberg;tournament;Nordbayerische Meisterschaft;2;Zwischenlauf;Markus Fischer;38237;;1;166;0;331;63;364;331
2026;2026-04-26;Bowlinghaus Bamberg;tournament;Nordbayerische Meisterschaft;2;Zwischenlauf;Michael Gehring;38250;;1;167;0;348;52;364;348
2026;2026-04-26;Bowlinghaus Bamberg;tournament;Nordbayerische Meisterschaft;2;Zwischenlauf;Michael Hoffmann;38982;;1;212;0;352;48;364;352
2026;2026-04-26;Bowlinghaus Bamberg;tournament;Nordbayerische Meisterschaft;2;Zwischenlauf;Michael Rühl;38745;;1;167;0;355;45;364;355
2026;2026-04-26;Bowlinghaus Bamberg;tournament;Nordbayerische Meisterschaft;2;Zwischenlauf;Nico Thomas;38134;;1;180;0;350;50;364;350
2026;2026-04-26;Bowlinghaus Bamberg;tournament;Nordbayerische Meisterschaft;2;Zwischenlauf;Nicolas Hoffmann;38935;;1;212;0;435;8;364;435
2026;2026-04-26;Bowlinghaus Bamberg;tournament;Nordbayerische Meisterschaft;2;Zwischenlauf;Niklas Weiske;25484;;1;201;0;387;26;364;387
2026;2026-04-26;Bowlinghaus Bamberg;tournament;Nordbayerische Meisterschaft;2;Zwischenlauf;Patrick Freudl;16796;;1;225;0;448;5;364;448
2026;2026-04-26;Bowlinghaus Bamberg;tournament;Nordbayerische Meisterschaft;2;Zwischenlauf;Patrick Hardt;16809;;1;192;0;425;11;364;425
2026;2026-04-26;Bowlinghaus Bamberg;tournament;Nordbayerische Meisterschaft;2;Zwischenlauf;Patrick Stemmler;16495;;1;197;0;359;42;364;359
2026;2026-04-26;Bowlinghaus Bamberg;tournament;Nordbayerische Meisterschaft;2;Zwischenlauf;Phi-Long Nguyen;46002;;1;179;0;374;33;364;374
2026;2026-04-26;Bowlinghaus Bamberg;tournament;Nordbayerische Meisterschaft;2;Zwischenlauf;Reinhold Reißmann;16439;;1;168;0;378;30;364;378
2026;2026-04-26;Bowlinghaus Bamberg;tournament;Nordbayerische Meisterschaft;2;Zwischenlauf;René Jurischka;38593;;1;168;0;402;20;364;402
2026;2026-04-26;Bowlinghaus Bamberg;tournament;Nordbayerische Meisterschaft;2;Zwischenlauf;Richard Erhard;16224;;1;166;0;345;55;364;345
2026;2026-04-26;Bowlinghaus Bamberg;tournament;Nordbayerische Meisterschaft;2;Zwischenlauf;Robert Kristof;10124;;1;206;0;398;21;364;398
2026;2026-04-26;Bowlinghaus Bamberg;tournament;Nordbayerische Meisterschaft;2;Zwischenlauf;Roland Augsdörfer;38549;;1;190;0;414;15;364;414
2026;2026-04-26;Bowlinghaus Bamberg;tournament;Nordbayerische Meisterschaft;2;Zwischenlauf;Sascha Popp;38981;;1;205;0;405;17;364;405
2026;2026-04-26;Bowlinghaus Bamberg;tournament;Nordbayerische Meisterschaft;2;Zwischenlauf;Sebastian Gräfe;38687;;1;182;0;358;43;364;358
2026;2026-04-26;Bowlinghaus Bamberg;tournament;Nordbayerische Meisterschaft;2;Zwischenlauf;Simon Bauer;16861;;1;174;0;312;67;364;312
2026;2026-04-26;Bowlinghaus Bamberg;tournament;Nordbayerische Meisterschaft;2;Zwischenlauf;Steffen Birkner;25082;;1;248;0;515;1;364;515
2026;2026-04-26;Bowlinghaus Bamberg;tournament;Nordbayerische Meisterschaft;2;Zwischenlauf;Stephan Ruffershöfer;16899;;1;139;0;287;72;364;287
2026;2026-04-26;Bowlinghaus Bamberg;tournament;Nordbayerische Meisterschaft;2;Zwischenlauf;Stephan Stoll;10678;;1;159;0;332;62;364;332
2026;2026-04-26;Bowlinghaus Bamberg;tournament;Nordbayerische Meisterschaft;2;Zwischenlauf;Thomas Hornung;25425;;1;159;0;321;65;364;321
2026;2026-04-26;Bowlinghaus Bamberg;tournament;Nordbayerische Meisterschaft;2;Zwischenlauf;Thomas Moser;38907;;1;178;0;376;32;364;376
2026;2026-04-26;Bowlinghaus Bamberg;tournament;Nordbayerische Meisterschaft;2;Zwischenlauf;Thomas Nikoleit;25516;;1;189;0;351;49;364;351
2026;2026-04-26;Bowlinghaus Bamberg;tournament;Nordbayerische Meisterschaft;2;Zwischenlauf;Tim Olde Damink;25521;;1;186;0;364;37;364;364
2026;2026-04-26;Bowlinghaus Bamberg;tournament;Nordbayerische Meisterschaft;2;Zwischenlauf;Tobias Derbfuss;38270;;1;236;0;415;14;364;415
2026;2026-04-26;Bowlinghaus Bamberg;tournament;Nordbayerische Meisterschaft;2;Zwischenlauf;Tobias Franz;25638;;1;166;0;368;35;364;368
2026;2026-04-26;Bowlinghaus Bamberg;tournament;Nordbayerische Meisterschaft;2;Zwischenlauf;Tobias Kramer;38885;;1;180;0;380;29;364;380
2026;2026-04-26;Bowlinghaus Bamberg;tournament;Nordbayerische Meisterschaft;2;Zwischenlauf;Uwe Pukowski;25433;;1;172;0;353;47;364;353
2026;2026-04-26;Bowlinghaus Bamberg;tournament;Nordbayerische Meisterschaft;2;Zwischenlauf;Uwe Sewald;38877;;1;170;0;310;69;364;310
2026;2026-04-26;Bowlinghaus Bamberg;tournament;Nordbayerische Meisterschaft;2;Zwischenlauf;Winfried Goller;7722;;1;224;0;363;39;364;363
2026;2026-04-26;Bowlinghaus Bamberg;tournament;Nordbayerische Meisterschaft;2;Zwischenlauf;Wolfgang Montag;16534;;1;196;0;421;12;364;421
2026;2026-04-26;Bowlinghaus Bamberg;tournament;Nordbayerische Meisterschaft;2;Zwischenlauf;Alexander Schmidt;16292;;2;180;0;557;31;546;557
2026;2026-04-26;Bowlinghaus Bamberg;tournament;Nordbayerische Meisterschaft;2;Zwischenlauf;Alexander Scholz;16352;;2;199;0;504;62;546;504
2026;2026-04-26;Bowlinghaus Bamberg;tournament;Nordbayerische Meisterschaft;2;Zwischenlauf;Andreas Brendel;38033;;2;170;0;526;51;546;526
2026;2026-04-26;Bowlinghaus Bamberg;tournament;Nordbayerische Meisterschaft;2;Zwischenlauf;Andreas Hernitschek;16386;;2;183;0;657;3;546;657
2026;2026-04-26;Bowlinghaus Bamberg;tournament;Nordbayerische Meisterschaft;2;Zwischenlauf;Anton Uebelacker;16430;;2;166;0;454;71;546;454
2026;2026-04-26;Bowlinghaus Bamberg;tournament;Nordbayerische Meisterschaft;2;Zwischenlauf;Arthur Schwertfeger;38005;;2;193;0;584;25;546;584
2026;2026-04-26;Bowlinghaus Bamberg;tournament;Nordbayerische Meisterschaft;2;Zwischenlauf;Asterios Fourkiotis;25555;;2;236;0;631;7;546;631
2026;2026-04-26;Bowlinghaus Bamberg;tournament;Nordbayerische Meisterschaft;2;Zwischenlauf;Bernd Matejat;16462;;2;185;0;538;42;546;538
2026;2026-04-26;Bowlinghaus Bamberg;tournament;Nordbayerische Meisterschaft;2;Zwischenlauf;Blasius Stibel;7849;;2;182;0;546;37;546;546
2026;2026-04-26;Bowlinghaus Bamberg;tournament;Nordbayerische Meisterschaft;2;Zwischenlauf;Bodo Konieczny;18802;;2;191;0;631;6;546;631
2026;2026-04-26;Bowlinghaus Bamberg;tournament;Nordbayerische Meisterschaft;2;Zwischenlauf;Christian Feller;16007;;2;171;0;574;28;546;574
2026;2026-04-26;Bowlinghaus Bamberg;tournament;Nordbayerische Meisterschaft;2;Zwischenlauf;Christian Lechner;25064;;2;220;0;639;5;546;639
2026;2026-04-26;Bowlinghaus Bamberg;tournament;Nordbayerische Meisterschaft;2;Zwischenlauf;Christian Schlegl;38554;;2;174;0;524;53;546;524
2026;2026-04-26;Bowlinghaus Bamberg;tournament;Nordbayerische Meisterschaft;2;Zwischenlauf;Christian Schuster;7723;;2;165;0;631;8;546;631
2026;2026-04-26;Bowlinghaus Bamberg;tournament;Nordbayerische Meisterschaft;2;Zwischenlauf;Daniel Alexander;16443;;2;159;0;520;54;546;520
2026;2026-04-26;Bowlinghaus Bamberg;tournament;Nordbayerische Meisterschaft;2;Zwischenlauf;Daniel Badum;38043;;2;192;0;528;50;546;528
2026;2026-04-26;Bowlinghaus Bamberg;tournament;Nordbayerische Meisterschaft;2;Zwischenlauf;Daniel Schwank;16215;;2;144;0;537;43;546;537
2026;2026-04-26;Bowlinghaus Bamberg;tournament;Nordbayerische Meisterschaft;2;Zwischenlauf;Dieter Schuster;7721;;2;171;0;598;17;546;598
2026;2026-04-26;Bowlinghaus Bamberg;tournament;Nordbayerische Meisterschaft;2;Zwischenlauf;Enno Jackwerth;16263;;2;166;0;508;58;546;508
2026;2026-04-26;Bowlinghaus Bamberg;tournament;Nordbayerische Meisterschaft;2;Zwischenlauf;Eric Gogala;46005;;2;287;0;673;2;546;673
2026;2026-04-26;Bowlinghaus Bamberg;tournament;Nordbayerische Meisterschaft;2;Zwischenlauf;Franco Daniele Pirrotti;38188;;2;148;0;460;70;546;460
2026;2026-04-26;Bowlinghaus Bamberg;tournament;Nordbayerische Meisterschaft;2;Zwischenlauf;Heiko Schütz;16894;;2;214;0;554;34;546;554
2026;2026-04-26;Bowlinghaus Bamberg;tournament;Nordbayerische Meisterschaft;2;Zwischenlauf;Heiko Tontsch;38403;;2;175;0;505;60;546;505
2026;2026-04-26;Bowlinghaus Bamberg;tournament;Nordbayerische Meisterschaft;2;Zwischenlauf;Horst Schön;16346;;2;163;0;596;18;546;596
2026;2026-04-26;Bowlinghaus Bamberg;tournament;Nordbayerische Meisterschaft;2;Zwischenlauf;Joachim Hartmann;16214;;2;156;0;495;65;546;495
2026;2026-04-26;Bowlinghaus Bamberg;tournament;Nordbayerische Meisterschaft;2;Zwischenlauf;Jochen Birkner;7937;;2;161;0;531;49;546;531
2026;2026-04-26;Bowlinghaus Bamberg;tournament;Nordbayerische Meisterschaft;2;Zwischenlauf;Jonathan Nolan;16873;;2;241;0;651;4;546;651
2026;2026-04-26;Bowlinghaus Bamberg;tournament;Nordbayerische Meisterschaft;2;Zwischenlauf;Jörg Woyscheszik;25350;;2;155;0;605;16;546;605
2026;2026-04-26;Bowlinghaus Bamberg;tournament;Nordbayerische Meisterschaft;2;Zwischenlauf;Jürgen Harry Schmitt;7961;;2;166;0;512;55;546;512
2026;2026-04-26;Bowlinghaus Bamberg;tournament;Nordbayerische Meisterschaft;2;Zwischenlauf;Jürgen Reichel;7772;;2;191;0;595;20;546;595
2026;2026-04-26;Bowlinghaus Bamberg;tournament;Nordbayerische Meisterschaft;2;Zwischenlauf;Kai Bräutigam;38115;;2;223;0;609;12;546;609
2026;2026-04-26;Bowlinghaus Bamberg;tournament;Nordbayerische Meisterschaft;2;Zwischenlauf;Maik Rößler;31583;;2;204;0;564;29;546;564
2026;2026-04-26;Bowlinghaus Bamberg;tournament;Nordbayerische Meisterschaft;2;Zwischenlauf;Manfred Rupertinger;16641;;2;171;0;489;68;546;489
2026;2026-04-26;Bowlinghaus Bamberg;tournament;Nordbayerische Meisterschaft;2;Zwischenlauf;Manfred Rupprecht;38640;;2;163;0;609;14;546;609
2026;2026-04-26;Bowlinghaus Bamberg;tournament;Nordbayerische Meisterschaft;2;Zwischenlauf;Marc Schmidt;38734;;2;212;0;557;32;546;557
2026;2026-04-26;Bowlinghaus Bamberg;tournament;Nordbayerische Meisterschaft;2;Zwischenlauf;Marcel Bassler;38774;;2;148;0;545;38;546;545
2026;2026-04-26;Bowlinghaus Bamberg;tournament;Nordbayerische Meisterschaft;2;Zwischenlauf;Marco Eck;38240;;2;193;0;540;40;546;540
2026;2026-04-26;Bowlinghaus Bamberg;tournament;Nordbayerische Meisterschaft;2;Zwischenlauf;Mario Burghardt;12248;;2;180;0;544;39;546;544
2026;2026-04-26;Bowlinghaus Bamberg;tournament;Nordbayerische Meisterschaft;2;Zwischenlauf;Markus Brendel;38034;;2;222;0;561;30;546;561
2026;2026-04-26;Bowlinghaus Bamberg;tournament;Nordbayerische Meisterschaft;2;Zwischenlauf;Markus Fischer;38237;;2;193;0;524;52;546;524
2026;2026-04-26;Bowlinghaus Bamberg;tournament;Nordbayerische Meisterschaft;2;Zwischenlauf;Michael Gehring;38250;;2;154;0;502;63;546;502
2026;2026-04-26;Bowlinghaus Bamberg;tournament;Nordbayerische Meisterschaft;2;Zwischenlauf;Michael Hoffmann;38982;;2;149;0;501;64;546;501
2026;2026-04-26;Bowlinghaus Bamberg;tournament;Nordbayerische Meisterschaft;2;Zwischenlauf;Michael Rühl;38745;;2;225;0;580;26;546;580
2026;2026-04-26;Bowlinghaus Bamberg;tournament;Nordbayerische Meisterschaft;2;Zwischenlauf;Nico Thomas;38134;;2;196;0;546;36;546;546
2026;2026-04-26;Bowlinghaus Bamberg;tournament;Nordbayerische Meisterschaft;2;Zwischenlauf;Nicolas Hoffmann;38935;;2;156;0;591;22;546;591
2026;2026-04-26;Bowlinghaus Bamberg;tournament;Nordbayerische Meisterschaft;2;Zwischenlauf;Niklas Weiske;25484;;2;220;0;607;15;546;607
2026;2026-04-26;Bowlinghaus Bamberg;tournament;Nordbayerische Meisterschaft;2;Zwischenlauf;Patrick Freudl;16796;;2;143;0;591;21;546;591
2026;2026-04-26;Bowlinghaus Bamberg;tournament;Nordbayerische Meisterschaft;2;Zwischenlauf;Patrick Hardt;16809;;2;202;0;627;9;546;627
2026;2026-04-26;Bowlinghaus Bamberg;tournament;Nordbayerische Meisterschaft;2;Zwischenlauf;Patrick Stemmler;16495;;2;175;0;534;46;546;534
2026;2026-04-26;Bowlinghaus Bamberg;tournament;Nordbayerische Meisterschaft;2;Zwischenlauf;Phi-Long Nguyen;46002;;2;137;0;511;56;546;511
2026;2026-04-26;Bowlinghaus Bamberg;tournament;Nordbayerische Meisterschaft;2;Zwischenlauf;Reinhold Reißmann;16439;;2;157;0;535;44;546;535
2026;2026-04-26;Bowlinghaus Bamberg;tournament;Nordbayerische Meisterschaft;2;Zwischenlauf;René Jurischka;38593;;2;133;0;535;45;546;535
2026;2026-04-26;Bowlinghaus Bamberg;tournament;Nordbayerische Meisterschaft;2;Zwischenlauf;Richard Erhard;16224;;2;126;0;471;69;546;471
2026;2026-04-26;Bowlinghaus Bamberg;tournament;Nordbayerische Meisterschaft;2;Zwischenlauf;Robert Kristof;10124;;2;218;0;616;10;546;616
2026;2026-04-26;Bowlinghaus Bamberg;tournament;Nordbayerische Meisterschaft;2;Zwischenlauf;Roland Augsdörfer;38549;;2;195;0;609;13;546;609
2026;2026-04-26;Bowlinghaus Bamberg;tournament;Nordbayerische Meisterschaft;2;Zwischenlauf;Sascha Popp;38981;;2;210;0;615;11;546;615
2026;2026-04-26;Bowlinghaus Bamberg;tournament;Nordbayerische Meisterschaft;2;Zwischenlauf;Sebastian Gräfe;38687;;2;181;0;539;41;546;539
2026;2026-04-26;Bowlinghaus Bamberg;tournament;Nordbayerische Meisterschaft;2;Zwischenlauf;Simon Bauer;16861;;2;183;0;495;66;546;495
2026;2026-04-26;Bowlinghaus Bamberg;tournament;Nordbayerische Meisterschaft;2;Zwischenlauf;Steffen Birkner;25082;;2;185;0;700;1;546;700
2026;2026-04-26;Bowlinghaus Bamberg;tournament;Nordbayerische Meisterschaft;2;Zwischenlauf;Stephan Ruffershöfer;16899;;2;223;0;510;57;546;510
2026;2026-04-26;Bowlinghaus Bamberg;tournament;Nordbayerische Meisterschaft;2;Zwischenlauf;Stephan Stoll;10678;;2;174;0;506;59;546;506
2026;2026-04-26;Bowlinghaus Bamberg;tournament;Nordbayerische Meisterschaft;2;Zwischenlauf;Thomas Hornung;25425;;2;115;0;436;72;546;436
2026;2026-04-26;Bowlinghaus Bamberg;tournament;Nordbayerische Meisterschaft;2;Zwischenlauf;Thomas Moser;38907;;2;200;0;576;27;546;576
2026;2026-04-26;Bowlinghaus Bamberg;tournament;Nordbayerische Meisterschaft;2;Zwischenlauf;Thomas Nikoleit;25516;;2;142;0;493;67;546;493
2026;2026-04-26;Bowlinghaus Bamberg;tournament;Nordbayerische Meisterschaft;2;Zwischenlauf;Tim Olde Damink;25521;;2;191;0;555;33;546;555
2026;2026-04-26;Bowlinghaus Bamberg;tournament;Nordbayerische Meisterschaft;2;Zwischenlauf;Tobias Derbfuss;38270;;2;170;0;585;24;546;585
2026;2026-04-26;Bowlinghaus Bamberg;tournament;Nordbayerische Meisterschaft;2;Zwischenlauf;Tobias Franz;25638;;2;166;0;534;48;546;534
2026;2026-04-26;Bowlinghaus Bamberg;tournament;Nordbayerische Meisterschaft;2;Zwischenlauf;Tobias Kramer;38885;;2;208;0;588;23;546;588
2026;2026-04-26;Bowlinghaus Bamberg;tournament;Nordbayerische Meisterschaft;2;Zwischenlauf;Uwe Pukowski;25433;;2;181;0;534;47;546;534
2026;2026-04-26;Bowlinghaus Bamberg;tournament;Nordbayerische Meisterschaft;2;Zwischenlauf;Uwe Sewald;38877;;2;195;0;505;61;546;505
2026;2026-04-26;Bowlinghaus Bamberg;tournament;Nordbayerische Meisterschaft;2;Zwischenlauf;Winfried Goller;7722;;2;191;0;554;35;546;554
2026;2026-04-26;Bowlinghaus Bamberg;tournament;Nordbayerische Meisterschaft;2;Zwischenlauf;Wolfgang Montag;16534;;2;175;0;596;19;546;596
2026;2026-04-26;Bowlinghaus Bamberg;tournament;Nordbayerische Meisterschaft;2;Zwischenlauf;Alexander Schmidt;16292;;3;182;0;739;37;743;739
2026;2026-04-26;Bowlinghaus Bamberg;tournament;Nordbayerische Meisterschaft;2;Zwischenlauf;Alexander Scholz;16352;;3;195;0;699;55;743;699
2026;2026-04-26;Bowlinghaus Bamberg;tournament;Nordbayerische Meisterschaft;2;Zwischenlauf;Andreas Brendel;38033;;3;160;0;686;59;743;686
2026;2026-04-26;Bowlinghaus Bamberg;tournament;Nordbayerische Meisterschaft;2;Zwischenlauf;Andreas Hernitschek;16386;;3;214;0;871;3;743;871
2026;2026-04-26;Bowlinghaus Bamberg;tournament;Nordbayerische Meisterschaft;2;Zwischenlauf;Anton Uebelacker;16430;;3;210;0;664;65;743;664
2026;2026-04-26;Bowlinghaus Bamberg;tournament;Nordbayerische Meisterschaft;2;Zwischenlauf;Arthur Schwertfeger;38005;;3;226;0;810;11;743;810
2026;2026-04-26;Bowlinghaus Bamberg;tournament;Nordbayerische Meisterschaft;2;Zwischenlauf;Asterios Fourkiotis;25555;;3;183;0;814;10;743;814
2026;2026-04-26;Bowlinghaus Bamberg;tournament;Nordbayerische Meisterschaft;2;Zwischenlauf;Bernd Matejat;16462;;3;167;0;705;51;743;705
2026;2026-04-26;Bowlinghaus Bamberg;tournament;Nordbayerische Meisterschaft;2;Zwischenlauf;Blasius Stibel;7849;;3;167;0;713;47;743;713
2026;2026-04-26;Bowlinghaus Bamberg;tournament;Nordbayerische Meisterschaft;2;Zwischenlauf;Bodo Konieczny;18802;;3;234;0;865;4;743;865
2026;2026-04-26;Bowlinghaus Bamberg;tournament;Nordbayerische Meisterschaft;2;Zwischenlauf;Christian Feller;16007;;3;179;0;753;32;743;753
2026;2026-04-26;Bowlinghaus Bamberg;tournament;Nordbayerische Meisterschaft;2;Zwischenlauf;Christian Lechner;25064;;3;196;0;835;5;743;835
2026;2026-04-26;Bowlinghaus Bamberg;tournament;Nordbayerische Meisterschaft;2;Zwischenlauf;Christian Schlegl;38554;;3;191;0;715;45;743;715
2026;2026-04-26;Bowlinghaus Bamberg;tournament;Nordbayerische Meisterschaft;2;Zwischenlauf;Christian Schuster;7723;;3;194;0;825;7;743;825
2026;2026-04-26;Bowlinghaus Bamberg;tournament;Nordbayerische Meisterschaft;2;Zwischenlauf;Daniel Alexander;16443;;3;189;0;709;49;743;709
2026;2026-04-26;Bowlinghaus Bamberg;tournament;Nordbayerische Meisterschaft;2;Zwischenlauf;Daniel Badum;38043;;3;223;0;751;33;743;751
2026;2026-04-26;Bowlinghaus Bamberg;tournament;Nordbayerische Meisterschaft;2;Zwischenlauf;Daniel Schwank;16215;;3;167;0;704;52;743;704
2026;2026-04-26;Bowlinghaus Bamberg;tournament;Nordbayerische Meisterschaft;2;Zwischenlauf;Dieter Schuster;7721;;3;172;0;770;27;743;770
2026;2026-04-26;Bowlinghaus Bamberg;tournament;Nordbayerische Meisterschaft;2;Zwischenlauf;Enno Jackwerth;16263;;3;224;0;732;39;743;732
2026;2026-04-26;Bowlinghaus Bamberg;tournament;Nordbayerische Meisterschaft;2;Zwischenlauf;Eric Gogala;46005;;3;236;0;909;1;743;909
2026;2026-04-26;Bowlinghaus Bamberg;tournament;Nordbayerische Meisterschaft;2;Zwischenlauf;Franco Daniele Pirrotti;38188;;3;181;0;641;68;743;641
2026;2026-04-26;Bowlinghaus Bamberg;tournament;Nordbayerische Meisterschaft;2;Zwischenlauf;Heiko Schütz;16894;;3;183;0;737;38;743;737
2026;2026-04-26;Bowlinghaus Bamberg;tournament;Nordbayerische Meisterschaft;2;Zwischenlauf;Heiko Tontsch;38403;;3;204;0;709;50;743;709
2026;2026-04-26;Bowlinghaus Bamberg;tournament;Nordbayerische Meisterschaft;2;Zwischenlauf;Horst Schön;16346;;3;188;0;784;21;743;784
2026;2026-04-26;Bowlinghaus Bamberg;tournament;Nordbayerische Meisterschaft;2;Zwischenlauf;Joachim Hartmann;16214;;3;135;0;630;70;743;630
2026;2026-04-26;Bowlinghaus Bamberg;tournament;Nordbayerische Meisterschaft;2;Zwischenlauf;Jochen Birkner;7937;;3;237;0;768;29;743;768
2026;2026-04-26;Bowlinghaus Bamberg;tournament;Nordbayerische Meisterschaft;2;Zwischenlauf;Jonathan Nolan;16873;;3;172;0;823;8;743;823
2026;2026-04-26;Bowlinghaus Bamberg;tournament;Nordbayerische Meisterschaft;2;Zwischenlauf;Jörg Woyscheszik;25350;;3;201;0;806;13;743;806
2026;2026-04-26;Bowlinghaus Bamberg;tournament;Nordbayerische Meisterschaft;2;Zwischenlauf;Jürgen Harry Schmitt;7961;;3;176;0;688;58;743;688
2026;2026-04-26;Bowlinghaus Bamberg;tournament;Nordbayerische Meisterschaft;2;Zwischenlauf;Jürgen Reichel;7772;;3;193;0;788;18;743;788
2026;2026-04-26;Bowlinghaus Bamberg;tournament;Nordbayerische Meisterschaft;2;Zwischenlauf;Kai Bräutigam;38115;;3;200;0;809;12;743;809
2026;2026-04-26;Bowlinghaus Bamberg;tournament;Nordbayerische Meisterschaft;2;Zwischenlauf;Maik Rößler;31583;;3;168;0;732;40;743;732
2026;2026-04-26;Bowlinghaus Bamberg;tournament;Nordbayerische Meisterschaft;2;Zwischenlauf;Manfred Rupertinger;16641;;3;193;0;682;61;743;682
2026;2026-04-26;Bowlinghaus Bamberg;tournament;Nordbayerische Meisterschaft;2;Zwischenlauf;Manfred Rupprecht;38640;;3;158;0;767;30;743;767
2026;2026-04-26;Bowlinghaus Bamberg;tournament;Nordbayerische Meisterschaft;2;Zwischenlauf;Marc Schmidt;38734;;3;217;0;774;25;743;774
2026;2026-04-26;Bowlinghaus Bamberg;tournament;Nordbayerische Meisterschaft;2;Zwischenlauf;Marcel Bassler;38774;;3;212;0;757;31;743;757
2026;2026-04-26;Bowlinghaus Bamberg;tournament;Nordbayerische Meisterschaft;2;Zwischenlauf;Marco Eck;38240;;3;159;0;699;56;743;699
2026;2026-04-26;Bowlinghaus Bamberg;tournament;Nordbayerische Meisterschaft;2;Zwischenlauf;Mario Burghardt;12248;;3;170;0;714;46;743;714
2026;2026-04-26;Bowlinghaus Bamberg;tournament;Nordbayerische Meisterschaft;2;Zwischenlauf;Markus Brendel;38034;;3;225;0;786;19;743;786
2026;2026-04-26;Bowlinghaus Bamberg;tournament;Nordbayerische Meisterschaft;2;Zwischenlauf;Markus Fischer;38237;;3;199;0;723;42;743;723
2026;2026-04-26;Bowlinghaus Bamberg;tournament;Nordbayerische Meisterschaft;2;Zwischenlauf;Michael Gehring;38250;;3;198;0;700;54;743;700
2026;2026-04-26;Bowlinghaus Bamberg;tournament;Nordbayerische Meisterschaft;2;Zwischenlauf;Michael Hoffmann;38982;;3;195;0;696;57;743;696
2026;2026-04-26;Bowlinghaus Bamberg;tournament;Nordbayerische Meisterschaft;2;Zwischenlauf;Michael Rühl;38745;;3;165;0;745;35;743;745
2026;2026-04-26;Bowlinghaus Bamberg;tournament;Nordbayerische Meisterschaft;2;Zwischenlauf;Nico Thomas;38134;;3;182;0;728;41;743;728
2026;2026-04-26;Bowlinghaus Bamberg;tournament;Nordbayerische Meisterschaft;2;Zwischenlauf;Nicolas Hoffmann;38935;;3;210;0;801;14;743;801
2026;2026-04-26;Bowlinghaus Bamberg;tournament;Nordbayerische Meisterschaft;2;Zwischenlauf;Niklas Weiske;25484;;3;224;0;831;6;743;831
2026;2026-04-26;Bowlinghaus Bamberg;tournament;Nordbayerische Meisterschaft;2;Zwischenlauf;Patrick Freudl;16796;;3;194;0;785;20;743;785
2026;2026-04-26;Bowlinghaus Bamberg;tournament;Nordbayerische Meisterschaft;2;Zwischenlauf;Patrick Hardt;16809;;3;173;0;800;15;743;800
2026;2026-04-26;Bowlinghaus Bamberg;tournament;Nordbayerische Meisterschaft;2;Zwischenlauf;Patrick Stemmler;16495;;3;209;0;743;36;743;743
2026;2026-04-26;Bowlinghaus Bamberg;tournament;Nordbayerische Meisterschaft;2;Zwischenlauf;Phi-Long Nguyen;46002;;3;169;0;680;62;743;680
2026;2026-04-26;Bowlinghaus Bamberg;tournament;Nordbayerische Meisterschaft;2;Zwischenlauf;Reinhold Reißmann;16439;;3;181;0;716;44;743;716
2026;2026-04-26;Bowlinghaus Bamberg;tournament;Nordbayerische Meisterschaft;2;Zwischenlauf;René Jurischka;38593;;3;185;0;720;43;743;720
2026;2026-04-26;Bowlinghaus Bamberg;tournament;Nordbayerische Meisterschaft;2;Zwischenlauf;Richard Erhard;16224;;3;162;0;633;69;743;633
2026;2026-04-26;Bowlinghaus Bamberg;tournament;Nordbayerische Meisterschaft;2;Zwischenlauf;Robert Kristof;10124;;3;178;0;794;17;743;794
2026;2026-04-26;Bowlinghaus Bamberg;tournament;Nordbayerische Meisterschaft;2;Zwischenlauf;Roland Augsdörfer;38549;;3;171;0;780;24;743;780
2026;2026-04-26;Bowlinghaus Bamberg;tournament;Nordbayerische Meisterschaft;2;Zwischenlauf;Sascha Popp;38981;;3;206;0;821;9;743;821
2026;2026-04-26;Bowlinghaus Bamberg;tournament;Nordbayerische Meisterschaft;2;Zwischenlauf;Sebastian Gräfe;38687;;3;136;0;675;63;743;675
2026;2026-04-26;Bowlinghaus Bamberg;tournament;Nordbayerische Meisterschaft;2;Zwischenlauf;Simon Bauer;16861;;3;188;0;683;60;743;683
2026;2026-04-26;Bowlinghaus Bamberg;tournament;Nordbayerische Meisterschaft;2;Zwischenlauf;Steffen Birkner;25082;;3;192;0;892;2;743;892
2026;2026-04-26;Bowlinghaus Bamberg;tournament;Nordbayerische Meisterschaft;2;Zwischenlauf;Stephan Ruffershöfer;16899;;3;164;0;674;64;743;674
2026;2026-04-26;Bowlinghaus Bamberg;tournament;Nordbayerische Meisterschaft;2;Zwischenlauf;Stephan Stoll;10678;;3;136;0;642;67;743;642
2026;2026-04-26;Bowlinghaus Bamberg;tournament;Nordbayerische Meisterschaft;2;Zwischenlauf;Thomas Hornung;25425;;3;179;0;615;71;743;615
2026;2026-04-26;Bowlinghaus Bamberg;tournament;Nordbayerische Meisterschaft;2;Zwischenlauf;Thomas Moser;38907;;3;222;0;798;16;743;798
2026;2026-04-26;Bowlinghaus Bamberg;tournament;Nordbayerische Meisterschaft;2;Zwischenlauf;Tim Olde Damink;25521;;3;225;0;780;23;743;780
2026;2026-04-26;Bowlinghaus Bamberg;tournament;Nordbayerische Meisterschaft;2;Zwischenlauf;Tobias Derbfuss;38270;;3;183;0;768;28;743;768
2026;2026-04-26;Bowlinghaus Bamberg;tournament;Nordbayerische Meisterschaft;2;Zwischenlauf;Tobias Franz;25638;;3;212;0;746;34;743;746
2026;2026-04-26;Bowlinghaus Bamberg;tournament;Nordbayerische Meisterschaft;2;Zwischenlauf;Tobias Kramer;38885;;3;186;0;774;26;743;774
2026;2026-04-26;Bowlinghaus Bamberg;tournament;Nordbayerische Meisterschaft;2;Zwischenlauf;Uwe Pukowski;25433;;3;177;0;711;48;743;711
2026;2026-04-26;Bowlinghaus Bamberg;tournament;Nordbayerische Meisterschaft;2;Zwischenlauf;Uwe Sewald;38877;;3;157;0;662;66;743;662
2026;2026-04-26;Bowlinghaus Bamberg;tournament;Nordbayerische Meisterschaft;2;Zwischenlauf;Winfried Goller;7722;;3;149;0;703;53;743;703
2026;2026-04-26;Bowlinghaus Bamberg;tournament;Nordbayerische Meisterschaft;2;Zwischenlauf;Wolfgang Montag;16534;;3;188;0;784;22;743;784
2026;2026-04-26;Bowlinghaus Bamberg;tournament;Nordbayerische Meisterschaft;2;Zwischenlauf;Alexander Schmidt;16292;;4;186;0;925;43;942;925
2026;2026-04-26;Bowlinghaus Bamberg;tournament;Nordbayerische Meisterschaft;2;Zwischenlauf;Alexander Scholz;16352;;4;218;0;917;46;942;917
2026;2026-04-26;Bowlinghaus Bamberg;tournament;Nordbayerische Meisterschaft;2;Zwischenlauf;Andreas Brendel;38033;;4;213;0;899;48;942;899
2026;2026-04-26;Bowlinghaus Bamberg;tournament;Nordbayerische Meisterschaft;2;Zwischenlauf;Andreas Hernitschek;16386;;4;197;0;1068;4;942;1068
2026;2026-04-26;Bowlinghaus Bamberg;tournament;Nordbayerische Meisterschaft;2;Zwischenlauf;Anton Uebelacker;16430;;4;181;0;845;64;942;845
2026;2026-04-26;Bowlinghaus Bamberg;tournament;Nordbayerische Meisterschaft;2;Zwischenlauf;Arthur Schwertfeger;38005;;4;183;0;993;19;942;993
2026;2026-04-26;Bowlinghaus Bamberg;tournament;Nordbayerische Meisterschaft;2;Zwischenlauf;Asterios Fourkiotis;25555;;4;170;0;984;22;942;984
2026;2026-04-26;Bowlinghaus Bamberg;tournament;Nordbayerische Meisterschaft;2;Zwischenlauf;Bernd Matejat;16462;;4;199;0;904;47;942;904
2026;2026-04-26;Bowlinghaus Bamberg;tournament;Nordbayerische Meisterschaft;2;Zwischenlauf;Blasius Stibel;7849;;4;165;0;878;54;942;878
2026;2026-04-26;Bowlinghaus Bamberg;tournament;Nordbayerische Meisterschaft;2;Zwischenlauf;Bodo Konieczny;18802;;4;204;0;1069;3;942;1069
2026;2026-04-26;Bowlinghaus Bamberg;tournament;Nordbayerische Meisterschaft;2;Zwischenlauf;Christian Feller;16007;;4;187;0;940;37;942;940
2026;2026-04-26;Bowlinghaus Bamberg;tournament;Nordbayerische Meisterschaft;2;Zwischenlauf;Christian Lechner;25064;;4;159;0;994;17;942;994
2026;2026-04-26;Bowlinghaus Bamberg;tournament;Nordbayerische Meisterschaft;2;Zwischenlauf;Christian Schlegl;38554;;4;232;0;947;32;942;947
2026;2026-04-26;Bowlinghaus Bamberg;tournament;Nordbayerische Meisterschaft;2;Zwischenlauf;Christian Schuster;7723;;4;191;0;1016;8;942;1016
2026;2026-04-26;Bowlinghaus Bamberg;tournament;Nordbayerische Meisterschaft;2;Zwischenlauf;Daniel Alexander;16443;;4;226;0;935;39;942;935
2026;2026-04-26;Bowlinghaus Bamberg;tournament;Nordbayerische Meisterschaft;2;Zwischenlauf;Daniel Badum;38043;;4;201;0;952;31;942;952
2026;2026-04-26;Bowlinghaus Bamberg;tournament;Nordbayerische Meisterschaft;2;Zwischenlauf;Daniel Schwank;16215;;4;194;0;898;50;942;898
2026;2026-04-26;Bowlinghaus Bamberg;tournament;Nordbayerische Meisterschaft;2;Zwischenlauf;Dieter Schuster;7721;;4;192;0;962;28;942;962
2026;2026-04-26;Bowlinghaus Bamberg;tournament;Nordbayerische Meisterschaft;2;Zwischenlauf;Enno Jackwerth;16263;;4;211;0;943;34;942;943
2026;2026-04-26;Bowlinghaus Bamberg;tournament;Nordbayerische Meisterschaft;2;Zwischenlauf;Eric Gogala;46005;;4;227;0;1136;1;942;1136
2026;2026-04-26;Bowlinghaus Bamberg;tournament;Nordbayerische Meisterschaft;2;Zwischenlauf;Franco Daniele Pirrotti;38188;;4;190;0;831;66;942;831
2026;2026-04-26;Bowlinghaus Bamberg;tournament;Nordbayerische Meisterschaft;2;Zwischenlauf;Heiko Schütz;16894;;4;188;0;925;44;942;925
2026;2026-04-26;Bowlinghaus Bamberg;tournament;Nordbayerische Meisterschaft;2;Zwischenlauf;Heiko Tontsch;38403;;4;155;0;864;55;942;864
2026;2026-04-26;Bowlinghaus Bamberg;tournament;Nordbayerische Meisterschaft;2;Zwischenlauf;Horst Schön;16346;;4;158;0;942;36;942;942
2026;2026-04-26;Bowlinghaus Bamberg;tournament;Nordbayerische Meisterschaft;2;Zwischenlauf;Joachim Hartmann;16214;;4;177;0;807;69;942;807
2026;2026-04-26;Bowlinghaus Bamberg;tournament;Nordbayerische Meisterschaft;2;Zwischenlauf;Jochen Birkner;7937;;4;258;0;1026;7;942;1026
2026;2026-04-26;Bowlinghaus Bamberg;tournament;Nordbayerische Meisterschaft;2;Zwischenlauf;Jonathan Nolan;16873;;4;177;0;1000;12;942;1000
2026;2026-04-26;Bowlinghaus Bamberg;tournament;Nordbayerische Meisterschaft;2;Zwischenlauf;Jörg Woyscheszik;25350;;4;190;0;996;16;942;996
2026;2026-04-26;Bowlinghaus Bamberg;tournament;Nordbayerische Meisterschaft;2;Zwischenlauf;Jürgen Harry Schmitt;7961;;4;174;0;862;57;942;862
2026;2026-04-26;Bowlinghaus Bamberg;tournament;Nordbayerische Meisterschaft;2;Zwischenlauf;Jürgen Reichel;7772;;4;188;0;976;25;942;976
2026;2026-04-26;Bowlinghaus Bamberg;tournament;Nordbayerische Meisterschaft;2;Zwischenlauf;Kai Bräutigam;38115;;4;181;0;990;20;942;990
2026;2026-04-26;Bowlinghaus Bamberg;tournament;Nordbayerische Meisterschaft;2;Zwischenlauf;Maik Rößler;31583;;4;211;0;943;35;942;943
2026;2026-04-26;Bowlinghaus Bamberg;tournament;Nordbayerische Meisterschaft;2;Zwischenlauf;Manfred Rupertinger;16641;;4;176;0;858;58;942;858
2026;2026-04-26;Bowlinghaus Bamberg;tournament;Nordbayerische Meisterschaft;2;Zwischenlauf;Manfred Rupprecht;38640;;4;160;0;927;41;942;927
2026;2026-04-26;Bowlinghaus Bamberg;tournament;Nordbayerische Meisterschaft;2;Zwischenlauf;Marc Schmidt;38734;;4;189;0;963;27;942;963
2026;2026-04-26;Bowlinghaus Bamberg;tournament;Nordbayerische Meisterschaft;2;Zwischenlauf;Marcel Bassler;38774;;4;182;0;939;38;942;939
2026;2026-04-26;Bowlinghaus Bamberg;tournament;Nordbayerische Meisterschaft;2;Zwischenlauf;Marco Eck;38240;;4;157;0;856;60;942;856
2026;2026-04-26;Bowlinghaus Bamberg;tournament;Nordbayerische Meisterschaft;2;Zwischenlauf;Mario Burghardt;12248;;4;213;0;927;40;942;927
2026;2026-04-26;Bowlinghaus Bamberg;tournament;Nordbayerische Meisterschaft;2;Zwischenlauf;Markus Brendel;38034;;4;191;0;977;24;942;977
2026;2026-04-26;Bowlinghaus Bamberg;tournament;Nordbayerische Meisterschaft;2;Zwischenlauf;Markus Fischer;38237;;4;280;0;1003;11;942;1003
2026;2026-04-26;Bowlinghaus Bamberg;tournament;Nordbayerische Meisterschaft;2;Zwischenlauf;Michael Gehring;38250;;4;158;0;858;59;942;858
2026;2026-04-26;Bowlinghaus Bamberg;tournament;Nordbayerische Meisterschaft;2;Zwischenlauf;Michael Hoffmann;38982;;4;168;0;864;56;942;864
2026;2026-04-26;Bowlinghaus Bamberg;tournament;Nordbayerische Meisterschaft;2;Zwischenlauf;Michael Rühl;38745;;4;182;0;927;42;942;927
2026;2026-04-26;Bowlinghaus Bamberg;tournament;Nordbayerische Meisterschaft;2;Zwischenlauf;Nico Thomas;38134;;4;194;0;922;45;942;922
2026;2026-04-26;Bowlinghaus Bamberg;tournament;Nordbayerische Meisterschaft;2;Zwischenlauf;Nicolas Hoffmann;38935;;4;177;0;978;23;942;978
2026;2026-04-26;Bowlinghaus Bamberg;tournament;Nordbayerische Meisterschaft;2;Zwischenlauf;Niklas Weiske;25484;;4;237;0;1068;5;942;1068
2026;2026-04-26;Bowlinghaus Bamberg;tournament;Nordbayerische Meisterschaft;2;Zwischenlauf;Patrick Freudl;16796;;4;203;0;988;21;942;988
2026;2026-04-26;Bowlinghaus Bamberg;tournament;Nordbayerische Meisterschaft;2;Zwischenlauf;Patrick Hardt;16809;;4;196;0;996;15;942;996
2026;2026-04-26;Bowlinghaus Bamberg;tournament;Nordbayerische Meisterschaft;2;Zwischenlauf;Patrick Stemmler;16495;;4;202;0;945;33;942;945
2026;2026-04-26;Bowlinghaus Bamberg;tournament;Nordbayerische Meisterschaft;2;Zwischenlauf;Phi-Long Nguyen;46002;;4;154;0;834;65;942;834
2026;2026-04-26;Bowlinghaus Bamberg;tournament;Nordbayerische Meisterschaft;2;Zwischenlauf;Reinhold Reißmann;16439;;4;162;0;878;53;942;878
2026;2026-04-26;Bowlinghaus Bamberg;tournament;Nordbayerische Meisterschaft;2;Zwischenlauf;René Jurischka;38593;;4;179;0;899;49;942;899
2026;2026-04-26;Bowlinghaus Bamberg;tournament;Nordbayerische Meisterschaft;2;Zwischenlauf;Richard Erhard;16224;;4;165;0;798;70;942;798
2026;2026-04-26;Bowlinghaus Bamberg;tournament;Nordbayerische Meisterschaft;2;Zwischenlauf;Robert Kristof;10124;;4;205;0;999;13;942;999
2026;2026-04-26;Bowlinghaus Bamberg;tournament;Nordbayerische Meisterschaft;2;Zwischenlauf;Roland Augsdörfer;38549;;4;181;0;961;29;942;961
2026;2026-04-26;Bowlinghaus Bamberg;tournament;Nordbayerische Meisterschaft;2;Zwischenlauf;Sascha Popp;38981;;4;213;0;1034;6;942;1034
2026;2026-04-26;Bowlinghaus Bamberg;tournament;Nordbayerische Meisterschaft;2;Zwischenlauf;Sebastian Gräfe;38687;;4;216;0;891;51;942;891
2026;2026-04-26;Bowlinghaus Bamberg;tournament;Nordbayerische Meisterschaft;2;Zwischenlauf;Simon Bauer;16861;;4;165;0;848;63;942;848
2026;2026-04-26;Bowlinghaus Bamberg;tournament;Nordbayerische Meisterschaft;2;Zwischenlauf;Steffen Birkner;25082;;4;220;0;1112;2;942;1112
2026;2026-04-26;Bowlinghaus Bamberg;tournament;Nordbayerische Meisterschaft;2;Zwischenlauf;Stephan Ruffershöfer;16899;;4;180;0;854;62;942;854
2026;2026-04-26;Bowlinghaus Bamberg;tournament;Nordbayerische Meisterschaft;2;Zwischenlauf;Stephan Stoll;10678;;4;180;0;822;67;942;822
2026;2026-04-26;Bowlinghaus Bamberg;tournament;Nordbayerische Meisterschaft;2;Zwischenlauf;Thomas Hornung;25425;;4;168;0;783;71;942;783
2026;2026-04-26;Bowlinghaus Bamberg;tournament;Nordbayerische Meisterschaft;2;Zwischenlauf;Thomas Moser;38907;;4;213;0;1011;9;942;1011
2026;2026-04-26;Bowlinghaus Bamberg;tournament;Nordbayerische Meisterschaft;2;Zwischenlauf;Tim Olde Damink;25521;;4;191;0;971;26;942;971
2026;2026-04-26;Bowlinghaus Bamberg;tournament;Nordbayerische Meisterschaft;2;Zwischenlauf;Tobias Derbfuss;38270;;4;191;0;959;30;942;959
2026;2026-04-26;Bowlinghaus Bamberg;tournament;Nordbayerische Meisterschaft;2;Zwischenlauf;Tobias Franz;25638;;4;247;0;993;18;942;993
2026;2026-04-26;Bowlinghaus Bamberg;tournament;Nordbayerische Meisterschaft;2;Zwischenlauf;Tobias Kramer;38885;;4;233;0;1007;10;942;1007
2026;2026-04-26;Bowlinghaus Bamberg;tournament;Nordbayerische Meisterschaft;2;Zwischenlauf;Uwe Pukowski;25433;;4;144;0;855;61;942;855
2026;2026-04-26;Bowlinghaus Bamberg;tournament;Nordbayerische Meisterschaft;2;Zwischenlauf;Uwe Sewald;38877;;4;159;0;821;68;942;821
2026;2026-04-26;Bowlinghaus Bamberg;tournament;Nordbayerische Meisterschaft;2;Zwischenlauf;Winfried Goller;7722;;4;177;0;880;52;942;880
2026;2026-04-26;Bowlinghaus Bamberg;tournament;Nordbayerische Meisterschaft;2;Zwischenlauf;Wolfgang Montag;16534;;4;213;0;997;14;942;997
2026;2026-04-26;Bowlinghaus Bamberg;tournament;Nordbayerische Meisterschaft;2;Zwischenlauf;Alexander Schmidt;16292;;5;192;0;1117;39;1147;1117
2026;2026-04-26;Bowlinghaus Bamberg;tournament;Nordbayerische Meisterschaft;2;Zwischenlauf;Alexander Scholz;16352;;5;159;0;1076;49;1147;1076
2026;2026-04-26;Bowlinghaus Bamberg;tournament;Nordbayerische Meisterschaft;2;Zwischenlauf;Andreas Brendel;38033;;5;174;0;1073;51;1147;1073
2026;2026-04-26;Bowlinghaus Bamberg;tournament;Nordbayerische Meisterschaft;2;Zwischenlauf;Andreas Hernitschek;16386;;5;193;0;1261;4;1147;1261
2026;2026-04-26;Bowlinghaus Bamberg;tournament;Nordbayerische Meisterschaft;2;Zwischenlauf;Anton Uebelacker;16430;;5;190;0;1035;60;1147;1035
2026;2026-04-26;Bowlinghaus Bamberg;tournament;Nordbayerische Meisterschaft;2;Zwischenlauf;Arthur Schwertfeger;38005;;5;154;0;1147;36;1147;1147
2026;2026-04-26;Bowlinghaus Bamberg;tournament;Nordbayerische Meisterschaft;2;Zwischenlauf;Asterios Fourkiotis;25555;;5;195;0;1179;21;1147;1179
2026;2026-04-26;Bowlinghaus Bamberg;tournament;Nordbayerische Meisterschaft;2;Zwischenlauf;Bernd Matejat;16462;;5;159;0;1063;54;1147;1063
2026;2026-04-26;Bowlinghaus Bamberg;tournament;Nordbayerische Meisterschaft;2;Zwischenlauf;Blasius Stibel;7849;;5;151;0;1029;63;1147;1029
2026;2026-04-26;Bowlinghaus Bamberg;tournament;Nordbayerische Meisterschaft;2;Zwischenlauf;Bodo Konieczny;18802;;5;169;0;1238;6;1147;1238
2026;2026-04-26;Bowlinghaus Bamberg;tournament;Nordbayerische Meisterschaft;2;Zwischenlauf;Christian Feller;16007;;5;221;0;1161;27;1147;1161
2026;2026-04-26;Bowlinghaus Bamberg;tournament;Nordbayerische Meisterschaft;2;Zwischenlauf;Christian Lechner;25064;;5;167;0;1161;28;1147;1161
2026;2026-04-26;Bowlinghaus Bamberg;tournament;Nordbayerische Meisterschaft;2;Zwischenlauf;Christian Schlegl;38554;;5;152;0;1099;44;1147;1099
2026;2026-04-26;Bowlinghaus Bamberg;tournament;Nordbayerische Meisterschaft;2;Zwischenlauf;Christian Schuster;7723;;5;208;0;1224;7;1147;1224
2026;2026-04-26;Bowlinghaus Bamberg;tournament;Nordbayerische Meisterschaft;2;Zwischenlauf;Daniel Alexander;16443;;5;180;0;1115;40;1147;1115
2026;2026-04-26;Bowlinghaus Bamberg;tournament;Nordbayerische Meisterschaft;2;Zwischenlauf;Daniel Badum;38043;;5;169;0;1121;38;1147;1121
2026;2026-04-26;Bowlinghaus Bamberg;tournament;Nordbayerische Meisterschaft;2;Zwischenlauf;Daniel Schwank;16215;;5;208;0;1106;42;1147;1106
2026;2026-04-26;Bowlinghaus Bamberg;tournament;Nordbayerische Meisterschaft;2;Zwischenlauf;Dieter Schuster;7721;;5;186;0;1148;35;1147;1148
2026;2026-04-26;Bowlinghaus Bamberg;tournament;Nordbayerische Meisterschaft;2;Zwischenlauf;Enno Jackwerth;16263;;5;224;0;1167;23;1147;1167
2026;2026-04-26;Bowlinghaus Bamberg;tournament;Nordbayerische Meisterschaft;2;Zwischenlauf;Eric Gogala;46005;;5;225;0;1361;2;1147;1361
2026;2026-04-26;Bowlinghaus Bamberg;tournament;Nordbayerische Meisterschaft;2;Zwischenlauf;Franco Daniele Pirrotti;38188;;5;214;0;1045;58;1147;1045
2026;2026-04-26;Bowlinghaus Bamberg;tournament;Nordbayerische Meisterschaft;2;Zwischenlauf;Heiko Schütz;16894;;5;232;0;1157;29;1147;1157
2026;2026-04-26;Bowlinghaus Bamberg;tournament;Nordbayerische Meisterschaft;2;Zwischenlauf;Heiko Tontsch;38403;;5;206;0;1070;52;1147;1070
2026;2026-04-26;Bowlinghaus Bamberg;tournament;Nordbayerische Meisterschaft;2;Zwischenlauf;Horst Schön;16346;;5;214;0;1156;30;1147;1156
2026;2026-04-26;Bowlinghaus Bamberg;tournament;Nordbayerische Meisterschaft;2;Zwischenlauf;Joachim Hartmann;16214;;5;189;0;996;66;1147;996
2026;2026-04-26;Bowlinghaus Bamberg;tournament;Nordbayerische Meisterschaft;2;Zwischenlauf;Jochen Birkner;7937;;5;225;0;1251;5;1147;1251
2026;2026-04-26;Bowlinghaus Bamberg;tournament;Nordbayerische Meisterschaft;2;Zwischenlauf;Jonathan Nolan;16873;;5;213;0;1213;13;1147;1213
2026;2026-04-26;Bowlinghaus Bamberg;tournament;Nordbayerische Meisterschaft;2;Zwischenlauf;Jörg Woyscheszik;25350;;5;220;0;1216;10;1147;1216
2026;2026-04-26;Bowlinghaus Bamberg;tournament;Nordbayerische Meisterschaft;2;Zwischenlauf;Jürgen Harry Schmitt;7961;;5;171;0;1033;61;1147;1033
2026;2026-04-26;Bowlinghaus Bamberg;tournament;Nordbayerische Meisterschaft;2;Zwischenlauf;Jürgen Reichel;7772;;5;189;0;1165;25;1147;1165
2026;2026-04-26;Bowlinghaus Bamberg;tournament;Nordbayerische Meisterschaft;2;Zwischenlauf;Kai Bräutigam;38115;;5;224;0;1214;11;1147;1214
2026;2026-04-26;Bowlinghaus Bamberg;tournament;Nordbayerische Meisterschaft;2;Zwischenlauf;Maik Rößler;31583;;5;149;0;1092;46;1147;1092
2026;2026-04-26;Bowlinghaus Bamberg;tournament;Nordbayerische Meisterschaft;2;Zwischenlauf;Manfred Rupertinger;16641;;5;204;0;1062;55;1147;1062
2026;2026-04-26;Bowlinghaus Bamberg;tournament;Nordbayerische Meisterschaft;2;Zwischenlauf;Manfred Rupprecht;38640;;5;156;0;1083;48;1147;1083
2026;2026-04-26;Bowlinghaus Bamberg;tournament;Nordbayerische Meisterschaft;2;Zwischenlauf;Marc Schmidt;38734;;5;204;0;1167;24;1147;1167
2026;2026-04-26;Bowlinghaus Bamberg;tournament;Nordbayerische Meisterschaft;2;Zwischenlauf;Marcel Bassler;38774;;5;216;0;1155;32;1147;1155
2026;2026-04-26;Bowlinghaus Bamberg;tournament;Nordbayerische Meisterschaft;2;Zwischenlauf;Marco Eck;38240;;5;138;0;994;68;1147;994
2026;2026-04-26;Bowlinghaus Bamberg;tournament;Nordbayerische Meisterschaft;2;Zwischenlauf;Mario Burghardt;12248;;5;177;0;1104;43;1147;1104
2026;2026-04-26;Bowlinghaus Bamberg;tournament;Nordbayerische Meisterschaft;2;Zwischenlauf;Markus Brendel;38034;;5;206;0;1183;18;1147;1183
2026;2026-04-26;Bowlinghaus Bamberg;tournament;Nordbayerische Meisterschaft;2;Zwischenlauf;Markus Fischer;38237;;5;173;0;1176;22;1147;1176
2026;2026-04-26;Bowlinghaus Bamberg;tournament;Nordbayerische Meisterschaft;2;Zwischenlauf;Michael Gehring;38250;;5;150;0;1008;65;1147;1008
2026;2026-04-26;Bowlinghaus Bamberg;tournament;Nordbayerische Meisterschaft;2;Zwischenlauf;Michael Hoffmann;38982;;5;211;0;1075;50;1147;1075
2026;2026-04-26;Bowlinghaus Bamberg;tournament;Nordbayerische Meisterschaft;2;Zwischenlauf;Michael Rühl;38745;;5;143;0;1070;53;1147;1070
2026;2026-04-26;Bowlinghaus Bamberg;tournament;Nordbayerische Meisterschaft;2;Zwischenlauf;Nico Thomas;38134;;5;185;0;1107;41;1147;1107
2026;2026-04-26;Bowlinghaus Bamberg;tournament;Nordbayerische Meisterschaft;2;Zwischenlauf;Nicolas Hoffmann;38935;;5;184;0;1162;26;1147;1162
2026;2026-04-26;Bowlinghaus Bamberg;tournament;Nordbayerische Meisterschaft;2;Zwischenlauf;Niklas Weiske;25484;;5;238;0;1306;3;1147;1306
2026;2026-04-26;Bowlinghaus Bamberg;tournament;Nordbayerische Meisterschaft;2;Zwischenlauf;Patrick Freudl;16796;;5;192;0;1180;20;1147;1180
2026;2026-04-26;Bowlinghaus Bamberg;tournament;Nordbayerische Meisterschaft;2;Zwischenlauf;Patrick Hardt;16809;;5;225;0;1221;8;1147;1221
2026;2026-04-26;Bowlinghaus Bamberg;tournament;Nordbayerische Meisterschaft;2;Zwischenlauf;Patrick Stemmler;16495;;5;201;0;1146;37;1147;1146
2026;2026-04-26;Bowlinghaus Bamberg;tournament;Nordbayerische Meisterschaft;2;Zwischenlauf;Phi-Long Nguyen;46002;;5;195;0;1029;62;1147;1029
2026;2026-04-26;Bowlinghaus Bamberg;tournament;Nordbayerische Meisterschaft;2;Zwischenlauf;Reinhold Reißmann;16439;;5;169;0;1047;57;1147;1047
2026;2026-04-26;Bowlinghaus Bamberg;tournament;Nordbayerische Meisterschaft;2;Zwischenlauf;René Jurischka;38593;;5;192;0;1091;47;1147;1091
2026;2026-04-26;Bowlinghaus Bamberg;tournament;Nordbayerische Meisterschaft;2;Zwischenlauf;Richard Erhard;16224;;5;164;0;962;70;1147;962
2026;2026-04-26;Bowlinghaus Bamberg;tournament;Nordbayerische Meisterschaft;2;Zwischenlauf;Robert Kristof;10124;;5;196;0;1195;14;1147;1195
2026;2026-04-26;Bowlinghaus Bamberg;tournament;Nordbayerische Meisterschaft;2;Zwischenlauf;Roland Augsdörfer;38549;;5;192;0;1153;33;1147;1153
2026;2026-04-26;Bowlinghaus Bamberg;tournament;Nordbayerische Meisterschaft;2;Zwischenlauf;Sascha Popp;38981;;5;187;0;1221;9;1147;1221
2026;2026-04-26;Bowlinghaus Bamberg;tournament;Nordbayerische Meisterschaft;2;Zwischenlauf;Sebastian Gräfe;38687;;5;258;0;1149;34;1147;1149
2026;2026-04-26;Bowlinghaus Bamberg;tournament;Nordbayerische Meisterschaft;2;Zwischenlauf;Simon Bauer;16861;;5;195;0;1043;59;1147;1043
2026;2026-04-26;Bowlinghaus Bamberg;tournament;Nordbayerische Meisterschaft;2;Zwischenlauf;Steffen Birkner;25082;;5;254;0;1366;1;1147;1366
2026;2026-04-26;Bowlinghaus Bamberg;tournament;Nordbayerische Meisterschaft;2;Zwischenlauf;Stephan Ruffershöfer;16899;;5;208;0;1062;56;1147;1062
2026;2026-04-26;Bowlinghaus Bamberg;tournament;Nordbayerische Meisterschaft;2;Zwischenlauf;Stephan Stoll;10678;;5;155;0;977;69;1147;977
2026;2026-04-26;Bowlinghaus Bamberg;tournament;Nordbayerische Meisterschaft;2;Zwischenlauf;Thomas Hornung;25425;;5;158;0;941;71;1147;941
2026;2026-04-26;Bowlinghaus Bamberg;tournament;Nordbayerische Meisterschaft;2;Zwischenlauf;Thomas Moser;38907;;5;203;0;1214;12;1147;1214
2026;2026-04-26;Bowlinghaus Bamberg;tournament;Nordbayerische Meisterschaft;2;Zwischenlauf;Tim Olde Damink;25521;;5;222;0;1193;15;1147;1193
2026;2026-04-26;Bowlinghaus Bamberg;tournament;Nordbayerische Meisterschaft;2;Zwischenlauf;Tobias Derbfuss;38270;;5;222;0;1181;19;1147;1181
2026;2026-04-26;Bowlinghaus Bamberg;tournament;Nordbayerische Meisterschaft;2;Zwischenlauf;Tobias Franz;25638;;5;197;0;1190;16;1147;1190
2026;2026-04-26;Bowlinghaus Bamberg;tournament;Nordbayerische Meisterschaft;2;Zwischenlauf;Tobias Kramer;38885;;5;180;0;1187;17;1147;1187
2026;2026-04-26;Bowlinghaus Bamberg;tournament;Nordbayerische Meisterschaft;2;Zwischenlauf;Uwe Pukowski;25433;;5;139;0;994;67;1147;994
2026;2026-04-26;Bowlinghaus Bamberg;tournament;Nordbayerische Meisterschaft;2;Zwischenlauf;Uwe Sewald;38877;;5;198;0;1019;64;1147;1019
2026;2026-04-26;Bowlinghaus Bamberg;tournament;Nordbayerische Meisterschaft;2;Zwischenlauf;Winfried Goller;7722;;5;215;0;1095;45;1147;1095
2026;2026-04-26;Bowlinghaus Bamberg;tournament;Nordbayerische Meisterschaft;2;Zwischenlauf;Wolfgang Montag;16534;;5;158;0;1155;31;1147;1155
2026;2026-04-27;Bowlinghaus Bamberg;tournament;Nordbayerische Meisterschaft;3;Finale;Alexander Schmidt;16292;;0;175;0;175;26;203;175
2026;2026-04-27;Bowlinghaus Bamberg;tournament;Nordbayerische Meisterschaft;3;Finale;Andreas Hernitschek;16386;;0;264;0;264;2;203;264
2026;2026-04-27;Bowlinghaus Bamberg;tournament;Nordbayerische Meisterschaft;3;Finale;Bodo Konieczny;18802;;0;203;0;203;12;203;203
2026;2026-04-27;Bowlinghaus Bamberg;tournament;Nordbayerische Meisterschaft;3;Finale;Christian Feller;16007;;0;169;0;169;30;203;169
2026;2026-04-27;Bowlinghaus Bamberg;tournament;Nordbayerische Meisterschaft;3;Finale;Christian Schuster;7723;;0;269;0;269;1;203;269
2026;2026-04-27;Bowlinghaus Bamberg;tournament;Nordbayerische Meisterschaft;3;Finale;Daniel Alexander;16443;;0;203;0;203;11;203;203
2026;2026-04-27;Bowlinghaus Bamberg;tournament;Nordbayerische Meisterschaft;3;Finale;Daniel Badum;38043;;0;203;0;203;13;203;203
2026;2026-04-27;Bowlinghaus Bamberg;tournament;Nordbayerische Meisterschaft;3;Finale;Dieter Schuster;7721;;0;196;0;196;16;203;196
2026;2026-04-27;Bowlinghaus Bamberg;tournament;Nordbayerische Meisterschaft;3;Finale;Enno Jackwerth;16263;;0;169;0;169;31;203;169
2026;2026-04-27;Bowlinghaus Bamberg;tournament;Nordbayerische Meisterschaft;3;Finale;Eric Gogala;46005;;0;214;0;214;9;203;214
2026;2026-04-27;Bowlinghaus Bamberg;tournament;Nordbayerische Meisterschaft;3;Finale;Horst Schön;16346;;0;178;0;178;25;203;178
2026;2026-04-27;Bowlinghaus Bamberg;tournament;Nordbayerische Meisterschaft;3;Finale;Jochen Birkner;7937;;0;194;0;194;17;203;194
2026;2026-04-27;Bowlinghaus Bamberg;tournament;Nordbayerische Meisterschaft;3;Finale;Jonathan Nolan;16873;;0;166;0;166;34;203;166
2026;2026-04-27;Bowlinghaus Bamberg;tournament;Nordbayerische Meisterschaft;3;Finale;Jörg Woyscheszik;25350;;0;174;0;174;28;203;174
2026;2026-04-27;Bowlinghaus Bamberg;tournament;Nordbayerische Meisterschaft;3;Finale;Jürgen Reichel;7772;;0;161;0;161;35;203;161
2026;2026-04-27;Bowlinghaus Bamberg;tournament;Nordbayerische Meisterschaft;3;Finale;Kai Bräutigam;38115;;0;188;0;188;20;203;188
2026;2026-04-27;Bowlinghaus Bamberg;tournament;Nordbayerische Meisterschaft;3;Finale;Marc Schmidt;38734;;0;189;0;189;19;203;189
2026;2026-04-27;Bowlinghaus Bamberg;tournament;Nordbayerische Meisterschaft;3;Finale;Mario Burghardt;12248;;0;180;0;180;23;203;180
2026;2026-04-27;Bowlinghaus Bamberg;tournament;Nordbayerische Meisterschaft;3;Finale;Markus Brendel;38034;;0;148;0;148;36;203;148
2026;2026-04-27;Bowlinghaus Bamberg;tournament;Nordbayerische Meisterschaft;3;Finale;Markus Fischer;38237;;0;227;0;227;5;203;227
2026;2026-04-27;Bowlinghaus Bamberg;tournament;Nordbayerische Meisterschaft;3;Finale;Nico Thomas;38134;;0;168;0;168;32;203;168
2026;2026-04-27;Bowlinghaus Bamberg;tournament;Nordbayerische Meisterschaft;3;Finale;Nicolas Hoffmann;38935;;0;175;0;175;27;203;175
2026;2026-04-27;Bowlinghaus Bamberg;tournament;Nordbayerische Meisterschaft;3;Finale;Niklas Weiske;25484;;0;236;0;236;3;203;236
2026;2026-04-27;Bowlinghaus Bamberg;tournament;Nordbayerische Meisterschaft;3;Finale;Patrick Freudl;16796;;0;235;0;235;4;203;235
2026;2026-04-27;Bowlinghaus Bamberg;tournament;Nordbayerische Meisterschaft;3;Finale;Patrick Hardt;16809;;0;192;0;192;18;203;192
2026;2026-04-27;Bowlinghaus Bamberg;tournament;Nordbayerische Meisterschaft;3;Finale;Patrick Stemmler;16495;;0;167;0;167;33;203;167
2026;2026-04-27;Bowlinghaus Bamberg;tournament;Nordbayerische Meisterschaft;3;Finale;Robert Kristof;10124;;0;171;0;171;29;203;171
2026;2026-04-27;Bowlinghaus Bamberg;tournament;Nordbayerische Meisterschaft;3;Finale;Roland Augsdörfer;38549;;0;187;0;187;21;203;187
2026;2026-04-27;Bowlinghaus Bamberg;tournament;Nordbayerische Meisterschaft;3;Finale;Sascha Popp;38981;;0;198;0;198;15;203;198
2026;2026-04-27;Bowlinghaus Bamberg;tournament;Nordbayerische Meisterschaft;3;Finale;Sebastian Gräfe;38687;;0;179;0;179;24;203;179
2026;2026-04-27;Bowlinghaus Bamberg;tournament;Nordbayerische Meisterschaft;3;Finale;Steffen Birkner;25082;;0;205;0;205;10;203;205
2026;2026-04-27;Bowlinghaus Bamberg;tournament;Nordbayerische Meisterschaft;3;Finale;Thomas Moser;38907;;0;216;0;216;8;203;216
2026;2026-04-27;Bowlinghaus Bamberg;tournament;Nordbayerische Meisterschaft;3;Finale;Tim Olde Damink;25521;;0;224;0;224;7;203;224
2026;2026-04-27;Bowlinghaus Bamberg;tournament;Nordbayerische Meisterschaft;3;Finale;Tobias Derbfuss;38270;;0;200;0;200;14;203;200
2026;2026-04-27;Bowlinghaus Bamberg;tournament;Nordbayerische Meisterschaft;3;Finale;Tobias Franz;25638;;0;183;0;183;22;203;183
2026;2026-04-27;Bowlinghaus Bamberg;tournament;Nordbayerische Meisterschaft;3;Finale;Tobias Kramer;38885;;0;225;0;225;6;203;225
2026;2026-04-27;Bowlinghaus Bamberg;tournament;Nordbayerische Meisterschaft;3;Finale;Alexander Schmidt;16292;;1;172;0;347;31;411;347
2026;2026-04-27;Bowlinghaus Bamberg;tournament;Nordbayerische Meisterschaft;3;Finale;Andreas Hernitschek;16386;;1;173;0;437;4;411;437
2026;2026-04-27;Bowlinghaus Bamberg;tournament;Nordbayerische Meisterschaft;3;Finale;Bodo Konieczny;18802;;1;249;0;452;2;411;452
2026;2026-04-27;Bowlinghaus Bamberg;tournament;Nordbayerische Meisterschaft;3;Finale;Christian Feller;16007;;1;173;0;342;33;411;342
2026;2026-04-27;Bowlinghaus Bamberg;tournament;Nordbayerische Meisterschaft;3;Finale;Christian Schuster;7723;;1;221;0;490;1;411;490
2026;2026-04-27;Bowlinghaus Bamberg;tournament;Nordbayerische Meisterschaft;3;Finale;Daniel Alexander;16443;;1;205;0;408;14;411;408
2026;2026-04-27;Bowlinghaus Bamberg;tournament;Nordbayerische Meisterschaft;3;Finale;Daniel Badum;38043;;1;223;0;426;6;411;426
2026;2026-04-27;Bowlinghaus Bamberg;tournament;Nordbayerische Meisterschaft;3;Finale;Dieter Schuster;7721;;1;210;0;406;15;411;406
2026;2026-04-27;Bowlinghaus Bamberg;tournament;Nordbayerische Meisterschaft;3;Finale;Enno Jackwerth;16263;;1;179;0;348;28;411;348
2026;2026-04-27;Bowlinghaus Bamberg;tournament;Nordbayerische Meisterschaft;3;Finale;Eric Gogala;46005;;1;173;0;387;18;411;387
2026;2026-04-27;Bowlinghaus Bamberg;tournament;Nordbayerische Meisterschaft;3;Finale;Horst Schön;16346;;1;170;0;348;29;411;348
2026;2026-04-27;Bowlinghaus Bamberg;tournament;Nordbayerische Meisterschaft;3;Finale;Jochen Birkner;7937;;1;217;0;411;13;411;411
2026;2026-04-27;Bowlinghaus Bamberg;tournament;Nordbayerische Meisterschaft;3;Finale;Jonathan Nolan;16873;;1;213;0;379;20;411;379
2026;2026-04-27;Bowlinghaus Bamberg;tournament;Nordbayerische Meisterschaft;3;Finale;Jörg Woyscheszik;25350;;1;201;0;375;21;411;375
2026;2026-04-27;Bowlinghaus Bamberg;tournament;Nordbayerische Meisterschaft;3;Finale;Jürgen Reichel;7772;;1;158;0;319;36;411;319
2026;2026-04-27;Bowlinghaus Bamberg;tournament;Nordbayerische Meisterschaft;3;Finale;Kai Bräutigam;38115;;1;229;0;417;7;411;417
2026;2026-04-27;Bowlinghaus Bamberg;tournament;Nordbayerische Meisterschaft;3;Finale;Marc Schmidt;38734;;1;184;0;373;22;411;373
2026;2026-04-27;Bowlinghaus Bamberg;tournament;Nordbayerische Meisterschaft;3;Finale;Mario Burghardt;12248;;1;177;0;357;27;411;357
2026;2026-04-27;Bowlinghaus Bamberg;tournament;Nordbayerische Meisterschaft;3;Finale;Markus Brendel;38034;;1;176;0;324;35;411;324
2026;2026-04-27;Bowlinghaus Bamberg;tournament;Nordbayerische Meisterschaft;3;Finale;Markus Fischer;38237;;1;188;0;415;8;411;415
2026;2026-04-27;Bowlinghaus Bamberg;tournament;Nordbayerische Meisterschaft;3;Finale;Nico Thomas;38134;;1;192;0;360;26;411;360
2026;2026-04-27;Bowlinghaus Bamberg;tournament;Nordbayerische Meisterschaft;3;Finale;Nicolas Hoffmann;38935;;1;186;0;361;25;411;361
2026;2026-04-27;Bowlinghaus Bamberg;tournament;Nordbayerische Meisterschaft;3;Finale;Niklas Weiske;25484;;1;214;0;450;3;411;450
2026;2026-04-27;Bowlinghaus Bamberg;tournament;Nordbayerische Meisterschaft;3;Finale;Patrick Freudl;16796;;1;159;0;394;16;411;394
2026;2026-04-27;Bowlinghaus Bamberg;tournament;Nordbayerische Meisterschaft;3;Finale;Patrick Hardt;16809;;1;220;0;412;11;411;412
2026;2026-04-27;Bowlinghaus Bamberg;tournament;Nordbayerische Meisterschaft;3;Finale;Patrick Stemmler;16495;;1;172;0;339;34;411;339
2026;2026-04-27;Bowlinghaus Bamberg;tournament;Nordbayerische Meisterschaft;3;Finale;Robert Kristof;10124;;1;193;0;364;24;411;364
2026;2026-04-27;Bowlinghaus Bamberg;tournament;Nordbayerische Meisterschaft;3;Finale;Roland Augsdörfer;38549;;1;157;0;344;32;411;344
2026;2026-04-27;Bowlinghaus Bamberg;tournament;Nordbayerische Meisterschaft;3;Finale;Sascha Popp;38981;;1;173;0;371;23;411;371
2026;2026-04-27;Bowlinghaus Bamberg;tournament;Nordbayerische Meisterschaft;3;Finale;Sebastian Gräfe;38687;;1;234;0;413;10;411;413
2026;2026-04-27;Bowlinghaus Bamberg;tournament;Nordbayerische Meisterschaft;3;Finale;Steffen Birkner;25082;;1;209;0;414;9;411;414
2026;2026-04-27;Bowlinghaus Bamberg;tournament;Nordbayerische Meisterschaft;3;Finale;Thomas Moser;38907;;1;174;0;390;17;411;390
2026;2026-04-27;Bowlinghaus Bamberg;tournament;Nordbayerische Meisterschaft;3;Finale;Tim Olde Damink;25521;;1;162;0;386;19;411;386
2026;2026-04-27;Bowlinghaus Bamberg;tournament;Nordbayerische Meisterschaft;3;Finale;Tobias Derbfuss;38270;;1;237;0;437;5;411;437
2026;2026-04-27;Bowlinghaus Bamberg;tournament;Nordbayerische Meisterschaft;3;Finale;Tobias Franz;25638;;1;165;0;348;30;411;348
2026;2026-04-27;Bowlinghaus Bamberg;tournament;Nordbayerische Meisterschaft;3;Finale;Tobias Kramer;38885;;1;186;0;411;12;411;411
2026;2026-04-27;Bowlinghaus Bamberg;tournament;Nordbayerische Meisterschaft;3;Finale;Alexander Schmidt;16292;;2;223;0;570;18;606;570
2026;2026-04-27;Bowlinghaus Bamberg;tournament;Nordbayerische Meisterschaft;3;Finale;Andreas Hernitschek;16386;;2;245;0;682;1;606;682
2026;2026-04-27;Bowlinghaus Bamberg;tournament;Nordbayerische Meisterschaft;3;Finale;Bodo Konieczny;18802;;2;176;0;628;7;606;628
2026;2026-04-27;Bowlinghaus Bamberg;tournament;Nordbayerische Meisterschaft;3;Finale;Christian Feller;16007;;2;198;0;540;26;606;540
2026;2026-04-27;Bowlinghaus Bamberg;tournament;Nordbayerische Meisterschaft;3;Finale;Christian Schuster;7723;;2;184;0;674;2;606;674
2026;2026-04-27;Bowlinghaus Bamberg;tournament;Nordbayerische Meisterschaft;3;Finale;Daniel Alexander;16443;;2;197;0;605;13;606;605
2026;2026-04-27;Bowlinghaus Bamberg;tournament;Nordbayerische Meisterschaft;3;Finale;Daniel Badum;38043;;2;225;0;651;4;606;651
2026;2026-04-27;Bowlinghaus Bamberg;tournament;Nordbayerische Meisterschaft;3;Finale;Dieter Schuster;7721;;2;190;0;596;14;606;596
2026;2026-04-27;Bowlinghaus Bamberg;tournament;Nordbayerische Meisterschaft;3;Finale;Enno Jackwerth;16263;;2;190;0;538;27;606;538
2026;2026-04-27;Bowlinghaus Bamberg;tournament;Nordbayerische Meisterschaft;3;Finale;Eric Gogala;46005;;2;150;0;537;28;606;537
2026;2026-04-27;Bowlinghaus Bamberg;tournament;Nordbayerische Meisterschaft;3;Finale;Horst Schön;16346;;2;150;0;498;34;606;498
2026;2026-04-27;Bowlinghaus Bamberg;tournament;Nordbayerische Meisterschaft;3;Finale;Jochen Birkner;7937;;2;135;0;546;24;606;546
2026;2026-04-27;Bowlinghaus Bamberg;tournament;Nordbayerische Meisterschaft;3;Finale;Jonathan Nolan;16873;;2;171;0;550;23;606;550
2026;2026-04-27;Bowlinghaus Bamberg;tournament;Nordbayerische Meisterschaft;3;Finale;Jörg Woyscheszik;25350;;2;205;0;580;15;606;580
2026;2026-04-27;Bowlinghaus Bamberg;tournament;Nordbayerische Meisterschaft;3;Finale;Jürgen Reichel;7772;;2;165;0;484;36;606;484
2026;2026-04-27;Bowlinghaus Bamberg;tournament;Nordbayerische Meisterschaft;3;Finale;Kai Bräutigam;38115;;2;212;0;629;6;606;629
2026;2026-04-27;Bowlinghaus Bamberg;tournament;Nordbayerische Meisterschaft;3;Finale;Marc Schmidt;38734;;2;190;0;563;21;606;563
2026;2026-04-27;Bowlinghaus Bamberg;tournament;Nordbayerische Meisterschaft;3;Finale;Mario Burghardt;12248;;2;187;0;544;25;606;544
2026;2026-04-27;Bowlinghaus Bamberg;tournament;Nordbayerische Meisterschaft;3;Finale;Markus Brendel;38034;;2;160;0;484;35;606;484
2026;2026-04-27;Bowlinghaus Bamberg;tournament;Nordbayerische Meisterschaft;3;Finale;Markus Fischer;38237;;2;193;0;608;11;606;608
2026;2026-04-27;Bowlinghaus Bamberg;tournament;Nordbayerische Meisterschaft;3;Finale;Nico Thomas;38134;;2;203;0;563;20;606;563
2026;2026-04-27;Bowlinghaus Bamberg;tournament;Nordbayerische Meisterschaft;3;Finale;Nicolas Hoffmann;38935;;2;150;0;511;31;606;511
2026;2026-04-27;Bowlinghaus Bamberg;tournament;Nordbayerische Meisterschaft;3;Finale;Niklas Weiske;25484;;2;217;0;667;3;606;667
2026;2026-04-27;Bowlinghaus Bamberg;tournament;Nordbayerische Meisterschaft;3;Finale;Patrick Freudl;16796;;2;212;0;606;12;606;606
2026;2026-04-27;Bowlinghaus Bamberg;tournament;Nordbayerische Meisterschaft;3;Finale;Patrick Hardt;16809;;2;146;0;558;22;606;558
2026;2026-04-27;Bowlinghaus Bamberg;tournament;Nordbayerische Meisterschaft;3;Finale;Patrick Stemmler;16495;;2;164;0;503;33;606;503
2026;2026-04-27;Bowlinghaus Bamberg;tournament;Nordbayerische Meisterschaft;3;Finale;Robert Kristof;10124;;2;214;0;578;16;606;578
2026;2026-04-27;Bowlinghaus Bamberg;tournament;Nordbayerische Meisterschaft;3;Finale;Roland Augsdörfer;38549;;2;166;0;510;32;606;510
2026;2026-04-27;Bowlinghaus Bamberg;tournament;Nordbayerische Meisterschaft;3;Finale;Sascha Popp;38981;;2;147;0;518;30;606;518
2026;2026-04-27;Bowlinghaus Bamberg;tournament;Nordbayerische Meisterschaft;3;Finale;Sebastian Gräfe;38687;;2;206;0;619;10;606;619
2026;2026-04-27;Bowlinghaus Bamberg;tournament;Nordbayerische Meisterschaft;3;Finale;Steffen Birkner;25082;;2;235;0;649;5;606;649
2026;2026-04-27;Bowlinghaus Bamberg;tournament;Nordbayerische Meisterschaft;3;Finale;Thomas Moser;38907;;2;235;0;625;8;606;625
2026;2026-04-27;Bowlinghaus Bamberg;tournament;Nordbayerische Meisterschaft;3;Finale;Tim Olde Damink;25521;;2;181;0;567;19;606;567
2026;2026-04-27;Bowlinghaus Bamberg;tournament;Nordbayerische Meisterschaft;3;Finale;Tobias Derbfuss;38270;;2;184;0;621;9;606;621
2026;2026-04-27;Bowlinghaus Bamberg;tournament;Nordbayerische Meisterschaft;3;Finale;Tobias Franz;25638;;2;182;0;530;29;606;530
2026;2026-04-27;Bowlinghaus Bamberg;tournament;Nordbayerische Meisterschaft;3;Finale;Tobias Kramer;38885;;2;165;0;576;17;606;576
2026;2026-04-27;Bowlinghaus Bamberg;tournament;Nordbayerische Meisterschaft;3;Finale;Alexander Schmidt;16292;;3;192;0;762;23;808;762
2026;2026-04-27;Bowlinghaus Bamberg;tournament;Nordbayerische Meisterschaft;3;Finale;Andreas Hernitschek;16386;;3;186;0;868;3;808;868
2026;2026-04-27;Bowlinghaus Bamberg;tournament;Nordbayerische Meisterschaft;3;Finale;Bodo Konieczny;18802;;3;215;0;843;5;808;843
2026;2026-04-27;Bowlinghaus Bamberg;tournament;Nordbayerische Meisterschaft;3;Finale;Christian Feller;16007;;3;268;0;808;12;808;808
2026;2026-04-27;Bowlinghaus Bamberg;tournament;Nordbayerische Meisterschaft;3;Finale;Christian Schuster;7723;;3;164;0;838;7;808;838
2026;2026-04-27;Bowlinghaus Bamberg;tournament;Nordbayerische Meisterschaft;3;Finale;Daniel Alexander;16443;;3;225;0;830;8;808;830
2026;2026-04-27;Bowlinghaus Bamberg;tournament;Nordbayerische Meisterschaft;3;Finale;Daniel Badum;38043;;3;195;0;846;4;808;846
2026;2026-04-27;Bowlinghaus Bamberg;tournament;Nordbayerische Meisterschaft;3;Finale;Dieter Schuster;7721;;3;200;0;796;14;808;796
2026;2026-04-27;Bowlinghaus Bamberg;tournament;Nordbayerische Meisterschaft;3;Finale;Enno Jackwerth;16263;;3;215;0;753;24;808;753
2026;2026-04-27;Bowlinghaus Bamberg;tournament;Nordbayerische Meisterschaft;3;Finale;Eric Gogala;46005;;3;245;0;782;18;808;782
2026;2026-04-27;Bowlinghaus Bamberg;tournament;Nordbayerische Meisterschaft;3;Finale;Horst Schön;16346;;3;151;0;649;36;808;649
2026;2026-04-27;Bowlinghaus Bamberg;tournament;Nordbayerische Meisterschaft;3;Finale;Jochen Birkner;7937;;3;224;0;770;21;808;770
2026;2026-04-27;Bowlinghaus Bamberg;tournament;Nordbayerische Meisterschaft;3;Finale;Jonathan Nolan;16873;;3;178;0;728;27;808;728
2026;2026-04-27;Bowlinghaus Bamberg;tournament;Nordbayerische Meisterschaft;3;Finale;Jörg Woyscheszik;25350;;3;211;0;791;15;808;791
2026;2026-04-27;Bowlinghaus Bamberg;tournament;Nordbayerische Meisterschaft;3;Finale;Jürgen Reichel;7772;;3;181;0;665;34;808;665
2026;2026-04-27;Bowlinghaus Bamberg;tournament;Nordbayerische Meisterschaft;3;Finale;Kai Bräutigam;38115;;3;244;0;873;2;808;873
2026;2026-04-27;Bowlinghaus Bamberg;tournament;Nordbayerische Meisterschaft;3;Finale;Marc Schmidt;38734;;3;210;0;773;20;808;773
2026;2026-04-27;Bowlinghaus Bamberg;tournament;Nordbayerische Meisterschaft;3;Finale;Mario Burghardt;12248;;3;128;0;672;33;808;672
2026;2026-04-27;Bowlinghaus Bamberg;tournament;Nordbayerische Meisterschaft;3;Finale;Markus Brendel;38034;;3;213;0;697;32;808;697
2026;2026-04-27;Bowlinghaus Bamberg;tournament;Nordbayerische Meisterschaft;3;Finale;Markus Fischer;38237;;3;215;0;823;9;808;823
2026;2026-04-27;Bowlinghaus Bamberg;tournament;Nordbayerische Meisterschaft;3;Finale;Nico Thomas;38134;;3;178;0;741;26;808;741
2026;2026-04-27;Bowlinghaus Bamberg;tournament;Nordbayerische Meisterschaft;3;Finale;Nicolas Hoffmann;38935;;3;203;0;714;30;808;714
2026;2026-04-27;Bowlinghaus Bamberg;tournament;Nordbayerische Meisterschaft;3;Finale;Niklas Weiske;25484;;3;228;0;895;1;808;895
2026;2026-04-27;Bowlinghaus Bamberg;tournament;Nordbayerische Meisterschaft;3;Finale;Patrick Freudl;16796;;3;171;0;777;19;808;777
2026;2026-04-27;Bowlinghaus Bamberg;tournament;Nordbayerische Meisterschaft;3;Finale;Patrick Hardt;16809;;3;169;0;727;28;808;727
2026;2026-04-27;Bowlinghaus Bamberg;tournament;Nordbayerische Meisterschaft;3;Finale;Patrick Stemmler;16495;;3;156;0;659;35;808;659
2026;2026-04-27;Bowlinghaus Bamberg;tournament;Nordbayerische Meisterschaft;3;Finale;Robert Kristof;10124;;3;218;0;796;13;808;796
2026;2026-04-27;Bowlinghaus Bamberg;tournament;Nordbayerische Meisterschaft;3;Finale;Roland Augsdörfer;38549;;3;235;0;745;25;808;745
2026;2026-04-27;Bowlinghaus Bamberg;tournament;Nordbayerische Meisterschaft;3;Finale;Sascha Popp;38981;;3;194;0;712;31;808;712
2026;2026-04-27;Bowlinghaus Bamberg;tournament;Nordbayerische Meisterschaft;3;Finale;Sebastian Gräfe;38687;;3;222;0;841;6;808;841
2026;2026-04-27;Bowlinghaus Bamberg;tournament;Nordbayerische Meisterschaft;3;Finale;Steffen Birkner;25082;;3;172;0;821;10;808;821
2026;2026-04-27;Bowlinghaus Bamberg;tournament;Nordbayerische Meisterschaft;3;Finale;Thomas Moser;38907;;3;165;0;790;16;808;790
2026;2026-04-27;Bowlinghaus Bamberg;tournament;Nordbayerische Meisterschaft;3;Finale;Tim Olde Damink;25521;;3;216;0;783;17;808;783
2026;2026-04-27;Bowlinghaus Bamberg;tournament;Nordbayerische Meisterschaft;3;Finale;Tobias Derbfuss;38270;;3;194;0;815;11;808;815
2026;2026-04-27;Bowlinghaus Bamberg;tournament;Nordbayerische Meisterschaft;3;Finale;Tobias Franz;25638;;3;190;0;720;29;808;720
2026;2026-04-27;Bowlinghaus Bamberg;tournament;Nordbayerische Meisterschaft;3;Finale;Tobias Kramer;38885;;3;192;0;768;22;808;768
2026;2026-04-27;Bowlinghaus Bamberg;tournament;Nordbayerische Meisterschaft;3;Finale;Alexander Schmidt;16292;;4;193;0;955;23;1001;955
2026;2026-04-27;Bowlinghaus Bamberg;tournament;Nordbayerische Meisterschaft;3;Finale;Andreas Hernitschek;16386;;4;216;0;1084;2;1001;1084
2026;2026-04-27;Bowlinghaus Bamberg;tournament;Nordbayerische Meisterschaft;3;Finale;Bodo Konieczny;18802;;4;162;0;1005;11;1001;1005
2026;2026-04-27;Bowlinghaus Bamberg;tournament;Nordbayerische Meisterschaft;3;Finale;Christian Feller;16007;;4;202;0;1010;10;1001;1010
2026;2026-04-27;Bowlinghaus Bamberg;tournament;Nordbayerische Meisterschaft;3;Finale;Christian Schuster;7723;;4;226;0;1064;4;1001;1064
2026;2026-04-27;Bowlinghaus Bamberg;tournament;Nordbayerische Meisterschaft;3;Finale;Daniel Alexander;16443;;4;249;0;1079;3;1001;1079
2026;2026-04-27;Bowlinghaus Bamberg;tournament;Nordbayerische Meisterschaft;3;Finale;Daniel Badum;38043;;4;192;0;1038;5;1001;1038
2026;2026-04-27;Bowlinghaus Bamberg;tournament;Nordbayerische Meisterschaft;3;Finale;Dieter Schuster;7721;;4;179;0;975;19;1001;975
2026;2026-04-27;Bowlinghaus Bamberg;tournament;Nordbayerische Meisterschaft;3;Finale;Enno Jackwerth;16263;;4;195;0;948;24;1001;948
2026;2026-04-27;Bowlinghaus Bamberg;tournament;Nordbayerische Meisterschaft;3;Finale;Eric Gogala;46005;;4;164;0;946;25;1001;946
2026;2026-04-27;Bowlinghaus Bamberg;tournament;Nordbayerische Meisterschaft;3;Finale;Horst Schön;16346;;4;184;0;833;35;1001;833
2026;2026-04-27;Bowlinghaus Bamberg;tournament;Nordbayerische Meisterschaft;3;Finale;Jochen Birkner;7937;;4;244;0;1014;9;1001;1014
2026;2026-04-27;Bowlinghaus Bamberg;tournament;Nordbayerische Meisterschaft;3;Finale;Jonathan Nolan;16873;;4;184;0;912;30;1001;912
2026;2026-04-27;Bowlinghaus Bamberg;tournament;Nordbayerische Meisterschaft;3;Finale;Jörg Woyscheszik;25350;;4;174;0;965;21;1001;965
2026;2026-04-27;Bowlinghaus Bamberg;tournament;Nordbayerische Meisterschaft;3;Finale;Jürgen Reichel;7772;;4;148;0;813;36;1001;813
2026;2026-04-27;Bowlinghaus Bamberg;tournament;Nordbayerische Meisterschaft;3;Finale;Kai Bräutigam;38115;;4;128;0;1001;12;1001;1001
2026;2026-04-27;Bowlinghaus Bamberg;tournament;Nordbayerische Meisterschaft;3;Finale;Marc Schmidt;38734;;4;228;0;1001;13;1001;1001
2026;2026-04-27;Bowlinghaus Bamberg;tournament;Nordbayerische Meisterschaft;3;Finale;Mario Burghardt;12248;;4;161;0;833;34;1001;833
2026;2026-04-27;Bowlinghaus Bamberg;tournament;Nordbayerische Meisterschaft;3;Finale;Markus Brendel;38034;;4;166;0;863;33;1001;863
2026;2026-04-27;Bowlinghaus Bamberg;tournament;Nordbayerische Meisterschaft;3;Finale;Markus Fischer;38237;;4;159;0;982;17;1001;982
2026;2026-04-27;Bowlinghaus Bamberg;tournament;Nordbayerische Meisterschaft;3;Finale;Nico Thomas;38134;;4;178;0;919;28;1001;919
2026;2026-04-27;Bowlinghaus Bamberg;tournament;Nordbayerische Meisterschaft;3;Finale;Nicolas Hoffmann;38935;;4;214;0;928;27;1001;928
2026;2026-04-27;Bowlinghaus Bamberg;tournament;Nordbayerische Meisterschaft;3;Finale;Niklas Weiske;25484;;4;209;0;1104;1;1001;1104
2026;2026-04-27;Bowlinghaus Bamberg;tournament;Nordbayerische Meisterschaft;3;Finale;Patrick Freudl;16796;;4;237;0;1014;8;1001;1014
2026;2026-04-27;Bowlinghaus Bamberg;tournament;Nordbayerische Meisterschaft;3;Finale;Patrick Hardt;16809;;4;242;0;969;20;1001;969
2026;2026-04-27;Bowlinghaus Bamberg;tournament;Nordbayerische Meisterschaft;3;Finale;Patrick Stemmler;16495;;4;214;0;873;32;1001;873
2026;2026-04-27;Bowlinghaus Bamberg;tournament;Nordbayerische Meisterschaft;3;Finale;Robert Kristof;10124;;4;226;0;1022;7;1001;1022
2026;2026-04-27;Bowlinghaus Bamberg;tournament;Nordbayerische Meisterschaft;3;Finale;Roland Augsdörfer;38549;;4;194;0;939;26;1001;939
2026;2026-04-27;Bowlinghaus Bamberg;tournament;Nordbayerische Meisterschaft;3;Finale;Sascha Popp;38981;;4;205;0;917;29;1001;917
2026;2026-04-27;Bowlinghaus Bamberg;tournament;Nordbayerische Meisterschaft;3;Finale;Sebastian Gräfe;38687;;4;156;0;997;15;1001;997
2026;2026-04-27;Bowlinghaus Bamberg;tournament;Nordbayerische Meisterschaft;3;Finale;Steffen Birkner;25082;;4;202;0;1023;6;1001;1023
2026;2026-04-27;Bowlinghaus Bamberg;tournament;Nordbayerische Meisterschaft;3;Finale;Thomas Moser;38907;;4;194;0;984;16;1001;984
2026;2026-04-27;Bowlinghaus Bamberg;tournament;Nordbayerische Meisterschaft;3;Finale;Tim Olde Damink;25521;;4;214;0;997;14;1001;997
2026;2026-04-27;Bowlinghaus Bamberg;tournament;Nordbayerische Meisterschaft;3;Finale;Tobias Derbfuss;38270;;4;166;0;981;18;1001;981
2026;2026-04-27;Bowlinghaus Bamberg;tournament;Nordbayerische Meisterschaft;3;Finale;Tobias Franz;25638;;4;167;0;887;31;1001;887
2026;2026-04-27;Bowlinghaus Bamberg;tournament;Nordbayerische Meisterschaft;3;Finale;Tobias Kramer;38885;;4;188;0;956;22;1001;956
2026;2026-04-27;Bowlinghaus Bamberg;tournament;Nordbayerische Meisterschaft;3;Finale;Alexander Schmidt;16292;;5;195;0;1150;23;1189;1150
2026;2026-04-27;Bowlinghaus Bamberg;tournament;Nordbayerische Meisterschaft;3;Finale;Andreas Hernitschek;16386;;5;214;0;1298;2;1189;1298
2026;2026-04-27;Bowlinghaus Bamberg;tournament;Nordbayerische Meisterschaft;3;Finale;Bodo Konieczny;18802;;5;179;0;1184;14;1189;1184
2026;2026-04-27;Bowlinghaus Bamberg;tournament;Nordbayerische Meisterschaft;3;Finale;Christian Feller;16007;;5;203;0;1213;9;1189;1213
2026;2026-04-27;Bowlinghaus Bamberg;tournament;Nordbayerische Meisterschaft;3;Finale;Christian Schuster;7723;;5;234;0;1298;3;1189;1298
2026;2026-04-27;Bowlinghaus Bamberg;tournament;Nordbayerische Meisterschaft;3;Finale;Daniel Alexander;16443;;5;193;0;1272;4;1189;1272
2026;2026-04-27;Bowlinghaus Bamberg;tournament;Nordbayerische Meisterschaft;3;Finale;Daniel Badum;38043;;5;151;0;1189;12;1189;1189
2026;2026-04-27;Bowlinghaus Bamberg;tournament;Nordbayerische Meisterschaft;3;Finale;Dieter Schuster;7721;;5;191;0;1166;18;1189;1166
2026;2026-04-27;Bowlinghaus Bamberg;tournament;Nordbayerische Meisterschaft;3;Finale;Enno Jackwerth;16263;;5;189;0;1137;25;1189;1137
2026;2026-04-27;Bowlinghaus Bamberg;tournament;Nordbayerische Meisterschaft;3;Finale;Eric Gogala;46005;;5;236;0;1182;15;1189;1182
2026;2026-04-27;Bowlinghaus Bamberg;tournament;Nordbayerische Meisterschaft;3;Finale;Horst Schön;16346;;5;220;0;1053;34;1189;1053
2026;2026-04-27;Bowlinghaus Bamberg;tournament;Nordbayerische Meisterschaft;3;Finale;Jochen Birkner;7937;;5;236;0;1250;6;1189;1250
2026;2026-04-27;Bowlinghaus Bamberg;tournament;Nordbayerische Meisterschaft;3;Finale;Jonathan Nolan;16873;;5;159;0;1071;33;1189;1071
2026;2026-04-27;Bowlinghaus Bamberg;tournament;Nordbayerische Meisterschaft;3;Finale;Jörg Woyscheszik;25350;;5;192;0;1157;22;1189;1157
2026;2026-04-27;Bowlinghaus Bamberg;tournament;Nordbayerische Meisterschaft;3;Finale;Jürgen Reichel;7772;;5;225;0;1038;36;1189;1038
2026;2026-04-27;Bowlinghaus Bamberg;tournament;Nordbayerische Meisterschaft;3;Finale;Kai Bräutigam;38115;;5;180;0;1181;16;1189;1181
2026;2026-04-27;Bowlinghaus Bamberg;tournament;Nordbayerische Meisterschaft;3;Finale;Marc Schmidt;38734;;5;170;0;1171;17;1189;1171
2026;2026-04-27;Bowlinghaus Bamberg;tournament;Nordbayerische Meisterschaft;3;Finale;Mario Burghardt;12248;;5;210;0;1043;35;1189;1043
2026;2026-04-27;Bowlinghaus Bamberg;tournament;Nordbayerische Meisterschaft;3;Finale;Markus Brendel;38034;;5;224;0;1087;30;1189;1087
2026;2026-04-27;Bowlinghaus Bamberg;tournament;Nordbayerische Meisterschaft;3;Finale;Markus Fischer;38237;;5;178;0;1160;21;1189;1160
2026;2026-04-27;Bowlinghaus Bamberg;tournament;Nordbayerische Meisterschaft;3;Finale;Nico Thomas;38134;;5;165;0;1084;31;1189;1084
2026;2026-04-27;Bowlinghaus Bamberg;tournament;Nordbayerische Meisterschaft;3;Finale;Nicolas Hoffmann;38935;;5;164;0;1092;27;1189;1092
2026;2026-04-27;Bowlinghaus Bamberg;tournament;Nordbayerische Meisterschaft;3;Finale;Niklas Weiske;25484;;5;195;0;1299;1;1189;1299
2026;2026-04-27;Bowlinghaus Bamberg;tournament;Nordbayerische Meisterschaft;3;Finale;Patrick Freudl;16796;;5;223;0;1237;7;1189;1237
2026;2026-04-27;Bowlinghaus Bamberg;tournament;Nordbayerische Meisterschaft;3;Finale;Patrick Hardt;16809;;5;192;0;1161;20;1189;1161
2026;2026-04-27;Bowlinghaus Bamberg;tournament;Nordbayerische Meisterschaft;3;Finale;Patrick Stemmler;16495;;5;217;0;1090;28;1189;1090
2026;2026-04-27;Bowlinghaus Bamberg;tournament;Nordbayerische Meisterschaft;3;Finale;Robert Kristof;10124;;5;206;0;1228;8;1189;1228
2026;2026-04-27;Bowlinghaus Bamberg;tournament;Nordbayerische Meisterschaft;3;Finale;Roland Augsdörfer;38549;;5;150;0;1089;29;1189;1089
2026;2026-04-27;Bowlinghaus Bamberg;tournament;Nordbayerische Meisterschaft;3;Finale;Sascha Popp;38981;;5;200;0;1117;26;1189;1117
2026;2026-04-27;Bowlinghaus Bamberg;tournament;Nordbayerische Meisterschaft;3;Finale;Sebastian Gräfe;38687;;5;194;0;1191;11;1189;1191
2026;2026-04-27;Bowlinghaus Bamberg;tournament;Nordbayerische Meisterschaft;3;Finale;Steffen Birkner;25082;;5;238;0;1261;5;1189;1261
2026;2026-04-27;Bowlinghaus Bamberg;tournament;Nordbayerische Meisterschaft;3;Finale;Thomas Moser;38907;;5;204;0;1188;13;1189;1188
2026;2026-04-27;Bowlinghaus Bamberg;tournament;Nordbayerische Meisterschaft;3;Finale;Tim Olde Damink;25521;;5;201;0;1198;10;1189;1198
2026;2026-04-27;Bowlinghaus Bamberg;tournament;Nordbayerische Meisterschaft;3;Finale;Tobias Derbfuss;38270;;5;181;0;1162;19;1189;1162
2026;2026-04-27;Bowlinghaus Bamberg;tournament;Nordbayerische Meisterschaft;3;Finale;Tobias Franz;25638;;5;185;0;1072;32;1189;1072
2026;2026-04-27;Bowlinghaus Bamberg;tournament;Nordbayerische Meisterschaft;3;Finale;Tobias Kramer;38885;;5;192;0;1148;24;1189;1148
