Season;Date;Location;Event Type;Event Name;Round Number;Round Name;Player;Player ID;Club;Game Number;Score;Handicap
25/26;2026-04-25;Dream Bowl Palace Unterföhring;tournament;Südbayerische Meisterschaft;1;Vorlauf;Alexander Koller;7879;;0;190;0
25/26;2026-04-25;Dream Bowl Palace Unterföhring;tournament;Südbayerische Meisterschaft;1;Vorlauf;Alexander Koller;7879;;1;217;0
25/26;2026-04-25;Dream Bowl Palace Unterföhring;tournament;Südbayerische Meisterschaft;1;Vorlauf;Alexander Koller;7879;;2;172;0
25/26;2026-04-25;Dream Bowl Palace Unterföhring;tournament;Südbayerische Meisterschaft;1;Vorlauf;Alexander Koller;7879;;3;223;0
25/26;2026-04-25;Dream Bowl Palace Unterföhring;tournament;Südbayerische Meisterschaft;1;Vorlauf;Alexander Koller;7879;;4;224;0
25/26;2026-04-25;Dream Bowl Palace Unterföhring;tournament;Südbayerische Meisterschaft;1;Vorlauf;Alexander Koller;7879;;5;243;0
25/26;2026-04-26;Dream Bowl Palace Unterföhring;tournament;Südbayerische Meisterschaft;2;Zwischenlauf;Alexander Koller;7879;;0;238;0
25/26;2026-04-26;Dream Bowl Palace Unterföhring;tournament;Südbayerische Meisterschaft;2;Zwischenlauf;Alexander Koller;7879;;1;234;0
25/26;2026-04-26;Dream Bowl Palace Unterföhring;tournament;Südbayerische Meisterschaft;2;Zwischenlauf;Alexander Koller;7879;;2;205;0
25/26;2026-04-26;Dream Bowl Palace Unterföhring;tournament;Südbayerische Meisterschaft;2;Zwischenlauf;Alexander Koller;7879;;3;247;0
25/26;2026-04-26;Dream Bowl Palace Unterföhring;tournament;Südbayerische Meisterschaft;2;Zwischenlauf;Alexander Koller;7879;;4;220;0
25/26;2026-04-26;Dream Bowl Palace Unterföhring;tournament;Südbayerische Meisterschaft;2;Zwischenlauf;Alexander Koller;7879;;5;258;0
25/26;2026-04-27;Dream Bowl Palace Unterföhring;tournament;Südbayerische Meisterschaft;3;Finale;Alexander Koller;7879;;0;237;0
25/26;2026-04-27;Dream Bowl Palace Unterföhring;tournament;Südbayerische Meisterschaft;3;Finale;Alexander Koller;7879;;1;216;0
25/26;2026-04-27;Dream Bowl Palace Unterföhring;tournament;Südbayerische Meisterschaft;3;Finale;Alexander Koller;7879;;2;182;0
25/26;2026-04-27;Dream Bowl Palace Unterföhring;tournament;Südbayerische Meisterschaft;3;Finale;Alexander Koller;7879;;3;246;0
25/26;2026-04-27;Dream Bowl Palace Unterföhring;tournament;Südbayerische Meisterschaft;3;Finale;Alexander Koller;7879;;4;236;0
25/26;2026-04-27;Dream Bowl Palace Unterföhring;tournament;Südbayerische Meisterschaft;3;Finale;Alexander Koller;7879;;5;298;0
25/26;2026-04-25;Dream Bowl Palace Unterföhring;tournament;Südbayerische Meisterschaft;1;Vorlauf;Tobias Börding;7592;;0;206;0
25/26;2026-04-25;Dream Bowl Palace Unterföhring;tournament;Südbayerische Meisterschaft;1;Vorlauf;Tobias Börding;7592;;1;186;0
25/26;2026-04-25;Dream Bowl Palace Unterföhring;tournament;Südbayerische Meisterschaft;1;Vorlauf;Tobias Börding;7592;;2;194;0
25/26;2026-04-25;Dream Bowl Palace Unterföhring;tournament;Südbayerische Meisterschaft;1;Vorlauf;Tobias Börding;7592;;3;225;0
25/26;2026-04-25;Dream Bowl Palace Unterföhring;tournament;Südbayerische Meisterschaft;1;Vorlauf;Tobias Börding;7592;;4;198;0
25/26;2026-04-25;Dream Bowl Palace Unterföhring;tournament;Südbayerische Meisterschaft;1;Vorlauf;Tobias Börding;7592;;5;215;0
25/26;2026-04-26;Dream Bowl Palace Unterföhring;tournament;Südbayerische Meisterschaft;2;Zwischenlauf;Tobias Börding;7592;;0;214;0
25/26;2026-04-26;Dream Bowl Palace Unterföhring;tournament;Südbayerische Meisterschaft;2;Zwischenlauf;Tobias Börding;7592;;1;234;0
25/26;2026-04-26;Dream Bowl Palace Unterföhring;tournament;Südbayerische Meisterschaft;2;Zwischenlauf;Tobias Börding;7592;;2;218;0
25/26;2026-04-26;Dream Bowl Palace Unterföhring;tournament;Südbayerische Meisterschaft;2;Zwischenlauf;Tobias Börding;7592;;3;185;0
25/26;2026-04-26;Dream Bowl Palace Unterföhring;tournament;Südbayerische Meisterschaft;2;Zwischenlauf;Tobias Börding;7592;;4;236;0
25/26;2026-04-26;Dream Bowl Palace Unterföhring;tournament;Südbayerische Meisterschaft;2;Zwischenlauf;Tobias Börding;7592;;5;236;0
25/26;2026-04-27;Dream Bowl Palace Unterföhring;tournament;Südbayerische Meisterschaft;3;Finale;Tobias Börding;7592;;0;222;0
25/26;2026-04-27;Dream Bowl Palace Unterföhring;tournament;Südbayerische Meisterschaft;3;Finale;Tobias Börding;7592;;1;189;0
25/26;2026-04-27;Dream Bowl Palace Unterföhring;tournament;Südbayerische Meisterschaft;3;Finale;Tobias Börding;7592;;2;209;0
25/26;2026-04-27;Dream Bowl Palace Unterföhring;tournament;Südbayerische Meisterschaft;3;Finale;Tobias Börding;7592;;3;233;0
25/26;2026-04-27;Dream Bowl Palace Unterföhring;tournament;Südbayerische Meisterschaft;3;Finale;Tobias Börding;7592;;4;255;0
25/26;2026-04-27;Dream Bowl Palace Unterföhring;tournament;Südbayerische Meisterschaft;3;Finale;Tobias Börding;7592;;5;216;0
25/26;2026-04-25;Dream Bowl Palace Unterföhring;tournament;Südbayerische Meisterschaft;1;Vorlauf;Michael Eisenmann-Seybold;7595;;0;237;0
25/26;2026-04-25;Dream Bowl Palace Unterföhring;tournament;Südbayerische Meisterschaft;1;Vorlauf;Michael Eisenmann-Seybold;7595;;1;205;0
25/26;2026-04-25;Dream Bowl Palace Unterföhring;tournament;Südbayerische Meisterschaft;1;Vorlauf;Michael Eisenmann-Seybold;7595;;2;259;0
25/26;2026-04-25;Dream Bowl Palace Unterföhring;tournament;Südbayerische Meisterschaft;1;Vorlauf;Michael Eisenmann-Seybold;7595;;3;245;0
25/26;2026-04-25;Dream Bowl Palace Unterföhring;tournament;Südbayerische Meisterschaft;1;Vorlauf;Michael Eisenmann-Seybold;7595;;4;157;0
25/26;2026-04-25;Dream Bowl Palace Unterföhring;tournament;Südbayerische Meisterschaft;1;Vorlauf;Michael Eisenmann-Seybold;7595;;5;217;0
25/26;2026-04-26;Dream Bowl Palace Unterföhring;tournament;Südbayerische Meisterschaft;2;Zwischenlauf;Michael Eisenmann-Seybold;7595;;0;235;0
25/26;2026-04-26;Dream Bowl Palace Unterföhring;tournament;Südbayerische Meisterschaft;2;Zwischenlauf;Michael Eisenmann-Seybold;7595;;1;161;0
25/26;2026-04-26;Dream Bowl Palace Unterföhring;tournament;Südbayerische Meisterschaft;2;Zwischenlauf;Michael Eisenmann-Seybold;7595;;2;208;0
25/26;2026-04-26;Dream Bowl Palace Unterföhring;tournament;Südbayerische Meisterschaft;2;Zwischenlauf;Michael Eisenmann-Seybold;7595;;3;222;0
25/26;2026-04-26;Dream Bowl Palace Unterföhring;tournament;Südbayerische Meisterschaft;2;Zwischenlauf;Michael Eisenmann-Seybold;7595;;4;197;0
25/26;2026-04-26;Dream Bowl Palace Unterföhring;tournament;Südbayerische Meisterschaft;2;Zwischenlauf;Michael Eisenmann-Seybold;7595;;5;224;0
25/26;2026-04-27;Dream Bowl Palace Unterföhring;tournament;Südbayerische Meisterschaft;3;Finale;Michael Eisenmann-Seybold;7595;;0;192;0
25/26;2026-04-27;Dream Bowl Palace Unterföhring;tournament;Südbayerische Meisterschaft;3;Finale;Michael Eisenmann-Seybold;7595;;1;200;0
25/26;2026-04-27;Dream Bowl Palace Unterföhring;tournament;Südbayerische Meisterschaft;3;Finale;Michael Eisenmann-Seybold;7595;;2;257;0
25/26;2026-04-27;Dream Bowl Palace Unterföhring;tournament;Südbayerische Meisterschaft;3;Finale;Michael Eisenmann-Seybold;7595;;3;196;0
25/26;2026-04-27;Dream Bowl Palace Unterföhring;tournament;Südbayerische Meisterschaft;3;Finale;Michael Eisenmann-Seybold;7595;;4;185;0
25/26;2026-04-27;Dream Bowl Palace Unterföhring;tournament;Südbayerische Meisterschaft;3;Finale;Michael Eisenmann-Seybold;7595;;5;242;0
25/26;2026-04-25;Dream Bowl Palace Unterföhring;tournament;Südbayerische Meisterschaft;1;Vorlauf;Peter Börding;7593;;0;233;0
25/26;2026-04-25;Dream Bowl Palace Unterföhring;tournament;Südbayerische Meisterschaft;1;Vorlauf;Peter Börding;7593;;1;163;0
25/26;2026-04-25;Dream Bowl Palace Unterföhring;tournament;Südbayerische Meisterschaft;1;Vorlauf;Peter Börding;7593;;2;247;0
25/26;2026-04-25;Dream Bowl Palace Unterföhring;tournament;Südbayerische Meisterschaft;1;Vorlauf;Peter Börding;7593;;3;185;0
25/26;2026-04-25;Dream Bowl Palace Unterföhring;tournament;Südbayerische Meisterschaft;1;Vorlauf;Peter Börding;7593;;4;243;0
25/26;2026-04-25;Dream Bowl Palace Unterföhring;tournament;Südbayerische Meisterschaft;1;Vorlauf;Peter Börding;7593;;5;207;0
25/26;2026-04-26;Dream Bowl Palace Unterföhring;tournament;Südbayerische Meisterschaft;2;Zwischenlauf;Peter Börding;7593;;0;196;0
25/26;2026-04-26;Dream Bowl Palace Unterföhring;tournament;Südbayerische Meisterschaft;2;Zwischenlauf;Peter Börding;7593;;1;179;0
25/26;2026-04-26;Dream Bowl Palace Unterföhring;tournament;Südbayerische Meisterschaft;2;Zwischenlauf;Peter Börding;7593;;2;243;0
25/26;2026-04-26;Dream Bowl Palace Unterföhring;tournament;Südbayerische Meisterschaft;2;Zwischenlauf;Peter Börding;7593;;3;191;0
25/26;2026-04-26;Dream Bowl Palace Unterföhring;tournament;Südbayerische Meisterschaft;2;Zwischenlauf;Peter Börding;7593;;4;258;0
25/26;2026-04-26;Dream Bowl Palace Unterföhring;tournament;Südbayerische Meisterschaft;2;Zwischenlauf;Peter Börding;7593;;5;180;0
25/26;2026-04-27;Dream Bowl Palace Unterföhring;tournament;Südbayerische Meisterschaft;3;Finale;Peter Börding;7593;;0;224;0
25/26;2026-04-27;Dream Bowl Palace Unterföhring;tournament;Südbayerische Meisterschaft;3;Finale;Peter Börding;7593;;1;237;0
25/26;2026-04-27;Dream Bowl Palace Unterföhring;tournament;Südbayerische Meisterschaft;3;Finale;Peter Börding;7593;;2;234;0
25/26;2026-04-27;Dream Bowl Palace Unterföhring;tournament;Südbayerische Meisterschaft;3;Finale;Peter Börding;7593;;3;194;0
25/26;2026-04-27;Dream Bowl Palace Unterföhring;tournament;Südbayerische Meisterschaft;3;Finale;Peter Börding;7593;;4;218;0
25/26;2026-04-27;Dream Bowl Palace Unterföhring;tournament;Südbayerische Meisterschaft;3;Finale;Peter Börding;7593;;5;203;0
25/26;2026-04-25;Dream Bowl Palace Unterföhring;tournament;Südbayerische Meisterschaft;1;Vorlauf;Moritz Wiemken;25830;;0;243;0
25/26;2026-04-25;Dream Bowl Palace Unterföhring;tournament;Südbayerische Meisterschaft;1;Vorlauf;Moritz Wiemken;25830;;1;234;0
25/26;2026-04-25;Dream Bowl Palace Unterföhring;tournament;Südbayerische Meisterschaft;1;Vorlauf;Moritz Wiemken;25830;;2;226;0
25/26;2026-04-25;Dream Bowl Palace Unterföhring;tournament;Südbayerische Meisterschaft;1;Vorlauf;Moritz Wiemken;25830;;3;213;0
25/26;2026-04-25;Dream Bowl Palace Unterföhring;tournament;Südbayerische Meisterschaft;1;Vorlauf;Moritz Wiemken;25830;;4;192;0
25/26;2026-04-25;Dream Bowl Palace Unterföhring;tournament;Südbayerische Meisterschaft;1;Vorlauf;Moritz Wiemken;25830;;5;224;0
25/26;2026-04-26;Dream Bowl Palace Unterföhring;tournament;Südbayerische Meisterschaft;2;Zwischenlauf;Moritz Wiemken;25830;;0;169;0
25/26;2026-04-26;Dream Bowl Palace Unterföhring;tournament;Südbayerische Meisterschaft;2;Zwischenlauf;Moritz Wiemken;25830;;1;182;0
25/26;2026-04-26;Dream Bowl Palace Unterföhring;tournament;Südbayerische Meisterschaft;2;Zwischenlauf;Moritz Wiemken;25830;;2;233;0
25/26;2026-04-26;Dream Bowl Palace Unterföhring;tournament;Südbayerische Meisterschaft;2;Zwischenlauf;Moritz Wiemken;25830;;3;197;0
25/26;2026-04-26;Dream Bowl Palace Unterföhring;tournament;Südbayerische Meisterschaft;2;Zwischenlauf;Moritz Wiemken;25830;;4;221;0
25/26;2026-04-26;Dream Bowl Palace Unterföhring;tournament;Südbayerische Meisterschaft;2;Zwischenlauf;Moritz Wiemken;25830;;5;227;0
25/26;2026-04-27;Dream Bowl Palace Unterföhring;tournament;Südbayerische Meisterschaft;3;Finale;Moritz Wiemken;25830;;0;190;0
25/26;2026-04-27;Dream Bowl Palace Unterföhring;tournament;Südbayerische Meisterschaft;3;Finale;Moritz Wiemken;25830;;1;252;0
25/26;2026-04-27;Dream Bowl Palace Unterföhring;tournament;Südbayerische Meisterschaft;3;Finale;Moritz Wiemken;25830;;2;172;0
25/26;2026-04-27;Dream Bowl Palace Unterföhring;tournament;Südbayerische Meisterschaft;3;Finale;Moritz Wiemken;25830;;3;207;0
25/26;2026-04-27;Dream Bowl Palace Unterföhring;tournament;Südbayerische Meisterschaft;3;Finale;Moritz Wiemken;25830;;4;171;0
25/26;2026-04-27;Dream Bowl Palace Unterföhring;tournament;Südbayerische Meisterschaft;3;Finale;Moritz Wiemken;25830;;5;209;0
25/26;2026-04-25;Dream Bowl Palace Unterföhring;tournament;Südbayerische Meisterschaft;1;Vorlauf;Daniel Hellmich;7314;;0;191;0
25/26;2026-04-25;Dream Bowl Palace Unterföhring;tournament;Südbayerische Meisterschaft;1;Vorlauf;Daniel Hellmich;7314;;1;185;0
25/26;2026-04-25;Dream Bowl Palace Unterföhring;tournament;Südbayerische Meisterschaft;1;Vorlauf;Daniel Hellmich;7314;;2;198;0
25/26;2026-04-25;Dream Bowl Palace Unterföhring;tournament;Südbayerische Meisterschaft;1;Vorlauf;Daniel Hellmich;7314;;3;192;0
25/26;2026-04-25;Dream Bowl Palace Unterföhring;tournament;Südbayerische Meisterschaft;1;Vorlauf;Daniel Hellmich;7314;;4;180;0
25/26;2026-04-25;Dream Bowl Palace Unterföhring;tournament;Südbayerische Meisterschaft;1;Vorlauf;Daniel Hellmich;7314;;5;231;0
25/26;2026-04-26;Dream Bowl Palace Unterföhring;tournament;Südbayerische Meisterschaft;2;Zwischenlauf;Daniel Hellmich;7314;;0;247;0
25/26;2026-04-26;Dream Bowl Palace Unterföhring;tournament;Südbayerische Meisterschaft;2;Zwischenlauf;Daniel Hellmich;7314;;1;208;0
25/26;2026-04-26;Dream Bowl Palace Unterföhring;tournament;Südbayerische Meisterschaft;2;Zwischenlauf;Daniel Hellmich;7314;;2;177;0
25/26;2026-04-26;Dream Bowl Palace Unterföhring;tournament;Südbayerische Meisterschaft;2;Zwischenlauf;Daniel Hellmich;7314;;3;208;0
25/26;2026-04-26;Dream Bowl Palace Unterföhring;tournament;Südbayerische Meisterschaft;2;Zwischenlauf;Daniel Hellmich;7314;;4;207;0
25/26;2026-04-26;Dream Bowl Palace Unterföhring;tournament;Südbayerische Meisterschaft;2;Zwischenlauf;Daniel Hellmich;7314;;5;198;0
25/26;2026-04-27;Dream Bowl Palace Unterföhring;tournament;Südbayerische Meisterschaft;3;Finale;Daniel Hellmich;7314;;0;233;0
25/26;2026-04-27;Dream Bowl Palace Unterföhring;tournament;Südbayerische Meisterschaft;3;Finale;Daniel Hellmich;7314;;1;185;0
25/26;2026-04-27;Dream Bowl Palace Unterföhring;tournament;Südbayerische Meisterschaft;3;Finale;Daniel Hellmich;7314;;2;227;0
25/26;2026-04-27;Dream Bowl Palace Unterföhring;tournament;Südbayerische Meisterschaft;3;Finale;Daniel Hellmich;7314;;3;203;0
25/26;2026-04-27;Dream Bowl Palace Unterföhring;tournament;Südbayerische Meisterschaft;3;Finale;Daniel Hellmich;7314;;4;169;0
25/26;2026-04-27;Dream Bowl Palace Unterföhring;tournament;Südbayerische Meisterschaft;3;Finale;Daniel Hellmich;7314;;5;267;0
25/26;2026-04-25;Dream Bowl Palace Unterföhring;tournament;Südbayerische Meisterschaft;1;Vorlauf;Thomas Auer;16888;;0;162;0
25/26;2026-04-25;Dream Bowl Palace Unterföhring;tournament;Südbayerische Meisterschaft;1;Vorlauf;Thomas Auer;16888;;1;225;0
25/26;2026-04-25;Dream Bowl Palace Unterföhring;tournament;Südbayerische Meisterschaft;1;Vorlauf;Thomas Auer;16888;;2;167;0
25/26;2026-04-25;Dream Bowl Palace Unterföhring;tournament;Südbayerische Meisterschaft;1;Vorlauf;Thomas Auer;16888;;3;234;0
25/26;2026-04-25;Dream Bowl Palace Unterföhring;tournament;Südbayerische Meisterschaft;1;Vorlauf;Thomas Auer;16888;;4;216;0
25/26;2026-04-25;Dream Bowl Palace Unterföhring;tournament;Südbayerische Meisterschaft;1;Vorlauf;Thomas Auer;16888;;5;201;0
25/26;2026-04-26;Dream Bowl Palace Unterföhring;tournament;Südbayerische Meisterschaft;2;Zwischenlauf;Thomas Auer;16888;;0;191;0
25/26;2026-04-26;Dream Bowl Palace Unterföhring;tournament;Südbayerische Meisterschaft;2;Zwischenlauf;Thomas Auer;16888;;1;206;0
25/26;2026-04-26;Dream Bowl Palace Unterföhring;tournament;Südbayerische Meisterschaft;2;Zwischenlauf;Thomas Auer;16888;;2;181;0
25/26;2026-04-26;Dream Bowl Palace Unterföhring;tournament;Südbayerische Meisterschaft;2;Zwischenlauf;Thomas Auer;16888;;3;204;0
25/26;2026-04-26;Dream Bowl Palace Unterföhring;tournament;Südbayerische Meisterschaft;2;Zwischenlauf;Thomas Auer;16888;;4;204;0
25/26;2026-04-26;Dream Bowl Palace Unterföhring;tournament;Südbayerische Meisterschaft;2;Zwischenlauf;Thomas Auer;16888;;5;257;0
25/26;2026-04-27;Dream Bowl Palace Unterföhring;tournament;Südbayerische Meisterschaft;3;Finale;Thomas Auer;16888;;0;238;0
25/26;2026-04-27;Dream Bowl Palace Unterföhring;tournament;Südbayerische Meisterschaft;3;Finale;Thomas Auer;16888;;1;225;0
25/26;2026-04-27;Dream Bowl Palace Unterföhring;tournament;Südbayerische Meisterschaft;3;Finale;Thomas Auer;16888;;2;156;0
25/26;2026-04-27;Dream Bowl Palace Unterföhring;tournament;Südbayerische Meisterschaft;3;Finale;Thomas Auer;16888;;3;195;0
25/26;2026-04-27;Dream Bowl Palace Unterföhring;tournament;Südbayerische Meisterschaft;3;Finale;Thomas Auer;16888;;4;247;0
25/26;2026-04-27;Dream Bowl Palace Unterföhring;tournament;Südbayerische Meisterschaft;3;Finale;Thomas Auer;16888;;5;180;0
25/26;2026-04-25;Dream Bowl Palace Unterföhring;tournament;Südbayerische Meisterschaft;1;Vorlauf;Andre Michow;16965;;0;195;0
25/26;2026-04-25;Dream Bowl Palace Unterföhring;tournament;Südbayerische Meisterschaft;1;Vorlauf;Andre Michow;16965;;1;215;0
25/26;2026-04-25;Dream Bowl Palace Unterföhring;tournament;Südbayerische Meisterschaft;1;Vorlauf;Andre Michow;16965;;2;187;0
25/26;2026-04-25;Dream Bowl Palace Unterföhring;tournament;Südbayerische Meisterschaft;1;Vorlauf;Andre Michow;16965;;3;208;0
25/26;2026-04-25;Dream Bowl Palace Unterföhring;tournament;Südbayerische Meisterschaft;1;Vorlauf;Andre Michow;16965;;4;184;0
25/26;2026-04-25;Dream Bowl Palace Unterföhring;tournament;Südbayerische Meisterschaft;1;Vorlauf;Andre Michow;16965;;5;226;0
25/26;2026-04-26;Dream Bowl Palace Unterföhring;tournament;Südbayerische Meisterschaft;2;Zwischenlauf;Andre Michow;16965;;0;215;0
25/26;2026-04-26;Dream Bowl Palace Unterföhring;tournament;Südbayerische Meisterschaft;2;Zwischenlauf;Andre Michow;16965;;1;155;0
25/26;2026-04-26;Dream Bowl Palace Unterföhring;tournament;Südbayerische Meisterschaft;2;Zwischenlauf;Andre Michow;16965;;2;210;0
25/26;2026-04-26;Dream Bowl Palace Unterföhring;tournament;Südbayerische Meisterschaft;2;Zwischenlauf;Andre Michow;16965;;3;277;0
25/26;2026-04-26;Dream Bowl Palace Unterföhring;tournament;Südbayerische Meisterschaft;2;Zwischenlauf;Andre Michow;16965;;4;196;0
25/26;2026-04-26;Dream Bowl Palace Unterföhring;tournament;Südbayerische Meisterschaft;2;Zwischenlauf;Andre Michow;16965;;5;214;0
25/26;2026-04-27;Dream Bowl Palace Unterföhring;tournament;Südbayerische Meisterschaft;3;Finale;Andre Michow;16965;;0;197;0
25/26;2026-04-27;Dream Bowl Palace Unterföhring;tournament;Südbayerische Meisterschaft;3;Finale;Andre Michow;16965;;1;203;0
25/26;2026-04-27;Dream Bowl Palace Unterföhring;tournament;Südbayerische Meisterschaft;3;Finale;Andre Michow;16965;;2;216;0
25/26;2026-04-27;Dream Bowl Palace Unterföhring;tournament;Südbayerische Meisterschaft;3;Finale;Andre Michow;16965;;3;226;0
25/26;2026-04-27;Dream Bowl Palace Unterföhring;tournament;Südbayerische Meisterschaft;3;Finale;Andre Michow;16965;;4;188;0
25/26;2026-04-27;Dream Bowl Palace Unterföhring;tournament;Südbayerische Meisterschaft;3;Finale;Andre Michow;16965;;5;154;0
25/26;2026-04-25;Dream Bowl Palace Unterföhring;tournament;Südbayerische Meisterschaft;1;Vorlauf;Oliver Schütze;38550;;0;193;0
25/26;2026-04-25;Dream Bowl Palace Unterföhring;tournament;Südbayerische Meisterschaft;1;Vorlauf;Oliver Schütze;38550;;1;213;0
25/26;2026-04-25;Dream Bowl Palace Unterföhring;tournament;Südbayerische Meisterschaft;1;Vorlauf;Oliver Schütze;38550;;2;137;0
25/26;2026-04-25;Dream Bowl Palace Unterföhring;tournament;Südbayerische Meisterschaft;1;Vorlauf;Oliver Schütze;38550;;3;203;0
25/26;2026-04-25;Dream Bowl Palace Unterföhring;tournament;Südbayerische Meisterschaft;1;Vorlauf;Oliver Schütze;38550;;4;210;0
25/26;2026-04-25;Dream Bowl Palace Unterföhring;tournament;Südbayerische Meisterschaft;1;Vorlauf;Oliver Schütze;38550;;5;225;0
25/26;2026-04-26;Dream Bowl Palace Unterföhring;tournament;Südbayerische Meisterschaft;2;Zwischenlauf;Oliver Schütze;38550;;0;129;0
25/26;2026-04-26;Dream Bowl Palace Unterföhring;tournament;Südbayerische Meisterschaft;2;Zwischenlauf;Oliver Schütze;38550;;1;177;0
25/26;2026-04-26;Dream Bowl Palace Unterföhring;tournament;Südbayerische Meisterschaft;2;Zwischenlauf;Oliver Schütze;38550;;2;249;0
25/26;2026-04-26;Dream Bowl Palace Unterföhring;tournament;Südbayerische Meisterschaft;2;Zwischenlauf;Oliver Schütze;38550;;3;196;0
25/26;2026-04-26;Dream Bowl Palace Unterföhring;tournament;Südbayerische Meisterschaft;2;Zwischenlauf;Oliver Schütze;38550;;4;280;0
25/26;2026-04-26;Dream Bowl Palace Unterföhring;tournament;Südbayerische Meisterschaft;2;Zwischenlauf;Oliver Schütze;38550;;5;182;0
25/26;2026-04-27;Dream Bowl Palace Unterföhring;tournament;Südbayerische Meisterschaft;3;Finale;Oliver Schütze;38550;;0;209;0
25/26;2026-04-27;Dream Bowl Palace Unterföhring;tournament;Südbayerische Meisterschaft;3;Finale;Oliver Schütze;38550;;1;189;0
25/26;2026-04-27;Dream Bowl Palace Unterföhring;tournament;Südbayerische Meisterschaft;3;Finale;Oliver Schütze;38550;;2;172;0
25/26;2026-04-27;Dream Bowl Palace Unterföhring;tournament;Südbayerische Meisterschaft;3;Finale;Oliver Schütze;38550;;3;223;0
25/26;2026-04-27;Dream Bowl Palace Unterföhring;tournament;Südbayerische Meisterschaft;3;Finale;Oliver Schütze;38550;;4;297;0
25/26;2026-04-27;Dream Bowl Palace Unterföhring;tournament;Südbayerische Meisterschaft;3;Finale;Oliver Schütze;38550;;5;172;0
25/26;2026-04-25;Dream Bowl Palace Unterföhring;tournament;Südbayerische Meisterschaft;1;Vorlauf;Bernd Wiemken;25203;;0;172;0
25/26;2026-04-25;Dream Bowl Palace Unterföhring;tournament;Südbayerische Meisterschaft;1;Vorlauf;Bernd Wiemken;25203;;1;211;0
25/26;2026-04-25;Dream Bowl Palace Unterföhring;tournament;Südbayerische Meisterschaft;1;Vorlauf;Bernd Wiemken;25203;;2;189;0
25/26;2026-04-25;Dream Bowl Palace Unterföhring;tournament;Südbayerische Meisterschaft;1;Vorlauf;Bernd Wiemken;25203;;3;220;0
25/26;2026-04-25;Dream Bowl Palace Unterföhring;tournament;Südbayerische Meisterschaft;1;Vorlauf;Bernd Wiemken;25203;;4;168;0
25/26;2026-04-25;Dream Bowl Palace Unterföhring;tournament;Südbayerische Meisterschaft;1;Vorlauf;Bernd Wiemken;25203;;5;216;0
25/26;2026-04-26;Dream Bowl Palace Unterföhring;tournament;Südbayerische Meisterschaft;2;Zwischenlauf;Bernd Wiemken;25203;;0;205;0
25/26;2026-04-26;Dream Bowl Palace Unterföhring;tournament;Südbayerische Meisterschaft;2;Zwischenlauf;Bernd Wiemken;25203;;1;241;0
25/26;2026-04-26;Dream Bowl Palace Unterföhring;tournament;Südbayerische Meisterschaft;2;Zwischenlauf;Bernd Wiemken;25203;;2;150;0
25/26;2026-04-26;Dream Bowl Palace Unterföhring;tournament;Südbayerische Meisterschaft;2;Zwischenlauf;Bernd Wiemken;25203;;3;192;0
25/26;2026-04-26;Dream Bowl Palace Unterföhring;tournament;Südbayerische Meisterschaft;2;Zwischenlauf;Bernd Wiemken;25203;;4;248;0
25/26;2026-04-26;Dream Bowl Palace Unterföhring;tournament;Südbayerische Meisterschaft;2;Zwischenlauf;Bernd Wiemken;25203;;5;227;0
25/26;2026-04-27;Dream Bowl Palace Unterföhring;tournament;Südbayerische Meisterschaft;3;Finale;Bernd Wiemken;25203;;0;193;0
25/26;2026-04-27;Dream Bowl Palace Unterföhring;tournament;Südbayerische Meisterschaft;3;Finale;Bernd Wiemken;25203;;1;197;0
25/26;2026-04-27;Dream Bowl Palace Unterföhring;tournament;Südbayerische Meisterschaft;3;Finale;Bernd Wiemken;25203;;2;256;0
25/26;2026-04-27;Dream Bowl Palace Unterföhring;tournament;Südbayerische Meisterschaft;3;Finale;Bernd Wiemken;25203;;3;201;0
25/26;2026-04-27;Dream Bowl Palace Unterföhring;tournament;Südbayerische Meisterschaft;3;Finale;Bernd Wiemken;25203;;4;172;0
25/26;2026-04-27;Dream Bowl Palace Unterföhring;tournament;Südbayerische Meisterschaft;3;Finale;Bernd Wiemken;25203;;5;182;0
25/26;2026-04-25;Dream Bowl Palace Unterföhring;tournament;Südbayerische Meisterschaft;1;Vorlauf;Nicolas Kabel;38092;;0;137;0
25/26;2026-04-25;Dream Bowl Palace Unterföhring;tournament;Südbayerische Meisterschaft;1;Vorlauf;Nicolas Kabel;38092;;1;157;0
25/26;2026-04-25;Dream Bowl Palace Unterföhring;tournament;Südbayerische Meisterschaft;1;Vorlauf;Nicolas Kabel;38092;;2;216;0
25/26;2026-04-25;Dream Bowl Palace Unterföhring;tournament;Südbayerische Meisterschaft;1;Vorlauf;Nicolas Kabel;38092;;3;209;0
25/26;2026-04-25;Dream Bowl Palace Unterföhring;tournament;Südbayerische Meisterschaft;1;Vorlauf;Nicolas Kabel;38092;;4;222;0
25/26;2026-04-25;Dream Bowl Palace Unterföhring;tournament;Südbayerische Meisterschaft;1;Vorlauf;Nicolas Kabel;38092;;5;214;0
25/26;2026-04-26;Dream Bowl Palace Unterföhring;tournament;Südbayerische Meisterschaft;2;Zwischenlauf;Nicolas Kabel;38092;;0;188;0
25/26;2026-04-26;Dream Bowl Palace Unterföhring;tournament;Südbayerische Meisterschaft;2;Zwischenlauf;Nicolas Kabel;38092;;1;186;0
25/26;2026-04-26;Dream Bowl Palace Unterföhring;tournament;Südbayerische Meisterschaft;2;Zwischenlauf;Nicolas Kabel;38092;;2;225;0
25/26;2026-04-26;Dream Bowl Palace Unterföhring;tournament;Südbayerische Meisterschaft;2;Zwischenlauf;Nicolas Kabel;38092;;3;183;0
25/26;2026-04-26;Dream Bowl Palace Unterföhring;tournament;Südbayerische Meisterschaft;2;Zwischenlauf;Nicolas Kabel;38092;;4;298;0
25/26;2026-04-26;Dream Bowl Palace Unterföhring;tournament;Südbayerische Meisterschaft;2;Zwischenlauf;Nicolas Kabel;38092;;5;199;0
25/26;2026-04-27;Dream Bowl Palace Unterföhring;tournament;Südbayerische Meisterschaft;3;Finale;Nicolas Kabel;38092;;0;230;0
25/26;2026-04-27;Dream Bowl Palace Unterföhring;tournament;Südbayerische Meisterschaft;3;Finale;Nicolas Kabel;38092;;1;171;0
25/26;2026-04-27;Dream Bowl Palace Unterföhring;tournament;Südbayerische Meisterschaft;3;Finale;Nicolas Kabel;38092;;2;223;0
25/26;2026-04-27;Dream Bowl Palace Unterföhring;tournament;Südbayerische Meisterschaft;3;Finale;Nicolas Kabel;38092;;3;197;0
25/26;2026-04-27;Dream Bowl Palace Unterföhring;tournament;Südbayerische Meisterschaft;3;Finale;Nicolas Kabel;38092;;4;192;0
25/26;2026-04-27;Dream Bowl Palace Unterföhring;tournament;Südbayerische Meisterschaft;3;Finale;Nicolas Kabel;38092;;5;191;0
25/26;2026-04-25;Dream Bowl Palace Unterföhring;tournament;Südbayerische Meisterschaft;1;Vorlauf;Sebastian Hinterwimmer;7885;;0;165;0
25/26;2026-04-25;Dream Bowl Palace Unterföhring;tournament;Südbayerische Meisterschaft;1;Vorlauf;Sebastian Hinterwimmer;7885;;1;234;0
25/26;2026-04-25;Dream Bowl Palace Unterföhring;tournament;Südbayerische Meisterschaft;1;Vorlauf;Sebastian Hinterwimmer;7885;;2;194;0
25/26;2026-04-25;Dream Bowl Palace Unterföhring;tournament;Südbayerische Meisterschaft;1;Vorlauf;Sebastian Hinterwimmer;7885;;3;205;0
25/26;2026-04-25;Dream Bowl Palace Unterföhring;tournament;Südbayerische Meisterschaft;1;Vorlauf;Sebastian Hinterwimmer;7885;;4;153;0
25/26;2026-04-25;Dream Bowl Palace Unterföhring;tournament;Südbayerische Meisterschaft;1;Vorlauf;Sebastian Hinterwimmer;7885;;5;222;0
25/26;2026-04-26;Dream Bowl Palace Unterföhring;tournament;Südbayerische Meisterschaft;2;Zwischenlauf;Sebastian Hinterwimmer;7885;;0;201;0
25/26;2026-04-26;Dream Bowl Palace Unterföhring;tournament;Südbayerische Meisterschaft;2;Zwischenlauf;Sebastian Hinterwimmer;7885;;1;206;0
25/26;2026-04-26;Dream Bowl Palace Unterföhring;tournament;Südbayerische Meisterschaft;2;Zwischenlauf;Sebastian Hinterwimmer;7885;;2;180;0
25/26;2026-04-26;Dream Bowl Palace Unterföhring;tournament;Südbayerische Meisterschaft;2;Zwischenlauf;Sebastian Hinterwimmer;7885;;3;199;0
25/26;2026-04-26;Dream Bowl Palace Unterföhring;tournament;Südbayerische Meisterschaft;2;Zwischenlauf;Sebastian Hinterwimmer;7885;;4;242;0
25/26;2026-04-26;Dream Bowl Palace Unterföhring;tournament;Südbayerische Meisterschaft;2;Zwischenlauf;Sebastian Hinterwimmer;7885;;5;215;0
25/26;2026-04-27;Dream Bowl Palace Unterföhring;tournament;Südbayerische Meisterschaft;3;Finale;Sebastian Hinterwimmer;7885;;0;186;0
25/26;2026-04-27;Dream Bowl Palace Unterföhring;tournament;Südbayerische Meisterschaft;3;Finale;Sebastian Hinterwimmer;7885;;1;208;0
25/26;2026-04-27;Dream Bowl Palace Unterföhring;tournament;Südbayerische Meisterschaft;3;Finale;Sebastian Hinterwimmer;7885;;2;200;0
25/26;2026-04-27;Dream Bowl Palace Unterföhring;tournament;Südbayerische Meisterschaft;3;Finale;Sebastian Hinterwimmer;7885;;3;266;0
25/26;2026-04-27;Dream Bowl Palace Unterföhring;tournament;Südbayerische Meisterschaft;3;Finale;Sebastian Hinterwimmer;7885;;4;170;0
25/26;2026-04-27;Dream Bowl Palace Unterföhring;tournament;Südbayerische Meisterschaft;3;Finale;Sebastian Hinterwimmer;7885;;5;188;0
25/26;2026-04-25;Dream Bowl Palace Unterföhring;tournament;Südbayerische Meisterschaft;1;Vorlauf;Klaus Lilge;7080;;0;257;0
25/26;2026-04-25;Dream Bowl Palace Unterföhring;tournament;Südbayerische Meisterschaft;1;Vorlauf;Klaus Lilge;7080;;1;216;0
25/26;2026-04-25;Dream Bowl Palace Unterföhring;tournament;Südbayerische Meisterschaft;1;Vorlauf;Klaus Lilge;7080;;2;192;0
25/26;2026-04-25;Dream Bowl Palace Unterföhring;tournament;Südbayerische Meisterschaft;1;Vorlauf;Klaus Lilge;7080;;3;236;0
25/26;2026-04-25;Dream Bowl Palace Unterföhring;tournament;Südbayerische Meisterschaft;1;Vorlauf;Klaus Lilge;7080;;4;236;0
25/26;2026-04-25;Dream Bowl Palace Unterföhring;tournament;Südbayerische Meisterschaft;1;Vorlauf;Klaus Lilge;7080;;5;211;0
25/26;2026-04-26;Dream Bowl Palace Unterföhring;tournament;Südbayerische Meisterschaft;2;Zwischenlauf;Klaus Lilge;7080;;0;148;0
25/26;2026-04-26;Dream Bowl Palace Unterföhring;tournament;Südbayerische Meisterschaft;2;Zwischenlauf;Klaus Lilge;7080;;1;187;0
25/26;2026-04-26;Dream Bowl Palace Unterföhring;tournament;Südbayerische Meisterschaft;2;Zwischenlauf;Klaus Lilge;7080;;2;194;0
25/26;2026-04-26;Dream Bowl Palace Unterföhring;tournament;Südbayerische Meisterschaft;2;Zwischenlauf;Klaus Lilge;7080;;3;190;0
25/26;2026-04-26;Dream Bowl Palace Unterföhring;tournament;Südbayerische Meisterschaft;2;Zwischenlauf;Klaus Lilge;7080;;4;214;0
25/26;2026-04-26;Dream Bowl Palace Unterföhring;tournament;Südbayerische Meisterschaft;2;Zwischenlauf;Klaus Lilge;7080;;5;181;0
25/26;2026-04-27;Dream Bowl Palace Unterföhring;tournament;Südbayerische Meisterschaft;3;Finale;Klaus Lilge;7080;;0;201;0
25/26;2026-04-27;Dream Bowl Palace Unterföhring;tournament;Südbayerische Meisterschaft;3;Finale;Klaus Lilge;7080;;1;257;0
25/26;2026-04-27;Dream Bowl Palace Unterföhring;tournament;Südbayerische Meisterschaft;3;Finale;Klaus Lilge;7080;;2;169;0
25/26;2026-04-27;Dream Bowl Palace Unterföhring;tournament;Südbayerische Meisterschaft;3;Finale;Klaus Lilge;7080;;3;182;0
25/26;2026-04-27;Dream Bowl Palace Unterföhring;tournament;Südbayerische Meisterschaft;3;Finale;Klaus Lilge;7080;;4;187;0
25/26;2026-04-27;Dream Bowl Palace Unterföhring;tournament;Südbayerische Meisterschaft;3;Finale;Klaus Lilge;7080;;5;176;0
25/26;2026-04-25;Dream Bowl Palace Unterföhring;tournament;Südbayerische Meisterschaft;1;Vorlauf;Daniel Börding;7591;;0;204;0
25/26;2026-04-25;Dream Bowl Palace Unterföhring;tournament;Südbayerische Meisterschaft;1;Vorlauf;Daniel Börding;7591;;1;214;0
25/26;2026-04-25;Dream Bowl Palace Unterföhring;tournament;Südbayerische Meisterschaft;1;Vorlauf;Daniel Börding;7591;;2;203;0
25/26;2026-04-25;Dream Bowl Palace Unterföhring;tournament;Südbayerische Meisterschaft;1;Vorlauf;Daniel Börding;7591;;3;150;0
25/26;2026-04-25;Dream Bowl Palace Unterföhring;tournament;Südbayerische Meisterschaft;1;Vorlauf;Daniel Börding;7591;;4;181;0
25/26;2026-04-25;Dream Bowl Palace Unterföhring;tournament;Südbayerische Meisterschaft;1;Vorlauf;Daniel Börding;7591;;5;188;0
25/26;2026-04-26;Dream Bowl Palace Unterföhring;tournament;Südbayerische Meisterschaft;2;Zwischenlauf;Daniel Börding;7591;;0;223;0
25/26;2026-04-26;Dream Bowl Palace Unterföhring;tournament;Südbayerische Meisterschaft;2;Zwischenlauf;Daniel Börding;7591;;1;215;0
25/26;2026-04-26;Dream Bowl Palace Unterföhring;tournament;Südbayerische Meisterschaft;2;Zwischenlauf;Daniel Börding;7591;;2;232;0
25/26;2026-04-26;Dream Bowl Palace Unterföhring;tournament;Südbayerische Meisterschaft;2;Zwischenlauf;Daniel Börding;7591;;3;145;0
25/26;2026-04-26;Dream Bowl Palace Unterföhring;tournament;Südbayerische Meisterschaft;2;Zwischenlauf;Daniel Börding;7591;;4;235;0
25/26;2026-04-26;Dream Bowl Palace Unterföhring;tournament;Südbayerische Meisterschaft;2;Zwischenlauf;Daniel Börding;7591;;5;181;0
25/26;2026-04-27;Dream Bowl Palace Unterföhring;tournament;Südbayerische Meisterschaft;3;Finale;Daniel Börding;7591;;0;219;0
25/26;2026-04-27;Dream Bowl Palace Unterföhring;tournament;Südbayerische Meisterschaft;3;Finale;Daniel Börding;7591;;1;218;0
25/26;2026-04-27;Dream Bowl Palace Unterföhring;tournament;Südbayerische Meisterschaft;3;Finale;Daniel Börding;7591;;2;233;0
25/26;2026-04-27;Dream Bowl Palace Unterföhring;tournament;Südbayerische Meisterschaft;3;Finale;Daniel Börding;7591;;3;214;0
25/26;2026-04-27;Dream Bowl Palace Unterföhring;tournament;Südbayerische Meisterschaft;3;Finale;Daniel Börding;7591;;4;191;0
25/26;2026-04-27;Dream Bowl Palace Unterföhring;tournament;Südbayerische Meisterschaft;3;Finale;Daniel Börding;7591;;5;181;0
25/26;2026-04-25;Dream Bowl Palace Unterföhring;tournament;Südbayerische Meisterschaft;1;Vorlauf;Günter Denz;16398;;0;178;0
25/26;2026-04-25;Dream Bowl Palace Unterföhring;tournament;Südbayerische Meisterschaft;1;Vorlauf;Günter Denz;16398;;1;194;0
25/26;2026-04-25;Dream Bowl Palace Unterföhring;tournament;Südbayerische Meisterschaft;1;Vorlauf;Günter Denz;16398;;2;237;0
25/26;2026-04-25;Dream Bowl Palace Unterföhring;tournament;Südbayerische Meisterschaft;1;Vorlauf;Günter Denz;16398;;3;178;0
25/26;2026-04-25;Dream Bowl Palace Unterföhring;tournament;Südbayerische Meisterschaft;1;Vorlauf;Günter Denz;16398;;4;216;0
25/26;2026-04-25;Dream Bowl Palace Unterföhring;tournament;Südbayerische Meisterschaft;1;Vorlauf;Günter Denz;16398;;5;225;0
25/26;2026-04-26;Dream Bowl Palace Unterföhring;tournament;Südbayerische Meisterschaft;2;Zwischenlauf;Günter Denz;16398;;0;165;0
25/26;2026-04-26;Dream Bowl Palace Unterföhring;tournament;Südbayerische Meisterschaft;2;Zwischenlauf;Günter Denz;16398;;1;180;0
25/26;2026-04-26;Dream Bowl Palace Unterföhring;tournament;Südbayerische Meisterschaft;2;Zwischenlauf;Günter Denz;16398;;2;236;0
25/26;2026-04-26;Dream Bowl Palace Unterföhring;tournament;Südbayerische Meisterschaft;2;Zwischenlauf;Günter Denz;16398;;3;224;0
25/26;2026-04-26;Dream Bowl Palace Unterföhring;tournament;Südbayerische Meisterschaft;2;Zwischenlauf;Günter Denz;16398;;4;178;0
25/26;2026-04-26;Dream Bowl Palace Unterföhring;tournament;Südbayerische Meisterschaft;2;Zwischenlauf;Günter Denz;16398;;5;180;0
25/26;2026-04-27;Dream Bowl Palace Unterföhring;tournament;Südbayerische Meisterschaft;3;Finale;Günter Denz;16398;;0;206;0
25/26;2026-04-27;Dream Bowl Palace Unterföhring;tournament;Südbayerische Meisterschaft;3;Finale;Günter Denz;16398;;1;224;0
25/26;2026-04-27;Dream Bowl Palace Unterföhring;tournament;Südbayerische Meisterschaft;3;Finale;Günter Denz;16398;;2;182;0
25/26;2026-04-27;Dream Bowl Palace Unterföhring;tournament;Südbayerische Meisterschaft;3;Finale;Günter Denz;16398;;3;215;0
25/26;2026-04-27;Dream Bowl Palace Unterföhring;tournament;Südbayerische Meisterschaft;3;Finale;Günter Denz;16398;;4;215;0
25/26;2026-04-27;Dream Bowl Palace Unterföhring;tournament;Südbayerische Meisterschaft;3;Finale;Günter Denz;16398;;5;193;0
25/26;2026-04-25;Dream Bowl Palace Unterföhring;tournament;Südbayerische Meisterschaft;1;Vorlauf;Tindaro Famà;38730;;0;225;0
25/26;2026-04-25;Dream Bowl Palace Unterföhring;tournament;Südbayerische Meisterschaft;1;Vorlauf;Tindaro Famà;38730;;1;172;0
25/26;2026-04-25;Dream Bowl Palace Unterföhring;tournament;Südbayerische Meisterschaft;1;Vorlauf;Tindaro Famà;38730;;2;215;0
25/26;2026-04-25;Dream Bowl Palace Unterföhring;tournament;Südbayerische Meisterschaft;1;Vorlauf;Tindaro Famà;38730;;3;148;0
25/26;2026-04-25;Dream Bowl Palace Unterföhring;tournament;Südbayerische Meisterschaft;1;Vorlauf;Tindaro Famà;38730;;4;204;0
25/26;2026-04-25;Dream Bowl Palace Unterföhring;tournament;Südbayerische Meisterschaft;1;Vorlauf;Tindaro Famà;38730;;5;201;0
25/26;2026-04-26;Dream Bowl Palace Unterföhring;tournament;Südbayerische Meisterschaft;2;Zwischenlauf;Tindaro Famà;38730;;0;171;0
25/26;2026-04-26;Dream Bowl Palace Unterföhring;tournament;Südbayerische Meisterschaft;2;Zwischenlauf;Tindaro Famà;38730;;1;201;0
25/26;2026-04-26;Dream Bowl Palace Unterföhring;tournament;Südbayerische Meisterschaft;2;Zwischenlauf;Tindaro Famà;38730;;2;176;0
25/26;2026-04-26;Dream Bowl Palace Unterföhring;tournament;Südbayerische Meisterschaft;2;Zwischenlauf;Tindaro Famà;38730;;3;232;0
25/26;2026-04-26;Dream Bowl Palace Unterföhring;tournament;Südbayerische Meisterschaft;2;Zwischenlauf;Tindaro Famà;38730;;4;265;0
25/26;2026-04-26;Dream Bowl Palace Unterföhring;tournament;Südbayerische Meisterschaft;2;Zwischenlauf;Tindaro Famà;38730;;5;210;0
25/26;2026-04-27;Dream Bowl Palace Unterföhring;tournament;Südbayerische Meisterschaft;3;Finale;Tindaro Famà;38730;;0;168;0
25/26;2026-04-27;Dream Bowl Palace Unterföhring;tournament;Südbayerische Meisterschaft;3;Finale;Tindaro Famà;38730;;1;222;0
25/26;2026-04-27;Dream Bowl Palace Unterföhring;tournament;Südbayerische Meisterschaft;3;Finale;Tindaro Famà;38730;;2;191;0
25/26;2026-04-27;Dream Bowl Palace Unterföhring;tournament;Südbayerische Meisterschaft;3;Finale;Tindaro Famà;38730;;3;209;0
25/26;2026-04-27;Dream Bowl Palace Unterföhring;tournament;Südbayerische Meisterschaft;3;Finale;Tindaro Famà;38730;;4;205;0
25/26;2026-04-27;Dream Bowl Palace Unterföhring;tournament;Südbayerische Meisterschaft;3;Finale;Tindaro Famà;38730;;5;180;0
25/26;2026-04-25;Dream Bowl Palace Unterföhring;tournament;Südbayerische Meisterschaft;1;Vorlauf;Clément Perrin;38995;;0;187;0
25/26;2026-04-25;Dream Bowl Palace Unterföhring;tournament;Südbayerische Meisterschaft;1;Vorlauf;Clément Perrin;38995;;1;251;0
25/26;2026-04-25;Dream Bowl Palace Unterföhring;tournament;Südbayerische Meisterschaft;1;Vorlauf;Clément Perrin;38995;;2;202;0
25/26;2026-04-25;Dream Bowl Palace Unterföhring;tournament;Südbayerische Meisterschaft;1;Vorlauf;Clément Perrin;38995;;3;198;0
25/26;2026-04-25;Dream Bowl Palace Unterföhring;tournament;Südbayerische Meisterschaft;1;Vorlauf;Clément Perrin;38995;;4;169;0
25/26;2026-04-25;Dream Bowl Palace Unterföhring;tournament;Südbayerische Meisterschaft;1;Vorlauf;Clément Perrin;38995;;5;204;0
25/26;2026-04-26;Dream Bowl Palace Unterföhring;tournament;Südbayerische Meisterschaft;2;Zwischenlauf;Clément Perrin;38995;;0;256;0
25/26;2026-04-26;Dream Bowl Palace Unterföhring;tournament;Südbayerische Meisterschaft;2;Zwischenlauf;Clément Perrin;38995;;1;180;0
25/26;2026-04-26;Dream Bowl Palace Unterföhring;tournament;Südbayerische Meisterschaft;2;Zwischenlauf;Clément Perrin;38995;;2;152;0
25/26;2026-04-26;Dream Bowl Palace Unterföhring;tournament;Südbayerische Meisterschaft;2;Zwischenlauf;Clément Perrin;38995;;3;258;0
25/26;2026-04-26;Dream Bowl Palace Unterföhring;tournament;Südbayerische Meisterschaft;2;Zwischenlauf;Clément Perrin;38995;;4;201;0
25/26;2026-04-26;Dream Bowl Palace Unterföhring;tournament;Südbayerische Meisterschaft;2;Zwischenlauf;Clément Perrin;38995;;5;183;0
25/26;2026-04-27;Dream Bowl Palace Unterföhring;tournament;Südbayerische Meisterschaft;3;Finale;Clément Perrin;38995;;0;204;0
25/26;2026-04-27;Dream Bowl Palace Unterföhring;tournament;Südbayerische Meisterschaft;3;Finale;Clément Perrin;38995;;1;204;0
25/26;2026-04-27;Dream Bowl Palace Unterföhring;tournament;Südbayerische Meisterschaft;3;Finale;Clément Perrin;38995;;2;165;0
25/26;2026-04-27;Dream Bowl Palace Unterföhring;tournament;Südbayerische Meisterschaft;3;Finale;Clément Perrin;38995;;3;205;0
25/26;2026-04-27;Dream Bowl Palace Unterföhring;tournament;Südbayerische Meisterschaft;3;Finale;Clément Perrin;38995;;4;195;0
25/26;2026-04-27;Dream Bowl Palace Unterföhring;tournament;Südbayerische Meisterschaft;3;Finale;Clément Perrin;38995;;5;170;0
25/26;2026-04-25;Dream Bowl Palace Unterföhring;tournament;Südbayerische Meisterschaft;1;Vorlauf;Marcel Müller;28367;;0;164;0
25/26;2026-04-25;Dream Bowl Palace Unterföhring;tournament;Südbayerische Meisterschaft;1;Vorlauf;Marcel Müller;28367;;1;214;0
25/26;2026-04-25;Dream Bowl Palace Unterföhring;tournament;Südbayerische Meisterschaft;1;Vorlauf;Marcel Müller;28367;;2;235;0
25/26;2026-04-25;Dream Bowl Palace Unterföhring;tournament;Südbayerische Meisterschaft;1;Vorlauf;Marcel Müller;28367;;3;167;0
25/26;2026-04-25;Dream Bowl Palace Unterföhring;tournament;Südbayerische Meisterschaft;1;Vorlauf;Marcel Müller;28367;;4;134;0
25/26;2026-04-25;Dream Bowl Palace Unterföhring;tournament;Südbayerische Meisterschaft;1;Vorlauf;Marcel Müller;28367;;5;157;0
25/26;2026-04-26;Dream Bowl Palace Unterföhring;tournament;Südbayerische Meisterschaft;2;Zwischenlauf;Marcel Müller;28367;;0;217;0
25/26;2026-04-26;Dream Bowl Palace Unterföhring;tournament;Südbayerische Meisterschaft;2;Zwischenlauf;Marcel Müller;28367;;1;205;0
25/26;2026-04-26;Dream Bowl Palace Unterföhring;tournament;Südbayerische Meisterschaft;2;Zwischenlauf;Marcel Müller;28367;;2;224;0
25/26;2026-04-26;Dream Bowl Palace Unterföhring;tournament;Südbayerische Meisterschaft;2;Zwischenlauf;Marcel Müller;28367;;3;200;0
25/26;2026-04-26;Dream Bowl Palace Unterföhring;tournament;Südbayerische Meisterschaft;2;Zwischenlauf;Marcel Müller;28367;;4;194;0
25/26;2026-04-26;Dream Bowl Palace Unterföhring;tournament;Südbayerische Meisterschaft;2;Zwischenlauf;Marcel Müller;28367;;5;174;0
25/26;2026-04-27;Dream Bowl Palace Unterföhring;tournament;Südbayerische Meisterschaft;3;Finale;Marcel Müller;28367;;0;222;0
25/26;2026-04-27;Dream Bowl Palace Unterföhring;tournament;Südbayerische Meisterschaft;3;Finale;Marcel Müller;28367;;1;161;0
25/26;2026-04-27;Dream Bowl Palace Unterföhring;tournament;Südbayerische Meisterschaft;3;Finale;Marcel Müller;28367;;2;211;0
25/26;2026-04-27;Dream Bowl Palace Unterföhring;tournament;Südbayerische Meisterschaft;3;Finale;Marcel Müller;28367;;3;166;0
25/26;2026-04-27;Dream Bowl Palace Unterföhring;tournament;Südbayerische Meisterschaft;3;Finale;Marcel Müller;28367;;4;227;0
25/26;2026-04-27;Dream Bowl Palace Unterföhring;tournament;Südbayerische Meisterschaft;3;Finale;Marcel Müller;28367;;5;267;0
25/26;2026-04-25;Dream Bowl Palace Unterföhring;tournament;Südbayerische Meisterschaft;1;Vorlauf;Timo Baumann;16024;;0;210;0
25/26;2026-04-25;Dream Bowl Palace Unterföhring;tournament;Südbayerische Meisterschaft;1;Vorlauf;Timo Baumann;16024;;1;188;0
25/26;2026-04-25;Dream Bowl Palace Unterföhring;tournament;Südbayerische Meisterschaft;1;Vorlauf;Timo Baumann;16024;;2;187;0
25/26;2026-04-25;Dream Bowl Palace Unterföhring;tournament;Südbayerische Meisterschaft;1;Vorlauf;Timo Baumann;16024;;3;218;0
25/26;2026-04-25;Dream Bowl Palace Unterföhring;tournament;Südbayerische Meisterschaft;1;Vorlauf;Timo Baumann;16024;;4;199;0
25/26;2026-04-25;Dream Bowl Palace Unterföhring;tournament;Südbayerische Meisterschaft;1;Vorlauf;Timo Baumann;16024;;5;181;0
25/26;2026-04-26;Dream Bowl Palace Unterföhring;tournament;Südbayerische Meisterschaft;2;Zwischenlauf;Timo Baumann;16024;;0;174;0
25/26;2026-04-26;Dream Bowl Palace Unterföhring;tournament;Südbayerische Meisterschaft;2;Zwischenlauf;Timo Baumann;16024;;1;192;0
25/26;2026-04-26;Dream Bowl Palace Unterföhring;tournament;Südbayerische Meisterschaft;2;Zwischenlauf;Timo Baumann;16024;;2;202;0
25/26;2026-04-26;Dream Bowl Palace Unterföhring;tournament;Südbayerische Meisterschaft;2;Zwischenlauf;Timo Baumann;16024;;3;177;0
25/26;2026-04-26;Dream Bowl Palace Unterföhring;tournament;Südbayerische Meisterschaft;2;Zwischenlauf;Timo Baumann;16024;;4;200;0
25/26;2026-04-26;Dream Bowl Palace Unterföhring;tournament;Südbayerische Meisterschaft;2;Zwischenlauf;Timo Baumann;16024;;5;213;0
25/26;2026-04-27;Dream Bowl Palace Unterföhring;tournament;Südbayerische Meisterschaft;3;Finale;Timo Baumann;16024;;0;246;0
25/26;2026-04-27;Dream Bowl Palace Unterföhring;tournament;Südbayerische Meisterschaft;3;Finale;Timo Baumann;16024;;1;223;0
25/26;2026-04-27;Dream Bowl Palace Unterföhring;tournament;Südbayerische Meisterschaft;3;Finale;Timo Baumann;16024;;2;182;0
25/26;2026-04-27;Dream Bowl Palace Unterföhring;tournament;Südbayerische Meisterschaft;3;Finale;Timo Baumann;16024;;3;158;0
25/26;2026-04-27;Dream Bowl Palace Unterföhring;tournament;Südbayerische Meisterschaft;3;Finale;Timo Baumann;16024;;4;193;0
25/26;2026-04-27;Dream Bowl Palace Unterföhring;tournament;Südbayerische Meisterschaft;3;Finale;Timo Baumann;16024;;5;176;0
25/26;2026-04-25;Dream Bowl Palace Unterföhring;tournament;Südbayerische Meisterschaft;1;Vorlauf;Alexander Wiedemann;25849;;0;195;0
25/26;2026-04-25;Dream Bowl Palace Unterföhring;tournament;Südbayerische Meisterschaft;1;Vorlauf;Alexander Wiedemann;25849;;1;169;0
25/26;2026-04-25;Dream Bowl Palace Unterföhring;tournament;Südbayerische Meisterschaft;1;Vorlauf;Alexander Wiedemann;25849;;2;141;0
25/26;2026-04-25;Dream Bowl Palace Unterföhring;tournament;Südbayerische Meisterschaft;1;Vorlauf;Alexander Wiedemann;25849;;3;212;0
25/26;2026-04-25;Dream Bowl Palace Unterföhring;tournament;Südbayerische Meisterschaft;1;Vorlauf;Alexander Wiedemann;25849;;4;191;0
25/26;2026-04-25;Dream Bowl Palace Unterföhring;tournament;Südbayerische Meisterschaft;1;Vorlauf;Alexander Wiedemann;25849;;5;191;0
25/26;2026-04-26;Dream Bowl Palace Unterföhring;tournament;Südbayerische Meisterschaft;2;Zwischenlauf;Alexander Wiedemann;25849;;0;210;0
25/26;2026-04-26;Dream Bowl Palace Unterföhring;tournament;Südbayerische Meisterschaft;2;Zwischenlauf;Alexander Wiedemann;25849;;1;188;0
25/26;2026-04-26;Dream Bowl Palace Unterföhring;tournament;Südbayerische Meisterschaft;2;Zwischenlauf;Alexander Wiedemann;25849;;2;192;0
25/26;2026-04-26;Dream Bowl Palace Unterföhring;tournament;Südbayerische Meisterschaft;2;Zwischenlauf;Alexander Wiedemann;25849;;3;257;0
25/26;2026-04-26;Dream Bowl Palace Unterföhring;tournament;Südbayerische Meisterschaft;2;Zwischenlauf;Alexander Wiedemann;25849;;4;188;0
25/26;2026-04-26;Dream Bowl Palace Unterföhring;tournament;Südbayerische Meisterschaft;2;Zwischenlauf;Alexander Wiedemann;25849;;5;186;0
25/26;2026-04-27;Dream Bowl Palace Unterföhring;tournament;Südbayerische Meisterschaft;3;Finale;Alexander Wiedemann;25849;;0;192;0
25/26;2026-04-27;Dream Bowl Palace Unterföhring;tournament;Südbayerische Meisterschaft;3;Finale;Alexander Wiedemann;25849;;1;175;0
25/26;2026-04-27;Dream Bowl Palace Unterföhring;tournament;Südbayerische Meisterschaft;3;Finale;Alexander Wiedemann;25849;;2;210;0
25/26;2026-04-27;Dream Bowl Palace Unterföhring;tournament;Südbayerische Meisterschaft;3;Finale;Alexander Wiedemann;25849;;3;179;0
25/26;2026-04-27;Dream Bowl Palace Unterföhring;tournament;Südbayerische Meisterschaft;3;Finale;Alexander Wiedemann;25849;;4;209;0
25/26;2026-04-27;Dream Bowl Palace Unterföhring;tournament;Südbayerische Meisterschaft;3;Finale;Alexander Wiedemann;25849;;5;221;0
25/26;2026-04-25;Dream Bowl Palace Unterföhring;tournament;Südbayerische Meisterschaft;1;Vorlauf;Matthias Kuchling;16583;;0;155;0
25/26;2026-04-25;Dream Bowl Palace Unterföhring;tournament;Südbayerische Meisterschaft;1;Vorlauf;Matthias Kuchling;16583;;1;176;0
25/26;2026-04-25;Dream Bowl Palace Unterföhring;tournament;Südbayerische Meisterschaft;1;Vorlauf;Matthias Kuchling;16583;;2;209;0
25/26;2026-04-25;Dream Bowl Palace Unterföhring;tournament;Südbayerische Meisterschaft;1;Vorlauf;Matthias Kuchling;16583;;3;223;0
25/26;2026-04-25;Dream Bowl Palace Unterföhring;tournament;Südbayerische Meisterschaft;1;Vorlauf;Matthias Kuchling;16583;;4;253;0
25/26;2026-04-25;Dream Bowl Palace Unterföhring;tournament;Südbayerische Meisterschaft;1;Vorlauf;Matthias Kuchling;16583;;5;148;0
25/26;2026-04-26;Dream Bowl Palace Unterföhring;tournament;Südbayerische Meisterschaft;2;Zwischenlauf;Matthias Kuchling;16583;;0;182;0
25/26;2026-04-26;Dream Bowl Palace Unterföhring;tournament;Südbayerische Meisterschaft;2;Zwischenlauf;Matthias Kuchling;16583;;1;161;0
25/26;2026-04-26;Dream Bowl Palace Unterföhring;tournament;Südbayerische Meisterschaft;2;Zwischenlauf;Matthias Kuchling;16583;;2;199;0
25/26;2026-04-26;Dream Bowl Palace Unterföhring;tournament;Südbayerische Meisterschaft;2;Zwischenlauf;Matthias Kuchling;16583;;3;212;0
25/26;2026-04-26;Dream Bowl Palace Unterföhring;tournament;Südbayerische Meisterschaft;2;Zwischenlauf;Matthias Kuchling;16583;;4;181;0
25/26;2026-04-26;Dream Bowl Palace Unterföhring;tournament;Südbayerische Meisterschaft;2;Zwischenlauf;Matthias Kuchling;16583;;5;209;0
25/26;2026-04-27;Dream Bowl Palace Unterföhring;tournament;Südbayerische Meisterschaft;3;Finale;Matthias Kuchling;16583;;0;203;0
25/26;2026-04-27;Dream Bowl Palace Unterföhring;tournament;Südbayerische Meisterschaft;3;Finale;Matthias Kuchling;16583;;1;258;0
25/26;2026-04-27;Dream Bowl Palace Unterföhring;tournament;Südbayerische Meisterschaft;3;Finale;Matthias Kuchling;16583;;2;201;0
25/26;2026-04-27;Dream Bowl Palace Unterföhring;tournament;Südbayerische Meisterschaft;3;Finale;Matthias Kuchling;16583;;3;175;0
25/26;2026-04-27;Dream Bowl Palace Unterföhring;tournament;Südbayerische Meisterschaft;3;Finale;Matthias Kuchling;16583;;4;159;0
25/26;2026-04-27;Dream Bowl Palace Unterföhring;tournament;Südbayerische Meisterschaft;3;Finale;Matthias Kuchling;16583;;5;194;0
25/26;2026-04-25;Dream Bowl Palace Unterföhring;tournament;Südbayerische Meisterschaft;1;Vorlauf;Michael Görn;7412;;0;128;0
25/26;2026-04-25;Dream Bowl Palace Unterföhring;tournament;Südbayerische Meisterschaft;1;Vorlauf;Michael Görn;7412;;1;226;0
25/26;2026-04-25;Dream Bowl Palace Unterföhring;tournament;Südbayerische Meisterschaft;1;Vorlauf;Michael Görn;7412;;2;172;0
25/26;2026-04-25;Dream Bowl Palace Unterföhring;tournament;Südbayerische Meisterschaft;1;Vorlauf;Michael Görn;7412;;3;182;0
25/26;2026-04-25;Dream Bowl Palace Unterföhring;tournament;Südbayerische Meisterschaft;1;Vorlauf;Michael Görn;7412;;4;209;0
25/26;2026-04-25;Dream Bowl Palace Unterföhring;tournament;Südbayerische Meisterschaft;1;Vorlauf;Michael Görn;7412;;5;215;0
25/26;2026-04-26;Dream Bowl Palace Unterföhring;tournament;Südbayerische Meisterschaft;2;Zwischenlauf;Michael Görn;7412;;0;183;0
25/26;2026-04-26;Dream Bowl Palace Unterföhring;tournament;Südbayerische Meisterschaft;2;Zwischenlauf;Michael Görn;7412;;1;201;0
25/26;2026-04-26;Dream Bowl Palace Unterföhring;tournament;Südbayerische Meisterschaft;2;Zwischenlauf;Michael Görn;7412;;2;214;0
25/26;2026-04-26;Dream Bowl Palace Unterföhring;tournament;Südbayerische Meisterschaft;2;Zwischenlauf;Michael Görn;7412;;3;178;0
25/26;2026-04-26;Dream Bowl Palace Unterföhring;tournament;Südbayerische Meisterschaft;2;Zwischenlauf;Michael Görn;7412;;4;224;0
25/26;2026-04-26;Dream Bowl Palace Unterföhring;tournament;Südbayerische Meisterschaft;2;Zwischenlauf;Michael Görn;7412;;5;204;0
25/26;2026-04-27;Dream Bowl Palace Unterföhring;tournament;Südbayerische Meisterschaft;3;Finale;Michael Görn;7412;;0;218;0
25/26;2026-04-27;Dream Bowl Palace Unterföhring;tournament;Südbayerische Meisterschaft;3;Finale;Michael Görn;7412;;1;164;0
25/26;2026-04-27;Dream Bowl Palace Unterföhring;tournament;Südbayerische Meisterschaft;3;Finale;Michael Görn;7412;;2;220;0
25/26;2026-04-27;Dream Bowl Palace Unterföhring;tournament;Südbayerische Meisterschaft;3;Finale;Michael Görn;7412;;3;179;0
25/26;2026-04-27;Dream Bowl Palace Unterföhring;tournament;Südbayerische Meisterschaft;3;Finale;Michael Görn;7412;;4;159;0
25/26;2026-04-27;Dream Bowl Palace Unterföhring;tournament;Südbayerische Meisterschaft;3;Finale;Michael Görn;7412;;5;195;0
25/26;2026-04-25;Dream Bowl Palace Unterföhring;tournament;Südbayerische Meisterschaft;1;Vorlauf;René Erben;25953;;0;211;0
25/26;2026-04-25;Dream Bowl Palace Unterföhring;tournament;Südbayerische Meisterschaft;1;Vorlauf;René Erben;25953;;1;175;0
25/26;2026-04-25;Dream Bowl Palace Unterföhring;tournament;Südbayerische Meisterschaft;1;Vorlauf;René Erben;25953;;2;184;0
25/26;2026-04-25;Dream Bowl Palace Unterföhring;tournament;Südbayerische Meisterschaft;1;Vorlauf;René Erben;25953;;3;203;0
25/26;2026-04-25;Dream Bowl Palace Unterföhring;tournament;Südbayerische Meisterschaft;1;Vorlauf;René Erben;25953;;4;179;0
25/26;2026-04-25;Dream Bowl Palace Unterföhring;tournament;Südbayerische Meisterschaft;1;Vorlauf;René Erben;25953;;5;237;0
25/26;2026-04-26;Dream Bowl Palace Unterföhring;tournament;Südbayerische Meisterschaft;2;Zwischenlauf;René Erben;25953;;0;145;0
25/26;2026-04-26;Dream Bowl Palace Unterföhring;tournament;Südbayerische Meisterschaft;2;Zwischenlauf;René Erben;25953;;1;213;0
25/26;2026-04-26;Dream Bowl Palace Unterföhring;tournament;Südbayerische Meisterschaft;2;Zwischenlauf;René Erben;25953;;2;206;0
25/26;2026-04-26;Dream Bowl Palace Unterföhring;tournament;Südbayerische Meisterschaft;2;Zwischenlauf;René Erben;25953;;3;173;0
25/26;2026-04-26;Dream Bowl Palace Unterföhring;tournament;Südbayerische Meisterschaft;2;Zwischenlauf;René Erben;25953;;4;185;0
25/26;2026-04-26;Dream Bowl Palace Unterföhring;tournament;Südbayerische Meisterschaft;2;Zwischenlauf;René Erben;25953;;5;174;0
25/26;2026-04-27;Dream Bowl Palace Unterföhring;tournament;Südbayerische Meisterschaft;3;Finale;René Erben;25953;;0;181;0
25/26;2026-04-27;Dream Bowl Palace Unterföhring;tournament;Südbayerische Meisterschaft;3;Finale;René Erben;25953;;1;236;0
25/26;2026-04-27;Dream Bowl Palace Unterföhring;tournament;Südbayerische Meisterschaft;3;Finale;René Erben;25953;;2;170;0
25/26;2026-04-27;Dream Bowl Palace Unterföhring;tournament;Südbayerische Meisterschaft;3;Finale;René Erben;25953;;3;188;0
25/26;2026-04-27;Dream Bowl Palace Unterföhring;tournament;Südbayerische Meisterschaft;3;Finale;René Erben;25953;;4;204;0
25/26;2026-04-27;Dream Bowl Palace Unterföhring;tournament;Südbayerische Meisterschaft;3;Finale;René Erben;25953;;5;189;0
25/26;2026-04-25;Dream Bowl Palace Unterföhring;tournament;Südbayerische Meisterschaft;1;Vorlauf;Max Wiemken;25557;;0;158;0
25/26;2026-04-25;Dream Bowl Palace Unterföhring;tournament;Südbayerische Meisterschaft;1;Vorlauf;Max Wiemken;25557;;1;197;0
25/26;2026-04-25;Dream Bowl Palace Unterföhring;tournament;Südbayerische Meisterschaft;1;Vorlauf;Max Wiemken;25557;;2;173;0
25/26;2026-04-25;Dream Bowl Palace Unterföhring;tournament;Südbayerische Meisterschaft;1;Vorlauf;Max Wiemken;25557;;3;142;0
25/26;2026-04-25;Dream Bowl Palace Unterföhring;tournament;Südbayerische Meisterschaft;1;Vorlauf;Max Wiemken;25557;;4;191;0
25/26;2026-04-25;Dream Bowl Palace Unterföhring;tournament;Südbayerische Meisterschaft;1;Vorlauf;Max Wiemken;25557;;5;223;0
25/26;2026-04-26;Dream Bowl Palace Unterföhring;tournament;Südbayerische Meisterschaft;2;Zwischenlauf;Max Wiemken;25557;;0;191;0
25/26;2026-04-26;Dream Bowl Palace Unterföhring;tournament;Südbayerische Meisterschaft;2;Zwischenlauf;Max Wiemken;25557;;1;175;0
25/26;2026-04-26;Dream Bowl Palace Unterföhring;tournament;Südbayerische Meisterschaft;2;Zwischenlauf;Max Wiemken;25557;;2;247;0
25/26;2026-04-26;Dream Bowl Palace Unterföhring;tournament;Südbayerische Meisterschaft;2;Zwischenlauf;Max Wiemken;25557;;3;200;0
25/26;2026-04-26;Dream Bowl Palace Unterföhring;tournament;Südbayerische Meisterschaft;2;Zwischenlauf;Max Wiemken;25557;;4;185;0
25/26;2026-04-26;Dream Bowl Palace Unterföhring;tournament;Südbayerische Meisterschaft;2;Zwischenlauf;Max Wiemken;25557;;5;212;0
25/26;2026-04-27;Dream Bowl Palace Unterföhring;tournament;Südbayerische Meisterschaft;3;Finale;Max Wiemken;25557;;0;247;0
25/26;2026-04-27;Dream Bowl Palace Unterföhring;tournament;Südbayerische Meisterschaft;3;Finale;Max Wiemken;25557;;1;145;0
25/26;2026-04-27;Dream Bowl Palace Unterföhring;tournament;Südbayerische Meisterschaft;3;Finale;Max Wiemken;25557;;2;256;0
25/26;2026-04-27;Dream Bowl Palace Unterföhring;tournament;Südbayerische Meisterschaft;3;Finale;Max Wiemken;25557;;3;182;0
25/26;2026-04-27;Dream Bowl Palace Unterföhring;tournament;Südbayerische Meisterschaft;3;Finale;Max Wiemken;25557;;4;156;0
25/26;2026-04-27;Dream Bowl Palace Unterföhring;tournament;Südbayerische Meisterschaft;3;Finale;Max Wiemken;25557;;5;168;0
25/26;2026-04-25;Dream Bowl Palace Unterföhring;tournament;Südbayerische Meisterschaft;1;Vorlauf;Harald Eggl;25229;;0;198;0
25/26;2026-04-25;Dream Bowl Palace Unterföhring;tournament;Südbayerische Meisterschaft;1;Vorlauf;Harald Eggl;25229;;1;166;0
25/26;2026-04-25;Dream Bowl Palace Unterföhring;tournament;Südbayerische Meisterschaft;1;Vorlauf;Harald Eggl;25229;;2;210;0
25/26;2026-04-25;Dream Bowl Palace Unterföhring;tournament;Südbayerische Meisterschaft;1;Vorlauf;Harald Eggl;25229;;3;223;0
25/26;2026-04-25;Dream Bowl Palace Unterföhring;tournament;Südbayerische Meisterschaft;1;Vorlauf;Harald Eggl;25229;;4;159;0
25/26;2026-04-25;Dream Bowl Palace Unterföhring;tournament;Südbayerische Meisterschaft;1;Vorlauf;Harald Eggl;25229;;5;181;0
25/26;2026-04-26;Dream Bowl Palace Unterföhring;tournament;Südbayerische Meisterschaft;2;Zwischenlauf;Harald Eggl;25229;;0;212;0
25/26;2026-04-26;Dream Bowl Palace Unterföhring;tournament;Südbayerische Meisterschaft;2;Zwischenlauf;Harald Eggl;25229;;1;178;0
25/26;2026-04-26;Dream Bowl Palace Unterföhring;tournament;Südbayerische Meisterschaft;2;Zwischenlauf;Harald Eggl;25229;;2;237;0
25/26;2026-04-26;Dream Bowl Palace Unterföhring;tournament;Südbayerische Meisterschaft;2;Zwischenlauf;Harald Eggl;25229;;3;246;0
25/26;2026-04-26;Dream Bowl Palace Unterföhring;tournament;Südbayerische Meisterschaft;2;Zwischenlauf;Harald Eggl;25229;;4;175;0
25/26;2026-04-26;Dream Bowl Palace Unterföhring;tournament;Südbayerische Meisterschaft;2;Zwischenlauf;Harald Eggl;25229;;5;174;0
25/26;2026-04-27;Dream Bowl Palace Unterföhring;tournament;Südbayerische Meisterschaft;3;Finale;Harald Eggl;25229;;0;217;0
25/26;2026-04-27;Dream Bowl Palace Unterföhring;tournament;Südbayerische Meisterschaft;3;Finale;Harald Eggl;25229;;1;172;0
25/26;2026-04-27;Dream Bowl Palace Unterföhring;tournament;Südbayerische Meisterschaft;3;Finale;Harald Eggl;25229;;2;182;0
25/26;2026-04-27;Dream Bowl Palace Unterföhring;tournament;Südbayerische Meisterschaft;3;Finale;Harald Eggl;25229;;3;168;0
25/26;2026-04-27;Dream Bowl Palace Unterföhring;tournament;Südbayerische Meisterschaft;3;Finale;Harald Eggl;25229;;4;146;0
25/26;2026-04-27;Dream Bowl Palace Unterföhring;tournament;Südbayerische Meisterschaft;3;Finale;Harald Eggl;25229;;5;200;0
25/26;2026-04-25;Dream Bowl Palace Unterföhring;tournament;Südbayerische Meisterschaft;1;Vorlauf;Harald Laub;7597;;0;172;0
25/26;2026-04-25;Dream Bowl Palace Unterföhring;tournament;Südbayerische Meisterschaft;1;Vorlauf;Harald Laub;7597;;1;172;0
25/26;2026-04-25;Dream Bowl Palace Unterföhring;tournament;Südbayerische Meisterschaft;1;Vorlauf;Harald Laub;7597;;2;193;0
25/26;2026-04-25;Dream Bowl Palace Unterföhring;tournament;Südbayerische Meisterschaft;1;Vorlauf;Harald Laub;7597;;3;174;0
25/26;2026-04-25;Dream Bowl Palace Unterföhring;tournament;Südbayerische Meisterschaft;1;Vorlauf;Harald Laub;7597;;4;232;0
25/26;2026-04-25;Dream Bowl Palace Unterföhring;tournament;Südbayerische Meisterschaft;1;Vorlauf;Harald Laub;7597;;5;175;0
25/26;2026-04-26;Dream Bowl Palace Unterföhring;tournament;Südbayerische Meisterschaft;2;Zwischenlauf;Harald Laub;7597;;0;177;0
25/26;2026-04-26;Dream Bowl Palace Unterföhring;tournament;Südbayerische Meisterschaft;2;Zwischenlauf;Harald Laub;7597;;1;232;0
25/26;2026-04-26;Dream Bowl Palace Unterföhring;tournament;Südbayerische Meisterschaft;2;Zwischenlauf;Harald Laub;7597;;2;178;0
25/26;2026-04-26;Dream Bowl Palace Unterföhring;tournament;Südbayerische Meisterschaft;2;Zwischenlauf;Harald Laub;7597;;3;192;0
25/26;2026-04-26;Dream Bowl Palace Unterföhring;tournament;Südbayerische Meisterschaft;2;Zwischenlauf;Harald Laub;7597;;4;183;0
25/26;2026-04-26;Dream Bowl Palace Unterföhring;tournament;Südbayerische Meisterschaft;2;Zwischenlauf;Harald Laub;7597;;5;214;0
25/26;2026-04-27;Dream Bowl Palace Unterföhring;tournament;Südbayerische Meisterschaft;3;Finale;Harald Laub;7597;;0;206;0
25/26;2026-04-27;Dream Bowl Palace Unterföhring;tournament;Südbayerische Meisterschaft;3;Finale;Harald Laub;7597;;1;164;0
25/26;2026-04-27;Dream Bowl Palace Unterföhring;tournament;Südbayerische Meisterschaft;3;Finale;Harald Laub;7597;;2;161;0
25/26;2026-04-27;Dream Bowl Palace Unterföhring;tournament;Südbayerische Meisterschaft;3;Finale;Harald Laub;7597;;3;223;0
25/26;2026-04-27;Dream Bowl Palace Unterföhring;tournament;Südbayerische Meisterschaft;3;Finale;Harald Laub;7597;;4;187;0
25/26;2026-04-27;Dream Bowl Palace Unterföhring;tournament;Südbayerische Meisterschaft;3;Finale;Harald Laub;7597;;5;203;0
25/26;2026-04-25;Dream Bowl Palace Unterföhring;tournament;Südbayerische Meisterschaft;1;Vorlauf;Selim Fliegner;38673;;0;174;0
25/26;2026-04-25;Dream Bowl Palace Unterföhring;tournament;Südbayerische Meisterschaft;1;Vorlauf;Selim Fliegner;38673;;1;205;0
25/26;2026-04-25;Dream Bowl Palace Unterföhring;tournament;Südbayerische Meisterschaft;1;Vorlauf;Selim Fliegner;38673;;2;201;0
25/26;2026-04-25;Dream Bowl Palace Unterföhring;tournament;Südbayerische Meisterschaft;1;Vorlauf;Selim Fliegner;38673;;3;202;0
25/26;2026-04-25;Dream Bowl Palace Unterföhring;tournament;Südbayerische Meisterschaft;1;Vorlauf;Selim Fliegner;38673;;4;171;0
25/26;2026-04-25;Dream Bowl Palace Unterföhring;tournament;Südbayerische Meisterschaft;1;Vorlauf;Selim Fliegner;38673;;5;144;0
25/26;2026-04-26;Dream Bowl Palace Unterföhring;tournament;Südbayerische Meisterschaft;2;Zwischenlauf;Selim Fliegner;38673;;0;201;0
25/26;2026-04-26;Dream Bowl Palace Unterföhring;tournament;Südbayerische Meisterschaft;2;Zwischenlauf;Selim Fliegner;38673;;1;227;0
25/26;2026-04-26;Dream Bowl Palace Unterföhring;tournament;Südbayerische Meisterschaft;2;Zwischenlauf;Selim Fliegner;38673;;2;202;0
25/26;2026-04-26;Dream Bowl Palace Unterföhring;tournament;Südbayerische Meisterschaft;2;Zwischenlauf;Selim Fliegner;38673;;3;204;0
25/26;2026-04-26;Dream Bowl Palace Unterföhring;tournament;Südbayerische Meisterschaft;2;Zwischenlauf;Selim Fliegner;38673;;4;159;0
25/26;2026-04-26;Dream Bowl Palace Unterföhring;tournament;Südbayerische Meisterschaft;2;Zwischenlauf;Selim Fliegner;38673;;5;184;0
25/26;2026-04-27;Dream Bowl Palace Unterföhring;tournament;Südbayerische Meisterschaft;3;Finale;Selim Fliegner;38673;;0;176;0
25/26;2026-04-27;Dream Bowl Palace Unterföhring;tournament;Südbayerische Meisterschaft;3;Finale;Selim Fliegner;38673;;1;223;0
25/26;2026-04-27;Dream Bowl Palace Unterföhring;tournament;Südbayerische Meisterschaft;3;Finale;Selim Fliegner;38673;;2;159;0
25/26;2026-04-27;Dream Bowl Palace Unterföhring;tournament;Südbayerische Meisterschaft;3;Finale;Selim Fliegner;38673;;3;188;0
25/26;2026-04-27;Dream Bowl Palace Unterföhring;tournament;Südbayerische Meisterschaft;3;Finale;Selim Fliegner;38673;;4;208;0
25/26;2026-04-27;Dream Bowl Palace Unterföhring;tournament;Südbayerische Meisterschaft;3;Finale;Selim Fliegner;38673;;5;201;0
25/26;2026-04-25;Dream Bowl Palace Unterföhring;tournament;Südbayerische Meisterschaft;1;Vorlauf;Jochen Mücke;38842;;0;220;0
25/26;2026-04-25;Dream Bowl Palace Unterföhring;tournament;Südbayerische Meisterschaft;1;Vorlauf;Jochen Mücke;38842;;1;197;0
25/26;2026-04-25;Dream Bowl Palace Unterföhring;tournament;Südbayerische Meisterschaft;1;Vorlauf;Jochen Mücke;38842;;2;181;0
25/26;2026-04-25;Dream Bowl Palace Unterföhring;tournament;Südbayerische Meisterschaft;1;Vorlauf;Jochen Mücke;38842;;3;186;0
25/26;2026-04-25;Dream Bowl Palace Unterföhring;tournament;Südbayerische Meisterschaft;1;Vorlauf;Jochen Mücke;38842;;4;182;0
25/26;2026-04-25;Dream Bowl Palace Unterföhring;tournament;Südbayerische Meisterschaft;1;Vorlauf;Jochen Mücke;38842;;5;144;0
25/26;2026-04-26;Dream Bowl Palace Unterföhring;tournament;Südbayerische Meisterschaft;2;Zwischenlauf;Jochen Mücke;38842;;0;216;0
25/26;2026-04-26;Dream Bowl Palace Unterföhring;tournament;Südbayerische Meisterschaft;2;Zwischenlauf;Jochen Mücke;38842;;1;152;0
25/26;2026-04-26;Dream Bowl Palace Unterföhring;tournament;Südbayerische Meisterschaft;2;Zwischenlauf;Jochen Mücke;38842;;2;202;0
25/26;2026-04-26;Dream Bowl Palace Unterföhring;tournament;Südbayerische Meisterschaft;2;Zwischenlauf;Jochen Mücke;38842;;3;182;0
25/26;2026-04-26;Dream Bowl Palace Unterföhring;tournament;Südbayerische Meisterschaft;2;Zwischenlauf;Jochen Mücke;38842;;4;216;0
25/26;2026-04-26;Dream Bowl Palace Unterföhring;tournament;Südbayerische Meisterschaft;2;Zwischenlauf;Jochen Mücke;38842;;5;254;0
25/26;2026-04-27;Dream Bowl Palace Unterföhring;tournament;Südbayerische Meisterschaft;3;Finale;Jochen Mücke;38842;;0;179;0
25/26;2026-04-27;Dream Bowl Palace Unterföhring;tournament;Südbayerische Meisterschaft;3;Finale;Jochen Mücke;38842;;1;211;0
25/26;2026-04-27;Dream Bowl Palace Unterföhring;tournament;Südbayerische Meisterschaft;3;Finale;Jochen Mücke;38842;;2;183;0
25/26;2026-04-27;Dream Bowl Palace Unterföhring;tournament;Südbayerische Meisterschaft;3;Finale;Jochen Mücke;38842;;3;196;0
25/26;2026-04-27;Dream Bowl Palace Unterföhring;tournament;Südbayerische Meisterschaft;3;Finale;Jochen Mücke;38842;;4;145;0
25/26;2026-04-27;Dream Bowl Palace Unterföhring;tournament;Südbayerische Meisterschaft;3;Finale;Jochen Mücke;38842;;5;179;0
25/26;2026-04-25;Dream Bowl Palace Unterföhring;tournament;Südbayerische Meisterschaft;1;Vorlauf;Jan Musiol;25166;;0;227;0
25/26;2026-04-25;Dream Bowl Palace Unterföhring;tournament;Südbayerische Meisterschaft;1;Vorlauf;Jan Musiol;25166;;1;193;0
25/26;2026-04-25;Dream Bowl Palace Unterföhring;tournament;Südbayerische Meisterschaft;1;Vorlauf;Jan Musiol;25166;;2;195;0
25/26;2026-04-25;Dream Bowl Palace Unterföhring;tournament;Südbayerische Meisterschaft;1;Vorlauf;Jan Musiol;25166;;3;171;0
25/26;2026-04-25;Dream Bowl Palace Unterföhring;tournament;Südbayerische Meisterschaft;1;Vorlauf;Jan Musiol;25166;;4;235;0
25/26;2026-04-25;Dream Bowl Palace Unterföhring;tournament;Südbayerische Meisterschaft;1;Vorlauf;Jan Musiol;25166;;5;201;0
25/26;2026-04-26;Dream Bowl Palace Unterföhring;tournament;Südbayerische Meisterschaft;2;Zwischenlauf;Jan Musiol;25166;;0;189;0
25/26;2026-04-26;Dream Bowl Palace Unterföhring;tournament;Südbayerische Meisterschaft;2;Zwischenlauf;Jan Musiol;25166;;1;200;0
25/26;2026-04-26;Dream Bowl Palace Unterföhring;tournament;Südbayerische Meisterschaft;2;Zwischenlauf;Jan Musiol;25166;;2;160;0
25/26;2026-04-26;Dream Bowl Palace Unterföhring;tournament;Südbayerische Meisterschaft;2;Zwischenlauf;Jan Musiol;25166;;3;140;0
25/26;2026-04-26;Dream Bowl Palace Unterföhring;tournament;Südbayerische Meisterschaft;2;Zwischenlauf;Jan Musiol;25166;;4;177;0
25/26;2026-04-26;Dream Bowl Palace Unterföhring;tournament;Südbayerische Meisterschaft;2;Zwischenlauf;Jan Musiol;25166;;5;165;0
25/26;2026-04-27;Dream Bowl Palace Unterföhring;tournament;Südbayerische Meisterschaft;3;Finale;Jan Musiol;25166;;0;161;0
25/26;2026-04-27;Dream Bowl Palace Unterföhring;tournament;Südbayerische Meisterschaft;3;Finale;Jan Musiol;25166;;1;160;0
25/26;2026-04-27;Dream Bowl Palace Unterföhring;tournament;Südbayerische Meisterschaft;3;Finale;Jan Musiol;25166;;2;205;0
25/26;2026-04-27;Dream Bowl Palace Unterföhring;tournament;Südbayerische Meisterschaft;3;Finale;Jan Musiol;25166;;3;191;0
25/26;2026-04-27;Dream Bowl Palace Unterföhring;tournament;Südbayerische Meisterschaft;3;Finale;Jan Musiol;25166;;4;202;0
25/26;2026-04-27;Dream Bowl Palace Unterföhring;tournament;Südbayerische Meisterschaft;3;Finale;Jan Musiol;25166;;5;247;0
25/26;2026-04-25;Dream Bowl Palace Unterföhring;tournament;Südbayerische Meisterschaft;1;Vorlauf;Florian Stangl;25690;;0;215;0
25/26;2026-04-25;Dream Bowl Palace Unterföhring;tournament;Südbayerische Meisterschaft;1;Vorlauf;Florian Stangl;25690;;1;213;0
25/26;2026-04-25;Dream Bowl Palace Unterföhring;tournament;Südbayerische Meisterschaft;1;Vorlauf;Florian Stangl;25690;;2;192;0
25/26;2026-04-25;Dream Bowl Palace Unterföhring;tournament;Südbayerische Meisterschaft;1;Vorlauf;Florian Stangl;25690;;3;162;0
25/26;2026-04-25;Dream Bowl Palace Unterföhring;tournament;Südbayerische Meisterschaft;1;Vorlauf;Florian Stangl;25690;;4;202;0
25/26;2026-04-25;Dream Bowl Palace Unterföhring;tournament;Südbayerische Meisterschaft;1;Vorlauf;Florian Stangl;25690;;5;164;0
25/26;2026-04-26;Dream Bowl Palace Unterföhring;tournament;Südbayerische Meisterschaft;2;Zwischenlauf;Florian Stangl;25690;;0;226;0
25/26;2026-04-26;Dream Bowl Palace Unterföhring;tournament;Südbayerische Meisterschaft;2;Zwischenlauf;Florian Stangl;25690;;1;183;0
25/26;2026-04-26;Dream Bowl Palace Unterföhring;tournament;Südbayerische Meisterschaft;2;Zwischenlauf;Florian Stangl;25690;;2;175;0
25/26;2026-04-26;Dream Bowl Palace Unterföhring;tournament;Südbayerische Meisterschaft;2;Zwischenlauf;Florian Stangl;25690;;3;167;0
25/26;2026-04-26;Dream Bowl Palace Unterföhring;tournament;Südbayerische Meisterschaft;2;Zwischenlauf;Florian Stangl;25690;;4;200;0
25/26;2026-04-26;Dream Bowl Palace Unterföhring;tournament;Südbayerische Meisterschaft;2;Zwischenlauf;Florian Stangl;25690;;5;212;0
25/26;2026-04-27;Dream Bowl Palace Unterföhring;tournament;Südbayerische Meisterschaft;3;Finale;Florian Stangl;25690;;0;180;0
25/26;2026-04-27;Dream Bowl Palace Unterföhring;tournament;Südbayerische Meisterschaft;3;Finale;Florian Stangl;25690;;1;197;0
25/26;2026-04-27;Dream Bowl Palace Unterföhring;tournament;Südbayerische Meisterschaft;3;Finale;Florian Stangl;25690;;2;212;0
25/26;2026-04-27;Dream Bowl Palace Unterföhring;tournament;Südbayerische Meisterschaft;3;Finale;Florian Stangl;25690;;3;138;0
25/26;2026-04-27;Dream Bowl Palace Unterföhring;tournament;Südbayerische Meisterschaft;3;Finale;Florian Stangl;25690;;4;185;0
25/26;2026-04-27;Dream Bowl Palace Unterföhring;tournament;Südbayerische Meisterschaft;3;Finale;Florian Stangl;25690;;5;184;0
25/26;2026-04-25;Dream Bowl Palace Unterföhring;tournament;Südbayerische Meisterschaft;1;Vorlauf;Patrick Baszler;7886;;0;211;0
25/26;2026-04-25;Dream Bowl Palace Unterföhring;tournament;Südbayerische Meisterschaft;1;Vorlauf;Patrick Baszler;7886;;1;191;0
25/26;2026-04-25;Dream Bowl Palace Unterföhring;tournament;Südbayerische Meisterschaft;1;Vorlauf;Patrick Baszler;7886;;2;160;0
25/26;2026-04-25;Dream Bowl Palace Unterföhring;tournament;Südbayerische Meisterschaft;1;Vorlauf;Patrick Baszler;7886;;3;168;0
25/26;2026-04-25;Dream Bowl Palace Unterföhring;tournament;Südbayerische Meisterschaft;1;Vorlauf;Patrick Baszler;7886;;4;166;0
25/26;2026-04-25;Dream Bowl Palace Unterföhring;tournament;Südbayerische Meisterschaft;1;Vorlauf;Patrick Baszler;7886;;5;170;0
25/26;2026-04-26;Dream Bowl Palace Unterföhring;tournament;Südbayerische Meisterschaft;2;Zwischenlauf;Patrick Baszler;7886;;0;205;0
25/26;2026-04-26;Dream Bowl Palace Unterföhring;tournament;Südbayerische Meisterschaft;2;Zwischenlauf;Patrick Baszler;7886;;1;213;0
25/26;2026-04-26;Dream Bowl Palace Unterföhring;tournament;Südbayerische Meisterschaft;2;Zwischenlauf;Patrick Baszler;7886;;2;189;0
25/26;2026-04-26;Dream Bowl Palace Unterföhring;tournament;Südbayerische Meisterschaft;2;Zwischenlauf;Patrick Baszler;7886;;3;191;0
25/26;2026-04-26;Dream Bowl Palace Unterföhring;tournament;Südbayerische Meisterschaft;2;Zwischenlauf;Patrick Baszler;7886;;4;182;0
25/26;2026-04-26;Dream Bowl Palace Unterföhring;tournament;Südbayerische Meisterschaft;2;Zwischenlauf;Patrick Baszler;7886;;5;235;0
25/26;2026-04-27;Dream Bowl Palace Unterföhring;tournament;Südbayerische Meisterschaft;3;Finale;Patrick Baszler;7886;;0;237;0
25/26;2026-04-27;Dream Bowl Palace Unterföhring;tournament;Südbayerische Meisterschaft;3;Finale;Patrick Baszler;7886;;1;147;0
25/26;2026-04-27;Dream Bowl Palace Unterföhring;tournament;Südbayerische Meisterschaft;3;Finale;Patrick Baszler;7886;;2;176;0
25/26;2026-04-27;Dream Bowl Palace Unterföhring;tournament;Südbayerische Meisterschaft;3;Finale;Patrick Baszler;7886;;3;171;0
25/26;2026-04-27;Dream Bowl Palace Unterföhring;tournament;Südbayerische Meisterschaft;3;Finale;Patrick Baszler;7886;;4;223;0
25/26;2026-04-27;Dream Bowl Palace Unterföhring;tournament;Südbayerische Meisterschaft;3;Finale;Patrick Baszler;7886;;5;169;0
25/26;2026-04-25;Dream Bowl Palace Unterföhring;tournament;Südbayerische Meisterschaft;1;Vorlauf;Roland Hannemann;16336;;0;226;0
25/26;2026-04-25;Dream Bowl Palace Unterföhring;tournament;Südbayerische Meisterschaft;1;Vorlauf;Roland Hannemann;16336;;1;235;0
25/26;2026-04-25;Dream Bowl Palace Unterföhring;tournament;Südbayerische Meisterschaft;1;Vorlauf;Roland Hannemann;16336;;2;150;0
25/26;2026-04-25;Dream Bowl Palace Unterföhring;tournament;Südbayerische Meisterschaft;1;Vorlauf;Roland Hannemann;16336;;3;223;0
25/26;2026-04-25;Dream Bowl Palace Unterföhring;tournament;Südbayerische Meisterschaft;1;Vorlauf;Roland Hannemann;16336;;4;212;0
25/26;2026-04-25;Dream Bowl Palace Unterföhring;tournament;Südbayerische Meisterschaft;1;Vorlauf;Roland Hannemann;16336;;5;183;0
25/26;2026-04-26;Dream Bowl Palace Unterföhring;tournament;Südbayerische Meisterschaft;2;Zwischenlauf;Roland Hannemann;16336;;0;172;0
25/26;2026-04-26;Dream Bowl Palace Unterföhring;tournament;Südbayerische Meisterschaft;2;Zwischenlauf;Roland Hannemann;16336;;1;192;0
25/26;2026-04-26;Dream Bowl Palace Unterföhring;tournament;Südbayerische Meisterschaft;2;Zwischenlauf;Roland Hannemann;16336;;2;160;0
25/26;2026-04-26;Dream Bowl Palace Unterföhring;tournament;Südbayerische Meisterschaft;2;Zwischenlauf;Roland Hannemann;16336;;3;200;0
25/26;2026-04-26;Dream Bowl Palace Unterföhring;tournament;Südbayerische Meisterschaft;2;Zwischenlauf;Roland Hannemann;16336;;4;214;0
25/26;2026-04-26;Dream Bowl Palace Unterföhring;tournament;Südbayerische Meisterschaft;2;Zwischenlauf;Roland Hannemann;16336;;5;202;0
25/26;2026-04-27;Dream Bowl Palace Unterföhring;tournament;Südbayerische Meisterschaft;3;Finale;Roland Hannemann;16336;;0;188;0
25/26;2026-04-27;Dream Bowl Palace Unterföhring;tournament;Südbayerische Meisterschaft;3;Finale;Roland Hannemann;16336;;1;177;0
25/26;2026-04-27;Dream Bowl Palace Unterföhring;tournament;Südbayerische Meisterschaft;3;Finale;Roland Hannemann;16336;;2;148;0
25/26;2026-04-27;Dream Bowl Palace Unterföhring;tournament;Südbayerische Meisterschaft;3;Finale;Roland Hannemann;16336;;3;135;0
25/26;2026-04-27;Dream Bowl Palace Unterföhring;tournament;Südbayerische Meisterschaft;3;Finale;Roland Hannemann;16336;;4;206;0
25/26;2026-04-27;Dream Bowl Palace Unterföhring;tournament;Südbayerische Meisterschaft;3;Finale;Roland Hannemann;16336;;5;170;0
25/26;2026-04-25;Dream Bowl Palace Unterföhring;tournament;Südbayerische Meisterschaft;1;Vorlauf;Ralf Mielke;25842;;0;187;0
25/26;2026-04-25;Dream Bowl Palace Unterföhring;tournament;Südbayerische Meisterschaft;1;Vorlauf;Ralf Mielke;25842;;1;158;0
25/26;2026-04-25;Dream Bowl Palace Unterföhring;tournament;Südbayerische Meisterschaft;1;Vorlauf;Ralf Mielke;25842;;2;131;0
25/26;2026-04-25;Dream Bowl Palace Unterföhring;tournament;Südbayerische Meisterschaft;1;Vorlauf;Ralf Mielke;25842;;3;193;0
25/26;2026-04-25;Dream Bowl Palace Unterföhring;tournament;Südbayerische Meisterschaft;1;Vorlauf;Ralf Mielke;25842;;4;226;0
25/26;2026-04-25;Dream Bowl Palace Unterföhring;tournament;Südbayerische Meisterschaft;1;Vorlauf;Ralf Mielke;25842;;5;158;0
25/26;2026-04-26;Dream Bowl Palace Unterföhring;tournament;Südbayerische Meisterschaft;2;Zwischenlauf;Ralf Mielke;25842;;0;207;0
25/26;2026-04-26;Dream Bowl Palace Unterföhring;tournament;Südbayerische Meisterschaft;2;Zwischenlauf;Ralf Mielke;25842;;1;190;0
25/26;2026-04-26;Dream Bowl Palace Unterföhring;tournament;Südbayerische Meisterschaft;2;Zwischenlauf;Ralf Mielke;25842;;2;243;0
25/26;2026-04-26;Dream Bowl Palace Unterföhring;tournament;Südbayerische Meisterschaft;2;Zwischenlauf;Ralf Mielke;25842;;3;215;0
25/26;2026-04-26;Dream Bowl Palace Unterföhring;tournament;Südbayerische Meisterschaft;2;Zwischenlauf;Ralf Mielke;25842;;4;178;0
25/26;2026-04-26;Dream Bowl Palace Unterföhring;tournament;Südbayerische Meisterschaft;2;Zwischenlauf;Ralf Mielke;25842;;5;169;0
25/26;2026-04-27;Dream Bowl Palace Unterföhring;tournament;Südbayerische Meisterschaft;3;Finale;Ralf Mielke;25842;;0;166;0
25/26;2026-04-27;Dream Bowl Palace Unterföhring;tournament;Südbayerische Meisterschaft;3;Finale;Ralf Mielke;25842;;1;195;0
25/26;2026-04-27;Dream Bowl Palace Unterföhring;tournament;Südbayerische Meisterschaft;3;Finale;Ralf Mielke;25842;;2;204;0
25/26;2026-04-27;Dream Bowl Palace Unterföhring;tournament;Südbayerische Meisterschaft;3;Finale;Ralf Mielke;25842;;3;217;0
25/26;2026-04-27;Dream Bowl Palace Unterföhring;tournament;Südbayerische Meisterschaft;3;Finale;Ralf Mielke;25842;;4;180;0
25/26;2026-04-27;Dream Bowl Palace Unterföhring;tournament;Südbayerische Meisterschaft;3;Finale;Ralf Mielke;25842;;5;165;0
25/26;2026-04-25;Dream Bowl Palace Unterföhring;tournament;Südbayerische Meisterschaft;1;Vorlauf;Alexander Egger;38541;;0;191;0
25/26;2026-04-25;Dream Bowl Palace Unterföhring;tournament;Südbayerische Meisterschaft;1;Vorlauf;Alexander Egger;38541;;1;196;0
25/26;2026-04-25;Dream Bowl Palace Unterföhring;tournament;Südbayerische Meisterschaft;1;Vorlauf;Alexander Egger;38541;;2;194;0
25/26;2026-04-25;Dream Bowl Palace Unterföhring;tournament;Südbayerische Meisterschaft;1;Vorlauf;Alexander Egger;38541;;3;238;0
25/26;2026-04-25;Dream Bowl Palace Unterföhring;tournament;Südbayerische Meisterschaft;1;Vorlauf;Alexander Egger;38541;;4;159;0
25/26;2026-04-25;Dream Bowl Palace Unterföhring;tournament;Südbayerische Meisterschaft;1;Vorlauf;Alexander Egger;38541;;5;211;0
25/26;2026-04-26;Dream Bowl Palace Unterföhring;tournament;Südbayerische Meisterschaft;2;Zwischenlauf;Alexander Egger;38541;;0;195;0
25/26;2026-04-26;Dream Bowl Palace Unterföhring;tournament;Südbayerische Meisterschaft;2;Zwischenlauf;Alexander Egger;38541;;1;193;0
25/26;2026-04-26;Dream Bowl Palace Unterföhring;tournament;Südbayerische Meisterschaft;2;Zwischenlauf;Alexander Egger;38541;;2;181;0
25/26;2026-04-26;Dream Bowl Palace Unterföhring;tournament;Südbayerische Meisterschaft;2;Zwischenlauf;Alexander Egger;38541;;3;162;0
25/26;2026-04-26;Dream Bowl Palace Unterföhring;tournament;Südbayerische Meisterschaft;2;Zwischenlauf;Alexander Egger;38541;;4;150;0
25/26;2026-04-26;Dream Bowl Palace Unterföhring;tournament;Südbayerische Meisterschaft;2;Zwischenlauf;Alexander Egger;38541;;5;179;0
25/26;2026-04-27;Dream Bowl Palace Unterföhring;tournament;Südbayerische Meisterschaft;3;Finale;Alexander Egger;38541;;0;201;0
25/26;2026-04-27;Dream Bowl Palace Unterföhring;tournament;Südbayerische Meisterschaft;3;Finale;Alexander Egger;38541;;1;163;0
25/26;2026-04-27;Dream Bowl Palace Unterföhring;tournament;Südbayerische Meisterschaft;3;Finale;Alexander Egger;38541;;2;176;0
25/26;2026-04-27;Dream Bowl Palace Unterföhring;tournament;Südbayerische Meisterschaft;3;Finale;Alexander Egger;38541;;3;204;0
25/26;2026-04-27;Dream Bowl Palace Unterföhring;tournament;Südbayerische Meisterschaft;3;Finale;Alexander Egger;38541;;4;157;0
25/26;2026-04-27;Dream Bowl Palace Unterföhring;tournament;Südbayerische Meisterschaft;3;Finale;Alexander Egger;38541;;5;208;0
25/26;2026-04-25;Dream Bowl Palace Unterföhring;tournament;Südbayerische Meisterschaft;1;Vorlauf;Walter Lederle;16402;;0;194;0
25/26;2026-04-25;Dream Bowl Palace Unterföhring;tournament;Südbayerische Meisterschaft;1;Vorlauf;Walter Lederle;16402;;1;173;0
25/26;2026-04-25;Dream Bowl Palace Unterföhring;tournament;Südbayerische Meisterschaft;1;Vorlauf;Walter Lederle;16402;;2;223;0
25/26;2026-04-25;Dream Bowl Palace Unterföhring;tournament;Südbayerische Meisterschaft;1;Vorlauf;Walter Lederle;16402;;3;144;0
25/26;2026-04-25;Dream Bowl Palace Unterföhring;tournament;Südbayerische Meisterschaft;1;Vorlauf;Walter Lederle;16402;;4;171;0
25/26;2026-04-25;Dream Bowl Palace Unterföhring;tournament;Südbayerische Meisterschaft;1;Vorlauf;Walter Lederle;16402;;5;202;0
25/26;2026-04-26;Dream Bowl Palace Unterföhring;tournament;Südbayerische Meisterschaft;2;Zwischenlauf;Walter Lederle;16402;;0;190;0
25/26;2026-04-26;Dream Bowl Palace Unterföhring;tournament;Südbayerische Meisterschaft;2;Zwischenlauf;Walter Lederle;16402;;1;166;0
25/26;2026-04-26;Dream Bowl Palace Unterföhring;tournament;Südbayerische Meisterschaft;2;Zwischenlauf;Walter Lederle;16402;;2;235;0
25/26;2026-04-26;Dream Bowl Palace Unterföhring;tournament;Südbayerische Meisterschaft;2;Zwischenlauf;Walter Lederle;16402;;3;203;0
25/26;2026-04-26;Dream Bowl Palace Unterföhring;tournament;Südbayerische Meisterschaft;2;Zwischenlauf;Walter Lederle;16402;;4;184;0
25/26;2026-04-26;Dream Bowl Palace Unterföhring;tournament;Südbayerische Meisterschaft;2;Zwischenlauf;Walter Lederle;16402;;5;192;0
25/26;2026-04-27;Dream Bowl Palace Unterföhring;tournament;Südbayerische Meisterschaft;3;Finale;Walter Lederle;16402;;0;145;0
25/26;2026-04-27;Dream Bowl Palace Unterföhring;tournament;Südbayerische Meisterschaft;3;Finale;Walter Lederle;16402;;1;199;0
25/26;2026-04-27;Dream Bowl Palace Unterföhring;tournament;Südbayerische Meisterschaft;3;Finale;Walter Lederle;16402;;2;161;0
25/26;2026-04-27;Dream Bowl Palace Unterföhring;tournament;Südbayerische Meisterschaft;3;Finale;Walter Lederle;16402;;3;214;0
25/26;2026-04-27;Dream Bowl Palace Unterföhring;tournament;Südbayerische Meisterschaft;3;Finale;Walter Lederle;16402;;4;173;0
25/26;2026-04-27;Dream Bowl Palace Unterföhring;tournament;Südbayerische Meisterschaft;3;Finale;Walter Lederle;16402;;5;178;0
25/26;2026-04-25;Dream Bowl Palace Unterföhring;tournament;Südbayerische Meisterschaft;1;Vorlauf;Stefan Müller;7607;;0;207;0
25/26;2026-04-25;Dream Bowl Palace Unterföhring;tournament;Südbayerische Meisterschaft;1;Vorlauf;Stefan Müller;7607;;1;159;0
25/26;2026-04-25;Dream Bowl Palace Unterföhring;tournament;Südbayerische Meisterschaft;1;Vorlauf;Stefan Müller;7607;;2;245;0
25/26;2026-04-25;Dream Bowl Palace Unterföhring;tournament;Südbayerische Meisterschaft;1;Vorlauf;Stefan Müller;7607;;3;186;0
25/26;2026-04-25;Dream Bowl Palace Unterföhring;tournament;Südbayerische Meisterschaft;1;Vorlauf;Stefan Müller;7607;;4;186;0
25/26;2026-04-25;Dream Bowl Palace Unterföhring;tournament;Südbayerische Meisterschaft;1;Vorlauf;Stefan Müller;7607;;5;228;0
25/26;2026-04-26;Dream Bowl Palace Unterföhring;tournament;Südbayerische Meisterschaft;2;Zwischenlauf;Stefan Müller;7607;;0;213;0
25/26;2026-04-26;Dream Bowl Palace Unterföhring;tournament;Südbayerische Meisterschaft;2;Zwischenlauf;Stefan Müller;7607;;1;197;0
25/26;2026-04-26;Dream Bowl Palace Unterföhring;tournament;Südbayerische Meisterschaft;2;Zwischenlauf;Stefan Müller;7607;;2;143;0
25/26;2026-04-26;Dream Bowl Palace Unterföhring;tournament;Südbayerische Meisterschaft;2;Zwischenlauf;Stefan Müller;7607;;3;223;0
25/26;2026-04-26;Dream Bowl Palace Unterföhring;tournament;Südbayerische Meisterschaft;2;Zwischenlauf;Stefan Müller;7607;;4;145;0
25/26;2026-04-26;Dream Bowl Palace Unterföhring;tournament;Südbayerische Meisterschaft;2;Zwischenlauf;Stefan Müller;7607;;5;200;0
25/26;2026-04-27;Dream Bowl Palace Unterföhring;tournament;Südbayerische Meisterschaft;3;Finale;Stefan Müller;7607;;0;208;0
25/26;2026-04-27;Dream Bowl Palace Unterföhring;tournament;Südbayerische Meisterschaft;3;Finale;Stefan Müller;7607;;1;130;0
25/26;2026-04-27;Dream Bowl Palace Unterföhring;tournament;Südbayerische Meisterschaft;3;Finale;Stefan Müller;7607;;2;150;0
25/26;2026-04-27;Dream Bowl Palace Unterföhring;tournament;Südbayerische Meisterschaft;3;Finale;Stefan Müller;7607;;3;162;0
25/26;2026-04-27;Dream Bowl Palace Unterföhring;tournament;Südbayerische Meisterschaft;3;Finale;Stefan Müller;7607;;4;169;0
25/26;2026-04-27;Dream Bowl Palace Unterföhring;tournament;Südbayerische Meisterschaft;3;Finale;Stefan Müller;7607;;5;154;0
25/26;2026-04-25;Dream Bowl Palace Unterföhring;tournament;Südbayerische Meisterschaft;1;Vorlauf;Christian Schrempf;7646;;0;178;0
25/26;2026-04-25;Dream Bowl Palace Unterföhring;tournament;Südbayerische Meisterschaft;1;Vorlauf;Christian Schrempf;7646;;1;192;0
25/26;2026-04-25;Dream Bowl Palace Unterföhring;tournament;Südbayerische Meisterschaft;1;Vorlauf;Christian Schrempf;7646;;2;170;0
25/26;2026-04-25;Dream Bowl Palace Unterföhring;tournament;Südbayerische Meisterschaft;1;Vorlauf;Christian Schrempf;7646;;3;238;0
25/26;2026-04-25;Dream Bowl Palace Unterföhring;tournament;Südbayerische Meisterschaft;1;Vorlauf;Christian Schrempf;7646;;4;181;0
25/26;2026-04-25;Dream Bowl Palace Unterföhring;tournament;Südbayerische Meisterschaft;1;Vorlauf;Christian Schrempf;7646;;5;235;0
25/26;2026-04-26;Dream Bowl Palace Unterföhring;tournament;Südbayerische Meisterschaft;2;Zwischenlauf;Christian Schrempf;7646;;0;197;0
25/26;2026-04-26;Dream Bowl Palace Unterföhring;tournament;Südbayerische Meisterschaft;2;Zwischenlauf;Christian Schrempf;7646;;1;203;0
25/26;2026-04-26;Dream Bowl Palace Unterföhring;tournament;Südbayerische Meisterschaft;2;Zwischenlauf;Christian Schrempf;7646;;2;192;0
25/26;2026-04-26;Dream Bowl Palace Unterföhring;tournament;Südbayerische Meisterschaft;2;Zwischenlauf;Christian Schrempf;7646;;3;139;0
25/26;2026-04-26;Dream Bowl Palace Unterföhring;tournament;Südbayerische Meisterschaft;2;Zwischenlauf;Christian Schrempf;7646;;4;175;0
25/26;2026-04-26;Dream Bowl Palace Unterföhring;tournament;Südbayerische Meisterschaft;2;Zwischenlauf;Christian Schrempf;7646;;5;200;0
25/26;2026-04-27;Dream Bowl Palace Unterföhring;tournament;Südbayerische Meisterschaft;3;Finale;Christian Schrempf;7646;;0;154;0
25/26;2026-04-27;Dream Bowl Palace Unterföhring;tournament;Südbayerische Meisterschaft;3;Finale;Christian Schrempf;7646;;1;167;0
25/26;2026-04-27;Dream Bowl Palace Unterföhring;tournament;Südbayerische Meisterschaft;3;Finale;Christian Schrempf;7646;;2;160;0
25/26;2026-04-27;Dream Bowl Palace Unterföhring;tournament;Südbayerische Meisterschaft;3;Finale;Christian Schrempf;7646;;3;186;0
25/26;2026-04-27;Dream Bowl Palace Unterföhring;tournament;Südbayerische Meisterschaft;3;Finale;Christian Schrempf;7646;;4;175;0
25/26;2026-04-27;Dream Bowl Palace Unterföhring;tournament;Südbayerische Meisterschaft;3;Finale;Christian Schrempf;7646;;5;157;0
25/26;2026-04-25;Dream Bowl Palace Unterföhring;tournament;Südbayerische Meisterschaft;1;Vorlauf;Martin Küchler;25826;;0;187;0
25/26;2026-04-25;Dream Bowl Palace Unterföhring;tournament;Südbayerische Meisterschaft;1;Vorlauf;Martin Küchler;25826;;1;171;0
25/26;2026-04-25;Dream Bowl Palace Unterföhring;tournament;Südbayerische Meisterschaft;1;Vorlauf;Martin Küchler;25826;;2;181;0
25/26;2026-04-25;Dream Bowl Palace Unterföhring;tournament;Südbayerische Meisterschaft;1;Vorlauf;Martin Küchler;25826;;3;212;0
25/26;2026-04-25;Dream Bowl Palace Unterföhring;tournament;Südbayerische Meisterschaft;1;Vorlauf;Martin Küchler;25826;;4;172;0
25/26;2026-04-25;Dream Bowl Palace Unterföhring;tournament;Südbayerische Meisterschaft;1;Vorlauf;Martin Küchler;25826;;5;224;0
25/26;2026-04-26;Dream Bowl Palace Unterföhring;tournament;Südbayerische Meisterschaft;2;Zwischenlauf;Martin Küchler;25826;;0;178;0
25/26;2026-04-26;Dream Bowl Palace Unterföhring;tournament;Südbayerische Meisterschaft;2;Zwischenlauf;Martin Küchler;25826;;1;189;0
25/26;2026-04-26;Dream Bowl Palace Unterföhring;tournament;Südbayerische Meisterschaft;2;Zwischenlauf;Martin Küchler;25826;;2;171;0
25/26;2026-04-26;Dream Bowl Palace Unterföhring;tournament;Südbayerische Meisterschaft;2;Zwischenlauf;Martin Küchler;25826;;3;179;0
25/26;2026-04-26;Dream Bowl Palace Unterföhring;tournament;Südbayerische Meisterschaft;2;Zwischenlauf;Martin Küchler;25826;;4;200;0
25/26;2026-04-26;Dream Bowl Palace Unterföhring;tournament;Südbayerische Meisterschaft;2;Zwischenlauf;Martin Küchler;25826;;5;183;0
25/26;2026-04-27;Dream Bowl Palace Unterföhring;tournament;Südbayerische Meisterschaft;3;Finale;Martin Küchler;25826;;0;179;0
25/26;2026-04-27;Dream Bowl Palace Unterföhring;tournament;Südbayerische Meisterschaft;3;Finale;Martin Küchler;25826;;1;165;0
25/26;2026-04-27;Dream Bowl Palace Unterföhring;tournament;Südbayerische Meisterschaft;3;Finale;Martin Küchler;25826;;2;158;0
25/26;2026-04-27;Dream Bowl Palace Unterföhring;tournament;Südbayerische Meisterschaft;3;Finale;Martin Küchler;25826;;3;147;0
25/26;2026-04-27;Dream Bowl Palace Unterföhring;tournament;Südbayerische Meisterschaft;3;Finale;Martin Küchler;25826;;4;200;0
25/26;2026-04-27;Dream Bowl Palace Unterföhring;tournament;Südbayerische Meisterschaft;3;Finale;Martin Küchler;25826;;5;153;0
25/26;2026-04-25;Dream Bowl Palace Unterföhring;tournament;Südbayerische Meisterschaft;1;Vorlauf;Anton Mutz;25005;;0;183;0
25/26;2026-04-25;Dream Bowl Palace Unterföhring;tournament;Südbayerische Meisterschaft;1;Vorlauf;Anton Mutz;25005;;1;195;0
25/26;2026-04-25;Dream Bowl Palace Unterföhring;tournament;Südbayerische Meisterschaft;1;Vorlauf;Anton Mutz;25005;;2;192;0
25/26;2026-04-25;Dream Bowl Palace Unterföhring;tournament;Südbayerische Meisterschaft;1;Vorlauf;Anton Mutz;25005;;3;185;0
25/26;2026-04-25;Dream Bowl Palace Unterföhring;tournament;Südbayerische Meisterschaft;1;Vorlauf;Anton Mutz;25005;;4;206;0
25/26;2026-04-25;Dream Bowl Palace Unterföhring;tournament;Südbayerische Meisterschaft;1;Vorlauf;Anton Mutz;25005;;5;211;0
25/26;2026-04-26;Dream Bowl Palace Unterföhring;tournament;Südbayerische Meisterschaft;2;Zwischenlauf;Anton Mutz;25005;;0;151;0
25/26;2026-04-26;Dream Bowl Palace Unterföhring;tournament;Südbayerische Meisterschaft;2;Zwischenlauf;Anton Mutz;25005;;1;181;0
25/26;2026-04-26;Dream Bowl Palace Unterföhring;tournament;Südbayerische Meisterschaft;2;Zwischenlauf;Anton Mutz;25005;;2;194;0
25/26;2026-04-26;Dream Bowl Palace Unterföhring;tournament;Südbayerische Meisterschaft;2;Zwischenlauf;Anton Mutz;25005;;3;194;0
25/26;2026-04-26;Dream Bowl Palace Unterföhring;tournament;Südbayerische Meisterschaft;2;Zwischenlauf;Anton Mutz;25005;;4;158;0
25/26;2026-04-26;Dream Bowl Palace Unterföhring;tournament;Südbayerische Meisterschaft;2;Zwischenlauf;Anton Mutz;25005;;5;191;0
25/26;2026-04-27;Dream Bowl Palace Unterföhring;tournament;Südbayerische Meisterschaft;3;Finale;Anton Mutz;25005;;0;190;0
25/26;2026-04-27;Dream Bowl Palace Unterföhring;tournament;Südbayerische Meisterschaft;3;Finale;Anton Mutz;25005;;1;168;0
25/26;2026-04-27;Dream Bowl Palace Unterföhring;tournament;Südbayerische Meisterschaft;3;Finale;Anton Mutz;25005;;2;163;0
25/26;2026-04-27;Dream Bowl Palace Unterföhring;tournament;Südbayerische Meisterschaft;3;Finale;Anton Mutz;25005;;3;170;0
25/26;2026-04-27;Dream Bowl Palace Unterföhring;tournament;Südbayerische Meisterschaft;3;Finale;Anton Mutz;25005;;4;146;0
25/26;2026-04-27;Dream Bowl Palace Unterföhring;tournament;Südbayerische Meisterschaft;3;Finale;Anton Mutz;25005;;5;149;0
25/26;2026-04-25;Dream Bowl Palace Unterföhring;tournament;Südbayerische Meisterschaft;1;Vorlauf;Tom Eck;38050;;0;265;0
25/26;2026-04-25;Dream Bowl Palace Unterföhring;tournament;Südbayerische Meisterschaft;1;Vorlauf;Tom Eck;38050;;1;192;0
25/26;2026-04-25;Dream Bowl Palace Unterföhring;tournament;Südbayerische Meisterschaft;1;Vorlauf;Tom Eck;38050;;2;210;0
25/26;2026-04-25;Dream Bowl Palace Unterföhring;tournament;Südbayerische Meisterschaft;1;Vorlauf;Tom Eck;38050;;3;200;0
25/26;2026-04-25;Dream Bowl Palace Unterföhring;tournament;Südbayerische Meisterschaft;1;Vorlauf;Tom Eck;38050;;4;168;0
25/26;2026-04-25;Dream Bowl Palace Unterföhring;tournament;Südbayerische Meisterschaft;1;Vorlauf;Tom Eck;38050;;5;191;0
25/26;2026-04-26;Dream Bowl Palace Unterföhring;tournament;Südbayerische Meisterschaft;2;Zwischenlauf;Tom Eck;38050;;0;193;0
25/26;2026-04-26;Dream Bowl Palace Unterföhring;tournament;Südbayerische Meisterschaft;2;Zwischenlauf;Tom Eck;38050;;1;170;0
25/26;2026-04-26;Dream Bowl Palace Unterföhring;tournament;Südbayerische Meisterschaft;2;Zwischenlauf;Tom Eck;38050;;2;223;0
25/26;2026-04-26;Dream Bowl Palace Unterföhring;tournament;Südbayerische Meisterschaft;2;Zwischenlauf;Tom Eck;38050;;3;146;0
25/26;2026-04-26;Dream Bowl Palace Unterföhring;tournament;Südbayerische Meisterschaft;2;Zwischenlauf;Tom Eck;38050;;4;168;0
25/26;2026-04-26;Dream Bowl Palace Unterföhring;tournament;Südbayerische Meisterschaft;2;Zwischenlauf;Tom Eck;38050;;5;134;0
25/26;2026-04-27;Dream Bowl Palace Unterföhring;tournament;Südbayerische Meisterschaft;3;Finale;Tom Eck;38050;;0;134;0
25/26;2026-04-27;Dream Bowl Palace Unterföhring;tournament;Südbayerische Meisterschaft;3;Finale;Tom Eck;38050;;1;150;0
25/26;2026-04-25;Dream Bowl Palace Unterföhring;tournament;Südbayerische Meisterschaft;1;Vorlauf;Marco Probst;7602;;0;169;0
25/26;2026-04-25;Dream Bowl Palace Unterföhring;tournament;Südbayerische Meisterschaft;1;Vorlauf;Marco Probst;7602;;1;180;0
25/26;2026-04-25;Dream Bowl Palace Unterföhring;tournament;Südbayerische Meisterschaft;1;Vorlauf;Marco Probst;7602;;2;194;0
25/26;2026-04-25;Dream Bowl Palace Unterföhring;tournament;Südbayerische Meisterschaft;1;Vorlauf;Marco Probst;7602;;3;193;0
25/26;2026-04-25;Dream Bowl Palace Unterföhring;tournament;Südbayerische Meisterschaft;1;Vorlauf;Marco Probst;7602;;4;186;0
25/26;2026-04-25;Dream Bowl Palace Unterföhring;tournament;Südbayerische Meisterschaft;1;Vorlauf;Marco Probst;7602;;5;164;0
25/26;2026-04-26;Dream Bowl Palace Unterföhring;tournament;Südbayerische Meisterschaft;2;Zwischenlauf;Marco Probst;7602;;0;166;0
25/26;2026-04-26;Dream Bowl Palace Unterföhring;tournament;Südbayerische Meisterschaft;2;Zwischenlauf;Marco Probst;7602;;1;160;0
25/26;2026-04-26;Dream Bowl Palace Unterföhring;tournament;Südbayerische Meisterschaft;2;Zwischenlauf;Marco Probst;7602;;2;212;0
25/26;2026-04-26;Dream Bowl Palace Unterföhring;tournament;Südbayerische Meisterschaft;2;Zwischenlauf;Marco Probst;7602;;3;250;0
25/26;2026-04-26;Dream Bowl Palace Unterföhring;tournament;Südbayerische Meisterschaft;2;Zwischenlauf;Marco Probst;7602;;4;175;0
25/26;2026-04-26;Dream Bowl Palace Unterföhring;tournament;Südbayerische Meisterschaft;2;Zwischenlauf;Marco Probst;7602;;5;191;0
25/26;2026-04-25;Dream Bowl Palace Unterföhring;tournament;Südbayerische Meisterschaft;1;Vorlauf;Lucas Kasenbacher;25340;;0;169;0
25/26;2026-04-25;Dream Bowl Palace Unterföhring;tournament;Südbayerische Meisterschaft;1;Vorlauf;Lucas Kasenbacher;25340;;1;160;0
25/26;2026-04-25;Dream Bowl Palace Unterföhring;tournament;Südbayerische Meisterschaft;1;Vorlauf;Lucas Kasenbacher;25340;;2;183;0
25/26;2026-04-25;Dream Bowl Palace Unterföhring;tournament;Südbayerische Meisterschaft;1;Vorlauf;Lucas Kasenbacher;25340;;3;212;0
25/26;2026-04-25;Dream Bowl Palace Unterföhring;tournament;Südbayerische Meisterschaft;1;Vorlauf;Lucas Kasenbacher;25340;;4;159;0
25/26;2026-04-25;Dream Bowl Palace Unterföhring;tournament;Südbayerische Meisterschaft;1;Vorlauf;Lucas Kasenbacher;25340;;5;200;0
25/26;2026-04-26;Dream Bowl Palace Unterföhring;tournament;Südbayerische Meisterschaft;2;Zwischenlauf;Lucas Kasenbacher;25340;;0;196;0
25/26;2026-04-26;Dream Bowl Palace Unterföhring;tournament;Südbayerische Meisterschaft;2;Zwischenlauf;Lucas Kasenbacher;25340;;1;226;0
25/26;2026-04-26;Dream Bowl Palace Unterföhring;tournament;Südbayerische Meisterschaft;2;Zwischenlauf;Lucas Kasenbacher;25340;;2;198;0
25/26;2026-04-26;Dream Bowl Palace Unterföhring;tournament;Südbayerische Meisterschaft;2;Zwischenlauf;Lucas Kasenbacher;25340;;3;173;0
25/26;2026-04-26;Dream Bowl Palace Unterföhring;tournament;Südbayerische Meisterschaft;2;Zwischenlauf;Lucas Kasenbacher;25340;;4;168;0
25/26;2026-04-26;Dream Bowl Palace Unterföhring;tournament;Südbayerische Meisterschaft;2;Zwischenlauf;Lucas Kasenbacher;25340;;5;190;0
25/26;2026-04-25;Dream Bowl Palace Unterföhring;tournament;Südbayerische Meisterschaft;1;Vorlauf;Christian Müller;38996;;0;163;0
25/26;2026-04-25;Dream Bowl Palace Unterföhring;tournament;Südbayerische Meisterschaft;1;Vorlauf;Christian Müller;38996;;1;180;0
25/26;2026-04-25;Dream Bowl Palace Unterföhring;tournament;Südbayerische Meisterschaft;1;Vorlauf;Christian Müller;38996;;2;206;0
25/26;2026-04-25;Dream Bowl Palace Unterföhring;tournament;Südbayerische Meisterschaft;1;Vorlauf;Christian Müller;38996;;3;176;0
25/26;2026-04-25;Dream Bowl Palace Unterföhring;tournament;Südbayerische Meisterschaft;1;Vorlauf;Christian Müller;38996;;4;221;0
25/26;2026-04-25;Dream Bowl Palace Unterföhring;tournament;Südbayerische Meisterschaft;1;Vorlauf;Christian Müller;38996;;5;222;0
25/26;2026-04-26;Dream Bowl Palace Unterföhring;tournament;Südbayerische Meisterschaft;2;Zwischenlauf;Christian Müller;38996;;0;178;0
25/26;2026-04-26;Dream Bowl Palace Unterföhring;tournament;Südbayerische Meisterschaft;2;Zwischenlauf;Christian Müller;38996;;1;194;0
25/26;2026-04-26;Dream Bowl Palace Unterföhring;tournament;Südbayerische Meisterschaft;2;Zwischenlauf;Christian Müller;38996;;2;176;0
25/26;2026-04-26;Dream Bowl Palace Unterföhring;tournament;Südbayerische Meisterschaft;2;Zwischenlauf;Christian Müller;38996;;3;143;0
25/26;2026-04-26;Dream Bowl Palace Unterföhring;tournament;Südbayerische Meisterschaft;2;Zwischenlauf;Christian Müller;38996;;4;182;0
25/26;2026-04-26;Dream Bowl Palace Unterföhring;tournament;Südbayerische Meisterschaft;2;Zwischenlauf;Christian Müller;38996;;5;183;0
25/26;2026-04-25;Dream Bowl Palace Unterföhring;tournament;Südbayerische Meisterschaft;1;Vorlauf;Tobias Wiedemann;25695;;0;174;0
25/26;2026-04-25;Dream Bowl Palace Unterföhring;tournament;Südbayerische Meisterschaft;1;Vorlauf;Tobias Wiedemann;25695;;1;171;0
25/26;2026-04-25;Dream Bowl Palace Unterföhring;tournament;Südbayerische Meisterschaft;1;Vorlauf;Tobias Wiedemann;25695;;2;204;0
25/26;2026-04-25;Dream Bowl Palace Unterföhring;tournament;Südbayerische Meisterschaft;1;Vorlauf;Tobias Wiedemann;25695;;3;238;0
25/26;2026-04-25;Dream Bowl Palace Unterföhring;tournament;Südbayerische Meisterschaft;1;Vorlauf;Tobias Wiedemann;25695;;4;233;0
25/26;2026-04-25;Dream Bowl Palace Unterföhring;tournament;Südbayerische Meisterschaft;1;Vorlauf;Tobias Wiedemann;25695;;5;227;0
25/26;2026-04-26;Dream Bowl Palace Unterföhring;tournament;Südbayerische Meisterschaft;2;Zwischenlauf;Tobias Wiedemann;25695;;0;160;0
25/26;2026-04-26;Dream Bowl Palace Unterföhring;tournament;Südbayerische Meisterschaft;2;Zwischenlauf;Tobias Wiedemann;25695;;1;154;0
25/26;2026-04-26;Dream Bowl Palace Unterföhring;tournament;Südbayerische Meisterschaft;2;Zwischenlauf;Tobias Wiedemann;25695;;2;205;0
25/26;2026-04-26;Dream Bowl Palace Unterföhring;tournament;Südbayerische Meisterschaft;2;Zwischenlauf;Tobias Wiedemann;25695;;3;144;0
25/26;2026-04-26;Dream Bowl Palace Unterföhring;tournament;Südbayerische Meisterschaft;2;Zwischenlauf;Tobias Wiedemann;25695;;4;165;0
25/26;2026-04-26;Dream Bowl Palace Unterföhring;tournament;Südbayerische Meisterschaft;2;Zwischenlauf;Tobias Wiedemann;25695;;5;137;0
25/26;2026-04-25;Dream Bowl Palace Unterföhring;tournament;Südbayerische Meisterschaft;1;Vorlauf;Andreas Schöllhorn;38568;;0;215;0
25/26;2026-04-25;Dream Bowl Palace Unterföhring;tournament;Südbayerische Meisterschaft;1;Vorlauf;Andreas Schöllhorn;38568;;1;196;0
25/26;2026-04-25;Dream Bowl Palace Unterföhring;tournament;Südbayerische Meisterschaft;1;Vorlauf;Andreas Schöllhorn;38568;;2;164;0
25/26;2026-04-25;Dream Bowl Palace Unterföhring;tournament;Südbayerische Meisterschaft;1;Vorlauf;Andreas Schöllhorn;38568;;3;206;0
25/26;2026-04-25;Dream Bowl Palace Unterföhring;tournament;Südbayerische Meisterschaft;1;Vorlauf;Andreas Schöllhorn;38568;;4;176;0
25/26;2026-04-25;Dream Bowl Palace Unterföhring;tournament;Südbayerische Meisterschaft;1;Vorlauf;Andreas Schöllhorn;38568;;5;190;0
25/26;2026-04-26;Dream Bowl Palace Unterföhring;tournament;Südbayerische Meisterschaft;2;Zwischenlauf;Andreas Schöllhorn;38568;;0;168;0
25/26;2026-04-26;Dream Bowl Palace Unterföhring;tournament;Südbayerische Meisterschaft;2;Zwischenlauf;Andreas Schöllhorn;38568;;1;158;0
25/26;2026-04-26;Dream Bowl Palace Unterföhring;tournament;Südbayerische Meisterschaft;2;Zwischenlauf;Andreas Schöllhorn;38568;;2;188;0
25/26;2026-04-26;Dream Bowl Palace Unterföhring;tournament;Südbayerische Meisterschaft;2;Zwischenlauf;Andreas Schöllhorn;38568;;3;194;0
25/26;2026-04-26;Dream Bowl Palace Unterföhring;tournament;Südbayerische Meisterschaft;2;Zwischenlauf;Andreas Schöllhorn;38568;;4;170;0
25/26;2026-04-26;Dream Bowl Palace Unterföhring;tournament;Südbayerische Meisterschaft;2;Zwischenlauf;Andreas Schöllhorn;38568;;5;184;0
25/26;2026-04-25;Dream Bowl Palace Unterföhring;tournament;Südbayerische Meisterschaft;1;Vorlauf;Brandon Alexander Lucas;38648;;0;201;0
25/26;2026-04-25;Dream Bowl Palace Unterföhring;tournament;Südbayerische Meisterschaft;1;Vorlauf;Brandon Alexander Lucas;38648;;1;181;0
25/26;2026-04-25;Dream Bowl Palace Unterföhring;tournament;Südbayerische Meisterschaft;1;Vorlauf;Brandon Alexander Lucas;38648;;2;133;0
25/26;2026-04-25;Dream Bowl Palace Unterföhring;tournament;Südbayerische Meisterschaft;1;Vorlauf;Brandon Alexander Lucas;38648;;3;190;0
25/26;2026-04-25;Dream Bowl Palace Unterföhring;tournament;Südbayerische Meisterschaft;1;Vorlauf;Brandon Alexander Lucas;38648;;4;167;0
25/26;2026-04-25;Dream Bowl Palace Unterföhring;tournament;Südbayerische Meisterschaft;1;Vorlauf;Brandon Alexander Lucas;38648;;5;225;0
25/26;2026-04-26;Dream Bowl Palace Unterföhring;tournament;Südbayerische Meisterschaft;2;Zwischenlauf;Brandon Alexander Lucas;38648;;0;213;0
25/26;2026-04-26;Dream Bowl Palace Unterföhring;tournament;Südbayerische Meisterschaft;2;Zwischenlauf;Brandon Alexander Lucas;38648;;1;204;0
25/26;2026-04-26;Dream Bowl Palace Unterföhring;tournament;Südbayerische Meisterschaft;2;Zwischenlauf;Brandon Alexander Lucas;38648;;2;161;0
25/26;2026-04-26;Dream Bowl Palace Unterföhring;tournament;Südbayerische Meisterschaft;2;Zwischenlauf;Brandon Alexander Lucas;38648;;3;187;0
25/26;2026-04-26;Dream Bowl Palace Unterföhring;tournament;Südbayerische Meisterschaft;2;Zwischenlauf;Brandon Alexander Lucas;38648;;4;178;0
25/26;2026-04-26;Dream Bowl Palace Unterföhring;tournament;Südbayerische Meisterschaft;2;Zwischenlauf;Brandon Alexander Lucas;38648;;5;168;0
25/26;2026-04-25;Dream Bowl Palace Unterföhring;tournament;Südbayerische Meisterschaft;1;Vorlauf;Patrick Thurner;38530;;0;165;0
25/26;2026-04-25;Dream Bowl Palace Unterföhring;tournament;Südbayerische Meisterschaft;1;Vorlauf;Patrick Thurner;38530;;1;223;0
25/26;2026-04-25;Dream Bowl Palace Unterföhring;tournament;Südbayerische Meisterschaft;1;Vorlauf;Patrick Thurner;38530;;2;200;0
25/26;2026-04-25;Dream Bowl Palace Unterföhring;tournament;Südbayerische Meisterschaft;1;Vorlauf;Patrick Thurner;38530;;3;171;0
25/26;2026-04-25;Dream Bowl Palace Unterföhring;tournament;Südbayerische Meisterschaft;1;Vorlauf;Patrick Thurner;38530;;4;162;0
25/26;2026-04-25;Dream Bowl Palace Unterföhring;tournament;Südbayerische Meisterschaft;1;Vorlauf;Patrick Thurner;38530;;5;166;0
25/26;2026-04-26;Dream Bowl Palace Unterföhring;tournament;Südbayerische Meisterschaft;2;Zwischenlauf;Patrick Thurner;38530;;0;181;0
25/26;2026-04-26;Dream Bowl Palace Unterföhring;tournament;Südbayerische Meisterschaft;2;Zwischenlauf;Patrick Thurner;38530;;1;186;0
25/26;2026-04-26;Dream Bowl Palace Unterföhring;tournament;Südbayerische Meisterschaft;2;Zwischenlauf;Patrick Thurner;38530;;2;205;0
25/26;2026-04-26;Dream Bowl Palace Unterföhring;tournament;Südbayerische Meisterschaft;2;Zwischenlauf;Patrick Thurner;38530;;3;149;0
25/26;2026-04-26;Dream Bowl Palace Unterföhring;tournament;Südbayerische Meisterschaft;2;Zwischenlauf;Patrick Thurner;38530;;4;233;0
25/26;2026-04-26;Dream Bowl Palace Unterföhring;tournament;Südbayerische Meisterschaft;2;Zwischenlauf;Patrick Thurner;38530;;5;166;0
25/26;2026-04-25;Dream Bowl Palace Unterföhring;tournament;Südbayerische Meisterschaft;1;Vorlauf;Torsten Fliegner;7418;;0;226;0
25/26;2026-04-25;Dream Bowl Palace Unterföhring;tournament;Südbayerische Meisterschaft;1;Vorlauf;Torsten Fliegner;7418;;1;183;0
25/26;2026-04-25;Dream Bowl Palace Unterföhring;tournament;Südbayerische Meisterschaft;1;Vorlauf;Torsten Fliegner;7418;;2;194;0
25/26;2026-04-25;Dream Bowl Palace Unterföhring;tournament;Südbayerische Meisterschaft;1;Vorlauf;Torsten Fliegner;7418;;3;164;0
25/26;2026-04-25;Dream Bowl Palace Unterföhring;tournament;Südbayerische Meisterschaft;1;Vorlauf;Torsten Fliegner;7418;;4;177;0
25/26;2026-04-25;Dream Bowl Palace Unterföhring;tournament;Südbayerische Meisterschaft;1;Vorlauf;Torsten Fliegner;7418;;5;200;0
25/26;2026-04-26;Dream Bowl Palace Unterföhring;tournament;Südbayerische Meisterschaft;2;Zwischenlauf;Torsten Fliegner;7418;;0;170;0
25/26;2026-04-26;Dream Bowl Palace Unterföhring;tournament;Südbayerische Meisterschaft;2;Zwischenlauf;Torsten Fliegner;7418;;1;168;0
25/26;2026-04-26;Dream Bowl Palace Unterföhring;tournament;Südbayerische Meisterschaft;2;Zwischenlauf;Torsten Fliegner;7418;;2;176;0
25/26;2026-04-26;Dream Bowl Palace Unterföhring;tournament;Südbayerische Meisterschaft;2;Zwischenlauf;Torsten Fliegner;7418;;3;188;0
25/26;2026-04-26;Dream Bowl Palace Unterföhring;tournament;Südbayerische Meisterschaft;2;Zwischenlauf;Torsten Fliegner;7418;;4;166;0
25/26;2026-04-26;Dream Bowl Palace Unterföhring;tournament;Südbayerische Meisterschaft;2;Zwischenlauf;Torsten Fliegner;7418;;5;190;0
25/26;2026-04-25;Dream Bowl Palace Unterföhring;tournament;Südbayerische Meisterschaft;1;Vorlauf;Thomas Kalkschmied;25672;;0;221;0
25/26;2026-04-25;Dream Bowl Palace Unterföhring;tournament;Südbayerische Meisterschaft;1;Vorlauf;Thomas Kalkschmied;25672;;1;200;0
25/26;2026-04-25;Dream Bowl Palace Unterföhring;tournament;Südbayerische Meisterschaft;1;Vorlauf;Thomas Kalkschmied;25672;;2;180;0
25/26;2026-04-25;Dream Bowl Palace Unterföhring;tournament;Südbayerische Meisterschaft;1;Vorlauf;Thomas Kalkschmied;25672;;3;187;0
25/26;2026-04-25;Dream Bowl Palace Unterföhring;tournament;Südbayerische Meisterschaft;1;Vorlauf;Thomas Kalkschmied;25672;;4;167;0
25/26;2026-04-25;Dream Bowl Palace Unterföhring;tournament;Südbayerische Meisterschaft;1;Vorlauf;Thomas Kalkschmied;25672;;5;199;0
25/26;2026-04-26;Dream Bowl Palace Unterföhring;tournament;Südbayerische Meisterschaft;2;Zwischenlauf;Thomas Kalkschmied;25672;;0;188;0
25/26;2026-04-26;Dream Bowl Palace Unterföhring;tournament;Südbayerische Meisterschaft;2;Zwischenlauf;Thomas Kalkschmied;25672;;1;146;0
25/26;2026-04-26;Dream Bowl Palace Unterföhring;tournament;Südbayerische Meisterschaft;2;Zwischenlauf;Thomas Kalkschmied;25672;;2;202;0
25/26;2026-04-26;Dream Bowl Palace Unterföhring;tournament;Südbayerische Meisterschaft;2;Zwischenlauf;Thomas Kalkschmied;25672;;3;167;0
25/26;2026-04-26;Dream Bowl Palace Unterföhring;tournament;Südbayerische Meisterschaft;2;Zwischenlauf;Thomas Kalkschmied;25672;;4;168;0
25/26;2026-04-26;Dream Bowl Palace Unterföhring;tournament;Südbayerische Meisterschaft;2;Zwischenlauf;Thomas Kalkschmied;25672;;5;172;0
25/26;2026-04-25;Dream Bowl Palace Unterföhring;tournament;Südbayerische Meisterschaft;1;Vorlauf;Markus Hanauer;38314;;0;215;0
25/26;2026-04-25;Dream Bowl Palace Unterföhring;tournament;Südbayerische Meisterschaft;1;Vorlauf;Markus Hanauer;38314;;1;193;0
25/26;2026-04-25;Dream Bowl Palace Unterföhring;tournament;Südbayerische Meisterschaft;1;Vorlauf;Markus Hanauer;38314;;2;245;0
25/26;2026-04-25;Dream Bowl Palace Unterföhring;tournament;Südbayerische Meisterschaft;1;Vorlauf;Markus Hanauer;38314;;3;211;0
25/26;2026-04-25;Dream Bowl Palace Unterföhring;tournament;Südbayerische Meisterschaft;1;Vorlauf;Markus Hanauer;38314;;4;180;0
25/26;2026-04-25;Dream Bowl Palace Unterföhring;tournament;Südbayerische Meisterschaft;1;Vorlauf;Markus Hanauer;38314;;5;168;0
25/26;2026-04-26;Dream Bowl Palace Unterföhring;tournament;Südbayerische Meisterschaft;2;Zwischenlauf;Markus Hanauer;38314;;0;154;0
25/26;2026-04-26;Dream Bowl Palace Unterföhring;tournament;Südbayerische Meisterschaft;2;Zwischenlauf;Markus Hanauer;38314;;1;113;0
25/26;2026-04-26;Dream Bowl Palace Unterföhring;tournament;Südbayerische Meisterschaft;2;Zwischenlauf;Markus Hanauer;38314;;2;171;0
25/26;2026-04-26;Dream Bowl Palace Unterföhring;tournament;Südbayerische Meisterschaft;2;Zwischenlauf;Markus Hanauer;38314;;3;199;0
25/26;2026-04-26;Dream Bowl Palace Unterföhring;tournament;Südbayerische Meisterschaft;2;Zwischenlauf;Markus Hanauer;38314;;4;159;0
25/26;2026-04-26;Dream Bowl Palace Unterföhring;tournament;Südbayerische Meisterschaft;2;Zwischenlauf;Markus Hanauer;38314;;5;188;0
25/26;2026-04-25;Dream Bowl Palace Unterföhring;tournament;Südbayerische Meisterschaft;1;Vorlauf;Kilian Kral;38510;;0;173;0
25/26;2026-04-25;Dream Bowl Palace Unterföhring;tournament;Südbayerische Meisterschaft;1;Vorlauf;Kilian Kral;38510;;1;161;0
25/26;2026-04-25;Dream Bowl Palace Unterföhring;tournament;Südbayerische Meisterschaft;1;Vorlauf;Kilian Kral;38510;;2;196;0
25/26;2026-04-25;Dream Bowl Palace Unterföhring;tournament;Südbayerische Meisterschaft;1;Vorlauf;Kilian Kral;38510;;3;173;0
25/26;2026-04-25;Dream Bowl Palace Unterföhring;tournament;Südbayerische Meisterschaft;1;Vorlauf;Kilian Kral;38510;;4;159;0
25/26;2026-04-25;Dream Bowl Palace Unterföhring;tournament;Südbayerische Meisterschaft;1;Vorlauf;Kilian Kral;38510;;5;201;0
25/26;2026-04-26;Dream Bowl Palace Unterföhring;tournament;Südbayerische Meisterschaft;2;Zwischenlauf;Kilian Kral;38510;;0;185;0
25/26;2026-04-26;Dream Bowl Palace Unterföhring;tournament;Südbayerische Meisterschaft;2;Zwischenlauf;Kilian Kral;38510;;1;149;0
25/26;2026-04-26;Dream Bowl Palace Unterföhring;tournament;Südbayerische Meisterschaft;2;Zwischenlauf;Kilian Kral;38510;;2;175;0
25/26;2026-04-26;Dream Bowl Palace Unterföhring;tournament;Südbayerische Meisterschaft;2;Zwischenlauf;Kilian Kral;38510;;3;232;0
25/26;2026-04-26;Dream Bowl Palace Unterföhring;tournament;Südbayerische Meisterschaft;2;Zwischenlauf;Kilian Kral;38510;;4;208;0
25/26;2026-04-26;Dream Bowl Palace Unterföhring;tournament;Südbayerische Meisterschaft;2;Zwischenlauf;Kilian Kral;38510;;5;183;0
25/26;2026-04-25;Dream Bowl Palace Unterföhring;tournament;Südbayerische Meisterschaft;1;Vorlauf;Thomas Albrecht;7641;;0;197;0
25/26;2026-04-25;Dream Bowl Palace Unterföhring;tournament;Südbayerische Meisterschaft;1;Vorlauf;Thomas Albrecht;7641;;1;166;0
25/26;2026-04-25;Dream Bowl Palace Unterföhring;tournament;Südbayerische Meisterschaft;1;Vorlauf;Thomas Albrecht;7641;;2;199;0
25/26;2026-04-25;Dream Bowl Palace Unterföhring;tournament;Südbayerische Meisterschaft;1;Vorlauf;Thomas Albrecht;7641;;3;168;0
25/26;2026-04-25;Dream Bowl Palace Unterföhring;tournament;Südbayerische Meisterschaft;1;Vorlauf;Thomas Albrecht;7641;;4;223;0
25/26;2026-04-25;Dream Bowl Palace Unterföhring;tournament;Südbayerische Meisterschaft;1;Vorlauf;Thomas Albrecht;7641;;5;204;0
25/26;2026-04-26;Dream Bowl Palace Unterföhring;tournament;Südbayerische Meisterschaft;2;Zwischenlauf;Thomas Albrecht;7641;;0;181;0
25/26;2026-04-26;Dream Bowl Palace Unterföhring;tournament;Südbayerische Meisterschaft;2;Zwischenlauf;Thomas Albrecht;7641;;1;149;0
25/26;2026-04-26;Dream Bowl Palace Unterföhring;tournament;Südbayerische Meisterschaft;2;Zwischenlauf;Thomas Albrecht;7641;;2;134;0
25/26;2026-04-26;Dream Bowl Palace Unterföhring;tournament;Südbayerische Meisterschaft;2;Zwischenlauf;Thomas Albrecht;7641;;3;198;0
25/26;2026-04-26;Dream Bowl Palace Unterföhring;tournament;Südbayerische Meisterschaft;2;Zwischenlauf;Thomas Albrecht;7641;;4;191;0
25/26;2026-04-26;Dream Bowl Palace Unterföhring;tournament;Südbayerische Meisterschaft;2;Zwischenlauf;Thomas Albrecht;7641;;5;173;0
25/26;2026-04-25;Dream Bowl Palace Unterföhring;tournament;Südbayerische Meisterschaft;1;Vorlauf;Gregor Arapow;38575;;0;173;0
25/26;2026-04-25;Dream Bowl Palace Unterföhring;tournament;Südbayerische Meisterschaft;1;Vorlauf;Gregor Arapow;38575;;1;134;0
25/26;2026-04-25;Dream Bowl Palace Unterföhring;tournament;Südbayerische Meisterschaft;1;Vorlauf;Gregor Arapow;38575;;2;187;0
25/26;2026-04-25;Dream Bowl Palace Unterföhring;tournament;Südbayerische Meisterschaft;1;Vorlauf;Gregor Arapow;38575;;3;214;0
25/26;2026-04-25;Dream Bowl Palace Unterföhring;tournament;Südbayerische Meisterschaft;1;Vorlauf;Gregor Arapow;38575;;4;212;0
25/26;2026-04-25;Dream Bowl Palace Unterföhring;tournament;Südbayerische Meisterschaft;1;Vorlauf;Gregor Arapow;38575;;5;168;0
25/26;2026-04-26;Dream Bowl Palace Unterföhring;tournament;Südbayerische Meisterschaft;2;Zwischenlauf;Gregor Arapow;38575;;0;224;0
25/26;2026-04-26;Dream Bowl Palace Unterföhring;tournament;Südbayerische Meisterschaft;2;Zwischenlauf;Gregor Arapow;38575;;1;183;0
25/26;2026-04-26;Dream Bowl Palace Unterföhring;tournament;Südbayerische Meisterschaft;2;Zwischenlauf;Gregor Arapow;38575;;2;171;0
25/26;2026-04-26;Dream Bowl Palace Unterföhring;tournament;Südbayerische Meisterschaft;2;Zwischenlauf;Gregor Arapow;38575;;3;137;0
25/26;2026-04-26;Dream Bowl Palace Unterföhring;tournament;Südbayerische Meisterschaft;2;Zwischenlauf;Gregor Arapow;38575;;4;222;0
25/26;2026-04-26;Dream Bowl Palace Unterföhring;tournament;Südbayerische Meisterschaft;2;Zwischenlauf;Gregor Arapow;38575;;5;154;0
25/26;2026-04-25;Dream Bowl Palace Unterföhring;tournament;Südbayerische Meisterschaft;1;Vorlauf;André Knoch;25629;;0;202;0
25/26;2026-04-25;Dream Bowl Palace Unterföhring;tournament;Südbayerische Meisterschaft;1;Vorlauf;André Knoch;25629;;1;225;0
25/26;2026-04-25;Dream Bowl Palace Unterföhring;tournament;Südbayerische Meisterschaft;1;Vorlauf;André Knoch;25629;;2;212;0
25/26;2026-04-25;Dream Bowl Palace Unterföhring;tournament;Südbayerische Meisterschaft;1;Vorlauf;André Knoch;25629;;3;173;0
25/26;2026-04-25;Dream Bowl Palace Unterföhring;tournament;Südbayerische Meisterschaft;1;Vorlauf;André Knoch;25629;;4;214;0
25/26;2026-04-25;Dream Bowl Palace Unterföhring;tournament;Südbayerische Meisterschaft;1;Vorlauf;André Knoch;25629;;5;161;0
25/26;2026-04-26;Dream Bowl Palace Unterföhring;tournament;Südbayerische Meisterschaft;2;Zwischenlauf;André Knoch;25629;;0;128;0
25/26;2026-04-26;Dream Bowl Palace Unterföhring;tournament;Südbayerische Meisterschaft;2;Zwischenlauf;André Knoch;25629;;1;153;0
25/26;2026-04-26;Dream Bowl Palace Unterföhring;tournament;Südbayerische Meisterschaft;2;Zwischenlauf;André Knoch;25629;;2;189;0
25/26;2026-04-26;Dream Bowl Palace Unterföhring;tournament;Südbayerische Meisterschaft;2;Zwischenlauf;André Knoch;25629;;3;187;0
25/26;2026-04-26;Dream Bowl Palace Unterföhring;tournament;Südbayerische Meisterschaft;2;Zwischenlauf;André Knoch;25629;;4;158;0
25/26;2026-04-26;Dream Bowl Palace Unterföhring;tournament;Südbayerische Meisterschaft;2;Zwischenlauf;André Knoch;25629;;5;176;0
25/26;2026-04-25;Dream Bowl Palace Unterföhring;tournament;Südbayerische Meisterschaft;1;Vorlauf;Eduard Bolender;25408;;0;178;0
25/26;2026-04-25;Dream Bowl Palace Unterföhring;tournament;Südbayerische Meisterschaft;1;Vorlauf;Eduard Bolender;25408;;1;183;0
25/26;2026-04-25;Dream Bowl Palace Unterföhring;tournament;Südbayerische Meisterschaft;1;Vorlauf;Eduard Bolender;25408;;2;199;0
25/26;2026-04-25;Dream Bowl Palace Unterföhring;tournament;Südbayerische Meisterschaft;1;Vorlauf;Eduard Bolender;25408;;3;155;0
25/26;2026-04-25;Dream Bowl Palace Unterföhring;tournament;Südbayerische Meisterschaft;1;Vorlauf;Eduard Bolender;25408;;4;152;0
25/26;2026-04-25;Dream Bowl Palace Unterföhring;tournament;Südbayerische Meisterschaft;1;Vorlauf;Eduard Bolender;25408;;5;180;0
25/26;2026-04-26;Dream Bowl Palace Unterföhring;tournament;Südbayerische Meisterschaft;2;Zwischenlauf;Eduard Bolender;25408;;0;182;0
25/26;2026-04-26;Dream Bowl Palace Unterföhring;tournament;Südbayerische Meisterschaft;2;Zwischenlauf;Eduard Bolender;25408;;1;189;0
25/26;2026-04-26;Dream Bowl Palace Unterföhring;tournament;Südbayerische Meisterschaft;2;Zwischenlauf;Eduard Bolender;25408;;2;200;0
25/26;2026-04-26;Dream Bowl Palace Unterföhring;tournament;Südbayerische Meisterschaft;2;Zwischenlauf;Eduard Bolender;25408;;3;149;0
25/26;2026-04-26;Dream Bowl Palace Unterföhring;tournament;Südbayerische Meisterschaft;2;Zwischenlauf;Eduard Bolender;25408;;4;173;0
25/26;2026-04-26;Dream Bowl Palace Unterföhring;tournament;Südbayerische Meisterschaft;2;Zwischenlauf;Eduard Bolender;25408;;5;231;0
25/26;2026-04-25;Dream Bowl Palace Unterföhring;tournament;Südbayerische Meisterschaft;1;Vorlauf;Thomas Wiedemann;7028;;0;221;0
25/26;2026-04-25;Dream Bowl Palace Unterföhring;tournament;Südbayerische Meisterschaft;1;Vorlauf;Thomas Wiedemann;7028;;1;132;0
25/26;2026-04-25;Dream Bowl Palace Unterföhring;tournament;Südbayerische Meisterschaft;1;Vorlauf;Thomas Wiedemann;7028;;2;178;0
25/26;2026-04-25;Dream Bowl Palace Unterföhring;tournament;Südbayerische Meisterschaft;1;Vorlauf;Thomas Wiedemann;7028;;3;153;0
25/26;2026-04-25;Dream Bowl Palace Unterföhring;tournament;Südbayerische Meisterschaft;1;Vorlauf;Thomas Wiedemann;7028;;4;197;0
25/26;2026-04-25;Dream Bowl Palace Unterföhring;tournament;Südbayerische Meisterschaft;1;Vorlauf;Thomas Wiedemann;7028;;5;171;0
25/26;2026-04-26;Dream Bowl Palace Unterföhring;tournament;Südbayerische Meisterschaft;2;Zwischenlauf;Thomas Wiedemann;7028;;0;167;0
25/26;2026-04-26;Dream Bowl Palace Unterföhring;tournament;Südbayerische Meisterschaft;2;Zwischenlauf;Thomas Wiedemann;7028;;1;183;0
25/26;2026-04-26;Dream Bowl Palace Unterföhring;tournament;Südbayerische Meisterschaft;2;Zwischenlauf;Thomas Wiedemann;7028;;2;204;0
25/26;2026-04-26;Dream Bowl Palace Unterföhring;tournament;Südbayerische Meisterschaft;2;Zwischenlauf;Thomas Wiedemann;7028;;3;161;0
25/26;2026-04-26;Dream Bowl Palace Unterföhring;tournament;Südbayerische Meisterschaft;2;Zwischenlauf;Thomas Wiedemann;7028;;4;208;0
25/26;2026-04-26;Dream Bowl Palace Unterföhring;tournament;Südbayerische Meisterschaft;2;Zwischenlauf;Thomas Wiedemann;7028;;5;182;0
25/26;2026-04-25;Dream Bowl Palace Unterföhring;tournament;Südbayerische Meisterschaft;1;Vorlauf;Michael Ring;7317;;0;157;0
25/26;2026-04-25;Dream Bowl Palace Unterföhring;tournament;Südbayerische Meisterschaft;1;Vorlauf;Michael Ring;7317;;1;155;0
25/26;2026-04-25;Dream Bowl Palace Unterföhring;tournament;Südbayerische Meisterschaft;1;Vorlauf;Michael Ring;7317;;2;231;0
25/26;2026-04-25;Dream Bowl Palace Unterföhring;tournament;Südbayerische Meisterschaft;1;Vorlauf;Michael Ring;7317;;3;199;0
25/26;2026-04-25;Dream Bowl Palace Unterföhring;tournament;Südbayerische Meisterschaft;1;Vorlauf;Michael Ring;7317;;4;216;0
25/26;2026-04-25;Dream Bowl Palace Unterföhring;tournament;Südbayerische Meisterschaft;1;Vorlauf;Michael Ring;7317;;5;204;0
25/26;2026-04-26;Dream Bowl Palace Unterföhring;tournament;Südbayerische Meisterschaft;2;Zwischenlauf;Michael Ring;7317;;0;154;0
25/26;2026-04-26;Dream Bowl Palace Unterföhring;tournament;Südbayerische Meisterschaft;2;Zwischenlauf;Michael Ring;7317;;1;180;0
25/26;2026-04-26;Dream Bowl Palace Unterföhring;tournament;Südbayerische Meisterschaft;2;Zwischenlauf;Michael Ring;7317;;2;163;0
25/26;2026-04-26;Dream Bowl Palace Unterföhring;tournament;Südbayerische Meisterschaft;2;Zwischenlauf;Michael Ring;7317;;3;169;0
25/26;2026-04-26;Dream Bowl Palace Unterföhring;tournament;Südbayerische Meisterschaft;2;Zwischenlauf;Michael Ring;7317;;4;163;0
25/26;2026-04-26;Dream Bowl Palace Unterföhring;tournament;Südbayerische Meisterschaft;2;Zwischenlauf;Michael Ring;7317;;5;166;0
25/26;2026-04-25;Dream Bowl Palace Unterföhring;tournament;Südbayerische Meisterschaft;1;Vorlauf;Alberto Salazar;38113;;0;171;0
25/26;2026-04-25;Dream Bowl Palace Unterföhring;tournament;Südbayerische Meisterschaft;1;Vorlauf;Alberto Salazar;38113;;1;208;0
25/26;2026-04-25;Dream Bowl Palace Unterföhring;tournament;Südbayerische Meisterschaft;1;Vorlauf;Alberto Salazar;38113;;2;177;0
25/26;2026-04-25;Dream Bowl Palace Unterföhring;tournament;Südbayerische Meisterschaft;1;Vorlauf;Alberto Salazar;38113;;3;204;0
25/26;2026-04-25;Dream Bowl Palace Unterföhring;tournament;Südbayerische Meisterschaft;1;Vorlauf;Alberto Salazar;38113;;4;203;0
25/26;2026-04-25;Dream Bowl Palace Unterföhring;tournament;Südbayerische Meisterschaft;1;Vorlauf;Alberto Salazar;38113;;5;166;0
25/26;2026-04-26;Dream Bowl Palace Unterföhring;tournament;Südbayerische Meisterschaft;2;Zwischenlauf;Alberto Salazar;38113;;0;179;0
25/26;2026-04-26;Dream Bowl Palace Unterföhring;tournament;Südbayerische Meisterschaft;2;Zwischenlauf;Alberto Salazar;38113;;1;140;0
25/26;2026-04-26;Dream Bowl Palace Unterföhring;tournament;Südbayerische Meisterschaft;2;Zwischenlauf;Alberto Salazar;38113;;2;174;0
25/26;2026-04-26;Dream Bowl Palace Unterföhring;tournament;Südbayerische Meisterschaft;2;Zwischenlauf;Alberto Salazar;38113;;3;164;0
25/26;2026-04-26;Dream Bowl Palace Unterföhring;tournament;Südbayerische Meisterschaft;2;Zwischenlauf;Alberto Salazar;38113;;4;178;0
25/26;2026-04-26;Dream Bowl Palace Unterföhring;tournament;Südbayerische Meisterschaft;2;Zwischenlauf;Alberto Salazar;38113;;5;191;0
25/26;2026-04-25;Dream Bowl Palace Unterföhring;tournament;Südbayerische Meisterschaft;1;Vorlauf;Olaf Krebs;16325;;0;170;0
25/26;2026-04-25;Dream Bowl Palace Unterföhring;tournament;Südbayerische Meisterschaft;1;Vorlauf;Olaf Krebs;16325;;1;163;0
25/26;2026-04-25;Dream Bowl Palace Unterföhring;tournament;Südbayerische Meisterschaft;1;Vorlauf;Olaf Krebs;16325;;2;159;0
25/26;2026-04-25;Dream Bowl Palace Unterföhring;tournament;Südbayerische Meisterschaft;1;Vorlauf;Olaf Krebs;16325;;3;193;0
25/26;2026-04-25;Dream Bowl Palace Unterföhring;tournament;Südbayerische Meisterschaft;1;Vorlauf;Olaf Krebs;16325;;4;190;0
25/26;2026-04-25;Dream Bowl Palace Unterföhring;tournament;Südbayerische Meisterschaft;1;Vorlauf;Olaf Krebs;16325;;5;177;0
25/26;2026-04-26;Dream Bowl Palace Unterföhring;tournament;Südbayerische Meisterschaft;2;Zwischenlauf;Olaf Krebs;16325;;0;203;0
25/26;2026-04-26;Dream Bowl Palace Unterföhring;tournament;Südbayerische Meisterschaft;2;Zwischenlauf;Olaf Krebs;16325;;1;223;0
25/26;2026-04-26;Dream Bowl Palace Unterföhring;tournament;Südbayerische Meisterschaft;2;Zwischenlauf;Olaf Krebs;16325;;2;166;0
25/26;2026-04-26;Dream Bowl Palace Unterföhring;tournament;Südbayerische Meisterschaft;2;Zwischenlauf;Olaf Krebs;16325;;3;188;0
25/26;2026-04-26;Dream Bowl Palace Unterföhring;tournament;Südbayerische Meisterschaft;2;Zwischenlauf;Olaf Krebs;16325;;4;127;0
25/26;2026-04-26;Dream Bowl Palace Unterföhring;tournament;Südbayerische Meisterschaft;2;Zwischenlauf;Olaf Krebs;16325;;5;193;0
25/26;2026-04-25;Dream Bowl Palace Unterföhring;tournament;Südbayerische Meisterschaft;1;Vorlauf;Carlo Luft;38652;;0;233;0
25/26;2026-04-25;Dream Bowl Palace Unterföhring;tournament;Südbayerische Meisterschaft;1;Vorlauf;Carlo Luft;38652;;1;150;0
25/26;2026-04-25;Dream Bowl Palace Unterföhring;tournament;Südbayerische Meisterschaft;1;Vorlauf;Carlo Luft;38652;;2;181;0
25/26;2026-04-25;Dream Bowl Palace Unterföhring;tournament;Südbayerische Meisterschaft;1;Vorlauf;Carlo Luft;38652;;3;192;0
25/26;2026-04-25;Dream Bowl Palace Unterföhring;tournament;Südbayerische Meisterschaft;1;Vorlauf;Carlo Luft;38652;;4;203;0
25/26;2026-04-25;Dream Bowl Palace Unterföhring;tournament;Südbayerische Meisterschaft;1;Vorlauf;Carlo Luft;38652;;5;190;0
25/26;2026-04-26;Dream Bowl Palace Unterföhring;tournament;Südbayerische Meisterschaft;2;Zwischenlauf;Carlo Luft;38652;;0;200;0
25/26;2026-04-26;Dream Bowl Palace Unterföhring;tournament;Südbayerische Meisterschaft;2;Zwischenlauf;Carlo Luft;38652;;1;171;0
25/26;2026-04-26;Dream Bowl Palace Unterföhring;tournament;Südbayerische Meisterschaft;2;Zwischenlauf;Carlo Luft;38652;;2;162;0
25/26;2026-04-26;Dream Bowl Palace Unterföhring;tournament;Südbayerische Meisterschaft;2;Zwischenlauf;Carlo Luft;38652;;3;136;0
25/26;2026-04-26;Dream Bowl Palace Unterföhring;tournament;Südbayerische Meisterschaft;2;Zwischenlauf;Carlo Luft;38652;;4;160;0
25/26;2026-04-26;Dream Bowl Palace Unterföhring;tournament;Südbayerische Meisterschaft;2;Zwischenlauf;Carlo Luft;38652;;5;173;0
25/26;2026-04-25;Dream Bowl Palace Unterföhring;tournament;Südbayerische Meisterschaft;1;Vorlauf;Enrico Blättermann;38216;;0;168;0
25/26;2026-04-25;Dream Bowl Palace Unterföhring;tournament;Südbayerische Meisterschaft;1;Vorlauf;Enrico Blättermann;38216;;1;170;0
25/26;2026-04-25;Dream Bowl Palace Unterföhring;tournament;Südbayerische Meisterschaft;1;Vorlauf;Enrico Blättermann;38216;;2;164;0
25/26;2026-04-25;Dream Bowl Palace Unterföhring;tournament;Südbayerische Meisterschaft;1;Vorlauf;Enrico Blättermann;38216;;3;188;0
25/26;2026-04-25;Dream Bowl Palace Unterföhring;tournament;Südbayerische Meisterschaft;1;Vorlauf;Enrico Blättermann;38216;;4;181;0
25/26;2026-04-25;Dream Bowl Palace Unterföhring;tournament;Südbayerische Meisterschaft;1;Vorlauf;Enrico Blättermann;38216;;5;204;0
25/26;2026-04-26;Dream Bowl Palace Unterföhring;tournament;Südbayerische Meisterschaft;2;Zwischenlauf;Enrico Blättermann;38216;;0;157;0
25/26;2026-04-26;Dream Bowl Palace Unterföhring;tournament;Südbayerische Meisterschaft;2;Zwischenlauf;Enrico Blättermann;38216;;1;230;0
25/26;2026-04-26;Dream Bowl Palace Unterföhring;tournament;Südbayerische Meisterschaft;2;Zwischenlauf;Enrico Blättermann;38216;;2;153;0
25/26;2026-04-26;Dream Bowl Palace Unterföhring;tournament;Südbayerische Meisterschaft;2;Zwischenlauf;Enrico Blättermann;38216;;3;151;0
25/26;2026-04-26;Dream Bowl Palace Unterföhring;tournament;Südbayerische Meisterschaft;2;Zwischenlauf;Enrico Blättermann;38216;;4;192;0
25/26;2026-04-26;Dream Bowl Palace Unterföhring;tournament;Südbayerische Meisterschaft;2;Zwischenlauf;Enrico Blättermann;38216;;5;192;0
25/26;2026-04-25;Dream Bowl Palace Unterföhring;tournament;Südbayerische Meisterschaft;1;Vorlauf;Peter van Lengen;25297;;0;161;0
25/26;2026-04-25;Dream Bowl Palace Unterföhring;tournament;Südbayerische Meisterschaft;1;Vorlauf;Peter van Lengen;25297;;1;188;0
25/26;2026-04-25;Dream Bowl Palace Unterföhring;tournament;Südbayerische Meisterschaft;1;Vorlauf;Peter van Lengen;25297;;2;172;0
25/26;2026-04-25;Dream Bowl Palace Unterföhring;tournament;Südbayerische Meisterschaft;1;Vorlauf;Peter van Lengen;25297;;3;189;0
25/26;2026-04-25;Dream Bowl Palace Unterföhring;tournament;Südbayerische Meisterschaft;1;Vorlauf;Peter van Lengen;25297;;4;165;0
25/26;2026-04-25;Dream Bowl Palace Unterföhring;tournament;Südbayerische Meisterschaft;1;Vorlauf;Peter van Lengen;25297;;5;199;0
25/26;2026-04-26;Dream Bowl Palace Unterföhring;tournament;Südbayerische Meisterschaft;2;Zwischenlauf;Peter van Lengen;25297;;0;173;0
25/26;2026-04-26;Dream Bowl Palace Unterföhring;tournament;Südbayerische Meisterschaft;2;Zwischenlauf;Peter van Lengen;25297;;1;189;0
25/26;2026-04-26;Dream Bowl Palace Unterföhring;tournament;Südbayerische Meisterschaft;2;Zwischenlauf;Peter van Lengen;25297;;2;181;0
25/26;2026-04-26;Dream Bowl Palace Unterföhring;tournament;Südbayerische Meisterschaft;2;Zwischenlauf;Peter van Lengen;25297;;3;159;0
25/26;2026-04-26;Dream Bowl Palace Unterföhring;tournament;Südbayerische Meisterschaft;2;Zwischenlauf;Peter van Lengen;25297;;4;176;0
25/26;2026-04-26;Dream Bowl Palace Unterföhring;tournament;Südbayerische Meisterschaft;2;Zwischenlauf;Peter van Lengen;25297;;5;195;0
25/26;2026-04-25;Dream Bowl Palace Unterföhring;tournament;Südbayerische Meisterschaft;1;Vorlauf;Sahin Köse;16002;;0;166;0
25/26;2026-04-25;Dream Bowl Palace Unterföhring;tournament;Südbayerische Meisterschaft;1;Vorlauf;Sahin Köse;16002;;1;147;0
25/26;2026-04-25;Dream Bowl Palace Unterföhring;tournament;Südbayerische Meisterschaft;1;Vorlauf;Sahin Köse;16002;;2;214;0
25/26;2026-04-25;Dream Bowl Palace Unterföhring;tournament;Südbayerische Meisterschaft;1;Vorlauf;Sahin Köse;16002;;3;181;0
25/26;2026-04-25;Dream Bowl Palace Unterföhring;tournament;Südbayerische Meisterschaft;1;Vorlauf;Sahin Köse;16002;;4;177;0
25/26;2026-04-25;Dream Bowl Palace Unterföhring;tournament;Südbayerische Meisterschaft;1;Vorlauf;Sahin Köse;16002;;5;190;0
25/26;2026-04-26;Dream Bowl Palace Unterföhring;tournament;Südbayerische Meisterschaft;2;Zwischenlauf;Sahin Köse;16002;;0;172;0
25/26;2026-04-26;Dream Bowl Palace Unterföhring;tournament;Südbayerische Meisterschaft;2;Zwischenlauf;Sahin Köse;16002;;1;245;0
25/26;2026-04-26;Dream Bowl Palace Unterföhring;tournament;Südbayerische Meisterschaft;2;Zwischenlauf;Sahin Köse;16002;;2;154;0
25/26;2026-04-26;Dream Bowl Palace Unterföhring;tournament;Südbayerische Meisterschaft;2;Zwischenlauf;Sahin Köse;16002;;3;145;0
25/26;2026-04-26;Dream Bowl Palace Unterföhring;tournament;Südbayerische Meisterschaft;2;Zwischenlauf;Sahin Köse;16002;;4;164;0
25/26;2026-04-26;Dream Bowl Palace Unterföhring;tournament;Südbayerische Meisterschaft;2;Zwischenlauf;Sahin Köse;16002;;5;174;0
25/26;2026-04-25;Dream Bowl Palace Unterföhring;tournament;Südbayerische Meisterschaft;1;Vorlauf;Raiko Elze;38912;;0;201;0
25/26;2026-04-25;Dream Bowl Palace Unterföhring;tournament;Südbayerische Meisterschaft;1;Vorlauf;Raiko Elze;38912;;1;177;0
25/26;2026-04-25;Dream Bowl Palace Unterföhring;tournament;Südbayerische Meisterschaft;1;Vorlauf;Raiko Elze;38912;;2;182;0
25/26;2026-04-25;Dream Bowl Palace Unterföhring;tournament;Südbayerische Meisterschaft;1;Vorlauf;Raiko Elze;38912;;3;164;0
25/26;2026-04-25;Dream Bowl Palace Unterföhring;tournament;Südbayerische Meisterschaft;1;Vorlauf;Raiko Elze;38912;;4;168;0
25/26;2026-04-25;Dream Bowl Palace Unterföhring;tournament;Südbayerische Meisterschaft;1;Vorlauf;Raiko Elze;38912;;5;189;0
25/26;2026-04-26;Dream Bowl Palace Unterföhring;tournament;Südbayerische Meisterschaft;2;Zwischenlauf;Raiko Elze;38912;;0;176;0
25/26;2026-04-26;Dream Bowl Palace Unterföhring;tournament;Südbayerische Meisterschaft;2;Zwischenlauf;Raiko Elze;38912;;1;162;0
25/26;2026-04-26;Dream Bowl Palace Unterföhring;tournament;Südbayerische Meisterschaft;2;Zwischenlauf;Raiko Elze;38912;;2;185;0
25/26;2026-04-26;Dream Bowl Palace Unterföhring;tournament;Südbayerische Meisterschaft;2;Zwischenlauf;Raiko Elze;38912;;3;149;0
25/26;2026-04-26;Dream Bowl Palace Unterföhring;tournament;Südbayerische Meisterschaft;2;Zwischenlauf;Raiko Elze;38912;;4;163;0
25/26;2026-04-26;Dream Bowl Palace Unterföhring;tournament;Südbayerische Meisterschaft;2;Zwischenlauf;Raiko Elze;38912;;5;190;0
25/26;2026-04-25;Dream Bowl Palace Unterföhring;tournament;Südbayerische Meisterschaft;1;Vorlauf;Konrad Schiller;38186;;0;224;0
25/26;2026-04-25;Dream Bowl Palace Unterföhring;tournament;Südbayerische Meisterschaft;1;Vorlauf;Konrad Schiller;38186;;1;171;0
25/26;2026-04-25;Dream Bowl Palace Unterföhring;tournament;Südbayerische Meisterschaft;1;Vorlauf;Konrad Schiller;38186;;2;191;0
25/26;2026-04-25;Dream Bowl Palace Unterföhring;tournament;Südbayerische Meisterschaft;1;Vorlauf;Konrad Schiller;38186;;3;149;0
25/26;2026-04-25;Dream Bowl Palace Unterföhring;tournament;Südbayerische Meisterschaft;1;Vorlauf;Konrad Schiller;38186;;4;138;0
25/26;2026-04-25;Dream Bowl Palace Unterföhring;tournament;Südbayerische Meisterschaft;1;Vorlauf;Konrad Schiller;38186;;5;198;0
25/26;2026-04-26;Dream Bowl Palace Unterföhring;tournament;Südbayerische Meisterschaft;2;Zwischenlauf;Konrad Schiller;38186;;0;204;0
25/26;2026-04-26;Dream Bowl Palace Unterföhring;tournament;Südbayerische Meisterschaft;2;Zwischenlauf;Konrad Schiller;38186;;1;180;0
25/26;2026-04-26;Dream Bowl Palace Unterföhring;tournament;Südbayerische Meisterschaft;2;Zwischenlauf;Konrad Schiller;38186;;2;156;0
25/26;2026-04-26;Dream Bowl Palace Unterföhring;tournament;Südbayerische Meisterschaft;2;Zwischenlauf;Konrad Schiller;38186;;3;165;0
25/26;2026-04-26;Dream Bowl Palace Unterföhring;tournament;Südbayerische Meisterschaft;2;Zwischenlauf;Konrad Schiller;38186;;4;160;0
25/26;2026-04-26;Dream Bowl Palace Unterföhring;tournament;Südbayerische Meisterschaft;2;Zwischenlauf;Konrad Schiller;38186;;5;167;0
25/26;2026-04-25;Dream Bowl Palace Unterföhring;tournament;Südbayerische Meisterschaft;1;Vorlauf;Joachim Geist;16807;;0;154;0
25/26;2026-04-25;Dream Bowl Palace Unterföhring;tournament;Südbayerische Meisterschaft;1;Vorlauf;Joachim Geist;16807;;1;194;0
25/26;2026-04-25;Dream Bowl Palace Unterföhring;tournament;Südbayerische Meisterschaft;1;Vorlauf;Joachim Geist;16807;;2;201;0
25/26;2026-04-25;Dream Bowl Palace Unterföhring;tournament;Südbayerische Meisterschaft;1;Vorlauf;Joachim Geist;16807;;3;186;0
25/26;2026-04-25;Dream Bowl Palace Unterföhring;tournament;Südbayerische Meisterschaft;1;Vorlauf;Joachim Geist;16807;;4;163;0
25/26;2026-04-25;Dream Bowl Palace Unterföhring;tournament;Südbayerische Meisterschaft;1;Vorlauf;Joachim Geist;16807;;5;146;0
25/26;2026-04-26;Dream Bowl Palace Unterföhring;tournament;Südbayerische Meisterschaft;2;Zwischenlauf;Joachim Geist;16807;;0;141;0
25/26;2026-04-26;Dream Bowl Palace Unterföhring;tournament;Südbayerische Meisterschaft;2;Zwischenlauf;Joachim Geist;16807;;1;212;0
25/26;2026-04-26;Dream Bowl Palace Unterföhring;tournament;Südbayerische Meisterschaft;2;Zwischenlauf;Joachim Geist;16807;;2;192;0
25/26;2026-04-26;Dream Bowl Palace Unterföhring;tournament;Südbayerische Meisterschaft;2;Zwischenlauf;Joachim Geist;16807;;3;177;0
25/26;2026-04-26;Dream Bowl Palace Unterföhring;tournament;Südbayerische Meisterschaft;2;Zwischenlauf;Joachim Geist;16807;;4;156;0
25/26;2026-04-26;Dream Bowl Palace Unterföhring;tournament;Südbayerische Meisterschaft;2;Zwischenlauf;Joachim Geist;16807;;5;174;0
25/26;2026-04-25;Dream Bowl Palace Unterföhring;tournament;Südbayerische Meisterschaft;1;Vorlauf;Andreas Hölzl;38305;;0;169;0
25/26;2026-04-25;Dream Bowl Palace Unterföhring;tournament;Südbayerische Meisterschaft;1;Vorlauf;Andreas Hölzl;38305;;1;157;0
25/26;2026-04-25;Dream Bowl Palace Unterföhring;tournament;Südbayerische Meisterschaft;1;Vorlauf;Andreas Hölzl;38305;;2;171;0
25/26;2026-04-25;Dream Bowl Palace Unterföhring;tournament;Südbayerische Meisterschaft;1;Vorlauf;Andreas Hölzl;38305;;3;181;0
25/26;2026-04-25;Dream Bowl Palace Unterföhring;tournament;Südbayerische Meisterschaft;1;Vorlauf;Andreas Hölzl;38305;;4;194;0
25/26;2026-04-25;Dream Bowl Palace Unterföhring;tournament;Südbayerische Meisterschaft;1;Vorlauf;Andreas Hölzl;38305;;5;204;0
25/26;2026-04-26;Dream Bowl Palace Unterföhring;tournament;Südbayerische Meisterschaft;2;Zwischenlauf;Andreas Hölzl;38305;;0;152;0
25/26;2026-04-26;Dream Bowl Palace Unterföhring;tournament;Südbayerische Meisterschaft;2;Zwischenlauf;Andreas Hölzl;38305;;1;136;0
25/26;2026-04-26;Dream Bowl Palace Unterföhring;tournament;Südbayerische Meisterschaft;2;Zwischenlauf;Andreas Hölzl;38305;;2;136;0
25/26;2026-04-26;Dream Bowl Palace Unterföhring;tournament;Südbayerische Meisterschaft;2;Zwischenlauf;Andreas Hölzl;38305;;3;211;0
25/26;2026-04-26;Dream Bowl Palace Unterföhring;tournament;Südbayerische Meisterschaft;2;Zwischenlauf;Andreas Hölzl;38305;;4;213;0
25/26;2026-04-26;Dream Bowl Palace Unterföhring;tournament;Südbayerische Meisterschaft;2;Zwischenlauf;Andreas Hölzl;38305;;5;172;0
25/26;2026-04-25;Dream Bowl Palace Unterföhring;tournament;Südbayerische Meisterschaft;1;Vorlauf;Rainer Schöllhorn;16069;;0;206;0
25/26;2026-04-25;Dream Bowl Palace Unterföhring;tournament;Südbayerische Meisterschaft;1;Vorlauf;Rainer Schöllhorn;16069;;1;147;0
25/26;2026-04-25;Dream Bowl Palace Unterföhring;tournament;Südbayerische Meisterschaft;1;Vorlauf;Rainer Schöllhorn;16069;;2;156;0
25/26;2026-04-25;Dream Bowl Palace Unterföhring;tournament;Südbayerische Meisterschaft;1;Vorlauf;Rainer Schöllhorn;16069;;3;183;0
25/26;2026-04-25;Dream Bowl Palace Unterföhring;tournament;Südbayerische Meisterschaft;1;Vorlauf;Rainer Schöllhorn;16069;;4;196;0
25/26;2026-04-25;Dream Bowl Palace Unterföhring;tournament;Südbayerische Meisterschaft;1;Vorlauf;Rainer Schöllhorn;16069;;5;151;0
25/26;2026-04-26;Dream Bowl Palace Unterföhring;tournament;Südbayerische Meisterschaft;2;Zwischenlauf;Rainer Schöllhorn;16069;;0;139;0
25/26;2026-04-26;Dream Bowl Palace Unterföhring;tournament;Südbayerische Meisterschaft;2;Zwischenlauf;Rainer Schöllhorn;16069;;1;200;0
25/26;2026-04-26;Dream Bowl Palace Unterföhring;tournament;Südbayerische Meisterschaft;2;Zwischenlauf;Rainer Schöllhorn;16069;;2;163;0
25/26;2026-04-26;Dream Bowl Palace Unterföhring;tournament;Südbayerische Meisterschaft;2;Zwischenlauf;Rainer Schöllhorn;16069;;3;199;0
25/26;2026-04-26;Dream Bowl Palace Unterföhring;tournament;Südbayerische Meisterschaft;2;Zwischenlauf;Rainer Schöllhorn;16069;;4;154;0
25/26;2026-04-26;Dream Bowl Palace Unterföhring;tournament;Südbayerische Meisterschaft;2;Zwischenlauf;Rainer Schöllhorn;16069;;5;189;0
25/26;2026-04-25;Dream Bowl Palace Unterföhring;tournament;Südbayerische Meisterschaft;1;Vorlauf;Manfred Weidinger;38851;;0;166;0
25/26;2026-04-25;Dream Bowl Palace Unterföhring;tournament;Südbayerische Meisterschaft;1;Vorlauf;Manfred Weidinger;38851;;1;211;0
25/26;2026-04-25;Dream Bowl Palace Unterföhring;tournament;Südbayerische Meisterschaft;1;Vorlauf;Manfred Weidinger;38851;;2;182;0
25/26;2026-04-25;Dream Bowl Palace Unterföhring;tournament;Südbayerische Meisterschaft;1;Vorlauf;Manfred Weidinger;38851;;3;189;0
25/26;2026-04-25;Dream Bowl Palace Unterföhring;tournament;Südbayerische Meisterschaft;1;Vorlauf;Manfred Weidinger;38851;;4;195;0
25/26;2026-04-25;Dream Bowl Palace Unterföhring;tournament;Südbayerische Meisterschaft;1;Vorlauf;Manfred Weidinger;38851;;5;164;0
25/26;2026-04-26;Dream Bowl Palace Unterföhring;tournament;Südbayerische Meisterschaft;2;Zwischenlauf;Manfred Weidinger;38851;;0;165;0
25/26;2026-04-26;Dream Bowl Palace Unterföhring;tournament;Südbayerische Meisterschaft;2;Zwischenlauf;Manfred Weidinger;38851;;1;162;0
25/26;2026-04-26;Dream Bowl Palace Unterföhring;tournament;Südbayerische Meisterschaft;2;Zwischenlauf;Manfred Weidinger;38851;;2;157;0
25/26;2026-04-26;Dream Bowl Palace Unterföhring;tournament;Südbayerische Meisterschaft;2;Zwischenlauf;Manfred Weidinger;38851;;3;189;0
25/26;2026-04-26;Dream Bowl Palace Unterföhring;tournament;Südbayerische Meisterschaft;2;Zwischenlauf;Manfred Weidinger;38851;;4;138;0
25/26;2026-04-26;Dream Bowl Palace Unterföhring;tournament;Südbayerische Meisterschaft;2;Zwischenlauf;Manfred Weidinger;38851;;5;164;0
25/26;2026-04-25;Dream Bowl Palace Unterföhring;tournament;Südbayerische Meisterschaft;1;Vorlauf;Erwin Schmidle;38480;;0;174;0
25/26;2026-04-25;Dream Bowl Palace Unterföhring;tournament;Südbayerische Meisterschaft;1;Vorlauf;Erwin Schmidle;38480;;1;191;0
25/26;2026-04-25;Dream Bowl Palace Unterföhring;tournament;Südbayerische Meisterschaft;1;Vorlauf;Erwin Schmidle;38480;;2;193;0
25/26;2026-04-25;Dream Bowl Palace Unterföhring;tournament;Südbayerische Meisterschaft;1;Vorlauf;Erwin Schmidle;38480;;3;192;0
25/26;2026-04-25;Dream Bowl Palace Unterföhring;tournament;Südbayerische Meisterschaft;1;Vorlauf;Erwin Schmidle;38480;;4;182;0
25/26;2026-04-25;Dream Bowl Palace Unterföhring;tournament;Südbayerische Meisterschaft;1;Vorlauf;Erwin Schmidle;38480;;5;158;0
25/26;2026-04-26;Dream Bowl Palace Unterföhring;tournament;Südbayerische Meisterschaft;2;Zwischenlauf;Erwin Schmidle;38480;;0;168;0
25/26;2026-04-26;Dream Bowl Palace Unterföhring;tournament;Südbayerische Meisterschaft;2;Zwischenlauf;Erwin Schmidle;38480;;1;192;0
25/26;2026-04-26;Dream Bowl Palace Unterföhring;tournament;Südbayerische Meisterschaft;2;Zwischenlauf;Erwin Schmidle;38480;;2;182;0
25/26;2026-04-26;Dream Bowl Palace Unterföhring;tournament;Südbayerische Meisterschaft;2;Zwischenlauf;Erwin Schmidle;38480;;3;147;0
25/26;2026-04-26;Dream Bowl Palace Unterföhring;tournament;Südbayerische Meisterschaft;2;Zwischenlauf;Erwin Schmidle;38480;;4;145;0
25/26;2026-04-26;Dream Bowl Palace Unterföhring;tournament;Südbayerische Meisterschaft;2;Zwischenlauf;Erwin Schmidle;38480;;5;158;0
25/26;2026-04-25;Dream Bowl Palace Unterföhring;tournament;Südbayerische Meisterschaft;1;Vorlauf;Raphael Hofmann;38963;;0;198;0
25/26;2026-04-25;Dream Bowl Palace Unterföhring;tournament;Südbayerische Meisterschaft;1;Vorlauf;Raphael Hofmann;38963;;1;171;0
25/26;2026-04-25;Dream Bowl Palace Unterföhring;tournament;Südbayerische Meisterschaft;1;Vorlauf;Raphael Hofmann;38963;;2;161;0
25/26;2026-04-25;Dream Bowl Palace Unterföhring;tournament;Südbayerische Meisterschaft;1;Vorlauf;Raphael Hofmann;38963;;3;189;0
25/26;2026-04-25;Dream Bowl Palace Unterföhring;tournament;Südbayerische Meisterschaft;1;Vorlauf;Raphael Hofmann;38963;;4;210;0
25/26;2026-04-25;Dream Bowl Palace Unterföhring;tournament;Südbayerische Meisterschaft;1;Vorlauf;Raphael Hofmann;38963;;5;168;0
25/26;2026-04-26;Dream Bowl Palace Unterföhring;tournament;Südbayerische Meisterschaft;2;Zwischenlauf;Raphael Hofmann;38963;;0;156;0
25/26;2026-04-26;Dream Bowl Palace Unterföhring;tournament;Südbayerische Meisterschaft;2;Zwischenlauf;Raphael Hofmann;38963;;1;194;0
25/26;2026-04-26;Dream Bowl Palace Unterföhring;tournament;Südbayerische Meisterschaft;2;Zwischenlauf;Raphael Hofmann;38963;;2;170;0
25/26;2026-04-26;Dream Bowl Palace Unterföhring;tournament;Südbayerische Meisterschaft;2;Zwischenlauf;Raphael Hofmann;38963;;3;141;0
25/26;2026-04-26;Dream Bowl Palace Unterföhring;tournament;Südbayerische Meisterschaft;2;Zwischenlauf;Raphael Hofmann;38963;;4;151;0
25/26;2026-04-26;Dream Bowl Palace Unterföhring;tournament;Südbayerische Meisterschaft;2;Zwischenlauf;Raphael Hofmann;38963;;5;165;0
25/26;2026-04-25;Dream Bowl Palace Unterföhring;tournament;Südbayerische Meisterschaft;1;Vorlauf;Michael Auer;38459;;0;216;0
25/26;2026-04-25;Dream Bowl Palace Unterföhring;tournament;Südbayerische Meisterschaft;1;Vorlauf;Michael Auer;38459;;1;193;0
25/26;2026-04-25;Dream Bowl Palace Unterföhring;tournament;Südbayerische Meisterschaft;1;Vorlauf;Michael Auer;38459;;2;201;0
25/26;2026-04-25;Dream Bowl Palace Unterföhring;tournament;Südbayerische Meisterschaft;1;Vorlauf;Michael Auer;38459;;3;136;0
25/26;2026-04-25;Dream Bowl Palace Unterföhring;tournament;Südbayerische Meisterschaft;1;Vorlauf;Michael Auer;38459;;4;169;0
25/26;2026-04-25;Dream Bowl Palace Unterföhring;tournament;Südbayerische Meisterschaft;1;Vorlauf;Michael Auer;38459;;5;184;0
25/26;2026-04-26;Dream Bowl Palace Unterföhring;tournament;Südbayerische Meisterschaft;2;Zwischenlauf;Michael Auer;38459;;0;185;0
25/26;2026-04-26;Dream Bowl Palace Unterföhring;tournament;Südbayerische Meisterschaft;2;Zwischenlauf;Michael Auer;38459;;1;190;0
25/26;2026-04-26;Dream Bowl Palace Unterföhring;tournament;Südbayerische Meisterschaft;2;Zwischenlauf;Michael Auer;38459;;2;169;0
25/26;2026-04-26;Dream Bowl Palace Unterföhring;tournament;Südbayerische Meisterschaft;2;Zwischenlauf;Michael Auer;38459;;3;140;0
25/26;2026-04-26;Dream Bowl Palace Unterföhring;tournament;Südbayerische Meisterschaft;2;Zwischenlauf;Michael Auer;38459;;4;167;0
25/26;2026-04-26;Dream Bowl Palace Unterföhring;tournament;Südbayerische Meisterschaft;2;Zwischenlauf;Michael Auer;38459;;5;122;0
25/26;2026-04-25;Dream Bowl Palace Unterföhring;tournament;Südbayerische Meisterschaft;1;Vorlauf;Sergio Tavares;22116;;0;213;0
25/26;2026-04-25;Dream Bowl Palace Unterföhring;tournament;Südbayerische Meisterschaft;1;Vorlauf;Sergio Tavares;22116;;1;189;0
25/26;2026-04-25;Dream Bowl Palace Unterföhring;tournament;Südbayerische Meisterschaft;1;Vorlauf;Sergio Tavares;22116;;2;140;0
25/26;2026-04-25;Dream Bowl Palace Unterföhring;tournament;Südbayerische Meisterschaft;1;Vorlauf;Sergio Tavares;22116;;3;227;0
25/26;2026-04-25;Dream Bowl Palace Unterföhring;tournament;Südbayerische Meisterschaft;1;Vorlauf;Sergio Tavares;22116;;4;173;0
25/26;2026-04-25;Dream Bowl Palace Unterföhring;tournament;Südbayerische Meisterschaft;1;Vorlauf;Sergio Tavares;22116;;5;125;0
25/26;2026-04-26;Dream Bowl Palace Unterföhring;tournament;Südbayerische Meisterschaft;2;Zwischenlauf;Sergio Tavares;22116;;0;157;0
25/26;2026-04-26;Dream Bowl Palace Unterföhring;tournament;Südbayerische Meisterschaft;2;Zwischenlauf;Sergio Tavares;22116;;1;161;0
25/26;2026-04-26;Dream Bowl Palace Unterföhring;tournament;Südbayerische Meisterschaft;2;Zwischenlauf;Sergio Tavares;22116;;2;158;0
25/26;2026-04-26;Dream Bowl Palace Unterföhring;tournament;Südbayerische Meisterschaft;2;Zwischenlauf;Sergio Tavares;22116;;3;155;0
25/26;2026-04-26;Dream Bowl Palace Unterföhring;tournament;Südbayerische Meisterschaft;2;Zwischenlauf;Sergio Tavares;22116;;4;168;0
25/26;2026-04-26;Dream Bowl Palace Unterföhring;tournament;Südbayerische Meisterschaft;2;Zwischenlauf;Sergio Tavares;22116;;5;203;0
25/26;2026-04-25;Dream Bowl Palace Unterföhring;tournament;Südbayerische Meisterschaft;1;Vorlauf;Roberto Di Stefano;38970;;0;201;0
25/26;2026-04-25;Dream Bowl Palace Unterföhring;tournament;Südbayerische Meisterschaft;1;Vorlauf;Roberto Di Stefano;38970;;1;162;0
25/26;2026-04-25;Dream Bowl Palace Unterföhring;tournament;Südbayerische Meisterschaft;1;Vorlauf;Roberto Di Stefano;38970;;2;157;0
25/26;2026-04-25;Dream Bowl Palace Unterföhring;tournament;Südbayerische Meisterschaft;1;Vorlauf;Roberto Di Stefano;38970;;3;212;0
25/26;2026-04-25;Dream Bowl Palace Unterföhring;tournament;Südbayerische Meisterschaft;1;Vorlauf;Roberto Di Stefano;38970;;4;134;0
25/26;2026-04-25;Dream Bowl Palace Unterföhring;tournament;Südbayerische Meisterschaft;1;Vorlauf;Roberto Di Stefano;38970;;5;209;0
25/26;2026-04-26;Dream Bowl Palace Unterföhring;tournament;Südbayerische Meisterschaft;2;Zwischenlauf;Roberto Di Stefano;38970;;0;171;0
25/26;2026-04-26;Dream Bowl Palace Unterföhring;tournament;Südbayerische Meisterschaft;2;Zwischenlauf;Roberto Di Stefano;38970;;1;171;0
25/26;2026-04-26;Dream Bowl Palace Unterföhring;tournament;Südbayerische Meisterschaft;2;Zwischenlauf;Roberto Di Stefano;38970;;2;142;0
25/26;2026-04-26;Dream Bowl Palace Unterföhring;tournament;Südbayerische Meisterschaft;2;Zwischenlauf;Roberto Di Stefano;38970;;3;167;0
25/26;2026-04-26;Dream Bowl Palace Unterföhring;tournament;Südbayerische Meisterschaft;2;Zwischenlauf;Roberto Di Stefano;38970;;4;164;0
25/26;2026-04-26;Dream Bowl Palace Unterföhring;tournament;Südbayerische Meisterschaft;2;Zwischenlauf;Roberto Di Stefano;38970;;5;165;0
25/26;2026-04-25;Dream Bowl Palace Unterföhring;tournament;Südbayerische Meisterschaft;1;Vorlauf;Bruno Gärtner;25649;;0;162;0
25/26;2026-04-25;Dream Bowl Palace Unterföhring;tournament;Südbayerische Meisterschaft;1;Vorlauf;Bruno Gärtner;25649;;1;188;0
25/26;2026-04-25;Dream Bowl Palace Unterföhring;tournament;Südbayerische Meisterschaft;1;Vorlauf;Bruno Gärtner;25649;;2;166;0
25/26;2026-04-25;Dream Bowl Palace Unterföhring;tournament;Südbayerische Meisterschaft;1;Vorlauf;Bruno Gärtner;25649;;3;192;0
25/26;2026-04-25;Dream Bowl Palace Unterföhring;tournament;Südbayerische Meisterschaft;1;Vorlauf;Bruno Gärtner;25649;;4;164;0
25/26;2026-04-25;Dream Bowl Palace Unterföhring;tournament;Südbayerische Meisterschaft;1;Vorlauf;Bruno Gärtner;25649;;5;179;0
25/26;2026-04-26;Dream Bowl Palace Unterföhring;tournament;Südbayerische Meisterschaft;2;Zwischenlauf;Bruno Gärtner;25649;;0;178;0
25/26;2026-04-26;Dream Bowl Palace Unterföhring;tournament;Südbayerische Meisterschaft;2;Zwischenlauf;Bruno Gärtner;25649;;1;148;0
25/26;2026-04-26;Dream Bowl Palace Unterföhring;tournament;Südbayerische Meisterschaft;2;Zwischenlauf;Bruno Gärtner;25649;;2;146;0
25/26;2026-04-26;Dream Bowl Palace Unterföhring;tournament;Südbayerische Meisterschaft;2;Zwischenlauf;Bruno Gärtner;25649;;3;160;0
25/26;2026-04-26;Dream Bowl Palace Unterföhring;tournament;Südbayerische Meisterschaft;2;Zwischenlauf;Bruno Gärtner;25649;;4;158;0
25/26;2026-04-26;Dream Bowl Palace Unterföhring;tournament;Südbayerische Meisterschaft;2;Zwischenlauf;Bruno Gärtner;25649;;5;202;0
25/26;2026-04-25;Dream Bowl Palace Unterföhring;tournament;Südbayerische Meisterschaft;1;Vorlauf;Thomas Hantschel;38450;;0;155;0
25/26;2026-04-25;Dream Bowl Palace Unterföhring;tournament;Südbayerische Meisterschaft;1;Vorlauf;Thomas Hantschel;38450;;1;169;0
25/26;2026-04-25;Dream Bowl Palace Unterföhring;tournament;Südbayerische Meisterschaft;1;Vorlauf;Thomas Hantschel;38450;;2;200;0
25/26;2026-04-25;Dream Bowl Palace Unterföhring;tournament;Südbayerische Meisterschaft;1;Vorlauf;Thomas Hantschel;38450;;3;161;0
25/26;2026-04-25;Dream Bowl Palace Unterföhring;tournament;Südbayerische Meisterschaft;1;Vorlauf;Thomas Hantschel;38450;;4;183;0
25/26;2026-04-25;Dream Bowl Palace Unterföhring;tournament;Südbayerische Meisterschaft;1;Vorlauf;Thomas Hantschel;38450;;5;213;0
25/26;2026-04-26;Dream Bowl Palace Unterföhring;tournament;Südbayerische Meisterschaft;2;Zwischenlauf;Thomas Hantschel;38450;;0;122;0
25/26;2026-04-26;Dream Bowl Palace Unterföhring;tournament;Südbayerische Meisterschaft;2;Zwischenlauf;Thomas Hantschel;38450;;1;133;0
25/26;2026-04-26;Dream Bowl Palace Unterföhring;tournament;Südbayerische Meisterschaft;2;Zwischenlauf;Thomas Hantschel;38450;;2;182;0
25/26;2026-04-26;Dream Bowl Palace Unterföhring;tournament;Südbayerische Meisterschaft;2;Zwischenlauf;Thomas Hantschel;38450;;3;136;0
25/26;2026-04-26;Dream Bowl Palace Unterföhring;tournament;Südbayerische Meisterschaft;2;Zwischenlauf;Thomas Hantschel;38450;;4;195;0
25/26;2026-04-26;Dream Bowl Palace Unterföhring;tournament;Südbayerische Meisterschaft;2;Zwischenlauf;Thomas Hantschel;38450;;5;157;0
25/26;2026-04-25;Dream Bowl Palace Unterföhring;tournament;Südbayerische Meisterschaft;1;Vorlauf;Robert Meissl;25778;;0;201;0
25/26;2026-04-25;Dream Bowl Palace Unterföhring;tournament;Südbayerische Meisterschaft;1;Vorlauf;Robert Meissl;25778;;1;140;0
25/26;2026-04-25;Dream Bowl Palace Unterföhring;tournament;Südbayerische Meisterschaft;1;Vorlauf;Robert Meissl;25778;;2;161;0
25/26;2026-04-25;Dream Bowl Palace Unterföhring;tournament;Südbayerische Meisterschaft;1;Vorlauf;Robert Meissl;25778;;3;164;0
25/26;2026-04-25;Dream Bowl Palace Unterföhring;tournament;Südbayerische Meisterschaft;1;Vorlauf;Robert Meissl;25778;;4;188;0
25/26;2026-04-25;Dream Bowl Palace Unterföhring;tournament;Südbayerische Meisterschaft;1;Vorlauf;Robert Meissl;25778;;5;198;0
25/26;2026-04-26;Dream Bowl Palace Unterföhring;tournament;Südbayerische Meisterschaft;2;Zwischenlauf;Robert Meissl;25778;;0;148;0
25/26;2026-04-26;Dream Bowl Palace Unterföhring;tournament;Südbayerische Meisterschaft;2;Zwischenlauf;Robert Meissl;25778;;1;157;0
25/26;2026-04-26;Dream Bowl Palace Unterföhring;tournament;Südbayerische Meisterschaft;2;Zwischenlauf;Robert Meissl;25778;;2;180;0
25/26;2026-04-26;Dream Bowl Palace Unterföhring;tournament;Südbayerische Meisterschaft;2;Zwischenlauf;Robert Meissl;25778;;3;127;0
25/26;2026-04-26;Dream Bowl Palace Unterföhring;tournament;Südbayerische Meisterschaft;2;Zwischenlauf;Robert Meissl;25778;;4;128;0
25/26;2026-04-26;Dream Bowl Palace Unterföhring;tournament;Südbayerische Meisterschaft;2;Zwischenlauf;Robert Meissl;25778;;5;193;0
25/26;2026-04-25;Dream Bowl Palace Unterföhring;tournament;Südbayerische Meisterschaft;1;Vorlauf;Maximilian Herrmann;38892;;0;168;0
25/26;2026-04-25;Dream Bowl Palace Unterföhring;tournament;Südbayerische Meisterschaft;1;Vorlauf;Maximilian Herrmann;38892;;1;245;0
25/26;2026-04-25;Dream Bowl Palace Unterföhring;tournament;Südbayerische Meisterschaft;1;Vorlauf;Maximilian Herrmann;38892;;2;108;0
25/26;2026-04-25;Dream Bowl Palace Unterföhring;tournament;Südbayerische Meisterschaft;1;Vorlauf;Maximilian Herrmann;38892;;3;170;0
25/26;2026-04-25;Dream Bowl Palace Unterföhring;tournament;Südbayerische Meisterschaft;1;Vorlauf;Maximilian Herrmann;38892;;4;190;0
25/26;2026-04-25;Dream Bowl Palace Unterföhring;tournament;Südbayerische Meisterschaft;1;Vorlauf;Maximilian Herrmann;38892;;5;165;0
25/26;2026-04-26;Dream Bowl Palace Unterföhring;tournament;Südbayerische Meisterschaft;2;Zwischenlauf;Maximilian Herrmann;38892;;0;174;0
25/26;2026-04-26;Dream Bowl Palace Unterföhring;tournament;Südbayerische Meisterschaft;2;Zwischenlauf;Maximilian Herrmann;38892;;1;163;0
25/26;2026-04-26;Dream Bowl Palace Unterföhring;tournament;Südbayerische Meisterschaft;2;Zwischenlauf;Maximilian Herrmann;38892;;2;140;0
25/26;2026-04-26;Dream Bowl Palace Unterföhring;tournament;Südbayerische Meisterschaft;2;Zwischenlauf;Maximilian Herrmann;38892;;3;117;0
25/26;2026-04-26;Dream Bowl Palace Unterföhring;tournament;Südbayerische Meisterschaft;2;Zwischenlauf;Maximilian Herrmann;38892;;4;129;0
25/26;2026-04-26;Dream Bowl Palace Unterföhring;tournament;Südbayerische Meisterschaft;2;Zwischenlauf;Maximilian Herrmann;38892;;5;157;0
25/26;2026-04-25;Dream Bowl Palace Unterföhring;tournament;Südbayerische Meisterschaft;1;Vorlauf;Andreas Heß;7030;;0;181;0
25/26;2026-04-25;Dream Bowl Palace Unterföhring;tournament;Südbayerische Meisterschaft;1;Vorlauf;Andreas Heß;7030;;1;167;0
25/26;2026-04-25;Dream Bowl Palace Unterföhring;tournament;Südbayerische Meisterschaft;1;Vorlauf;Andreas Heß;7030;;2;160;0
25/26;2026-04-25;Dream Bowl Palace Unterföhring;tournament;Südbayerische Meisterschaft;1;Vorlauf;Andreas Heß;7030;;3;253;0
25/26;2026-04-25;Dream Bowl Palace Unterföhring;tournament;Südbayerische Meisterschaft;1;Vorlauf;Andreas Heß;7030;;4;189;0
25/26;2026-04-25;Dream Bowl Palace Unterföhring;tournament;Südbayerische Meisterschaft;1;Vorlauf;Andreas Heß;7030;;5;190;0
25/26;2026-04-26;Dream Bowl Palace Unterföhring;tournament;Südbayerische Meisterschaft;2;Zwischenlauf;Andreas Heß;7030;;0;149;0
25/26;2026-04-26;Dream Bowl Palace Unterföhring;tournament;Südbayerische Meisterschaft;2;Zwischenlauf;Andreas Heß;7030;;1;182;0
25/26;2026-04-26;Dream Bowl Palace Unterföhring;tournament;Südbayerische Meisterschaft;2;Zwischenlauf;Andreas Heß;7030;;2;137;0
25/26;2026-04-25;Dream Bowl Palace Unterföhring;tournament;Südbayerische Meisterschaft;1;Vorlauf;Eberhard Rietz;25631;;0;244;0
25/26;2026-04-25;Dream Bowl Palace Unterföhring;tournament;Südbayerische Meisterschaft;1;Vorlauf;Eberhard Rietz;25631;;1;180;0
25/26;2026-04-25;Dream Bowl Palace Unterföhring;tournament;Südbayerische Meisterschaft;1;Vorlauf;Eberhard Rietz;25631;;2;198;0
25/26;2026-04-25;Dream Bowl Palace Unterföhring;tournament;Südbayerische Meisterschaft;1;Vorlauf;Eberhard Rietz;25631;;3;168;0
25/26;2026-04-25;Dream Bowl Palace Unterföhring;tournament;Südbayerische Meisterschaft;1;Vorlauf;Eberhard Rietz;25631;;4;214;0
25/26;2026-04-25;Dream Bowl Palace Unterföhring;tournament;Südbayerische Meisterschaft;1;Vorlauf;Eberhard Rietz;25631;;5;177;0
25/26;2026-04-26;Dream Bowl Palace Unterföhring;tournament;Südbayerische Meisterschaft;2;Zwischenlauf;Eberhard Rietz;25631;;0;179;0
25/26;2026-04-25;Dream Bowl Palace Unterföhring;tournament;Südbayerische Meisterschaft;1;Vorlauf;Michael Egger;25785;;0;200;0
25/26;2026-04-25;Dream Bowl Palace Unterföhring;tournament;Südbayerische Meisterschaft;1;Vorlauf;Michael Egger;25785;;1;138;0
25/26;2026-04-25;Dream Bowl Palace Unterföhring;tournament;Südbayerische Meisterschaft;1;Vorlauf;Michael Egger;25785;;2;182;0
25/26;2026-04-25;Dream Bowl Palace Unterföhring;tournament;Südbayerische Meisterschaft;1;Vorlauf;Michael Egger;25785;;3;168;0
25/26;2026-04-25;Dream Bowl Palace Unterföhring;tournament;Südbayerische Meisterschaft;1;Vorlauf;Michael Egger;25785;;4;160;0
25/26;2026-04-25;Dream Bowl Palace Unterföhring;tournament;Südbayerische Meisterschaft;1;Vorlauf;Michael Egger;25785;;5;221;0
25/26;2026-04-25;Dream Bowl Palace Unterföhring;tournament;Südbayerische Meisterschaft;1;Vorlauf;Alfred Zimmermann;7573;;0;163;0
25/26;2026-04-25;Dream Bowl Palace Unterföhring;tournament;Südbayerische Meisterschaft;1;Vorlauf;Alfred Zimmermann;7573;;1;189;0
25/26;2026-04-25;Dream Bowl Palace Unterföhring;tournament;Südbayerische Meisterschaft;1;Vorlauf;Alfred Zimmermann;7573;;2;153;0
25/26;2026-04-25;Dream Bowl Palace Unterföhring;tournament;Südbayerische Meisterschaft;1;Vorlauf;Alfred Zimmermann;7573;;3;199;0
25/26;2026-04-25;Dream Bowl Palace Unterföhring;tournament;Südbayerische Meisterschaft;1;Vorlauf;Alfred Zimmermann;7573;;4;169;0
25/26;2026-04-25;Dream Bowl Palace Unterföhring;tournament;Südbayerische Meisterschaft;1;Vorlauf;Alfred Zimmermann;7573;;5;181;0
25/26;2026-04-25;Dream Bowl Palace Unterföhring;tournament;Südbayerische Meisterschaft;1;Vorlauf;Florian Hanauer;38001;;0;190;0
25/26;2026-04-25;Dream Bowl Palace Unterföhring;tournament;Südbayerische Meisterschaft;1;Vorlauf;Florian Hanauer;38001;;1;162;0
25/26;2026-04-25;Dream Bowl Palace Unterföhring;tournament;Südbayerische Meisterschaft;1;Vorlauf;Florian Hanauer;38001;;2;121;0
25/26;2026-04-25;Dream Bowl Palace Unterföhring;tournament;Südbayerische Meisterschaft;1;Vorlauf;Florian Hanauer;38001;;3;192;0
25/26;2026-04-25;Dream Bowl Palace Unterföhring;tournament;Südbayerische Meisterschaft;1;Vorlauf;Florian Hanauer;38001;;4;174;0
25/26;2026-04-25;Dream Bowl Palace Unterföhring;tournament;Südbayerische Meisterschaft;1;Vorlauf;Florian Hanauer;38001;;5;198;0
25/26;2026-04-25;Dream Bowl Palace Unterföhring;tournament;Südbayerische Meisterschaft;1;Vorlauf;Louis Csallner;38993;;0;194;0
25/26;2026-04-25;Dream Bowl Palace Unterföhring;tournament;Südbayerische Meisterschaft;1;Vorlauf;Louis Csallner;38993;;1;163;0
25/26;2026-04-25;Dream Bowl Palace Unterföhring;tournament;Südbayerische Meisterschaft;1;Vorlauf;Louis Csallner;38993;;2;201;0
25/26;2026-04-25;Dream Bowl Palace Unterföhring;tournament;Südbayerische Meisterschaft;1;Vorlauf;Louis Csallner;38993;;3;129;0
25/26;2026-04-25;Dream Bowl Palace Unterföhring;tournament;Südbayerische Meisterschaft;1;Vorlauf;Louis Csallner;38993;;4;179;0
25/26;2026-04-25;Dream Bowl Palace Unterföhring;tournament;Südbayerische Meisterschaft;1;Vorlauf;Louis Csallner;38993;;5;170;0
25/26;2026-04-25;Dream Bowl Palace Unterföhring;tournament;Südbayerische Meisterschaft;1;Vorlauf;Andreas Feuerlein;16270;;0;227;0
25/26;2026-04-25;Dream Bowl Palace Unterföhring;tournament;Südbayerische Meisterschaft;1;Vorlauf;Andreas Feuerlein;16270;;1;213;0
25/26;2026-04-25;Dream Bowl Palace Unterföhring;tournament;Südbayerische Meisterschaft;1;Vorlauf;Andreas Feuerlein;16270;;2;139;0
25/26;2026-04-25;Dream Bowl Palace Unterföhring;tournament;Südbayerische Meisterschaft;1;Vorlauf;Andreas Feuerlein;16270;;3;141;0
25/26;2026-04-25;Dream Bowl Palace Unterföhring;tournament;Südbayerische Meisterschaft;1;Vorlauf;Andreas Feuerlein;16270;;4;168;0
25/26;2026-04-25;Dream Bowl Palace Unterföhring;tournament;Südbayerische Meisterschaft;1;Vorlauf;Andreas Feuerlein;16270;;5;148;0
25/26;2026-04-25;Dream Bowl Palace Unterföhring;tournament;Südbayerische Meisterschaft;1;Vorlauf;Markus Auer;25788;;0;168;0
25/26;2026-04-25;Dream Bowl Palace Unterföhring;tournament;Südbayerische Meisterschaft;1;Vorlauf;Markus Auer;25788;;1;152;0
25/26;2026-04-25;Dream Bowl Palace Unterföhring;tournament;Südbayerische Meisterschaft;1;Vorlauf;Markus Auer;25788;;2;180;0
25/26;2026-04-25;Dream Bowl Palace Unterföhring;tournament;Südbayerische Meisterschaft;1;Vorlauf;Markus Auer;25788;;3;192;0
25/26;2026-04-25;Dream Bowl Palace Unterföhring;tournament;Südbayerische Meisterschaft;1;Vorlauf;Markus Auer;25788;;4;178;0
25/26;2026-04-25;Dream Bowl Palace Unterföhring;tournament;Südbayerische Meisterschaft;1;Vorlauf;Markus Auer;25788;;5;165;0
25/26;2026-04-25;Dream Bowl Palace Unterföhring;tournament;Südbayerische Meisterschaft;1;Vorlauf;Dirk Kirschke;16876;;0;164;0
25/26;2026-04-25;Dream Bowl Palace Unterföhring;tournament;Südbayerische Meisterschaft;1;Vorlauf;Dirk Kirschke;16876;;1;163;0
25/26;2026-04-25;Dream Bowl Palace Unterföhring;tournament;Südbayerische Meisterschaft;1;Vorlauf;Dirk Kirschke;16876;;2;209;0
25/26;2026-04-25;Dream Bowl Palace Unterföhring;tournament;Südbayerische Meisterschaft;1;Vorlauf;Dirk Kirschke;16876;;3;153;0
25/26;2026-04-25;Dream Bowl Palace Unterföhring;tournament;Südbayerische Meisterschaft;1;Vorlauf;Dirk Kirschke;16876;;4;167;0
25/26;2026-04-25;Dream Bowl Palace Unterföhring;tournament;Südbayerische Meisterschaft;1;Vorlauf;Dirk Kirschke;16876;;5;179;0
25/26;2026-04-25;Dream Bowl Palace Unterföhring;tournament;Südbayerische Meisterschaft;1;Vorlauf;Michael Brandt;38110;;0;194;0
25/26;2026-04-25;Dream Bowl Palace Unterföhring;tournament;Südbayerische Meisterschaft;1;Vorlauf;Michael Brandt;38110;;1;190;0
25/26;2026-04-25;Dream Bowl Palace Unterföhring;tournament;Südbayerische Meisterschaft;1;Vorlauf;Michael Brandt;38110;;2;174;0
25/26;2026-04-25;Dream Bowl Palace Unterföhring;tournament;Südbayerische Meisterschaft;1;Vorlauf;Michael Brandt;38110;;3;172;0
25/26;2026-04-25;Dream Bowl Palace Unterföhring;tournament;Südbayerische Meisterschaft;1;Vorlauf;Michael Brandt;38110;;4;158;0
25/26;2026-04-25;Dream Bowl Palace Unterföhring;tournament;Südbayerische Meisterschaft;1;Vorlauf;Michael Brandt;38110;;5;146;0
25/26;2026-04-25;Dream Bowl Palace Unterföhring;tournament;Südbayerische Meisterschaft;1;Vorlauf;Luca Köhler;38665;;0;174;0
25/26;2026-04-25;Dream Bowl Palace Unterföhring;tournament;Südbayerische Meisterschaft;1;Vorlauf;Luca Köhler;38665;;1;174;0
25/26;2026-04-25;Dream Bowl Palace Unterföhring;tournament;Südbayerische Meisterschaft;1;Vorlauf;Luca Köhler;38665;;2;158;0
25/26;2026-04-25;Dream Bowl Palace Unterföhring;tournament;Südbayerische Meisterschaft;1;Vorlauf;Luca Köhler;38665;;3;217;0
25/26;2026-04-25;Dream Bowl Palace Unterföhring;tournament;Südbayerische Meisterschaft;1;Vorlauf;Luca Köhler;38665;;4;140;0
25/26;2026-04-25;Dream Bowl Palace Unterföhring;tournament;Südbayerische Meisterschaft;1;Vorlauf;Luca Köhler;38665;;5;159;0
25/26;2026-04-25;Dream Bowl Palace Unterföhring;tournament;Südbayerische Meisterschaft;1;Vorlauf;Kurt Schindlböck;16390;;0;179;0
25/26;2026-04-25;Dream Bowl Palace Unterföhring;tournament;Südbayerische Meisterschaft;1;Vorlauf;Kurt Schindlböck;16390;;1;157;0
25/26;2026-04-25;Dream Bowl Palace Unterföhring;tournament;Südbayerische Meisterschaft;1;Vorlauf;Kurt Schindlböck;16390;;2;180;0
25/26;2026-04-25;Dream Bowl Palace Unterföhring;tournament;Südbayerische Meisterschaft;1;Vorlauf;Kurt Schindlböck;16390;;3;193;0
25/26;2026-04-25;Dream Bowl Palace Unterföhring;tournament;Südbayerische Meisterschaft;1;Vorlauf;Kurt Schindlböck;16390;;4;123;0
25/26;2026-04-25;Dream Bowl Palace Unterföhring;tournament;Südbayerische Meisterschaft;1;Vorlauf;Kurt Schindlböck;16390;;5;183;0
25/26;2026-04-25;Dream Bowl Palace Unterföhring;tournament;Südbayerische Meisterschaft;1;Vorlauf;Manfred Hartl;38065;;0;176;0
25/26;2026-04-25;Dream Bowl Palace Unterföhring;tournament;Südbayerische Meisterschaft;1;Vorlauf;Manfred Hartl;38065;;1;190;0
25/26;2026-04-25;Dream Bowl Palace Unterföhring;tournament;Südbayerische Meisterschaft;1;Vorlauf;Manfred Hartl;38065;;2;144;0
25/26;2026-04-25;Dream Bowl Palace Unterföhring;tournament;Südbayerische Meisterschaft;1;Vorlauf;Manfred Hartl;38065;;3;136;0
25/26;2026-04-25;Dream Bowl Palace Unterföhring;tournament;Südbayerische Meisterschaft;1;Vorlauf;Manfred Hartl;38065;;4;179;0
25/26;2026-04-25;Dream Bowl Palace Unterföhring;tournament;Südbayerische Meisterschaft;1;Vorlauf;Manfred Hartl;38065;;5;189;0
25/26;2026-04-25;Dream Bowl Palace Unterföhring;tournament;Südbayerische Meisterschaft;1;Vorlauf;Markus Schmied;38361;;0;213;0
25/26;2026-04-25;Dream Bowl Palace Unterföhring;tournament;Südbayerische Meisterschaft;1;Vorlauf;Markus Schmied;38361;;1;179;0
25/26;2026-04-25;Dream Bowl Palace Unterföhring;tournament;Südbayerische Meisterschaft;1;Vorlauf;Markus Schmied;38361;;2;132;0
25/26;2026-04-25;Dream Bowl Palace Unterföhring;tournament;Südbayerische Meisterschaft;1;Vorlauf;Markus Schmied;38361;;3;155;0
25/26;2026-04-25;Dream Bowl Palace Unterföhring;tournament;Südbayerische Meisterschaft;1;Vorlauf;Markus Schmied;38361;;4;193;0
25/26;2026-04-25;Dream Bowl Palace Unterföhring;tournament;Südbayerische Meisterschaft;1;Vorlauf;Markus Schmied;38361;;5;139;0
25/26;2026-04-25;Dream Bowl Palace Unterföhring;tournament;Südbayerische Meisterschaft;1;Vorlauf;Robert Faltermeier;38472;;0;161;0
25/26;2026-04-25;Dream Bowl Palace Unterföhring;tournament;Südbayerische Meisterschaft;1;Vorlauf;Robert Faltermeier;38472;;1;160;0
25/26;2026-04-25;Dream Bowl Palace Unterföhring;tournament;Südbayerische Meisterschaft;1;Vorlauf;Robert Faltermeier;38472;;2;155;0
25/26;2026-04-25;Dream Bowl Palace Unterföhring;tournament;Südbayerische Meisterschaft;1;Vorlauf;Robert Faltermeier;38472;;3;145;0
25/26;2026-04-25;Dream Bowl Palace Unterföhring;tournament;Südbayerische Meisterschaft;1;Vorlauf;Robert Faltermeier;38472;;4;157;0
25/26;2026-04-25;Dream Bowl Palace Unterföhring;tournament;Südbayerische Meisterschaft;1;Vorlauf;Robert Faltermeier;38472;;5;224;0
25/26;2026-04-25;Dream Bowl Palace Unterföhring;tournament;Südbayerische Meisterschaft;1;Vorlauf;Stephan Scheigenpflug;10080;;0;155;0
25/26;2026-04-25;Dream Bowl Palace Unterföhring;tournament;Südbayerische Meisterschaft;1;Vorlauf;Stephan Scheigenpflug;10080;;1;172;0
25/26;2026-04-25;Dream Bowl Palace Unterföhring;tournament;Südbayerische Meisterschaft;1;Vorlauf;Stephan Scheigenpflug;10080;;2;174;0
25/26;2026-04-25;Dream Bowl Palace Unterföhring;tournament;Südbayerische Meisterschaft;1;Vorlauf;Stephan Scheigenpflug;10080;;3;192;0
25/26;2026-04-25;Dream Bowl Palace Unterföhring;tournament;Südbayerische Meisterschaft;1;Vorlauf;Stephan Scheigenpflug;10080;;4;167;0
25/26;2026-04-25;Dream Bowl Palace Unterföhring;tournament;Südbayerische Meisterschaft;1;Vorlauf;Stephan Scheigenpflug;10080;;5;138;0
25/26;2026-04-25;Dream Bowl Palace Unterföhring;tournament;Südbayerische Meisterschaft;1;Vorlauf;Roland Heumos;38388;;0;152;0
25/26;2026-04-25;Dream Bowl Palace Unterföhring;tournament;Südbayerische Meisterschaft;1;Vorlauf;Roland Heumos;38388;;1;168;0
25/26;2026-04-25;Dream Bowl Palace Unterföhring;tournament;Südbayerische Meisterschaft;1;Vorlauf;Roland Heumos;38388;;2;159;0
25/26;2026-04-25;Dream Bowl Palace Unterföhring;tournament;Südbayerische Meisterschaft;1;Vorlauf;Roland Heumos;38388;;3;191;0
25/26;2026-04-25;Dream Bowl Palace Unterföhring;tournament;Südbayerische Meisterschaft;1;Vorlauf;Roland Heumos;38388;;4;145;0
25/26;2026-04-25;Dream Bowl Palace Unterföhring;tournament;Südbayerische Meisterschaft;1;Vorlauf;Roland Heumos;38388;;5;180;0
25/26;2026-04-25;Dream Bowl Palace Unterföhring;tournament;Südbayerische Meisterschaft;1;Vorlauf;Werner Nägele;7321;;0;191;0
25/26;2026-04-25;Dream Bowl Palace Unterföhring;tournament;Südbayerische Meisterschaft;1;Vorlauf;Werner Nägele;7321;;1;148;0
25/26;2026-04-25;Dream Bowl Palace Unterföhring;tournament;Südbayerische Meisterschaft;1;Vorlauf;Werner Nägele;7321;;2;171;0
25/26;2026-04-25;Dream Bowl Palace Unterföhring;tournament;Südbayerische Meisterschaft;1;Vorlauf;Werner Nägele;7321;;3;190;0
25/26;2026-04-25;Dream Bowl Palace Unterföhring;tournament;Südbayerische Meisterschaft;1;Vorlauf;Werner Nägele;7321;;4;149;0
25/26;2026-04-25;Dream Bowl Palace Unterföhring;tournament;Südbayerische Meisterschaft;1;Vorlauf;Werner Nägele;7321;;5;145;0
25/26;2026-04-25;Dream Bowl Palace Unterföhring;tournament;Südbayerische Meisterschaft;1;Vorlauf;Jürgen Beer;25502;;0;200;0
25/26;2026-04-25;Dream Bowl Palace Unterföhring;tournament;Südbayerische Meisterschaft;1;Vorlauf;Jürgen Beer;25502;;1;155;0
25/26;2026-04-25;Dream Bowl Palace Unterföhring;tournament;Südbayerische Meisterschaft;1;Vorlauf;Jürgen Beer;25502;;2;129;0
25/26;2026-04-25;Dream Bowl Palace Unterföhring;tournament;Südbayerische Meisterschaft;1;Vorlauf;Jürgen Beer;25502;;3;173;0
25/26;2026-04-25;Dream Bowl Palace Unterföhring;tournament;Südbayerische Meisterschaft;1;Vorlauf;Jürgen Beer;25502;;4;168;0
25/26;2026-04-25;Dream Bowl Palace Unterföhring;tournament;Südbayerische Meisterschaft;1;Vorlauf;Jürgen Beer;25502;;5;168;0
25/26;2026-04-25;Dream Bowl Palace Unterföhring;tournament;Südbayerische Meisterschaft;1;Vorlauf;Herward Schulz;38202;;0;142;0
25/26;2026-04-25;Dream Bowl Palace Unterföhring;tournament;Südbayerische Meisterschaft;1;Vorlauf;Herward Schulz;38202;;1;142;0
25/26;2026-04-25;Dream Bowl Palace Unterföhring;tournament;Südbayerische Meisterschaft;1;Vorlauf;Herward Schulz;38202;;2;175;0
25/26;2026-04-25;Dream Bowl Palace Unterföhring;tournament;Südbayerische Meisterschaft;1;Vorlauf;Herward Schulz;38202;;3;162;0
25/26;2026-04-25;Dream Bowl Palace Unterföhring;tournament;Südbayerische Meisterschaft;1;Vorlauf;Herward Schulz;38202;;4;185;0
25/26;2026-04-25;Dream Bowl Palace Unterföhring;tournament;Südbayerische Meisterschaft;1;Vorlauf;Herward Schulz;38202;;5;184;0
25/26;2026-04-25;Dream Bowl Palace Unterföhring;tournament;Südbayerische Meisterschaft;1;Vorlauf;Dirk Billerbeck;10797;;0;114;0
25/26;2026-04-25;Dream Bowl Palace Unterföhring;tournament;Südbayerische Meisterschaft;1;Vorlauf;Dirk Billerbeck;10797;;1;140;0
25/26;2026-04-25;Dream Bowl Palace Unterföhring;tournament;Südbayerische Meisterschaft;1;Vorlauf;Dirk Billerbeck;10797;;2;176;0
25/26;2026-04-25;Dream Bowl Palace Unterföhring;tournament;Südbayerische Meisterschaft;1;Vorlauf;Dirk Billerbeck;10797;;3;176;0
25/26;2026-04-25;Dream Bowl Palace Unterföhring;tournament;Südbayerische Meisterschaft;1;Vorlauf;Dirk Billerbeck;10797;;4;173;0
25/26;2026-04-25;Dream Bowl Palace Unterföhring;tournament;Südbayerische Meisterschaft;1;Vorlauf;Dirk Billerbeck;10797;;5;209;0
25/26;2026-04-25;Dream Bowl Palace Unterföhring;tournament;Südbayerische Meisterschaft;1;Vorlauf;Ewald Kral;7309;;0;181;0
25/26;2026-04-25;Dream Bowl Palace Unterföhring;tournament;Südbayerische Meisterschaft;1;Vorlauf;Ewald Kral;7309;;1;169;0
25/26;2026-04-25;Dream Bowl Palace Unterföhring;tournament;Südbayerische Meisterschaft;1;Vorlauf;Ewald Kral;7309;;2;187;0
25/26;2026-04-25;Dream Bowl Palace Unterföhring;tournament;Südbayerische Meisterschaft;1;Vorlauf;Ewald Kral;7309;;3;164;0
25/26;2026-04-25;Dream Bowl Palace Unterföhring;tournament;Südbayerische Meisterschaft;1;Vorlauf;Ewald Kral;7309;;4;166;0
25/26;2026-04-25;Dream Bowl Palace Unterföhring;tournament;Südbayerische Meisterschaft;1;Vorlauf;Ewald Kral;7309;;5;120;0
25/26;2026-04-25;Dream Bowl Palace Unterföhring;tournament;Südbayerische Meisterschaft;1;Vorlauf;Christoph Heiming;38918;;0;161;0
25/26;2026-04-25;Dream Bowl Palace Unterföhring;tournament;Südbayerische Meisterschaft;1;Vorlauf;Christoph Heiming;38918;;1;183;0
25/26;2026-04-25;Dream Bowl Palace Unterföhring;tournament;Südbayerische Meisterschaft;1;Vorlauf;Christoph Heiming;38918;;2;136;0
25/26;2026-04-25;Dream Bowl Palace Unterföhring;tournament;Südbayerische Meisterschaft;1;Vorlauf;Christoph Heiming;38918;;3;136;0
25/26;2026-04-25;Dream Bowl Palace Unterföhring;tournament;Südbayerische Meisterschaft;1;Vorlauf;Christoph Heiming;38918;;4;196;0
25/26;2026-04-25;Dream Bowl Palace Unterföhring;tournament;Südbayerische Meisterschaft;1;Vorlauf;Christoph Heiming;38918;;5;175;0
25/26;2026-04-25;Dream Bowl Palace Unterföhring;tournament;Südbayerische Meisterschaft;1;Vorlauf;René Schanze;16524;;0;170;0
25/26;2026-04-25;Dream Bowl Palace Unterföhring;tournament;Südbayerische Meisterschaft;1;Vorlauf;René Schanze;16524;;1;158;0
25/26;2026-04-25;Dream Bowl Palace Unterföhring;tournament;Südbayerische Meisterschaft;1;Vorlauf;René Schanze;16524;;2;136;0
25/26;2026-04-25;Dream Bowl Palace Unterföhring;tournament;Südbayerische Meisterschaft;1;Vorlauf;René Schanze;16524;;3;170;0
25/26;2026-04-25;Dream Bowl Palace Unterföhring;tournament;Südbayerische Meisterschaft;1;Vorlauf;René Schanze;16524;;4;173;0
25/26;2026-04-25;Dream Bowl Palace Unterföhring;tournament;Südbayerische Meisterschaft;1;Vorlauf;René Schanze;16524;;5;178;0
25/26;2026-04-25;Dream Bowl Palace Unterföhring;tournament;Südbayerische Meisterschaft;1;Vorlauf;Pascal Gruber;38957;;0;175;0
25/26;2026-04-25;Dream Bowl Palace Unterföhring;tournament;Südbayerische Meisterschaft;1;Vorlauf;Pascal Gruber;38957;;1;153;0
25/26;2026-04-25;Dream Bowl Palace Unterföhring;tournament;Südbayerische Meisterschaft;1;Vorlauf;Pascal Gruber;38957;;2;142;0
25/26;2026-04-25;Dream Bowl Palace Unterföhring;tournament;Südbayerische Meisterschaft;1;Vorlauf;Pascal Gruber;38957;;3;155;0
25/26;2026-04-25;Dream Bowl Palace Unterföhring;tournament;Südbayerische Meisterschaft;1;Vorlauf;Pascal Gruber;38957;;4;181;0
25/26;2026-04-25;Dream Bowl Palace Unterföhring;tournament;Südbayerische Meisterschaft;1;Vorlauf;Pascal Gruber;38957;;5;176;0
25/26;2026-04-25;Dream Bowl Palace Unterföhring;tournament;Südbayerische Meisterschaft;1;Vorlauf;Herbert Forstner;38712;;0;195;0
25/26;2026-04-25;Dream Bowl Palace Unterföhring;tournament;Südbayerische Meisterschaft;1;Vorlauf;Herbert Forstner;38712;;1;139;0
25/26;2026-04-25;Dream Bowl Palace Unterföhring;tournament;Südbayerische Meisterschaft;1;Vorlauf;Herbert Forstner;38712;;2;154;0
25/26;2026-04-25;Dream Bowl Palace Unterföhring;tournament;Südbayerische Meisterschaft;1;Vorlauf;Herbert Forstner;38712;;3;163;0
25/26;2026-04-25;Dream Bowl Palace Unterföhring;tournament;Südbayerische Meisterschaft;1;Vorlauf;Herbert Forstner;38712;;4;164;0
25/26;2026-04-25;Dream Bowl Palace Unterföhring;tournament;Südbayerische Meisterschaft;1;Vorlauf;Herbert Forstner;38712;;5;162;0
25/26;2026-04-25;Dream Bowl Palace Unterföhring;tournament;Südbayerische Meisterschaft;1;Vorlauf;Daniel Krückel;38933;;0;146;0
25/26;2026-04-25;Dream Bowl Palace Unterföhring;tournament;Südbayerische Meisterschaft;1;Vorlauf;Daniel Krückel;38933;;1;178;0
25/26;2026-04-25;Dream Bowl Palace Unterföhring;tournament;Südbayerische Meisterschaft;1;Vorlauf;Daniel Krückel;38933;;2;156;0
25/26;2026-04-25;Dream Bowl Palace Unterföhring;tournament;Südbayerische Meisterschaft;1;Vorlauf;Daniel Krückel;38933;;3;186;0
25/26;2026-04-25;Dream Bowl Palace Unterföhring;tournament;Südbayerische Meisterschaft;1;Vorlauf;Daniel Krückel;38933;;4;169;0
25/26;2026-04-25;Dream Bowl Palace Unterföhring;tournament;Südbayerische Meisterschaft;1;Vorlauf;Daniel Krückel;38933;;5;137;0
25/26;2026-04-25;Dream Bowl Palace Unterföhring;tournament;Südbayerische Meisterschaft;1;Vorlauf;Erwin Meys;38813;;0;167;0
25/26;2026-04-25;Dream Bowl Palace Unterföhring;tournament;Südbayerische Meisterschaft;1;Vorlauf;Erwin Meys;38813;;1;147;0
25/26;2026-04-25;Dream Bowl Palace Unterföhring;tournament;Südbayerische Meisterschaft;1;Vorlauf;Erwin Meys;38813;;2;149;0
25/26;2026-04-25;Dream Bowl Palace Unterföhring;tournament;Südbayerische Meisterschaft;1;Vorlauf;Erwin Meys;38813;;3;157;0
25/26;2026-04-25;Dream Bowl Palace Unterföhring;tournament;Südbayerische Meisterschaft;1;Vorlauf;Erwin Meys;38813;;4;161;0
25/26;2026-04-25;Dream Bowl Palace Unterföhring;tournament;Südbayerische Meisterschaft;1;Vorlauf;Erwin Meys;38813;;5;186;0
25/26;2026-04-25;Dream Bowl Palace Unterföhring;tournament;Südbayerische Meisterschaft;1;Vorlauf;Werner Kraus;25302;;0;171;0
25/26;2026-04-25;Dream Bowl Palace Unterföhring;tournament;Südbayerische Meisterschaft;1;Vorlauf;Werner Kraus;25302;;1;146;0
25/26;2026-04-25;Dream Bowl Palace Unterföhring;tournament;Südbayerische Meisterschaft;1;Vorlauf;Werner Kraus;25302;;2;156;0
25/26;2026-04-25;Dream Bowl Palace Unterföhring;tournament;Südbayerische Meisterschaft;1;Vorlauf;Werner Kraus;25302;;3;151;0
25/26;2026-04-25;Dream Bowl Palace Unterföhring;tournament;Südbayerische Meisterschaft;1;Vorlauf;Werner Kraus;25302;;4;174;0
25/26;2026-04-25;Dream Bowl Palace Unterföhring;tournament;Südbayerische Meisterschaft;1;Vorlauf;Werner Kraus;25302;;5;167;0
25/26;2026-04-25;Dream Bowl Palace Unterföhring;tournament;Südbayerische Meisterschaft;1;Vorlauf;Peter Walch;7493;;0;221;0
25/26;2026-04-25;Dream Bowl Palace Unterföhring;tournament;Südbayerische Meisterschaft;1;Vorlauf;Peter Walch;7493;;1;172;0
25/26;2026-04-25;Dream Bowl Palace Unterföhring;tournament;Südbayerische Meisterschaft;1;Vorlauf;Peter Walch;7493;;2;131;0
25/26;2026-04-25;Dream Bowl Palace Unterföhring;tournament;Südbayerische Meisterschaft;1;Vorlauf;Peter Walch;7493;;3;147;0
25/26;2026-04-25;Dream Bowl Palace Unterföhring;tournament;Südbayerische Meisterschaft;1;Vorlauf;Peter Walch;7493;;4;125;0
25/26;2026-04-25;Dream Bowl Palace Unterföhring;tournament;Südbayerische Meisterschaft;1;Vorlauf;Peter Walch;7493;;5;154;0
25/26;2026-04-25;Dream Bowl Palace Unterföhring;tournament;Südbayerische Meisterschaft;1;Vorlauf;Dennis Jehle;38954;;0;162;0
25/26;2026-04-25;Dream Bowl Palace Unterföhring;tournament;Südbayerische Meisterschaft;1;Vorlauf;Dennis Jehle;38954;;1;222;0
25/26;2026-04-25;Dream Bowl Palace Unterföhring;tournament;Südbayerische Meisterschaft;1;Vorlauf;Dennis Jehle;38954;;2;118;0
25/26;2026-04-25;Dream Bowl Palace Unterföhring;tournament;Südbayerische Meisterschaft;1;Vorlauf;Dennis Jehle;38954;;3;142;0
25/26;2026-04-25;Dream Bowl Palace Unterföhring;tournament;Südbayerische Meisterschaft;1;Vorlauf;Dennis Jehle;38954;;4;174;0
25/26;2026-04-25;Dream Bowl Palace Unterföhring;tournament;Südbayerische Meisterschaft;1;Vorlauf;Dennis Jehle;38954;;5;130;0
25/26;2026-04-25;Dream Bowl Palace Unterföhring;tournament;Südbayerische Meisterschaft;1;Vorlauf;Peter Steub;38586;;0;157;0
25/26;2026-04-25;Dream Bowl Palace Unterföhring;tournament;Südbayerische Meisterschaft;1;Vorlauf;Peter Steub;38586;;1;139;0
25/26;2026-04-25;Dream Bowl Palace Unterföhring;tournament;Südbayerische Meisterschaft;1;Vorlauf;Peter Steub;38586;;2;151;0
25/26;2026-04-25;Dream Bowl Palace Unterföhring;tournament;Südbayerische Meisterschaft;1;Vorlauf;Peter Steub;38586;;3;199;0
25/26;2026-04-25;Dream Bowl Palace Unterföhring;tournament;Südbayerische Meisterschaft;1;Vorlauf;Peter Steub;38586;;4;134;0
25/26;2026-04-25;Dream Bowl Palace Unterföhring;tournament;Südbayerische Meisterschaft;1;Vorlauf;Peter Steub;38586;;5;167;0
25/26;2026-04-25;Dream Bowl Palace Unterföhring;tournament;Südbayerische Meisterschaft;1;Vorlauf;Horst Thomas;16327;;0;162;0
25/26;2026-04-25;Dream Bowl Palace Unterföhring;tournament;Südbayerische Meisterschaft;1;Vorlauf;Horst Thomas;16327;;1;118;0
25/26;2026-04-25;Dream Bowl Palace Unterföhring;tournament;Südbayerische Meisterschaft;1;Vorlauf;Horst Thomas;16327;;2;171;0
25/26;2026-04-25;Dream Bowl Palace Unterföhring;tournament;Südbayerische Meisterschaft;1;Vorlauf;Horst Thomas;16327;;3;166;0
25/26;2026-04-25;Dream Bowl Palace Unterföhring;tournament;Südbayerische Meisterschaft;1;Vorlauf;Horst Thomas;16327;;4;151;0
25/26;2026-04-25;Dream Bowl Palace Unterföhring;tournament;Südbayerische Meisterschaft;1;Vorlauf;Horst Thomas;16327;;5;174;0
25/26;2026-04-25;Dream Bowl Palace Unterföhring;tournament;Südbayerische Meisterschaft;1;Vorlauf;Jürgen Hockenjos;25993;;0;158;0
25/26;2026-04-25;Dream Bowl Palace Unterföhring;tournament;Südbayerische Meisterschaft;1;Vorlauf;Jürgen Hockenjos;25993;;1;148;0
25/26;2026-04-25;Dream Bowl Palace Unterföhring;tournament;Südbayerische Meisterschaft;1;Vorlauf;Jürgen Hockenjos;25993;;2;168;0
25/26;2026-04-25;Dream Bowl Palace Unterföhring;tournament;Südbayerische Meisterschaft;1;Vorlauf;Jürgen Hockenjos;25993;;3;121;0
25/26;2026-04-25;Dream Bowl Palace Unterföhring;tournament;Südbayerische Meisterschaft;1;Vorlauf;Jürgen Hockenjos;25993;;4;190;0
25/26;2026-04-25;Dream Bowl Palace Unterföhring;tournament;Südbayerische Meisterschaft;1;Vorlauf;Jürgen Hockenjos;25993;;5;150;0
25/26;2026-04-25;Dream Bowl Palace Unterföhring;tournament;Südbayerische Meisterschaft;1;Vorlauf;Sebastian Tesinski;38569;;0;145;0
25/26;2026-04-25;Dream Bowl Palace Unterföhring;tournament;Südbayerische Meisterschaft;1;Vorlauf;Sebastian Tesinski;38569;;1;195;0
25/26;2026-04-25;Dream Bowl Palace Unterföhring;tournament;Südbayerische Meisterschaft;1;Vorlauf;Sebastian Tesinski;38569;;2;136;0
25/26;2026-04-25;Dream Bowl Palace Unterföhring;tournament;Südbayerische Meisterschaft;1;Vorlauf;Sebastian Tesinski;38569;;3;159;0
25/26;2026-04-25;Dream Bowl Palace Unterföhring;tournament;Südbayerische Meisterschaft;1;Vorlauf;Sebastian Tesinski;38569;;4;148;0
25/26;2026-04-25;Dream Bowl Palace Unterföhring;tournament;Südbayerische Meisterschaft;1;Vorlauf;Sebastian Tesinski;38569;;5;151;0
25/26;2026-04-25;Dream Bowl Palace Unterföhring;tournament;Südbayerische Meisterschaft;1;Vorlauf;Günter Färber;38850;;0;161;0
25/26;2026-04-25;Dream Bowl Palace Unterföhring;tournament;Südbayerische Meisterschaft;1;Vorlauf;Günter Färber;38850;;1;147;0
25/26;2026-04-25;Dream Bowl Palace Unterföhring;tournament;Südbayerische Meisterschaft;1;Vorlauf;Günter Färber;38850;;2;173;0
25/26;2026-04-25;Dream Bowl Palace Unterföhring;tournament;Südbayerische Meisterschaft;1;Vorlauf;Günter Färber;38850;;3;148;0
25/26;2026-04-25;Dream Bowl Palace Unterföhring;tournament;Südbayerische Meisterschaft;1;Vorlauf;Günter Färber;38850;;4;162;0
25/26;2026-04-25;Dream Bowl Palace Unterföhring;tournament;Südbayerische Meisterschaft;1;Vorlauf;Günter Färber;38850;;5;143;0
25/26;2026-04-25;Dream Bowl Palace Unterföhring;tournament;Südbayerische Meisterschaft;1;Vorlauf;Michael Ruppert;38887;;0;162;0
25/26;2026-04-25;Dream Bowl Palace Unterföhring;tournament;Südbayerische Meisterschaft;1;Vorlauf;Michael Ruppert;38887;;1;116;0
25/26;2026-04-25;Dream Bowl Palace Unterföhring;tournament;Südbayerische Meisterschaft;1;Vorlauf;Michael Ruppert;38887;;2;148;0
25/26;2026-04-25;Dream Bowl Palace Unterföhring;tournament;Südbayerische Meisterschaft;1;Vorlauf;Michael Ruppert;38887;;3;193;0
25/26;2026-04-25;Dream Bowl Palace Unterföhring;tournament;Südbayerische Meisterschaft;1;Vorlauf;Michael Ruppert;38887;;4;141;0
25/26;2026-04-25;Dream Bowl Palace Unterföhring;tournament;Südbayerische Meisterschaft;1;Vorlauf;Michael Ruppert;38887;;5;148;0
25/26;2026-04-25;Dream Bowl Palace Unterföhring;tournament;Südbayerische Meisterschaft;1;Vorlauf;Peter Faßold;25390;;0;167;0
25/26;2026-04-25;Dream Bowl Palace Unterföhring;tournament;Südbayerische Meisterschaft;1;Vorlauf;Peter Faßold;25390;;1;155;0
25/26;2026-04-25;Dream Bowl Palace Unterföhring;tournament;Südbayerische Meisterschaft;1;Vorlauf;Peter Faßold;25390;;2;132;0
25/26;2026-04-25;Dream Bowl Palace Unterföhring;tournament;Südbayerische Meisterschaft;1;Vorlauf;Peter Faßold;25390;;3;170;0
25/26;2026-04-25;Dream Bowl Palace Unterföhring;tournament;Südbayerische Meisterschaft;1;Vorlauf;Peter Faßold;25390;;4;150;0
25/26;2026-04-25;Dream Bowl Palace Unterföhring;tournament;Südbayerische Meisterschaft;1;Vorlauf;Peter Faßold;25390;;5;121;0
25/26;2026-04-25;Dream Bowl Palace Unterföhring;tournament;Südbayerische Meisterschaft;1;Vorlauf;Thomas Vogt;10903;;0;169;0
25/26;2026-04-25;Dream Bowl Palace Unterföhring;tournament;Südbayerische Meisterschaft;1;Vorlauf;Thomas Vogt;10903;;1;126;0
25/26;2026-04-25;Dream Bowl Palace Unterföhring;tournament;Südbayerische Meisterschaft;1;Vorlauf;Thomas Vogt;10903;;2;100;0
25/26;2026-04-25;Dream Bowl Palace Unterföhring;tournament;Südbayerische Meisterschaft;1;Vorlauf;Thomas Vogt;10903;;3;119;0
25/26;2026-04-25;Dream Bowl Palace Unterföhring;tournament;Südbayerische Meisterschaft;1;Vorlauf;Thomas Vogt;10903;;4;105;0
25/26;2026-04-25;Dream Bowl Palace Unterföhring;tournament;Südbayerische Meisterschaft;1;Vorlauf;Thomas Vogt;10903;;5;113;0
25/26;2026-04-25;Dream Bowl Palace Unterföhring;tournament;Südbayerische Meisterschaft;1;Vorlauf;Daniel Horbas;7341;;0;156;0
25/26;2026-04-25;Dream Bowl Palace Unterföhring;tournament;Südbayerische Meisterschaft;1;Vorlauf;Daniel Horbas;7341;;1;148;0
25/26;2026-04-25;Dream Bowl Palace Unterföhring;tournament;Südbayerische Meisterschaft;1;Vorlauf;Daniel Horbas;7341;;2;195;0
25/26;2026-04-25;Dream Bowl Palace Unterföhring;tournament;Südbayerische Meisterschaft;1;Vorlauf;Daniel Horbas;7341;;3;171;0
