Season;Date;Location;Event Type;Event Name;Round Number;Round Name;Player;Player ID;Club;Game Number;Score;Handicap;Cumulative Score;Stage Rank;Cut Line;Overall Cumulative Score
24/25;2024-09-18;Pantheon Lanes;tournament;Mythic Legends Invitational;1;Qualifying;Zeus;139274;Greek Myth - Olympians;0;192;0;192;23;169;192
24/25;2024-09-18;Pantheon Lanes;tournament;Mythic Legends Invitational;1;Qualifying;Athena;142739;Greek Myth - Olympians;0;201;0;201;15;169;201
24/25;2024-09-18;Pantheon Lanes;tournament;Mythic Legends Invitational;1;Qualifying;Apollo;176933;Greek Myth - Olympians;0;203;0;203;14;169;203
24/25;2024-09-18;Pantheon Lanes;tournament;Mythic Legends Invitational;1;Qualifying;Artemis;103046;Greek Myth - Olympians;0;176;0;176;37;169;176
24/25;2024-09-18;Pantheon Lanes;tournament;Mythic Legends Invitational;1;Qualifying;Cronus;174393;Greek Myth - Titans & Primordials;0;225;0;225;3;169;225
24/25;2024-09-18;Pantheon Lanes;tournament;Mythic Legends Invitational;1;Qualifying;Rhea;104221;Greek Myth - Titans & Primordials;0;178;0;178;36;169;178
24/25;2024-09-18;Pantheon Lanes;tournament;Mythic Legends Invitational;1;Qualifying;Atlas;118236;Greek Myth - Titans & Primordials;0;194;0;194;19;169;194
24/25;2024-09-18;Pantheon Lanes;tournament;Mythic Legends Invitational;1;Qualifying;Hyperion;120144;Greek Myth - Titans & Primordials;0;164;0;164;45;169;164
24/25;2024-09-18;Pantheon Lanes;tournament;Mythic Legends Invitational;1;Qualifying;Ra;143286;Egyptian Myth - Solar Court;0;198;0;198;18;169;198
24/25;2024-09-18;Pantheon Lanes;tournament;Mythic Legends Invitational;1;Qualifying;Horus;174473;Egyptian Myth - Solar Court;0;212;0;212;8;169;212
24/25;2024-09-18;Pantheon Lanes;tournament;Mythic Legends Invitational;1;Qualifying;Bastet;182554;Egyptian Myth - Solar Court;0;215;0;215;5;169;215
24/25;2024-09-18;Pantheon Lanes;tournament;Mythic Legends Invitational;1;Qualifying;Thoth;179036;Egyptian Myth - Solar Court;0;150;0;150;48;169;150
24/25;2024-09-18;Pantheon Lanes;tournament;Mythic Legends Invitational;1;Qualifying;Osiris;179670;Egyptian Myth - Underworld Powers;0;192;0;192;22;169;192
24/25;2024-09-18;Pantheon Lanes;tournament;Mythic Legends Invitational;1;Qualifying;Anubis;175219;Egyptian Myth - Underworld Powers;0;204;0;204;12;169;204
24/25;2024-09-18;Pantheon Lanes;tournament;Mythic Legends Invitational;1;Qualifying;Set;151234;Egyptian Myth - Underworld Powers;0;173;0;173;38;169;173
24/25;2024-09-18;Pantheon Lanes;tournament;Mythic Legends Invitational;1;Qualifying;Sekhmet;149980;Egyptian Myth - Underworld Powers;0;166;0;166;44;169;166
24/25;2024-09-18;Pantheon Lanes;tournament;Mythic Legends Invitational;1;Qualifying;Odin;126765;Norse Myth - Aesir;0;215;0;215;6;169;215
24/25;2024-09-18;Pantheon Lanes;tournament;Mythic Legends Invitational;1;Qualifying;Thor;151201;Norse Myth - Aesir;0;206;0;206;11;169;206
24/25;2024-09-18;Pantheon Lanes;tournament;Mythic Legends Invitational;1;Qualifying;Tyr;108350;Norse Myth - Aesir;0;169;0;169;40;169;169
24/25;2024-09-18;Pantheon Lanes;tournament;Mythic Legends Invitational;1;Qualifying;Frigg;170056;Norse Myth - Aesir;0;194;0;194;21;169;194
24/25;2024-09-18;Pantheon Lanes;tournament;Mythic Legends Invitational;1;Qualifying;Loki;150650;Norse Myth - Giants & Tricksters;0;224;0;224;4;169;224
24/25;2024-09-18;Pantheon Lanes;tournament;Mythic Legends Invitational;1;Qualifying;Hel;124685;Norse Myth - Giants & Tricksters;0;188;0;188;24;169;188
24/25;2024-09-18;Pantheon Lanes;tournament;Mythic Legends Invitational;1;Qualifying;Fenrir;162230;Norse Myth - Giants & Tricksters;0;184;0;184;27;169;184
24/25;2024-09-18;Pantheon Lanes;tournament;Mythic Legends Invitational;1;Qualifying;Jormungandr;114239;Norse Myth - Giants & Tricksters;0;172;0;172;39;169;172
24/25;2024-09-18;Pantheon Lanes;tournament;Mythic Legends Invitational;1;Qualifying;The Dagda;143101;Celtic Myth - Tuatha De Danann;0;229;0;229;1;169;229
24/25;2024-09-18;Pantheon Lanes;tournament;Mythic Legends Invitational;1;Qualifying;Lugh;174647;Celtic Myth - Tuatha De Danann;0;226;0;226;2;169;226
24/25;2024-09-18;Pantheon Lanes;tournament;Mythic Legends Invitational;1;Qualifying;Brigid;159183;Celtic Myth - Tuatha De Danann;0;163;0;163;46;169;163
24/25;2024-09-18;Pantheon Lanes;tournament;Mythic Legends Invitational;1;Qualifying;Nuada;183755;Celtic Myth - Tuatha De Danann;0;167;0;167;43;169;167
24/25;2024-09-18;Pantheon Lanes;tournament;Mythic Legends Invitational;1;Qualifying;Balor;139930;Celtic Myth - Fomorians;0;204;0;204;13;169;204
24/25;2024-09-18;Pantheon Lanes;tournament;Mythic Legends Invitational;1;Qualifying;Bres;112221;Celtic Myth - Fomorians;0;194;0;194;20;169;194
24/25;2024-09-18;Pantheon Lanes;tournament;Mythic Legends Invitational;1;Qualifying;Elatha;122468;Celtic Myth - Fomorians;0;168;0;168;41;169;168
24/25;2024-09-18;Pantheon Lanes;tournament;Mythic Legends Invitational;1;Qualifying;Tethra;113672;Celtic Myth - Fomorians;0;186;0;186;26;169;186
24/25;2024-09-18;Pantheon Lanes;tournament;Mythic Legends Invitational;1;Qualifying;Marduk;188458;Mesopotamian Myth - Sky Kings;0;213;0;213;7;169;213
24/25;2024-09-18;Pantheon Lanes;tournament;Mythic Legends Invitational;1;Qualifying;Ishtar;172470;Mesopotamian Myth - Sky Kings;0;178;0;178;35;169;178
24/25;2024-09-18;Pantheon Lanes;tournament;Mythic Legends Invitational;1;Qualifying;Shamash;123283;Mesopotamian Myth - Sky Kings;0;181;0;181;33;169;181
24/25;2024-09-18;Pantheon Lanes;tournament;Mythic Legends Invitational;1;Qualifying;Nanna;104202;Mesopotamian Myth - Sky Kings;0;184;0;184;29;169;184
24/25;2024-09-18;Pantheon Lanes;tournament;Mythic Legends Invitational;1;Qualifying;Tiamat;190311;Mesopotamian Myth - Chaos Ancients;0;208;0;208;10;169;208
24/25;2024-09-18;Pantheon Lanes;tournament;Mythic Legends Invitational;1;Qualifying;Kingu;179084;Mesopotamian Myth - Chaos Ancients;0;184;0;184;28;169;184
24/25;2024-09-18;Pantheon Lanes;tournament;Mythic Legends Invitational;1;Qualifying;Nergal;164043;Mesopotamian Myth - Chaos Ancients;0;184;0;184;30;169;184
24/25;2024-09-18;Pantheon Lanes;tournament;Mythic Legends Invitational;1;Qualifying;Ereshkigal;103517;Mesopotamian Myth - Chaos Ancients;0;168;0;168;42;169;168
24/25;2024-09-18;Pantheon Lanes;tournament;Mythic Legends Invitational;1;Qualifying;Indra;124470;Hindu Myth - Devas;0;209;0;209;9;169;209
24/25;2024-09-18;Pantheon Lanes;tournament;Mythic Legends Invitational;1;Qualifying;Vishnu;126083;Hindu Myth - Devas;0;199;0;199;17;169;199
24/25;2024-09-18;Pantheon Lanes;tournament;Mythic Legends Invitational;1;Qualifying;Shiva;109108;Hindu Myth - Devas;0;184;0;184;31;169;184
24/25;2024-09-18;Pantheon Lanes;tournament;Mythic Legends Invitational;1;Qualifying;Durga;150579;Hindu Myth - Devas;0;154;0;154;47;169;154
24/25;2024-09-18;Pantheon Lanes;tournament;Mythic Legends Invitational;1;Qualifying;Mahishasura;137200;Hindu Myth - Asuras;0;201;0;201;16;169;201
24/25;2024-09-18;Pantheon Lanes;tournament;Mythic Legends Invitational;1;Qualifying;Ravana;126986;Hindu Myth - Asuras;0;182;0;182;32;169;182
24/25;2024-09-18;Pantheon Lanes;tournament;Mythic Legends Invitational;1;Qualifying;Hiranyakashipu;130544;Hindu Myth - Asuras;0;187;0;187;25;169;187
24/25;2024-09-18;Pantheon Lanes;tournament;Mythic Legends Invitational;1;Qualifying;Vritra;138155;Hindu Myth - Asuras;0;179;0;179;34;169;179
24/25;2024-09-18;Pantheon Lanes;tournament;Mythic Legends Invitational;1;Qualifying;Zeus;139274;Greek Myth - Olympians;1;224;0;416;10;334;416
24/25;2024-09-18;Pantheon Lanes;tournament;Mythic Legends Invitational;1;Qualifying;Athena;142739;Greek Myth - Olympians;1;200;0;401;16;334;401
24/25;2024-09-18;Pantheon Lanes;tournament;Mythic Legends Invitational;1;Qualifying;Apollo;176933;Greek Myth - Olympians;1;203;0;406;13;334;406
24/25;2024-09-18;Pantheon Lanes;tournament;Mythic Legends Invitational;1;Qualifying;Artemis;103046;Greek Myth - Olympians;1;178;0;354;37;334;354
24/25;2024-09-18;Pantheon Lanes;tournament;Mythic Legends Invitational;1;Qualifying;Cronus;174393;Greek Myth - Titans & Primordials;1;224;0;449;2;334;449
24/25;2024-09-18;Pantheon Lanes;tournament;Mythic Legends Invitational;1;Qualifying;Rhea;104221;Greek Myth - Titans & Primordials;1;185;0;363;35;334;363
24/25;2024-09-18;Pantheon Lanes;tournament;Mythic Legends Invitational;1;Qualifying;Atlas;118236;Greek Myth - Titans & Primordials;1;202;0;396;18;334;396
24/25;2024-09-18;Pantheon Lanes;tournament;Mythic Legends Invitational;1;Qualifying;Hyperion;120144;Greek Myth - Titans & Primordials;1;159;0;323;45;334;323
24/25;2024-09-18;Pantheon Lanes;tournament;Mythic Legends Invitational;1;Qualifying;Ra;143286;Egyptian Myth - Solar Court;1;177;0;375;28;334;375
24/25;2024-09-18;Pantheon Lanes;tournament;Mythic Legends Invitational;1;Qualifying;Horus;174473;Egyptian Myth - Solar Court;1;191;0;403;14;334;403
24/25;2024-09-18;Pantheon Lanes;tournament;Mythic Legends Invitational;1;Qualifying;Bastet;182554;Egyptian Myth - Solar Court;1;187;0;402;15;334;402
24/25;2024-09-18;Pantheon Lanes;tournament;Mythic Legends Invitational;1;Qualifying;Thoth;179036;Egyptian Myth - Solar Court;1;184;0;334;42;334;334
24/25;2024-09-18;Pantheon Lanes;tournament;Mythic Legends Invitational;1;Qualifying;Osiris;179670;Egyptian Myth - Underworld Powers;1;223;0;415;11;334;415
24/25;2024-09-18;Pantheon Lanes;tournament;Mythic Legends Invitational;1;Qualifying;Anubis;175219;Egyptian Myth - Underworld Powers;1;184;0;388;21;334;388
24/25;2024-09-18;Pantheon Lanes;tournament;Mythic Legends Invitational;1;Qualifying;Set;151234;Egyptian Myth - Underworld Powers;1;175;0;348;38;334;348
24/25;2024-09-18;Pantheon Lanes;tournament;Mythic Legends Invitational;1;Qualifying;Sekhmet;149980;Egyptian Myth - Underworld Powers;1;168;0;334;41;334;334
24/25;2024-09-18;Pantheon Lanes;tournament;Mythic Legends Invitational;1;Qualifying;Odin;126765;Norse Myth - Aesir;1;203;0;418;7;334;418
24/25;2024-09-18;Pantheon Lanes;tournament;Mythic Legends Invitational;1;Qualifying;Thor;151201;Norse Myth - Aesir;1;194;0;400;17;334;400
24/25;2024-09-18;Pantheon Lanes;tournament;Mythic Legends Invitational;1;Qualifying;Tyr;108350;Norse Myth - Aesir;1;161;0;330;43;334;330
24/25;2024-09-18;Pantheon Lanes;tournament;Mythic Legends Invitational;1;Qualifying;Frigg;170056;Norse Myth - Aesir;1;174;0;368;30;334;368
24/25;2024-09-18;Pantheon Lanes;tournament;Mythic Legends Invitational;1;Qualifying;Loki;150650;Norse Myth - Giants & Tricksters;1;200;0;424;6;334;424
24/25;2024-09-18;Pantheon Lanes;tournament;Mythic Legends Invitational;1;Qualifying;Hel;124685;Norse Myth - Giants & Tricksters;1;197;0;385;22;334;385
24/25;2024-09-18;Pantheon Lanes;tournament;Mythic Legends Invitational;1;Qualifying;Fenrir;162230;Norse Myth - Giants & Tricksters;1;178;0;362;36;334;362
24/25;2024-09-18;Pantheon Lanes;tournament;Mythic Legends Invitational;1;Qualifying;Jormungandr;114239;Norse Myth - Giants & Tricksters;1;155;0;327;44;334;327
24/25;2024-09-18;Pantheon Lanes;tournament;Mythic Legends Invitational;1;Qualifying;The Dagda;143101;Celtic Myth - Tuatha De Danann;1;231;0;460;1;334;460
24/25;2024-09-18;Pantheon Lanes;tournament;Mythic Legends Invitational;1;Qualifying;Lugh;174647;Celtic Myth - Tuatha De Danann;1;212;0;438;4;334;438
24/25;2024-09-18;Pantheon Lanes;tournament;Mythic Legends Invitational;1;Qualifying;Brigid;159183;Celtic Myth - Tuatha De Danann;1;145;0;308;48;334;308
24/25;2024-09-18;Pantheon Lanes;tournament;Mythic Legends Invitational;1;Qualifying;Nuada;183755;Celtic Myth - Tuatha De Danann;1;156;0;323;46;334;323
24/25;2024-09-18;Pantheon Lanes;tournament;Mythic Legends Invitational;1;Qualifying;Balor;139930;Celtic Myth - Fomorians;1;190;0;394;19;334;394
24/25;2024-09-18;Pantheon Lanes;tournament;Mythic Legends Invitational;1;Qualifying;Bres;112221;Celtic Myth - Fomorians;1;186;0;380;24;334;380
24/25;2024-09-18;Pantheon Lanes;tournament;Mythic Legends Invitational;1;Qualifying;Elatha;122468;Celtic Myth - Fomorians;1;166;0;334;40;334;334
24/25;2024-09-18;Pantheon Lanes;tournament;Mythic Legends Invitational;1;Qualifying;Tethra;113672;Celtic Myth - Fomorians;1;181;0;367;33;334;367
24/25;2024-09-18;Pantheon Lanes;tournament;Mythic Legends Invitational;1;Qualifying;Marduk;188458;Mesopotamian Myth - Sky Kings;1;227;0;440;3;334;440
24/25;2024-09-18;Pantheon Lanes;tournament;Mythic Legends Invitational;1;Qualifying;Ishtar;172470;Mesopotamian Myth - Sky Kings;1;198;0;376;27;334;376
24/25;2024-09-18;Pantheon Lanes;tournament;Mythic Legends Invitational;1;Qualifying;Shamash;123283;Mesopotamian Myth - Sky Kings;1;196;0;377;26;334;377
24/25;2024-09-18;Pantheon Lanes;tournament;Mythic Legends Invitational;1;Qualifying;Nanna;104202;Mesopotamian Myth - Sky Kings;1;183;0;367;32;334;367
24/25;2024-09-18;Pantheon Lanes;tournament;Mythic Legends Invitational;1;Qualifying;Tiamat;190311;Mesopotamian Myth - Chaos Ancients;1;230;0;438;5;334;438
24/25;2024-09-18;Pantheon Lanes;tournament;Mythic Legends Invitational;1;Qualifying;Kingu;179084;Mesopotamian Myth - Chaos Ancients;1;185;0;369;29;334;369
24/25;2024-09-18;Pantheon Lanes;tournament;Mythic Legends Invitational;1;Qualifying;Nergal;164043;Mesopotamian Myth - Chaos Ancients;1;180;0;364;34;334;364
24/25;2024-09-18;Pantheon Lanes;tournament;Mythic Legends Invitational;1;Qualifying;Ereshkigal;103517;Mesopotamian Myth - Chaos Ancients;1;170;0;338;39;334;338
24/25;2024-09-18;Pantheon Lanes;tournament;Mythic Legends Invitational;1;Qualifying;Indra;124470;Hindu Myth - Devas;1;207;0;416;8;334;416
24/25;2024-09-18;Pantheon Lanes;tournament;Mythic Legends Invitational;1;Qualifying;Vishnu;126083;Hindu Myth - Devas;1;209;0;408;12;334;408
24/25;2024-09-18;Pantheon Lanes;tournament;Mythic Legends Invitational;1;Qualifying;Shiva;109108;Hindu Myth - Devas;1;201;0;385;23;334;385
24/25;2024-09-18;Pantheon Lanes;tournament;Mythic Legends Invitational;1;Qualifying;Durga;150579;Hindu Myth - Devas;1;166;0;320;47;334;320
24/25;2024-09-18;Pantheon Lanes;tournament;Mythic Legends Invitational;1;Qualifying;Mahishasura;137200;Hindu Myth - Asuras;1;215;0;416;9;334;416
24/25;2024-09-18;Pantheon Lanes;tournament;Mythic Legends Invitational;1;Qualifying;Ravana;126986;Hindu Myth - Asuras;1;210;0;392;20;334;392
24/25;2024-09-18;Pantheon Lanes;tournament;Mythic Legends Invitational;1;Qualifying;Hiranyakashipu;130544;Hindu Myth - Asuras;1;181;0;368;31;334;368
24/25;2024-09-18;Pantheon Lanes;tournament;Mythic Legends Invitational;1;Qualifying;Vritra;138155;Hindu Myth - Asuras;1;200;0;379;25;334;379
24/25;2024-09-18;Pantheon Lanes;tournament;Mythic Legends Invitational;1;Qualifying;Zeus;139274;Greek Myth - Olympians;2;227;0;643;5;515;643
24/25;2024-09-18;Pantheon Lanes;tournament;Mythic Legends Invitational;1;Qualifying;Athena;142739;Greek Myth - Olympians;2;217;0;618;14;515;618
24/25;2024-09-18;Pantheon Lanes;tournament;Mythic Legends Invitational;1;Qualifying;Apollo;176933;Greek Myth - Olympians;2;195;0;601;19;515;601
24/25;2024-09-18;Pantheon Lanes;tournament;Mythic Legends Invitational;1;Qualifying;Artemis;103046;Greek Myth - Olympians;2;180;0;534;35;515;534
24/25;2024-09-18;Pantheon Lanes;tournament;Mythic Legends Invitational;1;Qualifying;Cronus;174393;Greek Myth - Titans & Primordials;2;200;0;649;3;515;649
24/25;2024-09-18;Pantheon Lanes;tournament;Mythic Legends Invitational;1;Qualifying;Rhea;104221;Greek Myth - Titans & Primordials;2;149;0;512;41;515;512
24/25;2024-09-18;Pantheon Lanes;tournament;Mythic Legends Invitational;1;Qualifying;Atlas;118236;Greek Myth - Titans & Primordials;2;188;0;584;25;515;584
24/25;2024-09-18;Pantheon Lanes;tournament;Mythic Legends Invitational;1;Qualifying;Hyperion;120144;Greek Myth - Titans & Primordials;2;177;0;500;45;515;500
24/25;2024-09-18;Pantheon Lanes;tournament;Mythic Legends Invitational;1;Qualifying;Ra;143286;Egyptian Myth - Solar Court;2;211;0;586;24;515;586
24/25;2024-09-18;Pantheon Lanes;tournament;Mythic Legends Invitational;1;Qualifying;Horus;174473;Egyptian Myth - Solar Court;2;226;0;629;9;515;629
24/25;2024-09-18;Pantheon Lanes;tournament;Mythic Legends Invitational;1;Qualifying;Bastet;182554;Egyptian Myth - Solar Court;2;202;0;604;17;515;604
24/25;2024-09-18;Pantheon Lanes;tournament;Mythic Legends Invitational;1;Qualifying;Thoth;179036;Egyptian Myth - Solar Court;2;181;0;515;40;515;515
24/25;2024-09-18;Pantheon Lanes;tournament;Mythic Legends Invitational;1;Qualifying;Osiris;179670;Egyptian Myth - Underworld Powers;2;211;0;626;11;515;626
24/25;2024-09-18;Pantheon Lanes;tournament;Mythic Legends Invitational;1;Qualifying;Anubis;175219;Egyptian Myth - Underworld Powers;2;215;0;603;18;515;603
24/25;2024-09-18;Pantheon Lanes;tournament;Mythic Legends Invitational;1;Qualifying;Set;151234;Egyptian Myth - Underworld Powers;2;168;0;516;39;515;516
24/25;2024-09-18;Pantheon Lanes;tournament;Mythic Legends Invitational;1;Qualifying;Sekhmet;149980;Egyptian Myth - Underworld Powers;2;158;0;492;46;515;492
24/25;2024-09-18;Pantheon Lanes;tournament;Mythic Legends Invitational;1;Qualifying;Odin;126765;Norse Myth - Aesir;2;243;0;661;2;515;661
24/25;2024-09-18;Pantheon Lanes;tournament;Mythic Legends Invitational;1;Qualifying;Thor;151201;Norse Myth - Aesir;2;191;0;591;23;515;591
24/25;2024-09-18;Pantheon Lanes;tournament;Mythic Legends Invitational;1;Qualifying;Tyr;108350;Norse Myth - Aesir;2;195;0;525;38;515;525
24/25;2024-09-18;Pantheon Lanes;tournament;Mythic Legends Invitational;1;Qualifying;Frigg;170056;Norse Myth - Aesir;2;162;0;530;36;515;530
24/25;2024-09-18;Pantheon Lanes;tournament;Mythic Legends Invitational;1;Qualifying;Loki;150650;Norse Myth - Giants & Tricksters;2;205;0;629;10;515;629
24/25;2024-09-18;Pantheon Lanes;tournament;Mythic Legends Invitational;1;Qualifying;Hel;124685;Norse Myth - Giants & Tricksters;2;194;0;579;26;515;579
24/25;2024-09-18;Pantheon Lanes;tournament;Mythic Legends Invitational;1;Qualifying;Fenrir;162230;Norse Myth - Giants & Tricksters;2;187;0;549;32;515;549
24/25;2024-09-18;Pantheon Lanes;tournament;Mythic Legends Invitational;1;Qualifying;Jormungandr;114239;Norse Myth - Giants & Tricksters;2;158;0;485;47;515;485
24/25;2024-09-18;Pantheon Lanes;tournament;Mythic Legends Invitational;1;Qualifying;The Dagda;143101;Celtic Myth - Tuatha De Danann;2;209;0;669;1;515;669
24/25;2024-09-18;Pantheon Lanes;tournament;Mythic Legends Invitational;1;Qualifying;Lugh;174647;Celtic Myth - Tuatha De Danann;2;194;0;632;7;515;632
24/25;2024-09-18;Pantheon Lanes;tournament;Mythic Legends Invitational;1;Qualifying;Brigid;159183;Celtic Myth - Tuatha De Danann;2;192;0;500;43;515;500
24/25;2024-09-18;Pantheon Lanes;tournament;Mythic Legends Invitational;1;Qualifying;Nuada;183755;Celtic Myth - Tuatha De Danann;2;162;0;485;48;515;485
24/25;2024-09-18;Pantheon Lanes;tournament;Mythic Legends Invitational;1;Qualifying;Balor;139930;Celtic Myth - Fomorians;2;212;0;606;16;515;606
24/25;2024-09-18;Pantheon Lanes;tournament;Mythic Legends Invitational;1;Qualifying;Bres;112221;Celtic Myth - Fomorians;2;211;0;591;22;515;591
24/25;2024-09-18;Pantheon Lanes;tournament;Mythic Legends Invitational;1;Qualifying;Elatha;122468;Celtic Myth - Fomorians;2;170;0;504;42;515;504
24/25;2024-09-18;Pantheon Lanes;tournament;Mythic Legends Invitational;1;Qualifying;Tethra;113672;Celtic Myth - Fomorians;2;158;0;525;37;515;525
24/25;2024-09-18;Pantheon Lanes;tournament;Mythic Legends Invitational;1;Qualifying;Marduk;188458;Mesopotamian Myth - Sky Kings;2;206;0;646;4;515;646
24/25;2024-09-18;Pantheon Lanes;tournament;Mythic Legends Invitational;1;Qualifying;Ishtar;172470;Mesopotamian Myth - Sky Kings;2;233;0;609;15;515;609
24/25;2024-09-18;Pantheon Lanes;tournament;Mythic Legends Invitational;1;Qualifying;Shamash;123283;Mesopotamian Myth - Sky Kings;2;175;0;552;31;515;552
24/25;2024-09-18;Pantheon Lanes;tournament;Mythic Legends Invitational;1;Qualifying;Nanna;104202;Mesopotamian Myth - Sky Kings;2;195;0;562;28;515;562
24/25;2024-09-18;Pantheon Lanes;tournament;Mythic Legends Invitational;1;Qualifying;Tiamat;190311;Mesopotamian Myth - Chaos Ancients;2;200;0;638;6;515;638
24/25;2024-09-18;Pantheon Lanes;tournament;Mythic Legends Invitational;1;Qualifying;Kingu;179084;Mesopotamian Myth - Chaos Ancients;2;185;0;554;30;515;554
24/25;2024-09-18;Pantheon Lanes;tournament;Mythic Legends Invitational;1;Qualifying;Nergal;164043;Mesopotamian Myth - Chaos Ancients;2;185;0;549;33;515;549
24/25;2024-09-18;Pantheon Lanes;tournament;Mythic Legends Invitational;1;Qualifying;Ereshkigal;103517;Mesopotamian Myth - Chaos Ancients;2;207;0;545;34;515;545
24/25;2024-09-18;Pantheon Lanes;tournament;Mythic Legends Invitational;1;Qualifying;Indra;124470;Hindu Myth - Devas;2;209;0;625;13;515;625
24/25;2024-09-18;Pantheon Lanes;tournament;Mythic Legends Invitational;1;Qualifying;Vishnu;126083;Hindu Myth - Devas;2;218;0;626;12;515;626
24/25;2024-09-18;Pantheon Lanes;tournament;Mythic Legends Invitational;1;Qualifying;Shiva;109108;Hindu Myth - Devas;2;211;0;596;21;515;596
24/25;2024-09-18;Pantheon Lanes;tournament;Mythic Legends Invitational;1;Qualifying;Durga;150579;Hindu Myth - Devas;2;180;0;500;44;515;500
24/25;2024-09-18;Pantheon Lanes;tournament;Mythic Legends Invitational;1;Qualifying;Mahishasura;137200;Hindu Myth - Asuras;2;216;0;632;8;515;632
24/25;2024-09-18;Pantheon Lanes;tournament;Mythic Legends Invitational;1;Qualifying;Ravana;126986;Hindu Myth - Asuras;2;207;0;599;20;515;599
24/25;2024-09-18;Pantheon Lanes;tournament;Mythic Legends Invitational;1;Qualifying;Hiranyakashipu;130544;Hindu Myth - Asuras;2;186;0;554;29;515;554
24/25;2024-09-18;Pantheon Lanes;tournament;Mythic Legends Invitational;1;Qualifying;Vritra;138155;Hindu Myth - Asuras;2;190;0;569;27;515;569
24/25;2024-09-18;Pantheon Lanes;tournament;Mythic Legends Invitational;1;Qualifying;Zeus;139274;Greek Myth - Olympians;3;229;0;872;4;690;872
24/25;2024-09-18;Pantheon Lanes;tournament;Mythic Legends Invitational;1;Qualifying;Athena;142739;Greek Myth - Olympians;3;223;0;841;11;690;841
24/25;2024-09-18;Pantheon Lanes;tournament;Mythic Legends Invitational;1;Qualifying;Apollo;176933;Greek Myth - Olympians;3;206;0;807;17;690;807
24/25;2024-09-18;Pantheon Lanes;tournament;Mythic Legends Invitational;1;Qualifying;Artemis;103046;Greek Myth - Olympians;3;188;0;722;34;690;722
24/25;2024-09-18;Pantheon Lanes;tournament;Mythic Legends Invitational;1;Qualifying;Cronus;174393;Greek Myth - Titans & Primordials;3;237;0;886;2;690;886
24/25;2024-09-18;Pantheon Lanes;tournament;Mythic Legends Invitational;1;Qualifying;Rhea;104221;Greek Myth - Titans & Primordials;3;168;0;680;42;690;680
24/25;2024-09-18;Pantheon Lanes;tournament;Mythic Legends Invitational;1;Qualifying;Atlas;118236;Greek Myth - Titans & Primordials;3;180;0;764;26;690;764
24/25;2024-09-18;Pantheon Lanes;tournament;Mythic Legends Invitational;1;Qualifying;Hyperion;120144;Greek Myth - Titans & Primordials;3;195;0;695;39;690;695
24/25;2024-09-18;Pantheon Lanes;tournament;Mythic Legends Invitational;1;Qualifying;Ra;143286;Egyptian Myth - Solar Court;3;213;0;799;21;690;799
24/25;2024-09-18;Pantheon Lanes;tournament;Mythic Legends Invitational;1;Qualifying;Horus;174473;Egyptian Myth - Solar Court;3;214;0;843;10;690;843
24/25;2024-09-18;Pantheon Lanes;tournament;Mythic Legends Invitational;1;Qualifying;Bastet;182554;Egyptian Myth - Solar Court;3;195;0;799;20;690;799
24/25;2024-09-18;Pantheon Lanes;tournament;Mythic Legends Invitational;1;Qualifying;Thoth;179036;Egyptian Myth - Solar Court;3;175;0;690;40;690;690
24/25;2024-09-18;Pantheon Lanes;tournament;Mythic Legends Invitational;1;Qualifying;Osiris;179670;Egyptian Myth - Underworld Powers;3;195;0;821;16;690;821
24/25;2024-09-18;Pantheon Lanes;tournament;Mythic Legends Invitational;1;Qualifying;Anubis;175219;Egyptian Myth - Underworld Powers;3;198;0;801;19;690;801
24/25;2024-09-18;Pantheon Lanes;tournament;Mythic Legends Invitational;1;Qualifying;Set;151234;Egyptian Myth - Underworld Powers;3;162;0;678;43;690;678
24/25;2024-09-18;Pantheon Lanes;tournament;Mythic Legends Invitational;1;Qualifying;Sekhmet;149980;Egyptian Myth - Underworld Powers;3;172;0;664;45;690;664
24/25;2024-09-18;Pantheon Lanes;tournament;Mythic Legends Invitational;1;Qualifying;Odin;126765;Norse Myth - Aesir;3;221;0;882;3;690;882
24/25;2024-09-18;Pantheon Lanes;tournament;Mythic Legends Invitational;1;Qualifying;Thor;151201;Norse Myth - Aesir;3;213;0;804;18;690;804
24/25;2024-09-18;Pantheon Lanes;tournament;Mythic Legends Invitational;1;Qualifying;Tyr;108350;Norse Myth - Aesir;3;187;0;712;35;690;712
24/25;2024-09-18;Pantheon Lanes;tournament;Mythic Legends Invitational;1;Qualifying;Frigg;170056;Norse Myth - Aesir;3;177;0;707;37;690;707
24/25;2024-09-18;Pantheon Lanes;tournament;Mythic Legends Invitational;1;Qualifying;Loki;150650;Norse Myth - Giants & Tricksters;3;231;0;860;5;690;860
24/25;2024-09-18;Pantheon Lanes;tournament;Mythic Legends Invitational;1;Qualifying;Hel;124685;Norse Myth - Giants & Tricksters;3;207;0;786;23;690;786
24/25;2024-09-18;Pantheon Lanes;tournament;Mythic Legends Invitational;1;Qualifying;Fenrir;162230;Norse Myth - Giants & Tricksters;3;193;0;742;31;690;742
24/25;2024-09-18;Pantheon Lanes;tournament;Mythic Legends Invitational;1;Qualifying;Jormungandr;114239;Norse Myth - Giants & Tricksters;3;159;0;644;48;690;644
24/25;2024-09-18;Pantheon Lanes;tournament;Mythic Legends Invitational;1;Qualifying;The Dagda;143101;Celtic Myth - Tuatha De Danann;3;226;0;895;1;690;895
24/25;2024-09-18;Pantheon Lanes;tournament;Mythic Legends Invitational;1;Qualifying;Lugh;174647;Celtic Myth - Tuatha De Danann;3;199;0;831;13;690;831
24/25;2024-09-18;Pantheon Lanes;tournament;Mythic Legends Invitational;1;Qualifying;Brigid;159183;Celtic Myth - Tuatha De Danann;3;149;0;649;46;690;649
24/25;2024-09-18;Pantheon Lanes;tournament;Mythic Legends Invitational;1;Qualifying;Nuada;183755;Celtic Myth - Tuatha De Danann;3;162;0;647;47;690;647
24/25;2024-09-18;Pantheon Lanes;tournament;Mythic Legends Invitational;1;Qualifying;Balor;139930;Celtic Myth - Fomorians;3;215;0;821;15;690;821
24/25;2024-09-18;Pantheon Lanes;tournament;Mythic Legends Invitational;1;Qualifying;Bres;112221;Celtic Myth - Fomorians;3;195;0;786;22;690;786
24/25;2024-09-18;Pantheon Lanes;tournament;Mythic Legends Invitational;1;Qualifying;Elatha;122468;Celtic Myth - Fomorians;3;199;0;703;38;690;703
24/25;2024-09-18;Pantheon Lanes;tournament;Mythic Legends Invitational;1;Qualifying;Tethra;113672;Celtic Myth - Fomorians;3;184;0;709;36;690;709
24/25;2024-09-18;Pantheon Lanes;tournament;Mythic Legends Invitational;1;Qualifying;Marduk;188458;Mesopotamian Myth - Sky Kings;3;200;0;846;9;690;846
24/25;2024-09-18;Pantheon Lanes;tournament;Mythic Legends Invitational;1;Qualifying;Ishtar;172470;Mesopotamian Myth - Sky Kings;3;223;0;832;12;690;832
24/25;2024-09-18;Pantheon Lanes;tournament;Mythic Legends Invitational;1;Qualifying;Shamash;123283;Mesopotamian Myth - Sky Kings;3;174;0;726;33;690;726
24/25;2024-09-18;Pantheon Lanes;tournament;Mythic Legends Invitational;1;Qualifying;Nanna;104202;Mesopotamian Myth - Sky Kings;3;183;0;745;29;690;745
24/25;2024-09-18;Pantheon Lanes;tournament;Mythic Legends Invitational;1;Qualifying;Tiamat;190311;Mesopotamian Myth - Chaos Ancients;3;221;0;859;6;690;859
24/25;2024-09-18;Pantheon Lanes;tournament;Mythic Legends Invitational;1;Qualifying;Kingu;179084;Mesopotamian Myth - Chaos Ancients;3;189;0;743;30;690;743
24/25;2024-09-18;Pantheon Lanes;tournament;Mythic Legends Invitational;1;Qualifying;Nergal;164043;Mesopotamian Myth - Chaos Ancients;3;186;0;735;32;690;735
24/25;2024-09-18;Pantheon Lanes;tournament;Mythic Legends Invitational;1;Qualifying;Ereshkigal;103517;Mesopotamian Myth - Chaos Ancients;3;143;0;688;41;690;688
24/25;2024-09-18;Pantheon Lanes;tournament;Mythic Legends Invitational;1;Qualifying;Indra;124470;Hindu Myth - Devas;3;225;0;850;7;690;850
24/25;2024-09-18;Pantheon Lanes;tournament;Mythic Legends Invitational;1;Qualifying;Vishnu;126083;Hindu Myth - Devas;3;222;0;848;8;690;848
24/25;2024-09-18;Pantheon Lanes;tournament;Mythic Legends Invitational;1;Qualifying;Shiva;109108;Hindu Myth - Devas;3;185;0;781;25;690;781
24/25;2024-09-18;Pantheon Lanes;tournament;Mythic Legends Invitational;1;Qualifying;Durga;150579;Hindu Myth - Devas;3;168;0;668;44;690;668
24/25;2024-09-18;Pantheon Lanes;tournament;Mythic Legends Invitational;1;Qualifying;Mahishasura;137200;Hindu Myth - Asuras;3;197;0;829;14;690;829
24/25;2024-09-18;Pantheon Lanes;tournament;Mythic Legends Invitational;1;Qualifying;Ravana;126986;Hindu Myth - Asuras;3;186;0;785;24;690;785
24/25;2024-09-18;Pantheon Lanes;tournament;Mythic Legends Invitational;1;Qualifying;Hiranyakashipu;130544;Hindu Myth - Asuras;3;191;0;745;28;690;745
24/25;2024-09-18;Pantheon Lanes;tournament;Mythic Legends Invitational;1;Qualifying;Vritra;138155;Hindu Myth - Asuras;3;192;0;761;27;690;761
24/25;2024-09-18;Pantheon Lanes;tournament;Mythic Legends Invitational;1;Qualifying;Zeus;139274;Greek Myth - Olympians;4;223;0;1095;3;879;1095
24/25;2024-09-18;Pantheon Lanes;tournament;Mythic Legends Invitational;1;Qualifying;Athena;142739;Greek Myth - Olympians;4;193;0;1034;12;879;1034
24/25;2024-09-18;Pantheon Lanes;tournament;Mythic Legends Invitational;1;Qualifying;Apollo;176933;Greek Myth - Olympians;4;177;0;984;22;879;984
24/25;2024-09-18;Pantheon Lanes;tournament;Mythic Legends Invitational;1;Qualifying;Artemis;103046;Greek Myth - Olympians;4;170;0;892;36;879;892
24/25;2024-09-18;Pantheon Lanes;tournament;Mythic Legends Invitational;1;Qualifying;Cronus;174393;Greek Myth - Titans & Primordials;4;207;0;1093;4;879;1093
24/25;2024-09-18;Pantheon Lanes;tournament;Mythic Legends Invitational;1;Qualifying;Rhea;104221;Greek Myth - Titans & Primordials;4;209;0;889;37;879;889
24/25;2024-09-18;Pantheon Lanes;tournament;Mythic Legends Invitational;1;Qualifying;Atlas;118236;Greek Myth - Titans & Primordials;4;218;0;982;23;879;982
24/25;2024-09-18;Pantheon Lanes;tournament;Mythic Legends Invitational;1;Qualifying;Hyperion;120144;Greek Myth - Titans & Primordials;4;217;0;912;34;879;912
24/25;2024-09-18;Pantheon Lanes;tournament;Mythic Legends Invitational;1;Qualifying;Ra;143286;Egyptian Myth - Solar Court;4;199;0;998;19;879;998
24/25;2024-09-18;Pantheon Lanes;tournament;Mythic Legends Invitational;1;Qualifying;Horus;174473;Egyptian Myth - Solar Court;4;189;0;1032;13;879;1032
24/25;2024-09-18;Pantheon Lanes;tournament;Mythic Legends Invitational;1;Qualifying;Bastet;182554;Egyptian Myth - Solar Court;4;186;0;985;21;879;985
24/25;2024-09-18;Pantheon Lanes;tournament;Mythic Legends Invitational;1;Qualifying;Thoth;179036;Egyptian Myth - Solar Court;4;147;0;837;44;879;837
24/25;2024-09-18;Pantheon Lanes;tournament;Mythic Legends Invitational;1;Qualifying;Osiris;179670;Egyptian Myth - Underworld Powers;4;187;0;1008;17;879;1008
24/25;2024-09-18;Pantheon Lanes;tournament;Mythic Legends Invitational;1;Qualifying;Anubis;175219;Egyptian Myth - Underworld Powers;4;215;0;1016;16;879;1016
24/25;2024-09-18;Pantheon Lanes;tournament;Mythic Legends Invitational;1;Qualifying;Set;151234;Egyptian Myth - Underworld Powers;4;175;0;853;42;879;853
24/25;2024-09-18;Pantheon Lanes;tournament;Mythic Legends Invitational;1;Qualifying;Sekhmet;149980;Egyptian Myth - Underworld Powers;4;175;0;839;43;879;839
24/25;2024-09-18;Pantheon Lanes;tournament;Mythic Legends Invitational;1;Qualifying;Odin;126765;Norse Myth - Aesir;4;238;0;1120;2;879;1120
24/25;2024-09-18;Pantheon Lanes;tournament;Mythic Legends Invitational;1;Qualifying;Thor;151201;Norse Myth - Aesir;4;197;0;1001;18;879;1001
24/25;2024-09-18;Pantheon Lanes;tournament;Mythic Legends Invitational;1;Qualifying;Tyr;108350;Norse Myth - Aesir;4;169;0;881;39;879;881
24/25;2024-09-18;Pantheon Lanes;tournament;Mythic Legends Invitational;1;Qualifying;Frigg;170056;Norse Myth - Aesir;4;186;0;893;35;879;893
24/25;2024-09-18;Pantheon Lanes;tournament;Mythic Legends Invitational;1;Qualifying;Loki;150650;Norse Myth - Giants & Tricksters;4;202;0;1062;7;879;1062
24/25;2024-09-18;Pantheon Lanes;tournament;Mythic Legends Invitational;1;Qualifying;Hel;124685;Norse Myth - Giants & Tricksters;4;184;0;970;24;879;970
24/25;2024-09-18;Pantheon Lanes;tournament;Mythic Legends Invitational;1;Qualifying;Fenrir;162230;Norse Myth - Giants & Tricksters;4;198;0;940;30;879;940
24/25;2024-09-18;Pantheon Lanes;tournament;Mythic Legends Invitational;1;Qualifying;Jormungandr;114239;Norse Myth - Giants & Tricksters;4;176;0;820;46;879;820
24/25;2024-09-18;Pantheon Lanes;tournament;Mythic Legends Invitational;1;Qualifying;The Dagda;143101;Celtic Myth - Tuatha De Danann;4;230;0;1125;1;879;1125
24/25;2024-09-18;Pantheon Lanes;tournament;Mythic Legends Invitational;1;Qualifying;Lugh;174647;Celtic Myth - Tuatha De Danann;4;204;0;1035;11;879;1035
24/25;2024-09-18;Pantheon Lanes;tournament;Mythic Legends Invitational;1;Qualifying;Brigid;159183;Celtic Myth - Tuatha De Danann;4;160;0;809;48;879;809
24/25;2024-09-18;Pantheon Lanes;tournament;Mythic Legends Invitational;1;Qualifying;Nuada;183755;Celtic Myth - Tuatha De Danann;4;169;0;816;47;879;816
24/25;2024-09-18;Pantheon Lanes;tournament;Mythic Legends Invitational;1;Qualifying;Balor;139930;Celtic Myth - Fomorians;4;206;0;1027;15;879;1027
24/25;2024-09-18;Pantheon Lanes;tournament;Mythic Legends Invitational;1;Qualifying;Bres;112221;Celtic Myth - Fomorians;4;202;0;988;20;879;988
24/25;2024-09-18;Pantheon Lanes;tournament;Mythic Legends Invitational;1;Qualifying;Elatha;122468;Celtic Myth - Fomorians;4;179;0;882;38;879;882
24/25;2024-09-18;Pantheon Lanes;tournament;Mythic Legends Invitational;1;Qualifying;Tethra;113672;Celtic Myth - Fomorians;4;158;0;867;41;879;867
24/25;2024-09-18;Pantheon Lanes;tournament;Mythic Legends Invitational;1;Qualifying;Marduk;188458;Mesopotamian Myth - Sky Kings;4;185;0;1031;14;879;1031
24/25;2024-09-18;Pantheon Lanes;tournament;Mythic Legends Invitational;1;Qualifying;Ishtar;172470;Mesopotamian Myth - Sky Kings;4;209;0;1041;10;879;1041
24/25;2024-09-18;Pantheon Lanes;tournament;Mythic Legends Invitational;1;Qualifying;Shamash;123283;Mesopotamian Myth - Sky Kings;4;206;0;932;31;879;932
24/25;2024-09-18;Pantheon Lanes;tournament;Mythic Legends Invitational;1;Qualifying;Nanna;104202;Mesopotamian Myth - Sky Kings;4;186;0;931;32;879;931
24/25;2024-09-18;Pantheon Lanes;tournament;Mythic Legends Invitational;1;Qualifying;Tiamat;190311;Mesopotamian Myth - Chaos Ancients;4;221;0;1080;5;879;1080
24/25;2024-09-18;Pantheon Lanes;tournament;Mythic Legends Invitational;1;Qualifying;Kingu;179084;Mesopotamian Myth - Chaos Ancients;4;198;0;941;29;879;941
24/25;2024-09-18;Pantheon Lanes;tournament;Mythic Legends Invitational;1;Qualifying;Nergal;164043;Mesopotamian Myth - Chaos Ancients;4;189;0;924;33;879;924
24/25;2024-09-18;Pantheon Lanes;tournament;Mythic Legends Invitational;1;Qualifying;Ereshkigal;103517;Mesopotamian Myth - Chaos Ancients;4;191;0;879;40;879;879
24/25;2024-09-18;Pantheon Lanes;tournament;Mythic Legends Invitational;1;Qualifying;Indra;124470;Hindu Myth - Devas;4;226;0;1076;6;879;1076
24/25;2024-09-18;Pantheon Lanes;tournament;Mythic Legends Invitational;1;Qualifying;Vishnu;126083;Hindu Myth - Devas;4;207;0;1055;9;879;1055
24/25;2024-09-18;Pantheon Lanes;tournament;Mythic Legends Invitational;1;Qualifying;Shiva;109108;Hindu Myth - Devas;4;188;0;969;25;879;969
24/25;2024-09-18;Pantheon Lanes;tournament;Mythic Legends Invitational;1;Qualifying;Durga;150579;Hindu Myth - Devas;4;161;0;829;45;879;829
24/25;2024-09-18;Pantheon Lanes;tournament;Mythic Legends Invitational;1;Qualifying;Mahishasura;137200;Hindu Myth - Asuras;4;231;0;1060;8;879;1060
24/25;2024-09-18;Pantheon Lanes;tournament;Mythic Legends Invitational;1;Qualifying;Ravana;126986;Hindu Myth - Asuras;4;183;0;968;26;879;968
24/25;2024-09-18;Pantheon Lanes;tournament;Mythic Legends Invitational;1;Qualifying;Hiranyakashipu;130544;Hindu Myth - Asuras;4;202;0;947;28;879;947
24/25;2024-09-18;Pantheon Lanes;tournament;Mythic Legends Invitational;1;Qualifying;Vritra;138155;Hindu Myth - Asuras;4;206;0;967;27;879;967
24/25;2024-09-18;Pantheon Lanes;tournament;Mythic Legends Invitational;1;Qualifying;Zeus;139274;Greek Myth - Olympians;5;206;0;1301;3;1049;1301
24/25;2024-09-18;Pantheon Lanes;tournament;Mythic Legends Invitational;1;Qualifying;Athena;142739;Greek Myth - Olympians;5;171;0;1205;18;1049;1205
24/25;2024-09-18;Pantheon Lanes;tournament;Mythic Legends Invitational;1;Qualifying;Apollo;176933;Greek Myth - Olympians;5;206;0;1190;21;1049;1190
24/25;2024-09-18;Pantheon Lanes;tournament;Mythic Legends Invitational;1;Qualifying;Artemis;103046;Greek Myth - Olympians;5;188;0;1080;35;1049;1080
24/25;2024-09-18;Pantheon Lanes;tournament;Mythic Legends Invitational;1;Qualifying;Cronus;174393;Greek Myth - Titans & Primordials;5;207;0;1300;4;1049;1300
24/25;2024-09-18;Pantheon Lanes;tournament;Mythic Legends Invitational;1;Qualifying;Rhea;104221;Greek Myth - Titans & Primordials;5;188;0;1077;36;1049;1077
24/25;2024-09-18;Pantheon Lanes;tournament;Mythic Legends Invitational;1;Qualifying;Atlas;118236;Greek Myth - Titans & Primordials;5;190;0;1172;24;1049;1172
24/25;2024-09-18;Pantheon Lanes;tournament;Mythic Legends Invitational;1;Qualifying;Hyperion;120144;Greek Myth - Titans & Primordials;5;180;0;1092;34;1049;1092
24/25;2024-09-18;Pantheon Lanes;tournament;Mythic Legends Invitational;1;Qualifying;Ra;143286;Egyptian Myth - Solar Court;5;218;0;1216;17;1049;1216
24/25;2024-09-18;Pantheon Lanes;tournament;Mythic Legends Invitational;1;Qualifying;Horus;174473;Egyptian Myth - Solar Court;5;196;0;1228;14;1049;1228
24/25;2024-09-18;Pantheon Lanes;tournament;Mythic Legends Invitational;1;Qualifying;Bastet;182554;Egyptian Myth - Solar Court;5;190;0;1175;22;1049;1175
24/25;2024-09-18;Pantheon Lanes;tournament;Mythic Legends Invitational;1;Qualifying;Thoth;179036;Egyptian Myth - Solar Court;5;176;0;1013;43;1049;1013
24/25;2024-09-18;Pantheon Lanes;tournament;Mythic Legends Invitational;1;Qualifying;Osiris;179670;Egyptian Myth - Underworld Powers;5;218;0;1226;15;1049;1226
24/25;2024-09-18;Pantheon Lanes;tournament;Mythic Legends Invitational;1;Qualifying;Anubis;175219;Egyptian Myth - Underworld Powers;5;203;0;1219;16;1049;1219
24/25;2024-09-18;Pantheon Lanes;tournament;Mythic Legends Invitational;1;Qualifying;Set;151234;Egyptian Myth - Underworld Powers;5;184;0;1037;41;1049;1037
24/25;2024-09-18;Pantheon Lanes;tournament;Mythic Legends Invitational;1;Qualifying;Sekhmet;149980;Egyptian Myth - Underworld Powers;5;166;0;1005;44;1049;1005
24/25;2024-09-18;Pantheon Lanes;tournament;Mythic Legends Invitational;1;Qualifying;Odin;126765;Norse Myth - Aesir;5;259;0;1379;1;1049;1379
24/25;2024-09-18;Pantheon Lanes;tournament;Mythic Legends Invitational;1;Qualifying;Thor;151201;Norse Myth - Aesir;5;201;0;1202;19;1049;1202
24/25;2024-09-18;Pantheon Lanes;tournament;Mythic Legends Invitational;1;Qualifying;Tyr;108350;Norse Myth - Aesir;5;190;0;1071;38;1049;1071
24/25;2024-09-18;Pantheon Lanes;tournament;Mythic Legends Invitational;1;Qualifying;Frigg;170056;Norse Myth - Aesir;5;182;0;1075;37;1049;1075
24/25;2024-09-18;Pantheon Lanes;tournament;Mythic Legends Invitational;1;Qualifying;Loki;150650;Norse Myth - Giants & Tricksters;5;197;0;1259;8;1049;1259
24/25;2024-09-18;Pantheon Lanes;tournament;Mythic Legends Invitational;1;Qualifying;Hel;124685;Norse Myth - Giants & Tricksters;5;196;0;1166;25;1049;1166
24/25;2024-09-18;Pantheon Lanes;tournament;Mythic Legends Invitational;1;Qualifying;Fenrir;162230;Norse Myth - Giants & Tricksters;5;166;0;1106;33;1049;1106
24/25;2024-09-18;Pantheon Lanes;tournament;Mythic Legends Invitational;1;Qualifying;Jormungandr;114239;Norse Myth - Giants & Tricksters;5;166;0;986;46;1049;986
24/25;2024-09-18;Pantheon Lanes;tournament;Mythic Legends Invitational;1;Qualifying;The Dagda;143101;Celtic Myth - Tuatha De Danann;5;221;0;1346;2;1049;1346
24/25;2024-09-18;Pantheon Lanes;tournament;Mythic Legends Invitational;1;Qualifying;Lugh;174647;Celtic Myth - Tuatha De Danann;5;224;0;1259;9;1049;1259
24/25;2024-09-18;Pantheon Lanes;tournament;Mythic Legends Invitational;1;Qualifying;Brigid;159183;Celtic Myth - Tuatha De Danann;5;191;0;1000;45;1049;1000
24/25;2024-09-18;Pantheon Lanes;tournament;Mythic Legends Invitational;1;Qualifying;Nuada;183755;Celtic Myth - Tuatha De Danann;5;169;0;985;47;1049;985
24/25;2024-09-18;Pantheon Lanes;tournament;Mythic Legends Invitational;1;Qualifying;Balor;139930;Celtic Myth - Fomorians;5;213;0;1240;12;1049;1240
24/25;2024-09-18;Pantheon Lanes;tournament;Mythic Legends Invitational;1;Qualifying;Bres;112221;Celtic Myth - Fomorians;5;207;0;1195;20;1049;1195
24/25;2024-09-18;Pantheon Lanes;tournament;Mythic Legends Invitational;1;Qualifying;Elatha;122468;Celtic Myth - Fomorians;5;167;0;1049;40;1049;1049
24/25;2024-09-18;Pantheon Lanes;tournament;Mythic Legends Invitational;1;Qualifying;Tethra;113672;Celtic Myth - Fomorians;5;162;0;1029;42;1049;1029
24/25;2024-09-18;Pantheon Lanes;tournament;Mythic Legends Invitational;1;Qualifying;Marduk;188458;Mesopotamian Myth - Sky Kings;5;222;0;1253;11;1049;1253
24/25;2024-09-18;Pantheon Lanes;tournament;Mythic Legends Invitational;1;Qualifying;Ishtar;172470;Mesopotamian Myth - Sky Kings;5;198;0;1239;13;1049;1239
24/25;2024-09-18;Pantheon Lanes;tournament;Mythic Legends Invitational;1;Qualifying;Shamash;123283;Mesopotamian Myth - Sky Kings;5;180;0;1112;32;1049;1112
24/25;2024-09-18;Pantheon Lanes;tournament;Mythic Legends Invitational;1;Qualifying;Nanna;104202;Mesopotamian Myth - Sky Kings;5;183;0;1114;31;1049;1114
24/25;2024-09-18;Pantheon Lanes;tournament;Mythic Legends Invitational;1;Qualifying;Tiamat;190311;Mesopotamian Myth - Chaos Ancients;5;211;0;1291;5;1049;1291
24/25;2024-09-18;Pantheon Lanes;tournament;Mythic Legends Invitational;1;Qualifying;Kingu;179084;Mesopotamian Myth - Chaos Ancients;5;185;0;1126;29;1049;1126
24/25;2024-09-18;Pantheon Lanes;tournament;Mythic Legends Invitational;1;Qualifying;Nergal;164043;Mesopotamian Myth - Chaos Ancients;5;193;0;1117;30;1049;1117
24/25;2024-09-18;Pantheon Lanes;tournament;Mythic Legends Invitational;1;Qualifying;Ereshkigal;103517;Mesopotamian Myth - Chaos Ancients;5;176;0;1055;39;1049;1055
24/25;2024-09-18;Pantheon Lanes;tournament;Mythic Legends Invitational;1;Qualifying;Indra;124470;Hindu Myth - Devas;5;214;0;1290;6;1049;1290
24/25;2024-09-18;Pantheon Lanes;tournament;Mythic Legends Invitational;1;Qualifying;Vishnu;126083;Hindu Myth - Devas;5;212;0;1267;7;1049;1267
24/25;2024-09-18;Pantheon Lanes;tournament;Mythic Legends Invitational;1;Qualifying;Shiva;109108;Hindu Myth - Devas;5;176;0;1145;27;1049;1145
24/25;2024-09-18;Pantheon Lanes;tournament;Mythic Legends Invitational;1;Qualifying;Durga;150579;Hindu Myth - Devas;5;141;0;970;48;1049;970
24/25;2024-09-18;Pantheon Lanes;tournament;Mythic Legends Invitational;1;Qualifying;Mahishasura;137200;Hindu Myth - Asuras;5;199;0;1259;10;1049;1259
24/25;2024-09-18;Pantheon Lanes;tournament;Mythic Legends Invitational;1;Qualifying;Ravana;126986;Hindu Myth - Asuras;5;206;0;1174;23;1049;1174
24/25;2024-09-18;Pantheon Lanes;tournament;Mythic Legends Invitational;1;Qualifying;Hiranyakashipu;130544;Hindu Myth - Asuras;5;205;0;1152;26;1049;1152
24/25;2024-09-18;Pantheon Lanes;tournament;Mythic Legends Invitational;1;Qualifying;Vritra;138155;Hindu Myth - Asuras;5;172;0;1139;28;1049;1139
24/25;2024-09-18;Pantheon Lanes;tournament;Mythic Legends Invitational;1;Qualifying;Zeus;139274;Greek Myth - Olympians;6;218;0;1519;4;1212;1519
24/25;2024-09-18;Pantheon Lanes;tournament;Mythic Legends Invitational;1;Qualifying;Athena;142739;Greek Myth - Olympians;6;198;0;1403;19;1212;1403
24/25;2024-09-18;Pantheon Lanes;tournament;Mythic Legends Invitational;1;Qualifying;Apollo;176933;Greek Myth - Olympians;6;191;0;1381;22;1212;1381
24/25;2024-09-18;Pantheon Lanes;tournament;Mythic Legends Invitational;1;Qualifying;Artemis;103046;Greek Myth - Olympians;6;176;0;1256;37;1212;1256
24/25;2024-09-18;Pantheon Lanes;tournament;Mythic Legends Invitational;1;Qualifying;Cronus;174393;Greek Myth - Titans & Primordials;6;218;0;1518;5;1212;1518
24/25;2024-09-18;Pantheon Lanes;tournament;Mythic Legends Invitational;1;Qualifying;Rhea;104221;Greek Myth - Titans & Primordials;6;193;0;1270;34;1212;1270
24/25;2024-09-18;Pantheon Lanes;tournament;Mythic Legends Invitational;1;Qualifying;Atlas;118236;Greek Myth - Titans & Primordials;6;194;0;1366;24;1212;1366
24/25;2024-09-18;Pantheon Lanes;tournament;Mythic Legends Invitational;1;Qualifying;Hyperion;120144;Greek Myth - Titans & Primordials;6;156;0;1248;38;1212;1248
24/25;2024-09-18;Pantheon Lanes;tournament;Mythic Legends Invitational;1;Qualifying;Ra;143286;Egyptian Myth - Solar Court;6;198;0;1414;18;1212;1414
24/25;2024-09-18;Pantheon Lanes;tournament;Mythic Legends Invitational;1;Qualifying;Horus;174473;Egyptian Myth - Solar Court;6;196;0;1424;17;1212;1424
24/25;2024-09-18;Pantheon Lanes;tournament;Mythic Legends Invitational;1;Qualifying;Bastet;182554;Egyptian Myth - Solar Court;6;192;0;1367;23;1212;1367
24/25;2024-09-18;Pantheon Lanes;tournament;Mythic Legends Invitational;1;Qualifying;Thoth;179036;Egyptian Myth - Solar Court;6;189;0;1202;42;1212;1202
24/25;2024-09-18;Pantheon Lanes;tournament;Mythic Legends Invitational;1;Qualifying;Osiris;179670;Egyptian Myth - Underworld Powers;6;223;0;1449;14;1212;1449
24/25;2024-09-18;Pantheon Lanes;tournament;Mythic Legends Invitational;1;Qualifying;Anubis;175219;Egyptian Myth - Underworld Powers;6;205;0;1424;16;1212;1424
24/25;2024-09-18;Pantheon Lanes;tournament;Mythic Legends Invitational;1;Qualifying;Set;151234;Egyptian Myth - Underworld Powers;6;165;0;1202;41;1212;1202
24/25;2024-09-18;Pantheon Lanes;tournament;Mythic Legends Invitational;1;Qualifying;Sekhmet;149980;Egyptian Myth - Underworld Powers;6;173;0;1178;45;1212;1178
24/25;2024-09-18;Pantheon Lanes;tournament;Mythic Legends Invitational;1;Qualifying;Odin;126765;Norse Myth - Aesir;6;216;0;1595;1;1212;1595
24/25;2024-09-18;Pantheon Lanes;tournament;Mythic Legends Invitational;1;Qualifying;Thor;151201;Norse Myth - Aesir;6;230;0;1432;15;1212;1432
24/25;2024-09-18;Pantheon Lanes;tournament;Mythic Legends Invitational;1;Qualifying;Tyr;108350;Norse Myth - Aesir;6;193;0;1264;36;1212;1264
24/25;2024-09-18;Pantheon Lanes;tournament;Mythic Legends Invitational;1;Qualifying;Frigg;170056;Norse Myth - Aesir;6;193;0;1268;35;1212;1268
24/25;2024-09-18;Pantheon Lanes;tournament;Mythic Legends Invitational;1;Qualifying;Loki;150650;Norse Myth - Giants & Tricksters;6;227;0;1486;8;1212;1486
24/25;2024-09-18;Pantheon Lanes;tournament;Mythic Legends Invitational;1;Qualifying;Hel;124685;Norse Myth - Giants & Tricksters;6;184;0;1350;25;1212;1350
24/25;2024-09-18;Pantheon Lanes;tournament;Mythic Legends Invitational;1;Qualifying;Fenrir;162230;Norse Myth - Giants & Tricksters;6;184;0;1290;32;1212;1290
24/25;2024-09-18;Pantheon Lanes;tournament;Mythic Legends Invitational;1;Qualifying;Jormungandr;114239;Norse Myth - Giants & Tricksters;6;165;0;1151;48;1212;1151
24/25;2024-09-18;Pantheon Lanes;tournament;Mythic Legends Invitational;1;Qualifying;The Dagda;143101;Celtic Myth - Tuatha De Danann;6;227;0;1573;2;1212;1573
24/25;2024-09-18;Pantheon Lanes;tournament;Mythic Legends Invitational;1;Qualifying;Lugh;174647;Celtic Myth - Tuatha De Danann;6;219;0;1478;10;1212;1478
24/25;2024-09-18;Pantheon Lanes;tournament;Mythic Legends Invitational;1;Qualifying;Brigid;159183;Celtic Myth - Tuatha De Danann;6;184;0;1184;44;1212;1184
24/25;2024-09-18;Pantheon Lanes;tournament;Mythic Legends Invitational;1;Qualifying;Nuada;183755;Celtic Myth - Tuatha De Danann;6;167;0;1152;47;1212;1152
24/25;2024-09-18;Pantheon Lanes;tournament;Mythic Legends Invitational;1;Qualifying;Balor;139930;Celtic Myth - Fomorians;6;210;0;1450;13;1212;1450
24/25;2024-09-18;Pantheon Lanes;tournament;Mythic Legends Invitational;1;Qualifying;Bres;112221;Celtic Myth - Fomorians;6;203;0;1398;20;1212;1398
24/25;2024-09-18;Pantheon Lanes;tournament;Mythic Legends Invitational;1;Qualifying;Elatha;122468;Celtic Myth - Fomorians;6;184;0;1233;39;1212;1233
24/25;2024-09-18;Pantheon Lanes;tournament;Mythic Legends Invitational;1;Qualifying;Tethra;113672;Celtic Myth - Fomorians;6;158;0;1187;43;1212;1187
24/25;2024-09-18;Pantheon Lanes;tournament;Mythic Legends Invitational;1;Qualifying;Marduk;188458;Mesopotamian Myth - Sky Kings;6;233;0;1486;9;1212;1486
24/25;2024-09-18;Pantheon Lanes;tournament;Mythic Legends Invitational;1;Qualifying;Ishtar;172470;Mesopotamian Myth - Sky Kings;6;235;0;1474;11;1212;1474
24/25;2024-09-18;Pantheon Lanes;tournament;Mythic Legends Invitational;1;Qualifying;Shamash;123283;Mesopotamian Myth - Sky Kings;6;171;0;1283;33;1212;1283
24/25;2024-09-18;Pantheon Lanes;tournament;Mythic Legends Invitational;1;Qualifying;Nanna;104202;Mesopotamian Myth - Sky Kings;6;186;0;1300;31;1212;1300
24/25;2024-09-18;Pantheon Lanes;tournament;Mythic Legends Invitational;1;Qualifying;Tiamat;190311;Mesopotamian Myth - Chaos Ancients;6;218;0;1509;6;1212;1509
24/25;2024-09-18;Pantheon Lanes;tournament;Mythic Legends Invitational;1;Qualifying;Kingu;179084;Mesopotamian Myth - Chaos Ancients;6;207;0;1333;28;1212;1333
24/25;2024-09-18;Pantheon Lanes;tournament;Mythic Legends Invitational;1;Qualifying;Nergal;164043;Mesopotamian Myth - Chaos Ancients;6;188;0;1305;30;1212;1305
24/25;2024-09-18;Pantheon Lanes;tournament;Mythic Legends Invitational;1;Qualifying;Ereshkigal;103517;Mesopotamian Myth - Chaos Ancients;6;157;0;1212;40;1212;1212
24/25;2024-09-18;Pantheon Lanes;tournament;Mythic Legends Invitational;1;Qualifying;Indra;124470;Hindu Myth - Devas;6;230;0;1520;3;1212;1520
24/25;2024-09-18;Pantheon Lanes;tournament;Mythic Legends Invitational;1;Qualifying;Vishnu;126083;Hindu Myth - Devas;6;207;0;1474;12;1212;1474
24/25;2024-09-18;Pantheon Lanes;tournament;Mythic Legends Invitational;1;Qualifying;Shiva;109108;Hindu Myth - Devas;6;203;0;1348;27;1212;1348
24/25;2024-09-18;Pantheon Lanes;tournament;Mythic Legends Invitational;1;Qualifying;Durga;150579;Hindu Myth - Devas;6;191;0;1161;46;1212;1161
24/25;2024-09-18;Pantheon Lanes;tournament;Mythic Legends Invitational;1;Qualifying;Mahishasura;137200;Hindu Myth - Asuras;6;235;0;1494;7;1212;1494
24/25;2024-09-18;Pantheon Lanes;tournament;Mythic Legends Invitational;1;Qualifying;Ravana;126986;Hindu Myth - Asuras;6;223;0;1397;21;1212;1397
24/25;2024-09-18;Pantheon Lanes;tournament;Mythic Legends Invitational;1;Qualifying;Hiranyakashipu;130544;Hindu Myth - Asuras;6;196;0;1348;26;1212;1348
24/25;2024-09-18;Pantheon Lanes;tournament;Mythic Legends Invitational;1;Qualifying;Vritra;138155;Hindu Myth - Asuras;6;180;0;1319;29;1212;1319
24/25;2024-09-18;Pantheon Lanes;tournament;Mythic Legends Invitational;1;Qualifying;Zeus;139274;Greek Myth - Olympians;7;211;0;1730;6;1405;1730
24/25;2024-09-18;Pantheon Lanes;tournament;Mythic Legends Invitational;1;Qualifying;Athena;142739;Greek Myth - Olympians;7;167;0;1570;22;1405;1570
24/25;2024-09-18;Pantheon Lanes;tournament;Mythic Legends Invitational;1;Qualifying;Apollo;176933;Greek Myth - Olympians;7;216;0;1597;20;1405;1597
24/25;2024-09-18;Pantheon Lanes;tournament;Mythic Legends Invitational;1;Qualifying;Artemis;103046;Greek Myth - Olympians;7;180;0;1436;37;1405;1436
24/25;2024-09-18;Pantheon Lanes;tournament;Mythic Legends Invitational;1;Qualifying;Cronus;174393;Greek Myth - Titans & Primordials;7;232;0;1750;3;1405;1750
24/25;2024-09-18;Pantheon Lanes;tournament;Mythic Legends Invitational;1;Qualifying;Rhea;104221;Greek Myth - Titans & Primordials;7;194;0;1464;33;1405;1464
24/25;2024-09-18;Pantheon Lanes;tournament;Mythic Legends Invitational;1;Qualifying;Atlas;118236;Greek Myth - Titans & Primordials;7;193;0;1559;24;1405;1559
24/25;2024-09-18;Pantheon Lanes;tournament;Mythic Legends Invitational;1;Qualifying;Hyperion;120144;Greek Myth - Titans & Primordials;7;165;0;1413;39;1405;1413
24/25;2024-09-18;Pantheon Lanes;tournament;Mythic Legends Invitational;1;Qualifying;Ra;143286;Egyptian Myth - Solar Court;7;182;0;1596;21;1405;1596
24/25;2024-09-18;Pantheon Lanes;tournament;Mythic Legends Invitational;1;Qualifying;Horus;174473;Egyptian Myth - Solar Court;7;220;0;1644;14;1405;1644
24/25;2024-09-18;Pantheon Lanes;tournament;Mythic Legends Invitational;1;Qualifying;Bastet;182554;Egyptian Myth - Solar Court;7;197;0;1564;23;1405;1564
24/25;2024-09-18;Pantheon Lanes;tournament;Mythic Legends Invitational;1;Qualifying;Thoth;179036;Egyptian Myth - Solar Court;7;177;0;1379;43;1405;1379
24/25;2024-09-18;Pantheon Lanes;tournament;Mythic Legends Invitational;1;Qualifying;Osiris;179670;Egyptian Myth - Underworld Powers;7;190;0;1639;15;1405;1639
24/25;2024-09-18;Pantheon Lanes;tournament;Mythic Legends Invitational;1;Qualifying;Anubis;175219;Egyptian Myth - Underworld Powers;7;209;0;1633;16;1405;1633
24/25;2024-09-18;Pantheon Lanes;tournament;Mythic Legends Invitational;1;Qualifying;Set;151234;Egyptian Myth - Underworld Powers;7;188;0;1390;41;1405;1390
24/25;2024-09-18;Pantheon Lanes;tournament;Mythic Legends Invitational;1;Qualifying;Sekhmet;149980;Egyptian Myth - Underworld Powers;7;169;0;1347;46;1405;1347
24/25;2024-09-18;Pantheon Lanes;tournament;Mythic Legends Invitational;1;Qualifying;Odin;126765;Norse Myth - Aesir;7;202;0;1797;2;1405;1797
24/25;2024-09-18;Pantheon Lanes;tournament;Mythic Legends Invitational;1;Qualifying;Thor;151201;Norse Myth - Aesir;7;184;0;1616;18;1405;1616
24/25;2024-09-18;Pantheon Lanes;tournament;Mythic Legends Invitational;1;Qualifying;Tyr;108350;Norse Myth - Aesir;7;176;0;1440;36;1405;1440
24/25;2024-09-18;Pantheon Lanes;tournament;Mythic Legends Invitational;1;Qualifying;Frigg;170056;Norse Myth - Aesir;7;172;0;1440;35;1405;1440
24/25;2024-09-18;Pantheon Lanes;tournament;Mythic Legends Invitational;1;Qualifying;Loki;150650;Norse Myth - Giants & Tricksters;7;203;0;1689;9;1405;1689
24/25;2024-09-18;Pantheon Lanes;tournament;Mythic Legends Invitational;1;Qualifying;Hel;124685;Norse Myth - Giants & Tricksters;7;186;0;1536;26;1405;1536
24/25;2024-09-18;Pantheon Lanes;tournament;Mythic Legends Invitational;1;Qualifying;Fenrir;162230;Norse Myth - Giants & Tricksters;7;186;0;1476;32;1405;1476
24/25;2024-09-18;Pantheon Lanes;tournament;Mythic Legends Invitational;1;Qualifying;Jormungandr;114239;Norse Myth - Giants & Tricksters;7;142;0;1293;48;1405;1293
24/25;2024-09-18;Pantheon Lanes;tournament;Mythic Legends Invitational;1;Qualifying;The Dagda;143101;Celtic Myth - Tuatha De Danann;7;234;0;1807;1;1405;1807
24/25;2024-09-18;Pantheon Lanes;tournament;Mythic Legends Invitational;1;Qualifying;Lugh;174647;Celtic Myth - Tuatha De Danann;7;204;0;1682;11;1405;1682
24/25;2024-09-18;Pantheon Lanes;tournament;Mythic Legends Invitational;1;Qualifying;Brigid;159183;Celtic Myth - Tuatha De Danann;7;202;0;1386;42;1405;1386
24/25;2024-09-18;Pantheon Lanes;tournament;Mythic Legends Invitational;1;Qualifying;Nuada;183755;Celtic Myth - Tuatha De Danann;7;169;0;1321;47;1405;1321
24/25;2024-09-18;Pantheon Lanes;tournament;Mythic Legends Invitational;1;Qualifying;Balor;139930;Celtic Myth - Fomorians;7;219;0;1669;12;1405;1669
24/25;2024-09-18;Pantheon Lanes;tournament;Mythic Legends Invitational;1;Qualifying;Bres;112221;Celtic Myth - Fomorians;7;204;0;1602;19;1405;1602
24/25;2024-09-18;Pantheon Lanes;tournament;Mythic Legends Invitational;1;Qualifying;Elatha;122468;Celtic Myth - Fomorians;7;189;0;1422;38;1405;1422
24/25;2024-09-18;Pantheon Lanes;tournament;Mythic Legends Invitational;1;Qualifying;Tethra;113672;Celtic Myth - Fomorians;7;166;0;1353;45;1405;1353
24/25;2024-09-18;Pantheon Lanes;tournament;Mythic Legends Invitational;1;Qualifying;Marduk;188458;Mesopotamian Myth - Sky Kings;7;177;0;1663;13;1405;1663
24/25;2024-09-18;Pantheon Lanes;tournament;Mythic Legends Invitational;1;Qualifying;Ishtar;172470;Mesopotamian Myth - Sky Kings;7;229;0;1703;8;1405;1703
24/25;2024-09-18;Pantheon Lanes;tournament;Mythic Legends Invitational;1;Qualifying;Shamash;123283;Mesopotamian Myth - Sky Kings;7;177;0;1460;34;1405;1460
24/25;2024-09-18;Pantheon Lanes;tournament;Mythic Legends Invitational;1;Qualifying;Nanna;104202;Mesopotamian Myth - Sky Kings;7;196;0;1496;31;1405;1496
24/25;2024-09-18;Pantheon Lanes;tournament;Mythic Legends Invitational;1;Qualifying;Tiamat;190311;Mesopotamian Myth - Chaos Ancients;7;226;0;1735;5;1405;1735
24/25;2024-09-18;Pantheon Lanes;tournament;Mythic Legends Invitational;1;Qualifying;Kingu;179084;Mesopotamian Myth - Chaos Ancients;7;185;0;1518;28;1405;1518
24/25;2024-09-18;Pantheon Lanes;tournament;Mythic Legends Invitational;1;Qualifying;Nergal;164043;Mesopotamian Myth - Chaos Ancients;7;196;0;1501;30;1405;1501
24/25;2024-09-18;Pantheon Lanes;tournament;Mythic Legends Invitational;1;Qualifying;Ereshkigal;103517;Mesopotamian Myth - Chaos Ancients;7;193;0;1405;40;1405;1405
24/25;2024-09-18;Pantheon Lanes;tournament;Mythic Legends Invitational;1;Qualifying;Indra;124470;Hindu Myth - Devas;7;227;0;1747;4;1405;1747
24/25;2024-09-18;Pantheon Lanes;tournament;Mythic Legends Invitational;1;Qualifying;Vishnu;126083;Hindu Myth - Devas;7;210;0;1684;10;1405;1684
24/25;2024-09-18;Pantheon Lanes;tournament;Mythic Legends Invitational;1;Qualifying;Shiva;109108;Hindu Myth - Devas;7;165;0;1513;29;1405;1513
24/25;2024-09-18;Pantheon Lanes;tournament;Mythic Legends Invitational;1;Qualifying;Durga;150579;Hindu Myth - Devas;7;217;0;1378;44;1405;1378
24/25;2024-09-18;Pantheon Lanes;tournament;Mythic Legends Invitational;1;Qualifying;Mahishasura;137200;Hindu Myth - Asuras;7;211;0;1705;7;1405;1705
24/25;2024-09-18;Pantheon Lanes;tournament;Mythic Legends Invitational;1;Qualifying;Ravana;126986;Hindu Myth - Asuras;7;220;0;1617;17;1405;1617
24/25;2024-09-18;Pantheon Lanes;tournament;Mythic Legends Invitational;1;Qualifying;Hiranyakashipu;130544;Hindu Myth - Asuras;7;201;0;1549;25;1405;1549
24/25;2024-09-18;Pantheon Lanes;tournament;Mythic Legends Invitational;1;Qualifying;Vritra;138155;Hindu Myth - Asuras;7;200;0;1519;27;1405;1519
24/25;2024-09-19;Pantheon Lanes;tournament;Mythic Legends Invitational;2;Round 2;The Dagda;143101;Celtic Myth - Tuatha De Danann;0;221;0;221;5;200;2028
24/25;2024-09-19;Pantheon Lanes;tournament;Mythic Legends Invitational;2;Round 2;Odin;126765;Norse Myth - Aesir;0;220;0;220;6;200;2017
24/25;2024-09-19;Pantheon Lanes;tournament;Mythic Legends Invitational;2;Round 2;Cronus;174393;Greek Myth - Titans & Primordials;0;211;0;211;13;200;1961
24/25;2024-09-19;Pantheon Lanes;tournament;Mythic Legends Invitational;2;Round 2;Indra;124470;Hindu Myth - Devas;0;224;0;224;2;200;1971
24/25;2024-09-19;Pantheon Lanes;tournament;Mythic Legends Invitational;2;Round 2;Tiamat;190311;Mesopotamian Myth - Chaos Ancients;0;220;0;220;7;200;1955
24/25;2024-09-19;Pantheon Lanes;tournament;Mythic Legends Invitational;2;Round 2;Zeus;139274;Greek Myth - Olympians;0;215;0;215;10;200;1945
24/25;2024-09-19;Pantheon Lanes;tournament;Mythic Legends Invitational;2;Round 2;Mahishasura;137200;Hindu Myth - Asuras;0;208;0;208;14;200;1913
24/25;2024-09-19;Pantheon Lanes;tournament;Mythic Legends Invitational;2;Round 2;Ishtar;172470;Mesopotamian Myth - Sky Kings;0;185;0;185;27;200;1888
24/25;2024-09-19;Pantheon Lanes;tournament;Mythic Legends Invitational;2;Round 2;Loki;150650;Norse Myth - Giants & Tricksters;0;200;0;200;20;200;1889
24/25;2024-09-19;Pantheon Lanes;tournament;Mythic Legends Invitational;2;Round 2;Vishnu;126083;Hindu Myth - Devas;0;216;0;216;9;200;1900
24/25;2024-09-19;Pantheon Lanes;tournament;Mythic Legends Invitational;2;Round 2;Lugh;174647;Celtic Myth - Tuatha De Danann;0;205;0;205;16;200;1887
24/25;2024-09-19;Pantheon Lanes;tournament;Mythic Legends Invitational;2;Round 2;Balor;139930;Celtic Myth - Fomorians;0;230;0;230;1;200;1899
24/25;2024-09-19;Pantheon Lanes;tournament;Mythic Legends Invitational;2;Round 2;Marduk;188458;Mesopotamian Myth - Sky Kings;0;173;0;173;33;200;1836
24/25;2024-09-19;Pantheon Lanes;tournament;Mythic Legends Invitational;2;Round 2;Horus;174473;Egyptian Myth - Solar Court;0;158;0;158;38;200;1802
24/25;2024-09-19;Pantheon Lanes;tournament;Mythic Legends Invitational;2;Round 2;Osiris;179670;Egyptian Myth - Underworld Powers;0;204;0;204;17;200;1843
24/25;2024-09-19;Pantheon Lanes;tournament;Mythic Legends Invitational;2;Round 2;Anubis;175219;Egyptian Myth - Underworld Powers;0;213;0;213;11;200;1846
24/25;2024-09-19;Pantheon Lanes;tournament;Mythic Legends Invitational;2;Round 2;Ravana;126986;Hindu Myth - Asuras;0;179;0;179;32;200;1796
24/25;2024-09-19;Pantheon Lanes;tournament;Mythic Legends Invitational;2;Round 2;Thor;151201;Norse Myth - Aesir;0;198;0;198;21;200;1814
24/25;2024-09-19;Pantheon Lanes;tournament;Mythic Legends Invitational;2;Round 2;Bres;112221;Celtic Myth - Fomorians;0;193;0;193;24;200;1795
24/25;2024-09-19;Pantheon Lanes;tournament;Mythic Legends Invitational;2;Round 2;Apollo;176933;Greek Myth - Olympians;0;191;0;191;25;200;1788
24/25;2024-09-19;Pantheon Lanes;tournament;Mythic Legends Invitational;2;Round 2;Ra;143286;Egyptian Myth - Solar Court;0;222;0;222;4;200;1818
24/25;2024-09-19;Pantheon Lanes;tournament;Mythic Legends Invitational;2;Round 2;Athena;142739;Greek Myth - Olympians;0;216;0;216;8;200;1786
24/25;2024-09-19;Pantheon Lanes;tournament;Mythic Legends Invitational;2;Round 2;Bastet;182554;Egyptian Myth - Solar Court;0;207;0;207;15;200;1771
24/25;2024-09-19;Pantheon Lanes;tournament;Mythic Legends Invitational;2;Round 2;Atlas;118236;Greek Myth - Titans & Primordials;0;203;0;203;18;200;1762
24/25;2024-09-19;Pantheon Lanes;tournament;Mythic Legends Invitational;2;Round 2;Hiranyakashipu;130544;Hindu Myth - Asuras;0;194;0;194;23;200;1743
24/25;2024-09-19;Pantheon Lanes;tournament;Mythic Legends Invitational;2;Round 2;Hel;124685;Norse Myth - Giants & Tricksters;0;182;0;182;31;200;1718
24/25;2024-09-19;Pantheon Lanes;tournament;Mythic Legends Invitational;2;Round 2;Vritra;138155;Hindu Myth - Asuras;0;159;0;159;37;200;1678
24/25;2024-09-19;Pantheon Lanes;tournament;Mythic Legends Invitational;2;Round 2;Kingu;179084;Mesopotamian Myth - Chaos Ancients;0;183;0;183;30;200;1701
24/25;2024-09-19;Pantheon Lanes;tournament;Mythic Legends Invitational;2;Round 2;Shiva;109108;Hindu Myth - Devas;0;185;0;185;28;200;1698
24/25;2024-09-19;Pantheon Lanes;tournament;Mythic Legends Invitational;2;Round 2;Nergal;164043;Mesopotamian Myth - Chaos Ancients;0;202;0;202;19;200;1703
24/25;2024-09-19;Pantheon Lanes;tournament;Mythic Legends Invitational;2;Round 2;Nanna;104202;Mesopotamian Myth - Sky Kings;0;184;0;184;29;200;1680
24/25;2024-09-19;Pantheon Lanes;tournament;Mythic Legends Invitational;2;Round 2;Fenrir;162230;Norse Myth - Giants & Tricksters;0;195;0;195;22;200;1671
24/25;2024-09-19;Pantheon Lanes;tournament;Mythic Legends Invitational;2;Round 2;Rhea;104221;Greek Myth - Titans & Primordials;0;223;0;223;3;200;1687
24/25;2024-09-19;Pantheon Lanes;tournament;Mythic Legends Invitational;2;Round 2;Shamash;123283;Mesopotamian Myth - Sky Kings;0;213;0;213;12;200;1673
24/25;2024-09-19;Pantheon Lanes;tournament;Mythic Legends Invitational;2;Round 2;Frigg;170056;Norse Myth - Aesir;0;171;0;171;35;200;1611
24/25;2024-09-19;Pantheon Lanes;tournament;Mythic Legends Invitational;2;Round 2;Tyr;108350;Norse Myth - Aesir;0;189;0;189;26;200;1629
24/25;2024-09-19;Pantheon Lanes;tournament;Mythic Legends Invitational;2;Round 2;Artemis;103046;Greek Myth - Olympians;0;154;0;154;39;200;1590
24/25;2024-09-19;Pantheon Lanes;tournament;Mythic Legends Invitational;2;Round 2;Elatha;122468;Celtic Myth - Fomorians;0;171;0;171;34;200;1593
24/25;2024-09-19;Pantheon Lanes;tournament;Mythic Legends Invitational;2;Round 2;Hyperion;120144;Greek Myth - Titans & Primordials;0;150;0;150;40;200;1563
24/25;2024-09-19;Pantheon Lanes;tournament;Mythic Legends Invitational;2;Round 2;Ereshkigal;103517;Mesopotamian Myth - Chaos Ancients;0;160;0;160;36;200;1565
24/25;2024-09-19;Pantheon Lanes;tournament;Mythic Legends Invitational;2;Round 2;The Dagda;143101;Celtic Myth - Tuatha De Danann;1;215;0;436;5;393;2243
24/25;2024-09-19;Pantheon Lanes;tournament;Mythic Legends Invitational;2;Round 2;Odin;126765;Norse Myth - Aesir;1;195;0;415;10;393;2212
24/25;2024-09-19;Pantheon Lanes;tournament;Mythic Legends Invitational;2;Round 2;Cronus;174393;Greek Myth - Titans & Primordials;1;201;0;412;13;393;2162
24/25;2024-09-19;Pantheon Lanes;tournament;Mythic Legends Invitational;2;Round 2;Indra;124470;Hindu Myth - Devas;1;208;0;432;7;393;2179
24/25;2024-09-19;Pantheon Lanes;tournament;Mythic Legends Invitational;2;Round 2;Tiamat;190311;Mesopotamian Myth - Chaos Ancients;1;215;0;435;6;393;2170
24/25;2024-09-19;Pantheon Lanes;tournament;Mythic Legends Invitational;2;Round 2;Zeus;139274;Greek Myth - Olympians;1;225;0;440;2;393;2170
24/25;2024-09-19;Pantheon Lanes;tournament;Mythic Legends Invitational;2;Round 2;Mahishasura;137200;Hindu Myth - Asuras;1;163;0;371;28;393;2076
24/25;2024-09-19;Pantheon Lanes;tournament;Mythic Legends Invitational;2;Round 2;Ishtar;172470;Mesopotamian Myth - Sky Kings;1;183;0;368;31;393;2071
24/25;2024-09-19;Pantheon Lanes;tournament;Mythic Legends Invitational;2;Round 2;Loki;150650;Norse Myth - Giants & Tricksters;1;179;0;379;22;393;2068
24/25;2024-09-19;Pantheon Lanes;tournament;Mythic Legends Invitational;2;Round 2;Vishnu;126083;Hindu Myth - Devas;1;223;0;439;3;393;2123
24/25;2024-09-19;Pantheon Lanes;tournament;Mythic Legends Invitational;2;Round 2;Lugh;174647;Celtic Myth - Tuatha De Danann;1;207;0;412;14;393;2094
24/25;2024-09-19;Pantheon Lanes;tournament;Mythic Legends Invitational;2;Round 2;Balor;139930;Celtic Myth - Fomorians;1;235;0;465;1;393;2134
24/25;2024-09-19;Pantheon Lanes;tournament;Mythic Legends Invitational;2;Round 2;Marduk;188458;Mesopotamian Myth - Sky Kings;1;200;0;373;25;393;2036
24/25;2024-09-19;Pantheon Lanes;tournament;Mythic Legends Invitational;2;Round 2;Horus;174473;Egyptian Myth - Solar Court;1;205;0;363;33;393;2007
24/25;2024-09-19;Pantheon Lanes;tournament;Mythic Legends Invitational;2;Round 2;Osiris;179670;Egyptian Myth - Underworld Powers;1;208;0;412;15;393;2051
24/25;2024-09-19;Pantheon Lanes;tournament;Mythic Legends Invitational;2;Round 2;Anubis;175219;Egyptian Myth - Underworld Powers;1;190;0;403;17;393;2036
24/25;2024-09-19;Pantheon Lanes;tournament;Mythic Legends Invitational;2;Round 2;Ravana;126986;Hindu Myth - Asuras;1;193;0;372;26;393;1989
24/25;2024-09-19;Pantheon Lanes;tournament;Mythic Legends Invitational;2;Round 2;Thor;151201;Norse Myth - Aesir;1;193;0;391;21;393;2007
24/25;2024-09-19;Pantheon Lanes;tournament;Mythic Legends Invitational;2;Round 2;Bres;112221;Celtic Myth - Fomorians;1;200;0;393;20;393;1995
24/25;2024-09-19;Pantheon Lanes;tournament;Mythic Legends Invitational;2;Round 2;Apollo;176933;Greek Myth - Olympians;1;167;0;358;34;393;1955
24/25;2024-09-19;Pantheon Lanes;tournament;Mythic Legends Invitational;2;Round 2;Ra;143286;Egyptian Myth - Solar Court;1;215;0;437;4;393;2033
24/25;2024-09-19;Pantheon Lanes;tournament;Mythic Legends Invitational;2;Round 2;Athena;142739;Greek Myth - Olympians;1;195;0;411;16;393;1981
24/25;2024-09-19;Pantheon Lanes;tournament;Mythic Legends Invitational;2;Round 2;Bastet;182554;Egyptian Myth - Solar Court;1;207;0;414;11;393;1978
24/25;2024-09-19;Pantheon Lanes;tournament;Mythic Legends Invitational;2;Round 2;Atlas;118236;Greek Myth - Titans & Primordials;1;214;0;417;9;393;1976
24/25;2024-09-19;Pantheon Lanes;tournament;Mythic Legends Invitational;2;Round 2;Hiranyakashipu;130544;Hindu Myth - Asuras;1;183;0;377;24;393;1926
24/25;2024-09-19;Pantheon Lanes;tournament;Mythic Legends Invitational;2;Round 2;Hel;124685;Norse Myth - Giants & Tricksters;1;189;0;371;27;393;1907
24/25;2024-09-19;Pantheon Lanes;tournament;Mythic Legends Invitational;2;Round 2;Vritra;138155;Hindu Myth - Asuras;1;164;0;323;40;393;1842
24/25;2024-09-19;Pantheon Lanes;tournament;Mythic Legends Invitational;2;Round 2;Kingu;179084;Mesopotamian Myth - Chaos Ancients;1;182;0;365;32;393;1883
24/25;2024-09-19;Pantheon Lanes;tournament;Mythic Legends Invitational;2;Round 2;Shiva;109108;Hindu Myth - Devas;1;184;0;369;30;393;1882
24/25;2024-09-19;Pantheon Lanes;tournament;Mythic Legends Invitational;2;Round 2;Nergal;164043;Mesopotamian Myth - Chaos Ancients;1;195;0;397;18;393;1898
24/25;2024-09-19;Pantheon Lanes;tournament;Mythic Legends Invitational;2;Round 2;Nanna;104202;Mesopotamian Myth - Sky Kings;1;187;0;371;29;393;1867
24/25;2024-09-19;Pantheon Lanes;tournament;Mythic Legends Invitational;2;Round 2;Fenrir;162230;Norse Myth - Giants & Tricksters;1;199;0;394;19;393;1870
24/25;2024-09-19;Pantheon Lanes;tournament;Mythic Legends Invitational;2;Round 2;Rhea;104221;Greek Myth - Titans & Primordials;1;209;0;432;8;393;1896
24/25;2024-09-19;Pantheon Lanes;tournament;Mythic Legends Invitational;2;Round 2;Shamash;123283;Mesopotamian Myth - Sky Kings;1;201;0;414;12;393;1874
24/25;2024-09-19;Pantheon Lanes;tournament;Mythic Legends Invitational;2;Round 2;Frigg;170056;Norse Myth - Aesir;1;177;0;348;36;393;1788
24/25;2024-09-19;Pantheon Lanes;tournament;Mythic Legends Invitational;2;Round 2;Tyr;108350;Norse Myth - Aesir;1;189;0;378;23;393;1818
24/25;2024-09-19;Pantheon Lanes;tournament;Mythic Legends Invitational;2;Round 2;Artemis;103046;Greek Myth - Olympians;1;191;0;345;37;393;1781
24/25;2024-09-19;Pantheon Lanes;tournament;Mythic Legends Invitational;2;Round 2;Elatha;122468;Celtic Myth - Fomorians;1;183;0;354;35;393;1776
24/25;2024-09-19;Pantheon Lanes;tournament;Mythic Legends Invitational;2;Round 2;Hyperion;120144;Greek Myth - Titans & Primordials;1;193;0;343;38;393;1756
24/25;2024-09-19;Pantheon Lanes;tournament;Mythic Legends Invitational;2;Round 2;Ereshkigal;103517;Mesopotamian Myth - Chaos Ancients;1;170;0;330;39;393;1735
24/25;2024-09-19;Pantheon Lanes;tournament;Mythic Legends Invitational;2;Round 2;The Dagda;143101;Celtic Myth - Tuatha De Danann;2;216;0;652;5;585;2459
24/25;2024-09-19;Pantheon Lanes;tournament;Mythic Legends Invitational;2;Round 2;Odin;126765;Norse Myth - Aesir;2;213;0;628;8;585;2425
24/25;2024-09-19;Pantheon Lanes;tournament;Mythic Legends Invitational;2;Round 2;Cronus;174393;Greek Myth - Titans & Primordials;2;189;0;601;16;585;2351
24/25;2024-09-19;Pantheon Lanes;tournament;Mythic Legends Invitational;2;Round 2;Indra;124470;Hindu Myth - Devas;2;234;0;666;3;585;2413
24/25;2024-09-19;Pantheon Lanes;tournament;Mythic Legends Invitational;2;Round 2;Tiamat;190311;Mesopotamian Myth - Chaos Ancients;2;217;0;652;6;585;2387
24/25;2024-09-19;Pantheon Lanes;tournament;Mythic Legends Invitational;2;Round 2;Zeus;139274;Greek Myth - Olympians;2;196;0;636;7;585;2366
24/25;2024-09-19;Pantheon Lanes;tournament;Mythic Legends Invitational;2;Round 2;Mahishasura;137200;Hindu Myth - Asuras;2;186;0;557;31;585;2262
24/25;2024-09-19;Pantheon Lanes;tournament;Mythic Legends Invitational;2;Round 2;Ishtar;172470;Mesopotamian Myth - Sky Kings;2;197;0;565;28;585;2268
24/25;2024-09-19;Pantheon Lanes;tournament;Mythic Legends Invitational;2;Round 2;Loki;150650;Norse Myth - Giants & Tricksters;2;201;0;580;23;585;2269
24/25;2024-09-19;Pantheon Lanes;tournament;Mythic Legends Invitational;2;Round 2;Vishnu;126083;Hindu Myth - Devas;2;225;0;664;4;585;2348
24/25;2024-09-19;Pantheon Lanes;tournament;Mythic Legends Invitational;2;Round 2;Lugh;174647;Celtic Myth - Tuatha De Danann;2;208;0;620;11;585;2302
24/25;2024-09-19;Pantheon Lanes;tournament;Mythic Legends Invitational;2;Round 2;Balor;139930;Celtic Myth - Fomorians;2;216;0;681;1;585;2350
24/25;2024-09-19;Pantheon Lanes;tournament;Mythic Legends Invitational;2;Round 2;Marduk;188458;Mesopotamian Myth - Sky Kings;2;178;0;551;33;585;2214
24/25;2024-09-19;Pantheon Lanes;tournament;Mythic Legends Invitational;2;Round 2;Horus;174473;Egyptian Myth - Solar Court;2;224;0;587;19;585;2231
24/25;2024-09-19;Pantheon Lanes;tournament;Mythic Legends Invitational;2;Round 2;Osiris;179670;Egyptian Myth - Underworld Powers;2;198;0;610;12;585;2249
24/25;2024-09-19;Pantheon Lanes;tournament;Mythic Legends Invitational;2;Round 2;Anubis;175219;Egyptian Myth - Underworld Powers;2;218;0;621;9;585;2254
24/25;2024-09-19;Pantheon Lanes;tournament;Mythic Legends Invitational;2;Round 2;Ravana;126986;Hindu Myth - Asuras;2;192;0;564;29;585;2181
24/25;2024-09-19;Pantheon Lanes;tournament;Mythic Legends Invitational;2;Round 2;Thor;151201;Norse Myth - Aesir;2;206;0;597;17;585;2213
24/25;2024-09-19;Pantheon Lanes;tournament;Mythic Legends Invitational;2;Round 2;Bres;112221;Celtic Myth - Fomorians;2;191;0;584;21;585;2186
24/25;2024-09-19;Pantheon Lanes;tournament;Mythic Legends Invitational;2;Round 2;Apollo;176933;Greek Myth - Olympians;2;176;0;534;35;585;2131
24/25;2024-09-19;Pantheon Lanes;tournament;Mythic Legends Invitational;2;Round 2;Ra;143286;Egyptian Myth - Solar Court;2;231;0;668;2;585;2264
24/25;2024-09-19;Pantheon Lanes;tournament;Mythic Legends Invitational;2;Round 2;Athena;142739;Greek Myth - Olympians;2;210;0;621;10;585;2191
24/25;2024-09-19;Pantheon Lanes;tournament;Mythic Legends Invitational;2;Round 2;Bastet;182554;Egyptian Myth - Solar Court;2;193;0;607;13;585;2171
24/25;2024-09-19;Pantheon Lanes;tournament;Mythic Legends Invitational;2;Round 2;Atlas;118236;Greek Myth - Titans & Primordials;2;170;0;587;18;585;2146
24/25;2024-09-19;Pantheon Lanes;tournament;Mythic Legends Invitational;2;Round 2;Hiranyakashipu;130544;Hindu Myth - Asuras;2;185;0;562;30;585;2111
24/25;2024-09-19;Pantheon Lanes;tournament;Mythic Legends Invitational;2;Round 2;Hel;124685;Norse Myth - Giants & Tricksters;2;194;0;565;27;585;2101
24/25;2024-09-19;Pantheon Lanes;tournament;Mythic Legends Invitational;2;Round 2;Vritra;138155;Hindu Myth - Asuras;2;193;0;516;38;585;2035
24/25;2024-09-19;Pantheon Lanes;tournament;Mythic Legends Invitational;2;Round 2;Kingu;179084;Mesopotamian Myth - Chaos Ancients;2;203;0;568;24;585;2086
24/25;2024-09-19;Pantheon Lanes;tournament;Mythic Legends Invitational;2;Round 2;Shiva;109108;Hindu Myth - Devas;2;197;0;566;26;585;2079
24/25;2024-09-19;Pantheon Lanes;tournament;Mythic Legends Invitational;2;Round 2;Nergal;164043;Mesopotamian Myth - Chaos Ancients;2;205;0;602;15;585;2103
24/25;2024-09-19;Pantheon Lanes;tournament;Mythic Legends Invitational;2;Round 2;Nanna;104202;Mesopotamian Myth - Sky Kings;2;197;0;568;25;585;2064
24/25;2024-09-19;Pantheon Lanes;tournament;Mythic Legends Invitational;2;Round 2;Fenrir;162230;Norse Myth - Giants & Tricksters;2;189;0;583;22;585;2059
24/25;2024-09-19;Pantheon Lanes;tournament;Mythic Legends Invitational;2;Round 2;Rhea;104221;Greek Myth - Titans & Primordials;2;171;0;603;14;585;2067
24/25;2024-09-19;Pantheon Lanes;tournament;Mythic Legends Invitational;2;Round 2;Shamash;123283;Mesopotamian Myth - Sky Kings;2;171;0;585;20;585;2045
24/25;2024-09-19;Pantheon Lanes;tournament;Mythic Legends Invitational;2;Round 2;Frigg;170056;Norse Myth - Aesir;2;174;0;522;37;585;1962
24/25;2024-09-19;Pantheon Lanes;tournament;Mythic Legends Invitational;2;Round 2;Tyr;108350;Norse Myth - Aesir;2;172;0;550;34;585;1990
24/25;2024-09-19;Pantheon Lanes;tournament;Mythic Legends Invitational;2;Round 2;Artemis;103046;Greek Myth - Olympians;2;177;0;522;36;585;1958
24/25;2024-09-19;Pantheon Lanes;tournament;Mythic Legends Invitational;2;Round 2;Elatha;122468;Celtic Myth - Fomorians;2;199;0;553;32;585;1975
24/25;2024-09-19;Pantheon Lanes;tournament;Mythic Legends Invitational;2;Round 2;Hyperion;120144;Greek Myth - Titans & Primordials;2;150;0;493;40;585;1906
24/25;2024-09-19;Pantheon Lanes;tournament;Mythic Legends Invitational;2;Round 2;Ereshkigal;103517;Mesopotamian Myth - Chaos Ancients;2;166;0;496;39;585;1901
24/25;2024-09-19;Pantheon Lanes;tournament;Mythic Legends Invitational;2;Round 2;The Dagda;143101;Celtic Myth - Tuatha De Danann;3;245;0;897;2;784;2704
24/25;2024-09-19;Pantheon Lanes;tournament;Mythic Legends Invitational;2;Round 2;Odin;126765;Norse Myth - Aesir;3;227;0;855;8;784;2652
24/25;2024-09-19;Pantheon Lanes;tournament;Mythic Legends Invitational;2;Round 2;Cronus;174393;Greek Myth - Titans & Primordials;3;207;0;808;14;784;2558
24/25;2024-09-19;Pantheon Lanes;tournament;Mythic Legends Invitational;2;Round 2;Indra;124470;Hindu Myth - Devas;3;224;0;890;4;784;2637
24/25;2024-09-19;Pantheon Lanes;tournament;Mythic Legends Invitational;2;Round 2;Tiamat;190311;Mesopotamian Myth - Chaos Ancients;3;227;0;879;6;784;2614
24/25;2024-09-19;Pantheon Lanes;tournament;Mythic Legends Invitational;2;Round 2;Zeus;139274;Greek Myth - Olympians;3;196;0;832;10;784;2562
24/25;2024-09-19;Pantheon Lanes;tournament;Mythic Legends Invitational;2;Round 2;Mahishasura;137200;Hindu Myth - Asuras;3;192;0;749;29;784;2454
24/25;2024-09-19;Pantheon Lanes;tournament;Mythic Legends Invitational;2;Round 2;Ishtar;172470;Mesopotamian Myth - Sky Kings;3;202;0;767;24;784;2470
24/25;2024-09-19;Pantheon Lanes;tournament;Mythic Legends Invitational;2;Round 2;Loki;150650;Norse Myth - Giants & Tricksters;3;196;0;776;22;784;2465
24/25;2024-09-19;Pantheon Lanes;tournament;Mythic Legends Invitational;2;Round 2;Vishnu;126083;Hindu Myth - Devas;3;230;0;894;3;784;2578
24/25;2024-09-19;Pantheon Lanes;tournament;Mythic Legends Invitational;2;Round 2;Lugh;174647;Celtic Myth - Tuatha De Danann;3;210;0;830;11;784;2512
24/25;2024-09-19;Pantheon Lanes;tournament;Mythic Legends Invitational;2;Round 2;Balor;139930;Celtic Myth - Fomorians;3;216;0;897;1;784;2566
24/25;2024-09-19;Pantheon Lanes;tournament;Mythic Legends Invitational;2;Round 2;Marduk;188458;Mesopotamian Myth - Sky Kings;3;191;0;742;32;784;2405
24/25;2024-09-19;Pantheon Lanes;tournament;Mythic Legends Invitational;2;Round 2;Horus;174473;Egyptian Myth - Solar Court;3;222;0;809;13;784;2453
24/25;2024-09-19;Pantheon Lanes;tournament;Mythic Legends Invitational;2;Round 2;Osiris;179670;Egyptian Myth - Underworld Powers;3;252;0;862;7;784;2501
24/25;2024-09-19;Pantheon Lanes;tournament;Mythic Legends Invitational;2;Round 2;Anubis;175219;Egyptian Myth - Underworld Powers;3;179;0;800;18;784;2433
24/25;2024-09-19;Pantheon Lanes;tournament;Mythic Legends Invitational;2;Round 2;Ravana;126986;Hindu Myth - Asuras;3;216;0;780;21;784;2397
24/25;2024-09-19;Pantheon Lanes;tournament;Mythic Legends Invitational;2;Round 2;Thor;151201;Norse Myth - Aesir;3;187;0;784;20;784;2400
24/25;2024-09-19;Pantheon Lanes;tournament;Mythic Legends Invitational;2;Round 2;Bres;112221;Celtic Myth - Fomorians;3;204;0;788;19;784;2390
24/25;2024-09-19;Pantheon Lanes;tournament;Mythic Legends Invitational;2;Round 2;Apollo;176933;Greek Myth - Olympians;3;197;0;731;34;784;2328
24/25;2024-09-19;Pantheon Lanes;tournament;Mythic Legends Invitational;2;Round 2;Ra;143286;Egyptian Myth - Solar Court;3;217;0;885;5;784;2481
24/25;2024-09-19;Pantheon Lanes;tournament;Mythic Legends Invitational;2;Round 2;Athena;142739;Greek Myth - Olympians;3;190;0;811;12;784;2381
24/25;2024-09-19;Pantheon Lanes;tournament;Mythic Legends Invitational;2;Round 2;Bastet;182554;Egyptian Myth - Solar Court;3;197;0;804;15;784;2368
24/25;2024-09-19;Pantheon Lanes;tournament;Mythic Legends Invitational;2;Round 2;Atlas;118236;Greek Myth - Titans & Primordials;3;164;0;751;28;784;2310
24/25;2024-09-19;Pantheon Lanes;tournament;Mythic Legends Invitational;2;Round 2;Hiranyakashipu;130544;Hindu Myth - Asuras;3;170;0;732;33;784;2281
24/25;2024-09-19;Pantheon Lanes;tournament;Mythic Legends Invitational;2;Round 2;Hel;124685;Norse Myth - Giants & Tricksters;3;192;0;757;26;784;2293
24/25;2024-09-19;Pantheon Lanes;tournament;Mythic Legends Invitational;2;Round 2;Vritra;138155;Hindu Myth - Asuras;3;163;0;679;38;784;2198
24/25;2024-09-19;Pantheon Lanes;tournament;Mythic Legends Invitational;2;Round 2;Kingu;179084;Mesopotamian Myth - Chaos Ancients;3;192;0;760;25;784;2278
24/25;2024-09-19;Pantheon Lanes;tournament;Mythic Legends Invitational;2;Round 2;Shiva;109108;Hindu Myth - Devas;3;190;0;756;27;784;2269
24/25;2024-09-19;Pantheon Lanes;tournament;Mythic Legends Invitational;2;Round 2;Nergal;164043;Mesopotamian Myth - Chaos Ancients;3;202;0;804;16;784;2305
24/25;2024-09-19;Pantheon Lanes;tournament;Mythic Legends Invitational;2;Round 2;Nanna;104202;Mesopotamian Myth - Sky Kings;3;181;0;749;30;784;2245
24/25;2024-09-19;Pantheon Lanes;tournament;Mythic Legends Invitational;2;Round 2;Fenrir;162230;Norse Myth - Giants & Tricksters;3;187;0;770;23;784;2246
24/25;2024-09-19;Pantheon Lanes;tournament;Mythic Legends Invitational;2;Round 2;Rhea;104221;Greek Myth - Titans & Primordials;3;236;0;839;9;784;2303
24/25;2024-09-19;Pantheon Lanes;tournament;Mythic Legends Invitational;2;Round 2;Shamash;123283;Mesopotamian Myth - Sky Kings;3;217;0;802;17;784;2262
24/25;2024-09-19;Pantheon Lanes;tournament;Mythic Legends Invitational;2;Round 2;Frigg;170056;Norse Myth - Aesir;3;189;0;711;36;784;2151
24/25;2024-09-19;Pantheon Lanes;tournament;Mythic Legends Invitational;2;Round 2;Tyr;108350;Norse Myth - Aesir;3;177;0;727;35;784;2167
24/25;2024-09-19;Pantheon Lanes;tournament;Mythic Legends Invitational;2;Round 2;Artemis;103046;Greek Myth - Olympians;3;170;0;692;37;784;2128
24/25;2024-09-19;Pantheon Lanes;tournament;Mythic Legends Invitational;2;Round 2;Elatha;122468;Celtic Myth - Fomorians;3;192;0;745;31;784;2167
24/25;2024-09-19;Pantheon Lanes;tournament;Mythic Legends Invitational;2;Round 2;Hyperion;120144;Greek Myth - Titans & Primordials;3;179;0;672;40;784;2085
24/25;2024-09-19;Pantheon Lanes;tournament;Mythic Legends Invitational;2;Round 2;Ereshkigal;103517;Mesopotamian Myth - Chaos Ancients;3;176;0;672;39;784;2077
24/25;2024-09-19;Pantheon Lanes;tournament;Mythic Legends Invitational;2;Round 2;The Dagda;143101;Celtic Myth - Tuatha De Danann;4;226;0;1123;1;992;2930
24/25;2024-09-19;Pantheon Lanes;tournament;Mythic Legends Invitational;2;Round 2;Odin;126765;Norse Myth - Aesir;4;203;0;1058;8;992;2855
24/25;2024-09-19;Pantheon Lanes;tournament;Mythic Legends Invitational;2;Round 2;Cronus;174393;Greek Myth - Titans & Primordials;4;221;0;1029;12;992;2779
24/25;2024-09-19;Pantheon Lanes;tournament;Mythic Legends Invitational;2;Round 2;Indra;124470;Hindu Myth - Devas;4;188;0;1078;7;992;2825
24/25;2024-09-19;Pantheon Lanes;tournament;Mythic Legends Invitational;2;Round 2;Tiamat;190311;Mesopotamian Myth - Chaos Ancients;4;212;0;1091;3;992;2826
24/25;2024-09-19;Pantheon Lanes;tournament;Mythic Legends Invitational;2;Round 2;Zeus;139274;Greek Myth - Olympians;4;213;0;1045;9;992;2775
24/25;2024-09-19;Pantheon Lanes;tournament;Mythic Legends Invitational;2;Round 2;Mahishasura;137200;Hindu Myth - Asuras;4;245;0;994;19;992;2699
24/25;2024-09-19;Pantheon Lanes;tournament;Mythic Legends Invitational;2;Round 2;Ishtar;172470;Mesopotamian Myth - Sky Kings;4;204;0;971;24;992;2674
24/25;2024-09-19;Pantheon Lanes;tournament;Mythic Legends Invitational;2;Round 2;Loki;150650;Norse Myth - Giants & Tricksters;4;211;0;987;22;992;2676
24/25;2024-09-19;Pantheon Lanes;tournament;Mythic Legends Invitational;2;Round 2;Vishnu;126083;Hindu Myth - Devas;4;196;0;1090;4;992;2774
24/25;2024-09-19;Pantheon Lanes;tournament;Mythic Legends Invitational;2;Round 2;Lugh;174647;Celtic Myth - Tuatha De Danann;4;205;0;1035;10;992;2717
24/25;2024-09-19;Pantheon Lanes;tournament;Mythic Legends Invitational;2;Round 2;Balor;139930;Celtic Myth - Fomorians;4;218;0;1115;2;992;2784
24/25;2024-09-19;Pantheon Lanes;tournament;Mythic Legends Invitational;2;Round 2;Marduk;188458;Mesopotamian Myth - Sky Kings;4;219;0;961;25;992;2624
24/25;2024-09-19;Pantheon Lanes;tournament;Mythic Legends Invitational;2;Round 2;Horus;174473;Egyptian Myth - Solar Court;4;183;0;992;20;992;2636
24/25;2024-09-19;Pantheon Lanes;tournament;Mythic Legends Invitational;2;Round 2;Osiris;179670;Egyptian Myth - Underworld Powers;4;226;0;1088;5;992;2727
24/25;2024-09-19;Pantheon Lanes;tournament;Mythic Legends Invitational;2;Round 2;Anubis;175219;Egyptian Myth - Underworld Powers;4;207;0;1007;14;992;2640
24/25;2024-09-19;Pantheon Lanes;tournament;Mythic Legends Invitational;2;Round 2;Ravana;126986;Hindu Myth - Asuras;4;207;0;987;23;992;2604
24/25;2024-09-19;Pantheon Lanes;tournament;Mythic Legends Invitational;2;Round 2;Thor;151201;Norse Myth - Aesir;4;206;0;990;21;992;2606
24/25;2024-09-19;Pantheon Lanes;tournament;Mythic Legends Invitational;2;Round 2;Bres;112221;Celtic Myth - Fomorians;4;210;0;998;17;992;2600
24/25;2024-09-19;Pantheon Lanes;tournament;Mythic Legends Invitational;2;Round 2;Apollo;176933;Greek Myth - Olympians;4;212;0;943;30;992;2540
24/25;2024-09-19;Pantheon Lanes;tournament;Mythic Legends Invitational;2;Round 2;Ra;143286;Egyptian Myth - Solar Court;4;201;0;1086;6;992;2682
24/25;2024-09-19;Pantheon Lanes;tournament;Mythic Legends Invitational;2;Round 2;Athena;142739;Greek Myth - Olympians;4;190;0;1001;16;992;2571
24/25;2024-09-19;Pantheon Lanes;tournament;Mythic Legends Invitational;2;Round 2;Bastet;182554;Egyptian Myth - Solar Court;4;193;0;997;18;992;2561
24/25;2024-09-19;Pantheon Lanes;tournament;Mythic Legends Invitational;2;Round 2;Atlas;118236;Greek Myth - Titans & Primordials;4;182;0;933;31;992;2492
24/25;2024-09-19;Pantheon Lanes;tournament;Mythic Legends Invitational;2;Round 2;Hiranyakashipu;130544;Hindu Myth - Asuras;4;189;0;921;33;992;2470
24/25;2024-09-19;Pantheon Lanes;tournament;Mythic Legends Invitational;2;Round 2;Hel;124685;Norse Myth - Giants & Tricksters;4;189;0;946;29;992;2482
24/25;2024-09-19;Pantheon Lanes;tournament;Mythic Legends Invitational;2;Round 2;Vritra;138155;Hindu Myth - Asuras;4;182;0;861;38;992;2380
24/25;2024-09-19;Pantheon Lanes;tournament;Mythic Legends Invitational;2;Round 2;Kingu;179084;Mesopotamian Myth - Chaos Ancients;4;190;0;950;28;992;2468
24/25;2024-09-19;Pantheon Lanes;tournament;Mythic Legends Invitational;2;Round 2;Shiva;109108;Hindu Myth - Devas;4;198;0;954;27;992;2467
24/25;2024-09-19;Pantheon Lanes;tournament;Mythic Legends Invitational;2;Round 2;Nergal;164043;Mesopotamian Myth - Chaos Ancients;4;201;0;1005;15;992;2506
24/25;2024-09-19;Pantheon Lanes;tournament;Mythic Legends Invitational;2;Round 2;Nanna;104202;Mesopotamian Myth - Sky Kings;4;183;0;932;32;992;2428
24/25;2024-09-19;Pantheon Lanes;tournament;Mythic Legends Invitational;2;Round 2;Fenrir;162230;Norse Myth - Giants & Tricksters;4;189;0;959;26;992;2435
24/25;2024-09-19;Pantheon Lanes;tournament;Mythic Legends Invitational;2;Round 2;Rhea;104221;Greek Myth - Titans & Primordials;4;195;0;1034;11;992;2498
24/25;2024-09-19;Pantheon Lanes;tournament;Mythic Legends Invitational;2;Round 2;Shamash;123283;Mesopotamian Myth - Sky Kings;4;210;0;1012;13;992;2472
24/25;2024-09-19;Pantheon Lanes;tournament;Mythic Legends Invitational;2;Round 2;Frigg;170056;Norse Myth - Aesir;4;183;0;894;36;992;2334
24/25;2024-09-19;Pantheon Lanes;tournament;Mythic Legends Invitational;2;Round 2;Tyr;108350;Norse Myth - Aesir;4;181;0;908;35;992;2348
24/25;2024-09-19;Pantheon Lanes;tournament;Mythic Legends Invitational;2;Round 2;Artemis;103046;Greek Myth - Olympians;4;166;0;858;39;992;2294
24/25;2024-09-19;Pantheon Lanes;tournament;Mythic Legends Invitational;2;Round 2;Elatha;122468;Celtic Myth - Fomorians;4;169;0;914;34;992;2336
24/25;2024-09-19;Pantheon Lanes;tournament;Mythic Legends Invitational;2;Round 2;Hyperion;120144;Greek Myth - Titans & Primordials;4;170;0;842;40;992;2255
24/25;2024-09-19;Pantheon Lanes;tournament;Mythic Legends Invitational;2;Round 2;Ereshkigal;103517;Mesopotamian Myth - Chaos Ancients;4;197;0;869;37;992;2274
24/25;2024-09-19;Pantheon Lanes;tournament;Mythic Legends Invitational;2;Round 2;The Dagda;143101;Celtic Myth - Tuatha De Danann;5;208;0;1331;2;1195;3138
24/25;2024-09-19;Pantheon Lanes;tournament;Mythic Legends Invitational;2;Round 2;Odin;126765;Norse Myth - Aesir;5;179;0;1237;11;1195;3034
24/25;2024-09-19;Pantheon Lanes;tournament;Mythic Legends Invitational;2;Round 2;Cronus;174393;Greek Myth - Titans & Primordials;5;206;0;1235;12;1195;2985
24/25;2024-09-19;Pantheon Lanes;tournament;Mythic Legends Invitational;2;Round 2;Indra;124470;Hindu Myth - Devas;5;225;0;1303;6;1195;3050
24/25;2024-09-19;Pantheon Lanes;tournament;Mythic Legends Invitational;2;Round 2;Tiamat;190311;Mesopotamian Myth - Chaos Ancients;5;224;0;1315;4;1195;3050
24/25;2024-09-19;Pantheon Lanes;tournament;Mythic Legends Invitational;2;Round 2;Zeus;139274;Greek Myth - Olympians;5;202;0;1247;9;1195;2977
24/25;2024-09-19;Pantheon Lanes;tournament;Mythic Legends Invitational;2;Round 2;Mahishasura;137200;Hindu Myth - Asuras;5;212;0;1206;17;1195;2911
24/25;2024-09-19;Pantheon Lanes;tournament;Mythic Legends Invitational;2;Round 2;Ishtar;172470;Mesopotamian Myth - Sky Kings;5;181;0;1152;26;1195;2855
24/25;2024-09-19;Pantheon Lanes;tournament;Mythic Legends Invitational;2;Round 2;Loki;150650;Norse Myth - Giants & Tricksters;5;206;0;1193;21;1195;2882
24/25;2024-09-19;Pantheon Lanes;tournament;Mythic Legends Invitational;2;Round 2;Vishnu;126083;Hindu Myth - Devas;5;202;0;1292;7;1195;2976
24/25;2024-09-19;Pantheon Lanes;tournament;Mythic Legends Invitational;2;Round 2;Lugh;174647;Celtic Myth - Tuatha De Danann;5;199;0;1234;13;1195;2916
24/25;2024-09-19;Pantheon Lanes;tournament;Mythic Legends Invitational;2;Round 2;Balor;139930;Celtic Myth - Fomorians;5;251;0;1366;1;1195;3035
24/25;2024-09-19;Pantheon Lanes;tournament;Mythic Legends Invitational;2;Round 2;Marduk;188458;Mesopotamian Myth - Sky Kings;5;228;0;1189;24;1195;2852
24/25;2024-09-19;Pantheon Lanes;tournament;Mythic Legends Invitational;2;Round 2;Horus;174473;Egyptian Myth - Solar Court;5;203;0;1195;20;1195;2839
24/25;2024-09-19;Pantheon Lanes;tournament;Mythic Legends Invitational;2;Round 2;Osiris;179670;Egyptian Myth - Underworld Powers;5;221;0;1309;5;1195;2948
24/25;2024-09-19;Pantheon Lanes;tournament;Mythic Legends Invitational;2;Round 2;Anubis;175219;Egyptian Myth - Underworld Powers;5;230;0;1237;10;1195;2870
24/25;2024-09-19;Pantheon Lanes;tournament;Mythic Legends Invitational;2;Round 2;Ravana;126986;Hindu Myth - Asuras;5;214;0;1201;19;1195;2818
24/25;2024-09-19;Pantheon Lanes;tournament;Mythic Legends Invitational;2;Round 2;Thor;151201;Norse Myth - Aesir;5;203;0;1193;22;1195;2809
24/25;2024-09-19;Pantheon Lanes;tournament;Mythic Legends Invitational;2;Round 2;Bres;112221;Celtic Myth - Fomorians;5;191;0;1189;23;1195;2791
24/25;2024-09-19;Pantheon Lanes;tournament;Mythic Legends Invitational;2;Round 2;Apollo;176933;Greek Myth - Olympians;5;226;0;1169;25;1195;2766
24/25;2024-09-19;Pantheon Lanes;tournament;Mythic Legends Invitational;2;Round 2;Ra;143286;Egyptian Myth - Solar Court;5;231;0;1317;3;1195;2913
24/25;2024-09-19;Pantheon Lanes;tournament;Mythic Legends Invitational;2;Round 2;Athena;142739;Greek Myth - Olympians;5;205;0;1206;16;1195;2776
24/25;2024-09-19;Pantheon Lanes;tournament;Mythic Legends Invitational;2;Round 2;Bastet;182554;Egyptian Myth - Solar Court;5;214;0;1211;15;1195;2775
24/25;2024-09-19;Pantheon Lanes;tournament;Mythic Legends Invitational;2;Round 2;Atlas;118236;Greek Myth - Titans & Primordials;5;200;0;1133;31;1195;2692
24/25;2024-09-19;Pantheon Lanes;tournament;Mythic Legends Invitational;2;Round 2;Hiranyakashipu;130544;Hindu Myth - Asuras;5;164;0;1085;34;1195;2634
24/25;2024-09-19;Pantheon Lanes;tournament;Mythic Legends Invitational;2;Round 2;Hel;124685;Norse Myth - Giants & Tricksters;5;201;0;1147;28;1195;2683
24/25;2024-09-19;Pantheon Lanes;tournament;Mythic Legends Invitational;2;Round 2;Vritra;138155;Hindu Myth - Asuras;5;180;0;1041;38;1195;2560
24/25;2024-09-19;Pantheon Lanes;tournament;Mythic Legends Invitational;2;Round 2;Kingu;179084;Mesopotamian Myth - Chaos Ancients;5;194;0;1144;29;1195;2662
24/25;2024-09-19;Pantheon Lanes;tournament;Mythic Legends Invitational;2;Round 2;Shiva;109108;Hindu Myth - Devas;5;185;0;1139;30;1195;2652
24/25;2024-09-19;Pantheon Lanes;tournament;Mythic Legends Invitational;2;Round 2;Nergal;164043;Mesopotamian Myth - Chaos Ancients;5;198;0;1203;18;1195;2704
24/25;2024-09-19;Pantheon Lanes;tournament;Mythic Legends Invitational;2;Round 2;Nanna;104202;Mesopotamian Myth - Sky Kings;5;198;0;1130;32;1195;2626
24/25;2024-09-19;Pantheon Lanes;tournament;Mythic Legends Invitational;2;Round 2;Fenrir;162230;Norse Myth - Giants & Tricksters;5;192;0;1151;27;1195;2627
24/25;2024-09-19;Pantheon Lanes;tournament;Mythic Legends Invitational;2;Round 2;Rhea;104221;Greek Myth - Titans & Primordials;5;235;0;1269;8;1195;2733
24/25;2024-09-19;Pantheon Lanes;tournament;Mythic Legends Invitational;2;Round 2;Shamash;123283;Mesopotamian Myth - Sky Kings;5;220;0;1232;14;1195;2692
24/25;2024-09-19;Pantheon Lanes;tournament;Mythic Legends Invitational;2;Round 2;Frigg;170056;Norse Myth - Aesir;5;180;0;1074;36;1195;2514
24/25;2024-09-19;Pantheon Lanes;tournament;Mythic Legends Invitational;2;Round 2;Tyr;108350;Norse Myth - Aesir;5;175;0;1083;35;1195;2523
24/25;2024-09-19;Pantheon Lanes;tournament;Mythic Legends Invitational;2;Round 2;Artemis;103046;Greek Myth - Olympians;5;174;0;1032;39;1195;2468
24/25;2024-09-19;Pantheon Lanes;tournament;Mythic Legends Invitational;2;Round 2;Elatha;122468;Celtic Myth - Fomorians;5;174;0;1088;33;1195;2510
24/25;2024-09-19;Pantheon Lanes;tournament;Mythic Legends Invitational;2;Round 2;Hyperion;120144;Greek Myth - Titans & Primordials;5;147;0;989;40;1195;2402
24/25;2024-09-19;Pantheon Lanes;tournament;Mythic Legends Invitational;2;Round 2;Ereshkigal;103517;Mesopotamian Myth - Chaos Ancients;5;175;0;1044;37;1195;2449
24/25;2024-09-20;Pantheon Lanes;tournament;Mythic Legends Invitational;3;Final;The Dagda;143101;Celtic Myth - Tuatha De Danann;0;224;0;224;3;;3362
24/25;2024-09-20;Pantheon Lanes;tournament;Mythic Legends Invitational;3;Final;Indra;124470;Hindu Myth - Devas;0;177;0;177;20;;3227
24/25;2024-09-20;Pantheon Lanes;tournament;Mythic Legends Invitational;3;Final;Tiamat;190311;Mesopotamian Myth - Chaos Ancients;0;203;0;203;12;;3253
24/25;2024-09-20;Pantheon Lanes;tournament;Mythic Legends Invitational;3;Final;Balor;139930;Celtic Myth - Fomorians;0;226;0;226;2;;3261
24/25;2024-09-20;Pantheon Lanes;tournament;Mythic Legends Invitational;3;Final;Odin;126765;Norse Myth - Aesir;0;223;0;223;4;;3257
24/25;2024-09-20;Pantheon Lanes;tournament;Mythic Legends Invitational;3;Final;Cronus;174393;Greek Myth - Titans & Primordials;0;212;0;212;8;;3197
24/25;2024-09-20;Pantheon Lanes;tournament;Mythic Legends Invitational;3;Final;Zeus;139274;Greek Myth - Olympians;0;193;0;193;15;;3170
24/25;2024-09-20;Pantheon Lanes;tournament;Mythic Legends Invitational;3;Final;Vishnu;126083;Hindu Myth - Devas;0;180;0;180;18;;3156
24/25;2024-09-20;Pantheon Lanes;tournament;Mythic Legends Invitational;3;Final;Osiris;179670;Egyptian Myth - Underworld Powers;0;203;0;203;11;;3151
24/25;2024-09-20;Pantheon Lanes;tournament;Mythic Legends Invitational;3;Final;Lugh;174647;Celtic Myth - Tuatha De Danann;0;202;0;202;13;;3118
24/25;2024-09-20;Pantheon Lanes;tournament;Mythic Legends Invitational;3;Final;Ra;143286;Egyptian Myth - Solar Court;0;222;0;222;5;;3135
24/25;2024-09-20;Pantheon Lanes;tournament;Mythic Legends Invitational;3;Final;Mahishasura;137200;Hindu Myth - Asuras;0;218;0;218;6;;3129
24/25;2024-09-20;Pantheon Lanes;tournament;Mythic Legends Invitational;3;Final;Loki;150650;Norse Myth - Giants & Tricksters;0;203;0;203;10;;3085
24/25;2024-09-20;Pantheon Lanes;tournament;Mythic Legends Invitational;3;Final;Anubis;175219;Egyptian Myth - Underworld Powers;0;227;0;227;1;;3097
24/25;2024-09-20;Pantheon Lanes;tournament;Mythic Legends Invitational;3;Final;Ishtar;172470;Mesopotamian Myth - Sky Kings;0;190;0;190;16;;3045
24/25;2024-09-20;Pantheon Lanes;tournament;Mythic Legends Invitational;3;Final;Marduk;188458;Mesopotamian Myth - Sky Kings;0;178;0;178;19;;3030
24/25;2024-09-20;Pantheon Lanes;tournament;Mythic Legends Invitational;3;Final;Horus;174473;Egyptian Myth - Solar Court;0;210;0;210;9;;3049
24/25;2024-09-20;Pantheon Lanes;tournament;Mythic Legends Invitational;3;Final;Ravana;126986;Hindu Myth - Asuras;0;186;0;186;17;;3004
24/25;2024-09-20;Pantheon Lanes;tournament;Mythic Legends Invitational;3;Final;Thor;151201;Norse Myth - Aesir;0;193;0;193;14;;3002
24/25;2024-09-20;Pantheon Lanes;tournament;Mythic Legends Invitational;3;Final;Bres;112221;Celtic Myth - Fomorians;0;214;0;214;7;;3005
24/25;2024-09-20;Pantheon Lanes;tournament;Mythic Legends Invitational;3;Final;The Dagda;143101;Celtic Myth - Tuatha De Danann;1;206;0;430;9;;3568
24/25;2024-09-20;Pantheon Lanes;tournament;Mythic Legends Invitational;3;Final;Indra;124470;Hindu Myth - Devas;1;204;0;381;18;;3431
24/25;2024-09-20;Pantheon Lanes;tournament;Mythic Legends Invitational;3;Final;Tiamat;190311;Mesopotamian Myth - Chaos Ancients;1;202;0;405;14;;3455
24/25;2024-09-20;Pantheon Lanes;tournament;Mythic Legends Invitational;3;Final;Balor;139930;Celtic Myth - Fomorians;1;212;0;438;6;;3473
24/25;2024-09-20;Pantheon Lanes;tournament;Mythic Legends Invitational;3;Final;Odin;126765;Norse Myth - Aesir;1;223;0;446;3;;3480
24/25;2024-09-20;Pantheon Lanes;tournament;Mythic Legends Invitational;3;Final;Cronus;174393;Greek Myth - Titans & Primordials;1;219;0;431;8;;3416
24/25;2024-09-20;Pantheon Lanes;tournament;Mythic Legends Invitational;3;Final;Zeus;139274;Greek Myth - Olympians;1;208;0;401;15;;3378
24/25;2024-09-20;Pantheon Lanes;tournament;Mythic Legends Invitational;3;Final;Vishnu;126083;Hindu Myth - Devas;1;202;0;382;17;;3358
24/25;2024-09-20;Pantheon Lanes;tournament;Mythic Legends Invitational;3;Final;Osiris;179670;Egyptian Myth - Underworld Powers;1;241;0;444;4;;3392
24/25;2024-09-20;Pantheon Lanes;tournament;Mythic Legends Invitational;3;Final;Lugh;174647;Celtic Myth - Tuatha De Danann;1;204;0;406;12;;3322
24/25;2024-09-20;Pantheon Lanes;tournament;Mythic Legends Invitational;3;Final;Ra;143286;Egyptian Myth - Solar Court;1;191;0;413;11;;3326
24/25;2024-09-20;Pantheon Lanes;tournament;Mythic Legends Invitational;3;Final;Mahishasura;137200;Hindu Myth - Asuras;1;231;0;449;2;;3360
24/25;2024-09-20;Pantheon Lanes;tournament;Mythic Legends Invitational;3;Final;Loki;150650;Norse Myth - Giants & Tricksters;1;236;0;439;5;;3321
24/25;2024-09-20;Pantheon Lanes;tournament;Mythic Legends Invitational;3;Final;Anubis;175219;Egyptian Myth - Underworld Powers;1;227;0;454;1;;3324
24/25;2024-09-20;Pantheon Lanes;tournament;Mythic Legends Invitational;3;Final;Ishtar;172470;Mesopotamian Myth - Sky Kings;1;189;0;379;19;;3234
24/25;2024-09-20;Pantheon Lanes;tournament;Mythic Legends Invitational;3;Final;Marduk;188458;Mesopotamian Myth - Sky Kings;1;171;0;349;20;;3201
24/25;2024-09-20;Pantheon Lanes;tournament;Mythic Legends Invitational;3;Final;Horus;174473;Egyptian Myth - Solar Court;1;185;0;395;16;;3234
24/25;2024-09-20;Pantheon Lanes;tournament;Mythic Legends Invitational;3;Final;Ravana;126986;Hindu Myth - Asuras;1;246;0;432;7;;3250
24/25;2024-09-20;Pantheon Lanes;tournament;Mythic Legends Invitational;3;Final;Thor;151201;Norse Myth - Aesir;1;212;0;405;13;;3214
24/25;2024-09-20;Pantheon Lanes;tournament;Mythic Legends Invitational;3;Final;Bres;112221;Celtic Myth - Fomorians;1;204;0;418;10;;3209
24/25;2024-09-20;Pantheon Lanes;tournament;Mythic Legends Invitational;3;Final;The Dagda;143101;Celtic Myth - Tuatha De Danann;2;206;0;636;9;;3774
24/25;2024-09-20;Pantheon Lanes;tournament;Mythic Legends Invitational;3;Final;Indra;124470;Hindu Myth - Devas;2;241;0;622;12;;3672
24/25;2024-09-20;Pantheon Lanes;tournament;Mythic Legends Invitational;3;Final;Tiamat;190311;Mesopotamian Myth - Chaos Ancients;2;227;0;632;11;;3682
24/25;2024-09-20;Pantheon Lanes;tournament;Mythic Legends Invitational;3;Final;Balor;139930;Celtic Myth - Fomorians;2;195;0;633;10;;3668
24/25;2024-09-20;Pantheon Lanes;tournament;Mythic Legends Invitational;3;Final;Odin;126765;Norse Myth - Aesir;2;222;0;668;1;;3702
24/25;2024-09-20;Pantheon Lanes;tournament;Mythic Legends Invitational;3;Final;Cronus;174393;Greek Myth - Titans & Primordials;2;215;0;646;6;;3631
24/25;2024-09-20;Pantheon Lanes;tournament;Mythic Legends Invitational;3;Final;Zeus;139274;Greek Myth - Olympians;2;213;0;614;14;;3591
24/25;2024-09-20;Pantheon Lanes;tournament;Mythic Legends Invitational;3;Final;Vishnu;126083;Hindu Myth - Devas;2;206;0;588;17;;3564
24/25;2024-09-20;Pantheon Lanes;tournament;Mythic Legends Invitational;3;Final;Osiris;179670;Egyptian Myth - Underworld Powers;2;203;0;647;5;;3595
24/25;2024-09-20;Pantheon Lanes;tournament;Mythic Legends Invitational;3;Final;Lugh;174647;Celtic Myth - Tuatha De Danann;2;207;0;613;15;;3529
24/25;2024-09-20;Pantheon Lanes;tournament;Mythic Legends Invitational;3;Final;Ra;143286;Egyptian Myth - Solar Court;2;224;0;637;8;;3550
24/25;2024-09-20;Pantheon Lanes;tournament;Mythic Legends Invitational;3;Final;Mahishasura;137200;Hindu Myth - Asuras;2;205;0;654;4;;3565
24/25;2024-09-20;Pantheon Lanes;tournament;Mythic Legends Invitational;3;Final;Loki;150650;Norse Myth - Giants & Tricksters;2;228;0;667;2;;3549
24/25;2024-09-20;Pantheon Lanes;tournament;Mythic Legends Invitational;3;Final;Anubis;175219;Egyptian Myth - Underworld Powers;2;206;0;660;3;;3530
24/25;2024-09-20;Pantheon Lanes;tournament;Mythic Legends Invitational;3;Final;Ishtar;172470;Mesopotamian Myth - Sky Kings;2;168;0;547;19;;3402
24/25;2024-09-20;Pantheon Lanes;tournament;Mythic Legends Invitational;3;Final;Marduk;188458;Mesopotamian Myth - Sky Kings;2;176;0;525;20;;3377
24/25;2024-09-20;Pantheon Lanes;tournament;Mythic Legends Invitational;3;Final;Horus;174473;Egyptian Myth - Solar Court;2;182;0;577;18;;3416
24/25;2024-09-20;Pantheon Lanes;tournament;Mythic Legends Invitational;3;Final;Ravana;126986;Hindu Myth - Asuras;2;210;0;642;7;;3460
24/25;2024-09-20;Pantheon Lanes;tournament;Mythic Legends Invitational;3;Final;Thor;151201;Norse Myth - Aesir;2;190;0;595;16;;3404
24/25;2024-09-20;Pantheon Lanes;tournament;Mythic Legends Invitational;3;Final;Bres;112221;Celtic Myth - Fomorians;2;199;0;617;13;;3408
24/25;2024-09-20;Pantheon Lanes;tournament;Mythic Legends Invitational;3;Final;The Dagda;143101;Celtic Myth - Tuatha De Danann;3;216;0;852;9;;3990
24/25;2024-09-20;Pantheon Lanes;tournament;Mythic Legends Invitational;3;Final;Indra;124470;Hindu Myth - Devas;3;234;0;856;8;;3906
24/25;2024-09-20;Pantheon Lanes;tournament;Mythic Legends Invitational;3;Final;Tiamat;190311;Mesopotamian Myth - Chaos Ancients;3;203;0;835;12;;3885
24/25;2024-09-20;Pantheon Lanes;tournament;Mythic Legends Invitational;3;Final;Balor;139930;Celtic Myth - Fomorians;3;216;0;849;10;;3884
24/25;2024-09-20;Pantheon Lanes;tournament;Mythic Legends Invitational;3;Final;Odin;126765;Norse Myth - Aesir;3;192;0;860;6;;3894
24/25;2024-09-20;Pantheon Lanes;tournament;Mythic Legends Invitational;3;Final;Cronus;174393;Greek Myth - Titans & Primordials;3;228;0;874;4;;3859
24/25;2024-09-20;Pantheon Lanes;tournament;Mythic Legends Invitational;3;Final;Zeus;139274;Greek Myth - Olympians;3;206;0;820;14;;3797
24/25;2024-09-20;Pantheon Lanes;tournament;Mythic Legends Invitational;3;Final;Vishnu;126083;Hindu Myth - Devas;3;205;0;793;17;;3769
24/25;2024-09-20;Pantheon Lanes;tournament;Mythic Legends Invitational;3;Final;Osiris;179670;Egyptian Myth - Underworld Powers;3;238;0;885;3;;3833
24/25;2024-09-20;Pantheon Lanes;tournament;Mythic Legends Invitational;3;Final;Lugh;174647;Celtic Myth - Tuatha De Danann;3;218;0;831;13;;3747
24/25;2024-09-20;Pantheon Lanes;tournament;Mythic Legends Invitational;3;Final;Ra;143286;Egyptian Myth - Solar Court;3;221;0;858;7;;3771
24/25;2024-09-20;Pantheon Lanes;tournament;Mythic Legends Invitational;3;Final;Mahishasura;137200;Hindu Myth - Asuras;3;257;0;911;1;;3822
24/25;2024-09-20;Pantheon Lanes;tournament;Mythic Legends Invitational;3;Final;Loki;150650;Norse Myth - Giants & Tricksters;3;219;0;886;2;;3768
24/25;2024-09-20;Pantheon Lanes;tournament;Mythic Legends Invitational;3;Final;Anubis;175219;Egyptian Myth - Underworld Powers;3;210;0;870;5;;3740
24/25;2024-09-20;Pantheon Lanes;tournament;Mythic Legends Invitational;3;Final;Ishtar;172470;Mesopotamian Myth - Sky Kings;3;214;0;761;18;;3616
24/25;2024-09-20;Pantheon Lanes;tournament;Mythic Legends Invitational;3;Final;Marduk;188458;Mesopotamian Myth - Sky Kings;3;191;0;716;20;;3568
24/25;2024-09-20;Pantheon Lanes;tournament;Mythic Legends Invitational;3;Final;Horus;174473;Egyptian Myth - Solar Court;3;180;0;757;19;;3596
24/25;2024-09-20;Pantheon Lanes;tournament;Mythic Legends Invitational;3;Final;Ravana;126986;Hindu Myth - Asuras;3;198;0;840;11;;3658
24/25;2024-09-20;Pantheon Lanes;tournament;Mythic Legends Invitational;3;Final;Thor;151201;Norse Myth - Aesir;3;202;0;797;16;;3606
24/25;2024-09-20;Pantheon Lanes;tournament;Mythic Legends Invitational;3;Final;Bres;112221;Celtic Myth - Fomorians;3;202;0;819;15;;3610
24/25;2024-09-20;Pantheon Lanes;tournament;Mythic Legends Invitational;3;Final;The Dagda;143101;Celtic Myth - Tuatha De Danann;4;223;0;1075;10;;4213
24/25;2024-09-20;Pantheon Lanes;tournament;Mythic Legends Invitational;3;Final;Indra;124470;Hindu Myth - Devas;4;222;0;1078;8;;4128
24/25;2024-09-20;Pantheon Lanes;tournament;Mythic Legends Invitational;3;Final;Tiamat;190311;Mesopotamian Myth - Chaos Ancients;4;205;0;1040;13;;4090
24/25;2024-09-20;Pantheon Lanes;tournament;Mythic Legends Invitational;3;Final;Balor;139930;Celtic Myth - Fomorians;4;230;0;1079;7;;4114
24/25;2024-09-20;Pantheon Lanes;tournament;Mythic Legends Invitational;3;Final;Odin;126765;Norse Myth - Aesir;4;209;0;1069;11;;4103
24/25;2024-09-20;Pantheon Lanes;tournament;Mythic Legends Invitational;3;Final;Cronus;174393;Greek Myth - Titans & Primordials;4;214;0;1088;5;;4073
24/25;2024-09-20;Pantheon Lanes;tournament;Mythic Legends Invitational;3;Final;Zeus;139274;Greek Myth - Olympians;4;206;0;1026;14;;4003
24/25;2024-09-20;Pantheon Lanes;tournament;Mythic Legends Invitational;3;Final;Vishnu;126083;Hindu Myth - Devas;4;217;0;1010;16;;3986
24/25;2024-09-20;Pantheon Lanes;tournament;Mythic Legends Invitational;3;Final;Osiris;179670;Egyptian Myth - Underworld Powers;4;237;0;1122;2;;4070
24/25;2024-09-20;Pantheon Lanes;tournament;Mythic Legends Invitational;3;Final;Lugh;174647;Celtic Myth - Tuatha De Danann;4;213;0;1044;12;;3960
24/25;2024-09-20;Pantheon Lanes;tournament;Mythic Legends Invitational;3;Final;Ra;143286;Egyptian Myth - Solar Court;4;242;0;1100;3;;4013
24/25;2024-09-20;Pantheon Lanes;tournament;Mythic Legends Invitational;3;Final;Mahishasura;137200;Hindu Myth - Asuras;4;240;0;1151;1;;4062
24/25;2024-09-20;Pantheon Lanes;tournament;Mythic Legends Invitational;3;Final;Loki;150650;Norse Myth - Giants & Tricksters;4;205;0;1091;4;;3973
24/25;2024-09-20;Pantheon Lanes;tournament;Mythic Legends Invitational;3;Final;Anubis;175219;Egyptian Myth - Underworld Powers;4;211;0;1081;6;;3951
24/25;2024-09-20;Pantheon Lanes;tournament;Mythic Legends Invitational;3;Final;Ishtar;172470;Mesopotamian Myth - Sky Kings;4;192;0;953;18;;3808
24/25;2024-09-20;Pantheon Lanes;tournament;Mythic Legends Invitational;3;Final;Marduk;188458;Mesopotamian Myth - Sky Kings;4;214;0;930;20;;3782
24/25;2024-09-20;Pantheon Lanes;tournament;Mythic Legends Invitational;3;Final;Horus;174473;Egyptian Myth - Solar Court;4;174;0;931;19;;3770
24/25;2024-09-20;Pantheon Lanes;tournament;Mythic Legends Invitational;3;Final;Ravana;126986;Hindu Myth - Asuras;4;237;0;1077;9;;3895
24/25;2024-09-20;Pantheon Lanes;tournament;Mythic Legends Invitational;3;Final;Thor;151201;Norse Myth - Aesir;4;190;0;987;17;;3796
24/25;2024-09-20;Pantheon Lanes;tournament;Mythic Legends Invitational;3;Final;Bres;112221;Celtic Myth - Fomorians;4;201;0;1020;15;;3811
24/25;2024-09-20;Pantheon Lanes;tournament;Mythic Legends Invitational;3;Final;The Dagda;143101;Celtic Myth - Tuatha De Danann;5;212;0;1287;8;;4425
24/25;2024-09-20;Pantheon Lanes;tournament;Mythic Legends Invitational;3;Final;Indra;124470;Hindu Myth - Devas;5;259;0;1337;3;;4387
24/25;2024-09-20;Pantheon Lanes;tournament;Mythic Legends Invitational;3;Final;Tiamat;190311;Mesopotamian Myth - Chaos Ancients;5;214;0;1254;12;;4304
24/25;2024-09-20;Pantheon Lanes;tournament;Mythic Legends Invitational;3;Final;Balor;139930;Celtic Myth - Fomorians;5;204;0;1283;9;;4318
24/25;2024-09-20;Pantheon Lanes;tournament;Mythic Legends Invitational;3;Final;Odin;126765;Norse Myth - Aesir;5;189;0;1258;11;;4292
24/25;2024-09-20;Pantheon Lanes;tournament;Mythic Legends Invitational;3;Final;Cronus;174393;Greek Myth - Titans & Primordials;5;219;0;1307;6;;4292
24/25;2024-09-20;Pantheon Lanes;tournament;Mythic Legends Invitational;3;Final;Zeus;139274;Greek Myth - Olympians;5;212;0;1238;14;;4215
24/25;2024-09-20;Pantheon Lanes;tournament;Mythic Legends Invitational;3;Final;Vishnu;126083;Hindu Myth - Devas;5;185;0;1195;16;;4171
24/25;2024-09-20;Pantheon Lanes;tournament;Mythic Legends Invitational;3;Final;Osiris;179670;Egyptian Myth - Underworld Powers;5;224;0;1346;2;;4294
24/25;2024-09-20;Pantheon Lanes;tournament;Mythic Legends Invitational;3;Final;Lugh;174647;Celtic Myth - Tuatha De Danann;5;209;0;1253;13;;4169
24/25;2024-09-20;Pantheon Lanes;tournament;Mythic Legends Invitational;3;Final;Ra;143286;Egyptian Myth - Solar Court;5;219;0;1319;5;;4232
24/25;2024-09-20;Pantheon Lanes;tournament;Mythic Legends Invitational;3;Final;Mahishasura;137200;Hindu Myth - Asuras;5;232;0;1383;1;;4294
24/25;2024-09-20;Pantheon Lanes;tournament;Mythic Legends Invitational;3;Final;Loki;150650;Norse Myth - Giants & Tricksters;5;232;0;1323;4;;4205
24/25;2024-09-20;Pantheon Lanes;tournament;Mythic Legends Invitational;3;Final;Anubis;175219;Egyptian Myth - Underworld Powers;5;206;0;1287;7;;4157
24/25;2024-09-20;Pantheon Lanes;tournament;Mythic Legends Invitational;3;Final;Ishtar;172470;Mesopotamian Myth - Sky Kings;5;197;0;1150;18;;4005
24/25;2024-09-20;Pantheon Lanes;tournament;Mythic Legends Invitational;3;Final;Marduk;188458;Mesopotamian Myth - Sky Kings;5;207;0;1137;19;;3989
24/25;2024-09-20;Pantheon Lanes;tournament;Mythic Legends Invitational;3;Final;Horus;174473;Egyptian Myth - Solar Court;5;175;0;1106;20;;3945
24/25;2024-09-20;Pantheon Lanes;tournament;Mythic Legends Invitational;3;Final;Ravana;126986;Hindu Myth - Asuras;5;201;0;1278;10;;4096
24/25;2024-09-20;Pantheon Lanes;tournament;Mythic Legends Invitational;3;Final;Thor;151201;Norse Myth - Aesir;5;190;0;1177;17;;3986
24/25;2024-09-20;Pantheon Lanes;tournament;Mythic Legends Invitational;3;Final;Bres;112221;Celtic Myth - Fomorians;5;213;0;1233;15;;4024
25/26;2025-09-18;Pantheon Lanes;tournament;Mythic Legends Invitational;1;Qualifying;Zeus;139274;Greek Myth - Olympians;0;220;0;220;3;167;220
25/26;2025-09-18;Pantheon Lanes;tournament;Mythic Legends Invitational;1;Qualifying;Athena;142739;Greek Myth - Olympians;0;203;0;203;18;167;203
25/26;2025-09-18;Pantheon Lanes;tournament;Mythic Legends Invitational;1;Qualifying;Apollo;176933;Greek Myth - Olympians;0;189;0;189;29;167;189
25/26;2025-09-18;Pantheon Lanes;tournament;Mythic Legends Invitational;1;Qualifying;Artemis;103046;Greek Myth - Olympians;0;179;0;179;36;167;179
25/26;2025-09-18;Pantheon Lanes;tournament;Mythic Legends Invitational;1;Qualifying;Cronus;174393;Greek Myth - Titans & Primordials;0;228;0;228;1;167;228
25/26;2025-09-18;Pantheon Lanes;tournament;Mythic Legends Invitational;1;Qualifying;Rhea;104221;Greek Myth - Titans & Primordials;0;190;0;190;28;167;190
25/26;2025-09-18;Pantheon Lanes;tournament;Mythic Legends Invitational;1;Qualifying;Atlas;118236;Greek Myth - Titans & Primordials;0;193;0;193;25;167;193
25/26;2025-09-18;Pantheon Lanes;tournament;Mythic Legends Invitational;1;Qualifying;Hyperion;120144;Greek Myth - Titans & Primordials;0;159;0;159;46;167;159
25/26;2025-09-18;Pantheon Lanes;tournament;Mythic Legends Invitational;1;Qualifying;Ra;143286;Egyptian Myth - Solar Court;0;212;0;212;10;167;212
25/26;2025-09-18;Pantheon Lanes;tournament;Mythic Legends Invitational;1;Qualifying;Horus;174473;Egyptian Myth - Solar Court;0;187;0;187;31;167;187
25/26;2025-09-18;Pantheon Lanes;tournament;Mythic Legends Invitational;1;Qualifying;Bastet;182554;Egyptian Myth - Solar Court;0;204;0;204;17;167;204
25/26;2025-09-18;Pantheon Lanes;tournament;Mythic Legends Invitational;1;Qualifying;Thoth;179036;Egyptian Myth - Solar Court;0;166;0;166;43;167;166
25/26;2025-09-18;Pantheon Lanes;tournament;Mythic Legends Invitational;1;Qualifying;Osiris;179670;Egyptian Myth - Underworld Powers;0;215;0;215;6;167;215
25/26;2025-09-18;Pantheon Lanes;tournament;Mythic Legends Invitational;1;Qualifying;Anubis;175219;Egyptian Myth - Underworld Powers;0;208;0;208;12;167;208
25/26;2025-09-18;Pantheon Lanes;tournament;Mythic Legends Invitational;1;Qualifying;Set;151234;Egyptian Myth - Underworld Powers;0;192;0;192;27;167;192
25/26;2025-09-18;Pantheon Lanes;tournament;Mythic Legends Invitational;1;Qualifying;Sekhmet;149980;Egyptian Myth - Underworld Powers;0;165;0;165;44;167;165
25/26;2025-09-18;Pantheon Lanes;tournament;Mythic Legends Invitational;1;Qualifying;Odin;126765;Norse Myth - Aesir;0;201;0;201;21;167;201
25/26;2025-09-18;Pantheon Lanes;tournament;Mythic Legends Invitational;1;Qualifying;Thor;151201;Norse Myth - Aesir;0;214;0;214;7;167;214
25/26;2025-09-18;Pantheon Lanes;tournament;Mythic Legends Invitational;1;Qualifying;Tyr;108350;Norse Myth - Aesir;0;186;0;186;33;167;186
25/26;2025-09-18;Pantheon Lanes;tournament;Mythic Legends Invitational;1;Qualifying;Frigg;170056;Norse Myth - Aesir;0;167;0;167;40;167;167
25/26;2025-09-18;Pantheon Lanes;tournament;Mythic Legends Invitational;1;Qualifying;Loki;150650;Norse Myth - Giants & Tricksters;0;208;0;208;13;167;208
25/26;2025-09-18;Pantheon Lanes;tournament;Mythic Legends Invitational;1;Qualifying;Hel;124685;Norse Myth - Giants & Tricksters;0;200;0;200;23;167;200
25/26;2025-09-18;Pantheon Lanes;tournament;Mythic Legends Invitational;1;Qualifying;Fenrir;162230;Norse Myth - Giants & Tricksters;0;188;0;188;30;167;188
25/26;2025-09-18;Pantheon Lanes;tournament;Mythic Legends Invitational;1;Qualifying;Jormungandr;114239;Norse Myth - Giants & Tricksters;0;167;0;167;41;167;167
25/26;2025-09-18;Pantheon Lanes;tournament;Mythic Legends Invitational;1;Qualifying;The Dagda;143101;Celtic Myth - Tuatha De Danann;0;221;0;221;2;167;221
25/26;2025-09-18;Pantheon Lanes;tournament;Mythic Legends Invitational;1;Qualifying;Lugh;174647;Celtic Myth - Tuatha De Danann;0;205;0;205;15;167;205
25/26;2025-09-18;Pantheon Lanes;tournament;Mythic Legends Invitational;1;Qualifying;Brigid;159183;Celtic Myth - Tuatha De Danann;0;157;0;157;47;167;157
25/26;2025-09-18;Pantheon Lanes;tournament;Mythic Legends Invitational;1;Qualifying;Nuada;183755;Celtic Myth - Tuatha De Danann;0;171;0;171;38;167;171
25/26;2025-09-18;Pantheon Lanes;tournament;Mythic Legends Invitational;1;Qualifying;Balor;139930;Celtic Myth - Fomorians;0;204;0;204;16;167;204
25/26;2025-09-18;Pantheon Lanes;tournament;Mythic Legends Invitational;1;Qualifying;Bres;112221;Celtic Myth - Fomorians;0;203;0;203;19;167;203
25/26;2025-09-18;Pantheon Lanes;tournament;Mythic Legends Invitational;1;Qualifying;Elatha;122468;Celtic Myth - Fomorians;0;166;0;166;42;167;166
25/26;2025-09-18;Pantheon Lanes;tournament;Mythic Legends Invitational;1;Qualifying;Tethra;113672;Celtic Myth - Fomorians;0;155;0;155;48;167;155
25/26;2025-09-18;Pantheon Lanes;tournament;Mythic Legends Invitational;1;Qualifying;Marduk;188458;Mesopotamian Myth - Sky Kings;0;218;0;218;5;167;218
25/26;2025-09-18;Pantheon Lanes;tournament;Mythic Legends Invitational;1;Qualifying;Ishtar;172470;Mesopotamian Myth - Sky Kings;0;199;0;199;24;167;199
25/26;2025-09-18;Pantheon Lanes;tournament;Mythic Legends Invitational;1;Qualifying;Shamash;123283;Mesopotamian Myth - Sky Kings;0;185;0;185;34;167;185
25/26;2025-09-18;Pantheon Lanes;tournament;Mythic Legends Invitational;1;Qualifying;Nanna;104202;Mesopotamian Myth - Sky Kings;0;193;0;193;26;167;193
25/26;2025-09-18;Pantheon Lanes;tournament;Mythic Legends Invitational;1;Qualifying;Tiamat;190311;Mesopotamian Myth - Chaos Ancients;0;207;0;207;14;167;207
25/26;2025-09-18;Pantheon Lanes;tournament;Mythic Legends Invitational;1;Qualifying;Kingu;179084;Mesopotamian Myth - Chaos Ancients;0;211;0;211;11;167;211
25/26;2025-09-18;Pantheon Lanes;tournament;Mythic Legends Invitational;1;Qualifying;Nergal;164043;Mesopotamian Myth - Chaos Ancients;0;186;0;186;32;167;186
25/26;2025-09-18;Pantheon Lanes;tournament;Mythic Legends Invitational;1;Qualifying;Ereshkigal;103517;Mesopotamian Myth - Chaos Ancients;0;201;0;201;20;167;201
25/26;2025-09-18;Pantheon Lanes;tournament;Mythic Legends Invitational;1;Qualifying;Indra;124470;Hindu Myth - Devas;0;219;0;219;4;167;219
25/26;2025-09-18;Pantheon Lanes;tournament;Mythic Legends Invitational;1;Qualifying;Vishnu;126083;Hindu Myth - Devas;0;184;0;184;35;167;184
25/26;2025-09-18;Pantheon Lanes;tournament;Mythic Legends Invitational;1;Qualifying;Shiva;109108;Hindu Myth - Devas;0;201;0;201;22;167;201
25/26;2025-09-18;Pantheon Lanes;tournament;Mythic Legends Invitational;1;Qualifying;Durga;150579;Hindu Myth - Devas;0;161;0;161;45;167;161
25/26;2025-09-18;Pantheon Lanes;tournament;Mythic Legends Invitational;1;Qualifying;Mahishasura;137200;Hindu Myth - Asuras;0;213;0;213;8;167;213
25/26;2025-09-18;Pantheon Lanes;tournament;Mythic Legends Invitational;1;Qualifying;Ravana;126986;Hindu Myth - Asuras;0;177;0;177;37;167;177
25/26;2025-09-18;Pantheon Lanes;tournament;Mythic Legends Invitational;1;Qualifying;Hiranyakashipu;130544;Hindu Myth - Asuras;0;212;0;212;9;167;212
25/26;2025-09-18;Pantheon Lanes;tournament;Mythic Legends Invitational;1;Qualifying;Vritra;138155;Hindu Myth - Asuras;0;170;0;170;39;167;170
25/26;2025-09-18;Pantheon Lanes;tournament;Mythic Legends Invitational;1;Qualifying;Zeus;139274;Greek Myth - Olympians;1;217;0;437;4;342;437
25/26;2025-09-18;Pantheon Lanes;tournament;Mythic Legends Invitational;1;Qualifying;Athena;142739;Greek Myth - Olympians;1;209;0;412;13;342;412
25/26;2025-09-18;Pantheon Lanes;tournament;Mythic Legends Invitational;1;Qualifying;Apollo;176933;Greek Myth - Olympians;1;190;0;379;27;342;379
25/26;2025-09-18;Pantheon Lanes;tournament;Mythic Legends Invitational;1;Qualifying;Artemis;103046;Greek Myth - Olympians;1;182;0;361;34;342;361
25/26;2025-09-18;Pantheon Lanes;tournament;Mythic Legends Invitational;1;Qualifying;Cronus;174393;Greek Myth - Titans & Primordials;1;220;0;448;2;342;448
25/26;2025-09-18;Pantheon Lanes;tournament;Mythic Legends Invitational;1;Qualifying;Rhea;104221;Greek Myth - Titans & Primordials;1;216;0;406;14;342;406
25/26;2025-09-18;Pantheon Lanes;tournament;Mythic Legends Invitational;1;Qualifying;Atlas;118236;Greek Myth - Titans & Primordials;1;206;0;399;19;342;399
25/26;2025-09-18;Pantheon Lanes;tournament;Mythic Legends Invitational;1;Qualifying;Hyperion;120144;Greek Myth - Titans & Primordials;1;193;0;352;38;342;352
25/26;2025-09-18;Pantheon Lanes;tournament;Mythic Legends Invitational;1;Qualifying;Ra;143286;Egyptian Myth - Solar Court;1;156;0;368;32;342;368
25/26;2025-09-18;Pantheon Lanes;tournament;Mythic Legends Invitational;1;Qualifying;Horus;174473;Egyptian Myth - Solar Court;1;196;0;383;25;342;383
25/26;2025-09-18;Pantheon Lanes;tournament;Mythic Legends Invitational;1;Qualifying;Bastet;182554;Egyptian Myth - Solar Court;1;188;0;392;22;342;392
25/26;2025-09-18;Pantheon Lanes;tournament;Mythic Legends Invitational;1;Qualifying;Thoth;179036;Egyptian Myth - Solar Court;1;163;0;329;45;342;329
25/26;2025-09-18;Pantheon Lanes;tournament;Mythic Legends Invitational;1;Qualifying;Osiris;179670;Egyptian Myth - Underworld Powers;1;218;0;433;5;342;433
25/26;2025-09-18;Pantheon Lanes;tournament;Mythic Legends Invitational;1;Qualifying;Anubis;175219;Egyptian Myth - Underworld Powers;1;207;0;415;10;342;415
25/26;2025-09-18;Pantheon Lanes;tournament;Mythic Legends Invitational;1;Qualifying;Set;151234;Egyptian Myth - Underworld Powers;1;212;0;404;16;342;404
25/26;2025-09-18;Pantheon Lanes;tournament;Mythic Legends Invitational;1;Qualifying;Sekhmet;149980;Egyptian Myth - Underworld Powers;1;162;0;327;47;342;327
25/26;2025-09-18;Pantheon Lanes;tournament;Mythic Legends Invitational;1;Qualifying;Odin;126765;Norse Myth - Aesir;1;213;0;414;12;342;414
25/26;2025-09-18;Pantheon Lanes;tournament;Mythic Legends Invitational;1;Qualifying;Thor;151201;Norse Myth - Aesir;1;212;0;426;7;342;426
25/26;2025-09-18;Pantheon Lanes;tournament;Mythic Legends Invitational;1;Qualifying;Tyr;108350;Norse Myth - Aesir;1;172;0;358;37;342;358
25/26;2025-09-18;Pantheon Lanes;tournament;Mythic Legends Invitational;1;Qualifying;Frigg;170056;Norse Myth - Aesir;1;168;0;335;41;342;335
25/26;2025-09-18;Pantheon Lanes;tournament;Mythic Legends Invitational;1;Qualifying;Loki;150650;Norse Myth - Giants & Tricksters;1;206;0;414;11;342;414
25/26;2025-09-18;Pantheon Lanes;tournament;Mythic Legends Invitational;1;Qualifying;Hel;124685;Norse Myth - Giants & Tricksters;1;183;0;383;24;342;383
25/26;2025-09-18;Pantheon Lanes;tournament;Mythic Legends Invitational;1;Qualifying;Fenrir;162230;Norse Myth - Giants & Tricksters;1;185;0;373;31;342;373
25/26;2025-09-18;Pantheon Lanes;tournament;Mythic Legends Invitational;1;Qualifying;Jormungandr;114239;Norse Myth - Giants & Tricksters;1;179;0;346;39;342;346
25/26;2025-09-18;Pantheon Lanes;tournament;Mythic Legends Invitational;1;Qualifying;The Dagda;143101;Celtic Myth - Tuatha De Danann;1;211;0;432;6;342;432
25/26;2025-09-18;Pantheon Lanes;tournament;Mythic Legends Invitational;1;Qualifying;Lugh;174647;Celtic Myth - Tuatha De Danann;1;189;0;394;21;342;394
25/26;2025-09-18;Pantheon Lanes;tournament;Mythic Legends Invitational;1;Qualifying;Brigid;159183;Celtic Myth - Tuatha De Danann;1;175;0;332;44;342;332
25/26;2025-09-18;Pantheon Lanes;tournament;Mythic Legends Invitational;1;Qualifying;Nuada;183755;Celtic Myth - Tuatha De Danann;1;171;0;342;40;342;342
25/26;2025-09-18;Pantheon Lanes;tournament;Mythic Legends Invitational;1;Qualifying;Balor;139930;Celtic Myth - Fomorians;1;235;0;439;3;342;439
25/26;2025-09-18;Pantheon Lanes;tournament;Mythic Legends Invitational;1;Qualifying;Bres;112221;Celtic Myth - Fomorians;1;200;0;403;17;342;403
25/26;2025-09-18;Pantheon Lanes;tournament;Mythic Legends Invitational;1;Qualifying;Elatha;122468;Celtic Myth - Fomorians;1;162;0;328;46;342;328
25/26;2025-09-18;Pantheon Lanes;tournament;Mythic Legends Invitational;1;Qualifying;Tethra;113672;Celtic Myth - Fomorians;1;179;0;334;42;342;334
25/26;2025-09-18;Pantheon Lanes;tournament;Mythic Legends Invitational;1;Qualifying;Marduk;188458;Mesopotamian Myth - Sky Kings;1;206;0;424;8;342;424
25/26;2025-09-18;Pantheon Lanes;tournament;Mythic Legends Invitational;1;Qualifying;Ishtar;172470;Mesopotamian Myth - Sky Kings;1;178;0;377;28;342;377
25/26;2025-09-18;Pantheon Lanes;tournament;Mythic Legends Invitational;1;Qualifying;Shamash;123283;Mesopotamian Myth - Sky Kings;1;177;0;362;33;342;362
25/26;2025-09-18;Pantheon Lanes;tournament;Mythic Legends Invitational;1;Qualifying;Nanna;104202;Mesopotamian Myth - Sky Kings;1;181;0;374;30;342;374
25/26;2025-09-18;Pantheon Lanes;tournament;Mythic Legends Invitational;1;Qualifying;Tiamat;190311;Mesopotamian Myth - Chaos Ancients;1;217;0;424;9;342;424
25/26;2025-09-18;Pantheon Lanes;tournament;Mythic Legends Invitational;1;Qualifying;Kingu;179084;Mesopotamian Myth - Chaos Ancients;1;193;0;404;15;342;404
25/26;2025-09-18;Pantheon Lanes;tournament;Mythic Legends Invitational;1;Qualifying;Nergal;164043;Mesopotamian Myth - Chaos Ancients;1;175;0;361;36;342;361
25/26;2025-09-18;Pantheon Lanes;tournament;Mythic Legends Invitational;1;Qualifying;Ereshkigal;103517;Mesopotamian Myth - Chaos Ancients;1;160;0;361;35;342;361
25/26;2025-09-18;Pantheon Lanes;tournament;Mythic Legends Invitational;1;Qualifying;Indra;124470;Hindu Myth - Devas;1;232;0;451;1;342;451
25/26;2025-09-18;Pantheon Lanes;tournament;Mythic Legends Invitational;1;Qualifying;Vishnu;126083;Hindu Myth - Devas;1;192;0;376;29;342;376
25/26;2025-09-18;Pantheon Lanes;tournament;Mythic Legends Invitational;1;Qualifying;Shiva;109108;Hindu Myth - Devas;1;182;0;383;26;342;383
25/26;2025-09-18;Pantheon Lanes;tournament;Mythic Legends Invitational;1;Qualifying;Durga;150579;Hindu Myth - Devas;1;162;0;323;48;342;323
25/26;2025-09-18;Pantheon Lanes;tournament;Mythic Legends Invitational;1;Qualifying;Mahishasura;137200;Hindu Myth - Asuras;1;185;0;398;20;342;398
25/26;2025-09-18;Pantheon Lanes;tournament;Mythic Legends Invitational;1;Qualifying;Ravana;126986;Hindu Myth - Asuras;1;212;0;389;23;342;389
25/26;2025-09-18;Pantheon Lanes;tournament;Mythic Legends Invitational;1;Qualifying;Hiranyakashipu;130544;Hindu Myth - Asuras;1;189;0;401;18;342;401
25/26;2025-09-18;Pantheon Lanes;tournament;Mythic Legends Invitational;1;Qualifying;Vritra;138155;Hindu Myth - Asuras;1;163;0;333;43;342;333
25/26;2025-09-18;Pantheon Lanes;tournament;Mythic Legends Invitational;1;Qualifying;Zeus;139274;Greek Myth - Olympians;2;217;0;654;4;508;654
25/26;2025-09-18;Pantheon Lanes;tournament;Mythic Legends Invitational;1;Qualifying;Athena;142739;Greek Myth - Olympians;2;198;0;610;15;508;610
25/26;2025-09-18;Pantheon Lanes;tournament;Mythic Legends Invitational;1;Qualifying;Apollo;176933;Greek Myth - Olympians;2;168;0;547;32;508;547
25/26;2025-09-18;Pantheon Lanes;tournament;Mythic Legends Invitational;1;Qualifying;Artemis;103046;Greek Myth - Olympians;2;173;0;534;35;508;534
25/26;2025-09-18;Pantheon Lanes;tournament;Mythic Legends Invitational;1;Qualifying;Cronus;174393;Greek Myth - Titans & Primordials;2;257;0;705;1;508;705
25/26;2025-09-18;Pantheon Lanes;tournament;Mythic Legends Invitational;1;Qualifying;Rhea;104221;Greek Myth - Titans & Primordials;2;144;0;550;30;508;550
25/26;2025-09-18;Pantheon Lanes;tournament;Mythic Legends Invitational;1;Qualifying;Atlas;118236;Greek Myth - Titans & Primordials;2;186;0;585;22;508;585
25/26;2025-09-18;Pantheon Lanes;tournament;Mythic Legends Invitational;1;Qualifying;Hyperion;120144;Greek Myth - Titans & Primordials;2;170;0;522;38;508;522
25/26;2025-09-18;Pantheon Lanes;tournament;Mythic Legends Invitational;1;Qualifying;Ra;143286;Egyptian Myth - Solar Court;2;205;0;573;28;508;573
25/26;2025-09-18;Pantheon Lanes;tournament;Mythic Legends Invitational;1;Qualifying;Horus;174473;Egyptian Myth - Solar Court;2;191;0;574;27;508;574
25/26;2025-09-18;Pantheon Lanes;tournament;Mythic Legends Invitational;1;Qualifying;Bastet;182554;Egyptian Myth - Solar Court;2;211;0;603;16;508;603
25/26;2025-09-18;Pantheon Lanes;tournament;Mythic Legends Invitational;1;Qualifying;Thoth;179036;Egyptian Myth - Solar Court;2;167;0;496;45;508;496
25/26;2025-09-18;Pantheon Lanes;tournament;Mythic Legends Invitational;1;Qualifying;Osiris;179670;Egyptian Myth - Underworld Powers;2;202;0;635;7;508;635
25/26;2025-09-18;Pantheon Lanes;tournament;Mythic Legends Invitational;1;Qualifying;Anubis;175219;Egyptian Myth - Underworld Powers;2;204;0;619;12;508;619
25/26;2025-09-18;Pantheon Lanes;tournament;Mythic Legends Invitational;1;Qualifying;Set;151234;Egyptian Myth - Underworld Powers;2;178;0;582;23;508;582
25/26;2025-09-18;Pantheon Lanes;tournament;Mythic Legends Invitational;1;Qualifying;Sekhmet;149980;Egyptian Myth - Underworld Powers;2;165;0;492;47;508;492
25/26;2025-09-18;Pantheon Lanes;tournament;Mythic Legends Invitational;1;Qualifying;Odin;126765;Norse Myth - Aesir;2;213;0;627;11;508;627
25/26;2025-09-18;Pantheon Lanes;tournament;Mythic Legends Invitational;1;Qualifying;Thor;151201;Norse Myth - Aesir;2;207;0;633;9;508;633
25/26;2025-09-18;Pantheon Lanes;tournament;Mythic Legends Invitational;1;Qualifying;Tyr;108350;Norse Myth - Aesir;2;170;0;528;37;508;528
25/26;2025-09-18;Pantheon Lanes;tournament;Mythic Legends Invitational;1;Qualifying;Frigg;170056;Norse Myth - Aesir;2;172;0;507;41;508;507
25/26;2025-09-18;Pantheon Lanes;tournament;Mythic Legends Invitational;1;Qualifying;Loki;150650;Norse Myth - Giants & Tricksters;2;222;0;636;5;508;636
25/26;2025-09-18;Pantheon Lanes;tournament;Mythic Legends Invitational;1;Qualifying;Hel;124685;Norse Myth - Giants & Tricksters;2;204;0;587;20;508;587
25/26;2025-09-18;Pantheon Lanes;tournament;Mythic Legends Invitational;1;Qualifying;Fenrir;162230;Norse Myth - Giants & Tricksters;2;202;0;575;26;508;575
25/26;2025-09-18;Pantheon Lanes;tournament;Mythic Legends Invitational;1;Qualifying;Jormungandr;114239;Norse Myth - Giants & Tricksters;2;162;0;508;40;508;508
25/26;2025-09-18;Pantheon Lanes;tournament;Mythic Legends Invitational;1;Qualifying;The Dagda;143101;Celtic Myth - Tuatha De Danann;2;204;0;636;6;508;636
25/26;2025-09-18;Pantheon Lanes;tournament;Mythic Legends Invitational;1;Qualifying;Lugh;174647;Celtic Myth - Tuatha De Danann;2;198;0;592;19;508;592
25/26;2025-09-18;Pantheon Lanes;tournament;Mythic Legends Invitational;1;Qualifying;Brigid;159183;Celtic Myth - Tuatha De Danann;2;184;0;516;39;508;516
25/26;2025-09-18;Pantheon Lanes;tournament;Mythic Legends Invitational;1;Qualifying;Nuada;183755;Celtic Myth - Tuatha De Danann;2;165;0;507;42;508;507
25/26;2025-09-18;Pantheon Lanes;tournament;Mythic Legends Invitational;1;Qualifying;Balor;139930;Celtic Myth - Fomorians;2;218;0;657;3;508;657
25/26;2025-09-18;Pantheon Lanes;tournament;Mythic Legends Invitational;1;Qualifying;Bres;112221;Celtic Myth - Fomorians;2;194;0;597;17;508;597
25/26;2025-09-18;Pantheon Lanes;tournament;Mythic Legends Invitational;1;Qualifying;Elatha;122468;Celtic Myth - Fomorians;2;170;0;498;44;508;498
25/26;2025-09-18;Pantheon Lanes;tournament;Mythic Legends Invitational;1;Qualifying;Tethra;113672;Celtic Myth - Fomorians;2;160;0;494;46;508;494
25/26;2025-09-18;Pantheon Lanes;tournament;Mythic Legends Invitational;1;Qualifying;Marduk;188458;Mesopotamian Myth - Sky Kings;2;210;0;634;8;508;634
25/26;2025-09-18;Pantheon Lanes;tournament;Mythic Legends Invitational;1;Qualifying;Ishtar;172470;Mesopotamian Myth - Sky Kings;2;203;0;580;24;508;580
25/26;2025-09-18;Pantheon Lanes;tournament;Mythic Legends Invitational;1;Qualifying;Shamash;123283;Mesopotamian Myth - Sky Kings;2;187;0;549;31;508;549
25/26;2025-09-18;Pantheon Lanes;tournament;Mythic Legends Invitational;1;Qualifying;Nanna;104202;Mesopotamian Myth - Sky Kings;2;179;0;553;29;508;553
25/26;2025-09-18;Pantheon Lanes;tournament;Mythic Legends Invitational;1;Qualifying;Tiamat;190311;Mesopotamian Myth - Chaos Ancients;2;209;0;633;10;508;633
25/26;2025-09-18;Pantheon Lanes;tournament;Mythic Legends Invitational;1;Qualifying;Kingu;179084;Mesopotamian Myth - Chaos Ancients;2;191;0;595;18;508;595
25/26;2025-09-18;Pantheon Lanes;tournament;Mythic Legends Invitational;1;Qualifying;Nergal;164043;Mesopotamian Myth - Chaos Ancients;2;179;0;540;34;508;540
25/26;2025-09-18;Pantheon Lanes;tournament;Mythic Legends Invitational;1;Qualifying;Ereshkigal;103517;Mesopotamian Myth - Chaos Ancients;2;168;0;529;36;508;529
25/26;2025-09-18;Pantheon Lanes;tournament;Mythic Legends Invitational;1;Qualifying;Indra;124470;Hindu Myth - Devas;2;250;0;701;2;508;701
25/26;2025-09-18;Pantheon Lanes;tournament;Mythic Legends Invitational;1;Qualifying;Vishnu;126083;Hindu Myth - Devas;2;169;0;545;33;508;545
25/26;2025-09-18;Pantheon Lanes;tournament;Mythic Legends Invitational;1;Qualifying;Shiva;109108;Hindu Myth - Devas;2;194;0;577;25;508;577
25/26;2025-09-18;Pantheon Lanes;tournament;Mythic Legends Invitational;1;Qualifying;Durga;150579;Hindu Myth - Devas;2;160;0;483;48;508;483
25/26;2025-09-18;Pantheon Lanes;tournament;Mythic Legends Invitational;1;Qualifying;Mahishasura;137200;Hindu Myth - Asuras;2;221;0;619;13;508;619
25/26;2025-09-18;Pantheon Lanes;tournament;Mythic Legends Invitational;1;Qualifying;Ravana;126986;Hindu Myth - Asuras;2;223;0;612;14;508;612
25/26;2025-09-18;Pantheon Lanes;tournament;Mythic Legends Invitational;1;Qualifying;Hiranyakashipu;130544;Hindu Myth - Asuras;2;186;0;587;21;508;587
25/26;2025-09-18;Pantheon Lanes;tournament;Mythic Legends Invitational;1;Qualifying;Vritra;138155;Hindu Myth - Asuras;2;167;0;500;43;508;500
25/26;2025-09-18;Pantheon Lanes;tournament;Mythic Legends Invitational;1;Qualifying;Zeus;139274;Greek Myth - Olympians;3;222;0;876;4;691;876
25/26;2025-09-18;Pantheon Lanes;tournament;Mythic Legends Invitational;1;Qualifying;Athena;142739;Greek Myth - Olympians;3;200;0;810;15;691;810
25/26;2025-09-18;Pantheon Lanes;tournament;Mythic Legends Invitational;1;Qualifying;Apollo;176933;Greek Myth - Olympians;3;208;0;755;29;691;755
25/26;2025-09-18;Pantheon Lanes;tournament;Mythic Legends Invitational;1;Qualifying;Artemis;103046;Greek Myth - Olympians;3;172;0;706;36;691;706
25/26;2025-09-18;Pantheon Lanes;tournament;Mythic Legends Invitational;1;Qualifying;Cronus;174393;Greek Myth - Titans & Primordials;3;219;0;924;1;691;924
25/26;2025-09-18;Pantheon Lanes;tournament;Mythic Legends Invitational;1;Qualifying;Rhea;104221;Greek Myth - Titans & Primordials;3;158;0;708;35;691;708
25/26;2025-09-18;Pantheon Lanes;tournament;Mythic Legends Invitational;1;Qualifying;Atlas;118236;Greek Myth - Titans & Primordials;3;185;0;770;27;691;770
25/26;2025-09-18;Pantheon Lanes;tournament;Mythic Legends Invitational;1;Qualifying;Hyperion;120144;Greek Myth - Titans & Primordials;3;172;0;694;39;691;694
25/26;2025-09-18;Pantheon Lanes;tournament;Mythic Legends Invitational;1;Qualifying;Ra;143286;Egyptian Myth - Solar Court;3;193;0;766;28;691;766
25/26;2025-09-18;Pantheon Lanes;tournament;Mythic Legends Invitational;1;Qualifying;Horus;174473;Egyptian Myth - Solar Court;3;209;0;783;22;691;783
25/26;2025-09-18;Pantheon Lanes;tournament;Mythic Legends Invitational;1;Qualifying;Bastet;182554;Egyptian Myth - Solar Court;3;200;0;803;17;691;803
25/26;2025-09-18;Pantheon Lanes;tournament;Mythic Legends Invitational;1;Qualifying;Thoth;179036;Egyptian Myth - Solar Court;3;156;0;652;48;691;652
25/26;2025-09-18;Pantheon Lanes;tournament;Mythic Legends Invitational;1;Qualifying;Osiris;179670;Egyptian Myth - Underworld Powers;3;202;0;837;9;691;837
25/26;2025-09-18;Pantheon Lanes;tournament;Mythic Legends Invitational;1;Qualifying;Anubis;175219;Egyptian Myth - Underworld Powers;3;214;0;833;10;691;833
25/26;2025-09-18;Pantheon Lanes;tournament;Mythic Legends Invitational;1;Qualifying;Set;151234;Egyptian Myth - Underworld Powers;3;193;0;775;24;691;775
25/26;2025-09-18;Pantheon Lanes;tournament;Mythic Legends Invitational;1;Qualifying;Sekhmet;149980;Egyptian Myth - Underworld Powers;3;176;0;668;44;691;668
25/26;2025-09-18;Pantheon Lanes;tournament;Mythic Legends Invitational;1;Qualifying;Odin;126765;Norse Myth - Aesir;3;218;0;845;8;691;845
25/26;2025-09-18;Pantheon Lanes;tournament;Mythic Legends Invitational;1;Qualifying;Thor;151201;Norse Myth - Aesir;3;173;0;806;16;691;806
25/26;2025-09-18;Pantheon Lanes;tournament;Mythic Legends Invitational;1;Qualifying;Tyr;108350;Norse Myth - Aesir;3;174;0;702;37;691;702
25/26;2025-09-18;Pantheon Lanes;tournament;Mythic Legends Invitational;1;Qualifying;Frigg;170056;Norse Myth - Aesir;3;165;0;672;43;691;672
25/26;2025-09-18;Pantheon Lanes;tournament;Mythic Legends Invitational;1;Qualifying;Loki;150650;Norse Myth - Giants & Tricksters;3;195;0;831;11;691;831
25/26;2025-09-18;Pantheon Lanes;tournament;Mythic Legends Invitational;1;Qualifying;Hel;124685;Norse Myth - Giants & Tricksters;3;200;0;787;20;691;787
25/26;2025-09-18;Pantheon Lanes;tournament;Mythic Legends Invitational;1;Qualifying;Fenrir;162230;Norse Myth - Giants & Tricksters;3;196;0;771;26;691;771
25/26;2025-09-18;Pantheon Lanes;tournament;Mythic Legends Invitational;1;Qualifying;Jormungandr;114239;Norse Myth - Giants & Tricksters;3;183;0;691;40;691;691
25/26;2025-09-18;Pantheon Lanes;tournament;Mythic Legends Invitational;1;Qualifying;The Dagda;143101;Celtic Myth - Tuatha De Danann;3;216;0;852;6;691;852
25/26;2025-09-18;Pantheon Lanes;tournament;Mythic Legends Invitational;1;Qualifying;Lugh;174647;Celtic Myth - Tuatha De Danann;3;193;0;785;21;691;785
25/26;2025-09-18;Pantheon Lanes;tournament;Mythic Legends Invitational;1;Qualifying;Brigid;159183;Celtic Myth - Tuatha De Danann;3;179;0;695;38;691;695
25/26;2025-09-18;Pantheon Lanes;tournament;Mythic Legends Invitational;1;Qualifying;Nuada;183755;Celtic Myth - Tuatha De Danann;3;168;0;675;42;691;675
25/26;2025-09-18;Pantheon Lanes;tournament;Mythic Legends Invitational;1;Qualifying;Balor;139930;Celtic Myth - Fomorians;3;221;0;878;3;691;878
25/26;2025-09-18;Pantheon Lanes;tournament;Mythic Legends Invitational;1;Qualifying;Bres;112221;Celtic Myth - Fomorians;3;198;0;795;19;691;795
25/26;2025-09-18;Pantheon Lanes;tournament;Mythic Legends Invitational;1;Qualifying;Elatha;122468;Celtic Myth - Fomorians;3;179;0;677;41;691;677
25/26;2025-09-18;Pantheon Lanes;tournament;Mythic Legends Invitational;1;Qualifying;Tethra;113672;Celtic Myth - Fomorians;3;164;0;658;47;691;658
25/26;2025-09-18;Pantheon Lanes;tournament;Mythic Legends Invitational;1;Qualifying;Marduk;188458;Mesopotamian Myth - Sky Kings;3;179;0;813;14;691;813
25/26;2025-09-18;Pantheon Lanes;tournament;Mythic Legends Invitational;1;Qualifying;Ishtar;172470;Mesopotamian Myth - Sky Kings;3;236;0;816;13;691;816
25/26;2025-09-18;Pantheon Lanes;tournament;Mythic Legends Invitational;1;Qualifying;Shamash;123283;Mesopotamian Myth - Sky Kings;3;198;0;747;30;691;747
25/26;2025-09-18;Pantheon Lanes;tournament;Mythic Legends Invitational;1;Qualifying;Nanna;104202;Mesopotamian Myth - Sky Kings;3;191;0;744;31;691;744
25/26;2025-09-18;Pantheon Lanes;tournament;Mythic Legends Invitational;1;Qualifying;Tiamat;190311;Mesopotamian Myth - Chaos Ancients;3;218;0;851;7;691;851
25/26;2025-09-18;Pantheon Lanes;tournament;Mythic Legends Invitational;1;Qualifying;Kingu;179084;Mesopotamian Myth - Chaos Ancients;3;204;0;799;18;691;799
25/26;2025-09-18;Pantheon Lanes;tournament;Mythic Legends Invitational;1;Qualifying;Nergal;164043;Mesopotamian Myth - Chaos Ancients;3;191;0;731;33;691;731
25/26;2025-09-18;Pantheon Lanes;tournament;Mythic Legends Invitational;1;Qualifying;Ereshkigal;103517;Mesopotamian Myth - Chaos Ancients;3;190;0;719;34;691;719
25/26;2025-09-18;Pantheon Lanes;tournament;Mythic Legends Invitational;1;Qualifying;Indra;124470;Hindu Myth - Devas;3;223;0;924;2;691;924
25/26;2025-09-18;Pantheon Lanes;tournament;Mythic Legends Invitational;1;Qualifying;Vishnu;126083;Hindu Myth - Devas;3;190;0;735;32;691;735
25/26;2025-09-18;Pantheon Lanes;tournament;Mythic Legends Invitational;1;Qualifying;Shiva;109108;Hindu Myth - Devas;3;198;0;775;25;691;775
25/26;2025-09-18;Pantheon Lanes;tournament;Mythic Legends Invitational;1;Qualifying;Durga;150579;Hindu Myth - Devas;3;180;0;663;46;691;663
25/26;2025-09-18;Pantheon Lanes;tournament;Mythic Legends Invitational;1;Qualifying;Mahishasura;137200;Hindu Myth - Asuras;3;198;0;817;12;691;817
25/26;2025-09-18;Pantheon Lanes;tournament;Mythic Legends Invitational;1;Qualifying;Ravana;126986;Hindu Myth - Asuras;3;245;0;857;5;691;857
25/26;2025-09-18;Pantheon Lanes;tournament;Mythic Legends Invitational;1;Qualifying;Hiranyakashipu;130544;Hindu Myth - Asuras;3;195;0;782;23;691;782
25/26;2025-09-18;Pantheon Lanes;tournament;Mythic Legends Invitational;1;Qualifying;Vritra;138155;Hindu Myth - Asuras;3;164;0;664;45;691;664
25/26;2025-09-18;Pantheon Lanes;tournament;Mythic Legends Invitational;1;Qualifying;Zeus;139274;Greek Myth - Olympians;4;217;0;1093;3;849;1093
25/26;2025-09-18;Pantheon Lanes;tournament;Mythic Legends Invitational;1;Qualifying;Athena;142739;Greek Myth - Olympians;4;175;0;985;22;849;985
25/26;2025-09-18;Pantheon Lanes;tournament;Mythic Legends Invitational;1;Qualifying;Apollo;176933;Greek Myth - Olympians;4;172;0;927;31;849;927
25/26;2025-09-18;Pantheon Lanes;tournament;Mythic Legends Invitational;1;Qualifying;Artemis;103046;Greek Myth - Olympians;4;175;0;881;35;849;881
25/26;2025-09-18;Pantheon Lanes;tournament;Mythic Legends Invitational;1;Qualifying;Cronus;174393;Greek Myth - Titans & Primordials;4;176;0;1100;2;849;1100
25/26;2025-09-18;Pantheon Lanes;tournament;Mythic Legends Invitational;1;Qualifying;Rhea;104221;Greek Myth - Titans & Primordials;4;158;0;866;37;849;866
25/26;2025-09-18;Pantheon Lanes;tournament;Mythic Legends Invitational;1;Qualifying;Atlas;118236;Greek Myth - Titans & Primordials;4;217;0;987;20;849;987
25/26;2025-09-18;Pantheon Lanes;tournament;Mythic Legends Invitational;1;Qualifying;Hyperion;120144;Greek Myth - Titans & Primordials;4;134;0;828;45;849;828
25/26;2025-09-18;Pantheon Lanes;tournament;Mythic Legends Invitational;1;Qualifying;Ra;143286;Egyptian Myth - Solar Court;4;178;0;944;28;849;944
25/26;2025-09-18;Pantheon Lanes;tournament;Mythic Legends Invitational;1;Qualifying;Horus;174473;Egyptian Myth - Solar Court;4;236;0;1019;12;849;1019
25/26;2025-09-18;Pantheon Lanes;tournament;Mythic Legends Invitational;1;Qualifying;Bastet;182554;Egyptian Myth - Solar Court;4;199;0;1002;16;849;1002
25/26;2025-09-18;Pantheon Lanes;tournament;Mythic Legends Invitational;1;Qualifying;Thoth;179036;Egyptian Myth - Solar Court;4;175;0;827;46;849;827
25/26;2025-09-18;Pantheon Lanes;tournament;Mythic Legends Invitational;1;Qualifying;Osiris;179670;Egyptian Myth - Underworld Powers;4;211;0;1048;9;849;1048
25/26;2025-09-18;Pantheon Lanes;tournament;Mythic Legends Invitational;1;Qualifying;Anubis;175219;Egyptian Myth - Underworld Powers;4;201;0;1034;10;849;1034
25/26;2025-09-18;Pantheon Lanes;tournament;Mythic Legends Invitational;1;Qualifying;Set;151234;Egyptian Myth - Underworld Powers;4;181;0;956;26;849;956
25/26;2025-09-18;Pantheon Lanes;tournament;Mythic Legends Invitational;1;Qualifying;Sekhmet;149980;Egyptian Myth - Underworld Powers;4;175;0;843;43;849;843
25/26;2025-09-18;Pantheon Lanes;tournament;Mythic Legends Invitational;1;Qualifying;Odin;126765;Norse Myth - Aesir;4;209;0;1054;7;849;1054
25/26;2025-09-18;Pantheon Lanes;tournament;Mythic Legends Invitational;1;Qualifying;Thor;151201;Norse Myth - Aesir;4;171;0;977;25;849;977
25/26;2025-09-18;Pantheon Lanes;tournament;Mythic Legends Invitational;1;Qualifying;Tyr;108350;Norse Myth - Aesir;4;163;0;865;38;849;865
25/26;2025-09-18;Pantheon Lanes;tournament;Mythic Legends Invitational;1;Qualifying;Frigg;170056;Norse Myth - Aesir;4;173;0;845;42;849;845
25/26;2025-09-18;Pantheon Lanes;tournament;Mythic Legends Invitational;1;Qualifying;Loki;150650;Norse Myth - Giants & Tricksters;4;188;0;1019;13;849;1019
25/26;2025-09-18;Pantheon Lanes;tournament;Mythic Legends Invitational;1;Qualifying;Hel;124685;Norse Myth - Giants & Tricksters;4;205;0;992;19;849;992
25/26;2025-09-18;Pantheon Lanes;tournament;Mythic Legends Invitational;1;Qualifying;Fenrir;162230;Norse Myth - Giants & Tricksters;4;222;0;993;18;849;993
25/26;2025-09-18;Pantheon Lanes;tournament;Mythic Legends Invitational;1;Qualifying;Jormungandr;114239;Norse Myth - Giants & Tricksters;4;168;0;859;39;849;859
25/26;2025-09-18;Pantheon Lanes;tournament;Mythic Legends Invitational;1;Qualifying;The Dagda;143101;Celtic Myth - Tuatha De Danann;4;227;0;1079;5;849;1079
25/26;2025-09-18;Pantheon Lanes;tournament;Mythic Legends Invitational;1;Qualifying;Lugh;174647;Celtic Myth - Tuatha De Danann;4;194;0;979;24;849;979
25/26;2025-09-18;Pantheon Lanes;tournament;Mythic Legends Invitational;1;Qualifying;Brigid;159183;Celtic Myth - Tuatha De Danann;4;174;0;869;36;849;869
25/26;2025-09-18;Pantheon Lanes;tournament;Mythic Legends Invitational;1;Qualifying;Nuada;183755;Celtic Myth - Tuatha De Danann;4;174;0;849;40;849;849
25/26;2025-09-18;Pantheon Lanes;tournament;Mythic Legends Invitational;1;Qualifying;Balor;139930;Celtic Myth - Fomorians;4;203;0;1081;4;849;1081
25/26;2025-09-18;Pantheon Lanes;tournament;Mythic Legends Invitational;1;Qualifying;Bres;112221;Celtic Myth - Fomorians;4;199;0;994;17;849;994
25/26;2025-09-18;Pantheon Lanes;tournament;Mythic Legends Invitational;1;Qualifying;Elatha;122468;Celtic Myth - Fomorians;4;171;0;848;41;849;848
25/26;2025-09-18;Pantheon Lanes;tournament;Mythic Legends Invitational;1;Qualifying;Tethra;113672;Celtic Myth - Fomorians;4;161;0;819;47;849;819
25/26;2025-09-18;Pantheon Lanes;tournament;Mythic Legends Invitational;1;Qualifying;Marduk;188458;Mesopotamian Myth - Sky Kings;4;213;0;1026;11;849;1026
25/26;2025-09-18;Pantheon Lanes;tournament;Mythic Legends Invitational;1;Qualifying;Ishtar;172470;Mesopotamian Myth - Sky Kings;4;200;0;1016;14;849;1016
25/26;2025-09-18;Pantheon Lanes;tournament;Mythic Legends Invitational;1;Qualifying;Shamash;123283;Mesopotamian Myth - Sky Kings;4;184;0;931;30;849;931
25/26;2025-09-18;Pantheon Lanes;tournament;Mythic Legends Invitational;1;Qualifying;Nanna;104202;Mesopotamian Myth - Sky Kings;4;177;0;921;32;849;921
25/26;2025-09-18;Pantheon Lanes;tournament;Mythic Legends Invitational;1;Qualifying;Tiamat;190311;Mesopotamian Myth - Chaos Ancients;4;222;0;1073;6;849;1073
25/26;2025-09-18;Pantheon Lanes;tournament;Mythic Legends Invitational;1;Qualifying;Kingu;179084;Mesopotamian Myth - Chaos Ancients;4;187;0;986;21;849;986
25/26;2025-09-18;Pantheon Lanes;tournament;Mythic Legends Invitational;1;Qualifying;Nergal;164043;Mesopotamian Myth - Chaos Ancients;4;185;0;916;33;849;916
25/26;2025-09-18;Pantheon Lanes;tournament;Mythic Legends Invitational;1;Qualifying;Ereshkigal;103517;Mesopotamian Myth - Chaos Ancients;4;188;0;907;34;849;907
25/26;2025-09-18;Pantheon Lanes;tournament;Mythic Legends Invitational;1;Qualifying;Indra;124470;Hindu Myth - Devas;4;221;0;1145;1;849;1145
25/26;2025-09-18;Pantheon Lanes;tournament;Mythic Legends Invitational;1;Qualifying;Vishnu;126083;Hindu Myth - Devas;4;209;0;944;29;849;944
25/26;2025-09-18;Pantheon Lanes;tournament;Mythic Legends Invitational;1;Qualifying;Shiva;109108;Hindu Myth - Devas;4;174;0;949;27;849;949
25/26;2025-09-18;Pantheon Lanes;tournament;Mythic Legends Invitational;1;Qualifying;Durga;150579;Hindu Myth - Devas;4;155;0;818;48;849;818
25/26;2025-09-18;Pantheon Lanes;tournament;Mythic Legends Invitational;1;Qualifying;Mahishasura;137200;Hindu Myth - Asuras;4;195;0;1012;15;849;1012
25/26;2025-09-18;Pantheon Lanes;tournament;Mythic Legends Invitational;1;Qualifying;Ravana;126986;Hindu Myth - Asuras;4;196;0;1053;8;849;1053
25/26;2025-09-18;Pantheon Lanes;tournament;Mythic Legends Invitational;1;Qualifying;Hiranyakashipu;130544;Hindu Myth - Asuras;4;200;0;982;23;849;982
25/26;2025-09-18;Pantheon Lanes;tournament;Mythic Legends Invitational;1;Qualifying;Vritra;138155;Hindu Myth - Asuras;4;166;0;830;44;849;830
25/26;2025-09-18;Pantheon Lanes;tournament;Mythic Legends Invitational;1;Qualifying;Zeus;139274;Greek Myth - Olympians;5;217;0;1310;3;1031;1310
25/26;2025-09-18;Pantheon Lanes;tournament;Mythic Legends Invitational;1;Qualifying;Athena;142739;Greek Myth - Olympians;5;197;0;1182;23;1031;1182
25/26;2025-09-18;Pantheon Lanes;tournament;Mythic Legends Invitational;1;Qualifying;Apollo;176933;Greek Myth - Olympians;5;206;0;1133;28;1031;1133
25/26;2025-09-18;Pantheon Lanes;tournament;Mythic Legends Invitational;1;Qualifying;Artemis;103046;Greek Myth - Olympians;5;184;0;1065;34;1031;1065
25/26;2025-09-18;Pantheon Lanes;tournament;Mythic Legends Invitational;1;Qualifying;Cronus;174393;Greek Myth - Titans & Primordials;5;227;0;1327;2;1031;1327
25/26;2025-09-18;Pantheon Lanes;tournament;Mythic Legends Invitational;1;Qualifying;Rhea;104221;Greek Myth - Titans & Primordials;5;170;0;1036;38;1031;1036
25/26;2025-09-18;Pantheon Lanes;tournament;Mythic Legends Invitational;1;Qualifying;Atlas;118236;Greek Myth - Titans & Primordials;5;194;0;1181;24;1031;1181
25/26;2025-09-18;Pantheon Lanes;tournament;Mythic Legends Invitational;1;Qualifying;Hyperion;120144;Greek Myth - Titans & Primordials;5;182;0;1010;43;1031;1010
25/26;2025-09-18;Pantheon Lanes;tournament;Mythic Legends Invitational;1;Qualifying;Ra;143286;Egyptian Myth - Solar Court;5;187;0;1131;29;1031;1131
25/26;2025-09-18;Pantheon Lanes;tournament;Mythic Legends Invitational;1;Qualifying;Horus;174473;Egyptian Myth - Solar Court;5;213;0;1232;13;1031;1232
25/26;2025-09-18;Pantheon Lanes;tournament;Mythic Legends Invitational;1;Qualifying;Bastet;182554;Egyptian Myth - Solar Court;5;196;0;1198;16;1031;1198
25/26;2025-09-18;Pantheon Lanes;tournament;Mythic Legends Invitational;1;Qualifying;Thoth;179036;Egyptian Myth - Solar Court;5;162;0;989;46;1031;989
25/26;2025-09-18;Pantheon Lanes;tournament;Mythic Legends Invitational;1;Qualifying;Osiris;179670;Egyptian Myth - Underworld Powers;5;210;0;1258;8;1031;1258
25/26;2025-09-18;Pantheon Lanes;tournament;Mythic Legends Invitational;1;Qualifying;Anubis;175219;Egyptian Myth - Underworld Powers;5;220;0;1254;10;1031;1254
25/26;2025-09-18;Pantheon Lanes;tournament;Mythic Legends Invitational;1;Qualifying;Set;151234;Egyptian Myth - Underworld Powers;5;200;0;1156;26;1031;1156
25/26;2025-09-18;Pantheon Lanes;tournament;Mythic Legends Invitational;1;Qualifying;Sekhmet;149980;Egyptian Myth - Underworld Powers;5;165;0;1008;44;1031;1008
25/26;2025-09-18;Pantheon Lanes;tournament;Mythic Legends Invitational;1;Qualifying;Odin;126765;Norse Myth - Aesir;5;216;0;1270;7;1031;1270
25/26;2025-09-18;Pantheon Lanes;tournament;Mythic Legends Invitational;1;Qualifying;Thor;151201;Norse Myth - Aesir;5;218;0;1195;18;1031;1195
25/26;2025-09-18;Pantheon Lanes;tournament;Mythic Legends Invitational;1;Qualifying;Tyr;108350;Norse Myth - Aesir;5;166;0;1031;40;1031;1031
25/26;2025-09-18;Pantheon Lanes;tournament;Mythic Legends Invitational;1;Qualifying;Frigg;170056;Norse Myth - Aesir;5;176;0;1021;42;1031;1021
25/26;2025-09-18;Pantheon Lanes;tournament;Mythic Legends Invitational;1;Qualifying;Loki;150650;Norse Myth - Giants & Tricksters;5;217;0;1236;11;1031;1236
25/26;2025-09-18;Pantheon Lanes;tournament;Mythic Legends Invitational;1;Qualifying;Hel;124685;Norse Myth - Giants & Tricksters;5;196;0;1188;20;1031;1188
25/26;2025-09-18;Pantheon Lanes;tournament;Mythic Legends Invitational;1;Qualifying;Fenrir;162230;Norse Myth - Giants & Tricksters;5;204;0;1197;17;1031;1197
25/26;2025-09-18;Pantheon Lanes;tournament;Mythic Legends Invitational;1;Qualifying;Jormungandr;114239;Norse Myth - Giants & Tricksters;5;173;0;1032;39;1031;1032
25/26;2025-09-18;Pantheon Lanes;tournament;Mythic Legends Invitational;1;Qualifying;The Dagda;143101;Celtic Myth - Tuatha De Danann;5;203;0;1282;6;1031;1282
25/26;2025-09-18;Pantheon Lanes;tournament;Mythic Legends Invitational;1;Qualifying;Lugh;174647;Celtic Myth - Tuatha De Danann;5;210;0;1189;19;1031;1189
25/26;2025-09-18;Pantheon Lanes;tournament;Mythic Legends Invitational;1;Qualifying;Brigid;159183;Celtic Myth - Tuatha De Danann;5;172;0;1041;36;1031;1041
25/26;2025-09-18;Pantheon Lanes;tournament;Mythic Legends Invitational;1;Qualifying;Nuada;183755;Celtic Myth - Tuatha De Danann;5;180;0;1029;41;1031;1029
25/26;2025-09-18;Pantheon Lanes;tournament;Mythic Legends Invitational;1;Qualifying;Balor;139930;Celtic Myth - Fomorians;5;228;0;1309;4;1031;1309
25/26;2025-09-18;Pantheon Lanes;tournament;Mythic Legends Invitational;1;Qualifying;Bres;112221;Celtic Myth - Fomorians;5;207;0;1201;15;1031;1201
25/26;2025-09-18;Pantheon Lanes;tournament;Mythic Legends Invitational;1;Qualifying;Elatha;122468;Celtic Myth - Fomorians;5;188;0;1036;37;1031;1036
25/26;2025-09-18;Pantheon Lanes;tournament;Mythic Legends Invitational;1;Qualifying;Tethra;113672;Celtic Myth - Fomorians;5;165;0;984;47;1031;984
25/26;2025-09-18;Pantheon Lanes;tournament;Mythic Legends Invitational;1;Qualifying;Marduk;188458;Mesopotamian Myth - Sky Kings;5;208;0;1234;12;1031;1234
25/26;2025-09-18;Pantheon Lanes;tournament;Mythic Legends Invitational;1;Qualifying;Ishtar;172470;Mesopotamian Myth - Sky Kings;5;171;0;1187;21;1031;1187
25/26;2025-09-18;Pantheon Lanes;tournament;Mythic Legends Invitational;1;Qualifying;Shamash;123283;Mesopotamian Myth - Sky Kings;5;166;0;1097;33;1031;1097
25/26;2025-09-18;Pantheon Lanes;tournament;Mythic Legends Invitational;1;Qualifying;Nanna;104202;Mesopotamian Myth - Sky Kings;5;186;0;1107;31;1031;1107
25/26;2025-09-18;Pantheon Lanes;tournament;Mythic Legends Invitational;1;Qualifying;Tiamat;190311;Mesopotamian Myth - Chaos Ancients;5;211;0;1284;5;1031;1284
25/26;2025-09-18;Pantheon Lanes;tournament;Mythic Legends Invitational;1;Qualifying;Kingu;179084;Mesopotamian Myth - Chaos Ancients;5;198;0;1184;22;1031;1184
25/26;2025-09-18;Pantheon Lanes;tournament;Mythic Legends Invitational;1;Qualifying;Nergal;164043;Mesopotamian Myth - Chaos Ancients;5;184;0;1100;32;1031;1100
25/26;2025-09-18;Pantheon Lanes;tournament;Mythic Legends Invitational;1;Qualifying;Ereshkigal;103517;Mesopotamian Myth - Chaos Ancients;5;145;0;1052;35;1031;1052
25/26;2025-09-18;Pantheon Lanes;tournament;Mythic Legends Invitational;1;Qualifying;Indra;124470;Hindu Myth - Devas;5;238;0;1383;1;1031;1383
25/26;2025-09-18;Pantheon Lanes;tournament;Mythic Legends Invitational;1;Qualifying;Vishnu;126083;Hindu Myth - Devas;5;185;0;1129;30;1031;1129
25/26;2025-09-18;Pantheon Lanes;tournament;Mythic Legends Invitational;1;Qualifying;Shiva;109108;Hindu Myth - Devas;5;207;0;1156;27;1031;1156
25/26;2025-09-18;Pantheon Lanes;tournament;Mythic Legends Invitational;1;Qualifying;Durga;150579;Hindu Myth - Devas;5;165;0;983;48;1031;983
25/26;2025-09-18;Pantheon Lanes;tournament;Mythic Legends Invitational;1;Qualifying;Mahishasura;137200;Hindu Myth - Asuras;5;200;0;1212;14;1031;1212
25/26;2025-09-18;Pantheon Lanes;tournament;Mythic Legends Invitational;1;Qualifying;Ravana;126986;Hindu Myth - Asuras;5;203;0;1256;9;1031;1256
25/26;2025-09-18;Pantheon Lanes;tournament;Mythic Legends Invitational;1;Qualifying;Hiranyakashipu;130544;Hindu Myth - Asuras;5;195;0;1177;25;1031;1177
25/26;2025-09-18;Pantheon Lanes;tournament;Mythic Legends Invitational;1;Qualifying;Vritra;138155;Hindu Myth - Asuras;5;173;0;1003;45;1031;1003
25/26;2025-09-18;Pantheon Lanes;tournament;Mythic Legends Invitational;1;Qualifying;Zeus;139274;Greek Myth - Olympians;6;242;0;1552;3;1202;1552
25/26;2025-09-18;Pantheon Lanes;tournament;Mythic Legends Invitational;1;Qualifying;Athena;142739;Greek Myth - Olympians;6;196;0;1378;23;1202;1378
25/26;2025-09-18;Pantheon Lanes;tournament;Mythic Legends Invitational;1;Qualifying;Apollo;176933;Greek Myth - Olympians;6;202;0;1335;28;1202;1335
25/26;2025-09-18;Pantheon Lanes;tournament;Mythic Legends Invitational;1;Qualifying;Artemis;103046;Greek Myth - Olympians;6;188;0;1253;34;1202;1253
25/26;2025-09-18;Pantheon Lanes;tournament;Mythic Legends Invitational;1;Qualifying;Cronus;174393;Greek Myth - Titans & Primordials;6;248;0;1575;1;1202;1575
25/26;2025-09-18;Pantheon Lanes;tournament;Mythic Legends Invitational;1;Qualifying;Rhea;104221;Greek Myth - Titans & Primordials;6;190;0;1226;36;1202;1226
25/26;2025-09-18;Pantheon Lanes;tournament;Mythic Legends Invitational;1;Qualifying;Atlas;118236;Greek Myth - Titans & Primordials;6;186;0;1367;25;1202;1367
25/26;2025-09-18;Pantheon Lanes;tournament;Mythic Legends Invitational;1;Qualifying;Hyperion;120144;Greek Myth - Titans & Primordials;6;175;0;1185;42;1202;1185
25/26;2025-09-18;Pantheon Lanes;tournament;Mythic Legends Invitational;1;Qualifying;Ra;143286;Egyptian Myth - Solar Court;6;201;0;1332;29;1202;1332
25/26;2025-09-18;Pantheon Lanes;tournament;Mythic Legends Invitational;1;Qualifying;Horus;174473;Egyptian Myth - Solar Court;6;200;0;1432;14;1202;1432
25/26;2025-09-18;Pantheon Lanes;tournament;Mythic Legends Invitational;1;Qualifying;Bastet;182554;Egyptian Myth - Solar Court;6;203;0;1401;16;1202;1401
25/26;2025-09-18;Pantheon Lanes;tournament;Mythic Legends Invitational;1;Qualifying;Thoth;179036;Egyptian Myth - Solar Court;6;172;0;1161;47;1202;1161
25/26;2025-09-18;Pantheon Lanes;tournament;Mythic Legends Invitational;1;Qualifying;Osiris;179670;Egyptian Myth - Underworld Powers;6;227;0;1485;8;1202;1485
25/26;2025-09-18;Pantheon Lanes;tournament;Mythic Legends Invitational;1;Qualifying;Anubis;175219;Egyptian Myth - Underworld Powers;6;198;0;1452;10;1202;1452
25/26;2025-09-18;Pantheon Lanes;tournament;Mythic Legends Invitational;1;Qualifying;Set;151234;Egyptian Myth - Underworld Powers;6;174;0;1330;30;1202;1330
25/26;2025-09-18;Pantheon Lanes;tournament;Mythic Legends Invitational;1;Qualifying;Sekhmet;149980;Egyptian Myth - Underworld Powers;6;166;0;1174;44;1202;1174
25/26;2025-09-18;Pantheon Lanes;tournament;Mythic Legends Invitational;1;Qualifying;Odin;126765;Norse Myth - Aesir;6;240;0;1510;5;1202;1510
25/26;2025-09-18;Pantheon Lanes;tournament;Mythic Legends Invitational;1;Qualifying;Thor;151201;Norse Myth - Aesir;6;196;0;1391;19;1202;1391
25/26;2025-09-18;Pantheon Lanes;tournament;Mythic Legends Invitational;1;Qualifying;Tyr;108350;Norse Myth - Aesir;6;152;0;1183;43;1202;1183
25/26;2025-09-18;Pantheon Lanes;tournament;Mythic Legends Invitational;1;Qualifying;Frigg;170056;Norse Myth - Aesir;6;183;0;1204;39;1202;1204
25/26;2025-09-18;Pantheon Lanes;tournament;Mythic Legends Invitational;1;Qualifying;Loki;150650;Norse Myth - Giants & Tricksters;6;210;0;1446;11;1202;1446
25/26;2025-09-18;Pantheon Lanes;tournament;Mythic Legends Invitational;1;Qualifying;Hel;124685;Norse Myth - Giants & Tricksters;6;204;0;1392;18;1202;1392
25/26;2025-09-18;Pantheon Lanes;tournament;Mythic Legends Invitational;1;Qualifying;Fenrir;162230;Norse Myth - Giants & Tricksters;6;183;0;1380;22;1202;1380
25/26;2025-09-18;Pantheon Lanes;tournament;Mythic Legends Invitational;1;Qualifying;Jormungandr;114239;Norse Myth - Giants & Tricksters;6;130;0;1162;46;1202;1162
25/26;2025-09-18;Pantheon Lanes;tournament;Mythic Legends Invitational;1;Qualifying;The Dagda;143101;Celtic Myth - Tuatha De Danann;6;223;0;1505;6;1202;1505
25/26;2025-09-18;Pantheon Lanes;tournament;Mythic Legends Invitational;1;Qualifying;Lugh;174647;Celtic Myth - Tuatha De Danann;6;194;0;1383;21;1202;1383
25/26;2025-09-18;Pantheon Lanes;tournament;Mythic Legends Invitational;1;Qualifying;Brigid;159183;Celtic Myth - Tuatha De Danann;6;175;0;1216;38;1202;1216
25/26;2025-09-18;Pantheon Lanes;tournament;Mythic Legends Invitational;1;Qualifying;Nuada;183755;Celtic Myth - Tuatha De Danann;6;169;0;1198;41;1202;1198
25/26;2025-09-18;Pantheon Lanes;tournament;Mythic Legends Invitational;1;Qualifying;Balor;139930;Celtic Myth - Fomorians;6;228;0;1537;4;1202;1537
25/26;2025-09-18;Pantheon Lanes;tournament;Mythic Legends Invitational;1;Qualifying;Bres;112221;Celtic Myth - Fomorians;6;196;0;1397;17;1202;1397
25/26;2025-09-18;Pantheon Lanes;tournament;Mythic Legends Invitational;1;Qualifying;Elatha;122468;Celtic Myth - Fomorians;6;197;0;1233;35;1202;1233
25/26;2025-09-18;Pantheon Lanes;tournament;Mythic Legends Invitational;1;Qualifying;Tethra;113672;Celtic Myth - Fomorians;6;159;0;1143;48;1202;1143
25/26;2025-09-18;Pantheon Lanes;tournament;Mythic Legends Invitational;1;Qualifying;Marduk;188458;Mesopotamian Myth - Sky Kings;6;204;0;1438;13;1202;1438
25/26;2025-09-18;Pantheon Lanes;tournament;Mythic Legends Invitational;1;Qualifying;Ishtar;172470;Mesopotamian Myth - Sky Kings;6;222;0;1409;15;1202;1409
25/26;2025-09-18;Pantheon Lanes;tournament;Mythic Legends Invitational;1;Qualifying;Shamash;123283;Mesopotamian Myth - Sky Kings;6;201;0;1298;32;1202;1298
25/26;2025-09-18;Pantheon Lanes;tournament;Mythic Legends Invitational;1;Qualifying;Nanna;104202;Mesopotamian Myth - Sky Kings;6;192;0;1299;31;1202;1299
25/26;2025-09-18;Pantheon Lanes;tournament;Mythic Legends Invitational;1;Qualifying;Tiamat;190311;Mesopotamian Myth - Chaos Ancients;6;216;0;1500;7;1202;1500
25/26;2025-09-18;Pantheon Lanes;tournament;Mythic Legends Invitational;1;Qualifying;Kingu;179084;Mesopotamian Myth - Chaos Ancients;6;204;0;1388;20;1202;1388
25/26;2025-09-18;Pantheon Lanes;tournament;Mythic Legends Invitational;1;Qualifying;Nergal;164043;Mesopotamian Myth - Chaos Ancients;6;189;0;1289;33;1202;1289
25/26;2025-09-18;Pantheon Lanes;tournament;Mythic Legends Invitational;1;Qualifying;Ereshkigal;103517;Mesopotamian Myth - Chaos Ancients;6;171;0;1223;37;1202;1223
25/26;2025-09-18;Pantheon Lanes;tournament;Mythic Legends Invitational;1;Qualifying;Indra;124470;Hindu Myth - Devas;6;191;0;1574;2;1202;1574
25/26;2025-09-18;Pantheon Lanes;tournament;Mythic Legends Invitational;1;Qualifying;Vishnu;126083;Hindu Myth - Devas;6;221;0;1350;27;1202;1350
25/26;2025-09-18;Pantheon Lanes;tournament;Mythic Legends Invitational;1;Qualifying;Shiva;109108;Hindu Myth - Devas;6;210;0;1366;26;1202;1366
25/26;2025-09-18;Pantheon Lanes;tournament;Mythic Legends Invitational;1;Qualifying;Durga;150579;Hindu Myth - Devas;6;190;0;1173;45;1202;1173
25/26;2025-09-18;Pantheon Lanes;tournament;Mythic Legends Invitational;1;Qualifying;Mahishasura;137200;Hindu Myth - Asuras;6;228;0;1440;12;1202;1440
25/26;2025-09-18;Pantheon Lanes;tournament;Mythic Legends Invitational;1;Qualifying;Ravana;126986;Hindu Myth - Asuras;6;203;0;1459;9;1202;1459
25/26;2025-09-18;Pantheon Lanes;tournament;Mythic Legends Invitational;1;Qualifying;Hiranyakashipu;130544;Hindu Myth - Asuras;6;195;0;1372;24;1202;1372
25/26;2025-09-18;Pantheon Lanes;tournament;Mythic Legends Invitational;1;Qualifying;Vritra;138155;Hindu Myth - Asuras;6;199;0;1202;40;1202;1202
25/26;2025-09-18;Pantheon Lanes;tournament;Mythic Legends Invitational;1;Qualifying;Zeus;139274;Greek Myth - Olympians;7;211;0;1763;4;1377;1763
25/26;2025-09-18;Pantheon Lanes;tournament;Mythic Legends Invitational;1;Qualifying;Athena;142739;Greek Myth - Olympians;7;191;0;1569;24;1377;1569
25/26;2025-09-18;Pantheon Lanes;tournament;Mythic Legends Invitational;1;Qualifying;Apollo;176933;Greek Myth - Olympians;7;163;0;1498;31;1377;1498
25/26;2025-09-18;Pantheon Lanes;tournament;Mythic Legends Invitational;1;Qualifying;Artemis;103046;Greek Myth - Olympians;7;169;0;1422;35;1377;1422
25/26;2025-09-18;Pantheon Lanes;tournament;Mythic Legends Invitational;1;Qualifying;Cronus;174393;Greek Myth - Titans & Primordials;7;194;0;1769;2;1377;1769
25/26;2025-09-18;Pantheon Lanes;tournament;Mythic Legends Invitational;1;Qualifying;Rhea;104221;Greek Myth - Titans & Primordials;7;162;0;1388;38;1377;1388
25/26;2025-09-18;Pantheon Lanes;tournament;Mythic Legends Invitational;1;Qualifying;Atlas;118236;Greek Myth - Titans & Primordials;7;199;0;1566;25;1377;1566
25/26;2025-09-18;Pantheon Lanes;tournament;Mythic Legends Invitational;1;Qualifying;Hyperion;120144;Greek Myth - Titans & Primordials;7;191;0;1376;41;1377;1376
25/26;2025-09-18;Pantheon Lanes;tournament;Mythic Legends Invitational;1;Qualifying;Ra;143286;Egyptian Myth - Solar Court;7;168;0;1500;30;1377;1500
25/26;2025-09-18;Pantheon Lanes;tournament;Mythic Legends Invitational;1;Qualifying;Horus;174473;Egyptian Myth - Solar Court;7;215;0;1647;12;1377;1647
25/26;2025-09-18;Pantheon Lanes;tournament;Mythic Legends Invitational;1;Qualifying;Bastet;182554;Egyptian Myth - Solar Court;7;198;0;1599;17;1377;1599
25/26;2025-09-18;Pantheon Lanes;tournament;Mythic Legends Invitational;1;Qualifying;Thoth;179036;Egyptian Myth - Solar Court;7;157;0;1318;47;1377;1318
25/26;2025-09-18;Pantheon Lanes;tournament;Mythic Legends Invitational;1;Qualifying;Osiris;179670;Egyptian Myth - Underworld Powers;7;217;0;1702;8;1377;1702
25/26;2025-09-18;Pantheon Lanes;tournament;Mythic Legends Invitational;1;Qualifying;Anubis;175219;Egyptian Myth - Underworld Powers;7;219;0;1671;9;1377;1671
25/26;2025-09-18;Pantheon Lanes;tournament;Mythic Legends Invitational;1;Qualifying;Set;151234;Egyptian Myth - Underworld Powers;7;185;0;1515;28;1377;1515
25/26;2025-09-18;Pantheon Lanes;tournament;Mythic Legends Invitational;1;Qualifying;Sekhmet;149980;Egyptian Myth - Underworld Powers;7;156;0;1330;45;1377;1330
25/26;2025-09-18;Pantheon Lanes;tournament;Mythic Legends Invitational;1;Qualifying;Odin;126765;Norse Myth - Aesir;7;216;0;1726;5;1377;1726
25/26;2025-09-18;Pantheon Lanes;tournament;Mythic Legends Invitational;1;Qualifying;Thor;151201;Norse Myth - Aesir;7;208;0;1599;18;1377;1599
25/26;2025-09-18;Pantheon Lanes;tournament;Mythic Legends Invitational;1;Qualifying;Tyr;108350;Norse Myth - Aesir;7;183;0;1366;43;1377;1366
25/26;2025-09-18;Pantheon Lanes;tournament;Mythic Legends Invitational;1;Qualifying;Frigg;170056;Norse Myth - Aesir;7;176;0;1380;39;1377;1380
25/26;2025-09-18;Pantheon Lanes;tournament;Mythic Legends Invitational;1;Qualifying;Loki;150650;Norse Myth - Giants & Tricksters;7;218;0;1664;10;1377;1664
25/26;2025-09-18;Pantheon Lanes;tournament;Mythic Legends Invitational;1;Qualifying;Hel;124685;Norse Myth - Giants & Tricksters;7;205;0;1597;19;1377;1597
25/26;2025-09-18;Pantheon Lanes;tournament;Mythic Legends Invitational;1;Qualifying;Fenrir;162230;Norse Myth - Giants & Tricksters;7;212;0;1592;21;1377;1592
25/26;2025-09-18;Pantheon Lanes;tournament;Mythic Legends Invitational;1;Qualifying;Jormungandr;114239;Norse Myth - Giants & Tricksters;7;170;0;1332;44;1377;1332
25/26;2025-09-18;Pantheon Lanes;tournament;Mythic Legends Invitational;1;Qualifying;The Dagda;143101;Celtic Myth - Tuatha De Danann;7;211;0;1716;7;1377;1716
25/26;2025-09-18;Pantheon Lanes;tournament;Mythic Legends Invitational;1;Qualifying;Lugh;174647;Celtic Myth - Tuatha De Danann;7;218;0;1601;16;1377;1601
25/26;2025-09-18;Pantheon Lanes;tournament;Mythic Legends Invitational;1;Qualifying;Brigid;159183;Celtic Myth - Tuatha De Danann;7;195;0;1411;36;1377;1411
25/26;2025-09-18;Pantheon Lanes;tournament;Mythic Legends Invitational;1;Qualifying;Nuada;183755;Celtic Myth - Tuatha De Danann;7;179;0;1377;40;1377;1377
25/26;2025-09-18;Pantheon Lanes;tournament;Mythic Legends Invitational;1;Qualifying;Balor;139930;Celtic Myth - Fomorians;7;242;0;1779;1;1377;1779
25/26;2025-09-18;Pantheon Lanes;tournament;Mythic Legends Invitational;1;Qualifying;Bres;112221;Celtic Myth - Fomorians;7;199;0;1596;20;1377;1596
25/26;2025-09-18;Pantheon Lanes;tournament;Mythic Legends Invitational;1;Qualifying;Elatha;122468;Celtic Myth - Fomorians;7;177;0;1410;37;1377;1410
25/26;2025-09-18;Pantheon Lanes;tournament;Mythic Legends Invitational;1;Qualifying;Tethra;113672;Celtic Myth - Fomorians;7;173;0;1316;48;1377;1316
25/26;2025-09-18;Pantheon Lanes;tournament;Mythic Legends Invitational;1;Qualifying;Marduk;188458;Mesopotamian Myth - Sky Kings;7;195;0;1633;14;1377;1633
25/26;2025-09-18;Pantheon Lanes;tournament;Mythic Legends Invitational;1;Qualifying;Ishtar;172470;Mesopotamian Myth - Sky Kings;7;200;0;1609;15;1377;1609
25/26;2025-09-18;Pantheon Lanes;tournament;Mythic Legends Invitational;1;Qualifying;Shamash;123283;Mesopotamian Myth - Sky Kings;7;204;0;1502;29;1377;1502
25/26;2025-09-18;Pantheon Lanes;tournament;Mythic Legends Invitational;1;Qualifying;Nanna;104202;Mesopotamian Myth - Sky Kings;7;193;0;1492;32;1377;1492
25/26;2025-09-18;Pantheon Lanes;tournament;Mythic Legends Invitational;1;Qualifying;Tiamat;190311;Mesopotamian Myth - Chaos Ancients;7;222;0;1722;6;1377;1722
25/26;2025-09-18;Pantheon Lanes;tournament;Mythic Legends Invitational;1;Qualifying;Kingu;179084;Mesopotamian Myth - Chaos Ancients;7;199;0;1587;22;1377;1587
25/26;2025-09-18;Pantheon Lanes;tournament;Mythic Legends Invitational;1;Qualifying;Nergal;164043;Mesopotamian Myth - Chaos Ancients;7;188;0;1477;33;1377;1477
25/26;2025-09-18;Pantheon Lanes;tournament;Mythic Legends Invitational;1;Qualifying;Ereshkigal;103517;Mesopotamian Myth - Chaos Ancients;7;216;0;1439;34;1377;1439
25/26;2025-09-18;Pantheon Lanes;tournament;Mythic Legends Invitational;1;Qualifying;Indra;124470;Hindu Myth - Devas;7;195;0;1769;3;1377;1769
25/26;2025-09-18;Pantheon Lanes;tournament;Mythic Legends Invitational;1;Qualifying;Vishnu;126083;Hindu Myth - Devas;7;167;0;1517;27;1377;1517
25/26;2025-09-18;Pantheon Lanes;tournament;Mythic Legends Invitational;1;Qualifying;Shiva;109108;Hindu Myth - Devas;7;173;0;1539;26;1377;1539
25/26;2025-09-18;Pantheon Lanes;tournament;Mythic Legends Invitational;1;Qualifying;Durga;150579;Hindu Myth - Devas;7;149;0;1322;46;1377;1322
25/26;2025-09-18;Pantheon Lanes;tournament;Mythic Legends Invitational;1;Qualifying;Mahishasura;137200;Hindu Myth - Asuras;7;194;0;1634;13;1377;1634
25/26;2025-09-18;Pantheon Lanes;tournament;Mythic Legends Invitational;1;Qualifying;Ravana;126986;Hindu Myth - Asuras;7;202;0;1661;11;1377;1661
25/26;2025-09-18;Pantheon Lanes;tournament;Mythic Legends Invitational;1;Qualifying;Hiranyakashipu;130544;Hindu Myth - Asuras;7;207;0;1579;23;1377;1579
25/26;2025-09-18;Pantheon Lanes;tournament;Mythic Legends Invitational;1;Qualifying;Vritra;138155;Hindu Myth - Asuras;7;170;0;1372;42;1377;1372
25/26;2025-09-19;Pantheon Lanes;tournament;Mythic Legends Invitational;2;Round 2;Balor;139930;Celtic Myth - Fomorians;0;206;0;206;10;193;1985
25/26;2025-09-19;Pantheon Lanes;tournament;Mythic Legends Invitational;2;Round 2;Cronus;174393;Greek Myth - Titans & Primordials;0;215;0;215;7;193;1984
25/26;2025-09-19;Pantheon Lanes;tournament;Mythic Legends Invitational;2;Round 2;Indra;124470;Hindu Myth - Devas;0;223;0;223;4;193;1992
25/26;2025-09-19;Pantheon Lanes;tournament;Mythic Legends Invitational;2;Round 2;Zeus;139274;Greek Myth - Olympians;0;211;0;211;9;193;1974
25/26;2025-09-19;Pantheon Lanes;tournament;Mythic Legends Invitational;2;Round 2;Odin;126765;Norse Myth - Aesir;0;195;0;195;18;193;1921
25/26;2025-09-19;Pantheon Lanes;tournament;Mythic Legends Invitational;2;Round 2;Tiamat;190311;Mesopotamian Myth - Chaos Ancients;0;203;0;203;13;193;1925
25/26;2025-09-19;Pantheon Lanes;tournament;Mythic Legends Invitational;2;Round 2;The Dagda;143101;Celtic Myth - Tuatha De Danann;0;213;0;213;8;193;1929
25/26;2025-09-19;Pantheon Lanes;tournament;Mythic Legends Invitational;2;Round 2;Osiris;179670;Egyptian Myth - Underworld Powers;0;224;0;224;3;193;1926
25/26;2025-09-19;Pantheon Lanes;tournament;Mythic Legends Invitational;2;Round 2;Anubis;175219;Egyptian Myth - Underworld Powers;0;200;0;200;15;193;1871
25/26;2025-09-19;Pantheon Lanes;tournament;Mythic Legends Invitational;2;Round 2;Loki;150650;Norse Myth - Giants & Tricksters;0;219;0;219;5;193;1883
25/26;2025-09-19;Pantheon Lanes;tournament;Mythic Legends Invitational;2;Round 2;Ravana;126986;Hindu Myth - Asuras;0;230;0;230;1;193;1891
25/26;2025-09-19;Pantheon Lanes;tournament;Mythic Legends Invitational;2;Round 2;Horus;174473;Egyptian Myth - Solar Court;0;177;0;177;30;193;1824
25/26;2025-09-19;Pantheon Lanes;tournament;Mythic Legends Invitational;2;Round 2;Mahishasura;137200;Hindu Myth - Asuras;0;185;0;185;26;193;1819
25/26;2025-09-19;Pantheon Lanes;tournament;Mythic Legends Invitational;2;Round 2;Marduk;188458;Mesopotamian Myth - Sky Kings;0;193;0;193;20;193;1826
25/26;2025-09-19;Pantheon Lanes;tournament;Mythic Legends Invitational;2;Round 2;Ishtar;172470;Mesopotamian Myth - Sky Kings;0;172;0;172;38;193;1781
25/26;2025-09-19;Pantheon Lanes;tournament;Mythic Legends Invitational;2;Round 2;Lugh;174647;Celtic Myth - Tuatha De Danann;0;205;0;205;11;193;1806
25/26;2025-09-19;Pantheon Lanes;tournament;Mythic Legends Invitational;2;Round 2;Bastet;182554;Egyptian Myth - Solar Court;0;203;0;203;12;193;1802
25/26;2025-09-19;Pantheon Lanes;tournament;Mythic Legends Invitational;2;Round 2;Thor;151201;Norse Myth - Aesir;0;219;0;219;6;193;1818
25/26;2025-09-19;Pantheon Lanes;tournament;Mythic Legends Invitational;2;Round 2;Hel;124685;Norse Myth - Giants & Tricksters;0;186;0;186;25;193;1783
25/26;2025-09-19;Pantheon Lanes;tournament;Mythic Legends Invitational;2;Round 2;Bres;112221;Celtic Myth - Fomorians;0;182;0;182;28;193;1778
25/26;2025-09-19;Pantheon Lanes;tournament;Mythic Legends Invitational;2;Round 2;Fenrir;162230;Norse Myth - Giants & Tricksters;0;202;0;202;14;193;1794
25/26;2025-09-19;Pantheon Lanes;tournament;Mythic Legends Invitational;2;Round 2;Kingu;179084;Mesopotamian Myth - Chaos Ancients;0;190;0;190;22;193;1777
25/26;2025-09-19;Pantheon Lanes;tournament;Mythic Legends Invitational;2;Round 2;Hiranyakashipu;130544;Hindu Myth - Asuras;0;199;0;199;16;193;1778
25/26;2025-09-19;Pantheon Lanes;tournament;Mythic Legends Invitational;2;Round 2;Athena;142739;Greek Myth - Olympians;0;229;0;229;2;193;1798
25/26;2025-09-19;Pantheon Lanes;tournament;Mythic Legends Invitational;2;Round 2;Atlas;118236;Greek Myth - Titans & Primordials;0;173;0;173;35;193;1739
25/26;2025-09-19;Pantheon Lanes;tournament;Mythic Legends Invitational;2;Round 2;Shiva;109108;Hindu Myth - Devas;0;194;0;194;19;193;1733
25/26;2025-09-19;Pantheon Lanes;tournament;Mythic Legends Invitational;2;Round 2;Vishnu;126083;Hindu Myth - Devas;0;177;0;177;31;193;1694
25/26;2025-09-19;Pantheon Lanes;tournament;Mythic Legends Invitational;2;Round 2;Set;151234;Egyptian Myth - Underworld Powers;0;197;0;197;17;193;1712
25/26;2025-09-19;Pantheon Lanes;tournament;Mythic Legends Invitational;2;Round 2;Shamash;123283;Mesopotamian Myth - Sky Kings;0;173;0;173;37;193;1675
25/26;2025-09-19;Pantheon Lanes;tournament;Mythic Legends Invitational;2;Round 2;Ra;143286;Egyptian Myth - Solar Court;0;171;0;171;39;193;1671
25/26;2025-09-19;Pantheon Lanes;tournament;Mythic Legends Invitational;2;Round 2;Apollo;176933;Greek Myth - Olympians;0;182;0;182;27;193;1680
25/26;2025-09-19;Pantheon Lanes;tournament;Mythic Legends Invitational;2;Round 2;Nanna;104202;Mesopotamian Myth - Sky Kings;0;174;0;174;34;193;1666
25/26;2025-09-19;Pantheon Lanes;tournament;Mythic Legends Invitational;2;Round 2;Nergal;164043;Mesopotamian Myth - Chaos Ancients;0;191;0;191;21;193;1668
25/26;2025-09-19;Pantheon Lanes;tournament;Mythic Legends Invitational;2;Round 2;Ereshkigal;103517;Mesopotamian Myth - Chaos Ancients;0;175;0;175;32;193;1614
25/26;2025-09-19;Pantheon Lanes;tournament;Mythic Legends Invitational;2;Round 2;Artemis;103046;Greek Myth - Olympians;0;177;0;177;29;193;1599
25/26;2025-09-19;Pantheon Lanes;tournament;Mythic Legends Invitational;2;Round 2;Brigid;159183;Celtic Myth - Tuatha De Danann;0;157;0;157;40;193;1568
25/26;2025-09-19;Pantheon Lanes;tournament;Mythic Legends Invitational;2;Round 2;Elatha;122468;Celtic Myth - Fomorians;0;187;0;187;24;193;1597
25/26;2025-09-19;Pantheon Lanes;tournament;Mythic Legends Invitational;2;Round 2;Rhea;104221;Greek Myth - Titans & Primordials;0;190;0;190;23;193;1578
25/26;2025-09-19;Pantheon Lanes;tournament;Mythic Legends Invitational;2;Round 2;Frigg;170056;Norse Myth - Aesir;0;175;0;175;33;193;1555
25/26;2025-09-19;Pantheon Lanes;tournament;Mythic Legends Invitational;2;Round 2;Nuada;183755;Celtic Myth - Tuatha De Danann;0;173;0;173;36;193;1550
25/26;2025-09-19;Pantheon Lanes;tournament;Mythic Legends Invitational;2;Round 2;Balor;139930;Celtic Myth - Fomorians;1;214;0;420;10;391;2199
25/26;2025-09-19;Pantheon Lanes;tournament;Mythic Legends Invitational;2;Round 2;Cronus;174393;Greek Myth - Titans & Primordials;1;224;0;439;5;391;2208
25/26;2025-09-19;Pantheon Lanes;tournament;Mythic Legends Invitational;2;Round 2;Indra;124470;Hindu Myth - Devas;1;227;0;450;2;391;2219
25/26;2025-09-19;Pantheon Lanes;tournament;Mythic Legends Invitational;2;Round 2;Zeus;139274;Greek Myth - Olympians;1;224;0;435;6;391;2198
25/26;2025-09-19;Pantheon Lanes;tournament;Mythic Legends Invitational;2;Round 2;Odin;126765;Norse Myth - Aesir;1;203;0;398;17;391;2124
25/26;2025-09-19;Pantheon Lanes;tournament;Mythic Legends Invitational;2;Round 2;Tiamat;190311;Mesopotamian Myth - Chaos Ancients;1;220;0;423;9;391;2145
25/26;2025-09-19;Pantheon Lanes;tournament;Mythic Legends Invitational;2;Round 2;The Dagda;143101;Celtic Myth - Tuatha De Danann;1;206;0;419;12;391;2135
25/26;2025-09-19;Pantheon Lanes;tournament;Mythic Legends Invitational;2;Round 2;Osiris;179670;Egyptian Myth - Underworld Powers;1;231;0;455;1;391;2157
25/26;2025-09-19;Pantheon Lanes;tournament;Mythic Legends Invitational;2;Round 2;Anubis;175219;Egyptian Myth - Underworld Powers;1;216;0;416;13;391;2087
25/26;2025-09-19;Pantheon Lanes;tournament;Mythic Legends Invitational;2;Round 2;Loki;150650;Norse Myth - Giants & Tricksters;1;225;0;444;3;391;2108
25/26;2025-09-19;Pantheon Lanes;tournament;Mythic Legends Invitational;2;Round 2;Ravana;126986;Hindu Myth - Asuras;1;193;0;423;8;391;2084
25/26;2025-09-19;Pantheon Lanes;tournament;Mythic Legends Invitational;2;Round 2;Horus;174473;Egyptian Myth - Solar Court;1;205;0;382;26;391;2029
25/26;2025-09-19;Pantheon Lanes;tournament;Mythic Legends Invitational;2;Round 2;Mahishasura;137200;Hindu Myth - Asuras;1;197;0;382;27;391;2016
25/26;2025-09-19;Pantheon Lanes;tournament;Mythic Legends Invitational;2;Round 2;Marduk;188458;Mesopotamian Myth - Sky Kings;1;248;0;441;4;391;2074
25/26;2025-09-19;Pantheon Lanes;tournament;Mythic Legends Invitational;2;Round 2;Ishtar;172470;Mesopotamian Myth - Sky Kings;1;219;0;391;20;391;2000
25/26;2025-09-19;Pantheon Lanes;tournament;Mythic Legends Invitational;2;Round 2;Lugh;174647;Celtic Myth - Tuatha De Danann;1;197;0;402;15;391;2003
25/26;2025-09-19;Pantheon Lanes;tournament;Mythic Legends Invitational;2;Round 2;Bastet;182554;Egyptian Myth - Solar Court;1;216;0;419;11;391;2018
25/26;2025-09-19;Pantheon Lanes;tournament;Mythic Legends Invitational;2;Round 2;Thor;151201;Norse Myth - Aesir;1;176;0;395;19;391;1994
25/26;2025-09-19;Pantheon Lanes;tournament;Mythic Legends Invitational;2;Round 2;Hel;124685;Norse Myth - Giants & Tricksters;1;203;0;389;23;391;1986
25/26;2025-09-19;Pantheon Lanes;tournament;Mythic Legends Invitational;2;Round 2;Bres;112221;Celtic Myth - Fomorians;1;194;0;376;29;391;1972
25/26;2025-09-19;Pantheon Lanes;tournament;Mythic Legends Invitational;2;Round 2;Fenrir;162230;Norse Myth - Giants & Tricksters;1;199;0;401;16;391;1993
25/26;2025-09-19;Pantheon Lanes;tournament;Mythic Legends Invitational;2;Round 2;Kingu;179084;Mesopotamian Myth - Chaos Ancients;1;205;0;395;18;391;1982
25/26;2025-09-19;Pantheon Lanes;tournament;Mythic Legends Invitational;2;Round 2;Hiranyakashipu;130544;Hindu Myth - Asuras;1;191;0;390;22;391;1969
25/26;2025-09-19;Pantheon Lanes;tournament;Mythic Legends Invitational;2;Round 2;Athena;142739;Greek Myth - Olympians;1;202;0;431;7;391;2000
25/26;2025-09-19;Pantheon Lanes;tournament;Mythic Legends Invitational;2;Round 2;Atlas;118236;Greek Myth - Titans & Primordials;1;177;0;350;36;391;1916
25/26;2025-09-19;Pantheon Lanes;tournament;Mythic Legends Invitational;2;Round 2;Shiva;109108;Hindu Myth - Devas;1;193;0;387;24;391;1926
25/26;2025-09-19;Pantheon Lanes;tournament;Mythic Legends Invitational;2;Round 2;Vishnu;126083;Hindu Myth - Devas;1;189;0;366;32;391;1883
25/26;2025-09-19;Pantheon Lanes;tournament;Mythic Legends Invitational;2;Round 2;Set;151234;Egyptian Myth - Underworld Powers;1;186;0;383;25;391;1898
25/26;2025-09-19;Pantheon Lanes;tournament;Mythic Legends Invitational;2;Round 2;Shamash;123283;Mesopotamian Myth - Sky Kings;1;196;0;369;30;391;1871
25/26;2025-09-19;Pantheon Lanes;tournament;Mythic Legends Invitational;2;Round 2;Ra;143286;Egyptian Myth - Solar Court;1;195;0;366;31;391;1866
25/26;2025-09-19;Pantheon Lanes;tournament;Mythic Legends Invitational;2;Round 2;Apollo;176933;Greek Myth - Olympians;1;229;0;411;14;391;1909
25/26;2025-09-19;Pantheon Lanes;tournament;Mythic Legends Invitational;2;Round 2;Nanna;104202;Mesopotamian Myth - Sky Kings;1;183;0;357;34;391;1849
25/26;2025-09-19;Pantheon Lanes;tournament;Mythic Legends Invitational;2;Round 2;Nergal;164043;Mesopotamian Myth - Chaos Ancients;1;186;0;377;28;391;1854
25/26;2025-09-19;Pantheon Lanes;tournament;Mythic Legends Invitational;2;Round 2;Ereshkigal;103517;Mesopotamian Myth - Chaos Ancients;1;178;0;353;35;391;1792
25/26;2025-09-19;Pantheon Lanes;tournament;Mythic Legends Invitational;2;Round 2;Artemis;103046;Greek Myth - Olympians;1;165;0;342;38;391;1764
25/26;2025-09-19;Pantheon Lanes;tournament;Mythic Legends Invitational;2;Round 2;Brigid;159183;Celtic Myth - Tuatha De Danann;1;175;0;332;40;391;1743
25/26;2025-09-19;Pantheon Lanes;tournament;Mythic Legends Invitational;2;Round 2;Elatha;122468;Celtic Myth - Fomorians;1;174;0;361;33;391;1771
25/26;2025-09-19;Pantheon Lanes;tournament;Mythic Legends Invitational;2;Round 2;Rhea;104221;Greek Myth - Titans & Primordials;1;201;0;391;21;391;1779
25/26;2025-09-19;Pantheon Lanes;tournament;Mythic Legends Invitational;2;Round 2;Frigg;170056;Norse Myth - Aesir;1;172;0;347;37;391;1727
25/26;2025-09-19;Pantheon Lanes;tournament;Mythic Legends Invitational;2;Round 2;Nuada;183755;Celtic Myth - Tuatha De Danann;1;165;0;338;39;391;1715
25/26;2025-09-19;Pantheon Lanes;tournament;Mythic Legends Invitational;2;Round 2;Balor;139930;Celtic Myth - Fomorians;2;190;0;610;15;589;2389
25/26;2025-09-19;Pantheon Lanes;tournament;Mythic Legends Invitational;2;Round 2;Cronus;174393;Greek Myth - Titans & Primordials;2;233;0;672;2;589;2441
25/26;2025-09-19;Pantheon Lanes;tournament;Mythic Legends Invitational;2;Round 2;Indra;124470;Hindu Myth - Devas;2;213;0;663;4;589;2432
25/26;2025-09-19;Pantheon Lanes;tournament;Mythic Legends Invitational;2;Round 2;Zeus;139274;Greek Myth - Olympians;2;217;0;652;5;589;2415
25/26;2025-09-19;Pantheon Lanes;tournament;Mythic Legends Invitational;2;Round 2;Odin;126765;Norse Myth - Aesir;2;214;0;612;14;589;2338
25/26;2025-09-19;Pantheon Lanes;tournament;Mythic Legends Invitational;2;Round 2;Tiamat;190311;Mesopotamian Myth - Chaos Ancients;2;219;0;642;6;589;2364
25/26;2025-09-19;Pantheon Lanes;tournament;Mythic Legends Invitational;2;Round 2;The Dagda;143101;Celtic Myth - Tuatha De Danann;2;212;0;631;10;589;2347
25/26;2025-09-19;Pantheon Lanes;tournament;Mythic Legends Invitational;2;Round 2;Osiris;179670;Egyptian Myth - Underworld Powers;2;219;0;674;1;589;2376
25/26;2025-09-19;Pantheon Lanes;tournament;Mythic Legends Invitational;2;Round 2;Anubis;175219;Egyptian Myth - Underworld Powers;2;197;0;613;13;589;2284
25/26;2025-09-19;Pantheon Lanes;tournament;Mythic Legends Invitational;2;Round 2;Loki;150650;Norse Myth - Giants & Tricksters;2;224;0;668;3;589;2332
25/26;2025-09-19;Pantheon Lanes;tournament;Mythic Legends Invitational;2;Round 2;Ravana;126986;Hindu Myth - Asuras;2;214;0;637;7;589;2298
25/26;2025-09-19;Pantheon Lanes;tournament;Mythic Legends Invitational;2;Round 2;Horus;174473;Egyptian Myth - Solar Court;2;164;0;546;32;589;2193
25/26;2025-09-19;Pantheon Lanes;tournament;Mythic Legends Invitational;2;Round 2;Mahishasura;137200;Hindu Myth - Asuras;2;238;0;620;12;589;2254
25/26;2025-09-19;Pantheon Lanes;tournament;Mythic Legends Invitational;2;Round 2;Marduk;188458;Mesopotamian Myth - Sky Kings;2;193;0;634;8;589;2267
25/26;2025-09-19;Pantheon Lanes;tournament;Mythic Legends Invitational;2;Round 2;Ishtar;172470;Mesopotamian Myth - Sky Kings;2;177;0;568;27;589;2177
25/26;2025-09-19;Pantheon Lanes;tournament;Mythic Legends Invitational;2;Round 2;Lugh;174647;Celtic Myth - Tuatha De Danann;2;195;0;597;19;589;2198
25/26;2025-09-19;Pantheon Lanes;tournament;Mythic Legends Invitational;2;Round 2;Bastet;182554;Egyptian Myth - Solar Court;2;186;0;605;17;589;2204
25/26;2025-09-19;Pantheon Lanes;tournament;Mythic Legends Invitational;2;Round 2;Thor;151201;Norse Myth - Aesir;2;213;0;608;16;589;2207
25/26;2025-09-19;Pantheon Lanes;tournament;Mythic Legends Invitational;2;Round 2;Hel;124685;Norse Myth - Giants & Tricksters;2;189;0;578;23;589;2175
25/26;2025-09-19;Pantheon Lanes;tournament;Mythic Legends Invitational;2;Round 2;Bres;112221;Celtic Myth - Fomorians;2;197;0;573;26;589;2169
25/26;2025-09-19;Pantheon Lanes;tournament;Mythic Legends Invitational;2;Round 2;Fenrir;162230;Norse Myth - Giants & Tricksters;2;199;0;600;18;589;2192
25/26;2025-09-19;Pantheon Lanes;tournament;Mythic Legends Invitational;2;Round 2;Kingu;179084;Mesopotamian Myth - Chaos Ancients;2;189;0;584;22;589;2171
25/26;2025-09-19;Pantheon Lanes;tournament;Mythic Legends Invitational;2;Round 2;Hiranyakashipu;130544;Hindu Myth - Asuras;2;194;0;584;21;589;2163
25/26;2025-09-19;Pantheon Lanes;tournament;Mythic Legends Invitational;2;Round 2;Athena;142739;Greek Myth - Olympians;2;202;0;633;9;589;2202
25/26;2025-09-19;Pantheon Lanes;tournament;Mythic Legends Invitational;2;Round 2;Atlas;118236;Greek Myth - Titans & Primordials;2;177;0;527;37;589;2093
25/26;2025-09-19;Pantheon Lanes;tournament;Mythic Legends Invitational;2;Round 2;Shiva;109108;Hindu Myth - Devas;2;191;0;578;24;589;2117
25/26;2025-09-19;Pantheon Lanes;tournament;Mythic Legends Invitational;2;Round 2;Vishnu;126083;Hindu Myth - Devas;2;209;0;575;25;589;2092
25/26;2025-09-19;Pantheon Lanes;tournament;Mythic Legends Invitational;2;Round 2;Set;151234;Egyptian Myth - Underworld Powers;2;176;0;559;28;589;2074
25/26;2025-09-19;Pantheon Lanes;tournament;Mythic Legends Invitational;2;Round 2;Shamash;123283;Mesopotamian Myth - Sky Kings;2;180;0;549;31;589;2051
25/26;2025-09-19;Pantheon Lanes;tournament;Mythic Legends Invitational;2;Round 2;Ra;143286;Egyptian Myth - Solar Court;2;175;0;541;33;589;2041
25/26;2025-09-19;Pantheon Lanes;tournament;Mythic Legends Invitational;2;Round 2;Apollo;176933;Greek Myth - Olympians;2;178;0;589;20;589;2087
25/26;2025-09-19;Pantheon Lanes;tournament;Mythic Legends Invitational;2;Round 2;Nanna;104202;Mesopotamian Myth - Sky Kings;2;180;0;537;35;589;2029
25/26;2025-09-19;Pantheon Lanes;tournament;Mythic Legends Invitational;2;Round 2;Nergal;164043;Mesopotamian Myth - Chaos Ancients;2;177;0;554;29;589;2031
25/26;2025-09-19;Pantheon Lanes;tournament;Mythic Legends Invitational;2;Round 2;Ereshkigal;103517;Mesopotamian Myth - Chaos Ancients;2;197;0;550;30;589;1989
25/26;2025-09-19;Pantheon Lanes;tournament;Mythic Legends Invitational;2;Round 2;Artemis;103046;Greek Myth - Olympians;2;178;0;520;38;589;1942
25/26;2025-09-19;Pantheon Lanes;tournament;Mythic Legends Invitational;2;Round 2;Brigid;159183;Celtic Myth - Tuatha De Danann;2;173;0;505;39;589;1916
25/26;2025-09-19;Pantheon Lanes;tournament;Mythic Legends Invitational;2;Round 2;Elatha;122468;Celtic Myth - Fomorians;2;177;0;538;34;589;1948
25/26;2025-09-19;Pantheon Lanes;tournament;Mythic Legends Invitational;2;Round 2;Rhea;104221;Greek Myth - Titans & Primordials;2;239;0;630;11;589;2018
25/26;2025-09-19;Pantheon Lanes;tournament;Mythic Legends Invitational;2;Round 2;Frigg;170056;Norse Myth - Aesir;2;186;0;533;36;589;1913
25/26;2025-09-19;Pantheon Lanes;tournament;Mythic Legends Invitational;2;Round 2;Nuada;183755;Celtic Myth - Tuatha De Danann;2;165;0;503;40;589;1880
25/26;2025-09-19;Pantheon Lanes;tournament;Mythic Legends Invitational;2;Round 2;Balor;139930;Celtic Myth - Fomorians;3;203;0;813;15;784;2592
25/26;2025-09-19;Pantheon Lanes;tournament;Mythic Legends Invitational;2;Round 2;Cronus;174393;Greek Myth - Titans & Primordials;3;235;0;907;1;784;2676
25/26;2025-09-19;Pantheon Lanes;tournament;Mythic Legends Invitational;2;Round 2;Indra;124470;Hindu Myth - Devas;3;215;0;878;5;784;2647
25/26;2025-09-19;Pantheon Lanes;tournament;Mythic Legends Invitational;2;Round 2;Zeus;139274;Greek Myth - Olympians;3;240;0;892;2;784;2655
25/26;2025-09-19;Pantheon Lanes;tournament;Mythic Legends Invitational;2;Round 2;Odin;126765;Norse Myth - Aesir;3;208;0;820;12;784;2546
25/26;2025-09-19;Pantheon Lanes;tournament;Mythic Legends Invitational;2;Round 2;Tiamat;190311;Mesopotamian Myth - Chaos Ancients;3;212;0;854;8;784;2576
25/26;2025-09-19;Pantheon Lanes;tournament;Mythic Legends Invitational;2;Round 2;The Dagda;143101;Celtic Myth - Tuatha De Danann;3;212;0;843;10;784;2559
25/26;2025-09-19;Pantheon Lanes;tournament;Mythic Legends Invitational;2;Round 2;Osiris;179670;Egyptian Myth - Underworld Powers;3;216;0;890;3;784;2592
25/26;2025-09-19;Pantheon Lanes;tournament;Mythic Legends Invitational;2;Round 2;Anubis;175219;Egyptian Myth - Underworld Powers;3;195;0;808;18;784;2479
25/26;2025-09-19;Pantheon Lanes;tournament;Mythic Legends Invitational;2;Round 2;Loki;150650;Norse Myth - Giants & Tricksters;3;215;0;883;4;784;2547
25/26;2025-09-19;Pantheon Lanes;tournament;Mythic Legends Invitational;2;Round 2;Ravana;126986;Hindu Myth - Asuras;3;236;0;873;6;784;2534
25/26;2025-09-19;Pantheon Lanes;tournament;Mythic Legends Invitational;2;Round 2;Horus;174473;Egyptian Myth - Solar Court;3;186;0;732;32;784;2379
25/26;2025-09-19;Pantheon Lanes;tournament;Mythic Legends Invitational;2;Round 2;Mahishasura;137200;Hindu Myth - Asuras;3;193;0;813;16;784;2447
25/26;2025-09-19;Pantheon Lanes;tournament;Mythic Legends Invitational;2;Round 2;Marduk;188458;Mesopotamian Myth - Sky Kings;3;219;0;853;9;784;2486
25/26;2025-09-19;Pantheon Lanes;tournament;Mythic Legends Invitational;2;Round 2;Ishtar;172470;Mesopotamian Myth - Sky Kings;3;199;0;767;23;784;2376
25/26;2025-09-19;Pantheon Lanes;tournament;Mythic Legends Invitational;2;Round 2;Lugh;174647;Celtic Myth - Tuatha De Danann;3;189;0;786;19;784;2387
25/26;2025-09-19;Pantheon Lanes;tournament;Mythic Legends Invitational;2;Round 2;Bastet;182554;Egyptian Myth - Solar Court;3;212;0;817;14;784;2416
25/26;2025-09-19;Pantheon Lanes;tournament;Mythic Legends Invitational;2;Round 2;Thor;151201;Norse Myth - Aesir;3;221;0;829;11;784;2428
25/26;2025-09-19;Pantheon Lanes;tournament;Mythic Legends Invitational;2;Round 2;Hel;124685;Norse Myth - Giants & Tricksters;3;205;0;783;21;784;2380
25/26;2025-09-19;Pantheon Lanes;tournament;Mythic Legends Invitational;2;Round 2;Bres;112221;Celtic Myth - Fomorians;3;193;0;766;24;784;2362
25/26;2025-09-19;Pantheon Lanes;tournament;Mythic Legends Invitational;2;Round 2;Fenrir;162230;Norse Myth - Giants & Tricksters;3;219;0;819;13;784;2411
25/26;2025-09-19;Pantheon Lanes;tournament;Mythic Legends Invitational;2;Round 2;Kingu;179084;Mesopotamian Myth - Chaos Ancients;3;178;0;762;26;784;2349
25/26;2025-09-19;Pantheon Lanes;tournament;Mythic Legends Invitational;2;Round 2;Hiranyakashipu;130544;Hindu Myth - Asuras;3;193;0;777;22;784;2356
25/26;2025-09-19;Pantheon Lanes;tournament;Mythic Legends Invitational;2;Round 2;Athena;142739;Greek Myth - Olympians;3;224;0;857;7;784;2426
25/26;2025-09-19;Pantheon Lanes;tournament;Mythic Legends Invitational;2;Round 2;Atlas;118236;Greek Myth - Titans & Primordials;3;179;0;706;36;784;2272
25/26;2025-09-19;Pantheon Lanes;tournament;Mythic Legends Invitational;2;Round 2;Shiva;109108;Hindu Myth - Devas;3;184;0;762;27;784;2301
25/26;2025-09-19;Pantheon Lanes;tournament;Mythic Legends Invitational;2;Round 2;Vishnu;126083;Hindu Myth - Devas;3;187;0;762;28;784;2279
25/26;2025-09-19;Pantheon Lanes;tournament;Mythic Legends Invitational;2;Round 2;Set;151234;Egyptian Myth - Underworld Powers;3;204;0;763;25;784;2278
25/26;2025-09-19;Pantheon Lanes;tournament;Mythic Legends Invitational;2;Round 2;Shamash;123283;Mesopotamian Myth - Sky Kings;3;201;0;750;29;784;2252
25/26;2025-09-19;Pantheon Lanes;tournament;Mythic Legends Invitational;2;Round 2;Ra;143286;Egyptian Myth - Solar Court;3;208;0;749;30;784;2249
25/26;2025-09-19;Pantheon Lanes;tournament;Mythic Legends Invitational;2;Round 2;Apollo;176933;Greek Myth - Olympians;3;195;0;784;20;784;2282
25/26;2025-09-19;Pantheon Lanes;tournament;Mythic Legends Invitational;2;Round 2;Nanna;104202;Mesopotamian Myth - Sky Kings;3;166;0;703;37;784;2195
25/26;2025-09-19;Pantheon Lanes;tournament;Mythic Legends Invitational;2;Round 2;Nergal;164043;Mesopotamian Myth - Chaos Ancients;3;181;0;735;31;784;2212
25/26;2025-09-19;Pantheon Lanes;tournament;Mythic Legends Invitational;2;Round 2;Ereshkigal;103517;Mesopotamian Myth - Chaos Ancients;3;174;0;724;33;784;2163
25/26;2025-09-19;Pantheon Lanes;tournament;Mythic Legends Invitational;2;Round 2;Artemis;103046;Greek Myth - Olympians;3;180;0;700;38;784;2122
25/26;2025-09-19;Pantheon Lanes;tournament;Mythic Legends Invitational;2;Round 2;Brigid;159183;Celtic Myth - Tuatha De Danann;3;179;0;684;39;784;2095
25/26;2025-09-19;Pantheon Lanes;tournament;Mythic Legends Invitational;2;Round 2;Elatha;122468;Celtic Myth - Fomorians;3;169;0;707;35;784;2117
25/26;2025-09-19;Pantheon Lanes;tournament;Mythic Legends Invitational;2;Round 2;Rhea;104221;Greek Myth - Titans & Primordials;3;179;0;809;17;784;2197
25/26;2025-09-19;Pantheon Lanes;tournament;Mythic Legends Invitational;2;Round 2;Frigg;170056;Norse Myth - Aesir;3;183;0;716;34;784;2096
25/26;2025-09-19;Pantheon Lanes;tournament;Mythic Legends Invitational;2;Round 2;Nuada;183755;Celtic Myth - Tuatha De Danann;3;164;0;667;40;784;2044
25/26;2025-09-19;Pantheon Lanes;tournament;Mythic Legends Invitational;2;Round 2;Balor;139930;Celtic Myth - Fomorians;4;217;0;1030;13;983;2809
25/26;2025-09-19;Pantheon Lanes;tournament;Mythic Legends Invitational;2;Round 2;Cronus;174393;Greek Myth - Titans & Primordials;4;201;0;1108;5;983;2877
25/26;2025-09-19;Pantheon Lanes;tournament;Mythic Legends Invitational;2;Round 2;Indra;124470;Hindu Myth - Devas;4;252;0;1130;2;983;2899
25/26;2025-09-19;Pantheon Lanes;tournament;Mythic Legends Invitational;2;Round 2;Zeus;139274;Greek Myth - Olympians;4;242;0;1134;1;983;2897
25/26;2025-09-19;Pantheon Lanes;tournament;Mythic Legends Invitational;2;Round 2;Odin;126765;Norse Myth - Aesir;4;208;0;1028;14;983;2754
25/26;2025-09-19;Pantheon Lanes;tournament;Mythic Legends Invitational;2;Round 2;Tiamat;190311;Mesopotamian Myth - Chaos Ancients;4;224;0;1078;7;983;2800
25/26;2025-09-19;Pantheon Lanes;tournament;Mythic Legends Invitational;2;Round 2;The Dagda;143101;Celtic Myth - Tuatha De Danann;4;206;0;1049;10;983;2765
25/26;2025-09-19;Pantheon Lanes;tournament;Mythic Legends Invitational;2;Round 2;Osiris;179670;Egyptian Myth - Underworld Powers;4;222;0;1112;4;983;2814
25/26;2025-09-19;Pantheon Lanes;tournament;Mythic Legends Invitational;2;Round 2;Anubis;175219;Egyptian Myth - Underworld Powers;4;215;0;1023;16;983;2694
25/26;2025-09-19;Pantheon Lanes;tournament;Mythic Legends Invitational;2;Round 2;Loki;150650;Norse Myth - Giants & Tricksters;4;235;0;1118;3;983;2782
25/26;2025-09-19;Pantheon Lanes;tournament;Mythic Legends Invitational;2;Round 2;Ravana;126986;Hindu Myth - Asuras;4;217;0;1090;6;983;2751
25/26;2025-09-19;Pantheon Lanes;tournament;Mythic Legends Invitational;2;Round 2;Horus;174473;Egyptian Myth - Solar Court;4;190;0;922;32;983;2569
25/26;2025-09-19;Pantheon Lanes;tournament;Mythic Legends Invitational;2;Round 2;Mahishasura;137200;Hindu Myth - Asuras;4;207;0;1020;17;983;2654
25/26;2025-09-19;Pantheon Lanes;tournament;Mythic Legends Invitational;2;Round 2;Marduk;188458;Mesopotamian Myth - Sky Kings;4;212;0;1065;8;983;2698
25/26;2025-09-19;Pantheon Lanes;tournament;Mythic Legends Invitational;2;Round 2;Ishtar;172470;Mesopotamian Myth - Sky Kings;4;172;0;939;28;983;2548
25/26;2025-09-19;Pantheon Lanes;tournament;Mythic Legends Invitational;2;Round 2;Lugh;174647;Celtic Myth - Tuatha De Danann;4;187;0;973;21;983;2574
25/26;2025-09-19;Pantheon Lanes;tournament;Mythic Legends Invitational;2;Round 2;Bastet;182554;Egyptian Myth - Solar Court;4;201;0;1018;18;983;2617
25/26;2025-09-19;Pantheon Lanes;tournament;Mythic Legends Invitational;2;Round 2;Thor;151201;Norse Myth - Aesir;4;214;0;1043;11;983;2642
25/26;2025-09-19;Pantheon Lanes;tournament;Mythic Legends Invitational;2;Round 2;Hel;124685;Norse Myth - Giants & Tricksters;4;188;0;971;22;983;2568
25/26;2025-09-19;Pantheon Lanes;tournament;Mythic Legends Invitational;2;Round 2;Bres;112221;Celtic Myth - Fomorians;4;193;0;959;24;983;2555
25/26;2025-09-19;Pantheon Lanes;tournament;Mythic Legends Invitational;2;Round 2;Fenrir;162230;Norse Myth - Giants & Tricksters;4;205;0;1024;15;983;2616
25/26;2025-09-19;Pantheon Lanes;tournament;Mythic Legends Invitational;2;Round 2;Kingu;179084;Mesopotamian Myth - Chaos Ancients;4;192;0;954;25;983;2541
25/26;2025-09-19;Pantheon Lanes;tournament;Mythic Legends Invitational;2;Round 2;Hiranyakashipu;130544;Hindu Myth - Asuras;4;206;0;983;20;983;2562
25/26;2025-09-19;Pantheon Lanes;tournament;Mythic Legends Invitational;2;Round 2;Athena;142739;Greek Myth - Olympians;4;200;0;1057;9;983;2626
25/26;2025-09-19;Pantheon Lanes;tournament;Mythic Legends Invitational;2;Round 2;Atlas;118236;Greek Myth - Titans & Primordials;4;183;0;889;35;983;2455
25/26;2025-09-19;Pantheon Lanes;tournament;Mythic Legends Invitational;2;Round 2;Shiva;109108;Hindu Myth - Devas;4;174;0;936;29;983;2475
25/26;2025-09-19;Pantheon Lanes;tournament;Mythic Legends Invitational;2;Round 2;Vishnu;126083;Hindu Myth - Devas;4;188;0;950;27;983;2467
25/26;2025-09-19;Pantheon Lanes;tournament;Mythic Legends Invitational;2;Round 2;Set;151234;Egyptian Myth - Underworld Powers;4;204;0;967;23;983;2482
25/26;2025-09-19;Pantheon Lanes;tournament;Mythic Legends Invitational;2;Round 2;Shamash;123283;Mesopotamian Myth - Sky Kings;4;201;0;951;26;983;2453
25/26;2025-09-19;Pantheon Lanes;tournament;Mythic Legends Invitational;2;Round 2;Ra;143286;Egyptian Myth - Solar Court;4;180;0;929;31;983;2429
25/26;2025-09-19;Pantheon Lanes;tournament;Mythic Legends Invitational;2;Round 2;Apollo;176933;Greek Myth - Olympians;4;206;0;990;19;983;2488
25/26;2025-09-19;Pantheon Lanes;tournament;Mythic Legends Invitational;2;Round 2;Nanna;104202;Mesopotamian Myth - Sky Kings;4;183;0;886;37;983;2378
25/26;2025-09-19;Pantheon Lanes;tournament;Mythic Legends Invitational;2;Round 2;Nergal;164043;Mesopotamian Myth - Chaos Ancients;4;195;0;930;30;983;2407
25/26;2025-09-19;Pantheon Lanes;tournament;Mythic Legends Invitational;2;Round 2;Ereshkigal;103517;Mesopotamian Myth - Chaos Ancients;4;190;0;914;33;983;2353
25/26;2025-09-19;Pantheon Lanes;tournament;Mythic Legends Invitational;2;Round 2;Artemis;103046;Greek Myth - Olympians;4;171;0;871;39;983;2293
25/26;2025-09-19;Pantheon Lanes;tournament;Mythic Legends Invitational;2;Round 2;Brigid;159183;Celtic Myth - Tuatha De Danann;4;196;0;880;38;983;2291
25/26;2025-09-19;Pantheon Lanes;tournament;Mythic Legends Invitational;2;Round 2;Elatha;122468;Celtic Myth - Fomorians;4;181;0;888;36;983;2298
25/26;2025-09-19;Pantheon Lanes;tournament;Mythic Legends Invitational;2;Round 2;Rhea;104221;Greek Myth - Titans & Primordials;4;222;0;1031;12;983;2419
25/26;2025-09-19;Pantheon Lanes;tournament;Mythic Legends Invitational;2;Round 2;Frigg;170056;Norse Myth - Aesir;4;190;0;906;34;983;2286
25/26;2025-09-19;Pantheon Lanes;tournament;Mythic Legends Invitational;2;Round 2;Nuada;183755;Celtic Myth - Tuatha De Danann;4;172;0;839;40;983;2216
25/26;2025-09-19;Pantheon Lanes;tournament;Mythic Legends Invitational;2;Round 2;Balor;139930;Celtic Myth - Fomorians;5;223;0;1253;12;1176;3032
25/26;2025-09-19;Pantheon Lanes;tournament;Mythic Legends Invitational;2;Round 2;Cronus;174393;Greek Myth - Titans & Primordials;5;219;0;1327;4;1176;3096
25/26;2025-09-19;Pantheon Lanes;tournament;Mythic Legends Invitational;2;Round 2;Indra;124470;Hindu Myth - Devas;5;259;0;1389;1;1176;3158
25/26;2025-09-19;Pantheon Lanes;tournament;Mythic Legends Invitational;2;Round 2;Zeus;139274;Greek Myth - Olympians;5;214;0;1348;2;1176;3111
25/26;2025-09-19;Pantheon Lanes;tournament;Mythic Legends Invitational;2;Round 2;Odin;126765;Norse Myth - Aesir;5;238;0;1266;10;1176;2992
25/26;2025-09-19;Pantheon Lanes;tournament;Mythic Legends Invitational;2;Round 2;Tiamat;190311;Mesopotamian Myth - Chaos Ancients;5;227;0;1305;7;1176;3027
25/26;2025-09-19;Pantheon Lanes;tournament;Mythic Legends Invitational;2;Round 2;The Dagda;143101;Celtic Myth - Tuatha De Danann;5;219;0;1268;9;1176;2984
25/26;2025-09-19;Pantheon Lanes;tournament;Mythic Legends Invitational;2;Round 2;Osiris;179670;Egyptian Myth - Underworld Powers;5;206;0;1318;5;1176;3020
25/26;2025-09-19;Pantheon Lanes;tournament;Mythic Legends Invitational;2;Round 2;Anubis;175219;Egyptian Myth - Underworld Powers;5;210;0;1233;16;1176;2904
25/26;2025-09-19;Pantheon Lanes;tournament;Mythic Legends Invitational;2;Round 2;Loki;150650;Norse Myth - Giants & Tricksters;5;223;0;1341;3;1176;3005
25/26;2025-09-19;Pantheon Lanes;tournament;Mythic Legends Invitational;2;Round 2;Ravana;126986;Hindu Myth - Asuras;5;226;0;1316;6;1176;2977
25/26;2025-09-19;Pantheon Lanes;tournament;Mythic Legends Invitational;2;Round 2;Horus;174473;Egyptian Myth - Solar Court;5;208;0;1130;29;1176;2777
25/26;2025-09-19;Pantheon Lanes;tournament;Mythic Legends Invitational;2;Round 2;Mahishasura;137200;Hindu Myth - Asuras;5;226;0;1246;14;1176;2880
25/26;2025-09-19;Pantheon Lanes;tournament;Mythic Legends Invitational;2;Round 2;Marduk;188458;Mesopotamian Myth - Sky Kings;5;228;0;1293;8;1176;2926
25/26;2025-09-19;Pantheon Lanes;tournament;Mythic Legends Invitational;2;Round 2;Ishtar;172470;Mesopotamian Myth - Sky Kings;5;181;0;1120;31;1176;2729
25/26;2025-09-19;Pantheon Lanes;tournament;Mythic Legends Invitational;2;Round 2;Lugh;174647;Celtic Myth - Tuatha De Danann;5;203;0;1176;20;1176;2777
25/26;2025-09-19;Pantheon Lanes;tournament;Mythic Legends Invitational;2;Round 2;Bastet;182554;Egyptian Myth - Solar Court;5;207;0;1225;17;1176;2824
25/26;2025-09-19;Pantheon Lanes;tournament;Mythic Legends Invitational;2;Round 2;Thor;151201;Norse Myth - Aesir;5;213;0;1256;11;1176;2855
25/26;2025-09-19;Pantheon Lanes;tournament;Mythic Legends Invitational;2;Round 2;Hel;124685;Norse Myth - Giants & Tricksters;5;190;0;1161;23;1176;2758
25/26;2025-09-19;Pantheon Lanes;tournament;Mythic Legends Invitational;2;Round 2;Bres;112221;Celtic Myth - Fomorians;5;206;0;1165;22;1176;2761
25/26;2025-09-19;Pantheon Lanes;tournament;Mythic Legends Invitational;2;Round 2;Fenrir;162230;Norse Myth - Giants & Tricksters;5;177;0;1201;18;1176;2793
25/26;2025-09-19;Pantheon Lanes;tournament;Mythic Legends Invitational;2;Round 2;Kingu;179084;Mesopotamian Myth - Chaos Ancients;5;187;0;1141;28;1176;2728
25/26;2025-09-19;Pantheon Lanes;tournament;Mythic Legends Invitational;2;Round 2;Hiranyakashipu;130544;Hindu Myth - Asuras;5;188;0;1171;21;1176;2750
25/26;2025-09-19;Pantheon Lanes;tournament;Mythic Legends Invitational;2;Round 2;Athena;142739;Greek Myth - Olympians;5;184;0;1241;15;1176;2810
25/26;2025-09-19;Pantheon Lanes;tournament;Mythic Legends Invitational;2;Round 2;Atlas;118236;Greek Myth - Titans & Primordials;5;165;0;1054;38;1176;2620
25/26;2025-09-19;Pantheon Lanes;tournament;Mythic Legends Invitational;2;Round 2;Shiva;109108;Hindu Myth - Devas;5;190;0;1126;30;1176;2665
25/26;2025-09-19;Pantheon Lanes;tournament;Mythic Legends Invitational;2;Round 2;Vishnu;126083;Hindu Myth - Devas;5;203;0;1153;25;1176;2670
25/26;2025-09-19;Pantheon Lanes;tournament;Mythic Legends Invitational;2;Round 2;Set;151234;Egyptian Myth - Underworld Powers;5;179;0;1146;27;1176;2661
25/26;2025-09-19;Pantheon Lanes;tournament;Mythic Legends Invitational;2;Round 2;Shamash;123283;Mesopotamian Myth - Sky Kings;5;203;0;1154;24;1176;2656
25/26;2025-09-19;Pantheon Lanes;tournament;Mythic Legends Invitational;2;Round 2;Ra;143286;Egyptian Myth - Solar Court;5;218;0;1147;26;1176;2647
25/26;2025-09-19;Pantheon Lanes;tournament;Mythic Legends Invitational;2;Round 2;Apollo;176933;Greek Myth - Olympians;5;190;0;1180;19;1176;2678
25/26;2025-09-19;Pantheon Lanes;tournament;Mythic Legends Invitational;2;Round 2;Nanna;104202;Mesopotamian Myth - Sky Kings;5;186;0;1072;35;1176;2564
25/26;2025-09-19;Pantheon Lanes;tournament;Mythic Legends Invitational;2;Round 2;Nergal;164043;Mesopotamian Myth - Chaos Ancients;5;187;0;1117;32;1176;2594
25/26;2025-09-19;Pantheon Lanes;tournament;Mythic Legends Invitational;2;Round 2;Ereshkigal;103517;Mesopotamian Myth - Chaos Ancients;5;180;0;1094;34;1176;2533
25/26;2025-09-19;Pantheon Lanes;tournament;Mythic Legends Invitational;2;Round 2;Artemis;103046;Greek Myth - Olympians;5;176;0;1047;39;1176;2469
25/26;2025-09-19;Pantheon Lanes;tournament;Mythic Legends Invitational;2;Round 2;Brigid;159183;Celtic Myth - Tuatha De Danann;5;185;0;1065;37;1176;2476
25/26;2025-09-19;Pantheon Lanes;tournament;Mythic Legends Invitational;2;Round 2;Elatha;122468;Celtic Myth - Fomorians;5;183;0;1071;36;1176;2481
25/26;2025-09-19;Pantheon Lanes;tournament;Mythic Legends Invitational;2;Round 2;Rhea;104221;Greek Myth - Titans & Primordials;5;219;0;1250;13;1176;2638
25/26;2025-09-19;Pantheon Lanes;tournament;Mythic Legends Invitational;2;Round 2;Frigg;170056;Norse Myth - Aesir;5;193;0;1099;33;1176;2479
25/26;2025-09-19;Pantheon Lanes;tournament;Mythic Legends Invitational;2;Round 2;Nuada;183755;Celtic Myth - Tuatha De Danann;5;166;0;1005;40;1176;2382
25/26;2025-09-20;Pantheon Lanes;tournament;Mythic Legends Invitational;3;Final;Indra;124470;Hindu Myth - Devas;0;234;0;234;3;;3392
25/26;2025-09-20;Pantheon Lanes;tournament;Mythic Legends Invitational;3;Final;Zeus;139274;Greek Myth - Olympians;0;200;0;200;13;;3311
25/26;2025-09-20;Pantheon Lanes;tournament;Mythic Legends Invitational;3;Final;Cronus;174393;Greek Myth - Titans & Primordials;0;201;0;201;12;;3297
25/26;2025-09-20;Pantheon Lanes;tournament;Mythic Legends Invitational;3;Final;Balor;139930;Celtic Myth - Fomorians;0;231;0;231;4;;3263
25/26;2025-09-20;Pantheon Lanes;tournament;Mythic Legends Invitational;3;Final;Tiamat;190311;Mesopotamian Myth - Chaos Ancients;0;210;0;210;8;;3237
25/26;2025-09-20;Pantheon Lanes;tournament;Mythic Legends Invitational;3;Final;Osiris;179670;Egyptian Myth - Underworld Powers;0;210;0;210;7;;3230
25/26;2025-09-20;Pantheon Lanes;tournament;Mythic Legends Invitational;3;Final;Loki;150650;Norse Myth - Giants & Tricksters;0;206;0;206;10;;3211
25/26;2025-09-20;Pantheon Lanes;tournament;Mythic Legends Invitational;3;Final;Odin;126765;Norse Myth - Aesir;0;236;0;236;2;;3228
25/26;2025-09-20;Pantheon Lanes;tournament;Mythic Legends Invitational;3;Final;The Dagda;143101;Celtic Myth - Tuatha De Danann;0;221;0;221;5;;3205
25/26;2025-09-20;Pantheon Lanes;tournament;Mythic Legends Invitational;3;Final;Ravana;126986;Hindu Myth - Asuras;0;169;0;169;20;;3146
25/26;2025-09-20;Pantheon Lanes;tournament;Mythic Legends Invitational;3;Final;Marduk;188458;Mesopotamian Myth - Sky Kings;0;214;0;214;6;;3140
25/26;2025-09-20;Pantheon Lanes;tournament;Mythic Legends Invitational;3;Final;Anubis;175219;Egyptian Myth - Underworld Powers;0;191;0;191;16;;3095
25/26;2025-09-20;Pantheon Lanes;tournament;Mythic Legends Invitational;3;Final;Mahishasura;137200;Hindu Myth - Asuras;0;236;0;236;1;;3116
25/26;2025-09-20;Pantheon Lanes;tournament;Mythic Legends Invitational;3;Final;Thor;151201;Norse Myth - Aesir;0;205;0;205;11;;3060
25/26;2025-09-20;Pantheon Lanes;tournament;Mythic Legends Invitational;3;Final;Bastet;182554;Egyptian Myth - Solar Court;0;182;0;182;17;;3006
25/26;2025-09-20;Pantheon Lanes;tournament;Mythic Legends Invitational;3;Final;Athena;142739;Greek Myth - Olympians;0;175;0;175;19;;2985
25/26;2025-09-20;Pantheon Lanes;tournament;Mythic Legends Invitational;3;Final;Fenrir;162230;Norse Myth - Giants & Tricksters;0;196;0;196;14;;2989
25/26;2025-09-20;Pantheon Lanes;tournament;Mythic Legends Invitational;3;Final;Horus;174473;Egyptian Myth - Solar Court;0;178;0;178;18;;2955
25/26;2025-09-20;Pantheon Lanes;tournament;Mythic Legends Invitational;3;Final;Lugh;174647;Celtic Myth - Tuatha De Danann;0;192;0;192;15;;2969
25/26;2025-09-20;Pantheon Lanes;tournament;Mythic Legends Invitational;3;Final;Bres;112221;Celtic Myth - Fomorians;0;208;0;208;9;;2969
25/26;2025-09-20;Pantheon Lanes;tournament;Mythic Legends Invitational;3;Final;Indra;124470;Hindu Myth - Devas;1;236;0;470;1;;3628
25/26;2025-09-20;Pantheon Lanes;tournament;Mythic Legends Invitational;3;Final;Zeus;139274;Greek Myth - Olympians;1;203;0;403;13;;3514
25/26;2025-09-20;Pantheon Lanes;tournament;Mythic Legends Invitational;3;Final;Cronus;174393;Greek Myth - Titans & Primordials;1;204;0;405;12;;3501
25/26;2025-09-20;Pantheon Lanes;tournament;Mythic Legends Invitational;3;Final;Balor;139930;Celtic Myth - Fomorians;1;236;0;467;2;;3499
25/26;2025-09-20;Pantheon Lanes;tournament;Mythic Legends Invitational;3;Final;Tiamat;190311;Mesopotamian Myth - Chaos Ancients;1;213;0;423;6;;3450
25/26;2025-09-20;Pantheon Lanes;tournament;Mythic Legends Invitational;3;Final;Osiris;179670;Egyptian Myth - Underworld Powers;1;210;0;420;9;;3440
25/26;2025-09-20;Pantheon Lanes;tournament;Mythic Legends Invitational;3;Final;Loki;150650;Norse Myth - Giants & Tricksters;1;203;0;409;11;;3414
25/26;2025-09-20;Pantheon Lanes;tournament;Mythic Legends Invitational;3;Final;Odin;126765;Norse Myth - Aesir;1;227;0;463;3;;3455
25/26;2025-09-20;Pantheon Lanes;tournament;Mythic Legends Invitational;3;Final;The Dagda;143101;Celtic Myth - Tuatha De Danann;1;216;0;437;4;;3421
25/26;2025-09-20;Pantheon Lanes;tournament;Mythic Legends Invitational;3;Final;Ravana;126986;Hindu Myth - Asuras;1;172;0;341;20;;3318
25/26;2025-09-20;Pantheon Lanes;tournament;Mythic Legends Invitational;3;Final;Marduk;188458;Mesopotamian Myth - Sky Kings;1;220;0;434;5;;3360
25/26;2025-09-20;Pantheon Lanes;tournament;Mythic Legends Invitational;3;Final;Anubis;175219;Egyptian Myth - Underworld Powers;1;198;0;389;15;;3293
25/26;2025-09-20;Pantheon Lanes;tournament;Mythic Legends Invitational;3;Final;Mahishasura;137200;Hindu Myth - Asuras;1;185;0;421;8;;3301
25/26;2025-09-20;Pantheon Lanes;tournament;Mythic Legends Invitational;3;Final;Thor;151201;Norse Myth - Aesir;1;215;0;420;10;;3275
25/26;2025-09-20;Pantheon Lanes;tournament;Mythic Legends Invitational;3;Final;Bastet;182554;Egyptian Myth - Solar Court;1;201;0;383;17;;3207
25/26;2025-09-20;Pantheon Lanes;tournament;Mythic Legends Invitational;3;Final;Athena;142739;Greek Myth - Olympians;1;183;0;358;18;;3168
25/26;2025-09-20;Pantheon Lanes;tournament;Mythic Legends Invitational;3;Final;Fenrir;162230;Norse Myth - Giants & Tricksters;1;197;0;393;14;;3186
25/26;2025-09-20;Pantheon Lanes;tournament;Mythic Legends Invitational;3;Final;Horus;174473;Egyptian Myth - Solar Court;1;180;0;358;19;;3135
25/26;2025-09-20;Pantheon Lanes;tournament;Mythic Legends Invitational;3;Final;Lugh;174647;Celtic Myth - Tuatha De Danann;1;194;0;386;16;;3163
25/26;2025-09-20;Pantheon Lanes;tournament;Mythic Legends Invitational;3;Final;Bres;112221;Celtic Myth - Fomorians;1;214;0;422;7;;3183
25/26;2025-09-20;Pantheon Lanes;tournament;Mythic Legends Invitational;3;Final;Indra;124470;Hindu Myth - Devas;2;224;0;694;1;;3852
25/26;2025-09-20;Pantheon Lanes;tournament;Mythic Legends Invitational;3;Final;Zeus;139274;Greek Myth - Olympians;2;202;0;605;13;;3716
25/26;2025-09-20;Pantheon Lanes;tournament;Mythic Legends Invitational;3;Final;Cronus;174393;Greek Myth - Titans & Primordials;2;208;0;613;12;;3709
25/26;2025-09-20;Pantheon Lanes;tournament;Mythic Legends Invitational;3;Final;Balor;139930;Celtic Myth - Fomorians;2;202;0;669;3;;3701
25/26;2025-09-20;Pantheon Lanes;tournament;Mythic Legends Invitational;3;Final;Tiamat;190311;Mesopotamian Myth - Chaos Ancients;2;213;0;636;6;;3663
25/26;2025-09-20;Pantheon Lanes;tournament;Mythic Legends Invitational;3;Final;Osiris;179670;Egyptian Myth - Underworld Powers;2;214;0;634;7;;3654
25/26;2025-09-20;Pantheon Lanes;tournament;Mythic Legends Invitational;3;Final;Loki;150650;Norse Myth - Giants & Tricksters;2;223;0;632;8;;3637
25/26;2025-09-20;Pantheon Lanes;tournament;Mythic Legends Invitational;3;Final;Odin;126765;Norse Myth - Aesir;2;223;0;686;2;;3678
25/26;2025-09-20;Pantheon Lanes;tournament;Mythic Legends Invitational;3;Final;The Dagda;143101;Celtic Myth - Tuatha De Danann;2;225;0;662;4;;3646
25/26;2025-09-20;Pantheon Lanes;tournament;Mythic Legends Invitational;3;Final;Ravana;126986;Hindu Myth - Asuras;2;211;0;552;19;;3529
25/26;2025-09-20;Pantheon Lanes;tournament;Mythic Legends Invitational;3;Final;Marduk;188458;Mesopotamian Myth - Sky Kings;2;194;0;628;9;;3554
25/26;2025-09-20;Pantheon Lanes;tournament;Mythic Legends Invitational;3;Final;Anubis;175219;Egyptian Myth - Underworld Powers;2;205;0;594;16;;3498
25/26;2025-09-20;Pantheon Lanes;tournament;Mythic Legends Invitational;3;Final;Mahishasura;137200;Hindu Myth - Asuras;2;223;0;644;5;;3524
25/26;2025-09-20;Pantheon Lanes;tournament;Mythic Legends Invitational;3;Final;Thor;151201;Norse Myth - Aesir;2;201;0;621;11;;3476
25/26;2025-09-20;Pantheon Lanes;tournament;Mythic Legends Invitational;3;Final;Bastet;182554;Egyptian Myth - Solar Court;2;218;0;601;14;;3425
25/26;2025-09-20;Pantheon Lanes;tournament;Mythic Legends Invitational;3;Final;Athena;142739;Greek Myth - Olympians;2;220;0;578;17;;3388
25/26;2025-09-20;Pantheon Lanes;tournament;Mythic Legends Invitational;3;Final;Fenrir;162230;Norse Myth - Giants & Tricksters;2;180;0;573;18;;3366
25/26;2025-09-20;Pantheon Lanes;tournament;Mythic Legends Invitational;3;Final;Horus;174473;Egyptian Myth - Solar Court;2;182;0;540;20;;3317
25/26;2025-09-20;Pantheon Lanes;tournament;Mythic Legends Invitational;3;Final;Lugh;174647;Celtic Myth - Tuatha De Danann;2;211;0;597;15;;3374
25/26;2025-09-20;Pantheon Lanes;tournament;Mythic Legends Invitational;3;Final;Bres;112221;Celtic Myth - Fomorians;2;204;0;626;10;;3387
25/26;2025-09-20;Pantheon Lanes;tournament;Mythic Legends Invitational;3;Final;Indra;124470;Hindu Myth - Devas;3;221;0;915;2;;4073
25/26;2025-09-20;Pantheon Lanes;tournament;Mythic Legends Invitational;3;Final;Zeus;139274;Greek Myth - Olympians;3;225;0;830;11;;3941
25/26;2025-09-20;Pantheon Lanes;tournament;Mythic Legends Invitational;3;Final;Cronus;174393;Greek Myth - Titans & Primordials;3;161;0;774;17;;3870
25/26;2025-09-20;Pantheon Lanes;tournament;Mythic Legends Invitational;3;Final;Balor;139930;Celtic Myth - Fomorians;3;234;0;903;3;;3935
25/26;2025-09-20;Pantheon Lanes;tournament;Mythic Legends Invitational;3;Final;Tiamat;190311;Mesopotamian Myth - Chaos Ancients;3;234;0;870;5;;3897
25/26;2025-09-20;Pantheon Lanes;tournament;Mythic Legends Invitational;3;Final;Osiris;179670;Egyptian Myth - Underworld Powers;3;214;0;848;8;;3868
25/26;2025-09-20;Pantheon Lanes;tournament;Mythic Legends Invitational;3;Final;Loki;150650;Norse Myth - Giants & Tricksters;3;193;0;825;12;;3830
25/26;2025-09-20;Pantheon Lanes;tournament;Mythic Legends Invitational;3;Final;Odin;126765;Norse Myth - Aesir;3;241;0;927;1;;3919
25/26;2025-09-20;Pantheon Lanes;tournament;Mythic Legends Invitational;3;Final;The Dagda;143101;Celtic Myth - Tuatha De Danann;3;218;0;880;4;;3864
25/26;2025-09-20;Pantheon Lanes;tournament;Mythic Legends Invitational;3;Final;Ravana;126986;Hindu Myth - Asuras;3;192;0;744;20;;3721
25/26;2025-09-20;Pantheon Lanes;tournament;Mythic Legends Invitational;3;Final;Marduk;188458;Mesopotamian Myth - Sky Kings;3;236;0;864;6;;3790
25/26;2025-09-20;Pantheon Lanes;tournament;Mythic Legends Invitational;3;Final;Anubis;175219;Egyptian Myth - Underworld Powers;3;225;0;819;13;;3723
25/26;2025-09-20;Pantheon Lanes;tournament;Mythic Legends Invitational;3;Final;Mahishasura;137200;Hindu Myth - Asuras;3;199;0;843;9;;3723
25/26;2025-09-20;Pantheon Lanes;tournament;Mythic Legends Invitational;3;Final;Thor;151201;Norse Myth - Aesir;3;234;0;855;7;;3710
25/26;2025-09-20;Pantheon Lanes;tournament;Mythic Legends Invitational;3;Final;Bastet;182554;Egyptian Myth - Solar Court;3;209;0;810;14;;3634
25/26;2025-09-20;Pantheon Lanes;tournament;Mythic Legends Invitational;3;Final;Athena;142739;Greek Myth - Olympians;3;183;0;761;19;;3571
25/26;2025-09-20;Pantheon Lanes;tournament;Mythic Legends Invitational;3;Final;Fenrir;162230;Norse Myth - Giants & Tricksters;3;214;0;787;16;;3580
25/26;2025-09-20;Pantheon Lanes;tournament;Mythic Legends Invitational;3;Final;Horus;174473;Egyptian Myth - Solar Court;3;227;0;767;18;;3544
25/26;2025-09-20;Pantheon Lanes;tournament;Mythic Legends Invitational;3;Final;Lugh;174647;Celtic Myth - Tuatha De Danann;3;202;0;799;15;;3576
25/26;2025-09-20;Pantheon Lanes;tournament;Mythic Legends Invitational;3;Final;Bres;112221;Celtic Myth - Fomorians;3;212;0;838;10;;3599
25/26;2025-09-20;Pantheon Lanes;tournament;Mythic Legends Invitational;3;Final;Indra;124470;Hindu Myth - Devas;4;246;0;1161;2;;4319
25/26;2025-09-20;Pantheon Lanes;tournament;Mythic Legends Invitational;3;Final;Zeus;139274;Greek Myth - Olympians;4;207;0;1037;11;;4148
25/26;2025-09-20;Pantheon Lanes;tournament;Mythic Legends Invitational;3;Final;Cronus;174393;Greek Myth - Titans & Primordials;4;224;0;998;16;;4094
25/26;2025-09-20;Pantheon Lanes;tournament;Mythic Legends Invitational;3;Final;Balor;139930;Celtic Myth - Fomorians;4;222;0;1125;3;;4157
25/26;2025-09-20;Pantheon Lanes;tournament;Mythic Legends Invitational;3;Final;Tiamat;190311;Mesopotamian Myth - Chaos Ancients;4;207;0;1077;7;;4104
25/26;2025-09-20;Pantheon Lanes;tournament;Mythic Legends Invitational;3;Final;Osiris;179670;Egyptian Myth - Underworld Powers;4;209;0;1057;8;;4077
25/26;2025-09-20;Pantheon Lanes;tournament;Mythic Legends Invitational;3;Final;Loki;150650;Norse Myth - Giants & Tricksters;4;206;0;1031;12;;4036
25/26;2025-09-20;Pantheon Lanes;tournament;Mythic Legends Invitational;3;Final;Odin;126765;Norse Myth - Aesir;4;248;0;1175;1;;4167
25/26;2025-09-20;Pantheon Lanes;tournament;Mythic Legends Invitational;3;Final;The Dagda;143101;Celtic Myth - Tuatha De Danann;4;227;0;1107;4;;4091
25/26;2025-09-20;Pantheon Lanes;tournament;Mythic Legends Invitational;3;Final;Ravana;126986;Hindu Myth - Asuras;4;238;0;982;17;;3959
25/26;2025-09-20;Pantheon Lanes;tournament;Mythic Legends Invitational;3;Final;Marduk;188458;Mesopotamian Myth - Sky Kings;4;222;0;1086;5;;4012
25/26;2025-09-20;Pantheon Lanes;tournament;Mythic Legends Invitational;3;Final;Anubis;175219;Egyptian Myth - Underworld Powers;4;204;0;1023;13;;3927
25/26;2025-09-20;Pantheon Lanes;tournament;Mythic Legends Invitational;3;Final;Mahishasura;137200;Hindu Myth - Asuras;4;241;0;1084;6;;3964
25/26;2025-09-20;Pantheon Lanes;tournament;Mythic Legends Invitational;3;Final;Thor;151201;Norse Myth - Aesir;4;198;0;1053;9;;3908
25/26;2025-09-20;Pantheon Lanes;tournament;Mythic Legends Invitational;3;Final;Bastet;182554;Egyptian Myth - Solar Court;4;201;0;1011;14;;3835
25/26;2025-09-20;Pantheon Lanes;tournament;Mythic Legends Invitational;3;Final;Athena;142739;Greek Myth - Olympians;4;178;0;939;20;;3749
25/26;2025-09-20;Pantheon Lanes;tournament;Mythic Legends Invitational;3;Final;Fenrir;162230;Norse Myth - Giants & Tricksters;4;184;0;971;19;;3764
25/26;2025-09-20;Pantheon Lanes;tournament;Mythic Legends Invitational;3;Final;Horus;174473;Egyptian Myth - Solar Court;4;213;0;980;18;;3757
25/26;2025-09-20;Pantheon Lanes;tournament;Mythic Legends Invitational;3;Final;Lugh;174647;Celtic Myth - Tuatha De Danann;4;204;0;1003;15;;3780
25/26;2025-09-20;Pantheon Lanes;tournament;Mythic Legends Invitational;3;Final;Bres;112221;Celtic Myth - Fomorians;4;206;0;1044;10;;3805
25/26;2025-09-20;Pantheon Lanes;tournament;Mythic Legends Invitational;3;Final;Indra;124470;Hindu Myth - Devas;5;237;0;1398;1;;4556
25/26;2025-09-20;Pantheon Lanes;tournament;Mythic Legends Invitational;3;Final;Zeus;139274;Greek Myth - Olympians;5;214;0;1251;11;;4362
25/26;2025-09-20;Pantheon Lanes;tournament;Mythic Legends Invitational;3;Final;Cronus;174393;Greek Myth - Titans & Primordials;5;198;0;1196;16;;4292
25/26;2025-09-20;Pantheon Lanes;tournament;Mythic Legends Invitational;3;Final;Balor;139930;Celtic Myth - Fomorians;5;183;0;1308;5;;4340
25/26;2025-09-20;Pantheon Lanes;tournament;Mythic Legends Invitational;3;Final;Tiamat;190311;Mesopotamian Myth - Chaos Ancients;5;214;0;1291;8;;4318
25/26;2025-09-20;Pantheon Lanes;tournament;Mythic Legends Invitational;3;Final;Osiris;179670;Egyptian Myth - Underworld Powers;5;236;0;1293;7;;4313
25/26;2025-09-20;Pantheon Lanes;tournament;Mythic Legends Invitational;3;Final;Loki;150650;Norse Myth - Giants & Tricksters;5;222;0;1253;10;;4258
25/26;2025-09-20;Pantheon Lanes;tournament;Mythic Legends Invitational;3;Final;Odin;126765;Norse Myth - Aesir;5;221;0;1396;2;;4388
25/26;2025-09-20;Pantheon Lanes;tournament;Mythic Legends Invitational;3;Final;The Dagda;143101;Celtic Myth - Tuatha De Danann;5;218;0;1325;3;;4309
25/26;2025-09-20;Pantheon Lanes;tournament;Mythic Legends Invitational;3;Final;Ravana;126986;Hindu Myth - Asuras;5;207;0;1189;17;;4166
25/26;2025-09-20;Pantheon Lanes;tournament;Mythic Legends Invitational;3;Final;Marduk;188458;Mesopotamian Myth - Sky Kings;5;227;0;1313;4;;4239
25/26;2025-09-20;Pantheon Lanes;tournament;Mythic Legends Invitational;3;Final;Anubis;175219;Egyptian Myth - Underworld Powers;5;219;0;1242;13;;4146
25/26;2025-09-20;Pantheon Lanes;tournament;Mythic Legends Invitational;3;Final;Mahishasura;137200;Hindu Myth - Asuras;5;216;0;1300;6;;4180
25/26;2025-09-20;Pantheon Lanes;tournament;Mythic Legends Invitational;3;Final;Thor;151201;Norse Myth - Aesir;5;212;0;1265;9;;4120
25/26;2025-09-20;Pantheon Lanes;tournament;Mythic Legends Invitational;3;Final;Bastet;182554;Egyptian Myth - Solar Court;5;190;0;1201;15;;4025
25/26;2025-09-20;Pantheon Lanes;tournament;Mythic Legends Invitational;3;Final;Athena;142739;Greek Myth - Olympians;5;199;0;1138;20;;3948
25/26;2025-09-20;Pantheon Lanes;tournament;Mythic Legends Invitational;3;Final;Fenrir;162230;Norse Myth - Giants & Tricksters;5;199;0;1170;19;;3963
25/26;2025-09-20;Pantheon Lanes;tournament;Mythic Legends Invitational;3;Final;Horus;174473;Egyptian Myth - Solar Court;5;203;0;1183;18;;3960
25/26;2025-09-20;Pantheon Lanes;tournament;Mythic Legends Invitational;3;Final;Lugh;174647;Celtic Myth - Tuatha De Danann;5;217;0;1220;14;;3997
25/26;2025-09-20;Pantheon Lanes;tournament;Mythic Legends Invitational;3;Final;Bres;112221;Celtic Myth - Fomorians;5;206;0;1250;12;;4011
26/27;2026-09-18;Pantheon Lanes;tournament;Mythic Legends Invitational;1;Qualifying;Zeus;139274;Greek Myth - Olympians;0;209;0;209;13;171;209
26/27;2026-09-18;Pantheon Lanes;tournament;Mythic Legends Invitational;1;Qualifying;Athena;142739;Greek Myth - Olympians;0;183;0;183;29;171;183
26/27;2026-09-18;Pantheon Lanes;tournament;Mythic Legends Invitational;1;Qualifying;Apollo;176933;Greek Myth - Olympians;0;202;0;202;19;171;202
26/27;2026-09-18;Pantheon Lanes;tournament;Mythic Legends Invitational;1;Qualifying;Artemis;103046;Greek Myth - Olympians;0;171;0;171;38;171;171
26/27;2026-09-18;Pantheon Lanes;tournament;Mythic Legends Invitational;1;Qualifying;Cronus;174393;Greek Myth - Titans & Primordials;0;231;0;231;2;171;231
26/27;2026-09-18;Pantheon Lanes;tournament;Mythic Legends Invitational;1;Qualifying;Rhea;104221;Greek Myth - Titans & Primordials;0;199;0;199;20;171;199
26/27;2026-09-18;Pantheon Lanes;tournament;Mythic Legends Invitational;1;Qualifying;Atlas;118236;Greek Myth - Titans & Primordials;0;177;0;177;31;171;177
26/27;2026-09-18;Pantheon Lanes;tournament;Mythic Legends Invitational;1;Qualifying;Hyperion;120144;Greek Myth - Titans & Primordials;0;166;0;166;44;171;166
26/27;2026-09-18;Pantheon Lanes;tournament;Mythic Legends Invitational;1;Qualifying;Ra;143286;Egyptian Myth - Solar Court;0;203;0;203;18;171;203
26/27;2026-09-18;Pantheon Lanes;tournament;Mythic Legends Invitational;1;Qualifying;Horus;174473;Egyptian Myth - Solar Court;0;170;0;170;42;171;170
26/27;2026-09-18;Pantheon Lanes;tournament;Mythic Legends Invitational;1;Qualifying;Bastet;182554;Egyptian Myth - Solar Court;0;192;0;192;25;171;192
26/27;2026-09-18;Pantheon Lanes;tournament;Mythic Legends Invitational;1;Qualifying;Thoth;179036;Egyptian Myth - Solar Court;0;171;0;171;40;171;171
26/27;2026-09-18;Pantheon Lanes;tournament;Mythic Legends Invitational;1;Qualifying;Osiris;179670;Egyptian Myth - Underworld Powers;0;217;0;217;8;171;217
26/27;2026-09-18;Pantheon Lanes;tournament;Mythic Legends Invitational;1;Qualifying;Anubis;175219;Egyptian Myth - Underworld Powers;0;218;0;218;6;171;218
26/27;2026-09-18;Pantheon Lanes;tournament;Mythic Legends Invitational;1;Qualifying;Set;151234;Egyptian Myth - Underworld Powers;0;147;0;147;47;171;147
26/27;2026-09-18;Pantheon Lanes;tournament;Mythic Legends Invitational;1;Qualifying;Sekhmet;149980;Egyptian Myth - Underworld Powers;0;174;0;174;36;171;174
26/27;2026-09-18;Pantheon Lanes;tournament;Mythic Legends Invitational;1;Qualifying;Odin;126765;Norse Myth - Aesir;0;231;0;231;3;171;231
26/27;2026-09-18;Pantheon Lanes;tournament;Mythic Legends Invitational;1;Qualifying;Thor;151201;Norse Myth - Aesir;0;194;0;194;24;171;194
26/27;2026-09-18;Pantheon Lanes;tournament;Mythic Legends Invitational;1;Qualifying;Tyr;108350;Norse Myth - Aesir;0;198;0;198;21;171;198
26/27;2026-09-18;Pantheon Lanes;tournament;Mythic Legends Invitational;1;Qualifying;Frigg;170056;Norse Myth - Aesir;0;175;0;175;35;171;175
26/27;2026-09-18;Pantheon Lanes;tournament;Mythic Legends Invitational;1;Qualifying;Loki;150650;Norse Myth - Giants & Tricksters;0;205;0;205;17;171;205
26/27;2026-09-18;Pantheon Lanes;tournament;Mythic Legends Invitational;1;Qualifying;Hel;124685;Norse Myth - Giants & Tricksters;0;170;0;170;41;171;170
26/27;2026-09-18;Pantheon Lanes;tournament;Mythic Legends Invitational;1;Qualifying;Fenrir;162230;Norse Myth - Giants & Tricksters;0;183;0;183;30;171;183
26/27;2026-09-18;Pantheon Lanes;tournament;Mythic Legends Invitational;1;Qualifying;Jormungandr;114239;Norse Myth - Giants & Tricksters;0;165;0;165;45;171;165
26/27;2026-09-18;Pantheon Lanes;tournament;Mythic Legends Invitational;1;Qualifying;The Dagda;143101;Celtic Myth - Tuatha De Danann;0;231;0;231;4;171;231
26/27;2026-09-18;Pantheon Lanes;tournament;Mythic Legends Invitational;1;Qualifying;Lugh;174647;Celtic Myth - Tuatha De Danann;0;188;0;188;27;171;188
26/27;2026-09-18;Pantheon Lanes;tournament;Mythic Legends Invitational;1;Qualifying;Brigid;159183;Celtic Myth - Tuatha De Danann;0;176;0;176;33;171;176
26/27;2026-09-18;Pantheon Lanes;tournament;Mythic Legends Invitational;1;Qualifying;Nuada;183755;Celtic Myth - Tuatha De Danann;0;163;0;163;46;171;163
26/27;2026-09-18;Pantheon Lanes;tournament;Mythic Legends Invitational;1;Qualifying;Balor;139930;Celtic Myth - Fomorians;0;221;0;221;5;171;221
26/27;2026-09-18;Pantheon Lanes;tournament;Mythic Legends Invitational;1;Qualifying;Bres;112221;Celtic Myth - Fomorians;0;186;0;186;28;171;186
26/27;2026-09-18;Pantheon Lanes;tournament;Mythic Legends Invitational;1;Qualifying;Elatha;122468;Celtic Myth - Fomorians;0;175;0;175;34;171;175
26/27;2026-09-18;Pantheon Lanes;tournament;Mythic Legends Invitational;1;Qualifying;Tethra;113672;Celtic Myth - Fomorians;0;174;0;174;37;171;174
26/27;2026-09-18;Pantheon Lanes;tournament;Mythic Legends Invitational;1;Qualifying;Marduk;188458;Mesopotamian Myth - Sky Kings;0;196;0;196;23;171;196
26/27;2026-09-18;Pantheon Lanes;tournament;Mythic Legends Invitational;1;Qualifying;Ishtar;172470;Mesopotamian Myth - Sky Kings;0;207;0;207;14;171;207
26/27;2026-09-18;Pantheon Lanes;tournament;Mythic Legends Invitational;1;Qualifying;Shamash;123283;Mesopotamian Myth - Sky Kings;0;213;0;213;11;171;213
26/27;2026-09-18;Pantheon Lanes;tournament;Mythic Legends Invitational;1;Qualifying;Nanna;104202;Mesopotamian Myth - Sky Kings;0;190;0;190;26;171;190
26/27;2026-09-18;Pantheon Lanes;tournament;Mythic Legends Invitational;1;Qualifying;Tiamat;190311;Mesopotamian Myth - Chaos Ancients;0;216;0;216;9;171;216
26/27;2026-09-18;Pantheon Lanes;tournament;Mythic Legends Invitational;1;Qualifying;Kingu;179084;Mesopotamian Myth - Chaos Ancients;0;209;0;209;12;171;209
26/27;2026-09-18;Pantheon Lanes;tournament;Mythic Legends Invitational;1;Qualifying;Nergal;164043;Mesopotamian Myth - Chaos Ancients;0;171;0;171;39;171;171
26/27;2026-09-18;Pantheon Lanes;tournament;Mythic Legends Invitational;1;Qualifying;Ereshkigal;103517;Mesopotamian Myth - Chaos Ancients;0;143;0;143;48;171;143
26/27;2026-09-18;Pantheon Lanes;tournament;Mythic Legends Invitational;1;Qualifying;Indra;124470;Hindu Myth - Devas;0;242;0;242;1;171;242
26/27;2026-09-18;Pantheon Lanes;tournament;Mythic Legends Invitational;1;Qualifying;Vishnu;126083;Hindu Myth - Devas;0;218;0;218;7;171;218
26/27;2026-09-18;Pantheon Lanes;tournament;Mythic Legends Invitational;1;Qualifying;Shiva;109108;Hindu Myth - Devas;0;197;0;197;22;171;197
26/27;2026-09-18;Pantheon Lanes;tournament;Mythic Legends Invitational;1;Qualifying;Durga;150579;Hindu Myth - Devas;0;177;0;177;32;171;177
26/27;2026-09-18;Pantheon Lanes;tournament;Mythic Legends Invitational;1;Qualifying;Mahishasura;137200;Hindu Myth - Asuras;0;206;0;206;16;171;206
26/27;2026-09-18;Pantheon Lanes;tournament;Mythic Legends Invitational;1;Qualifying;Ravana;126986;Hindu Myth - Asuras;0;207;0;207;15;171;207
26/27;2026-09-18;Pantheon Lanes;tournament;Mythic Legends Invitational;1;Qualifying;Hiranyakashipu;130544;Hindu Myth - Asuras;0;213;0;213;10;171;213
26/27;2026-09-18;Pantheon Lanes;tournament;Mythic Legends Invitational;1;Qualifying;Vritra;138155;Hindu Myth - Asuras;0;167;0;167;43;171;167
26/27;2026-09-18;Pantheon Lanes;tournament;Mythic Legends Invitational;1;Qualifying;Zeus;139274;Greek Myth - Olympians;1;224;0;433;4;338;433
26/27;2026-09-18;Pantheon Lanes;tournament;Mythic Legends Invitational;1;Qualifying;Athena;142739;Greek Myth - Olympians;1;173;0;356;32;338;356
26/27;2026-09-18;Pantheon Lanes;tournament;Mythic Legends Invitational;1;Qualifying;Apollo;176933;Greek Myth - Olympians;1;196;0;398;17;338;398
26/27;2026-09-18;Pantheon Lanes;tournament;Mythic Legends Invitational;1;Qualifying;Artemis;103046;Greek Myth - Olympians;1;158;0;329;43;338;329
26/27;2026-09-18;Pantheon Lanes;tournament;Mythic Legends Invitational;1;Qualifying;Cronus;174393;Greek Myth - Titans & Primordials;1;196;0;427;5;338;427
26/27;2026-09-18;Pantheon Lanes;tournament;Mythic Legends Invitational;1;Qualifying;Rhea;104221;Greek Myth - Titans & Primordials;1;193;0;392;20;338;392
26/27;2026-09-18;Pantheon Lanes;tournament;Mythic Legends Invitational;1;Qualifying;Atlas;118236;Greek Myth - Titans & Primordials;1;167;0;344;37;338;344
26/27;2026-09-18;Pantheon Lanes;tournament;Mythic Legends Invitational;1;Qualifying;Hyperion;120144;Greek Myth - Titans & Primordials;1;146;0;312;47;338;312
26/27;2026-09-18;Pantheon Lanes;tournament;Mythic Legends Invitational;1;Qualifying;Ra;143286;Egyptian Myth - Solar Court;1;205;0;408;13;338;408
26/27;2026-09-18;Pantheon Lanes;tournament;Mythic Legends Invitational;1;Qualifying;Horus;174473;Egyptian Myth - Solar Court;1;187;0;357;31;338;357
26/27;2026-09-18;Pantheon Lanes;tournament;Mythic Legends Invitational;1;Qualifying;Bastet;182554;Egyptian Myth - Solar Court;1;177;0;369;27;338;369
26/27;2026-09-18;Pantheon Lanes;tournament;Mythic Legends Invitational;1;Qualifying;Thoth;179036;Egyptian Myth - Solar Court;1;160;0;331;42;338;331
26/27;2026-09-18;Pantheon Lanes;tournament;Mythic Legends Invitational;1;Qualifying;Osiris;179670;Egyptian Myth - Underworld Powers;1;199;0;416;12;338;416
26/27;2026-09-18;Pantheon Lanes;tournament;Mythic Legends Invitational;1;Qualifying;Anubis;175219;Egyptian Myth - Underworld Powers;1;201;0;419;10;338;419
26/27;2026-09-18;Pantheon Lanes;tournament;Mythic Legends Invitational;1;Qualifying;Set;151234;Egyptian Myth - Underworld Powers;1;181;0;328;44;338;328
26/27;2026-09-18;Pantheon Lanes;tournament;Mythic Legends Invitational;1;Qualifying;Sekhmet;149980;Egyptian Myth - Underworld Powers;1;157;0;331;41;338;331
26/27;2026-09-18;Pantheon Lanes;tournament;Mythic Legends Invitational;1;Qualifying;Odin;126765;Norse Myth - Aesir;1;221;0;452;2;338;452
26/27;2026-09-18;Pantheon Lanes;tournament;Mythic Legends Invitational;1;Qualifying;Thor;151201;Norse Myth - Aesir;1;197;0;391;21;338;391
26/27;2026-09-18;Pantheon Lanes;tournament;Mythic Legends Invitational;1;Qualifying;Tyr;108350;Norse Myth - Aesir;1;167;0;365;28;338;365
26/27;2026-09-18;Pantheon Lanes;tournament;Mythic Legends Invitational;1;Qualifying;Frigg;170056;Norse Myth - Aesir;1;189;0;364;29;338;364
26/27;2026-09-18;Pantheon Lanes;tournament;Mythic Legends Invitational;1;Qualifying;Loki;150650;Norse Myth - Giants & Tricksters;1;213;0;418;11;338;418
26/27;2026-09-18;Pantheon Lanes;tournament;Mythic Legends Invitational;1;Qualifying;Hel;124685;Norse Myth - Giants & Tricksters;1;176;0;346;36;338;346
26/27;2026-09-18;Pantheon Lanes;tournament;Mythic Legends Invitational;1;Qualifying;Fenrir;162230;Norse Myth - Giants & Tricksters;1;191;0;374;25;338;374
26/27;2026-09-18;Pantheon Lanes;tournament;Mythic Legends Invitational;1;Qualifying;Jormungandr;114239;Norse Myth - Giants & Tricksters;1;179;0;344;38;338;344
26/27;2026-09-18;Pantheon Lanes;tournament;Mythic Legends Invitational;1;Qualifying;The Dagda;143101;Celtic Myth - Tuatha De Danann;1;203;0;434;3;338;434
26/27;2026-09-18;Pantheon Lanes;tournament;Mythic Legends Invitational;1;Qualifying;Lugh;174647;Celtic Myth - Tuatha De Danann;1;200;0;388;23;338;388
26/27;2026-09-18;Pantheon Lanes;tournament;Mythic Legends Invitational;1;Qualifying;Brigid;159183;Celtic Myth - Tuatha De Danann;1;172;0;348;34;338;348
26/27;2026-09-18;Pantheon Lanes;tournament;Mythic Legends Invitational;1;Qualifying;Nuada;183755;Celtic Myth - Tuatha De Danann;1;175;0;338;40;338;338
26/27;2026-09-18;Pantheon Lanes;tournament;Mythic Legends Invitational;1;Qualifying;Balor;139930;Celtic Myth - Fomorians;1;200;0;421;9;338;421
26/27;2026-09-18;Pantheon Lanes;tournament;Mythic Legends Invitational;1;Qualifying;Bres;112221;Celtic Myth - Fomorians;1;209;0;395;18;338;395
26/27;2026-09-18;Pantheon Lanes;tournament;Mythic Legends Invitational;1;Qualifying;Elatha;122468;Celtic Myth - Fomorians;1;173;0;348;35;338;348
26/27;2026-09-18;Pantheon Lanes;tournament;Mythic Legends Invitational;1;Qualifying;Tethra;113672;Celtic Myth - Fomorians;1;149;0;323;45;338;323
26/27;2026-09-18;Pantheon Lanes;tournament;Mythic Legends Invitational;1;Qualifying;Marduk;188458;Mesopotamian Myth - Sky Kings;1;230;0;426;6;338;426
26/27;2026-09-18;Pantheon Lanes;tournament;Mythic Legends Invitational;1;Qualifying;Ishtar;172470;Mesopotamian Myth - Sky Kings;1;192;0;399;16;338;399
26/27;2026-09-18;Pantheon Lanes;tournament;Mythic Legends Invitational;1;Qualifying;Shamash;123283;Mesopotamian Myth - Sky Kings;1;176;0;389;22;338;389
26/27;2026-09-18;Pantheon Lanes;tournament;Mythic Legends Invitational;1;Qualifying;Nanna;104202;Mesopotamian Myth - Sky Kings;1;170;0;360;30;338;360
26/27;2026-09-18;Pantheon Lanes;tournament;Mythic Legends Invitational;1;Qualifying;Tiamat;190311;Mesopotamian Myth - Chaos Ancients;1;210;0;426;8;338;426
26/27;2026-09-18;Pantheon Lanes;tournament;Mythic Legends Invitational;1;Qualifying;Kingu;179084;Mesopotamian Myth - Chaos Ancients;1;197;0;406;14;338;406
26/27;2026-09-18;Pantheon Lanes;tournament;Mythic Legends Invitational;1;Qualifying;Nergal;164043;Mesopotamian Myth - Chaos Ancients;1;181;0;352;33;338;352
26/27;2026-09-18;Pantheon Lanes;tournament;Mythic Legends Invitational;1;Qualifying;Ereshkigal;103517;Mesopotamian Myth - Chaos Ancients;1;156;0;299;48;338;299
26/27;2026-09-18;Pantheon Lanes;tournament;Mythic Legends Invitational;1;Qualifying;Indra;124470;Hindu Myth - Devas;1;249;0;491;1;338;491
26/27;2026-09-18;Pantheon Lanes;tournament;Mythic Legends Invitational;1;Qualifying;Vishnu;126083;Hindu Myth - Devas;1;187;0;405;15;338;405
26/27;2026-09-18;Pantheon Lanes;tournament;Mythic Legends Invitational;1;Qualifying;Shiva;109108;Hindu Myth - Devas;1;173;0;370;26;338;370
26/27;2026-09-18;Pantheon Lanes;tournament;Mythic Legends Invitational;1;Qualifying;Durga;150579;Hindu Myth - Devas;1;138;0;315;46;338;315
26/27;2026-09-18;Pantheon Lanes;tournament;Mythic Legends Invitational;1;Qualifying;Mahishasura;137200;Hindu Myth - Asuras;1;180;0;386;24;338;386
26/27;2026-09-18;Pantheon Lanes;tournament;Mythic Legends Invitational;1;Qualifying;Ravana;126986;Hindu Myth - Asuras;1;219;0;426;7;338;426
26/27;2026-09-18;Pantheon Lanes;tournament;Mythic Legends Invitational;1;Qualifying;Hiranyakashipu;130544;Hindu Myth - Asuras;1;182;0;395;19;338;395
26/27;2026-09-18;Pantheon Lanes;tournament;Mythic Legends Invitational;1;Qualifying;Vritra;138155;Hindu Myth - Asuras;1;172;0;339;39;338;339
26/27;2026-09-18;Pantheon Lanes;tournament;Mythic Legends Invitational;1;Qualifying;Zeus;139274;Greek Myth - Olympians;2;209;0;642;4;503;642
26/27;2026-09-18;Pantheon Lanes;tournament;Mythic Legends Invitational;1;Qualifying;Athena;142739;Greek Myth - Olympians;2;183;0;539;30;503;539
26/27;2026-09-18;Pantheon Lanes;tournament;Mythic Legends Invitational;1;Qualifying;Apollo;176933;Greek Myth - Olympians;2;172;0;570;24;503;570
26/27;2026-09-18;Pantheon Lanes;tournament;Mythic Legends Invitational;1;Qualifying;Artemis;103046;Greek Myth - Olympians;2;161;0;490;45;503;490
26/27;2026-09-18;Pantheon Lanes;tournament;Mythic Legends Invitational;1;Qualifying;Cronus;174393;Greek Myth - Titans & Primordials;2;194;0;621;11;503;621
26/27;2026-09-18;Pantheon Lanes;tournament;Mythic Legends Invitational;1;Qualifying;Rhea;104221;Greek Myth - Titans & Primordials;2;213;0;605;14;503;605
26/27;2026-09-18;Pantheon Lanes;tournament;Mythic Legends Invitational;1;Qualifying;Atlas;118236;Greek Myth - Titans & Primordials;2;173;0;517;38;503;517
26/27;2026-09-18;Pantheon Lanes;tournament;Mythic Legends Invitational;1;Qualifying;Hyperion;120144;Greek Myth - Titans & Primordials;2;163;0;475;47;503;475
26/27;2026-09-18;Pantheon Lanes;tournament;Mythic Legends Invitational;1;Qualifying;Ra;143286;Egyptian Myth - Solar Court;2;191;0;599;18;503;599
26/27;2026-09-18;Pantheon Lanes;tournament;Mythic Legends Invitational;1;Qualifying;Horus;174473;Egyptian Myth - Solar Court;2;181;0;538;31;503;538
26/27;2026-09-18;Pantheon Lanes;tournament;Mythic Legends Invitational;1;Qualifying;Bastet;182554;Egyptian Myth - Solar Court;2;184;0;553;26;503;553
26/27;2026-09-18;Pantheon Lanes;tournament;Mythic Legends Invitational;1;Qualifying;Thoth;179036;Egyptian Myth - Solar Court;2;166;0;497;44;503;497
26/27;2026-09-18;Pantheon Lanes;tournament;Mythic Legends Invitational;1;Qualifying;Osiris;179670;Egyptian Myth - Underworld Powers;2;214;0;630;7;503;630
26/27;2026-09-18;Pantheon Lanes;tournament;Mythic Legends Invitational;1;Qualifying;Anubis;175219;Egyptian Myth - Underworld Powers;2;211;0;630;6;503;630
26/27;2026-09-18;Pantheon Lanes;tournament;Mythic Legends Invitational;1;Qualifying;Set;151234;Egyptian Myth - Underworld Powers;2;175;0;503;41;503;503
26/27;2026-09-18;Pantheon Lanes;tournament;Mythic Legends Invitational;1;Qualifying;Sekhmet;149980;Egyptian Myth - Underworld Powers;2;167;0;498;42;503;498
26/27;2026-09-18;Pantheon Lanes;tournament;Mythic Legends Invitational;1;Qualifying;Odin;126765;Norse Myth - Aesir;2;218;0;670;2;503;670
26/27;2026-09-18;Pantheon Lanes;tournament;Mythic Legends Invitational;1;Qualifying;Thor;151201;Norse Myth - Aesir;2;213;0;604;15;503;604
26/27;2026-09-18;Pantheon Lanes;tournament;Mythic Legends Invitational;1;Qualifying;Tyr;108350;Norse Myth - Aesir;2;166;0;531;35;503;531
26/27;2026-09-18;Pantheon Lanes;tournament;Mythic Legends Invitational;1;Qualifying;Frigg;170056;Norse Myth - Aesir;2;171;0;535;33;503;535
26/27;2026-09-18;Pantheon Lanes;tournament;Mythic Legends Invitational;1;Qualifying;Loki;150650;Norse Myth - Giants & Tricksters;2;204;0;622;9;503;622
26/27;2026-09-18;Pantheon Lanes;tournament;Mythic Legends Invitational;1;Qualifying;Hel;124685;Norse Myth - Giants & Tricksters;2;200;0;546;27;503;546
26/27;2026-09-18;Pantheon Lanes;tournament;Mythic Legends Invitational;1;Qualifying;Fenrir;162230;Norse Myth - Giants & Tricksters;2;185;0;559;25;503;559
26/27;2026-09-18;Pantheon Lanes;tournament;Mythic Legends Invitational;1;Qualifying;Jormungandr;114239;Norse Myth - Giants & Tricksters;2;179;0;523;36;503;523
26/27;2026-09-18;Pantheon Lanes;tournament;Mythic Legends Invitational;1;Qualifying;The Dagda;143101;Celtic Myth - Tuatha De Danann;2;219;0;653;3;503;653
26/27;2026-09-18;Pantheon Lanes;tournament;Mythic Legends Invitational;1;Qualifying;Lugh;174647;Celtic Myth - Tuatha De Danann;2;204;0;592;20;503;592
26/27;2026-09-18;Pantheon Lanes;tournament;Mythic Legends Invitational;1;Qualifying;Brigid;159183;Celtic Myth - Tuatha De Danann;2;159;0;507;39;503;507
26/27;2026-09-18;Pantheon Lanes;tournament;Mythic Legends Invitational;1;Qualifying;Nuada;183755;Celtic Myth - Tuatha De Danann;2;159;0;497;43;503;497
26/27;2026-09-18;Pantheon Lanes;tournament;Mythic Legends Invitational;1;Qualifying;Balor;139930;Celtic Myth - Fomorians;2;205;0;626;8;503;626
26/27;2026-09-18;Pantheon Lanes;tournament;Mythic Legends Invitational;1;Qualifying;Bres;112221;Celtic Myth - Fomorians;2;192;0;587;23;503;587
26/27;2026-09-18;Pantheon Lanes;tournament;Mythic Legends Invitational;1;Qualifying;Elatha;122468;Celtic Myth - Fomorians;2;183;0;531;34;503;531
26/27;2026-09-18;Pantheon Lanes;tournament;Mythic Legends Invitational;1;Qualifying;Tethra;113672;Celtic Myth - Fomorians;2;195;0;518;37;503;518
26/27;2026-09-18;Pantheon Lanes;tournament;Mythic Legends Invitational;1;Qualifying;Marduk;188458;Mesopotamian Myth - Sky Kings;2;196;0;622;10;503;622
26/27;2026-09-18;Pantheon Lanes;tournament;Mythic Legends Invitational;1;Qualifying;Ishtar;172470;Mesopotamian Myth - Sky Kings;2;216;0;615;13;503;615
26/27;2026-09-18;Pantheon Lanes;tournament;Mythic Legends Invitational;1;Qualifying;Shamash;123283;Mesopotamian Myth - Sky Kings;2;199;0;588;22;503;588
26/27;2026-09-18;Pantheon Lanes;tournament;Mythic Legends Invitational;1;Qualifying;Nanna;104202;Mesopotamian Myth - Sky Kings;2;183;0;543;29;503;543
26/27;2026-09-18;Pantheon Lanes;tournament;Mythic Legends Invitational;1;Qualifying;Tiamat;190311;Mesopotamian Myth - Chaos Ancients;2;212;0;638;5;503;638
26/27;2026-09-18;Pantheon Lanes;tournament;Mythic Legends Invitational;1;Qualifying;Kingu;179084;Mesopotamian Myth - Chaos Ancients;2;197;0;603;17;503;603
26/27;2026-09-18;Pantheon Lanes;tournament;Mythic Legends Invitational;1;Qualifying;Nergal;164043;Mesopotamian Myth - Chaos Ancients;2;186;0;538;32;503;538
26/27;2026-09-18;Pantheon Lanes;tournament;Mythic Legends Invitational;1;Qualifying;Ereshkigal;103517;Mesopotamian Myth - Chaos Ancients;2;174;0;473;48;503;473
26/27;2026-09-18;Pantheon Lanes;tournament;Mythic Legends Invitational;1;Qualifying;Indra;124470;Hindu Myth - Devas;2;231;0;722;1;503;722
26/27;2026-09-18;Pantheon Lanes;tournament;Mythic Legends Invitational;1;Qualifying;Vishnu;126083;Hindu Myth - Devas;2;199;0;604;16;503;604
26/27;2026-09-18;Pantheon Lanes;tournament;Mythic Legends Invitational;1;Qualifying;Shiva;109108;Hindu Myth - Devas;2;175;0;545;28;503;545
26/27;2026-09-18;Pantheon Lanes;tournament;Mythic Legends Invitational;1;Qualifying;Durga;150579;Hindu Myth - Devas;2;188;0;503;40;503;503
26/27;2026-09-18;Pantheon Lanes;tournament;Mythic Legends Invitational;1;Qualifying;Mahishasura;137200;Hindu Myth - Asuras;2;204;0;590;21;503;590
26/27;2026-09-18;Pantheon Lanes;tournament;Mythic Legends Invitational;1;Qualifying;Ravana;126986;Hindu Myth - Asuras;2;194;0;620;12;503;620
26/27;2026-09-18;Pantheon Lanes;tournament;Mythic Legends Invitational;1;Qualifying;Hiranyakashipu;130544;Hindu Myth - Asuras;2;197;0;592;19;503;592
26/27;2026-09-18;Pantheon Lanes;tournament;Mythic Legends Invitational;1;Qualifying;Vritra;138155;Hindu Myth - Asuras;2;150;0;489;46;503;489
26/27;2026-09-18;Pantheon Lanes;tournament;Mythic Legends Invitational;1;Qualifying;Zeus;139274;Greek Myth - Olympians;3;217;0;859;4;692;859
26/27;2026-09-18;Pantheon Lanes;tournament;Mythic Legends Invitational;1;Qualifying;Athena;142739;Greek Myth - Olympians;3;189;0;728;29;692;728
26/27;2026-09-18;Pantheon Lanes;tournament;Mythic Legends Invitational;1;Qualifying;Apollo;176933;Greek Myth - Olympians;3;180;0;750;25;692;750
26/27;2026-09-18;Pantheon Lanes;tournament;Mythic Legends Invitational;1;Qualifying;Artemis;103046;Greek Myth - Olympians;3;176;0;666;44;692;666
26/27;2026-09-18;Pantheon Lanes;tournament;Mythic Legends Invitational;1;Qualifying;Cronus;174393;Greek Myth - Titans & Primordials;3;214;0;835;7;692;835
26/27;2026-09-18;Pantheon Lanes;tournament;Mythic Legends Invitational;1;Qualifying;Rhea;104221;Greek Myth - Titans & Primordials;3;184;0;789;17;692;789
26/27;2026-09-18;Pantheon Lanes;tournament;Mythic Legends Invitational;1;Qualifying;Atlas;118236;Greek Myth - Titans & Primordials;3;175;0;692;40;692;692
26/27;2026-09-18;Pantheon Lanes;tournament;Mythic Legends Invitational;1;Qualifying;Hyperion;120144;Greek Myth - Titans & Primordials;3;175;0;650;47;692;650
26/27;2026-09-18;Pantheon Lanes;tournament;Mythic Legends Invitational;1;Qualifying;Ra;143286;Egyptian Myth - Solar Court;3;200;0;799;16;692;799
26/27;2026-09-18;Pantheon Lanes;tournament;Mythic Legends Invitational;1;Qualifying;Horus;174473;Egyptian Myth - Solar Court;3;194;0;732;28;692;732
26/27;2026-09-18;Pantheon Lanes;tournament;Mythic Legends Invitational;1;Qualifying;Bastet;182554;Egyptian Myth - Solar Court;3;199;0;752;24;692;752
26/27;2026-09-18;Pantheon Lanes;tournament;Mythic Legends Invitational;1;Qualifying;Thoth;179036;Egyptian Myth - Solar Court;3;173;0;670;43;692;670
26/27;2026-09-18;Pantheon Lanes;tournament;Mythic Legends Invitational;1;Qualifying;Osiris;179670;Egyptian Myth - Underworld Powers;3;213;0;843;6;692;843
26/27;2026-09-18;Pantheon Lanes;tournament;Mythic Legends Invitational;1;Qualifying;Anubis;175219;Egyptian Myth - Underworld Powers;3;218;0;848;5;692;848
26/27;2026-09-18;Pantheon Lanes;tournament;Mythic Legends Invitational;1;Qualifying;Set;151234;Egyptian Myth - Underworld Powers;3;197;0;700;39;692;700
26/27;2026-09-18;Pantheon Lanes;tournament;Mythic Legends Invitational;1;Qualifying;Sekhmet;149980;Egyptian Myth - Underworld Powers;3;178;0;676;42;692;676
26/27;2026-09-18;Pantheon Lanes;tournament;Mythic Legends Invitational;1;Qualifying;Odin;126765;Norse Myth - Aesir;3;214;0;884;2;692;884
26/27;2026-09-18;Pantheon Lanes;tournament;Mythic Legends Invitational;1;Qualifying;Thor;151201;Norse Myth - Aesir;3;204;0;808;14;692;808
26/27;2026-09-18;Pantheon Lanes;tournament;Mythic Legends Invitational;1;Qualifying;Tyr;108350;Norse Myth - Aesir;3;189;0;720;34;692;720
26/27;2026-09-18;Pantheon Lanes;tournament;Mythic Legends Invitational;1;Qualifying;Frigg;170056;Norse Myth - Aesir;3;185;0;720;33;692;720
26/27;2026-09-18;Pantheon Lanes;tournament;Mythic Legends Invitational;1;Qualifying;Loki;150650;Norse Myth - Giants & Tricksters;3;211;0;833;9;692;833
26/27;2026-09-18;Pantheon Lanes;tournament;Mythic Legends Invitational;1;Qualifying;Hel;124685;Norse Myth - Giants & Tricksters;3;176;0;722;31;692;722
26/27;2026-09-18;Pantheon Lanes;tournament;Mythic Legends Invitational;1;Qualifying;Fenrir;162230;Norse Myth - Giants & Tricksters;3;173;0;732;27;692;732
26/27;2026-09-18;Pantheon Lanes;tournament;Mythic Legends Invitational;1;Qualifying;Jormungandr;114239;Norse Myth - Giants & Tricksters;3;179;0;702;38;692;702
26/27;2026-09-18;Pantheon Lanes;tournament;Mythic Legends Invitational;1;Qualifying;The Dagda;143101;Celtic Myth - Tuatha De Danann;3;217;0;870;3;692;870
26/27;2026-09-18;Pantheon Lanes;tournament;Mythic Legends Invitational;1;Qualifying;Lugh;174647;Celtic Myth - Tuatha De Danann;3;215;0;807;15;692;807
26/27;2026-09-18;Pantheon Lanes;tournament;Mythic Legends Invitational;1;Qualifying;Brigid;159183;Celtic Myth - Tuatha De Danann;3;221;0;728;30;692;728
26/27;2026-09-18;Pantheon Lanes;tournament;Mythic Legends Invitational;1;Qualifying;Nuada;183755;Celtic Myth - Tuatha De Danann;3;166;0;663;45;692;663
26/27;2026-09-18;Pantheon Lanes;tournament;Mythic Legends Invitational;1;Qualifying;Balor;139930;Celtic Myth - Fomorians;3;207;0;833;8;692;833
26/27;2026-09-18;Pantheon Lanes;tournament;Mythic Legends Invitational;1;Qualifying;Bres;112221;Celtic Myth - Fomorians;3;192;0;779;21;692;779
26/27;2026-09-18;Pantheon Lanes;tournament;Mythic Legends Invitational;1;Qualifying;Elatha;122468;Celtic Myth - Fomorians;3;178;0;709;36;692;709
26/27;2026-09-18;Pantheon Lanes;tournament;Mythic Legends Invitational;1;Qualifying;Tethra;113672;Celtic Myth - Fomorians;3;191;0;709;37;692;709
26/27;2026-09-18;Pantheon Lanes;tournament;Mythic Legends Invitational;1;Qualifying;Marduk;188458;Mesopotamian Myth - Sky Kings;3;194;0;816;12;692;816
26/27;2026-09-18;Pantheon Lanes;tournament;Mythic Legends Invitational;1;Qualifying;Ishtar;172470;Mesopotamian Myth - Sky Kings;3;200;0;815;13;692;815
26/27;2026-09-18;Pantheon Lanes;tournament;Mythic Legends Invitational;1;Qualifying;Shamash;123283;Mesopotamian Myth - Sky Kings;3;173;0;761;23;692;761
26/27;2026-09-18;Pantheon Lanes;tournament;Mythic Legends Invitational;1;Qualifying;Nanna;104202;Mesopotamian Myth - Sky Kings;3;179;0;722;32;692;722
26/27;2026-09-18;Pantheon Lanes;tournament;Mythic Legends Invitational;1;Qualifying;Tiamat;190311;Mesopotamian Myth - Chaos Ancients;3;194;0;832;11;692;832
26/27;2026-09-18;Pantheon Lanes;tournament;Mythic Legends Invitational;1;Qualifying;Kingu;179084;Mesopotamian Myth - Chaos Ancients;3;182;0;785;18;692;785
26/27;2026-09-18;Pantheon Lanes;tournament;Mythic Legends Invitational;1;Qualifying;Nergal;164043;Mesopotamian Myth - Chaos Ancients;3;180;0;718;35;692;718
26/27;2026-09-18;Pantheon Lanes;tournament;Mythic Legends Invitational;1;Qualifying;Ereshkigal;103517;Mesopotamian Myth - Chaos Ancients;3;168;0;641;48;692;641
26/27;2026-09-18;Pantheon Lanes;tournament;Mythic Legends Invitational;1;Qualifying;Indra;124470;Hindu Myth - Devas;3;234;0;956;1;692;956
26/27;2026-09-18;Pantheon Lanes;tournament;Mythic Legends Invitational;1;Qualifying;Vishnu;126083;Hindu Myth - Devas;3;179;0;783;19;692;783
26/27;2026-09-18;Pantheon Lanes;tournament;Mythic Legends Invitational;1;Qualifying;Shiva;109108;Hindu Myth - Devas;3;196;0;741;26;692;741
26/27;2026-09-18;Pantheon Lanes;tournament;Mythic Legends Invitational;1;Qualifying;Durga;150579;Hindu Myth - Devas;3;184;0;687;41;692;687
26/27;2026-09-18;Pantheon Lanes;tournament;Mythic Legends Invitational;1;Qualifying;Mahishasura;137200;Hindu Myth - Asuras;3;186;0;776;22;692;776
26/27;2026-09-18;Pantheon Lanes;tournament;Mythic Legends Invitational;1;Qualifying;Ravana;126986;Hindu Myth - Asuras;3;213;0;833;10;692;833
26/27;2026-09-18;Pantheon Lanes;tournament;Mythic Legends Invitational;1;Qualifying;Hiranyakashipu;130544;Hindu Myth - Asuras;3;188;0;780;20;692;780
26/27;2026-09-18;Pantheon Lanes;tournament;Mythic Legends Invitational;1;Qualifying;Vritra;138155;Hindu Myth - Asuras;3;173;0;662;46;692;662
26/27;2026-09-18;Pantheon Lanes;tournament;Mythic Legends Invitational;1;Qualifying;Zeus;139274;Greek Myth - Olympians;4;218;0;1077;4;872;1077
26/27;2026-09-18;Pantheon Lanes;tournament;Mythic Legends Invitational;1;Qualifying;Athena;142739;Greek Myth - Olympians;4;210;0;938;27;872;938
26/27;2026-09-18;Pantheon Lanes;tournament;Mythic Legends Invitational;1;Qualifying;Apollo;176933;Greek Myth - Olympians;4;191;0;941;25;872;941
26/27;2026-09-18;Pantheon Lanes;tournament;Mythic Legends Invitational;1;Qualifying;Artemis;103046;Greek Myth - Olympians;4;170;0;836;46;872;836
26/27;2026-09-18;Pantheon Lanes;tournament;Mythic Legends Invitational;1;Qualifying;Cronus;174393;Greek Myth - Titans & Primordials;4;192;0;1027;10;872;1027
26/27;2026-09-18;Pantheon Lanes;tournament;Mythic Legends Invitational;1;Qualifying;Rhea;104221;Greek Myth - Titans & Primordials;4;190;0;979;20;872;979
26/27;2026-09-18;Pantheon Lanes;tournament;Mythic Legends Invitational;1;Qualifying;Atlas;118236;Greek Myth - Titans & Primordials;4;198;0;890;35;872;890
26/27;2026-09-18;Pantheon Lanes;tournament;Mythic Legends Invitational;1;Qualifying;Hyperion;120144;Greek Myth - Titans & Primordials;4;155;0;805;48;872;805
26/27;2026-09-18;Pantheon Lanes;tournament;Mythic Legends Invitational;1;Qualifying;Ra;143286;Egyptian Myth - Solar Court;4;214;0;1013;15;872;1013
26/27;2026-09-18;Pantheon Lanes;tournament;Mythic Legends Invitational;1;Qualifying;Horus;174473;Egyptian Myth - Solar Court;4;158;0;890;36;872;890
26/27;2026-09-18;Pantheon Lanes;tournament;Mythic Legends Invitational;1;Qualifying;Bastet;182554;Egyptian Myth - Solar Court;4;203;0;955;24;872;955
26/27;2026-09-18;Pantheon Lanes;tournament;Mythic Legends Invitational;1;Qualifying;Thoth;179036;Egyptian Myth - Solar Court;4;172;0;842;43;872;842
26/27;2026-09-18;Pantheon Lanes;tournament;Mythic Legends Invitational;1;Qualifying;Osiris;179670;Egyptian Myth - Underworld Powers;4;207;0;1050;8;872;1050
26/27;2026-09-18;Pantheon Lanes;tournament;Mythic Legends Invitational;1;Qualifying;Anubis;175219;Egyptian Myth - Underworld Powers;4;210;0;1058;6;872;1058
26/27;2026-09-18;Pantheon Lanes;tournament;Mythic Legends Invitational;1;Qualifying;Set;151234;Egyptian Myth - Underworld Powers;4;180;0;880;38;872;880
26/27;2026-09-18;Pantheon Lanes;tournament;Mythic Legends Invitational;1;Qualifying;Sekhmet;149980;Egyptian Myth - Underworld Powers;4;167;0;843;42;872;843
26/27;2026-09-18;Pantheon Lanes;tournament;Mythic Legends Invitational;1;Qualifying;Odin;126765;Norse Myth - Aesir;4;222;0;1106;2;872;1106
26/27;2026-09-18;Pantheon Lanes;tournament;Mythic Legends Invitational;1;Qualifying;Thor;151201;Norse Myth - Aesir;4;217;0;1025;12;872;1025
26/27;2026-09-18;Pantheon Lanes;tournament;Mythic Legends Invitational;1;Qualifying;Tyr;108350;Norse Myth - Aesir;4;191;0;911;28;872;911
26/27;2026-09-18;Pantheon Lanes;tournament;Mythic Legends Invitational;1;Qualifying;Frigg;170056;Norse Myth - Aesir;4;173;0;893;34;872;893
26/27;2026-09-18;Pantheon Lanes;tournament;Mythic Legends Invitational;1;Qualifying;Loki;150650;Norse Myth - Giants & Tricksters;4;236;0;1069;5;872;1069
26/27;2026-09-18;Pantheon Lanes;tournament;Mythic Legends Invitational;1;Qualifying;Hel;124685;Norse Myth - Giants & Tricksters;4;187;0;909;29;872;909
26/27;2026-09-18;Pantheon Lanes;tournament;Mythic Legends Invitational;1;Qualifying;Fenrir;162230;Norse Myth - Giants & Tricksters;4;172;0;904;31;872;904
26/27;2026-09-18;Pantheon Lanes;tournament;Mythic Legends Invitational;1;Qualifying;Jormungandr;114239;Norse Myth - Giants & Tricksters;4;170;0;872;40;872;872
26/27;2026-09-18;Pantheon Lanes;tournament;Mythic Legends Invitational;1;Qualifying;The Dagda;143101;Celtic Myth - Tuatha De Danann;4;235;0;1105;3;872;1105
26/27;2026-09-18;Pantheon Lanes;tournament;Mythic Legends Invitational;1;Qualifying;Lugh;174647;Celtic Myth - Tuatha De Danann;4;199;0;1006;16;872;1006
26/27;2026-09-18;Pantheon Lanes;tournament;Mythic Legends Invitational;1;Qualifying;Brigid;159183;Celtic Myth - Tuatha De Danann;4;212;0;940;26;872;940
26/27;2026-09-18;Pantheon Lanes;tournament;Mythic Legends Invitational;1;Qualifying;Nuada;183755;Celtic Myth - Tuatha De Danann;4;174;0;837;45;872;837
26/27;2026-09-18;Pantheon Lanes;tournament;Mythic Legends Invitational;1;Qualifying;Balor;139930;Celtic Myth - Fomorians;4;203;0;1036;9;872;1036
26/27;2026-09-18;Pantheon Lanes;tournament;Mythic Legends Invitational;1;Qualifying;Bres;112221;Celtic Myth - Fomorians;4;213;0;992;18;872;992
26/27;2026-09-18;Pantheon Lanes;tournament;Mythic Legends Invitational;1;Qualifying;Elatha;122468;Celtic Myth - Fomorians;4;178;0;887;37;872;887
26/27;2026-09-18;Pantheon Lanes;tournament;Mythic Legends Invitational;1;Qualifying;Tethra;113672;Celtic Myth - Fomorians;4;169;0;878;39;872;878
26/27;2026-09-18;Pantheon Lanes;tournament;Mythic Legends Invitational;1;Qualifying;Marduk;188458;Mesopotamian Myth - Sky Kings;4;207;0;1023;13;872;1023
26/27;2026-09-18;Pantheon Lanes;tournament;Mythic Legends Invitational;1;Qualifying;Ishtar;172470;Mesopotamian Myth - Sky Kings;4;204;0;1019;14;872;1019
26/27;2026-09-18;Pantheon Lanes;tournament;Mythic Legends Invitational;1;Qualifying;Shamash;123283;Mesopotamian Myth - Sky Kings;4;211;0;972;21;872;972
26/27;2026-09-18;Pantheon Lanes;tournament;Mythic Legends Invitational;1;Qualifying;Nanna;104202;Mesopotamian Myth - Sky Kings;4;178;0;900;32;872;900
26/27;2026-09-18;Pantheon Lanes;tournament;Mythic Legends Invitational;1;Qualifying;Tiamat;190311;Mesopotamian Myth - Chaos Ancients;4;224;0;1056;7;872;1056
26/27;2026-09-18;Pantheon Lanes;tournament;Mythic Legends Invitational;1;Qualifying;Kingu;179084;Mesopotamian Myth - Chaos Ancients;4;199;0;984;19;872;984
26/27;2026-09-18;Pantheon Lanes;tournament;Mythic Legends Invitational;1;Qualifying;Nergal;164043;Mesopotamian Myth - Chaos Ancients;4;187;0;905;30;872;905
26/27;2026-09-18;Pantheon Lanes;tournament;Mythic Legends Invitational;1;Qualifying;Ereshkigal;103517;Mesopotamian Myth - Chaos Ancients;4;193;0;834;47;872;834
26/27;2026-09-18;Pantheon Lanes;tournament;Mythic Legends Invitational;1;Qualifying;Indra;124470;Hindu Myth - Devas;4;228;0;1184;1;872;1184
26/27;2026-09-18;Pantheon Lanes;tournament;Mythic Legends Invitational;1;Qualifying;Vishnu;126083;Hindu Myth - Devas;4;181;0;964;22;872;964
26/27;2026-09-18;Pantheon Lanes;tournament;Mythic Legends Invitational;1;Qualifying;Shiva;109108;Hindu Myth - Devas;4;154;0;895;33;872;895
26/27;2026-09-18;Pantheon Lanes;tournament;Mythic Legends Invitational;1;Qualifying;Durga;150579;Hindu Myth - Devas;4;152;0;839;44;872;839
26/27;2026-09-18;Pantheon Lanes;tournament;Mythic Legends Invitational;1;Qualifying;Mahishasura;137200;Hindu Myth - Asuras;4;219;0;995;17;872;995
26/27;2026-09-18;Pantheon Lanes;tournament;Mythic Legends Invitational;1;Qualifying;Ravana;126986;Hindu Myth - Asuras;4;194;0;1027;11;872;1027
26/27;2026-09-18;Pantheon Lanes;tournament;Mythic Legends Invitational;1;Qualifying;Hiranyakashipu;130544;Hindu Myth - Asuras;4;181;0;961;23;872;961
26/27;2026-09-18;Pantheon Lanes;tournament;Mythic Legends Invitational;1;Qualifying;Vritra;138155;Hindu Myth - Asuras;4;203;0;865;41;872;865
26/27;2026-09-18;Pantheon Lanes;tournament;Mythic Legends Invitational;1;Qualifying;Zeus;139274;Greek Myth - Olympians;5;211;0;1288;5;1057;1288
26/27;2026-09-18;Pantheon Lanes;tournament;Mythic Legends Invitational;1;Qualifying;Athena;142739;Greek Myth - Olympians;5;226;0;1164;23;1057;1164
26/27;2026-09-18;Pantheon Lanes;tournament;Mythic Legends Invitational;1;Qualifying;Apollo;176933;Greek Myth - Olympians;5;205;0;1146;26;1057;1146
26/27;2026-09-18;Pantheon Lanes;tournament;Mythic Legends Invitational;1;Qualifying;Artemis;103046;Greek Myth - Olympians;5;179;0;1015;43;1057;1015
26/27;2026-09-18;Pantheon Lanes;tournament;Mythic Legends Invitational;1;Qualifying;Cronus;174393;Greek Myth - Titans & Primordials;5;209;0;1236;12;1057;1236
26/27;2026-09-18;Pantheon Lanes;tournament;Mythic Legends Invitational;1;Qualifying;Rhea;104221;Greek Myth - Titans & Primordials;5;203;0;1182;21;1057;1182
26/27;2026-09-18;Pantheon Lanes;tournament;Mythic Legends Invitational;1;Qualifying;Atlas;118236;Greek Myth - Titans & Primordials;5;192;0;1082;33;1057;1082
26/27;2026-09-18;Pantheon Lanes;tournament;Mythic Legends Invitational;1;Qualifying;Hyperion;120144;Greek Myth - Titans & Primordials;5;190;0;995;48;1057;995
26/27;2026-09-18;Pantheon Lanes;tournament;Mythic Legends Invitational;1;Qualifying;Ra;143286;Egyptian Myth - Solar Court;5;169;0;1182;20;1057;1182
26/27;2026-09-18;Pantheon Lanes;tournament;Mythic Legends Invitational;1;Qualifying;Horus;174473;Egyptian Myth - Solar Court;5;192;0;1082;34;1057;1082
26/27;2026-09-18;Pantheon Lanes;tournament;Mythic Legends Invitational;1;Qualifying;Bastet;182554;Egyptian Myth - Solar Court;5;205;0;1160;25;1057;1160
26/27;2026-09-18;Pantheon Lanes;tournament;Mythic Legends Invitational;1;Qualifying;Thoth;179036;Egyptian Myth - Solar Court;5;162;0;1004;47;1057;1004
26/27;2026-09-18;Pantheon Lanes;tournament;Mythic Legends Invitational;1;Qualifying;Osiris;179670;Egyptian Myth - Underworld Powers;5;197;0;1247;10;1057;1247
26/27;2026-09-18;Pantheon Lanes;tournament;Mythic Legends Invitational;1;Qualifying;Anubis;175219;Egyptian Myth - Underworld Powers;5;195;0;1253;7;1057;1253
26/27;2026-09-18;Pantheon Lanes;tournament;Mythic Legends Invitational;1;Qualifying;Set;151234;Egyptian Myth - Underworld Powers;5;200;0;1080;36;1057;1080
26/27;2026-09-18;Pantheon Lanes;tournament;Mythic Legends Invitational;1;Qualifying;Sekhmet;149980;Egyptian Myth - Underworld Powers;5;166;0;1009;45;1057;1009
26/27;2026-09-18;Pantheon Lanes;tournament;Mythic Legends Invitational;1;Qualifying;Odin;126765;Norse Myth - Aesir;5;183;0;1289;4;1057;1289
26/27;2026-09-18;Pantheon Lanes;tournament;Mythic Legends Invitational;1;Qualifying;Thor;151201;Norse Myth - Aesir;5;212;0;1237;11;1057;1237
26/27;2026-09-18;Pantheon Lanes;tournament;Mythic Legends Invitational;1;Qualifying;Tyr;108350;Norse Myth - Aesir;5;185;0;1096;29;1057;1096
26/27;2026-09-18;Pantheon Lanes;tournament;Mythic Legends Invitational;1;Qualifying;Frigg;170056;Norse Myth - Aesir;5;180;0;1073;37;1057;1073
26/27;2026-09-18;Pantheon Lanes;tournament;Mythic Legends Invitational;1;Qualifying;Loki;150650;Norse Myth - Giants & Tricksters;5;229;0;1298;3;1057;1298
26/27;2026-09-18;Pantheon Lanes;tournament;Mythic Legends Invitational;1;Qualifying;Hel;124685;Norse Myth - Giants & Tricksters;5;180;0;1089;30;1057;1089
26/27;2026-09-18;Pantheon Lanes;tournament;Mythic Legends Invitational;1;Qualifying;Fenrir;162230;Norse Myth - Giants & Tricksters;5;193;0;1097;28;1057;1097
26/27;2026-09-18;Pantheon Lanes;tournament;Mythic Legends Invitational;1;Qualifying;Jormungandr;114239;Norse Myth - Giants & Tricksters;5;214;0;1086;32;1057;1086
26/27;2026-09-18;Pantheon Lanes;tournament;Mythic Legends Invitational;1;Qualifying;The Dagda;143101;Celtic Myth - Tuatha De Danann;5;214;0;1319;2;1057;1319
26/27;2026-09-18;Pantheon Lanes;tournament;Mythic Legends Invitational;1;Qualifying;Lugh;174647;Celtic Myth - Tuatha De Danann;5;192;0;1198;16;1057;1198
26/27;2026-09-18;Pantheon Lanes;tournament;Mythic Legends Invitational;1;Qualifying;Brigid;159183;Celtic Myth - Tuatha De Danann;5;166;0;1106;27;1057;1106
26/27;2026-09-18;Pantheon Lanes;tournament;Mythic Legends Invitational;1;Qualifying;Nuada;183755;Celtic Myth - Tuatha De Danann;5;169;0;1006;46;1057;1006
26/27;2026-09-18;Pantheon Lanes;tournament;Mythic Legends Invitational;1;Qualifying;Balor;139930;Celtic Myth - Fomorians;5;217;0;1253;8;1057;1253
26/27;2026-09-18;Pantheon Lanes;tournament;Mythic Legends Invitational;1;Qualifying;Bres;112221;Celtic Myth - Fomorians;5;210;0;1202;15;1057;1202
26/27;2026-09-18;Pantheon Lanes;tournament;Mythic Legends Invitational;1;Qualifying;Elatha;122468;Celtic Myth - Fomorians;5;175;0;1062;39;1057;1062
26/27;2026-09-18;Pantheon Lanes;tournament;Mythic Legends Invitational;1;Qualifying;Tethra;113672;Celtic Myth - Fomorians;5;179;0;1057;40;1057;1057
26/27;2026-09-18;Pantheon Lanes;tournament;Mythic Legends Invitational;1;Qualifying;Marduk;188458;Mesopotamian Myth - Sky Kings;5;230;0;1253;9;1057;1253
26/27;2026-09-18;Pantheon Lanes;tournament;Mythic Legends Invitational;1;Qualifying;Ishtar;172470;Mesopotamian Myth - Sky Kings;5;210;0;1229;13;1057;1229
26/27;2026-09-18;Pantheon Lanes;tournament;Mythic Legends Invitational;1;Qualifying;Shamash;123283;Mesopotamian Myth - Sky Kings;5;225;0;1197;18;1057;1197
26/27;2026-09-18;Pantheon Lanes;tournament;Mythic Legends Invitational;1;Qualifying;Nanna;104202;Mesopotamian Myth - Sky Kings;5;182;0;1082;35;1057;1082
26/27;2026-09-18;Pantheon Lanes;tournament;Mythic Legends Invitational;1;Qualifying;Tiamat;190311;Mesopotamian Myth - Chaos Ancients;5;213;0;1269;6;1057;1269
26/27;2026-09-18;Pantheon Lanes;tournament;Mythic Legends Invitational;1;Qualifying;Kingu;179084;Mesopotamian Myth - Chaos Ancients;5;212;0;1196;19;1057;1196
26/27;2026-09-18;Pantheon Lanes;tournament;Mythic Legends Invitational;1;Qualifying;Nergal;164043;Mesopotamian Myth - Chaos Ancients;5;182;0;1087;31;1057;1087
26/27;2026-09-18;Pantheon Lanes;tournament;Mythic Legends Invitational;1;Qualifying;Ereshkigal;103517;Mesopotamian Myth - Chaos Ancients;5;196;0;1030;42;1057;1030
26/27;2026-09-18;Pantheon Lanes;tournament;Mythic Legends Invitational;1;Qualifying;Indra;124470;Hindu Myth - Devas;5;210;0;1394;1;1057;1394
26/27;2026-09-18;Pantheon Lanes;tournament;Mythic Legends Invitational;1;Qualifying;Vishnu;126083;Hindu Myth - Devas;5;200;0;1164;24;1057;1164
26/27;2026-09-18;Pantheon Lanes;tournament;Mythic Legends Invitational;1;Qualifying;Shiva;109108;Hindu Myth - Devas;5;178;0;1073;38;1057;1073
26/27;2026-09-18;Pantheon Lanes;tournament;Mythic Legends Invitational;1;Qualifying;Durga;150579;Hindu Myth - Devas;5;170;0;1009;44;1057;1009
26/27;2026-09-18;Pantheon Lanes;tournament;Mythic Legends Invitational;1;Qualifying;Mahishasura;137200;Hindu Myth - Asuras;5;203;0;1198;17;1057;1198
26/27;2026-09-18;Pantheon Lanes;tournament;Mythic Legends Invitational;1;Qualifying;Ravana;126986;Hindu Myth - Asuras;5;184;0;1211;14;1057;1211
26/27;2026-09-18;Pantheon Lanes;tournament;Mythic Legends Invitational;1;Qualifying;Hiranyakashipu;130544;Hindu Myth - Asuras;5;205;0;1166;22;1057;1166
26/27;2026-09-18;Pantheon Lanes;tournament;Mythic Legends Invitational;1;Qualifying;Vritra;138155;Hindu Myth - Asuras;5;170;0;1035;41;1057;1035
26/27;2026-09-18;Pantheon Lanes;tournament;Mythic Legends Invitational;1;Qualifying;Zeus;139274;Greek Myth - Olympians;6;220;0;1508;5;1233;1508
26/27;2026-09-18;Pantheon Lanes;tournament;Mythic Legends Invitational;1;Qualifying;Athena;142739;Greek Myth - Olympians;6;188;0;1352;24;1233;1352
26/27;2026-09-18;Pantheon Lanes;tournament;Mythic Legends Invitational;1;Qualifying;Apollo;176933;Greek Myth - Olympians;6;159;0;1305;27;1233;1305
26/27;2026-09-18;Pantheon Lanes;tournament;Mythic Legends Invitational;1;Qualifying;Artemis;103046;Greek Myth - Olympians;6;191;0;1206;42;1233;1206
26/27;2026-09-18;Pantheon Lanes;tournament;Mythic Legends Invitational;1;Qualifying;Cronus;174393;Greek Myth - Titans & Primordials;6;222;0;1458;11;1233;1458
26/27;2026-09-18;Pantheon Lanes;tournament;Mythic Legends Invitational;1;Qualifying;Rhea;104221;Greek Myth - Titans & Primordials;6;170;0;1352;25;1233;1352
26/27;2026-09-18;Pantheon Lanes;tournament;Mythic Legends Invitational;1;Qualifying;Atlas;118236;Greek Myth - Titans & Primordials;6;167;0;1249;38;1233;1249
26/27;2026-09-18;Pantheon Lanes;tournament;Mythic Legends Invitational;1;Qualifying;Hyperion;120144;Greek Myth - Titans & Primordials;6;141;0;1136;48;1233;1136
26/27;2026-09-18;Pantheon Lanes;tournament;Mythic Legends Invitational;1;Qualifying;Ra;143286;Egyptian Myth - Solar Court;6;199;0;1381;19;1233;1381
26/27;2026-09-18;Pantheon Lanes;tournament;Mythic Legends Invitational;1;Qualifying;Horus;174473;Egyptian Myth - Solar Court;6;171;0;1253;37;1233;1253
26/27;2026-09-18;Pantheon Lanes;tournament;Mythic Legends Invitational;1;Qualifying;Bastet;182554;Egyptian Myth - Solar Court;6;210;0;1370;21;1233;1370
26/27;2026-09-18;Pantheon Lanes;tournament;Mythic Legends Invitational;1;Qualifying;Thoth;179036;Egyptian Myth - Solar Court;6;176;0;1180;44;1233;1180
26/27;2026-09-18;Pantheon Lanes;tournament;Mythic Legends Invitational;1;Qualifying;Osiris;179670;Egyptian Myth - Underworld Powers;6;212;0;1459;10;1233;1459
26/27;2026-09-18;Pantheon Lanes;tournament;Mythic Legends Invitational;1;Qualifying;Anubis;175219;Egyptian Myth - Underworld Powers;6;211;0;1464;9;1233;1464
26/27;2026-09-18;Pantheon Lanes;tournament;Mythic Legends Invitational;1;Qualifying;Set;151234;Egyptian Myth - Underworld Powers;6;186;0;1266;34;1233;1266
26/27;2026-09-18;Pantheon Lanes;tournament;Mythic Legends Invitational;1;Qualifying;Sekhmet;149980;Egyptian Myth - Underworld Powers;6;167;0;1176;46;1233;1176
26/27;2026-09-18;Pantheon Lanes;tournament;Mythic Legends Invitational;1;Qualifying;Odin;126765;Norse Myth - Aesir;6;240;0;1529;2;1233;1529
26/27;2026-09-18;Pantheon Lanes;tournament;Mythic Legends Invitational;1;Qualifying;Thor;151201;Norse Myth - Aesir;6;208;0;1445;13;1233;1445
26/27;2026-09-18;Pantheon Lanes;tournament;Mythic Legends Invitational;1;Qualifying;Tyr;108350;Norse Myth - Aesir;6;174;0;1270;31;1233;1270
26/27;2026-09-18;Pantheon Lanes;tournament;Mythic Legends Invitational;1;Qualifying;Frigg;170056;Norse Myth - Aesir;6;183;0;1256;36;1233;1256
26/27;2026-09-18;Pantheon Lanes;tournament;Mythic Legends Invitational;1;Qualifying;Loki;150650;Norse Myth - Giants & Tricksters;6;222;0;1520;4;1233;1520
26/27;2026-09-18;Pantheon Lanes;tournament;Mythic Legends Invitational;1;Qualifying;Hel;124685;Norse Myth - Giants & Tricksters;6;179;0;1268;32;1233;1268
26/27;2026-09-18;Pantheon Lanes;tournament;Mythic Legends Invitational;1;Qualifying;Fenrir;162230;Norse Myth - Giants & Tricksters;6;208;0;1305;28;1233;1305
26/27;2026-09-18;Pantheon Lanes;tournament;Mythic Legends Invitational;1;Qualifying;Jormungandr;114239;Norse Myth - Giants & Tricksters;6;180;0;1266;33;1233;1266
26/27;2026-09-18;Pantheon Lanes;tournament;Mythic Legends Invitational;1;Qualifying;The Dagda;143101;Celtic Myth - Tuatha De Danann;6;206;0;1525;3;1233;1525
26/27;2026-09-18;Pantheon Lanes;tournament;Mythic Legends Invitational;1;Qualifying;Lugh;174647;Celtic Myth - Tuatha De Danann;6;201;0;1399;16;1233;1399
26/27;2026-09-18;Pantheon Lanes;tournament;Mythic Legends Invitational;1;Qualifying;Brigid;159183;Celtic Myth - Tuatha De Danann;6;206;0;1312;26;1233;1312
26/27;2026-09-18;Pantheon Lanes;tournament;Mythic Legends Invitational;1;Qualifying;Nuada;183755;Celtic Myth - Tuatha De Danann;6;170;0;1176;45;1233;1176
26/27;2026-09-18;Pantheon Lanes;tournament;Mythic Legends Invitational;1;Qualifying;Balor;139930;Celtic Myth - Fomorians;6;234;0;1487;6;1233;1487
26/27;2026-09-18;Pantheon Lanes;tournament;Mythic Legends Invitational;1;Qualifying;Bres;112221;Celtic Myth - Fomorians;6;201;0;1403;14;1233;1403
26/27;2026-09-18;Pantheon Lanes;tournament;Mythic Legends Invitational;1;Qualifying;Elatha;122468;Celtic Myth - Fomorians;6;173;0;1235;39;1233;1235
26/27;2026-09-18;Pantheon Lanes;tournament;Mythic Legends Invitational;1;Qualifying;Tethra;113672;Celtic Myth - Fomorians;6;176;0;1233;40;1233;1233
26/27;2026-09-18;Pantheon Lanes;tournament;Mythic Legends Invitational;1;Qualifying;Marduk;188458;Mesopotamian Myth - Sky Kings;6;224;0;1477;8;1233;1477
26/27;2026-09-18;Pantheon Lanes;tournament;Mythic Legends Invitational;1;Qualifying;Ishtar;172470;Mesopotamian Myth - Sky Kings;6;228;0;1457;12;1233;1457
26/27;2026-09-18;Pantheon Lanes;tournament;Mythic Legends Invitational;1;Qualifying;Shamash;123283;Mesopotamian Myth - Sky Kings;6;179;0;1376;20;1233;1376
26/27;2026-09-18;Pantheon Lanes;tournament;Mythic Legends Invitational;1;Qualifying;Nanna;104202;Mesopotamian Myth - Sky Kings;6;179;0;1261;35;1233;1261
26/27;2026-09-18;Pantheon Lanes;tournament;Mythic Legends Invitational;1;Qualifying;Tiamat;190311;Mesopotamian Myth - Chaos Ancients;6;215;0;1484;7;1233;1484
26/27;2026-09-18;Pantheon Lanes;tournament;Mythic Legends Invitational;1;Qualifying;Kingu;179084;Mesopotamian Myth - Chaos Ancients;6;206;0;1402;15;1233;1402
26/27;2026-09-18;Pantheon Lanes;tournament;Mythic Legends Invitational;1;Qualifying;Nergal;164043;Mesopotamian Myth - Chaos Ancients;6;185;0;1272;29;1233;1272
26/27;2026-09-18;Pantheon Lanes;tournament;Mythic Legends Invitational;1;Qualifying;Ereshkigal;103517;Mesopotamian Myth - Chaos Ancients;6;175;0;1205;43;1233;1205
26/27;2026-09-18;Pantheon Lanes;tournament;Mythic Legends Invitational;1;Qualifying;Indra;124470;Hindu Myth - Devas;6;225;0;1619;1;1233;1619
26/27;2026-09-18;Pantheon Lanes;tournament;Mythic Legends Invitational;1;Qualifying;Vishnu;126083;Hindu Myth - Devas;6;195;0;1359;23;1233;1359
26/27;2026-09-18;Pantheon Lanes;tournament;Mythic Legends Invitational;1;Qualifying;Shiva;109108;Hindu Myth - Devas;6;197;0;1270;30;1233;1270
26/27;2026-09-18;Pantheon Lanes;tournament;Mythic Legends Invitational;1;Qualifying;Durga;150579;Hindu Myth - Devas;6;164;0;1173;47;1233;1173
26/27;2026-09-18;Pantheon Lanes;tournament;Mythic Legends Invitational;1;Qualifying;Mahishasura;137200;Hindu Myth - Asuras;6;200;0;1398;17;1233;1398
26/27;2026-09-18;Pantheon Lanes;tournament;Mythic Legends Invitational;1;Qualifying;Ravana;126986;Hindu Myth - Asuras;6;175;0;1386;18;1233;1386
26/27;2026-09-18;Pantheon Lanes;tournament;Mythic Legends Invitational;1;Qualifying;Hiranyakashipu;130544;Hindu Myth - Asuras;6;194;0;1360;22;1233;1360
26/27;2026-09-18;Pantheon Lanes;tournament;Mythic Legends Invitational;1;Qualifying;Vritra;138155;Hindu Myth - Asuras;6;175;0;1210;41;1233;1210
26/27;2026-09-18;Pantheon Lanes;tournament;Mythic Legends Invitational;1;Qualifying;Zeus;139274;Greek Myth - Olympians;7;230;0;1738;4;1405;1738
26/27;2026-09-18;Pantheon Lanes;tournament;Mythic Legends Invitational;1;Qualifying;Athena;142739;Greek Myth - Olympians;7;222;0;1574;22;1405;1574
26/27;2026-09-18;Pantheon Lanes;tournament;Mythic Legends Invitational;1;Qualifying;Apollo;176933;Greek Myth - Olympians;7;252;0;1557;25;1405;1557
26/27;2026-09-18;Pantheon Lanes;tournament;Mythic Legends Invitational;1;Qualifying;Artemis;103046;Greek Myth - Olympians;7;182;0;1388;42;1405;1388
26/27;2026-09-18;Pantheon Lanes;tournament;Mythic Legends Invitational;1;Qualifying;Cronus;174393;Greek Myth - Titans & Primordials;7;223;0;1681;9;1405;1681
26/27;2026-09-18;Pantheon Lanes;tournament;Mythic Legends Invitational;1;Qualifying;Rhea;104221;Greek Myth - Titans & Primordials;7;233;0;1585;20;1405;1585
26/27;2026-09-18;Pantheon Lanes;tournament;Mythic Legends Invitational;1;Qualifying;Atlas;118236;Greek Myth - Titans & Primordials;7;199;0;1448;33;1405;1448
26/27;2026-09-18;Pantheon Lanes;tournament;Mythic Legends Invitational;1;Qualifying;Hyperion;120144;Greek Myth - Titans & Primordials;7;176;0;1312;48;1405;1312
26/27;2026-09-18;Pantheon Lanes;tournament;Mythic Legends Invitational;1;Qualifying;Ra;143286;Egyptian Myth - Solar Court;7;170;0;1551;26;1405;1551
26/27;2026-09-18;Pantheon Lanes;tournament;Mythic Legends Invitational;1;Qualifying;Horus;174473;Egyptian Myth - Solar Court;7;193;0;1446;34;1405;1446
26/27;2026-09-18;Pantheon Lanes;tournament;Mythic Legends Invitational;1;Qualifying;Bastet;182554;Egyptian Myth - Solar Court;7;210;0;1580;21;1405;1580
26/27;2026-09-18;Pantheon Lanes;tournament;Mythic Legends Invitational;1;Qualifying;Thoth;179036;Egyptian Myth - Solar Court;7;160;0;1340;47;1405;1340
26/27;2026-09-18;Pantheon Lanes;tournament;Mythic Legends Invitational;1;Qualifying;Osiris;179670;Egyptian Myth - Underworld Powers;7;190;0;1649;12;1405;1649
26/27;2026-09-18;Pantheon Lanes;tournament;Mythic Legends Invitational;1;Qualifying;Anubis;175219;Egyptian Myth - Underworld Powers;7;196;0;1660;11;1405;1660
26/27;2026-09-18;Pantheon Lanes;tournament;Mythic Legends Invitational;1;Qualifying;Set;151234;Egyptian Myth - Underworld Powers;7;175;0;1441;37;1405;1441
26/27;2026-09-18;Pantheon Lanes;tournament;Mythic Legends Invitational;1;Qualifying;Sekhmet;149980;Egyptian Myth - Underworld Powers;7;174;0;1350;45;1405;1350
26/27;2026-09-18;Pantheon Lanes;tournament;Mythic Legends Invitational;1;Qualifying;Odin;126765;Norse Myth - Aesir;7;194;0;1723;5;1405;1723
26/27;2026-09-18;Pantheon Lanes;tournament;Mythic Legends Invitational;1;Qualifying;Thor;151201;Norse Myth - Aesir;7;227;0;1672;10;1405;1672
26/27;2026-09-18;Pantheon Lanes;tournament;Mythic Legends Invitational;1;Qualifying;Tyr;108350;Norse Myth - Aesir;7;193;0;1463;29;1405;1463
26/27;2026-09-18;Pantheon Lanes;tournament;Mythic Legends Invitational;1;Qualifying;Frigg;170056;Norse Myth - Aesir;7;183;0;1439;38;1405;1439
26/27;2026-09-18;Pantheon Lanes;tournament;Mythic Legends Invitational;1;Qualifying;Loki;150650;Norse Myth - Giants & Tricksters;7;222;0;1742;3;1405;1742
26/27;2026-09-18;Pantheon Lanes;tournament;Mythic Legends Invitational;1;Qualifying;Hel;124685;Norse Myth - Giants & Tricksters;7;193;0;1461;31;1405;1461
26/27;2026-09-18;Pantheon Lanes;tournament;Mythic Legends Invitational;1;Qualifying;Fenrir;162230;Norse Myth - Giants & Tricksters;7;184;0;1489;28;1405;1489
26/27;2026-09-18;Pantheon Lanes;tournament;Mythic Legends Invitational;1;Qualifying;Jormungandr;114239;Norse Myth - Giants & Tricksters;7;177;0;1443;35;1405;1443
26/27;2026-09-18;Pantheon Lanes;tournament;Mythic Legends Invitational;1;Qualifying;The Dagda;143101;Celtic Myth - Tuatha De Danann;7;221;0;1746;2;1405;1746
26/27;2026-09-18;Pantheon Lanes;tournament;Mythic Legends Invitational;1;Qualifying;Lugh;174647;Celtic Myth - Tuatha De Danann;7;238;0;1637;14;1405;1637
26/27;2026-09-18;Pantheon Lanes;tournament;Mythic Legends Invitational;1;Qualifying;Brigid;159183;Celtic Myth - Tuatha De Danann;7;199;0;1511;27;1405;1511
26/27;2026-09-18;Pantheon Lanes;tournament;Mythic Legends Invitational;1;Qualifying;Nuada;183755;Celtic Myth - Tuatha De Danann;7;176;0;1352;44;1405;1352
26/27;2026-09-18;Pantheon Lanes;tournament;Mythic Legends Invitational;1;Qualifying;Balor;139930;Celtic Myth - Fomorians;7;225;0;1712;6;1405;1712
26/27;2026-09-18;Pantheon Lanes;tournament;Mythic Legends Invitational;1;Qualifying;Bres;112221;Celtic Myth - Fomorians;7;204;0;1607;16;1405;1607
26/27;2026-09-18;Pantheon Lanes;tournament;Mythic Legends Invitational;1;Qualifying;Elatha;122468;Celtic Myth - Fomorians;7;191;0;1426;39;1405;1426
26/27;2026-09-18;Pantheon Lanes;tournament;Mythic Legends Invitational;1;Qualifying;Tethra;113672;Celtic Myth - Fomorians;7;168;0;1401;41;1405;1401
26/27;2026-09-18;Pantheon Lanes;tournament;Mythic Legends Invitational;1;Qualifying;Marduk;188458;Mesopotamian Myth - Sky Kings;7;211;0;1688;8;1405;1688
26/27;2026-09-18;Pantheon Lanes;tournament;Mythic Legends Invitational;1;Qualifying;Ishtar;172470;Mesopotamian Myth - Sky Kings;7;166;0;1623;15;1405;1623
26/27;2026-09-18;Pantheon Lanes;tournament;Mythic Legends Invitational;1;Qualifying;Shamash;123283;Mesopotamian Myth - Sky Kings;7;222;0;1598;18;1405;1598
26/27;2026-09-18;Pantheon Lanes;tournament;Mythic Legends Invitational;1;Qualifying;Nanna;104202;Mesopotamian Myth - Sky Kings;7;182;0;1443;36;1405;1443
26/27;2026-09-18;Pantheon Lanes;tournament;Mythic Legends Invitational;1;Qualifying;Tiamat;190311;Mesopotamian Myth - Chaos Ancients;7;226;0;1710;7;1405;1710
26/27;2026-09-18;Pantheon Lanes;tournament;Mythic Legends Invitational;1;Qualifying;Kingu;179084;Mesopotamian Myth - Chaos Ancients;7;197;0;1599;17;1405;1599
26/27;2026-09-18;Pantheon Lanes;tournament;Mythic Legends Invitational;1;Qualifying;Nergal;164043;Mesopotamian Myth - Chaos Ancients;7;187;0;1459;32;1405;1459
26/27;2026-09-18;Pantheon Lanes;tournament;Mythic Legends Invitational;1;Qualifying;Ereshkigal;103517;Mesopotamian Myth - Chaos Ancients;7;179;0;1384;43;1405;1384
26/27;2026-09-18;Pantheon Lanes;tournament;Mythic Legends Invitational;1;Qualifying;Indra;124470;Hindu Myth - Devas;7;220;0;1839;1;1405;1839
26/27;2026-09-18;Pantheon Lanes;tournament;Mythic Legends Invitational;1;Qualifying;Vishnu;126083;Hindu Myth - Devas;7;209;0;1568;23;1405;1568
26/27;2026-09-18;Pantheon Lanes;tournament;Mythic Legends Invitational;1;Qualifying;Shiva;109108;Hindu Myth - Devas;7;192;0;1462;30;1405;1462
26/27;2026-09-18;Pantheon Lanes;tournament;Mythic Legends Invitational;1;Qualifying;Durga;150579;Hindu Myth - Devas;7;172;0;1345;46;1405;1345
26/27;2026-09-18;Pantheon Lanes;tournament;Mythic Legends Invitational;1;Qualifying;Mahishasura;137200;Hindu Myth - Asuras;7;241;0;1639;13;1405;1639
26/27;2026-09-18;Pantheon Lanes;tournament;Mythic Legends Invitational;1;Qualifying;Ravana;126986;Hindu Myth - Asuras;7;208;0;1594;19;1405;1594
26/27;2026-09-18;Pantheon Lanes;tournament;Mythic Legends Invitational;1;Qualifying;Hiranyakashipu;130544;Hindu Myth - Asuras;7;202;0;1562;24;1405;1562
26/27;2026-09-18;Pantheon Lanes;tournament;Mythic Legends Invitational;1;Qualifying;Vritra;138155;Hindu Myth - Asuras;7;195;0;1405;40;1405;1405
26/27;2026-09-19;Pantheon Lanes;tournament;Mythic Legends Invitational;2;Round 2;Indra;124470;Hindu Myth - Devas;0;202;0;202;16;194;2041
26/27;2026-09-19;Pantheon Lanes;tournament;Mythic Legends Invitational;2;Round 2;The Dagda;143101;Celtic Myth - Tuatha De Danann;0;226;0;226;6;194;1972
26/27;2026-09-19;Pantheon Lanes;tournament;Mythic Legends Invitational;2;Round 2;Loki;150650;Norse Myth - Giants & Tricksters;0;224;0;224;7;194;1966
26/27;2026-09-19;Pantheon Lanes;tournament;Mythic Legends Invitational;2;Round 2;Zeus;139274;Greek Myth - Olympians;0;229;0;229;4;194;1967
26/27;2026-09-19;Pantheon Lanes;tournament;Mythic Legends Invitational;2;Round 2;Odin;126765;Norse Myth - Aesir;0;242;0;242;1;194;1965
26/27;2026-09-19;Pantheon Lanes;tournament;Mythic Legends Invitational;2;Round 2;Balor;139930;Celtic Myth - Fomorians;0;209;0;209;10;194;1921
26/27;2026-09-19;Pantheon Lanes;tournament;Mythic Legends Invitational;2;Round 2;Tiamat;190311;Mesopotamian Myth - Chaos Ancients;0;208;0;208;12;194;1918
26/27;2026-09-19;Pantheon Lanes;tournament;Mythic Legends Invitational;2;Round 2;Marduk;188458;Mesopotamian Myth - Sky Kings;0;204;0;204;13;194;1892
26/27;2026-09-19;Pantheon Lanes;tournament;Mythic Legends Invitational;2;Round 2;Cronus;174393;Greek Myth - Titans & Primordials;0;193;0;193;21;194;1874
26/27;2026-09-19;Pantheon Lanes;tournament;Mythic Legends Invitational;2;Round 2;Thor;151201;Norse Myth - Aesir;0;189;0;189;25;194;1861
26/27;2026-09-19;Pantheon Lanes;tournament;Mythic Legends Invitational;2;Round 2;Anubis;175219;Egyptian Myth - Underworld Powers;0;199;0;199;18;194;1859
26/27;2026-09-19;Pantheon Lanes;tournament;Mythic Legends Invitational;2;Round 2;Osiris;179670;Egyptian Myth - Underworld Powers;0;203;0;203;15;194;1852
26/27;2026-09-19;Pantheon Lanes;tournament;Mythic Legends Invitational;2;Round 2;Mahishasura;137200;Hindu Myth - Asuras;0;214;0;214;8;194;1853
26/27;2026-09-19;Pantheon Lanes;tournament;Mythic Legends Invitational;2;Round 2;Lugh;174647;Celtic Myth - Tuatha De Danann;0;194;0;194;20;194;1831
26/27;2026-09-19;Pantheon Lanes;tournament;Mythic Legends Invitational;2;Round 2;Ishtar;172470;Mesopotamian Myth - Sky Kings;0;226;0;226;5;194;1849
26/27;2026-09-19;Pantheon Lanes;tournament;Mythic Legends Invitational;2;Round 2;Bres;112221;Celtic Myth - Fomorians;0;180;0;180;33;194;1787
26/27;2026-09-19;Pantheon Lanes;tournament;Mythic Legends Invitational;2;Round 2;Kingu;179084;Mesopotamian Myth - Chaos Ancients;0;176;0;176;35;194;1775
26/27;2026-09-19;Pantheon Lanes;tournament;Mythic Legends Invitational;2;Round 2;Shamash;123283;Mesopotamian Myth - Sky Kings;0;209;0;209;11;194;1807
26/27;2026-09-19;Pantheon Lanes;tournament;Mythic Legends Invitational;2;Round 2;Ravana;126986;Hindu Myth - Asuras;0;195;0;195;19;194;1789
26/27;2026-09-19;Pantheon Lanes;tournament;Mythic Legends Invitational;2;Round 2;Rhea;104221;Greek Myth - Titans & Primordials;0;236;0;236;2;194;1821
26/27;2026-09-19;Pantheon Lanes;tournament;Mythic Legends Invitational;2;Round 2;Bastet;182554;Egyptian Myth - Solar Court;0;175;0;175;36;194;1755
26/27;2026-09-19;Pantheon Lanes;tournament;Mythic Legends Invitational;2;Round 2;Athena;142739;Greek Myth - Olympians;0;201;0;201;17;194;1775
26/27;2026-09-19;Pantheon Lanes;tournament;Mythic Legends Invitational;2;Round 2;Vishnu;126083;Hindu Myth - Devas;0;186;0;186;30;194;1754
26/27;2026-09-19;Pantheon Lanes;tournament;Mythic Legends Invitational;2;Round 2;Hiranyakashipu;130544;Hindu Myth - Asuras;0;203;0;203;14;194;1765
26/27;2026-09-19;Pantheon Lanes;tournament;Mythic Legends Invitational;2;Round 2;Apollo;176933;Greek Myth - Olympians;0;229;0;229;3;194;1786
26/27;2026-09-19;Pantheon Lanes;tournament;Mythic Legends Invitational;2;Round 2;Ra;143286;Egyptian Myth - Solar Court;0;190;0;190;24;194;1741
26/27;2026-09-19;Pantheon Lanes;tournament;Mythic Legends Invitational;2;Round 2;Brigid;159183;Celtic Myth - Tuatha De Danann;0;187;0;187;27;194;1698
26/27;2026-09-19;Pantheon Lanes;tournament;Mythic Legends Invitational;2;Round 2;Fenrir;162230;Norse Myth - Giants & Tricksters;0;210;0;210;9;194;1699
26/27;2026-09-19;Pantheon Lanes;tournament;Mythic Legends Invitational;2;Round 2;Tyr;108350;Norse Myth - Aesir;0;186;0;186;29;194;1649
26/27;2026-09-19;Pantheon Lanes;tournament;Mythic Legends Invitational;2;Round 2;Shiva;109108;Hindu Myth - Devas;0;156;0;156;40;194;1618
26/27;2026-09-19;Pantheon Lanes;tournament;Mythic Legends Invitational;2;Round 2;Hel;124685;Norse Myth - Giants & Tricksters;0;187;0;187;28;194;1648
26/27;2026-09-19;Pantheon Lanes;tournament;Mythic Legends Invitational;2;Round 2;Nergal;164043;Mesopotamian Myth - Chaos Ancients;0;188;0;188;26;194;1647
26/27;2026-09-19;Pantheon Lanes;tournament;Mythic Legends Invitational;2;Round 2;Atlas;118236;Greek Myth - Titans & Primordials;0;192;0;192;23;194;1640
26/27;2026-09-19;Pantheon Lanes;tournament;Mythic Legends Invitational;2;Round 2;Horus;174473;Egyptian Myth - Solar Court;0;177;0;177;34;194;1623
26/27;2026-09-19;Pantheon Lanes;tournament;Mythic Legends Invitational;2;Round 2;Jormungandr;114239;Norse Myth - Giants & Tricksters;0;165;0;165;39;194;1608
26/27;2026-09-19;Pantheon Lanes;tournament;Mythic Legends Invitational;2;Round 2;Nanna;104202;Mesopotamian Myth - Sky Kings;0;167;0;167;38;194;1610
26/27;2026-09-19;Pantheon Lanes;tournament;Mythic Legends Invitational;2;Round 2;Set;151234;Egyptian Myth - Underworld Powers;0;193;0;193;22;194;1634
26/27;2026-09-19;Pantheon Lanes;tournament;Mythic Legends Invitational;2;Round 2;Frigg;170056;Norse Myth - Aesir;0;181;0;181;32;194;1620
26/27;2026-09-19;Pantheon Lanes;tournament;Mythic Legends Invitational;2;Round 2;Elatha;122468;Celtic Myth - Fomorians;0;181;0;181;31;194;1607
26/27;2026-09-19;Pantheon Lanes;tournament;Mythic Legends Invitational;2;Round 2;Vritra;138155;Hindu Myth - Asuras;0;169;0;169;37;194;1574
26/27;2026-09-19;Pantheon Lanes;tournament;Mythic Legends Invitational;2;Round 2;Indra;124470;Hindu Myth - Devas;1;200;0;402;17;394;2241
26/27;2026-09-19;Pantheon Lanes;tournament;Mythic Legends Invitational;2;Round 2;The Dagda;143101;Celtic Myth - Tuatha De Danann;1;216;0;442;3;394;2188
26/27;2026-09-19;Pantheon Lanes;tournament;Mythic Legends Invitational;2;Round 2;Loki;150650;Norse Myth - Giants & Tricksters;1;223;0;447;2;394;2189
26/27;2026-09-19;Pantheon Lanes;tournament;Mythic Legends Invitational;2;Round 2;Zeus;139274;Greek Myth - Olympians;1;207;0;436;4;394;2174
26/27;2026-09-19;Pantheon Lanes;tournament;Mythic Legends Invitational;2;Round 2;Odin;126765;Norse Myth - Aesir;1;209;0;451;1;394;2174
26/27;2026-09-19;Pantheon Lanes;tournament;Mythic Legends Invitational;2;Round 2;Balor;139930;Celtic Myth - Fomorians;1;209;0;418;10;394;2130
26/27;2026-09-19;Pantheon Lanes;tournament;Mythic Legends Invitational;2;Round 2;Tiamat;190311;Mesopotamian Myth - Chaos Ancients;1;205;0;413;14;394;2123
26/27;2026-09-19;Pantheon Lanes;tournament;Mythic Legends Invitational;2;Round 2;Marduk;188458;Mesopotamian Myth - Sky Kings;1;168;0;372;31;394;2060
26/27;2026-09-19;Pantheon Lanes;tournament;Mythic Legends Invitational;2;Round 2;Cronus;174393;Greek Myth - Titans & Primordials;1;239;0;432;6;394;2113
26/27;2026-09-19;Pantheon Lanes;tournament;Mythic Legends Invitational;2;Round 2;Thor;151201;Norse Myth - Aesir;1;186;0;375;28;394;2047
26/27;2026-09-19;Pantheon Lanes;tournament;Mythic Legends Invitational;2;Round 2;Anubis;175219;Egyptian Myth - Underworld Powers;1;218;0;417;11;394;2077
26/27;2026-09-19;Pantheon Lanes;tournament;Mythic Legends Invitational;2;Round 2;Osiris;179670;Egyptian Myth - Underworld Powers;1;231;0;434;5;394;2083
26/27;2026-09-19;Pantheon Lanes;tournament;Mythic Legends Invitational;2;Round 2;Mahishasura;137200;Hindu Myth - Asuras;1;207;0;421;9;394;2060
26/27;2026-09-19;Pantheon Lanes;tournament;Mythic Legends Invitational;2;Round 2;Lugh;174647;Celtic Myth - Tuatha De Danann;1;199;0;393;22;394;2030
26/27;2026-09-19;Pantheon Lanes;tournament;Mythic Legends Invitational;2;Round 2;Ishtar;172470;Mesopotamian Myth - Sky Kings;1;187;0;413;13;394;2036
26/27;2026-09-19;Pantheon Lanes;tournament;Mythic Legends Invitational;2;Round 2;Bres;112221;Celtic Myth - Fomorians;1;190;0;370;32;394;1977
26/27;2026-09-19;Pantheon Lanes;tournament;Mythic Legends Invitational;2;Round 2;Kingu;179084;Mesopotamian Myth - Chaos Ancients;1;199;0;375;27;394;1974
26/27;2026-09-19;Pantheon Lanes;tournament;Mythic Legends Invitational;2;Round 2;Shamash;123283;Mesopotamian Myth - Sky Kings;1;198;0;407;16;394;2005
26/27;2026-09-19;Pantheon Lanes;tournament;Mythic Legends Invitational;2;Round 2;Ravana;126986;Hindu Myth - Asuras;1;191;0;386;23;394;1980
26/27;2026-09-19;Pantheon Lanes;tournament;Mythic Legends Invitational;2;Round 2;Rhea;104221;Greek Myth - Titans & Primordials;1;190;0;426;8;394;2011
26/27;2026-09-19;Pantheon Lanes;tournament;Mythic Legends Invitational;2;Round 2;Bastet;182554;Egyptian Myth - Solar Court;1;180;0;355;34;394;1935
26/27;2026-09-19;Pantheon Lanes;tournament;Mythic Legends Invitational;2;Round 2;Athena;142739;Greek Myth - Olympians;1;198;0;399;18;394;1973
26/27;2026-09-19;Pantheon Lanes;tournament;Mythic Legends Invitational;2;Round 2;Vishnu;126083;Hindu Myth - Devas;1;195;0;381;24;394;1949
26/27;2026-09-19;Pantheon Lanes;tournament;Mythic Legends Invitational;2;Round 2;Hiranyakashipu;130544;Hindu Myth - Asuras;1;212;0;415;12;394;1977
26/27;2026-09-19;Pantheon Lanes;tournament;Mythic Legends Invitational;2;Round 2;Apollo;176933;Greek Myth - Olympians;1;165;0;394;20;394;1951
26/27;2026-09-19;Pantheon Lanes;tournament;Mythic Legends Invitational;2;Round 2;Ra;143286;Egyptian Myth - Solar Court;1;236;0;426;7;394;1977
26/27;2026-09-19;Pantheon Lanes;tournament;Mythic Legends Invitational;2;Round 2;Brigid;159183;Celtic Myth - Tuatha De Danann;1;148;0;335;40;394;1846
26/27;2026-09-19;Pantheon Lanes;tournament;Mythic Legends Invitational;2;Round 2;Fenrir;162230;Norse Myth - Giants & Tricksters;1;188;0;398;19;394;1887
26/27;2026-09-19;Pantheon Lanes;tournament;Mythic Legends Invitational;2;Round 2;Tyr;108350;Norse Myth - Aesir;1;188;0;374;30;394;1837
26/27;2026-09-19;Pantheon Lanes;tournament;Mythic Legends Invitational;2;Round 2;Shiva;109108;Hindu Myth - Devas;1;193;0;349;36;394;1811
26/27;2026-09-19;Pantheon Lanes;tournament;Mythic Legends Invitational;2;Round 2;Hel;124685;Norse Myth - Giants & Tricksters;1;193;0;380;25;394;1841
26/27;2026-09-19;Pantheon Lanes;tournament;Mythic Legends Invitational;2;Round 2;Nergal;164043;Mesopotamian Myth - Chaos Ancients;1;189;0;377;26;394;1836
26/27;2026-09-19;Pantheon Lanes;tournament;Mythic Legends Invitational;2;Round 2;Atlas;118236;Greek Myth - Titans & Primordials;1;220;0;412;15;394;1860
26/27;2026-09-19;Pantheon Lanes;tournament;Mythic Legends Invitational;2;Round 2;Horus;174473;Egyptian Myth - Solar Court;1;217;0;394;21;394;1840
26/27;2026-09-19;Pantheon Lanes;tournament;Mythic Legends Invitational;2;Round 2;Jormungandr;114239;Norse Myth - Giants & Tricksters;1;174;0;339;39;394;1782
26/27;2026-09-19;Pantheon Lanes;tournament;Mythic Legends Invitational;2;Round 2;Nanna;104202;Mesopotamian Myth - Sky Kings;1;181;0;348;37;394;1791
26/27;2026-09-19;Pantheon Lanes;tournament;Mythic Legends Invitational;2;Round 2;Set;151234;Egyptian Myth - Underworld Powers;1;181;0;374;29;394;1815
26/27;2026-09-19;Pantheon Lanes;tournament;Mythic Legends Invitational;2;Round 2;Frigg;170056;Norse Myth - Aesir;1;179;0;360;33;394;1799
26/27;2026-09-19;Pantheon Lanes;tournament;Mythic Legends Invitational;2;Round 2;Elatha;122468;Celtic Myth - Fomorians;1;172;0;353;35;394;1779
26/27;2026-09-19;Pantheon Lanes;tournament;Mythic Legends Invitational;2;Round 2;Vritra;138155;Hindu Myth - Asuras;1;175;0;344;38;394;1749
26/27;2026-09-19;Pantheon Lanes;tournament;Mythic Legends Invitational;2;Round 2;Indra;124470;Hindu Myth - Devas;2;242;0;644;6;592;2483
26/27;2026-09-19;Pantheon Lanes;tournament;Mythic Legends Invitational;2;Round 2;The Dagda;143101;Celtic Myth - Tuatha De Danann;2;217;0;659;2;592;2405
26/27;2026-09-19;Pantheon Lanes;tournament;Mythic Legends Invitational;2;Round 2;Loki;150650;Norse Myth - Giants & Tricksters;2;199;0;646;5;592;2388
26/27;2026-09-19;Pantheon Lanes;tournament;Mythic Legends Invitational;2;Round 2;Zeus;139274;Greek Myth - Olympians;2;221;0;657;3;592;2395
26/27;2026-09-19;Pantheon Lanes;tournament;Mythic Legends Invitational;2;Round 2;Odin;126765;Norse Myth - Aesir;2;208;0;659;1;592;2382
26/27;2026-09-19;Pantheon Lanes;tournament;Mythic Legends Invitational;2;Round 2;Balor;139930;Celtic Myth - Fomorians;2;208;0;626;10;592;2338
26/27;2026-09-19;Pantheon Lanes;tournament;Mythic Legends Invitational;2;Round 2;Tiamat;190311;Mesopotamian Myth - Chaos Ancients;2;225;0;638;8;592;2348
26/27;2026-09-19;Pantheon Lanes;tournament;Mythic Legends Invitational;2;Round 2;Marduk;188458;Mesopotamian Myth - Sky Kings;2;225;0;597;17;592;2285
26/27;2026-09-19;Pantheon Lanes;tournament;Mythic Legends Invitational;2;Round 2;Cronus;174393;Greek Myth - Titans & Primordials;2;217;0;649;4;592;2330
26/27;2026-09-19;Pantheon Lanes;tournament;Mythic Legends Invitational;2;Round 2;Thor;151201;Norse Myth - Aesir;2;210;0;585;24;592;2257
26/27;2026-09-19;Pantheon Lanes;tournament;Mythic Legends Invitational;2;Round 2;Anubis;175219;Egyptian Myth - Underworld Powers;2;192;0;609;13;592;2269
26/27;2026-09-19;Pantheon Lanes;tournament;Mythic Legends Invitational;2;Round 2;Osiris;179670;Egyptian Myth - Underworld Powers;2;198;0;632;9;592;2281
26/27;2026-09-19;Pantheon Lanes;tournament;Mythic Legends Invitational;2;Round 2;Mahishasura;137200;Hindu Myth - Asuras;2;217;0;638;7;592;2277
26/27;2026-09-19;Pantheon Lanes;tournament;Mythic Legends Invitational;2;Round 2;Lugh;174647;Celtic Myth - Tuatha De Danann;2;196;0;589;22;592;2226
26/27;2026-09-19;Pantheon Lanes;tournament;Mythic Legends Invitational;2;Round 2;Ishtar;172470;Mesopotamian Myth - Sky Kings;2;183;0;596;18;592;2219
26/27;2026-09-19;Pantheon Lanes;tournament;Mythic Legends Invitational;2;Round 2;Bres;112221;Celtic Myth - Fomorians;2;200;0;570;30;592;2177
26/27;2026-09-19;Pantheon Lanes;tournament;Mythic Legends Invitational;2;Round 2;Kingu;179084;Mesopotamian Myth - Chaos Ancients;2;197;0;572;29;592;2171
26/27;2026-09-19;Pantheon Lanes;tournament;Mythic Legends Invitational;2;Round 2;Shamash;123283;Mesopotamian Myth - Sky Kings;2;185;0;592;20;592;2190
26/27;2026-09-19;Pantheon Lanes;tournament;Mythic Legends Invitational;2;Round 2;Ravana;126986;Hindu Myth - Asuras;2;213;0;599;16;592;2193
26/27;2026-09-19;Pantheon Lanes;tournament;Mythic Legends Invitational;2;Round 2;Rhea;104221;Greek Myth - Titans & Primordials;2;198;0;624;11;592;2209
26/27;2026-09-19;Pantheon Lanes;tournament;Mythic Legends Invitational;2;Round 2;Bastet;182554;Egyptian Myth - Solar Court;2;219;0;574;28;592;2154
26/27;2026-09-19;Pantheon Lanes;tournament;Mythic Legends Invitational;2;Round 2;Athena;142739;Greek Myth - Olympians;2;212;0;611;12;592;2185
26/27;2026-09-19;Pantheon Lanes;tournament;Mythic Legends Invitational;2;Round 2;Vishnu;126083;Hindu Myth - Devas;2;177;0;558;31;592;2126
26/27;2026-09-19;Pantheon Lanes;tournament;Mythic Legends Invitational;2;Round 2;Hiranyakashipu;130544;Hindu Myth - Asuras;2;191;0;606;15;592;2168
26/27;2026-09-19;Pantheon Lanes;tournament;Mythic Legends Invitational;2;Round 2;Apollo;176933;Greek Myth - Olympians;2;181;0;575;27;592;2132
26/27;2026-09-19;Pantheon Lanes;tournament;Mythic Legends Invitational;2;Round 2;Ra;143286;Egyptian Myth - Solar Court;2;181;0;607;14;592;2158
26/27;2026-09-19;Pantheon Lanes;tournament;Mythic Legends Invitational;2;Round 2;Brigid;159183;Celtic Myth - Tuatha De Danann;2;192;0;527;39;592;2038
26/27;2026-09-19;Pantheon Lanes;tournament;Mythic Legends Invitational;2;Round 2;Fenrir;162230;Norse Myth - Giants & Tricksters;2;196;0;594;19;592;2083
26/27;2026-09-19;Pantheon Lanes;tournament;Mythic Legends Invitational;2;Round 2;Tyr;108350;Norse Myth - Aesir;2;169;0;543;34;592;2006
26/27;2026-09-19;Pantheon Lanes;tournament;Mythic Legends Invitational;2;Round 2;Shiva;109108;Hindu Myth - Devas;2;185;0;534;36;592;1996
26/27;2026-09-19;Pantheon Lanes;tournament;Mythic Legends Invitational;2;Round 2;Hel;124685;Norse Myth - Giants & Tricksters;2;196;0;576;26;592;2037
26/27;2026-09-19;Pantheon Lanes;tournament;Mythic Legends Invitational;2;Round 2;Nergal;164043;Mesopotamian Myth - Chaos Ancients;2;179;0;556;32;592;2015
26/27;2026-09-19;Pantheon Lanes;tournament;Mythic Legends Invitational;2;Round 2;Atlas;118236;Greek Myth - Titans & Primordials;2;177;0;589;21;592;2037
26/27;2026-09-19;Pantheon Lanes;tournament;Mythic Legends Invitational;2;Round 2;Horus;174473;Egyptian Myth - Solar Court;2;190;0;584;25;592;2030
26/27;2026-09-19;Pantheon Lanes;tournament;Mythic Legends Invitational;2;Round 2;Jormungandr;114239;Norse Myth - Giants & Tricksters;2;189;0;528;38;592;1971
26/27;2026-09-19;Pantheon Lanes;tournament;Mythic Legends Invitational;2;Round 2;Nanna;104202;Mesopotamian Myth - Sky Kings;2;174;0;522;40;592;1965
26/27;2026-09-19;Pantheon Lanes;tournament;Mythic Legends Invitational;2;Round 2;Set;151234;Egyptian Myth - Underworld Powers;2;215;0;589;23;592;2030
26/27;2026-09-19;Pantheon Lanes;tournament;Mythic Legends Invitational;2;Round 2;Frigg;170056;Norse Myth - Aesir;2;183;0;543;33;592;1982
26/27;2026-09-19;Pantheon Lanes;tournament;Mythic Legends Invitational;2;Round 2;Elatha;122468;Celtic Myth - Fomorians;2;180;0;533;37;592;1959
26/27;2026-09-19;Pantheon Lanes;tournament;Mythic Legends Invitational;2;Round 2;Vritra;138155;Hindu Myth - Asuras;2;191;0;535;35;592;1940
26/27;2026-09-19;Pantheon Lanes;tournament;Mythic Legends Invitational;2;Round 2;Indra;124470;Hindu Myth - Devas;3;229;0;873;3;793;2712
26/27;2026-09-19;Pantheon Lanes;tournament;Mythic Legends Invitational;2;Round 2;The Dagda;143101;Celtic Myth - Tuatha De Danann;3;224;0;883;2;793;2629
26/27;2026-09-19;Pantheon Lanes;tournament;Mythic Legends Invitational;2;Round 2;Loki;150650;Norse Myth - Giants & Tricksters;3;216;0;862;6;793;2604
26/27;2026-09-19;Pantheon Lanes;tournament;Mythic Legends Invitational;2;Round 2;Zeus;139274;Greek Myth - Olympians;3;233;0;890;1;793;2628
26/27;2026-09-19;Pantheon Lanes;tournament;Mythic Legends Invitational;2;Round 2;Odin;126765;Norse Myth - Aesir;3;214;0;873;4;793;2596
26/27;2026-09-19;Pantheon Lanes;tournament;Mythic Legends Invitational;2;Round 2;Balor;139930;Celtic Myth - Fomorians;3;201;0;827;11;793;2539
26/27;2026-09-19;Pantheon Lanes;tournament;Mythic Legends Invitational;2;Round 2;Tiamat;190311;Mesopotamian Myth - Chaos Ancients;3;206;0;844;9;793;2554
26/27;2026-09-19;Pantheon Lanes;tournament;Mythic Legends Invitational;2;Round 2;Marduk;188458;Mesopotamian Myth - Sky Kings;3;234;0;831;10;793;2519
26/27;2026-09-19;Pantheon Lanes;tournament;Mythic Legends Invitational;2;Round 2;Cronus;174393;Greek Myth - Titans & Primordials;3;213;0;862;5;793;2543
26/27;2026-09-19;Pantheon Lanes;tournament;Mythic Legends Invitational;2;Round 2;Thor;151201;Norse Myth - Aesir;3;198;0;783;24;793;2455
26/27;2026-09-19;Pantheon Lanes;tournament;Mythic Legends Invitational;2;Round 2;Anubis;175219;Egyptian Myth - Underworld Powers;3;195;0;804;17;793;2464
26/27;2026-09-19;Pantheon Lanes;tournament;Mythic Legends Invitational;2;Round 2;Osiris;179670;Egyptian Myth - Underworld Powers;3;226;0;858;8;793;2507
26/27;2026-09-19;Pantheon Lanes;tournament;Mythic Legends Invitational;2;Round 2;Mahishasura;137200;Hindu Myth - Asuras;3;224;0;862;7;793;2501
26/27;2026-09-19;Pantheon Lanes;tournament;Mythic Legends Invitational;2;Round 2;Lugh;174647;Celtic Myth - Tuatha De Danann;3;196;0;785;23;793;2422
26/27;2026-09-19;Pantheon Lanes;tournament;Mythic Legends Invitational;2;Round 2;Ishtar;172470;Mesopotamian Myth - Sky Kings;3;194;0;790;22;793;2413
26/27;2026-09-19;Pantheon Lanes;tournament;Mythic Legends Invitational;2;Round 2;Bres;112221;Celtic Myth - Fomorians;3;192;0;762;30;793;2369
26/27;2026-09-19;Pantheon Lanes;tournament;Mythic Legends Invitational;2;Round 2;Kingu;179084;Mesopotamian Myth - Chaos Ancients;3;194;0;766;29;793;2365
26/27;2026-09-19;Pantheon Lanes;tournament;Mythic Legends Invitational;2;Round 2;Shamash;123283;Mesopotamian Myth - Sky Kings;3;201;0;793;21;793;2391
26/27;2026-09-19;Pantheon Lanes;tournament;Mythic Legends Invitational;2;Round 2;Ravana;126986;Hindu Myth - Asuras;3;215;0;814;15;793;2408
26/27;2026-09-19;Pantheon Lanes;tournament;Mythic Legends Invitational;2;Round 2;Rhea;104221;Greek Myth - Titans & Primordials;3;201;0;825;13;793;2410
26/27;2026-09-19;Pantheon Lanes;tournament;Mythic Legends Invitational;2;Round 2;Bastet;182554;Egyptian Myth - Solar Court;3;201;0;775;26;793;2355
26/27;2026-09-19;Pantheon Lanes;tournament;Mythic Legends Invitational;2;Round 2;Athena;142739;Greek Myth - Olympians;3;215;0;826;12;793;2400
26/27;2026-09-19;Pantheon Lanes;tournament;Mythic Legends Invitational;2;Round 2;Vishnu;126083;Hindu Myth - Devas;3;190;0;748;31;793;2316
26/27;2026-09-19;Pantheon Lanes;tournament;Mythic Legends Invitational;2;Round 2;Hiranyakashipu;130544;Hindu Myth - Asuras;3;211;0;817;14;793;2379
26/27;2026-09-19;Pantheon Lanes;tournament;Mythic Legends Invitational;2;Round 2;Apollo;176933;Greek Myth - Olympians;3;227;0;802;18;793;2359
26/27;2026-09-19;Pantheon Lanes;tournament;Mythic Legends Invitational;2;Round 2;Ra;143286;Egyptian Myth - Solar Court;3;205;0;812;16;793;2363
26/27;2026-09-19;Pantheon Lanes;tournament;Mythic Legends Invitational;2;Round 2;Brigid;159183;Celtic Myth - Tuatha De Danann;3;186;0;713;39;793;2224
26/27;2026-09-19;Pantheon Lanes;tournament;Mythic Legends Invitational;2;Round 2;Fenrir;162230;Norse Myth - Giants & Tricksters;3;199;0;793;20;793;2282
26/27;2026-09-19;Pantheon Lanes;tournament;Mythic Legends Invitational;2;Round 2;Tyr;108350;Norse Myth - Aesir;3;204;0;747;32;793;2210
26/27;2026-09-19;Pantheon Lanes;tournament;Mythic Legends Invitational;2;Round 2;Shiva;109108;Hindu Myth - Devas;3;210;0;744;33;793;2206
26/27;2026-09-19;Pantheon Lanes;tournament;Mythic Legends Invitational;2;Round 2;Hel;124685;Norse Myth - Giants & Tricksters;3;199;0;775;27;793;2236
26/27;2026-09-19;Pantheon Lanes;tournament;Mythic Legends Invitational;2;Round 2;Nergal;164043;Mesopotamian Myth - Chaos Ancients;3;180;0;736;34;793;2195
26/27;2026-09-19;Pantheon Lanes;tournament;Mythic Legends Invitational;2;Round 2;Atlas;118236;Greek Myth - Titans & Primordials;3;207;0;796;19;793;2244
26/27;2026-09-19;Pantheon Lanes;tournament;Mythic Legends Invitational;2;Round 2;Horus;174473;Egyptian Myth - Solar Court;3;198;0;782;25;793;2228
26/27;2026-09-19;Pantheon Lanes;tournament;Mythic Legends Invitational;2;Round 2;Jormungandr;114239;Norse Myth - Giants & Tricksters;3;172;0;700;40;793;2143
26/27;2026-09-19;Pantheon Lanes;tournament;Mythic Legends Invitational;2;Round 2;Nanna;104202;Mesopotamian Myth - Sky Kings;3;194;0;716;38;793;2159
26/27;2026-09-19;Pantheon Lanes;tournament;Mythic Legends Invitational;2;Round 2;Set;151234;Egyptian Myth - Underworld Powers;3;183;0;772;28;793;2213
26/27;2026-09-19;Pantheon Lanes;tournament;Mythic Legends Invitational;2;Round 2;Frigg;170056;Norse Myth - Aesir;3;183;0;726;36;793;2165
26/27;2026-09-19;Pantheon Lanes;tournament;Mythic Legends Invitational;2;Round 2;Elatha;122468;Celtic Myth - Fomorians;3;194;0;727;35;793;2153
26/27;2026-09-19;Pantheon Lanes;tournament;Mythic Legends Invitational;2;Round 2;Vritra;138155;Hindu Myth - Asuras;3;184;0;719;37;793;2124
26/27;2026-09-19;Pantheon Lanes;tournament;Mythic Legends Invitational;2;Round 2;Indra;124470;Hindu Myth - Devas;4;259;0;1132;1;996;2971
26/27;2026-09-19;Pantheon Lanes;tournament;Mythic Legends Invitational;2;Round 2;The Dagda;143101;Celtic Myth - Tuatha De Danann;4;217;0;1100;5;996;2846
26/27;2026-09-19;Pantheon Lanes;tournament;Mythic Legends Invitational;2;Round 2;Loki;150650;Norse Myth - Giants & Tricksters;4;226;0;1088;7;996;2830
26/27;2026-09-19;Pantheon Lanes;tournament;Mythic Legends Invitational;2;Round 2;Zeus;139274;Greek Myth - Olympians;4;216;0;1106;3;996;2844
26/27;2026-09-19;Pantheon Lanes;tournament;Mythic Legends Invitational;2;Round 2;Odin;126765;Norse Myth - Aesir;4;235;0;1108;2;996;2831
26/27;2026-09-19;Pantheon Lanes;tournament;Mythic Legends Invitational;2;Round 2;Balor;139930;Celtic Myth - Fomorians;4;203;0;1030;12;996;2742
26/27;2026-09-19;Pantheon Lanes;tournament;Mythic Legends Invitational;2;Round 2;Tiamat;190311;Mesopotamian Myth - Chaos Ancients;4;244;0;1088;8;996;2798
26/27;2026-09-19;Pantheon Lanes;tournament;Mythic Legends Invitational;2;Round 2;Marduk;188458;Mesopotamian Myth - Sky Kings;4;228;0;1059;9;996;2747
26/27;2026-09-19;Pantheon Lanes;tournament;Mythic Legends Invitational;2;Round 2;Cronus;174393;Greek Myth - Titans & Primordials;4;239;0;1101;4;996;2782
26/27;2026-09-19;Pantheon Lanes;tournament;Mythic Legends Invitational;2;Round 2;Thor;151201;Norse Myth - Aesir;4;195;0;978;23;996;2650
26/27;2026-09-19;Pantheon Lanes;tournament;Mythic Legends Invitational;2;Round 2;Anubis;175219;Egyptian Myth - Underworld Powers;4;214;0;1018;15;996;2678
26/27;2026-09-19;Pantheon Lanes;tournament;Mythic Legends Invitational;2;Round 2;Osiris;179670;Egyptian Myth - Underworld Powers;4;201;0;1059;10;996;2708
26/27;2026-09-19;Pantheon Lanes;tournament;Mythic Legends Invitational;2;Round 2;Mahishasura;137200;Hindu Myth - Asuras;4;228;0;1090;6;996;2729
26/27;2026-09-19;Pantheon Lanes;tournament;Mythic Legends Invitational;2;Round 2;Lugh;174647;Celtic Myth - Tuatha De Danann;4;179;0;964;25;996;2601
26/27;2026-09-19;Pantheon Lanes;tournament;Mythic Legends Invitational;2;Round 2;Ishtar;172470;Mesopotamian Myth - Sky Kings;4;196;0;986;21;996;2609
26/27;2026-09-19;Pantheon Lanes;tournament;Mythic Legends Invitational;2;Round 2;Bres;112221;Celtic Myth - Fomorians;4;198;0;960;29;996;2567
26/27;2026-09-19;Pantheon Lanes;tournament;Mythic Legends Invitational;2;Round 2;Kingu;179084;Mesopotamian Myth - Chaos Ancients;4;197;0;963;26;996;2562
26/27;2026-09-19;Pantheon Lanes;tournament;Mythic Legends Invitational;2;Round 2;Shamash;123283;Mesopotamian Myth - Sky Kings;4;217;0;1010;17;996;2608
26/27;2026-09-19;Pantheon Lanes;tournament;Mythic Legends Invitational;2;Round 2;Ravana;126986;Hindu Myth - Asuras;4;195;0;1009;18;996;2603
26/27;2026-09-19;Pantheon Lanes;tournament;Mythic Legends Invitational;2;Round 2;Rhea;104221;Greek Myth - Titans & Primordials;4;205;0;1030;13;996;2615
26/27;2026-09-19;Pantheon Lanes;tournament;Mythic Legends Invitational;2;Round 2;Bastet;182554;Egyptian Myth - Solar Court;4;186;0;961;28;996;2541
26/27;2026-09-19;Pantheon Lanes;tournament;Mythic Legends Invitational;2;Round 2;Athena;142739;Greek Myth - Olympians;4;216;0;1042;11;996;2616
26/27;2026-09-19;Pantheon Lanes;tournament;Mythic Legends Invitational;2;Round 2;Vishnu;126083;Hindu Myth - Devas;4;214;0;962;27;996;2530
26/27;2026-09-19;Pantheon Lanes;tournament;Mythic Legends Invitational;2;Round 2;Hiranyakashipu;130544;Hindu Myth - Asuras;4;200;0;1017;16;996;2579
26/27;2026-09-19;Pantheon Lanes;tournament;Mythic Legends Invitational;2;Round 2;Apollo;176933;Greek Myth - Olympians;4;194;0;996;20;996;2553
26/27;2026-09-19;Pantheon Lanes;tournament;Mythic Legends Invitational;2;Round 2;Ra;143286;Egyptian Myth - Solar Court;4;215;0;1027;14;996;2578
26/27;2026-09-19;Pantheon Lanes;tournament;Mythic Legends Invitational;2;Round 2;Brigid;159183;Celtic Myth - Tuatha De Danann;4;177;0;890;39;996;2401
26/27;2026-09-19;Pantheon Lanes;tournament;Mythic Legends Invitational;2;Round 2;Fenrir;162230;Norse Myth - Giants & Tricksters;4;209;0;1002;19;996;2491
26/27;2026-09-19;Pantheon Lanes;tournament;Mythic Legends Invitational;2;Round 2;Tyr;108350;Norse Myth - Aesir;4;200;0;947;32;996;2410
26/27;2026-09-19;Pantheon Lanes;tournament;Mythic Legends Invitational;2;Round 2;Shiva;109108;Hindu Myth - Devas;4;181;0;925;34;996;2387
26/27;2026-09-19;Pantheon Lanes;tournament;Mythic Legends Invitational;2;Round 2;Hel;124685;Norse Myth - Giants & Tricksters;4;182;0;957;30;996;2418
26/27;2026-09-19;Pantheon Lanes;tournament;Mythic Legends Invitational;2;Round 2;Nergal;164043;Mesopotamian Myth - Chaos Ancients;4;178;0;914;35;996;2373
26/27;2026-09-19;Pantheon Lanes;tournament;Mythic Legends Invitational;2;Round 2;Atlas;118236;Greek Myth - Titans & Primordials;4;174;0;970;24;996;2418
26/27;2026-09-19;Pantheon Lanes;tournament;Mythic Legends Invitational;2;Round 2;Horus;174473;Egyptian Myth - Solar Court;4;199;0;981;22;996;2427
26/27;2026-09-19;Pantheon Lanes;tournament;Mythic Legends Invitational;2;Round 2;Jormungandr;114239;Norse Myth - Giants & Tricksters;4;185;0;885;40;996;2328
26/27;2026-09-19;Pantheon Lanes;tournament;Mythic Legends Invitational;2;Round 2;Nanna;104202;Mesopotamian Myth - Sky Kings;4;177;0;893;38;996;2336
26/27;2026-09-19;Pantheon Lanes;tournament;Mythic Legends Invitational;2;Round 2;Set;151234;Egyptian Myth - Underworld Powers;4;180;0;952;31;996;2393
26/27;2026-09-19;Pantheon Lanes;tournament;Mythic Legends Invitational;2;Round 2;Frigg;170056;Norse Myth - Aesir;4;187;0;913;36;996;2352
26/27;2026-09-19;Pantheon Lanes;tournament;Mythic Legends Invitational;2;Round 2;Elatha;122468;Celtic Myth - Fomorians;4;200;0;927;33;996;2353
26/27;2026-09-19;Pantheon Lanes;tournament;Mythic Legends Invitational;2;Round 2;Vritra;138155;Hindu Myth - Asuras;4;194;0;913;37;996;2318
26/27;2026-09-19;Pantheon Lanes;tournament;Mythic Legends Invitational;2;Round 2;Indra;124470;Hindu Myth - Devas;5;213;0;1345;1;1199;3184
26/27;2026-09-19;Pantheon Lanes;tournament;Mythic Legends Invitational;2;Round 2;The Dagda;143101;Celtic Myth - Tuatha De Danann;5;218;0;1318;7;1199;3064
26/27;2026-09-19;Pantheon Lanes;tournament;Mythic Legends Invitational;2;Round 2;Loki;150650;Norse Myth - Giants & Tricksters;5;233;0;1321;5;1199;3063
26/27;2026-09-19;Pantheon Lanes;tournament;Mythic Legends Invitational;2;Round 2;Zeus;139274;Greek Myth - Olympians;5;222;0;1328;4;1199;3066
26/27;2026-09-19;Pantheon Lanes;tournament;Mythic Legends Invitational;2;Round 2;Odin;126765;Norse Myth - Aesir;5;211;0;1319;6;1199;3042
26/27;2026-09-19;Pantheon Lanes;tournament;Mythic Legends Invitational;2;Round 2;Balor;139930;Celtic Myth - Fomorians;5;207;0;1237;13;1199;2949
26/27;2026-09-19;Pantheon Lanes;tournament;Mythic Legends Invitational;2;Round 2;Tiamat;190311;Mesopotamian Myth - Chaos Ancients;5;200;0;1288;8;1199;2998
26/27;2026-09-19;Pantheon Lanes;tournament;Mythic Legends Invitational;2;Round 2;Marduk;188458;Mesopotamian Myth - Sky Kings;5;217;0;1276;10;1199;2964
26/27;2026-09-19;Pantheon Lanes;tournament;Mythic Legends Invitational;2;Round 2;Cronus;174393;Greek Myth - Titans & Primordials;5;233;0;1334;2;1199;3015
26/27;2026-09-19;Pantheon Lanes;tournament;Mythic Legends Invitational;2;Round 2;Thor;151201;Norse Myth - Aesir;5;212;0;1190;22;1199;2862
26/27;2026-09-19;Pantheon Lanes;tournament;Mythic Legends Invitational;2;Round 2;Anubis;175219;Egyptian Myth - Underworld Powers;5;208;0;1226;16;1199;2886
26/27;2026-09-19;Pantheon Lanes;tournament;Mythic Legends Invitational;2;Round 2;Osiris;179670;Egyptian Myth - Underworld Powers;5;210;0;1269;11;1199;2918
26/27;2026-09-19;Pantheon Lanes;tournament;Mythic Legends Invitational;2;Round 2;Mahishasura;137200;Hindu Myth - Asuras;5;239;0;1329;3;1199;2968
26/27;2026-09-19;Pantheon Lanes;tournament;Mythic Legends Invitational;2;Round 2;Lugh;174647;Celtic Myth - Tuatha De Danann;5;188;0;1152;29;1199;2789
26/27;2026-09-19;Pantheon Lanes;tournament;Mythic Legends Invitational;2;Round 2;Ishtar;172470;Mesopotamian Myth - Sky Kings;5;213;0;1199;20;1199;2822
26/27;2026-09-19;Pantheon Lanes;tournament;Mythic Legends Invitational;2;Round 2;Bres;112221;Celtic Myth - Fomorians;5;213;0;1173;23;1199;2780
26/27;2026-09-19;Pantheon Lanes;tournament;Mythic Legends Invitational;2;Round 2;Kingu;179084;Mesopotamian Myth - Chaos Ancients;5;202;0;1165;26;1199;2764
26/27;2026-09-19;Pantheon Lanes;tournament;Mythic Legends Invitational;2;Round 2;Shamash;123283;Mesopotamian Myth - Sky Kings;5;199;0;1209;19;1199;2807
26/27;2026-09-19;Pantheon Lanes;tournament;Mythic Legends Invitational;2;Round 2;Ravana;126986;Hindu Myth - Asuras;5;188;0;1197;21;1199;2791
26/27;2026-09-19;Pantheon Lanes;tournament;Mythic Legends Invitational;2;Round 2;Rhea;104221;Greek Myth - Titans & Primordials;5;224;0;1254;12;1199;2839
26/27;2026-09-19;Pantheon Lanes;tournament;Mythic Legends Invitational;2;Round 2;Bastet;182554;Egyptian Myth - Solar Court;5;199;0;1160;27;1199;2740
26/27;2026-09-19;Pantheon Lanes;tournament;Mythic Legends Invitational;2;Round 2;Athena;142739;Greek Myth - Olympians;5;238;0;1280;9;1199;2854
26/27;2026-09-19;Pantheon Lanes;tournament;Mythic Legends Invitational;2;Round 2;Vishnu;126083;Hindu Myth - Devas;5;204;0;1166;25;1199;2734
26/27;2026-09-19;Pantheon Lanes;tournament;Mythic Legends Invitational;2;Round 2;Hiranyakashipu;130544;Hindu Myth - Asuras;5;220;0;1237;14;1199;2799
26/27;2026-09-19;Pantheon Lanes;tournament;Mythic Legends Invitational;2;Round 2;Apollo;176933;Greek Myth - Olympians;5;225;0;1221;17;1199;2778
26/27;2026-09-19;Pantheon Lanes;tournament;Mythic Legends Invitational;2;Round 2;Ra;143286;Egyptian Myth - Solar Court;5;204;0;1231;15;1199;2782
26/27;2026-09-19;Pantheon Lanes;tournament;Mythic Legends Invitational;2;Round 2;Brigid;159183;Celtic Myth - Tuatha De Danann;5;166;0;1056;40;1199;2567
26/27;2026-09-19;Pantheon Lanes;tournament;Mythic Legends Invitational;2;Round 2;Fenrir;162230;Norse Myth - Giants & Tricksters;5;216;0;1218;18;1199;2707
26/27;2026-09-19;Pantheon Lanes;tournament;Mythic Legends Invitational;2;Round 2;Tyr;108350;Norse Myth - Aesir;5;191;0;1138;32;1199;2601
26/27;2026-09-19;Pantheon Lanes;tournament;Mythic Legends Invitational;2;Round 2;Shiva;109108;Hindu Myth - Devas;5;192;0;1117;34;1199;2579
26/27;2026-09-19;Pantheon Lanes;tournament;Mythic Legends Invitational;2;Round 2;Hel;124685;Norse Myth - Giants & Tricksters;5;184;0;1141;31;1199;2602
26/27;2026-09-19;Pantheon Lanes;tournament;Mythic Legends Invitational;2;Round 2;Nergal;164043;Mesopotamian Myth - Chaos Ancients;5;184;0;1098;35;1199;2557
26/27;2026-09-19;Pantheon Lanes;tournament;Mythic Legends Invitational;2;Round 2;Atlas;118236;Greek Myth - Titans & Primordials;5;200;0;1170;24;1199;2618
26/27;2026-09-19;Pantheon Lanes;tournament;Mythic Legends Invitational;2;Round 2;Horus;174473;Egyptian Myth - Solar Court;5;167;0;1148;30;1199;2594
26/27;2026-09-19;Pantheon Lanes;tournament;Mythic Legends Invitational;2;Round 2;Jormungandr;114239;Norse Myth - Giants & Tricksters;5;186;0;1071;38;1199;2514
26/27;2026-09-19;Pantheon Lanes;tournament;Mythic Legends Invitational;2;Round 2;Nanna;104202;Mesopotamian Myth - Sky Kings;5;178;0;1071;39;1199;2514
26/27;2026-09-19;Pantheon Lanes;tournament;Mythic Legends Invitational;2;Round 2;Set;151234;Egyptian Myth - Underworld Powers;5;206;0;1158;28;1199;2599
26/27;2026-09-19;Pantheon Lanes;tournament;Mythic Legends Invitational;2;Round 2;Frigg;170056;Norse Myth - Aesir;5;181;0;1094;36;1199;2533
26/27;2026-09-19;Pantheon Lanes;tournament;Mythic Legends Invitational;2;Round 2;Elatha;122468;Celtic Myth - Fomorians;5;201;0;1128;33;1199;2554
26/27;2026-09-19;Pantheon Lanes;tournament;Mythic Legends Invitational;2;Round 2;Vritra;138155;Hindu Myth - Asuras;5;171;0;1084;37;1199;2489
26/27;2026-09-20;Pantheon Lanes;tournament;Mythic Legends Invitational;3;Final;Indra;124470;Hindu Myth - Devas;0;190;0;190;16;;3374
26/27;2026-09-20;Pantheon Lanes;tournament;Mythic Legends Invitational;3;Final;Zeus;139274;Greek Myth - Olympians;0;241;0;241;2;;3307
26/27;2026-09-20;Pantheon Lanes;tournament;Mythic Legends Invitational;3;Final;The Dagda;143101;Celtic Myth - Tuatha De Danann;0;217;0;217;5;;3281
26/27;2026-09-20;Pantheon Lanes;tournament;Mythic Legends Invitational;3;Final;Loki;150650;Norse Myth - Giants & Tricksters;0;219;0;219;4;;3282
26/27;2026-09-20;Pantheon Lanes;tournament;Mythic Legends Invitational;3;Final;Odin;126765;Norse Myth - Aesir;0;252;0;252;1;;3294
26/27;2026-09-20;Pantheon Lanes;tournament;Mythic Legends Invitational;3;Final;Cronus;174393;Greek Myth - Titans & Primordials;0;202;0;202;12;;3217
26/27;2026-09-20;Pantheon Lanes;tournament;Mythic Legends Invitational;3;Final;Tiamat;190311;Mesopotamian Myth - Chaos Ancients;0;215;0;215;6;;3213
26/27;2026-09-20;Pantheon Lanes;tournament;Mythic Legends Invitational;3;Final;Mahishasura;137200;Hindu Myth - Asuras;0;210;0;210;7;;3178
26/27;2026-09-20;Pantheon Lanes;tournament;Mythic Legends Invitational;3;Final;Marduk;188458;Mesopotamian Myth - Sky Kings;0;209;0;209;8;;3173
26/27;2026-09-20;Pantheon Lanes;tournament;Mythic Legends Invitational;3;Final;Balor;139930;Celtic Myth - Fomorians;0;198;0;198;13;;3147
26/27;2026-09-20;Pantheon Lanes;tournament;Mythic Legends Invitational;3;Final;Osiris;179670;Egyptian Myth - Underworld Powers;0;208;0;208;9;;3126
26/27;2026-09-20;Pantheon Lanes;tournament;Mythic Legends Invitational;3;Final;Anubis;175219;Egyptian Myth - Underworld Powers;0;196;0;196;14;;3082
26/27;2026-09-20;Pantheon Lanes;tournament;Mythic Legends Invitational;3;Final;Thor;151201;Norse Myth - Aesir;0;181;0;181;17;;3043
26/27;2026-09-20;Pantheon Lanes;tournament;Mythic Legends Invitational;3;Final;Athena;142739;Greek Myth - Olympians;0;167;0;167;20;;3021
26/27;2026-09-20;Pantheon Lanes;tournament;Mythic Legends Invitational;3;Final;Rhea;104221;Greek Myth - Titans & Primordials;0;171;0;171;19;;3010
26/27;2026-09-20;Pantheon Lanes;tournament;Mythic Legends Invitational;3;Final;Ishtar;172470;Mesopotamian Myth - Sky Kings;0;226;0;226;3;;3048
26/27;2026-09-20;Pantheon Lanes;tournament;Mythic Legends Invitational;3;Final;Shamash;123283;Mesopotamian Myth - Sky Kings;0;196;0;196;15;;3003
26/27;2026-09-20;Pantheon Lanes;tournament;Mythic Legends Invitational;3;Final;Hiranyakashipu;130544;Hindu Myth - Asuras;0;205;0;205;10;;3004
26/27;2026-09-20;Pantheon Lanes;tournament;Mythic Legends Invitational;3;Final;Ravana;126986;Hindu Myth - Asuras;0;173;0;173;18;;2964
26/27;2026-09-20;Pantheon Lanes;tournament;Mythic Legends Invitational;3;Final;Lugh;174647;Celtic Myth - Tuatha De Danann;0;205;0;205;11;;2994
26/27;2026-09-20;Pantheon Lanes;tournament;Mythic Legends Invitational;3;Final;Indra;124470;Hindu Myth - Devas;1;211;0;401;13;;3585
26/27;2026-09-20;Pantheon Lanes;tournament;Mythic Legends Invitational;3;Final;Zeus;139274;Greek Myth - Olympians;1;225;0;466;1;;3532
26/27;2026-09-20;Pantheon Lanes;tournament;Mythic Legends Invitational;3;Final;The Dagda;143101;Celtic Myth - Tuatha De Danann;1;218;0;435;4;;3499
26/27;2026-09-20;Pantheon Lanes;tournament;Mythic Legends Invitational;3;Final;Loki;150650;Norse Myth - Giants & Tricksters;1;209;0;428;6;;3491
26/27;2026-09-20;Pantheon Lanes;tournament;Mythic Legends Invitational;3;Final;Odin;126765;Norse Myth - Aesir;1;190;0;442;2;;3484
26/27;2026-09-20;Pantheon Lanes;tournament;Mythic Legends Invitational;3;Final;Cronus;174393;Greek Myth - Titans & Primordials;1;211;0;413;11;;3428
26/27;2026-09-20;Pantheon Lanes;tournament;Mythic Legends Invitational;3;Final;Tiamat;190311;Mesopotamian Myth - Chaos Ancients;1;224;0;439;3;;3437
26/27;2026-09-20;Pantheon Lanes;tournament;Mythic Legends Invitational;3;Final;Mahishasura;137200;Hindu Myth - Asuras;1;210;0;420;9;;3388
26/27;2026-09-20;Pantheon Lanes;tournament;Mythic Legends Invitational;3;Final;Marduk;188458;Mesopotamian Myth - Sky Kings;1;216;0;425;8;;3389
26/27;2026-09-20;Pantheon Lanes;tournament;Mythic Legends Invitational;3;Final;Balor;139930;Celtic Myth - Fomorians;1;182;0;380;17;;3329
26/27;2026-09-20;Pantheon Lanes;tournament;Mythic Legends Invitational;3;Final;Osiris;179670;Egyptian Myth - Underworld Powers;1;223;0;431;5;;3349
26/27;2026-09-20;Pantheon Lanes;tournament;Mythic Legends Invitational;3;Final;Anubis;175219;Egyptian Myth - Underworld Powers;1;187;0;383;16;;3269
26/27;2026-09-20;Pantheon Lanes;tournament;Mythic Legends Invitational;3;Final;Thor;151201;Norse Myth - Aesir;1;196;0;377;19;;3239
26/27;2026-09-20;Pantheon Lanes;tournament;Mythic Legends Invitational;3;Final;Athena;142739;Greek Myth - Olympians;1;203;0;370;20;;3224
26/27;2026-09-20;Pantheon Lanes;tournament;Mythic Legends Invitational;3;Final;Rhea;104221;Greek Myth - Titans & Primordials;1;208;0;379;18;;3218
26/27;2026-09-20;Pantheon Lanes;tournament;Mythic Legends Invitational;3;Final;Ishtar;172470;Mesopotamian Myth - Sky Kings;1;199;0;425;7;;3247
26/27;2026-09-20;Pantheon Lanes;tournament;Mythic Legends Invitational;3;Final;Shamash;123283;Mesopotamian Myth - Sky Kings;1;192;0;388;15;;3195
26/27;2026-09-20;Pantheon Lanes;tournament;Mythic Legends Invitational;3;Final;Hiranyakashipu;130544;Hindu Myth - Asuras;1;209;0;414;10;;3213
26/27;2026-09-20;Pantheon Lanes;tournament;Mythic Legends Invitational;3;Final;Ravana;126986;Hindu Myth - Asuras;1;219;0;392;14;;3183
26/27;2026-09-20;Pantheon Lanes;tournament;Mythic Legends Invitational;3;Final;Lugh;174647;Celtic Myth - Tuatha De Danann;1;205;0;410;12;;3199
26/27;2026-09-20;Pantheon Lanes;tournament;Mythic Legends Invitational;3;Final;Indra;124470;Hindu Myth - Devas;2;205;0;606;13;;3790
26/27;2026-09-20;Pantheon Lanes;tournament;Mythic Legends Invitational;3;Final;Zeus;139274;Greek Myth - Olympians;2;217;0;683;1;;3749
26/27;2026-09-20;Pantheon Lanes;tournament;Mythic Legends Invitational;3;Final;The Dagda;143101;Celtic Myth - Tuatha De Danann;2;230;0;665;2;;3729
26/27;2026-09-20;Pantheon Lanes;tournament;Mythic Legends Invitational;3;Final;Loki;150650;Norse Myth - Giants & Tricksters;2;198;0;626;9;;3689
26/27;2026-09-20;Pantheon Lanes;tournament;Mythic Legends Invitational;3;Final;Odin;126765;Norse Myth - Aesir;2;194;0;636;8;;3678
26/27;2026-09-20;Pantheon Lanes;tournament;Mythic Legends Invitational;3;Final;Cronus;174393;Greek Myth - Titans & Primordials;2;233;0;646;6;;3661
26/27;2026-09-20;Pantheon Lanes;tournament;Mythic Legends Invitational;3;Final;Tiamat;190311;Mesopotamian Myth - Chaos Ancients;2;198;0;637;7;;3635
26/27;2026-09-20;Pantheon Lanes;tournament;Mythic Legends Invitational;3;Final;Mahishasura;137200;Hindu Myth - Asuras;2;233;0;653;5;;3621
26/27;2026-09-20;Pantheon Lanes;tournament;Mythic Legends Invitational;3;Final;Marduk;188458;Mesopotamian Myth - Sky Kings;2;239;0;664;3;;3628
26/27;2026-09-20;Pantheon Lanes;tournament;Mythic Legends Invitational;3;Final;Balor;139930;Celtic Myth - Fomorians;2;195;0;575;18;;3524
26/27;2026-09-20;Pantheon Lanes;tournament;Mythic Legends Invitational;3;Final;Osiris;179670;Egyptian Myth - Underworld Powers;2;224;0;655;4;;3573
26/27;2026-09-20;Pantheon Lanes;tournament;Mythic Legends Invitational;3;Final;Anubis;175219;Egyptian Myth - Underworld Powers;2;202;0;585;17;;3471
26/27;2026-09-20;Pantheon Lanes;tournament;Mythic Legends Invitational;3;Final;Thor;151201;Norse Myth - Aesir;2;196;0;573;19;;3435
26/27;2026-09-20;Pantheon Lanes;tournament;Mythic Legends Invitational;3;Final;Athena;142739;Greek Myth - Olympians;2;202;0;572;20;;3426
26/27;2026-09-20;Pantheon Lanes;tournament;Mythic Legends Invitational;3;Final;Rhea;104221;Greek Myth - Titans & Primordials;2;220;0;599;15;;3438
26/27;2026-09-20;Pantheon Lanes;tournament;Mythic Legends Invitational;3;Final;Ishtar;172470;Mesopotamian Myth - Sky Kings;2;200;0;625;10;;3447
26/27;2026-09-20;Pantheon Lanes;tournament;Mythic Legends Invitational;3;Final;Shamash;123283;Mesopotamian Myth - Sky Kings;2;207;0;595;16;;3402
26/27;2026-09-20;Pantheon Lanes;tournament;Mythic Legends Invitational;3;Final;Hiranyakashipu;130544;Hindu Myth - Asuras;2;196;0;610;11;;3409
26/27;2026-09-20;Pantheon Lanes;tournament;Mythic Legends Invitational;3;Final;Ravana;126986;Hindu Myth - Asuras;2;212;0;604;14;;3395
26/27;2026-09-20;Pantheon Lanes;tournament;Mythic Legends Invitational;3;Final;Lugh;174647;Celtic Myth - Tuatha De Danann;2;198;0;608;12;;3397
26/27;2026-09-20;Pantheon Lanes;tournament;Mythic Legends Invitational;3;Final;Indra;124470;Hindu Myth - Devas;3;224;0;830;10;;4014
26/27;2026-09-20;Pantheon Lanes;tournament;Mythic Legends Invitational;3;Final;Zeus;139274;Greek Myth - Olympians;3;235;0;918;1;;3984
26/27;2026-09-20;Pantheon Lanes;tournament;Mythic Legends Invitational;3;Final;The Dagda;143101;Celtic Myth - Tuatha De Danann;3;228;0;893;2;;3957
26/27;2026-09-20;Pantheon Lanes;tournament;Mythic Legends Invitational;3;Final;Loki;150650;Norse Myth - Giants & Tricksters;3;212;0;838;9;;3901
26/27;2026-09-20;Pantheon Lanes;tournament;Mythic Legends Invitational;3;Final;Odin;126765;Norse Myth - Aesir;3;238;0;874;4;;3916
26/27;2026-09-20;Pantheon Lanes;tournament;Mythic Legends Invitational;3;Final;Cronus;174393;Greek Myth - Titans & Primordials;3;207;0;853;8;;3868
26/27;2026-09-20;Pantheon Lanes;tournament;Mythic Legends Invitational;3;Final;Tiamat;190311;Mesopotamian Myth - Chaos Ancients;3;221;0;858;7;;3856
26/27;2026-09-20;Pantheon Lanes;tournament;Mythic Legends Invitational;3;Final;Mahishasura;137200;Hindu Myth - Asuras;3;218;0;871;5;;3839
26/27;2026-09-20;Pantheon Lanes;tournament;Mythic Legends Invitational;3;Final;Marduk;188458;Mesopotamian Myth - Sky Kings;3;219;0;883;3;;3847
26/27;2026-09-20;Pantheon Lanes;tournament;Mythic Legends Invitational;3;Final;Balor;139930;Celtic Myth - Fomorians;3;209;0;784;18;;3733
26/27;2026-09-20;Pantheon Lanes;tournament;Mythic Legends Invitational;3;Final;Osiris;179670;Egyptian Myth - Underworld Powers;3;213;0;868;6;;3786
26/27;2026-09-20;Pantheon Lanes;tournament;Mythic Legends Invitational;3;Final;Anubis;175219;Egyptian Myth - Underworld Powers;3;213;0;798;14;;3684
26/27;2026-09-20;Pantheon Lanes;tournament;Mythic Legends Invitational;3;Final;Thor;151201;Norse Myth - Aesir;3;194;0;767;19;;3629
26/27;2026-09-20;Pantheon Lanes;tournament;Mythic Legends Invitational;3;Final;Athena;142739;Greek Myth - Olympians;3;188;0;760;20;;3614
26/27;2026-09-20;Pantheon Lanes;tournament;Mythic Legends Invitational;3;Final;Rhea;104221;Greek Myth - Titans & Primordials;3;230;0;829;11;;3668
26/27;2026-09-20;Pantheon Lanes;tournament;Mythic Legends Invitational;3;Final;Ishtar;172470;Mesopotamian Myth - Sky Kings;3;193;0;818;12;;3640
26/27;2026-09-20;Pantheon Lanes;tournament;Mythic Legends Invitational;3;Final;Shamash;123283;Mesopotamian Myth - Sky Kings;3;196;0;791;16;;3598
26/27;2026-09-20;Pantheon Lanes;tournament;Mythic Legends Invitational;3;Final;Hiranyakashipu;130544;Hindu Myth - Asuras;3;179;0;789;17;;3588
26/27;2026-09-20;Pantheon Lanes;tournament;Mythic Legends Invitational;3;Final;Ravana;126986;Hindu Myth - Asuras;3;189;0;793;15;;3584
26/27;2026-09-20;Pantheon Lanes;tournament;Mythic Legends Invitational;3;Final;Lugh;174647;Celtic Myth - Tuatha De Danann;3;195;0;803;13;;3592
26/27;2026-09-20;Pantheon Lanes;tournament;Mythic Legends Invitational;3;Final;Indra;124470;Hindu Myth - Devas;4;220;0;1050;11;;4234
26/27;2026-09-20;Pantheon Lanes;tournament;Mythic Legends Invitational;3;Final;Zeus;139274;Greek Myth - Olympians;4;226;0;1144;1;;4210
26/27;2026-09-20;Pantheon Lanes;tournament;Mythic Legends Invitational;3;Final;The Dagda;143101;Celtic Myth - Tuatha De Danann;4;221;0;1114;3;;4178
26/27;2026-09-20;Pantheon Lanes;tournament;Mythic Legends Invitational;3;Final;Loki;150650;Norse Myth - Giants & Tricksters;4;213;0;1051;10;;4114
26/27;2026-09-20;Pantheon Lanes;tournament;Mythic Legends Invitational;3;Final;Odin;126765;Norse Myth - Aesir;4;182;0;1056;8;;4098
26/27;2026-09-20;Pantheon Lanes;tournament;Mythic Legends Invitational;3;Final;Cronus;174393;Greek Myth - Titans & Primordials;4;205;0;1058;7;;4073
26/27;2026-09-20;Pantheon Lanes;tournament;Mythic Legends Invitational;3;Final;Tiamat;190311;Mesopotamian Myth - Chaos Ancients;4;220;0;1078;6;;4076
26/27;2026-09-20;Pantheon Lanes;tournament;Mythic Legends Invitational;3;Final;Mahishasura;137200;Hindu Myth - Asuras;4;255;0;1126;2;;4094
26/27;2026-09-20;Pantheon Lanes;tournament;Mythic Legends Invitational;3;Final;Marduk;188458;Mesopotamian Myth - Sky Kings;4;221;0;1104;4;;4068
26/27;2026-09-20;Pantheon Lanes;tournament;Mythic Legends Invitational;3;Final;Balor;139930;Celtic Myth - Fomorians;4;194;0;978;18;;3927
26/27;2026-09-20;Pantheon Lanes;tournament;Mythic Legends Invitational;3;Final;Osiris;179670;Egyptian Myth - Underworld Powers;4;231;0;1099;5;;4017
26/27;2026-09-20;Pantheon Lanes;tournament;Mythic Legends Invitational;3;Final;Anubis;175219;Egyptian Myth - Underworld Powers;4;214;0;1012;12;;3898
26/27;2026-09-20;Pantheon Lanes;tournament;Mythic Legends Invitational;3;Final;Thor;151201;Norse Myth - Aesir;4;218;0;985;16;;3847
26/27;2026-09-20;Pantheon Lanes;tournament;Mythic Legends Invitational;3;Final;Athena;142739;Greek Myth - Olympians;4;179;0;939;20;;3793
26/27;2026-09-20;Pantheon Lanes;tournament;Mythic Legends Invitational;3;Final;Rhea;104221;Greek Myth - Titans & Primordials;4;226;0;1055;9;;3894
26/27;2026-09-20;Pantheon Lanes;tournament;Mythic Legends Invitational;3;Final;Ishtar;172470;Mesopotamian Myth - Sky Kings;4;187;0;1005;13;;3827
26/27;2026-09-20;Pantheon Lanes;tournament;Mythic Legends Invitational;3;Final;Shamash;123283;Mesopotamian Myth - Sky Kings;4;182;0;973;19;;3780
26/27;2026-09-20;Pantheon Lanes;tournament;Mythic Legends Invitational;3;Final;Hiranyakashipu;130544;Hindu Myth - Asuras;4;203;0;992;14;;3791
26/27;2026-09-20;Pantheon Lanes;tournament;Mythic Legends Invitational;3;Final;Ravana;126986;Hindu Myth - Asuras;4;191;0;984;17;;3775
26/27;2026-09-20;Pantheon Lanes;tournament;Mythic Legends Invitational;3;Final;Lugh;174647;Celtic Myth - Tuatha De Danann;4;187;0;990;15;;3779
26/27;2026-09-20;Pantheon Lanes;tournament;Mythic Legends Invitational;3;Final;Indra;124470;Hindu Myth - Devas;5;195;0;1245;11;;4429
26/27;2026-09-20;Pantheon Lanes;tournament;Mythic Legends Invitational;3;Final;Zeus;139274;Greek Myth - Olympians;5;228;0;1372;1;;4438
26/27;2026-09-20;Pantheon Lanes;tournament;Mythic Legends Invitational;3;Final;The Dagda;143101;Celtic Myth - Tuatha De Danann;5;231;0;1345;2;;4409
26/27;2026-09-20;Pantheon Lanes;tournament;Mythic Legends Invitational;3;Final;Loki;150650;Norse Myth - Giants & Tricksters;5;236;0;1287;7;;4350
26/27;2026-09-20;Pantheon Lanes;tournament;Mythic Legends Invitational;3;Final;Odin;126765;Norse Myth - Aesir;5;249;0;1305;6;;4347
26/27;2026-09-20;Pantheon Lanes;tournament;Mythic Legends Invitational;3;Final;Cronus;174393;Greek Myth - Titans & Primordials;5;207;0;1265;10;;4280
26/27;2026-09-20;Pantheon Lanes;tournament;Mythic Legends Invitational;3;Final;Tiamat;190311;Mesopotamian Myth - Chaos Ancients;5;196;0;1274;8;;4272
26/27;2026-09-20;Pantheon Lanes;tournament;Mythic Legends Invitational;3;Final;Mahishasura;137200;Hindu Myth - Asuras;5;218;0;1344;3;;4312
26/27;2026-09-20;Pantheon Lanes;tournament;Mythic Legends Invitational;3;Final;Marduk;188458;Mesopotamian Myth - Sky Kings;5;230;0;1334;4;;4298
26/27;2026-09-20;Pantheon Lanes;tournament;Mythic Legends Invitational;3;Final;Balor;139930;Celtic Myth - Fomorians;5;218;0;1196;16;;4145
26/27;2026-09-20;Pantheon Lanes;tournament;Mythic Legends Invitational;3;Final;Osiris;179670;Egyptian Myth - Underworld Powers;5;230;0;1329;5;;4247
26/27;2026-09-20;Pantheon Lanes;tournament;Mythic Legends Invitational;3;Final;Anubis;175219;Egyptian Myth - Underworld Powers;5;193;0;1205;14;;4091
26/27;2026-09-20;Pantheon Lanes;tournament;Mythic Legends Invitational;3;Final;Thor;151201;Norse Myth - Aesir;5;216;0;1201;15;;4063
26/27;2026-09-20;Pantheon Lanes;tournament;Mythic Legends Invitational;3;Final;Athena;142739;Greek Myth - Olympians;5;160;0;1099;20;;3953
26/27;2026-09-20;Pantheon Lanes;tournament;Mythic Legends Invitational;3;Final;Rhea;104221;Greek Myth - Titans & Primordials;5;213;0;1268;9;;4107
26/27;2026-09-20;Pantheon Lanes;tournament;Mythic Legends Invitational;3;Final;Ishtar;172470;Mesopotamian Myth - Sky Kings;5;216;0;1221;13;;4043
26/27;2026-09-20;Pantheon Lanes;tournament;Mythic Legends Invitational;3;Final;Shamash;123283;Mesopotamian Myth - Sky Kings;5;184;0;1157;19;;3964
26/27;2026-09-20;Pantheon Lanes;tournament;Mythic Legends Invitational;3;Final;Hiranyakashipu;130544;Hindu Myth - Asuras;5;237;0;1229;12;;4028
26/27;2026-09-20;Pantheon Lanes;tournament;Mythic Legends Invitational;3;Final;Ravana;126986;Hindu Myth - Asuras;5;194;0;1178;17;;3969
26/27;2026-09-20;Pantheon Lanes;tournament;Mythic Legends Invitational;3;Final;Lugh;174647;Celtic Myth - Tuatha De Danann;5;179;0;1169;18;;3958
