Season;Date;Location;Event Type;Event Name;Round Number;Round Name;Player;Player ID;Club;Game Number;Score;Handicap
2024;2024-09-18;Pantheon Lanes;tournament;Mythic Legends Invitational;1;Qualifying;Zeus;139274;Greek Myth - Olympians;0;192;0
2024;2024-09-18;Pantheon Lanes;tournament;Mythic Legends Invitational;1;Qualifying;Zeus;139274;Greek Myth - Olympians;1;224;0
2024;2024-09-18;Pantheon Lanes;tournament;Mythic Legends Invitational;1;Qualifying;Zeus;139274;Greek Myth - Olympians;2;227;0
2024;2024-09-18;Pantheon Lanes;tournament;Mythic Legends Invitational;1;Qualifying;Zeus;139274;Greek Myth - Olympians;3;229;0
2024;2024-09-18;Pantheon Lanes;tournament;Mythic Legends Invitational;1;Qualifying;Zeus;139274;Greek Myth - Olympians;4;223;0
2024;2024-09-18;Pantheon Lanes;tournament;Mythic Legends Invitational;1;Qualifying;Zeus;139274;Greek Myth - Olympians;5;206;0
2024;2024-09-18;Pantheon Lanes;tournament;Mythic Legends Invitational;1;Qualifying;Zeus;139274;Greek Myth - Olympians;6;218;0
2024;2024-09-18;Pantheon Lanes;tournament;Mythic Legends Invitational;1;Qualifying;Zeus;139274;Greek Myth - Olympians;7;211;0
2024;2024-09-18;Pantheon Lanes;tournament;Mythic Legends Invitational;1;Qualifying;Athena;142739;Greek Myth - Olympians;0;201;0
2024;2024-09-18;Pantheon Lanes;tournament;Mythic Legends Invitational;1;Qualifying;Athena;142739;Greek Myth - Olympians;1;200;0
2024;2024-09-18;Pantheon Lanes;tournament;Mythic Legends Invitational;1;Qualifying;Athena;142739;Greek Myth - Olympians;2;217;0
2024;2024-09-18;Pantheon Lanes;tournament;Mythic Legends Invitational;1;Qualifying;Athena;142739;Greek Myth - Olympians;3;223;0
2024;2024-09-18;Pantheon Lanes;tournament;Mythic Legends Invitational;1;Qualifying;Athena;142739;Greek Myth - Olympians;4;193;0
2024;2024-09-18;Pantheon Lanes;tournament;Mythic Legends Invitational;1;Qualifying;Athena;142739;Greek Myth - Olympians;5;171;0
2024;2024-09-18;Pantheon Lanes;tournament;Mythic Legends Invitational;1;Qualifying;Athena;142739;Greek Myth - Olympians;6;198;0
2024;2024-09-18;Pantheon Lanes;tournament;Mythic Legends Invitational;1;Qualifying;Athena;142739;Greek Myth - Olympians;7;167;0
2024;2024-09-18;Pantheon Lanes;tournament;Mythic Legends Invitational;1;Qualifying;Apollo;176933;Greek Myth - Olympians;0;203;0
2024;2024-09-18;Pantheon Lanes;tournament;Mythic Legends Invitational;1;Qualifying;Apollo;176933;Greek Myth - Olympians;1;203;0
2024;2024-09-18;Pantheon Lanes;tournament;Mythic Legends Invitational;1;Qualifying;Apollo;176933;Greek Myth - Olympians;2;195;0
2024;2024-09-18;Pantheon Lanes;tournament;Mythic Legends Invitational;1;Qualifying;Apollo;176933;Greek Myth - Olympians;3;206;0
2024;2024-09-18;Pantheon Lanes;tournament;Mythic Legends Invitational;1;Qualifying;Apollo;176933;Greek Myth - Olympians;4;177;0
2024;2024-09-18;Pantheon Lanes;tournament;Mythic Legends Invitational;1;Qualifying;Apollo;176933;Greek Myth - Olympians;5;206;0
2024;2024-09-18;Pantheon Lanes;tournament;Mythic Legends Invitational;1;Qualifying;Apollo;176933;Greek Myth - Olympians;6;191;0
2024;2024-09-18;Pantheon Lanes;tournament;Mythic Legends Invitational;1;Qualifying;Apollo;176933;Greek Myth - Olympians;7;216;0
2024;2024-09-18;Pantheon Lanes;tournament;Mythic Legends Invitational;1;Qualifying;Artemis;103046;Greek Myth - Olympians;0;176;0
2024;2024-09-18;Pantheon Lanes;tournament;Mythic Legends Invitational;1;Qualifying;Artemis;103046;Greek Myth - Olympians;1;178;0
2024;2024-09-18;Pantheon Lanes;tournament;Mythic Legends Invitational;1;Qualifying;Artemis;103046;Greek Myth - Olympians;2;180;0
2024;2024-09-18;Pantheon Lanes;tournament;Mythic Legends Invitational;1;Qualifying;Artemis;103046;Greek Myth - Olympians;3;188;0
2024;2024-09-18;Pantheon Lanes;tournament;Mythic Legends Invitational;1;Qualifying;Artemis;103046;Greek Myth - Olympians;4;170;0
2024;2024-09-18;Pantheon Lanes;tournament;Mythic Legends Invitational;1;Qualifying;Artemis;103046;Greek Myth - Olympians;5;188;0
2024;2024-09-18;Pantheon Lanes;tournament;Mythic Legends Invitational;1;Qualifying;Artemis;103046;Greek Myth - Olympians;6;176;0
2024;2024-09-18;Pantheon Lanes;tournament;Mythic Legends Invitational;1;Qualifying;Artemis;103046;Greek Myth - Olympians;7;180;0
2024;2024-09-18;Pantheon Lanes;tournament;Mythic Legends Invitational;1;Qualifying;Cronus;174393;Greek Myth - Titans & Primordials;0;225;0
2024;2024-09-18;Pantheon Lanes;tournament;Mythic Legends Invitational;1;Qualifying;Cronus;174393;Greek Myth - Titans & Primordials;1;224;0
2024;2024-09-18;Pantheon Lanes;tournament;Mythic Legends Invitational;1;Qualifying;Cronus;174393;Greek Myth - Titans & Primordials;2;200;0
2024;2024-09-18;Pantheon Lanes;tournament;Mythic Legends Invitational;1;Qualifying;Cronus;174393;Greek Myth - Titans & Primordials;3;237;0
2024;2024-09-18;Pantheon Lanes;tournament;Mythic Legends Invitational;1;Qualifying;Cronus;174393;Greek Myth - Titans & Primordials;4;207;0
2024;2024-09-18;Pantheon Lanes;tournament;Mythic Legends Invitational;1;Qualifying;Cronus;174393;Greek Myth - Titans & Primordials;5;207;0
2024;2024-09-18;Pantheon Lanes;tournament;Mythic Legends Invitational;1;Qualifying;Cronus;174393;Greek Myth - Titans & Primordials;6;218;0
2024;2024-09-18;Pantheon Lanes;tournament;Mythic Legends Invitational;1;Qualifying;Cronus;174393;Greek Myth - Titans & Primordials;7;232;0
2024;2024-09-18;Pantheon Lanes;tournament;Mythic Legends Invitational;1;Qualifying;Rhea;104221;Greek Myth - Titans & Primordials;0;178;0
2024;2024-09-18;Pantheon Lanes;tournament;Mythic Legends Invitational;1;Qualifying;Rhea;104221;Greek Myth - Titans & Primordials;1;185;0
2024;2024-09-18;Pantheon Lanes;tournament;Mythic Legends Invitational;1;Qualifying;Rhea;104221;Greek Myth - Titans & Primordials;2;149;0
2024;2024-09-18;Pantheon Lanes;tournament;Mythic Legends Invitational;1;Qualifying;Rhea;104221;Greek Myth - Titans & Primordials;3;168;0
2024;2024-09-18;Pantheon Lanes;tournament;Mythic Legends Invitational;1;Qualifying;Rhea;104221;Greek Myth - Titans & Primordials;4;209;0
2024;2024-09-18;Pantheon Lanes;tournament;Mythic Legends Invitational;1;Qualifying;Rhea;104221;Greek Myth - Titans & Primordials;5;188;0
2024;2024-09-18;Pantheon Lanes;tournament;Mythic Legends Invitational;1;Qualifying;Rhea;104221;Greek Myth - Titans & Primordials;6;193;0
2024;2024-09-18;Pantheon Lanes;tournament;Mythic Legends Invitational;1;Qualifying;Rhea;104221;Greek Myth - Titans & Primordials;7;194;0
2024;2024-09-18;Pantheon Lanes;tournament;Mythic Legends Invitational;1;Qualifying;Atlas;118236;Greek Myth - Titans & Primordials;0;194;0
2024;2024-09-18;Pantheon Lanes;tournament;Mythic Legends Invitational;1;Qualifying;Atlas;118236;Greek Myth - Titans & Primordials;1;202;0
2024;2024-09-18;Pantheon Lanes;tournament;Mythic Legends Invitational;1;Qualifying;Atlas;118236;Greek Myth - Titans & Primordials;2;188;0
2024;2024-09-18;Pantheon Lanes;tournament;Mythic Legends Invitational;1;Qualifying;Atlas;118236;Greek Myth - Titans & Primordials;3;180;0
2024;2024-09-18;Pantheon Lanes;tournament;Mythic Legends Invitational;1;Qualifying;Atlas;118236;Greek Myth - Titans & Primordials;4;218;0
2024;2024-09-18;Pantheon Lanes;tournament;Mythic Legends Invitational;1;Qualifying;Atlas;118236;Greek Myth - Titans & Primordials;5;190;0
2024;2024-09-18;Pantheon Lanes;tournament;Mythic Legends Invitational;1;Qualifying;Atlas;118236;Greek Myth - Titans & Primordials;6;194;0
2024;2024-09-18;Pantheon Lanes;tournament;Mythic Legends Invitational;1;Qualifying;Atlas;118236;Greek Myth - Titans & Primordials;7;193;0
2024;2024-09-18;Pantheon Lanes;tournament;Mythic Legends Invitational;1;Qualifying;Hyperion;120144;Greek Myth - Titans & Primordials;0;164;0
2024;2024-09-18;Pantheon Lanes;tournament;Mythic Legends Invitational;1;Qualifying;Hyperion;120144;Greek Myth - Titans & Primordials;1;159;0
2024;2024-09-18;Pantheon Lanes;tournament;Mythic Legends Invitational;1;Qualifying;Hyperion;120144;Greek Myth - Titans & Primordials;2;177;0
2024;2024-09-18;Pantheon Lanes;tournament;Mythic Legends Invitational;1;Qualifying;Hyperion;120144;Greek Myth - Titans & Primordials;3;195;0
2024;2024-09-18;Pantheon Lanes;tournament;Mythic Legends Invitational;1;Qualifying;Hyperion;120144;Greek Myth - Titans & Primordials;4;217;0
2024;2024-09-18;Pantheon Lanes;tournament;Mythic Legends Invitational;1;Qualifying;Hyperion;120144;Greek Myth - Titans & Primordials;5;180;0
2024;2024-09-18;Pantheon Lanes;tournament;Mythic Legends Invitational;1;Qualifying;Hyperion;120144;Greek Myth - Titans & Primordials;6;156;0
2024;2024-09-18;Pantheon Lanes;tournament;Mythic Legends Invitational;1;Qualifying;Hyperion;120144;Greek Myth - Titans & Primordials;7;165;0
2024;2024-09-18;Pantheon Lanes;tournament;Mythic Legends Invitational;1;Qualifying;Ra;143286;Egyptian Myth - Solar Court;0;198;0
2024;2024-09-18;Pantheon Lanes;tournament;Mythic Legends Invitational;1;Qualifying;Ra;143286;Egyptian Myth - Solar Court;1;177;0
2024;2024-09-18;Pantheon Lanes;tournament;Mythic Legends Invitational;1;Qualifying;Ra;143286;Egyptian Myth - Solar Court;2;211;0
2024;2024-09-18;Pantheon Lanes;tournament;Mythic Legends Invitational;1;Qualifying;Ra;143286;Egyptian Myth - Solar Court;3;213;0
2024;2024-09-18;Pantheon Lanes;tournament;Mythic Legends Invitational;1;Qualifying;Ra;143286;Egyptian Myth - Solar Court;4;199;0
2024;2024-09-18;Pantheon Lanes;tournament;Mythic Legends Invitational;1;Qualifying;Ra;143286;Egyptian Myth - Solar Court;5;218;0
2024;2024-09-18;Pantheon Lanes;tournament;Mythic Legends Invitational;1;Qualifying;Ra;143286;Egyptian Myth - Solar Court;6;198;0
2024;2024-09-18;Pantheon Lanes;tournament;Mythic Legends Invitational;1;Qualifying;Ra;143286;Egyptian Myth - Solar Court;7;182;0
2024;2024-09-18;Pantheon Lanes;tournament;Mythic Legends Invitational;1;Qualifying;Horus;174473;Egyptian Myth - Solar Court;0;212;0
2024;2024-09-18;Pantheon Lanes;tournament;Mythic Legends Invitational;1;Qualifying;Horus;174473;Egyptian Myth - Solar Court;1;191;0
2024;2024-09-18;Pantheon Lanes;tournament;Mythic Legends Invitational;1;Qualifying;Horus;174473;Egyptian Myth - Solar Court;2;226;0
2024;2024-09-18;Pantheon Lanes;tournament;Mythic Legends Invitational;1;Qualifying;Horus;174473;Egyptian Myth - Solar Court;3;214;0
2024;2024-09-18;Pantheon Lanes;tournament;Mythic Legends Invitational;1;Qualifying;Horus;174473;Egyptian Myth - Solar Court;4;189;0
2024;2024-09-18;Pantheon Lanes;tournament;Mythic Legends Invitational;1;Qualifying;Horus;174473;Egyptian Myth - Solar Court;5;196;0
2024;2024-09-18;Pantheon Lanes;tournament;Mythic Legends Invitational;1;Qualifying;Horus;174473;Egyptian Myth - Solar Court;6;196;0
2024;2024-09-18;Pantheon Lanes;tournament;Mythic Legends Invitational;1;Qualifying;Horus;174473;Egyptian Myth - Solar Court;7;220;0
2024;2024-09-18;Pantheon Lanes;tournament;Mythic Legends Invitational;1;Qualifying;Bastet;182554;Egyptian Myth - Solar Court;0;215;0
2024;2024-09-18;Pantheon Lanes;tournament;Mythic Legends Invitational;1;Qualifying;Bastet;182554;Egyptian Myth - Solar Court;1;187;0
2024;2024-09-18;Pantheon Lanes;tournament;Mythic Legends Invitational;1;Qualifying;Bastet;182554;Egyptian Myth - Solar Court;2;202;0
2024;2024-09-18;Pantheon Lanes;tournament;Mythic Legends Invitational;1;Qualifying;Bastet;182554;Egyptian Myth - Solar Court;3;195;0
2024;2024-09-18;Pantheon Lanes;tournament;Mythic Legends Invitational;1;Qualifying;Bastet;182554;Egyptian Myth - Solar Court;4;186;0
2024;2024-09-18;Pantheon Lanes;tournament;Mythic Legends Invitational;1;Qualifying;Bastet;182554;Egyptian Myth - Solar Court;5;190;0
2024;2024-09-18;Pantheon Lanes;tournament;Mythic Legends Invitational;1;Qualifying;Bastet;182554;Egyptian Myth - Solar Court;6;192;0
2024;2024-09-18;Pantheon Lanes;tournament;Mythic Legends Invitational;1;Qualifying;Bastet;182554;Egyptian Myth - Solar Court;7;197;0
2024;2024-09-18;Pantheon Lanes;tournament;Mythic Legends Invitational;1;Qualifying;Thoth;179036;Egyptian Myth - Solar Court;0;150;0
2024;2024-09-18;Pantheon Lanes;tournament;Mythic Legends Invitational;1;Qualifying;Thoth;179036;Egyptian Myth - Solar Court;1;184;0
2024;2024-09-18;Pantheon Lanes;tournament;Mythic Legends Invitational;1;Qualifying;Thoth;179036;Egyptian Myth - Solar Court;2;181;0
2024;2024-09-18;Pantheon Lanes;tournament;Mythic Legends Invitational;1;Qualifying;Thoth;179036;Egyptian Myth - Solar Court;3;175;0
2024;2024-09-18;Pantheon Lanes;tournament;Mythic Legends Invitational;1;Qualifying;Thoth;179036;Egyptian Myth - Solar Court;4;147;0
2024;2024-09-18;Pantheon Lanes;tournament;Mythic Legends Invitational;1;Qualifying;Thoth;179036;Egyptian Myth - Solar Court;5;176;0
2024;2024-09-18;Pantheon Lanes;tournament;Mythic Legends Invitational;1;Qualifying;Thoth;179036;Egyptian Myth - Solar Court;6;189;0
2024;2024-09-18;Pantheon Lanes;tournament;Mythic Legends Invitational;1;Qualifying;Thoth;179036;Egyptian Myth - Solar Court;7;177;0
2024;2024-09-18;Pantheon Lanes;tournament;Mythic Legends Invitational;1;Qualifying;Osiris;179670;Egyptian Myth - Underworld Powers;0;192;0
2024;2024-09-18;Pantheon Lanes;tournament;Mythic Legends Invitational;1;Qualifying;Osiris;179670;Egyptian Myth - Underworld Powers;1;223;0
2024;2024-09-18;Pantheon Lanes;tournament;Mythic Legends Invitational;1;Qualifying;Osiris;179670;Egyptian Myth - Underworld Powers;2;211;0
2024;2024-09-18;Pantheon Lanes;tournament;Mythic Legends Invitational;1;Qualifying;Osiris;179670;Egyptian Myth - Underworld Powers;3;195;0
2024;2024-09-18;Pantheon Lanes;tournament;Mythic Legends Invitational;1;Qualifying;Osiris;179670;Egyptian Myth - Underworld Powers;4;187;0
2024;2024-09-18;Pantheon Lanes;tournament;Mythic Legends Invitational;1;Qualifying;Osiris;179670;Egyptian Myth - Underworld Powers;5;218;0
2024;2024-09-18;Pantheon Lanes;tournament;Mythic Legends Invitational;1;Qualifying;Osiris;179670;Egyptian Myth - Underworld Powers;6;223;0
2024;2024-09-18;Pantheon Lanes;tournament;Mythic Legends Invitational;1;Qualifying;Osiris;179670;Egyptian Myth - Underworld Powers;7;190;0
2024;2024-09-18;Pantheon Lanes;tournament;Mythic Legends Invitational;1;Qualifying;Anubis;175219;Egyptian Myth - Underworld Powers;0;204;0
2024;2024-09-18;Pantheon Lanes;tournament;Mythic Legends Invitational;1;Qualifying;Anubis;175219;Egyptian Myth - Underworld Powers;1;184;0
2024;2024-09-18;Pantheon Lanes;tournament;Mythic Legends Invitational;1;Qualifying;Anubis;175219;Egyptian Myth - Underworld Powers;2;215;0
2024;2024-09-18;Pantheon Lanes;tournament;Mythic Legends Invitational;1;Qualifying;Anubis;175219;Egyptian Myth - Underworld Powers;3;198;0
2024;2024-09-18;Pantheon Lanes;tournament;Mythic Legends Invitational;1;Qualifying;Anubis;175219;Egyptian Myth - Underworld Powers;4;215;0
2024;2024-09-18;Pantheon Lanes;tournament;Mythic Legends Invitational;1;Qualifying;Anubis;175219;Egyptian Myth - Underworld Powers;5;203;0
2024;2024-09-18;Pantheon Lanes;tournament;Mythic Legends Invitational;1;Qualifying;Anubis;175219;Egyptian Myth - Underworld Powers;6;205;0
2024;2024-09-18;Pantheon Lanes;tournament;Mythic Legends Invitational;1;Qualifying;Anubis;175219;Egyptian Myth - Underworld Powers;7;209;0
2024;2024-09-18;Pantheon Lanes;tournament;Mythic Legends Invitational;1;Qualifying;Set;151234;Egyptian Myth - Underworld Powers;0;173;0
2024;2024-09-18;Pantheon Lanes;tournament;Mythic Legends Invitational;1;Qualifying;Set;151234;Egyptian Myth - Underworld Powers;1;175;0
2024;2024-09-18;Pantheon Lanes;tournament;Mythic Legends Invitational;1;Qualifying;Set;151234;Egyptian Myth - Underworld Powers;2;168;0
2024;2024-09-18;Pantheon Lanes;tournament;Mythic Legends Invitational;1;Qualifying;Set;151234;Egyptian Myth - Underworld Powers;3;162;0
2024;2024-09-18;Pantheon Lanes;tournament;Mythic Legends Invitational;1;Qualifying;Set;151234;Egyptian Myth - Underworld Powers;4;175;0
2024;2024-09-18;Pantheon Lanes;tournament;Mythic Legends Invitational;1;Qualifying;Set;151234;Egyptian Myth - Underworld Powers;5;184;0
2024;2024-09-18;Pantheon Lanes;tournament;Mythic Legends Invitational;1;Qualifying;Set;151234;Egyptian Myth - Underworld Powers;6;165;0
2024;2024-09-18;Pantheon Lanes;tournament;Mythic Legends Invitational;1;Qualifying;Set;151234;Egyptian Myth - Underworld Powers;7;188;0
2024;2024-09-18;Pantheon Lanes;tournament;Mythic Legends Invitational;1;Qualifying;Sekhmet;149980;Egyptian Myth - Underworld Powers;0;166;0
2024;2024-09-18;Pantheon Lanes;tournament;Mythic Legends Invitational;1;Qualifying;Sekhmet;149980;Egyptian Myth - Underworld Powers;1;168;0
2024;2024-09-18;Pantheon Lanes;tournament;Mythic Legends Invitational;1;Qualifying;Sekhmet;149980;Egyptian Myth - Underworld Powers;2;158;0
2024;2024-09-18;Pantheon Lanes;tournament;Mythic Legends Invitational;1;Qualifying;Sekhmet;149980;Egyptian Myth - Underworld Powers;3;172;0
2024;2024-09-18;Pantheon Lanes;tournament;Mythic Legends Invitational;1;Qualifying;Sekhmet;149980;Egyptian Myth - Underworld Powers;4;175;0
2024;2024-09-18;Pantheon Lanes;tournament;Mythic Legends Invitational;1;Qualifying;Sekhmet;149980;Egyptian Myth - Underworld Powers;5;166;0
2024;2024-09-18;Pantheon Lanes;tournament;Mythic Legends Invitational;1;Qualifying;Sekhmet;149980;Egyptian Myth - Underworld Powers;6;173;0
2024;2024-09-18;Pantheon Lanes;tournament;Mythic Legends Invitational;1;Qualifying;Sekhmet;149980;Egyptian Myth - Underworld Powers;7;169;0
2024;2024-09-18;Pantheon Lanes;tournament;Mythic Legends Invitational;1;Qualifying;Odin;126765;Norse Myth - Aesir;0;215;0
2024;2024-09-18;Pantheon Lanes;tournament;Mythic Legends Invitational;1;Qualifying;Odin;126765;Norse Myth - Aesir;1;203;0
2024;2024-09-18;Pantheon Lanes;tournament;Mythic Legends Invitational;1;Qualifying;Odin;126765;Norse Myth - Aesir;2;243;0
2024;2024-09-18;Pantheon Lanes;tournament;Mythic Legends Invitational;1;Qualifying;Odin;126765;Norse Myth - Aesir;3;221;0
2024;2024-09-18;Pantheon Lanes;tournament;Mythic Legends Invitational;1;Qualifying;Odin;126765;Norse Myth - Aesir;4;238;0
2024;2024-09-18;Pantheon Lanes;tournament;Mythic Legends Invitational;1;Qualifying;Odin;126765;Norse Myth - Aesir;5;259;0
2024;2024-09-18;Pantheon Lanes;tournament;Mythic Legends Invitational;1;Qualifying;Odin;126765;Norse Myth - Aesir;6;216;0
2024;2024-09-18;Pantheon Lanes;tournament;Mythic Legends Invitational;1;Qualifying;Odin;126765;Norse Myth - Aesir;7;202;0
2024;2024-09-18;Pantheon Lanes;tournament;Mythic Legends Invitational;1;Qualifying;Thor;151201;Norse Myth - Aesir;0;206;0
2024;2024-09-18;Pantheon Lanes;tournament;Mythic Legends Invitational;1;Qualifying;Thor;151201;Norse Myth - Aesir;1;194;0
2024;2024-09-18;Pantheon Lanes;tournament;Mythic Legends Invitational;1;Qualifying;Thor;151201;Norse Myth - Aesir;2;191;0
2024;2024-09-18;Pantheon Lanes;tournament;Mythic Legends Invitational;1;Qualifying;Thor;151201;Norse Myth - Aesir;3;213;0
2024;2024-09-18;Pantheon Lanes;tournament;Mythic Legends Invitational;1;Qualifying;Thor;151201;Norse Myth - Aesir;4;197;0
2024;2024-09-18;Pantheon Lanes;tournament;Mythic Legends Invitational;1;Qualifying;Thor;151201;Norse Myth - Aesir;5;201;0
2024;2024-09-18;Pantheon Lanes;tournament;Mythic Legends Invitational;1;Qualifying;Thor;151201;Norse Myth - Aesir;6;230;0
2024;2024-09-18;Pantheon Lanes;tournament;Mythic Legends Invitational;1;Qualifying;Thor;151201;Norse Myth - Aesir;7;184;0
2024;2024-09-18;Pantheon Lanes;tournament;Mythic Legends Invitational;1;Qualifying;Tyr;108350;Norse Myth - Aesir;0;169;0
2024;2024-09-18;Pantheon Lanes;tournament;Mythic Legends Invitational;1;Qualifying;Tyr;108350;Norse Myth - Aesir;1;161;0
2024;2024-09-18;Pantheon Lanes;tournament;Mythic Legends Invitational;1;Qualifying;Tyr;108350;Norse Myth - Aesir;2;195;0
2024;2024-09-18;Pantheon Lanes;tournament;Mythic Legends Invitational;1;Qualifying;Tyr;108350;Norse Myth - Aesir;3;187;0
2024;2024-09-18;Pantheon Lanes;tournament;Mythic Legends Invitational;1;Qualifying;Tyr;108350;Norse Myth - Aesir;4;169;0
2024;2024-09-18;Pantheon Lanes;tournament;Mythic Legends Invitational;1;Qualifying;Tyr;108350;Norse Myth - Aesir;5;190;0
2024;2024-09-18;Pantheon Lanes;tournament;Mythic Legends Invitational;1;Qualifying;Tyr;108350;Norse Myth - Aesir;6;193;0
2024;2024-09-18;Pantheon Lanes;tournament;Mythic Legends Invitational;1;Qualifying;Tyr;108350;Norse Myth - Aesir;7;176;0
2024;2024-09-18;Pantheon Lanes;tournament;Mythic Legends Invitational;1;Qualifying;Frigg;170056;Norse Myth - Aesir;0;194;0
2024;2024-09-18;Pantheon Lanes;tournament;Mythic Legends Invitational;1;Qualifying;Frigg;170056;Norse Myth - Aesir;1;174;0
2024;2024-09-18;Pantheon Lanes;tournament;Mythic Legends Invitational;1;Qualifying;Frigg;170056;Norse Myth - Aesir;2;162;0
2024;2024-09-18;Pantheon Lanes;tournament;Mythic Legends Invitational;1;Qualifying;Frigg;170056;Norse Myth - Aesir;3;177;0
2024;2024-09-18;Pantheon Lanes;tournament;Mythic Legends Invitational;1;Qualifying;Frigg;170056;Norse Myth - Aesir;4;186;0
2024;2024-09-18;Pantheon Lanes;tournament;Mythic Legends Invitational;1;Qualifying;Frigg;170056;Norse Myth - Aesir;5;182;0
2024;2024-09-18;Pantheon Lanes;tournament;Mythic Legends Invitational;1;Qualifying;Frigg;170056;Norse Myth - Aesir;6;193;0
2024;2024-09-18;Pantheon Lanes;tournament;Mythic Legends Invitational;1;Qualifying;Frigg;170056;Norse Myth - Aesir;7;172;0
2024;2024-09-18;Pantheon Lanes;tournament;Mythic Legends Invitational;1;Qualifying;Loki;150650;Norse Myth - Giants & Tricksters;0;224;0
2024;2024-09-18;Pantheon Lanes;tournament;Mythic Legends Invitational;1;Qualifying;Loki;150650;Norse Myth - Giants & Tricksters;1;200;0
2024;2024-09-18;Pantheon Lanes;tournament;Mythic Legends Invitational;1;Qualifying;Loki;150650;Norse Myth - Giants & Tricksters;2;205;0
2024;2024-09-18;Pantheon Lanes;tournament;Mythic Legends Invitational;1;Qualifying;Loki;150650;Norse Myth - Giants & Tricksters;3;231;0
2024;2024-09-18;Pantheon Lanes;tournament;Mythic Legends Invitational;1;Qualifying;Loki;150650;Norse Myth - Giants & Tricksters;4;202;0
2024;2024-09-18;Pantheon Lanes;tournament;Mythic Legends Invitational;1;Qualifying;Loki;150650;Norse Myth - Giants & Tricksters;5;197;0
2024;2024-09-18;Pantheon Lanes;tournament;Mythic Legends Invitational;1;Qualifying;Loki;150650;Norse Myth - Giants & Tricksters;6;227;0
2024;2024-09-18;Pantheon Lanes;tournament;Mythic Legends Invitational;1;Qualifying;Loki;150650;Norse Myth - Giants & Tricksters;7;203;0
2024;2024-09-18;Pantheon Lanes;tournament;Mythic Legends Invitational;1;Qualifying;Hel;124685;Norse Myth - Giants & Tricksters;0;188;0
2024;2024-09-18;Pantheon Lanes;tournament;Mythic Legends Invitational;1;Qualifying;Hel;124685;Norse Myth - Giants & Tricksters;1;197;0
2024;2024-09-18;Pantheon Lanes;tournament;Mythic Legends Invitational;1;Qualifying;Hel;124685;Norse Myth - Giants & Tricksters;2;194;0
2024;2024-09-18;Pantheon Lanes;tournament;Mythic Legends Invitational;1;Qualifying;Hel;124685;Norse Myth - Giants & Tricksters;3;207;0
2024;2024-09-18;Pantheon Lanes;tournament;Mythic Legends Invitational;1;Qualifying;Hel;124685;Norse Myth - Giants & Tricksters;4;184;0
2024;2024-09-18;Pantheon Lanes;tournament;Mythic Legends Invitational;1;Qualifying;Hel;124685;Norse Myth - Giants & Tricksters;5;196;0
2024;2024-09-18;Pantheon Lanes;tournament;Mythic Legends Invitational;1;Qualifying;Hel;124685;Norse Myth - Giants & Tricksters;6;184;0
2024;2024-09-18;Pantheon Lanes;tournament;Mythic Legends Invitational;1;Qualifying;Hel;124685;Norse Myth - Giants & Tricksters;7;186;0
2024;2024-09-18;Pantheon Lanes;tournament;Mythic Legends Invitational;1;Qualifying;Fenrir;162230;Norse Myth - Giants & Tricksters;0;184;0
2024;2024-09-18;Pantheon Lanes;tournament;Mythic Legends Invitational;1;Qualifying;Fenrir;162230;Norse Myth - Giants & Tricksters;1;178;0
2024;2024-09-18;Pantheon Lanes;tournament;Mythic Legends Invitational;1;Qualifying;Fenrir;162230;Norse Myth - Giants & Tricksters;2;187;0
2024;2024-09-18;Pantheon Lanes;tournament;Mythic Legends Invitational;1;Qualifying;Fenrir;162230;Norse Myth - Giants & Tricksters;3;193;0
2024;2024-09-18;Pantheon Lanes;tournament;Mythic Legends Invitational;1;Qualifying;Fenrir;162230;Norse Myth - Giants & Tricksters;4;198;0
2024;2024-09-18;Pantheon Lanes;tournament;Mythic Legends Invitational;1;Qualifying;Fenrir;162230;Norse Myth - Giants & Tricksters;5;166;0
2024;2024-09-18;Pantheon Lanes;tournament;Mythic Legends Invitational;1;Qualifying;Fenrir;162230;Norse Myth - Giants & Tricksters;6;184;0
2024;2024-09-18;Pantheon Lanes;tournament;Mythic Legends Invitational;1;Qualifying;Fenrir;162230;Norse Myth - Giants & Tricksters;7;186;0
2024;2024-09-18;Pantheon Lanes;tournament;Mythic Legends Invitational;1;Qualifying;Jormungandr;114239;Norse Myth - Giants & Tricksters;0;172;0
2024;2024-09-18;Pantheon Lanes;tournament;Mythic Legends Invitational;1;Qualifying;Jormungandr;114239;Norse Myth - Giants & Tricksters;1;155;0
2024;2024-09-18;Pantheon Lanes;tournament;Mythic Legends Invitational;1;Qualifying;Jormungandr;114239;Norse Myth - Giants & Tricksters;2;158;0
2024;2024-09-18;Pantheon Lanes;tournament;Mythic Legends Invitational;1;Qualifying;Jormungandr;114239;Norse Myth - Giants & Tricksters;3;159;0
2024;2024-09-18;Pantheon Lanes;tournament;Mythic Legends Invitational;1;Qualifying;Jormungandr;114239;Norse Myth - Giants & Tricksters;4;176;0
2024;2024-09-18;Pantheon Lanes;tournament;Mythic Legends Invitational;1;Qualifying;Jormungandr;114239;Norse Myth - Giants & Tricksters;5;166;0
2024;2024-09-18;Pantheon Lanes;tournament;Mythic Legends Invitational;1;Qualifying;Jormungandr;114239;Norse Myth - Giants & Tricksters;6;165;0
2024;2024-09-18;Pantheon Lanes;tournament;Mythic Legends Invitational;1;Qualifying;Jormungandr;114239;Norse Myth - Giants & Tricksters;7;142;0
2024;2024-09-18;Pantheon Lanes;tournament;Mythic Legends Invitational;1;Qualifying;The Dagda;143101;Celtic Myth - Tuatha De Danann;0;229;0
2024;2024-09-18;Pantheon Lanes;tournament;Mythic Legends Invitational;1;Qualifying;The Dagda;143101;Celtic Myth - Tuatha De Danann;1;231;0
2024;2024-09-18;Pantheon Lanes;tournament;Mythic Legends Invitational;1;Qualifying;The Dagda;143101;Celtic Myth - Tuatha De Danann;2;209;0
2024;2024-09-18;Pantheon Lanes;tournament;Mythic Legends Invitational;1;Qualifying;The Dagda;143101;Celtic Myth - Tuatha De Danann;3;226;0
2024;2024-09-18;Pantheon Lanes;tournament;Mythic Legends Invitational;1;Qualifying;The Dagda;143101;Celtic Myth - Tuatha De Danann;4;230;0
2024;2024-09-18;Pantheon Lanes;tournament;Mythic Legends Invitational;1;Qualifying;The Dagda;143101;Celtic Myth - Tuatha De Danann;5;221;0
2024;2024-09-18;Pantheon Lanes;tournament;Mythic Legends Invitational;1;Qualifying;The Dagda;143101;Celtic Myth - Tuatha De Danann;6;227;0
2024;2024-09-18;Pantheon Lanes;tournament;Mythic Legends Invitational;1;Qualifying;The Dagda;143101;Celtic Myth - Tuatha De Danann;7;234;0
2024;2024-09-18;Pantheon Lanes;tournament;Mythic Legends Invitational;1;Qualifying;Lugh;174647;Celtic Myth - Tuatha De Danann;0;226;0
2024;2024-09-18;Pantheon Lanes;tournament;Mythic Legends Invitational;1;Qualifying;Lugh;174647;Celtic Myth - Tuatha De Danann;1;212;0
2024;2024-09-18;Pantheon Lanes;tournament;Mythic Legends Invitational;1;Qualifying;Lugh;174647;Celtic Myth - Tuatha De Danann;2;194;0
2024;2024-09-18;Pantheon Lanes;tournament;Mythic Legends Invitational;1;Qualifying;Lugh;174647;Celtic Myth - Tuatha De Danann;3;199;0
2024;2024-09-18;Pantheon Lanes;tournament;Mythic Legends Invitational;1;Qualifying;Lugh;174647;Celtic Myth - Tuatha De Danann;4;204;0
2024;2024-09-18;Pantheon Lanes;tournament;Mythic Legends Invitational;1;Qualifying;Lugh;174647;Celtic Myth - Tuatha De Danann;5;224;0
2024;2024-09-18;Pantheon Lanes;tournament;Mythic Legends Invitational;1;Qualifying;Lugh;174647;Celtic Myth - Tuatha De Danann;6;219;0
2024;2024-09-18;Pantheon Lanes;tournament;Mythic Legends Invitational;1;Qualifying;Lugh;174647;Celtic Myth - Tuatha De Danann;7;204;0
2024;2024-09-18;Pantheon Lanes;tournament;Mythic Legends Invitational;1;Qualifying;Brigid;159183;Celtic Myth - Tuatha De Danann;0;163;0
2024;2024-09-18;Pantheon Lanes;tournament;Mythic Legends Invitational;1;Qualifying;Brigid;159183;Celtic Myth - Tuatha De Danann;1;145;0
2024;2024-09-18;Pantheon Lanes;tournament;Mythic Legends Invitational;1;Qualifying;Brigid;159183;Celtic Myth - Tuatha De Danann;2;192;0
2024;2024-09-18;Pantheon Lanes;tournament;Mythic Legends Invitational;1;Qualifying;Brigid;159183;Celtic Myth - Tuatha De Danann;3;149;0
2024;2024-09-18;Pantheon Lanes;tournament;Mythic Legends Invitational;1;Qualifying;Brigid;159183;Celtic Myth - Tuatha De Danann;4;160;0
2024;2024-09-18;Pantheon Lanes;tournament;Mythic Legends Invitational;1;Qualifying;Brigid;159183;Celtic Myth - Tuatha De Danann;5;191;0
2024;2024-09-18;Pantheon Lanes;tournament;Mythic Legends Invitational;1;Qualifying;Brigid;159183;Celtic Myth - Tuatha De Danann;6;184;0
2024;2024-09-18;Pantheon Lanes;tournament;Mythic Legends Invitational;1;Qualifying;Brigid;159183;Celtic Myth - Tuatha De Danann;7;202;0
2024;2024-09-18;Pantheon Lanes;tournament;Mythic Legends Invitational;1;Qualifying;Nuada;183755;Celtic Myth - Tuatha De Danann;0;167;0
2024;2024-09-18;Pantheon Lanes;tournament;Mythic Legends Invitational;1;Qualifying;Nuada;183755;Celtic Myth - Tuatha De Danann;1;156;0
2024;2024-09-18;Pantheon Lanes;tournament;Mythic Legends Invitational;1;Qualifying;Nuada;183755;Celtic Myth - Tuatha De Danann;2;162;0
2024;2024-09-18;Pantheon Lanes;tournament;Mythic Legends Invitational;1;Qualifying;Nuada;183755;Celtic Myth - Tuatha De Danann;3;162;0
2024;2024-09-18;Pantheon Lanes;tournament;Mythic Legends Invitational;1;Qualifying;Nuada;183755;Celtic Myth - Tuatha De Danann;4;169;0
2024;2024-09-18;Pantheon Lanes;tournament;Mythic Legends Invitational;1;Qualifying;Nuada;183755;Celtic Myth - Tuatha De Danann;5;169;0
2024;2024-09-18;Pantheon Lanes;tournament;Mythic Legends Invitational;1;Qualifying;Nuada;183755;Celtic Myth - Tuatha De Danann;6;167;0
2024;2024-09-18;Pantheon Lanes;tournament;Mythic Legends Invitational;1;Qualifying;Nuada;183755;Celtic Myth - Tuatha De Danann;7;169;0
2024;2024-09-18;Pantheon Lanes;tournament;Mythic Legends Invitational;1;Qualifying;Balor;139930;Celtic Myth - Fomorians;0;204;0
2024;2024-09-18;Pantheon Lanes;tournament;Mythic Legends Invitational;1;Qualifying;Balor;139930;Celtic Myth - Fomorians;1;190;0
2024;2024-09-18;Pantheon Lanes;tournament;Mythic Legends Invitational;1;Qualifying;Balor;139930;Celtic Myth - Fomorians;2;212;0
2024;2024-09-18;Pantheon Lanes;tournament;Mythic Legends Invitational;1;Qualifying;Balor;139930;Celtic Myth - Fomorians;3;215;0
2024;2024-09-18;Pantheon Lanes;tournament;Mythic Legends Invitational;1;Qualifying;Balor;139930;Celtic Myth - Fomorians;4;206;0
2024;2024-09-18;Pantheon Lanes;tournament;Mythic Legends Invitational;1;Qualifying;Balor;139930;Celtic Myth - Fomorians;5;213;0
2024;2024-09-18;Pantheon Lanes;tournament;Mythic Legends Invitational;1;Qualifying;Balor;139930;Celtic Myth - Fomorians;6;210;0
2024;2024-09-18;Pantheon Lanes;tournament;Mythic Legends Invitational;1;Qualifying;Balor;139930;Celtic Myth - Fomorians;7;219;0
2024;2024-09-18;Pantheon Lanes;tournament;Mythic Legends Invitational;1;Qualifying;Bres;112221;Celtic Myth - Fomorians;0;194;0
2024;2024-09-18;Pantheon Lanes;tournament;Mythic Legends Invitational;1;Qualifying;Bres;112221;Celtic Myth - Fomorians;1;186;0
2024;2024-09-18;Pantheon Lanes;tournament;Mythic Legends Invitational;1;Qualifying;Bres;112221;Celtic Myth - Fomorians;2;211;0
2024;2024-09-18;Pantheon Lanes;tournament;Mythic Legends Invitational;1;Qualifying;Bres;112221;Celtic Myth - Fomorians;3;195;0
2024;2024-09-18;Pantheon Lanes;tournament;Mythic Legends Invitational;1;Qualifying;Bres;112221;Celtic Myth - Fomorians;4;202;0
2024;2024-09-18;Pantheon Lanes;tournament;Mythic Legends Invitational;1;Qualifying;Bres;112221;Celtic Myth - Fomorians;5;207;0
2024;2024-09-18;Pantheon Lanes;tournament;Mythic Legends Invitational;1;Qualifying;Bres;112221;Celtic Myth - Fomorians;6;203;0
2024;2024-09-18;Pantheon Lanes;tournament;Mythic Legends Invitational;1;Qualifying;Bres;112221;Celtic Myth - Fomorians;7;204;0
2024;2024-09-18;Pantheon Lanes;tournament;Mythic Legends Invitational;1;Qualifying;Elatha;122468;Celtic Myth - Fomorians;0;168;0
2024;2024-09-18;Pantheon Lanes;tournament;Mythic Legends Invitational;1;Qualifying;Elatha;122468;Celtic Myth - Fomorians;1;166;0
2024;2024-09-18;Pantheon Lanes;tournament;Mythic Legends Invitational;1;Qualifying;Elatha;122468;Celtic Myth - Fomorians;2;170;0
2024;2024-09-18;Pantheon Lanes;tournament;Mythic Legends Invitational;1;Qualifying;Elatha;122468;Celtic Myth - Fomorians;3;199;0
2024;2024-09-18;Pantheon Lanes;tournament;Mythic Legends Invitational;1;Qualifying;Elatha;122468;Celtic Myth - Fomorians;4;179;0
2024;2024-09-18;Pantheon Lanes;tournament;Mythic Legends Invitational;1;Qualifying;Elatha;122468;Celtic Myth - Fomorians;5;167;0
2024;2024-09-18;Pantheon Lanes;tournament;Mythic Legends Invitational;1;Qualifying;Elatha;122468;Celtic Myth - Fomorians;6;184;0
2024;2024-09-18;Pantheon Lanes;tournament;Mythic Legends Invitational;1;Qualifying;Elatha;122468;Celtic Myth - Fomorians;7;189;0
2024;2024-09-18;Pantheon Lanes;tournament;Mythic Legends Invitational;1;Qualifying;Tethra;113672;Celtic Myth - Fomorians;0;186;0
2024;2024-09-18;Pantheon Lanes;tournament;Mythic Legends Invitational;1;Qualifying;Tethra;113672;Celtic Myth - Fomorians;1;181;0
2024;2024-09-18;Pantheon Lanes;tournament;Mythic Legends Invitational;1;Qualifying;Tethra;113672;Celtic Myth - Fomorians;2;158;0
2024;2024-09-18;Pantheon Lanes;tournament;Mythic Legends Invitational;1;Qualifying;Tethra;113672;Celtic Myth - Fomorians;3;184;0
2024;2024-09-18;Pantheon Lanes;tournament;Mythic Legends Invitational;1;Qualifying;Tethra;113672;Celtic Myth - Fomorians;4;158;0
2024;2024-09-18;Pantheon Lanes;tournament;Mythic Legends Invitational;1;Qualifying;Tethra;113672;Celtic Myth - Fomorians;5;162;0
2024;2024-09-18;Pantheon Lanes;tournament;Mythic Legends Invitational;1;Qualifying;Tethra;113672;Celtic Myth - Fomorians;6;158;0
2024;2024-09-18;Pantheon Lanes;tournament;Mythic Legends Invitational;1;Qualifying;Tethra;113672;Celtic Myth - Fomorians;7;166;0
2024;2024-09-18;Pantheon Lanes;tournament;Mythic Legends Invitational;1;Qualifying;Marduk;188458;Mesopotamian Myth - Sky Kings;0;213;0
2024;2024-09-18;Pantheon Lanes;tournament;Mythic Legends Invitational;1;Qualifying;Marduk;188458;Mesopotamian Myth - Sky Kings;1;227;0
2024;2024-09-18;Pantheon Lanes;tournament;Mythic Legends Invitational;1;Qualifying;Marduk;188458;Mesopotamian Myth - Sky Kings;2;206;0
2024;2024-09-18;Pantheon Lanes;tournament;Mythic Legends Invitational;1;Qualifying;Marduk;188458;Mesopotamian Myth - Sky Kings;3;200;0
2024;2024-09-18;Pantheon Lanes;tournament;Mythic Legends Invitational;1;Qualifying;Marduk;188458;Mesopotamian Myth - Sky Kings;4;185;0
2024;2024-09-18;Pantheon Lanes;tournament;Mythic Legends Invitational;1;Qualifying;Marduk;188458;Mesopotamian Myth - Sky Kings;5;222;0
2024;2024-09-18;Pantheon Lanes;tournament;Mythic Legends Invitational;1;Qualifying;Marduk;188458;Mesopotamian Myth - Sky Kings;6;233;0
2024;2024-09-18;Pantheon Lanes;tournament;Mythic Legends Invitational;1;Qualifying;Marduk;188458;Mesopotamian Myth - Sky Kings;7;177;0
2024;2024-09-18;Pantheon Lanes;tournament;Mythic Legends Invitational;1;Qualifying;Ishtar;172470;Mesopotamian Myth - Sky Kings;0;178;0
2024;2024-09-18;Pantheon Lanes;tournament;Mythic Legends Invitational;1;Qualifying;Ishtar;172470;Mesopotamian Myth - Sky Kings;1;198;0
2024;2024-09-18;Pantheon Lanes;tournament;Mythic Legends Invitational;1;Qualifying;Ishtar;172470;Mesopotamian Myth - Sky Kings;2;233;0
2024;2024-09-18;Pantheon Lanes;tournament;Mythic Legends Invitational;1;Qualifying;Ishtar;172470;Mesopotamian Myth - Sky Kings;3;223;0
2024;2024-09-18;Pantheon Lanes;tournament;Mythic Legends Invitational;1;Qualifying;Ishtar;172470;Mesopotamian Myth - Sky Kings;4;209;0
2024;2024-09-18;Pantheon Lanes;tournament;Mythic Legends Invitational;1;Qualifying;Ishtar;172470;Mesopotamian Myth - Sky Kings;5;198;0
2024;2024-09-18;Pantheon Lanes;tournament;Mythic Legends Invitational;1;Qualifying;Ishtar;172470;Mesopotamian Myth - Sky Kings;6;235;0
2024;2024-09-18;Pantheon Lanes;tournament;Mythic Legends Invitational;1;Qualifying;Ishtar;172470;Mesopotamian Myth - Sky Kings;7;229;0
2024;2024-09-18;Pantheon Lanes;tournament;Mythic Legends Invitational;1;Qualifying;Shamash;123283;Mesopotamian Myth - Sky Kings;0;181;0
2024;2024-09-18;Pantheon Lanes;tournament;Mythic Legends Invitational;1;Qualifying;Shamash;123283;Mesopotamian Myth - Sky Kings;1;196;0
2024;2024-09-18;Pantheon Lanes;tournament;Mythic Legends Invitational;1;Qualifying;Shamash;123283;Mesopotamian Myth - Sky Kings;2;175;0
2024;2024-09-18;Pantheon Lanes;tournament;Mythic Legends Invitational;1;Qualifying;Shamash;123283;Mesopotamian Myth - Sky Kings;3;174;0
2024;2024-09-18;Pantheon Lanes;tournament;Mythic Legends Invitational;1;Qualifying;Shamash;123283;Mesopotamian Myth - Sky Kings;4;206;0
2024;2024-09-18;Pantheon Lanes;tournament;Mythic Legends Invitational;1;Qualifying;Shamash;123283;Mesopotamian Myth - Sky Kings;5;180;0
2024;2024-09-18;Pantheon Lanes;tournament;Mythic Legends Invitational;1;Qualifying;Shamash;123283;Mesopotamian Myth - Sky Kings;6;171;0
2024;2024-09-18;Pantheon Lanes;tournament;Mythic Legends Invitational;1;Qualifying;Shamash;123283;Mesopotamian Myth - Sky Kings;7;177;0
2024;2024-09-18;Pantheon Lanes;tournament;Mythic Legends Invitational;1;Qualifying;Nanna;104202;Mesopotamian Myth - Sky Kings;0;184;0
2024;2024-09-18;Pantheon Lanes;tournament;Mythic Legends Invitational;1;Qualifying;Nanna;104202;Mesopotamian Myth - Sky Kings;1;183;0
2024;2024-09-18;Pantheon Lanes;tournament;Mythic Legends Invitational;1;Qualifying;Nanna;104202;Mesopotamian Myth - Sky Kings;2;195;0
2024;2024-09-18;Pantheon Lanes;tournament;Mythic Legends Invitational;1;Qualifying;Nanna;104202;Mesopotamian Myth - Sky Kings;3;183;0
2024;2024-09-18;Pantheon Lanes;tournament;Mythic Legends Invitational;1;Qualifying;Nanna;104202;Mesopotamian Myth - Sky Kings;4;186;0
2024;2024-09-18;Pantheon Lanes;tournament;Mythic Legends Invitational;1;Qualifying;Nanna;104202;Mesopotamian Myth - Sky Kings;5;183;0
2024;2024-09-18;Pantheon Lanes;tournament;Mythic Legends Invitational;1;Qualifying;Nanna;104202;Mesopotamian Myth - Sky Kings;6;186;0
2024;2024-09-18;Pantheon Lanes;tournament;Mythic Legends Invitational;1;Qualifying;Nanna;104202;Mesopotamian Myth - Sky Kings;7;196;0
2024;2024-09-18;Pantheon Lanes;tournament;Mythic Legends Invitational;1;Qualifying;Tiamat;190311;Mesopotamian Myth - Chaos Ancients;0;208;0
2024;2024-09-18;Pantheon Lanes;tournament;Mythic Legends Invitational;1;Qualifying;Tiamat;190311;Mesopotamian Myth - Chaos Ancients;1;230;0
2024;2024-09-18;Pantheon Lanes;tournament;Mythic Legends Invitational;1;Qualifying;Tiamat;190311;Mesopotamian Myth - Chaos Ancients;2;200;0
2024;2024-09-18;Pantheon Lanes;tournament;Mythic Legends Invitational;1;Qualifying;Tiamat;190311;Mesopotamian Myth - Chaos Ancients;3;221;0
2024;2024-09-18;Pantheon Lanes;tournament;Mythic Legends Invitational;1;Qualifying;Tiamat;190311;Mesopotamian Myth - Chaos Ancients;4;221;0
2024;2024-09-18;Pantheon Lanes;tournament;Mythic Legends Invitational;1;Qualifying;Tiamat;190311;Mesopotamian Myth - Chaos Ancients;5;211;0
2024;2024-09-18;Pantheon Lanes;tournament;Mythic Legends Invitational;1;Qualifying;Tiamat;190311;Mesopotamian Myth - Chaos Ancients;6;218;0
2024;2024-09-18;Pantheon Lanes;tournament;Mythic Legends Invitational;1;Qualifying;Tiamat;190311;Mesopotamian Myth - Chaos Ancients;7;226;0
2024;2024-09-18;Pantheon Lanes;tournament;Mythic Legends Invitational;1;Qualifying;Kingu;179084;Mesopotamian Myth - Chaos Ancients;0;184;0
2024;2024-09-18;Pantheon Lanes;tournament;Mythic Legends Invitational;1;Qualifying;Kingu;179084;Mesopotamian Myth - Chaos Ancients;1;185;0
2024;2024-09-18;Pantheon Lanes;tournament;Mythic Legends Invitational;1;Qualifying;Kingu;179084;Mesopotamian Myth - Chaos Ancients;2;185;0
2024;2024-09-18;Pantheon Lanes;tournament;Mythic Legends Invitational;1;Qualifying;Kingu;179084;Mesopotamian Myth - Chaos Ancients;3;189;0
2024;2024-09-18;Pantheon Lanes;tournament;Mythic Legends Invitational;1;Qualifying;Kingu;179084;Mesopotamian Myth - Chaos Ancients;4;198;0
2024;2024-09-18;Pantheon Lanes;tournament;Mythic Legends Invitational;1;Qualifying;Kingu;179084;Mesopotamian Myth - Chaos Ancients;5;185;0
2024;2024-09-18;Pantheon Lanes;tournament;Mythic Legends Invitational;1;Qualifying;Kingu;179084;Mesopotamian Myth - Chaos Ancients;6;207;0
2024;2024-09-18;Pantheon Lanes;tournament;Mythic Legends Invitational;1;Qualifying;Kingu;179084;Mesopotamian Myth - Chaos Ancients;7;185;0
2024;2024-09-18;Pantheon Lanes;tournament;Mythic Legends Invitational;1;Qualifying;Nergal;164043;Mesopotamian Myth - Chaos Ancients;0;184;0
2024;2024-09-18;Pantheon Lanes;tournament;Mythic Legends Invitational;1;Qualifying;Nergal;164043;Mesopotamian Myth - Chaos Ancients;1;180;0
2024;2024-09-18;Pantheon Lanes;tournament;Mythic Legends Invitational;1;Qualifying;Nergal;164043;Mesopotamian Myth - Chaos Ancients;2;185;0
2024;2024-09-18;Pantheon Lanes;tournament;Mythic Legends Invitational;1;Qualifying;Nergal;164043;Mesopotamian Myth - Chaos Ancients;3;186;0
2024;2024-09-18;Pantheon Lanes;tournament;Mythic Legends Invitational;1;Qualifying;Nergal;164043;Mesopotamian Myth - Chaos Ancients;4;189;0
2024;2024-09-18;Pantheon Lanes;tournament;Mythic Legends Invitational;1;Qualifying;Nergal;164043;Mesopotamian Myth - Chaos Ancients;5;193;0
2024;2024-09-18;Pantheon Lanes;tournament;Mythic Legends Invitational;1;Qualifying;Nergal;164043;Mesopotamian Myth - Chaos Ancients;6;188;0
2024;2024-09-18;Pantheon Lanes;tournament;Mythic Legends Invitational;1;Qualifying;Nergal;164043;Mesopotamian Myth - Chaos Ancients;7;196;0
2024;2024-09-18;Pantheon Lanes;tournament;Mythic Legends Invitational;1;Qualifying;Ereshkigal;103517;Mesopotamian Myth - Chaos Ancients;0;168;0
2024;2024-09-18;Pantheon Lanes;tournament;Mythic Legends Invitational;1;Qualifying;Ereshkigal;103517;Mesopotamian Myth - Chaos Ancients;1;170;0
2024;2024-09-18;Pantheon Lanes;tournament;Mythic Legends Invitational;1;Qualifying;Ereshkigal;103517;Mesopotamian Myth - Chaos Ancients;2;207;0
2024;2024-09-18;Pantheon Lanes;tournament;Mythic Legends Invitational;1;Qualifying;Ereshkigal;103517;Mesopotamian Myth - Chaos Ancients;3;143;0
2024;2024-09-18;Pantheon Lanes;tournament;Mythic Legends Invitational;1;Qualifying;Ereshkigal;103517;Mesopotamian Myth - Chaos Ancients;4;191;0
2024;2024-09-18;Pantheon Lanes;tournament;Mythic Legends Invitational;1;Qualifying;Ereshkigal;103517;Mesopotamian Myth - Chaos Ancients;5;176;0
2024;2024-09-18;Pantheon Lanes;tournament;Mythic Legends Invitational;1;Qualifying;Ereshkigal;103517;Mesopotamian Myth - Chaos Ancients;6;157;0
2024;2024-09-18;Pantheon Lanes;tournament;Mythic Legends Invitational;1;Qualifying;Ereshkigal;103517;Mesopotamian Myth - Chaos Ancients;7;193;0
2024;2024-09-18;Pantheon Lanes;tournament;Mythic Legends Invitational;1;Qualifying;Indra;124470;Hindu Myth - Devas;0;209;0
2024;2024-09-18;Pantheon Lanes;tournament;Mythic Legends Invitational;1;Qualifying;Indra;124470;Hindu Myth - Devas;1;207;0
2024;2024-09-18;Pantheon Lanes;tournament;Mythic Legends Invitational;1;Qualifying;Indra;124470;Hindu Myth - Devas;2;209;0
2024;2024-09-18;Pantheon Lanes;tournament;Mythic Legends Invitational;1;Qualifying;Indra;124470;Hindu Myth - Devas;3;225;0
2024;2024-09-18;Pantheon Lanes;tournament;Mythic Legends Invitational;1;Qualifying;Indra;124470;Hindu Myth - Devas;4;226;0
2024;2024-09-18;Pantheon Lanes;tournament;Mythic Legends Invitational;1;Qualifying;Indra;124470;Hindu Myth - Devas;5;214;0
2024;2024-09-18;Pantheon Lanes;tournament;Mythic Legends Invitational;1;Qualifying;Indra;124470;Hindu Myth - Devas;6;230;0
2024;2024-09-18;Pantheon Lanes;tournament;Mythic Legends Invitational;1;Qualifying;Indra;124470;Hindu Myth - Devas;7;227;0
2024;2024-09-18;Pantheon Lanes;tournament;Mythic Legends Invitational;1;Qualifying;Vishnu;126083;Hindu Myth - Devas;0;199;0
2024;2024-09-18;Pantheon Lanes;tournament;Mythic Legends Invitational;1;Qualifying;Vishnu;126083;Hindu Myth - Devas;1;209;0
2024;2024-09-18;Pantheon Lanes;tournament;Mythic Legends Invitational;1;Qualifying;Vishnu;126083;Hindu Myth - Devas;2;218;0
2024;2024-09-18;Pantheon Lanes;tournament;Mythic Legends Invitational;1;Qualifying;Vishnu;126083;Hindu Myth - Devas;3;222;0
2024;2024-09-18;Pantheon Lanes;tournament;Mythic Legends Invitational;1;Qualifying;Vishnu;126083;Hindu Myth - Devas;4;207;0
2024;2024-09-18;Pantheon Lanes;tournament;Mythic Legends Invitational;1;Qualifying;Vishnu;126083;Hindu Myth - Devas;5;212;0
2024;2024-09-18;Pantheon Lanes;tournament;Mythic Legends Invitational;1;Qualifying;Vishnu;126083;Hindu Myth - Devas;6;207;0
2024;2024-09-18;Pantheon Lanes;tournament;Mythic Legends Invitational;1;Qualifying;Vishnu;126083;Hindu Myth - Devas;7;210;0
2024;2024-09-18;Pantheon Lanes;tournament;Mythic Legends Invitational;1;Qualifying;Shiva;109108;Hindu Myth - Devas;0;184;0
2024;2024-09-18;Pantheon Lanes;tournament;Mythic Legends Invitational;1;Qualifying;Shiva;109108;Hindu Myth - Devas;1;201;0
2024;2024-09-18;Pantheon Lanes;tournament;Mythic Legends Invitational;1;Qualifying;Shiva;109108;Hindu Myth - Devas;2;211;0
2024;2024-09-18;Pantheon Lanes;tournament;Mythic Legends Invitational;1;Qualifying;Shiva;109108;Hindu Myth - Devas;3;185;0
2024;2024-09-18;Pantheon Lanes;tournament;Mythic Legends Invitational;1;Qualifying;Shiva;109108;Hindu Myth - Devas;4;188;0
2024;2024-09-18;Pantheon Lanes;tournament;Mythic Legends Invitational;1;Qualifying;Shiva;109108;Hindu Myth - Devas;5;176;0
2024;2024-09-18;Pantheon Lanes;tournament;Mythic Legends Invitational;1;Qualifying;Shiva;109108;Hindu Myth - Devas;6;203;0
2024;2024-09-18;Pantheon Lanes;tournament;Mythic Legends Invitational;1;Qualifying;Shiva;109108;Hindu Myth - Devas;7;165;0
2024;2024-09-18;Pantheon Lanes;tournament;Mythic Legends Invitational;1;Qualifying;Durga;150579;Hindu Myth - Devas;0;154;0
2024;2024-09-18;Pantheon Lanes;tournament;Mythic Legends Invitational;1;Qualifying;Durga;150579;Hindu Myth - Devas;1;166;0
2024;2024-09-18;Pantheon Lanes;tournament;Mythic Legends Invitational;1;Qualifying;Durga;150579;Hindu Myth - Devas;2;180;0
2024;2024-09-18;Pantheon Lanes;tournament;Mythic Legends Invitational;1;Qualifying;Durga;150579;Hindu Myth - Devas;3;168;0
2024;2024-09-18;Pantheon Lanes;tournament;Mythic Legends Invitational;1;Qualifying;Durga;150579;Hindu Myth - Devas;4;161;0
2024;2024-09-18;Pantheon Lanes;tournament;Mythic Legends Invitational;1;Qualifying;Durga;150579;Hindu Myth - Devas;5;141;0
2024;2024-09-18;Pantheon Lanes;tournament;Mythic Legends Invitational;1;Qualifying;Durga;150579;Hindu Myth - Devas;6;191;0
2024;2024-09-18;Pantheon Lanes;tournament;Mythic Legends Invitational;1;Qualifying;Durga;150579;Hindu Myth - Devas;7;217;0
2024;2024-09-18;Pantheon Lanes;tournament;Mythic Legends Invitational;1;Qualifying;Mahishasura;137200;Hindu Myth - Asuras;0;201;0
2024;2024-09-18;Pantheon Lanes;tournament;Mythic Legends Invitational;1;Qualifying;Mahishasura;137200;Hindu Myth - Asuras;1;215;0
2024;2024-09-18;Pantheon Lanes;tournament;Mythic Legends Invitational;1;Qualifying;Mahishasura;137200;Hindu Myth - Asuras;2;216;0
2024;2024-09-18;Pantheon Lanes;tournament;Mythic Legends Invitational;1;Qualifying;Mahishasura;137200;Hindu Myth - Asuras;3;197;0
2024;2024-09-18;Pantheon Lanes;tournament;Mythic Legends Invitational;1;Qualifying;Mahishasura;137200;Hindu Myth - Asuras;4;231;0
2024;2024-09-18;Pantheon Lanes;tournament;Mythic Legends Invitational;1;Qualifying;Mahishasura;137200;Hindu Myth - Asuras;5;199;0
2024;2024-09-18;Pantheon Lanes;tournament;Mythic Legends Invitational;1;Qualifying;Mahishasura;137200;Hindu Myth - Asuras;6;235;0
2024;2024-09-18;Pantheon Lanes;tournament;Mythic Legends Invitational;1;Qualifying;Mahishasura;137200;Hindu Myth - Asuras;7;211;0
2024;2024-09-18;Pantheon Lanes;tournament;Mythic Legends Invitational;1;Qualifying;Ravana;126986;Hindu Myth - Asuras;0;182;0
2024;2024-09-18;Pantheon Lanes;tournament;Mythic Legends Invitational;1;Qualifying;Ravana;126986;Hindu Myth - Asuras;1;210;0
2024;2024-09-18;Pantheon Lanes;tournament;Mythic Legends Invitational;1;Qualifying;Ravana;126986;Hindu Myth - Asuras;2;207;0
2024;2024-09-18;Pantheon Lanes;tournament;Mythic Legends Invitational;1;Qualifying;Ravana;126986;Hindu Myth - Asuras;3;186;0
2024;2024-09-18;Pantheon Lanes;tournament;Mythic Legends Invitational;1;Qualifying;Ravana;126986;Hindu Myth - Asuras;4;183;0
2024;2024-09-18;Pantheon Lanes;tournament;Mythic Legends Invitational;1;Qualifying;Ravana;126986;Hindu Myth - Asuras;5;206;0
2024;2024-09-18;Pantheon Lanes;tournament;Mythic Legends Invitational;1;Qualifying;Ravana;126986;Hindu Myth - Asuras;6;223;0
2024;2024-09-18;Pantheon Lanes;tournament;Mythic Legends Invitational;1;Qualifying;Ravana;126986;Hindu Myth - Asuras;7;220;0
2024;2024-09-18;Pantheon Lanes;tournament;Mythic Legends Invitational;1;Qualifying;Hiranyakashipu;130544;Hindu Myth - Asuras;0;187;0
2024;2024-09-18;Pantheon Lanes;tournament;Mythic Legends Invitational;1;Qualifying;Hiranyakashipu;130544;Hindu Myth - Asuras;1;181;0
2024;2024-09-18;Pantheon Lanes;tournament;Mythic Legends Invitational;1;Qualifying;Hiranyakashipu;130544;Hindu Myth - Asuras;2;186;0
2024;2024-09-18;Pantheon Lanes;tournament;Mythic Legends Invitational;1;Qualifying;Hiranyakashipu;130544;Hindu Myth - Asuras;3;191;0
2024;2024-09-18;Pantheon Lanes;tournament;Mythic Legends Invitational;1;Qualifying;Hiranyakashipu;130544;Hindu Myth - Asuras;4;202;0
2024;2024-09-18;Pantheon Lanes;tournament;Mythic Legends Invitational;1;Qualifying;Hiranyakashipu;130544;Hindu Myth - Asuras;5;205;0
2024;2024-09-18;Pantheon Lanes;tournament;Mythic Legends Invitational;1;Qualifying;Hiranyakashipu;130544;Hindu Myth - Asuras;6;196;0
2024;2024-09-18;Pantheon Lanes;tournament;Mythic Legends Invitational;1;Qualifying;Hiranyakashipu;130544;Hindu Myth - Asuras;7;201;0
2024;2024-09-18;Pantheon Lanes;tournament;Mythic Legends Invitational;1;Qualifying;Vritra;138155;Hindu Myth - Asuras;0;179;0
2024;2024-09-18;Pantheon Lanes;tournament;Mythic Legends Invitational;1;Qualifying;Vritra;138155;Hindu Myth - Asuras;1;200;0
2024;2024-09-18;Pantheon Lanes;tournament;Mythic Legends Invitational;1;Qualifying;Vritra;138155;Hindu Myth - Asuras;2;190;0
2024;2024-09-18;Pantheon Lanes;tournament;Mythic Legends Invitational;1;Qualifying;Vritra;138155;Hindu Myth - Asuras;3;192;0
2024;2024-09-18;Pantheon Lanes;tournament;Mythic Legends Invitational;1;Qualifying;Vritra;138155;Hindu Myth - Asuras;4;206;0
2024;2024-09-18;Pantheon Lanes;tournament;Mythic Legends Invitational;1;Qualifying;Vritra;138155;Hindu Myth - Asuras;5;172;0
2024;2024-09-18;Pantheon Lanes;tournament;Mythic Legends Invitational;1;Qualifying;Vritra;138155;Hindu Myth - Asuras;6;180;0
2024;2024-09-18;Pantheon Lanes;tournament;Mythic Legends Invitational;1;Qualifying;Vritra;138155;Hindu Myth - Asuras;7;200;0
2024;2024-09-19;Pantheon Lanes;tournament;Mythic Legends Invitational;2;Round 2;The Dagda;143101;Celtic Myth - Tuatha De Danann;0;221;0
2024;2024-09-19;Pantheon Lanes;tournament;Mythic Legends Invitational;2;Round 2;The Dagda;143101;Celtic Myth - Tuatha De Danann;1;215;0
2024;2024-09-19;Pantheon Lanes;tournament;Mythic Legends Invitational;2;Round 2;The Dagda;143101;Celtic Myth - Tuatha De Danann;2;216;0
2024;2024-09-19;Pantheon Lanes;tournament;Mythic Legends Invitational;2;Round 2;The Dagda;143101;Celtic Myth - Tuatha De Danann;3;245;0
2024;2024-09-19;Pantheon Lanes;tournament;Mythic Legends Invitational;2;Round 2;The Dagda;143101;Celtic Myth - Tuatha De Danann;4;226;0
2024;2024-09-19;Pantheon Lanes;tournament;Mythic Legends Invitational;2;Round 2;The Dagda;143101;Celtic Myth - Tuatha De Danann;5;208;0
2024;2024-09-19;Pantheon Lanes;tournament;Mythic Legends Invitational;2;Round 2;Odin;126765;Norse Myth - Aesir;0;220;0
2024;2024-09-19;Pantheon Lanes;tournament;Mythic Legends Invitational;2;Round 2;Odin;126765;Norse Myth - Aesir;1;195;0
2024;2024-09-19;Pantheon Lanes;tournament;Mythic Legends Invitational;2;Round 2;Odin;126765;Norse Myth - Aesir;2;213;0
2024;2024-09-19;Pantheon Lanes;tournament;Mythic Legends Invitational;2;Round 2;Odin;126765;Norse Myth - Aesir;3;227;0
2024;2024-09-19;Pantheon Lanes;tournament;Mythic Legends Invitational;2;Round 2;Odin;126765;Norse Myth - Aesir;4;203;0
2024;2024-09-19;Pantheon Lanes;tournament;Mythic Legends Invitational;2;Round 2;Odin;126765;Norse Myth - Aesir;5;179;0
2024;2024-09-19;Pantheon Lanes;tournament;Mythic Legends Invitational;2;Round 2;Cronus;174393;Greek Myth - Titans & Primordials;0;211;0
2024;2024-09-19;Pantheon Lanes;tournament;Mythic Legends Invitational;2;Round 2;Cronus;174393;Greek Myth - Titans & Primordials;1;201;0
2024;2024-09-19;Pantheon Lanes;tournament;Mythic Legends Invitational;2;Round 2;Cronus;174393;Greek Myth - Titans & Primordials;2;189;0
2024;2024-09-19;Pantheon Lanes;tournament;Mythic Legends Invitational;2;Round 2;Cronus;174393;Greek Myth - Titans & Primordials;3;207;0
2024;2024-09-19;Pantheon Lanes;tournament;Mythic Legends Invitational;2;Round 2;Cronus;174393;Greek Myth - Titans & Primordials;4;221;0
2024;2024-09-19;Pantheon Lanes;tournament;Mythic Legends Invitational;2;Round 2;Cronus;174393;Greek Myth - Titans & Primordials;5;206;0
2024;2024-09-19;Pantheon Lanes;tournament;Mythic Legends Invitational;2;Round 2;Indra;124470;Hindu Myth - Devas;0;224;0
2024;2024-09-19;Pantheon Lanes;tournament;Mythic Legends Invitational;2;Round 2;Indra;124470;Hindu Myth - Devas;1;208;0
2024;2024-09-19;Pantheon Lanes;tournament;Mythic Legends Invitational;2;Round 2;Indra;124470;Hindu Myth - Devas;2;234;0
2024;2024-09-19;Pantheon Lanes;tournament;Mythic Legends Invitational;2;Round 2;Indra;124470;Hindu Myth - Devas;3;224;0
2024;2024-09-19;Pantheon Lanes;tournament;Mythic Legends Invitational;2;Round 2;Indra;124470;Hindu Myth - Devas;4;188;0
2024;2024-09-19;Pantheon Lanes;tournament;Mythic Legends Invitational;2;Round 2;Indra;124470;Hindu Myth - Devas;5;225;0
2024;2024-09-19;Pantheon Lanes;tournament;Mythic Legends Invitational;2;Round 2;Tiamat;190311;Mesopotamian Myth - Chaos Ancients;0;220;0
2024;2024-09-19;Pantheon Lanes;tournament;Mythic Legends Invitational;2;Round 2;Tiamat;190311;Mesopotamian Myth - Chaos Ancients;1;215;0
2024;2024-09-19;Pantheon Lanes;tournament;Mythic Legends Invitational;2;Round 2;Tiamat;190311;Mesopotamian Myth - Chaos Ancients;2;217;0
2024;2024-09-19;Pantheon Lanes;tournament;Mythic Legends Invitational;2;Round 2;Tiamat;190311;Mesopotamian Myth - Chaos Ancients;3;227;0
2024;2024-09-19;Pantheon Lanes;tournament;Mythic Legends Invitational;2;Round 2;Tiamat;190311;Mesopotamian Myth - Chaos Ancients;4;212;0
2024;2024-09-19;Pantheon Lanes;tournament;Mythic Legends Invitational;2;Round 2;Tiamat;190311;Mesopotamian Myth - Chaos Ancients;5;224;0
2024;2024-09-19;Pantheon Lanes;tournament;Mythic Legends Invitational;2;Round 2;Zeus;139274;Greek Myth - Olympians;0;215;0
2024;2024-09-19;Pantheon Lanes;tournament;Mythic Legends Invitational;2;Round 2;Zeus;139274;Greek Myth - Olympians;1;225;0
2024;2024-09-19;Pantheon Lanes;tournament;Mythic Legends Invitational;2;Round 2;Zeus;139274;Greek Myth - Olympians;2;196;0
2024;2024-09-19;Pantheon Lanes;tournament;Mythic Legends Invitational;2;Round 2;Zeus;139274;Greek Myth - Olympians;3;196;0
2024;2024-09-19;Pantheon Lanes;tournament;Mythic Legends Invitational;2;Round 2;Zeus;139274;Greek Myth - Olympians;4;213;0
2024;2024-09-19;Pantheon Lanes;tournament;Mythic Legends Invitational;2;Round 2;Zeus;139274;Greek Myth - Olympians;5;202;0
2024;2024-09-19;Pantheon Lanes;tournament;Mythic Legends Invitational;2;Round 2;Mahishasura;137200;Hindu Myth - Asuras;0;208;0
2024;2024-09-19;Pantheon Lanes;tournament;Mythic Legends Invitational;2;Round 2;Mahishasura;137200;Hindu Myth - Asuras;1;163;0
2024;2024-09-19;Pantheon Lanes;tournament;Mythic Legends Invitational;2;Round 2;Mahishasura;137200;Hindu Myth - Asuras;2;186;0
2024;2024-09-19;Pantheon Lanes;tournament;Mythic Legends Invitational;2;Round 2;Mahishasura;137200;Hindu Myth - Asuras;3;192;0
2024;2024-09-19;Pantheon Lanes;tournament;Mythic Legends Invitational;2;Round 2;Mahishasura;137200;Hindu Myth - Asuras;4;245;0
2024;2024-09-19;Pantheon Lanes;tournament;Mythic Legends Invitational;2;Round 2;Mahishasura;137200;Hindu Myth - Asuras;5;212;0
2024;2024-09-19;Pantheon Lanes;tournament;Mythic Legends Invitational;2;Round 2;Ishtar;172470;Mesopotamian Myth - Sky Kings;0;185;0
2024;2024-09-19;Pantheon Lanes;tournament;Mythic Legends Invitational;2;Round 2;Ishtar;172470;Mesopotamian Myth - Sky Kings;1;183;0
2024;2024-09-19;Pantheon Lanes;tournament;Mythic Legends Invitational;2;Round 2;Ishtar;172470;Mesopotamian Myth - Sky Kings;2;197;0
2024;2024-09-19;Pantheon Lanes;tournament;Mythic Legends Invitational;2;Round 2;Ishtar;172470;Mesopotamian Myth - Sky Kings;3;202;0
2024;2024-09-19;Pantheon Lanes;tournament;Mythic Legends Invitational;2;Round 2;Ishtar;172470;Mesopotamian Myth - Sky Kings;4;204;0
2024;2024-09-19;Pantheon Lanes;tournament;Mythic Legends Invitational;2;Round 2;Ishtar;172470;Mesopotamian Myth - Sky Kings;5;181;0
2024;2024-09-19;Pantheon Lanes;tournament;Mythic Legends Invitational;2;Round 2;Loki;150650;Norse Myth - Giants & Tricksters;0;200;0
2024;2024-09-19;Pantheon Lanes;tournament;Mythic Legends Invitational;2;Round 2;Loki;150650;Norse Myth - Giants & Tricksters;1;179;0
2024;2024-09-19;Pantheon Lanes;tournament;Mythic Legends Invitational;2;Round 2;Loki;150650;Norse Myth - Giants & Tricksters;2;201;0
2024;2024-09-19;Pantheon Lanes;tournament;Mythic Legends Invitational;2;Round 2;Loki;150650;Norse Myth - Giants & Tricksters;3;196;0
2024;2024-09-19;Pantheon Lanes;tournament;Mythic Legends Invitational;2;Round 2;Loki;150650;Norse Myth - Giants & Tricksters;4;211;0
2024;2024-09-19;Pantheon Lanes;tournament;Mythic Legends Invitational;2;Round 2;Loki;150650;Norse Myth - Giants & Tricksters;5;206;0
2024;2024-09-19;Pantheon Lanes;tournament;Mythic Legends Invitational;2;Round 2;Vishnu;126083;Hindu Myth - Devas;0;216;0
2024;2024-09-19;Pantheon Lanes;tournament;Mythic Legends Invitational;2;Round 2;Vishnu;126083;Hindu Myth - Devas;1;223;0
2024;2024-09-19;Pantheon Lanes;tournament;Mythic Legends Invitational;2;Round 2;Vishnu;126083;Hindu Myth - Devas;2;225;0
2024;2024-09-19;Pantheon Lanes;tournament;Mythic Legends Invitational;2;Round 2;Vishnu;126083;Hindu Myth - Devas;3;230;0
2024;2024-09-19;Pantheon Lanes;tournament;Mythic Legends Invitational;2;Round 2;Vishnu;126083;Hindu Myth - Devas;4;196;0
2024;2024-09-19;Pantheon Lanes;tournament;Mythic Legends Invitational;2;Round 2;Vishnu;126083;Hindu Myth - Devas;5;202;0
2024;2024-09-19;Pantheon Lanes;tournament;Mythic Legends Invitational;2;Round 2;Lugh;174647;Celtic Myth - Tuatha De Danann;0;205;0
2024;2024-09-19;Pantheon Lanes;tournament;Mythic Legends Invitational;2;Round 2;Lugh;174647;Celtic Myth - Tuatha De Danann;1;207;0
2024;2024-09-19;Pantheon Lanes;tournament;Mythic Legends Invitational;2;Round 2;Lugh;174647;Celtic Myth - Tuatha De Danann;2;208;0
2024;2024-09-19;Pantheon Lanes;tournament;Mythic Legends Invitational;2;Round 2;Lugh;174647;Celtic Myth - Tuatha De Danann;3;210;0
2024;2024-09-19;Pantheon Lanes;tournament;Mythic Legends Invitational;2;Round 2;Lugh;174647;Celtic Myth - Tuatha De Danann;4;205;0
2024;2024-09-19;Pantheon Lanes;tournament;Mythic Legends Invitational;2;Round 2;Lugh;174647;Celtic Myth - Tuatha De Danann;5;199;0
2024;2024-09-19;Pantheon Lanes;tournament;Mythic Legends Invitational;2;Round 2;Balor;139930;Celtic Myth - Fomorians;0;230;0
2024;2024-09-19;Pantheon Lanes;tournament;Mythic Legends Invitational;2;Round 2;Balor;139930;Celtic Myth - Fomorians;1;235;0
2024;2024-09-19;Pantheon Lanes;tournament;Mythic Legends Invitational;2;Round 2;Balor;139930;Celtic Myth - Fomorians;2;216;0
2024;2024-09-19;Pantheon Lanes;tournament;Mythic Legends Invitational;2;Round 2;Balor;139930;Celtic Myth - Fomorians;3;216;0
2024;2024-09-19;Pantheon Lanes;tournament;Mythic Legends Invitational;2;Round 2;Balor;139930;Celtic Myth - Fomorians;4;218;0
2024;2024-09-19;Pantheon Lanes;tournament;Mythic Legends Invitational;2;Round 2;Balor;139930;Celtic Myth - Fomorians;5;251;0
2024;2024-09-19;Pantheon Lanes;tournament;Mythic Legends Invitational;2;Round 2;Marduk;188458;Mesopotamian Myth - Sky Kings;0;173;0
2024;2024-09-19;Pantheon Lanes;tournament;Mythic Legends Invitational;2;Round 2;Marduk;188458;Mesopotamian Myth - Sky Kings;1;200;0
2024;2024-09-19;Pantheon Lanes;tournament;Mythic Legends Invitational;2;Round 2;Marduk;188458;Mesopotamian Myth - Sky Kings;2;178;0
2024;2024-09-19;Pantheon Lanes;tournament;Mythic Legends Invitational;2;Round 2;Marduk;188458;Mesopotamian Myth - Sky Kings;3;191;0
2024;2024-09-19;Pantheon Lanes;tournament;Mythic Legends Invitational;2;Round 2;Marduk;188458;Mesopotamian Myth - Sky Kings;4;219;0
2024;2024-09-19;Pantheon Lanes;tournament;Mythic Legends Invitational;2;Round 2;Marduk;188458;Mesopotamian Myth - Sky Kings;5;228;0
2024;2024-09-19;Pantheon Lanes;tournament;Mythic Legends Invitational;2;Round 2;Horus;174473;Egyptian Myth - Solar Court;0;158;0
2024;2024-09-19;Pantheon Lanes;tournament;Mythic Legends Invitational;2;Round 2;Horus;174473;Egyptian Myth - Solar Court;1;205;0
2024;2024-09-19;Pantheon Lanes;tournament;Mythic Legends Invitational;2;Round 2;Horus;174473;Egyptian Myth - Solar Court;2;224;0
2024;2024-09-19;Pantheon Lanes;tournament;Mythic Legends Invitational;2;Round 2;Horus;174473;Egyptian Myth - Solar Court;3;222;0
2024;2024-09-19;Pantheon Lanes;tournament;Mythic Legends Invitational;2;Round 2;Horus;174473;Egyptian Myth - Solar Court;4;183;0
2024;2024-09-19;Pantheon Lanes;tournament;Mythic Legends Invitational;2;Round 2;Horus;174473;Egyptian Myth - Solar Court;5;203;0
2024;2024-09-19;Pantheon Lanes;tournament;Mythic Legends Invitational;2;Round 2;Osiris;179670;Egyptian Myth - Underworld Powers;0;204;0
2024;2024-09-19;Pantheon Lanes;tournament;Mythic Legends Invitational;2;Round 2;Osiris;179670;Egyptian Myth - Underworld Powers;1;208;0
2024;2024-09-19;Pantheon Lanes;tournament;Mythic Legends Invitational;2;Round 2;Osiris;179670;Egyptian Myth - Underworld Powers;2;198;0
2024;2024-09-19;Pantheon Lanes;tournament;Mythic Legends Invitational;2;Round 2;Osiris;179670;Egyptian Myth - Underworld Powers;3;252;0
2024;2024-09-19;Pantheon Lanes;tournament;Mythic Legends Invitational;2;Round 2;Osiris;179670;Egyptian Myth - Underworld Powers;4;226;0
2024;2024-09-19;Pantheon Lanes;tournament;Mythic Legends Invitational;2;Round 2;Osiris;179670;Egyptian Myth - Underworld Powers;5;221;0
2024;2024-09-19;Pantheon Lanes;tournament;Mythic Legends Invitational;2;Round 2;Anubis;175219;Egyptian Myth - Underworld Powers;0;213;0
2024;2024-09-19;Pantheon Lanes;tournament;Mythic Legends Invitational;2;Round 2;Anubis;175219;Egyptian Myth - Underworld Powers;1;190;0
2024;2024-09-19;Pantheon Lanes;tournament;Mythic Legends Invitational;2;Round 2;Anubis;175219;Egyptian Myth - Underworld Powers;2;218;0
2024;2024-09-19;Pantheon Lanes;tournament;Mythic Legends Invitational;2;Round 2;Anubis;175219;Egyptian Myth - Underworld Powers;3;179;0
2024;2024-09-19;Pantheon Lanes;tournament;Mythic Legends Invitational;2;Round 2;Anubis;175219;Egyptian Myth - Underworld Powers;4;207;0
2024;2024-09-19;Pantheon Lanes;tournament;Mythic Legends Invitational;2;Round 2;Anubis;175219;Egyptian Myth - Underworld Powers;5;230;0
2024;2024-09-19;Pantheon Lanes;tournament;Mythic Legends Invitational;2;Round 2;Ravana;126986;Hindu Myth - Asuras;0;179;0
2024;2024-09-19;Pantheon Lanes;tournament;Mythic Legends Invitational;2;Round 2;Ravana;126986;Hindu Myth - Asuras;1;193;0
2024;2024-09-19;Pantheon Lanes;tournament;Mythic Legends Invitational;2;Round 2;Ravana;126986;Hindu Myth - Asuras;2;192;0
2024;2024-09-19;Pantheon Lanes;tournament;Mythic Legends Invitational;2;Round 2;Ravana;126986;Hindu Myth - Asuras;3;216;0
2024;2024-09-19;Pantheon Lanes;tournament;Mythic Legends Invitational;2;Round 2;Ravana;126986;Hindu Myth - Asuras;4;207;0
2024;2024-09-19;Pantheon Lanes;tournament;Mythic Legends Invitational;2;Round 2;Ravana;126986;Hindu Myth - Asuras;5;214;0
2024;2024-09-19;Pantheon Lanes;tournament;Mythic Legends Invitational;2;Round 2;Thor;151201;Norse Myth - Aesir;0;198;0
2024;2024-09-19;Pantheon Lanes;tournament;Mythic Legends Invitational;2;Round 2;Thor;151201;Norse Myth - Aesir;1;193;0
2024;2024-09-19;Pantheon Lanes;tournament;Mythic Legends Invitational;2;Round 2;Thor;151201;Norse Myth - Aesir;2;206;0
2024;2024-09-19;Pantheon Lanes;tournament;Mythic Legends Invitational;2;Round 2;Thor;151201;Norse Myth - Aesir;3;187;0
2024;2024-09-19;Pantheon Lanes;tournament;Mythic Legends Invitational;2;Round 2;Thor;151201;Norse Myth - Aesir;4;206;0
2024;2024-09-19;Pantheon Lanes;tournament;Mythic Legends Invitational;2;Round 2;Thor;151201;Norse Myth - Aesir;5;203;0
2024;2024-09-19;Pantheon Lanes;tournament;Mythic Legends Invitational;2;Round 2;Bres;112221;Celtic Myth - Fomorians;0;193;0
2024;2024-09-19;Pantheon Lanes;tournament;Mythic Legends Invitational;2;Round 2;Bres;112221;Celtic Myth - Fomorians;1;200;0
2024;2024-09-19;Pantheon Lanes;tournament;Mythic Legends Invitational;2;Round 2;Bres;112221;Celtic Myth - Fomorians;2;191;0
2024;2024-09-19;Pantheon Lanes;tournament;Mythic Legends Invitational;2;Round 2;Bres;112221;Celtic Myth - Fomorians;3;204;0
2024;2024-09-19;Pantheon Lanes;tournament;Mythic Legends Invitational;2;Round 2;Bres;112221;Celtic Myth - Fomorians;4;210;0
2024;2024-09-19;Pantheon Lanes;tournament;Mythic Legends Invitational;2;Round 2;Bres;112221;Celtic Myth - Fomorians;5;191;0
2024;2024-09-19;Pantheon Lanes;tournament;Mythic Legends Invitational;2;Round 2;Apollo;176933;Greek Myth - Olympians;0;191;0
2024;2024-09-19;Pantheon Lanes;tournament;Mythic Legends Invitational;2;Round 2;Apollo;176933;Greek Myth - Olympians;1;167;0
2024;2024-09-19;Pantheon Lanes;tournament;Mythic Legends Invitational;2;Round 2;Apollo;176933;Greek Myth - Olympians;2;176;0
2024;2024-09-19;Pantheon Lanes;tournament;Mythic Legends Invitational;2;Round 2;Apollo;176933;Greek Myth - Olympians;3;197;0
2024;2024-09-19;Pantheon Lanes;tournament;Mythic Legends Invitational;2;Round 2;Apollo;176933;Greek Myth - Olympians;4;212;0
2024;2024-09-19;Pantheon Lanes;tournament;Mythic Legends Invitational;2;Round 2;Apollo;176933;Greek Myth - Olympians;5;226;0
2024;2024-09-19;Pantheon Lanes;tournament;Mythic Legends Invitational;2;Round 2;Ra;143286;Egyptian Myth - Solar Court;0;222;0
2024;2024-09-19;Pantheon Lanes;tournament;Mythic Legends Invitational;2;Round 2;Ra;143286;Egyptian Myth - Solar Court;1;215;0
2024;2024-09-19;Pantheon Lanes;tournament;Mythic Legends Invitational;2;Round 2;Ra;143286;Egyptian Myth - Solar Court;2;231;0
2024;2024-09-19;Pantheon Lanes;tournament;Mythic Legends Invitational;2;Round 2;Ra;143286;Egyptian Myth - Solar Court;3;217;0
2024;2024-09-19;Pantheon Lanes;tournament;Mythic Legends Invitational;2;Round 2;Ra;143286;Egyptian Myth - Solar Court;4;201;0
2024;2024-09-19;Pantheon Lanes;tournament;Mythic Legends Invitational;2;Round 2;Ra;143286;Egyptian Myth - Solar Court;5;231;0
2024;2024-09-19;Pantheon Lanes;tournament;Mythic Legends Invitational;2;Round 2;Athena;142739;Greek Myth - Olympians;0;216;0
2024;2024-09-19;Pantheon Lanes;tournament;Mythic Legends Invitational;2;Round 2;Athena;142739;Greek Myth - Olympians;1;195;0
2024;2024-09-19;Pantheon Lanes;tournament;Mythic Legends Invitational;2;Round 2;Athena;142739;Greek Myth - Olympians;2;210;0
2024;2024-09-19;Pantheon Lanes;tournament;Mythic Legends Invitational;2;Round 2;Athena;142739;Greek Myth - Olympians;3;190;0
2024;2024-09-19;Pantheon Lanes;tournament;Mythic Legends Invitational;2;Round 2;Athena;142739;Greek Myth - Olympians;4;190;0
2024;2024-09-19;Pantheon Lanes;tournament;Mythic Legends Invitational;2;Round 2;Athena;142739;Greek Myth - Olympians;5;205;0
2024;2024-09-19;Pantheon Lanes;tournament;Mythic Legends Invitational;2;Round 2;Bastet;182554;Egyptian Myth - Solar Court;0;207;0
2024;2024-09-19;Pantheon Lanes;tournament;Mythic Legends Invitational;2;Round 2;Bastet;182554;Egyptian Myth - Solar Court;1;207;0
2024;2024-09-19;Pantheon Lanes;tournament;Mythic Legends Invitational;2;Round 2;Bastet;182554;Egyptian Myth - Solar Court;2;193;0
2024;2024-09-19;Pantheon Lanes;tournament;Mythic Legends Invitational;2;Round 2;Bastet;182554;Egyptian Myth - Solar Court;3;197;0
2024;2024-09-19;Pantheon Lanes;tournament;Mythic Legends Invitational;2;Round 2;Bastet;182554;Egyptian Myth - Solar Court;4;193;0
2024;2024-09-19;Pantheon Lanes;tournament;Mythic Legends Invitational;2;Round 2;Bastet;182554;Egyptian Myth - Solar Court;5;214;0
2024;2024-09-19;Pantheon Lanes;tournament;Mythic Legends Invitational;2;Round 2;Atlas;118236;Greek Myth - Titans & Primordials;0;203;0
2024;2024-09-19;Pantheon Lanes;tournament;Mythic Legends Invitational;2;Round 2;Atlas;118236;Greek Myth - Titans & Primordials;1;214;0
2024;2024-09-19;Pantheon Lanes;tournament;Mythic Legends Invitational;2;Round 2;Atlas;118236;Greek Myth - Titans & Primordials;2;170;0
2024;2024-09-19;Pantheon Lanes;tournament;Mythic Legends Invitational;2;Round 2;Atlas;118236;Greek Myth - Titans & Primordials;3;164;0
2024;2024-09-19;Pantheon Lanes;tournament;Mythic Legends Invitational;2;Round 2;Atlas;118236;Greek Myth - Titans & Primordials;4;182;0
2024;2024-09-19;Pantheon Lanes;tournament;Mythic Legends Invitational;2;Round 2;Atlas;118236;Greek Myth - Titans & Primordials;5;200;0
2024;2024-09-19;Pantheon Lanes;tournament;Mythic Legends Invitational;2;Round 2;Hiranyakashipu;130544;Hindu Myth - Asuras;0;194;0
2024;2024-09-19;Pantheon Lanes;tournament;Mythic Legends Invitational;2;Round 2;Hiranyakashipu;130544;Hindu Myth - Asuras;1;183;0
2024;2024-09-19;Pantheon Lanes;tournament;Mythic Legends Invitational;2;Round 2;Hiranyakashipu;130544;Hindu Myth - Asuras;2;185;0
2024;2024-09-19;Pantheon Lanes;tournament;Mythic Legends Invitational;2;Round 2;Hiranyakashipu;130544;Hindu Myth - Asuras;3;170;0
2024;2024-09-19;Pantheon Lanes;tournament;Mythic Legends Invitational;2;Round 2;Hiranyakashipu;130544;Hindu Myth - Asuras;4;189;0
2024;2024-09-19;Pantheon Lanes;tournament;Mythic Legends Invitational;2;Round 2;Hiranyakashipu;130544;Hindu Myth - Asuras;5;164;0
2024;2024-09-19;Pantheon Lanes;tournament;Mythic Legends Invitational;2;Round 2;Hel;124685;Norse Myth - Giants & Tricksters;0;182;0
2024;2024-09-19;Pantheon Lanes;tournament;Mythic Legends Invitational;2;Round 2;Hel;124685;Norse Myth - Giants & Tricksters;1;189;0
2024;2024-09-19;Pantheon Lanes;tournament;Mythic Legends Invitational;2;Round 2;Hel;124685;Norse Myth - Giants & Tricksters;2;194;0
2024;2024-09-19;Pantheon Lanes;tournament;Mythic Legends Invitational;2;Round 2;Hel;124685;Norse Myth - Giants & Tricksters;3;192;0
2024;2024-09-19;Pantheon Lanes;tournament;Mythic Legends Invitational;2;Round 2;Hel;124685;Norse Myth - Giants & Tricksters;4;189;0
2024;2024-09-19;Pantheon Lanes;tournament;Mythic Legends Invitational;2;Round 2;Hel;124685;Norse Myth - Giants & Tricksters;5;201;0
2024;2024-09-19;Pantheon Lanes;tournament;Mythic Legends Invitational;2;Round 2;Vritra;138155;Hindu Myth - Asuras;0;159;0
2024;2024-09-19;Pantheon Lanes;tournament;Mythic Legends Invitational;2;Round 2;Vritra;138155;Hindu Myth - Asuras;1;164;0
2024;2024-09-19;Pantheon Lanes;tournament;Mythic Legends Invitational;2;Round 2;Vritra;138155;Hindu Myth - Asuras;2;193;0
2024;2024-09-19;Pantheon Lanes;tournament;Mythic Legends Invitational;2;Round 2;Vritra;138155;Hindu Myth - Asuras;3;163;0
2024;2024-09-19;Pantheon Lanes;tournament;Mythic Legends Invitational;2;Round 2;Vritra;138155;Hindu Myth - Asuras;4;182;0
2024;2024-09-19;Pantheon Lanes;tournament;Mythic Legends Invitational;2;Round 2;Vritra;138155;Hindu Myth - Asuras;5;180;0
2024;2024-09-19;Pantheon Lanes;tournament;Mythic Legends Invitational;2;Round 2;Kingu;179084;Mesopotamian Myth - Chaos Ancients;0;183;0
2024;2024-09-19;Pantheon Lanes;tournament;Mythic Legends Invitational;2;Round 2;Kingu;179084;Mesopotamian Myth - Chaos Ancients;1;182;0
2024;2024-09-19;Pantheon Lanes;tournament;Mythic Legends Invitational;2;Round 2;Kingu;179084;Mesopotamian Myth - Chaos Ancients;2;203;0
2024;2024-09-19;Pantheon Lanes;tournament;Mythic Legends Invitational;2;Round 2;Kingu;179084;Mesopotamian Myth - Chaos Ancients;3;192;0
2024;2024-09-19;Pantheon Lanes;tournament;Mythic Legends Invitational;2;Round 2;Kingu;179084;Mesopotamian Myth - Chaos Ancients;4;190;0
2024;2024-09-19;Pantheon Lanes;tournament;Mythic Legends Invitational;2;Round 2;Kingu;179084;Mesopotamian Myth - Chaos Ancients;5;194;0
2024;2024-09-19;Pantheon Lanes;tournament;Mythic Legends Invitational;2;Round 2;Shiva;109108;Hindu Myth - Devas;0;185;0
2024;2024-09-19;Pantheon Lanes;tournament;Mythic Legends Invitational;2;Round 2;Shiva;109108;Hindu Myth - Devas;1;184;0
2024;2024-09-19;Pantheon Lanes;tournament;Mythic Legends Invitational;2;Round 2;Shiva;109108;Hindu Myth - Devas;2;197;0
2024;2024-09-19;Pantheon Lanes;tournament;Mythic Legends Invitational;2;Round 2;Shiva;109108;Hindu Myth - Devas;3;190;0
2024;2024-09-19;Pantheon Lanes;tournament;Mythic Legends Invitational;2;Round 2;Shiva;109108;Hindu Myth - Devas;4;198;0
2024;2024-09-19;Pantheon Lanes;tournament;Mythic Legends Invitational;2;Round 2;Shiva;109108;Hindu Myth - Devas;5;185;0
2024;2024-09-19;Pantheon Lanes;tournament;Mythic Legends Invitational;2;Round 2;Nergal;164043;Mesopotamian Myth - Chaos Ancients;0;202;0
2024;2024-09-19;Pantheon Lanes;tournament;Mythic Legends Invitational;2;Round 2;Nergal;164043;Mesopotamian Myth - Chaos Ancients;1;195;0
2024;2024-09-19;Pantheon Lanes;tournament;Mythic Legends Invitational;2;Round 2;Nergal;164043;Mesopotamian Myth - Chaos Ancients;2;205;0
2024;2024-09-19;Pantheon Lanes;tournament;Mythic Legends Invitational;2;Round 2;Nergal;164043;Mesopotamian Myth - Chaos Ancients;3;202;0
2024;2024-09-19;Pantheon Lanes;tournament;Mythic Legends Invitational;2;Round 2;Nergal;164043;Mesopotamian Myth - Chaos Ancients;4;201;0
2024;2024-09-19;Pantheon Lanes;tournament;Mythic Legends Invitational;2;Round 2;Nergal;164043;Mesopotamian Myth - Chaos Ancients;5;198;0
2024;2024-09-19;Pantheon Lanes;tournament;Mythic Legends Invitational;2;Round 2;Nanna;104202;Mesopotamian Myth - Sky Kings;0;184;0
2024;2024-09-19;Pantheon Lanes;tournament;Mythic Legends Invitational;2;Round 2;Nanna;104202;Mesopotamian Myth - Sky Kings;1;187;0
2024;2024-09-19;Pantheon Lanes;tournament;Mythic Legends Invitational;2;Round 2;Nanna;104202;Mesopotamian Myth - Sky Kings;2;197;0
2024;2024-09-19;Pantheon Lanes;tournament;Mythic Legends Invitational;2;Round 2;Nanna;104202;Mesopotamian Myth - Sky Kings;3;181;0
2024;2024-09-19;Pantheon Lanes;tournament;Mythic Legends Invitational;2;Round 2;Nanna;104202;Mesopotamian Myth - Sky Kings;4;183;0
2024;2024-09-19;Pantheon Lanes;tournament;Mythic Legends Invitational;2;Round 2;Nanna;104202;Mesopotamian Myth - Sky Kings;5;198;0
2024;2024-09-19;Pantheon Lanes;tournament;Mythic Legends Invitational;2;Round 2;Fenrir;162230;Norse Myth - Giants & Tricksters;0;195;0
2024;2024-09-19;Pantheon Lanes;tournament;Mythic Legends Invitational;2;Round 2;Fenrir;162230;Norse Myth - Giants & Tricksters;1;199;0
2024;2024-09-19;Pantheon Lanes;tournament;Mythic Legends Invitational;2;Round 2;Fenrir;162230;Norse Myth - Giants & Tricksters;2;189;0
2024;2024-09-19;Pantheon Lanes;tournament;Mythic Legends Invitational;2;Round 2;Fenrir;162230;Norse Myth - Giants & Tricksters;3;187;0
2024;2024-09-19;Pantheon Lanes;tournament;Mythic Legends Invitational;2;Round 2;Fenrir;162230;Norse Myth - Giants & Tricksters;4;189;0
2024;2024-09-19;Pantheon Lanes;tournament;Mythic Legends Invitational;2;Round 2;Fenrir;162230;Norse Myth - Giants & Tricksters;5;192;0
2024;2024-09-19;Pantheon Lanes;tournament;Mythic Legends Invitational;2;Round 2;Rhea;104221;Greek Myth - Titans & Primordials;0;223;0
2024;2024-09-19;Pantheon Lanes;tournament;Mythic Legends Invitational;2;Round 2;Rhea;104221;Greek Myth - Titans & Primordials;1;209;0
2024;2024-09-19;Pantheon Lanes;tournament;Mythic Legends Invitational;2;Round 2;Rhea;104221;Greek Myth - Titans & Primordials;2;171;0
2024;2024-09-19;Pantheon Lanes;tournament;Mythic Legends Invitational;2;Round 2;Rhea;104221;Greek Myth - Titans & Primordials;3;236;0
2024;2024-09-19;Pantheon Lanes;tournament;Mythic Legends Invitational;2;Round 2;Rhea;104221;Greek Myth - Titans & Primordials;4;195;0
2024;2024-09-19;Pantheon Lanes;tournament;Mythic Legends Invitational;2;Round 2;Rhea;104221;Greek Myth - Titans & Primordials;5;235;0
2024;2024-09-19;Pantheon Lanes;tournament;Mythic Legends Invitational;2;Round 2;Shamash;123283;Mesopotamian Myth - Sky Kings;0;213;0
2024;2024-09-19;Pantheon Lanes;tournament;Mythic Legends Invitational;2;Round 2;Shamash;123283;Mesopotamian Myth - Sky Kings;1;201;0
2024;2024-09-19;Pantheon Lanes;tournament;Mythic Legends Invitational;2;Round 2;Shamash;123283;Mesopotamian Myth - Sky Kings;2;171;0
2024;2024-09-19;Pantheon Lanes;tournament;Mythic Legends Invitational;2;Round 2;Shamash;123283;Mesopotamian Myth - Sky Kings;3;217;0
2024;2024-09-19;Pantheon Lanes;tournament;Mythic Legends Invitational;2;Round 2;Shamash;123283;Mesopotamian Myth - Sky Kings;4;210;0
2024;2024-09-19;Pantheon Lanes;tournament;Mythic Legends Invitational;2;Round 2;Shamash;123283;Mesopotamian Myth - Sky Kings;5;220;0
2024;2024-09-19;Pantheon Lanes;tournament;Mythic Legends Invitational;2;Round 2;Frigg;170056;Norse Myth - Aesir;0;171;0
2024;2024-09-19;Pantheon Lanes;tournament;Mythic Legends Invitational;2;Round 2;Frigg;170056;Norse Myth - Aesir;1;177;0
2024;2024-09-19;Pantheon Lanes;tournament;Mythic Legends Invitational;2;Round 2;Frigg;170056;Norse Myth - Aesir;2;174;0
2024;2024-09-19;Pantheon Lanes;tournament;Mythic Legends Invitational;2;Round 2;Frigg;170056;Norse Myth - Aesir;3;189;0
2024;2024-09-19;Pantheon Lanes;tournament;Mythic Legends Invitational;2;Round 2;Frigg;170056;Norse Myth - Aesir;4;183;0
2024;2024-09-19;Pantheon Lanes;tournament;Mythic Legends Invitational;2;Round 2;Frigg;170056;Norse Myth - Aesir;5;180;0
2024;2024-09-19;Pantheon Lanes;tournament;Mythic Legends Invitational;2;Round 2;Tyr;108350;Norse Myth - Aesir;0;189;0
2024;2024-09-19;Pantheon Lanes;tournament;Mythic Legends Invitational;2;Round 2;Tyr;108350;Norse Myth - Aesir;1;189;0
2024;2024-09-19;Pantheon Lanes;tournament;Mythic Legends Invitational;2;Round 2;Tyr;108350;Norse Myth - Aesir;2;172;0
2024;2024-09-19;Pantheon Lanes;tournament;Mythic Legends Invitational;2;Round 2;Tyr;108350;Norse Myth - Aesir;3;177;0
2024;2024-09-19;Pantheon Lanes;tournament;Mythic Legends Invitational;2;Round 2;Tyr;108350;Norse Myth - Aesir;4;181;0
2024;2024-09-19;Pantheon Lanes;tournament;Mythic Legends Invitational;2;Round 2;Tyr;108350;Norse Myth - Aesir;5;175;0
2024;2024-09-19;Pantheon Lanes;tournament;Mythic Legends Invitational;2;Round 2;Artemis;103046;Greek Myth - Olympians;0;154;0
2024;2024-09-19;Pantheon Lanes;tournament;Mythic Legends Invitational;2;Round 2;Artemis;103046;Greek Myth - Olympians;1;191;0
2024;2024-09-19;Pantheon Lanes;tournament;Mythic Legends Invitational;2;Round 2;Artemis;103046;Greek Myth - Olympians;2;177;0
2024;2024-09-19;Pantheon Lanes;tournament;Mythic Legends Invitational;2;Round 2;Artemis;103046;Greek Myth - Olympians;3;170;0
2024;2024-09-19;Pantheon Lanes;tournament;Mythic Legends Invitational;2;Round 2;Artemis;103046;Greek Myth - Olympians;4;166;0
2024;2024-09-19;Pantheon Lanes;tournament;Mythic Legends Invitational;2;Round 2;Artemis;103046;Greek Myth - Olympians;5;174;0
2024;2024-09-19;Pantheon Lanes;tournament;Mythic Legends Invitational;2;Round 2;Elatha;122468;Celtic Myth - Fomorians;0;171;0
2024;2024-09-19;Pantheon Lanes;tournament;Mythic Legends Invitational;2;Round 2;Elatha;122468;Celtic Myth - Fomorians;1;183;0
2024;2024-09-19;Pantheon Lanes;tournament;Mythic Legends Invitational;2;Round 2;Elatha;122468;Celtic Myth - Fomorians;2;199;0
2024;2024-09-19;Pantheon Lanes;tournament;Mythic Legends Invitational;2;Round 2;Elatha;122468;Celtic Myth - Fomorians;3;192;0
2024;2024-09-19;Pantheon Lanes;tournament;Mythic Legends Invitational;2;Round 2;Elatha;122468;Celtic Myth - Fomorians;4;169;0
2024;2024-09-19;Pantheon Lanes;tournament;Mythic Legends Invitational;2;Round 2;Elatha;122468;Celtic Myth - Fomorians;5;174;0
2024;2024-09-19;Pantheon Lanes;tournament;Mythic Legends Invitational;2;Round 2;Hyperion;120144;Greek Myth - Titans & Primordials;0;150;0
2024;2024-09-19;Pantheon Lanes;tournament;Mythic Legends Invitational;2;Round 2;Hyperion;120144;Greek Myth - Titans & Primordials;1;193;0
2024;2024-09-19;Pantheon Lanes;tournament;Mythic Legends Invitational;2;Round 2;Hyperion;120144;Greek Myth - Titans & Primordials;2;150;0
2024;2024-09-19;Pantheon Lanes;tournament;Mythic Legends Invitational;2;Round 2;Hyperion;120144;Greek Myth - Titans & Primordials;3;179;0
2024;2024-09-19;Pantheon Lanes;tournament;Mythic Legends Invitational;2;Round 2;Hyperion;120144;Greek Myth - Titans & Primordials;4;170;0
2024;2024-09-19;Pantheon Lanes;tournament;Mythic Legends Invitational;2;Round 2;Hyperion;120144;Greek Myth - Titans & Primordials;5;147;0
2024;2024-09-19;Pantheon Lanes;tournament;Mythic Legends Invitational;2;Round 2;Ereshkigal;103517;Mesopotamian Myth - Chaos Ancients;0;160;0
2024;2024-09-19;Pantheon Lanes;tournament;Mythic Legends Invitational;2;Round 2;Ereshkigal;103517;Mesopotamian Myth - Chaos Ancients;1;170;0
2024;2024-09-19;Pantheon Lanes;tournament;Mythic Legends Invitational;2;Round 2;Ereshkigal;103517;Mesopotamian Myth - Chaos Ancients;2;166;0
2024;2024-09-19;Pantheon Lanes;tournament;Mythic Legends Invitational;2;Round 2;Ereshkigal;103517;Mesopotamian Myth - Chaos Ancients;3;176;0
2024;2024-09-19;Pantheon Lanes;tournament;Mythic Legends Invitational;2;Round 2;Ereshkigal;103517;Mesopotamian Myth - Chaos Ancients;4;197;0
2024;2024-09-19;Pantheon Lanes;tournament;Mythic Legends Invitational;2;Round 2;Ereshkigal;103517;Mesopotamian Myth - Chaos Ancients;5;175;0
2024;2024-09-20;Pantheon Lanes;tournament;Mythic Legends Invitational;3;Final;The Dagda;143101;Celtic Myth - Tuatha De Danann;0;224;0
2024;2024-09-20;Pantheon Lanes;tournament;Mythic Legends Invitational;3;Final;The Dagda;143101;Celtic Myth - Tuatha De Danann;1;206;0
2024;2024-09-20;Pantheon Lanes;tournament;Mythic Legends Invitational;3;Final;The Dagda;143101;Celtic Myth - Tuatha De Danann;2;206;0
2024;2024-09-20;Pantheon Lanes;tournament;Mythic Legends Invitational;3;Final;The Dagda;143101;Celtic Myth - Tuatha De Danann;3;216;0
2024;2024-09-20;Pantheon Lanes;tournament;Mythic Legends Invitational;3;Final;The Dagda;143101;Celtic Myth - Tuatha De Danann;4;223;0
2024;2024-09-20;Pantheon Lanes;tournament;Mythic Legends Invitational;3;Final;The Dagda;143101;Celtic Myth - Tuatha De Danann;5;212;0
2024;2024-09-20;Pantheon Lanes;tournament;Mythic Legends Invitational;3;Final;Indra;124470;Hindu Myth - Devas;0;177;0
2024;2024-09-20;Pantheon Lanes;tournament;Mythic Legends Invitational;3;Final;Indra;124470;Hindu Myth - Devas;1;204;0
2024;2024-09-20;Pantheon Lanes;tournament;Mythic Legends Invitational;3;Final;Indra;124470;Hindu Myth - Devas;2;241;0
2024;2024-09-20;Pantheon Lanes;tournament;Mythic Legends Invitational;3;Final;Indra;124470;Hindu Myth - Devas;3;234;0
2024;2024-09-20;Pantheon Lanes;tournament;Mythic Legends Invitational;3;Final;Indra;124470;Hindu Myth - Devas;4;222;0
2024;2024-09-20;Pantheon Lanes;tournament;Mythic Legends Invitational;3;Final;Indra;124470;Hindu Myth - Devas;5;259;0
2024;2024-09-20;Pantheon Lanes;tournament;Mythic Legends Invitational;3;Final;Tiamat;190311;Mesopotamian Myth - Chaos Ancients;0;203;0
2024;2024-09-20;Pantheon Lanes;tournament;Mythic Legends Invitational;3;Final;Tiamat;190311;Mesopotamian Myth - Chaos Ancients;1;202;0
2024;2024-09-20;Pantheon Lanes;tournament;Mythic Legends Invitational;3;Final;Tiamat;190311;Mesopotamian Myth - Chaos Ancients;2;227;0
2024;2024-09-20;Pantheon Lanes;tournament;Mythic Legends Invitational;3;Final;Tiamat;190311;Mesopotamian Myth - Chaos Ancients;3;203;0
2024;2024-09-20;Pantheon Lanes;tournament;Mythic Legends Invitational;3;Final;Tiamat;190311;Mesopotamian Myth - Chaos Ancients;4;205;0
2024;2024-09-20;Pantheon Lanes;tournament;Mythic Legends Invitational;3;Final;Tiamat;190311;Mesopotamian Myth - Chaos Ancients;5;214;0
2024;2024-09-20;Pantheon Lanes;tournament;Mythic Legends Invitational;3;Final;Balor;139930;Celtic Myth - Fomorians;0;226;0
2024;2024-09-20;Pantheon Lanes;tournament;Mythic Legends Invitational;3;Final;Balor;139930;Celtic Myth - Fomorians;1;212;0
2024;2024-09-20;Pantheon Lanes;tournament;Mythic Legends Invitational;3;Final;Balor;139930;Celtic Myth - Fomorians;2;195;0
2024;2024-09-20;Pantheon Lanes;tournament;Mythic Legends Invitational;3;Final;Balor;139930;Celtic Myth - Fomorians;3;216;0
2024;2024-09-20;Pantheon Lanes;tournament;Mythic Legends Invitational;3;Final;Balor;139930;Celtic Myth - Fomorians;4;230;0
2024;2024-09-20;Pantheon Lanes;tournament;Mythic Legends Invitational;3;Final;Balor;139930;Celtic Myth - Fomorians;5;204;0
2024;2024-09-20;Pantheon Lanes;tournament;Mythic Legends Invitational;3;Final;Odin;126765;Norse Myth - Aesir;0;223;0
2024;2024-09-20;Pantheon Lanes;tournament;Mythic Legends Invitational;3;Final;Odin;126765;Norse Myth - Aesir;1;223;0
2024;2024-09-20;Pantheon Lanes;tournament;Mythic Legends Invitational;3;Final;Odin;126765;Norse Myth - Aesir;2;222;0
2024;2024-09-20;Pantheon Lanes;tournament;Mythic Legends Invitational;3;Final;Odin;126765;Norse Myth - Aesir;3;192;0
2024;2024-09-20;Pantheon Lanes;tournament;Mythic Legends Invitational;3;Final;Odin;126765;Norse Myth - Aesir;4;209;0
2024;2024-09-20;Pantheon Lanes;tournament;Mythic Legends Invitational;3;Final;Odin;126765;Norse Myth - Aesir;5;189;0
2024;2024-09-20;Pantheon Lanes;tournament;Mythic Legends Invitational;3;Final;Cronus;174393;Greek Myth - Titans & Primordials;0;212;0
2024;2024-09-20;Pantheon Lanes;tournament;Mythic Legends Invitational;3;Final;Cronus;174393;Greek Myth - Titans & Primordials;1;219;0
2024;2024-09-20;Pantheon Lanes;tournament;Mythic Legends Invitational;3;Final;Cronus;174393;Greek Myth - Titans & Primordials;2;215;0
2024;2024-09-20;Pantheon Lanes;tournament;Mythic Legends Invitational;3;Final;Cronus;174393;Greek Myth - Titans & Primordials;3;228;0
2024;2024-09-20;Pantheon Lanes;tournament;Mythic Legends Invitational;3;Final;Cronus;174393;Greek Myth - Titans & Primordials;4;214;0
2024;2024-09-20;Pantheon Lanes;tournament;Mythic Legends Invitational;3;Final;Cronus;174393;Greek Myth - Titans & Primordials;5;219;0
2024;2024-09-20;Pantheon Lanes;tournament;Mythic Legends Invitational;3;Final;Zeus;139274;Greek Myth - Olympians;0;193;0
2024;2024-09-20;Pantheon Lanes;tournament;Mythic Legends Invitational;3;Final;Zeus;139274;Greek Myth - Olympians;1;208;0
2024;2024-09-20;Pantheon Lanes;tournament;Mythic Legends Invitational;3;Final;Zeus;139274;Greek Myth - Olympians;2;213;0
2024;2024-09-20;Pantheon Lanes;tournament;Mythic Legends Invitational;3;Final;Zeus;139274;Greek Myth - Olympians;3;206;0
2024;2024-09-20;Pantheon Lanes;tournament;Mythic Legends Invitational;3;Final;Zeus;139274;Greek Myth - Olympians;4;206;0
2024;2024-09-20;Pantheon Lanes;tournament;Mythic Legends Invitational;3;Final;Zeus;139274;Greek Myth - Olympians;5;212;0
2024;2024-09-20;Pantheon Lanes;tournament;Mythic Legends Invitational;3;Final;Vishnu;126083;Hindu Myth - Devas;0;180;0
2024;2024-09-20;Pantheon Lanes;tournament;Mythic Legends Invitational;3;Final;Vishnu;126083;Hindu Myth - Devas;1;202;0
2024;2024-09-20;Pantheon Lanes;tournament;Mythic Legends Invitational;3;Final;Vishnu;126083;Hindu Myth - Devas;2;206;0
2024;2024-09-20;Pantheon Lanes;tournament;Mythic Legends Invitational;3;Final;Vishnu;126083;Hindu Myth - Devas;3;205;0
2024;2024-09-20;Pantheon Lanes;tournament;Mythic Legends Invitational;3;Final;Vishnu;126083;Hindu Myth - Devas;4;217;0
2024;2024-09-20;Pantheon Lanes;tournament;Mythic Legends Invitational;3;Final;Vishnu;126083;Hindu Myth - Devas;5;185;0
2024;2024-09-20;Pantheon Lanes;tournament;Mythic Legends Invitational;3;Final;Osiris;179670;Egyptian Myth - Underworld Powers;0;203;0
2024;2024-09-20;Pantheon Lanes;tournament;Mythic Legends Invitational;3;Final;Osiris;179670;Egyptian Myth - Underworld Powers;1;241;0
2024;2024-09-20;Pantheon Lanes;tournament;Mythic Legends Invitational;3;Final;Osiris;179670;Egyptian Myth - Underworld Powers;2;203;0
2024;2024-09-20;Pantheon Lanes;tournament;Mythic Legends Invitational;3;Final;Osiris;179670;Egyptian Myth - Underworld Powers;3;238;0
2024;2024-09-20;Pantheon Lanes;tournament;Mythic Legends Invitational;3;Final;Osiris;179670;Egyptian Myth - Underworld Powers;4;237;0
2024;2024-09-20;Pantheon Lanes;tournament;Mythic Legends Invitational;3;Final;Osiris;179670;Egyptian Myth - Underworld Powers;5;224;0
2024;2024-09-20;Pantheon Lanes;tournament;Mythic Legends Invitational;3;Final;Lugh;174647;Celtic Myth - Tuatha De Danann;0;202;0
2024;2024-09-20;Pantheon Lanes;tournament;Mythic Legends Invitational;3;Final;Lugh;174647;Celtic Myth - Tuatha De Danann;1;204;0
2024;2024-09-20;Pantheon Lanes;tournament;Mythic Legends Invitational;3;Final;Lugh;174647;Celtic Myth - Tuatha De Danann;2;207;0
2024;2024-09-20;Pantheon Lanes;tournament;Mythic Legends Invitational;3;Final;Lugh;174647;Celtic Myth - Tuatha De Danann;3;218;0
2024;2024-09-20;Pantheon Lanes;tournament;Mythic Legends Invitational;3;Final;Lugh;174647;Celtic Myth - Tuatha De Danann;4;213;0
2024;2024-09-20;Pantheon Lanes;tournament;Mythic Legends Invitational;3;Final;Lugh;174647;Celtic Myth - Tuatha De Danann;5;209;0
2024;2024-09-20;Pantheon Lanes;tournament;Mythic Legends Invitational;3;Final;Ra;143286;Egyptian Myth - Solar Court;0;222;0
2024;2024-09-20;Pantheon Lanes;tournament;Mythic Legends Invitational;3;Final;Ra;143286;Egyptian Myth - Solar Court;1;191;0
2024;2024-09-20;Pantheon Lanes;tournament;Mythic Legends Invitational;3;Final;Ra;143286;Egyptian Myth - Solar Court;2;224;0
2024;2024-09-20;Pantheon Lanes;tournament;Mythic Legends Invitational;3;Final;Ra;143286;Egyptian Myth - Solar Court;3;221;0
2024;2024-09-20;Pantheon Lanes;tournament;Mythic Legends Invitational;3;Final;Ra;143286;Egyptian Myth - Solar Court;4;242;0
2024;2024-09-20;Pantheon Lanes;tournament;Mythic Legends Invitational;3;Final;Ra;143286;Egyptian Myth - Solar Court;5;219;0
2024;2024-09-20;Pantheon Lanes;tournament;Mythic Legends Invitational;3;Final;Mahishasura;137200;Hindu Myth - Asuras;0;218;0
2024;2024-09-20;Pantheon Lanes;tournament;Mythic Legends Invitational;3;Final;Mahishasura;137200;Hindu Myth - Asuras;1;231;0
2024;2024-09-20;Pantheon Lanes;tournament;Mythic Legends Invitational;3;Final;Mahishasura;137200;Hindu Myth - Asuras;2;205;0
2024;2024-09-20;Pantheon Lanes;tournament;Mythic Legends Invitational;3;Final;Mahishasura;137200;Hindu Myth - Asuras;3;257;0
2024;2024-09-20;Pantheon Lanes;tournament;Mythic Legends Invitational;3;Final;Mahishasura;137200;Hindu Myth - Asuras;4;240;0
2024;2024-09-20;Pantheon Lanes;tournament;Mythic Legends Invitational;3;Final;Mahishasura;137200;Hindu Myth - Asuras;5;232;0
2024;2024-09-20;Pantheon Lanes;tournament;Mythic Legends Invitational;3;Final;Loki;150650;Norse Myth - Giants & Tricksters;0;203;0
2024;2024-09-20;Pantheon Lanes;tournament;Mythic Legends Invitational;3;Final;Loki;150650;Norse Myth - Giants & Tricksters;1;236;0
2024;2024-09-20;Pantheon Lanes;tournament;Mythic Legends Invitational;3;Final;Loki;150650;Norse Myth - Giants & Tricksters;2;228;0
2024;2024-09-20;Pantheon Lanes;tournament;Mythic Legends Invitational;3;Final;Loki;150650;Norse Myth - Giants & Tricksters;3;219;0
2024;2024-09-20;Pantheon Lanes;tournament;Mythic Legends Invitational;3;Final;Loki;150650;Norse Myth - Giants & Tricksters;4;205;0
2024;2024-09-20;Pantheon Lanes;tournament;Mythic Legends Invitational;3;Final;Loki;150650;Norse Myth - Giants & Tricksters;5;232;0
2024;2024-09-20;Pantheon Lanes;tournament;Mythic Legends Invitational;3;Final;Anubis;175219;Egyptian Myth - Underworld Powers;0;227;0
2024;2024-09-20;Pantheon Lanes;tournament;Mythic Legends Invitational;3;Final;Anubis;175219;Egyptian Myth - Underworld Powers;1;227;0
2024;2024-09-20;Pantheon Lanes;tournament;Mythic Legends Invitational;3;Final;Anubis;175219;Egyptian Myth - Underworld Powers;2;206;0
2024;2024-09-20;Pantheon Lanes;tournament;Mythic Legends Invitational;3;Final;Anubis;175219;Egyptian Myth - Underworld Powers;3;210;0
2024;2024-09-20;Pantheon Lanes;tournament;Mythic Legends Invitational;3;Final;Anubis;175219;Egyptian Myth - Underworld Powers;4;211;0
2024;2024-09-20;Pantheon Lanes;tournament;Mythic Legends Invitational;3;Final;Anubis;175219;Egyptian Myth - Underworld Powers;5;206;0
2024;2024-09-20;Pantheon Lanes;tournament;Mythic Legends Invitational;3;Final;Ishtar;172470;Mesopotamian Myth - Sky Kings;0;190;0
2024;2024-09-20;Pantheon Lanes;tournament;Mythic Legends Invitational;3;Final;Ishtar;172470;Mesopotamian Myth - Sky Kings;1;189;0
2024;2024-09-20;Pantheon Lanes;tournament;Mythic Legends Invitational;3;Final;Ishtar;172470;Mesopotamian Myth - Sky Kings;2;168;0
2024;2024-09-20;Pantheon Lanes;tournament;Mythic Legends Invitational;3;Final;Ishtar;172470;Mesopotamian Myth - Sky Kings;3;214;0
2024;2024-09-20;Pantheon Lanes;tournament;Mythic Legends Invitational;3;Final;Ishtar;172470;Mesopotamian Myth - Sky Kings;4;192;0
2024;2024-09-20;Pantheon Lanes;tournament;Mythic Legends Invitational;3;Final;Ishtar;172470;Mesopotamian Myth - Sky Kings;5;197;0
2024;2024-09-20;Pantheon Lanes;tournament;Mythic Legends Invitational;3;Final;Marduk;188458;Mesopotamian Myth - Sky Kings;0;178;0
2024;2024-09-20;Pantheon Lanes;tournament;Mythic Legends Invitational;3;Final;Marduk;188458;Mesopotamian Myth - Sky Kings;1;171;0
2024;2024-09-20;Pantheon Lanes;tournament;Mythic Legends Invitational;3;Final;Marduk;188458;Mesopotamian Myth - Sky Kings;2;176;0
2024;2024-09-20;Pantheon Lanes;tournament;Mythic Legends Invitational;3;Final;Marduk;188458;Mesopotamian Myth - Sky Kings;3;191;0
2024;2024-09-20;Pantheon Lanes;tournament;Mythic Legends Invitational;3;Final;Marduk;188458;Mesopotamian Myth - Sky Kings;4;214;0
2024;2024-09-20;Pantheon Lanes;tournament;Mythic Legends Invitational;3;Final;Marduk;188458;Mesopotamian Myth - Sky Kings;5;207;0
2024;2024-09-20;Pantheon Lanes;tournament;Mythic Legends Invitational;3;Final;Horus;174473;Egyptian Myth - Solar Court;0;210;0
2024;2024-09-20;Pantheon Lanes;tournament;Mythic Legends Invitational;3;Final;Horus;174473;Egyptian Myth - Solar Court;1;185;0
2024;2024-09-20;Pantheon Lanes;tournament;Mythic Legends Invitational;3;Final;Horus;174473;Egyptian Myth - Solar Court;2;182;0
2024;2024-09-20;Pantheon Lanes;tournament;Mythic Legends Invitational;3;Final;Horus;174473;Egyptian Myth - Solar Court;3;180;0
2024;2024-09-20;Pantheon Lanes;tournament;Mythic Legends Invitational;3;Final;Horus;174473;Egyptian Myth - Solar Court;4;174;0
2024;2024-09-20;Pantheon Lanes;tournament;Mythic Legends Invitational;3;Final;Horus;174473;Egyptian Myth - Solar Court;5;175;0
2024;2024-09-20;Pantheon Lanes;tournament;Mythic Legends Invitational;3;Final;Ravana;126986;Hindu Myth - Asuras;0;186;0
2024;2024-09-20;Pantheon Lanes;tournament;Mythic Legends Invitational;3;Final;Ravana;126986;Hindu Myth - Asuras;1;246;0
2024;2024-09-20;Pantheon Lanes;tournament;Mythic Legends Invitational;3;Final;Ravana;126986;Hindu Myth - Asuras;2;210;0
2024;2024-09-20;Pantheon Lanes;tournament;Mythic Legends Invitational;3;Final;Ravana;126986;Hindu Myth - Asuras;3;198;0
2024;2024-09-20;Pantheon Lanes;tournament;Mythic Legends Invitational;3;Final;Ravana;126986;Hindu Myth - Asuras;4;237;0
2024;2024-09-20;Pantheon Lanes;tournament;Mythic Legends Invitational;3;Final;Ravana;126986;Hindu Myth - Asuras;5;201;0
2024;2024-09-20;Pantheon Lanes;tournament;Mythic Legends Invitational;3;Final;Thor;151201;Norse Myth - Aesir;0;193;0
2024;2024-09-20;Pantheon Lanes;tournament;Mythic Legends Invitational;3;Final;Thor;151201;Norse Myth - Aesir;1;212;0
2024;2024-09-20;Pantheon Lanes;tournament;Mythic Legends Invitational;3;Final;Thor;151201;Norse Myth - Aesir;2;190;0
2024;2024-09-20;Pantheon Lanes;tournament;Mythic Legends Invitational;3;Final;Thor;151201;Norse Myth - Aesir;3;202;0
2024;2024-09-20;Pantheon Lanes;tournament;Mythic Legends Invitational;3;Final;Thor;151201;Norse Myth - Aesir;4;190;0
2024;2024-09-20;Pantheon Lanes;tournament;Mythic Legends Invitational;3;Final;Thor;151201;Norse Myth - Aesir;5;190;0
2024;2024-09-20;Pantheon Lanes;tournament;Mythic Legends Invitational;3;Final;Bres;112221;Celtic Myth - Fomorians;0;214;0
2024;2024-09-20;Pantheon Lanes;tournament;Mythic Legends Invitational;3;Final;Bres;112221;Celtic Myth - Fomorians;1;204;0
2024;2024-09-20;Pantheon Lanes;tournament;Mythic Legends Invitational;3;Final;Bres;112221;Celtic Myth - Fomorians;2;199;0
2024;2024-09-20;Pantheon Lanes;tournament;Mythic Legends Invitational;3;Final;Bres;112221;Celtic Myth - Fomorians;3;202;0
2024;2024-09-20;Pantheon Lanes;tournament;Mythic Legends Invitational;3;Final;Bres;112221;Celtic Myth - Fomorians;4;201;0
2024;2024-09-20;Pantheon Lanes;tournament;Mythic Legends Invitational;3;Final;Bres;112221;Celtic Myth - Fomorians;5;213;0
2025;2025-09-18;Pantheon Lanes;tournament;Mythic Legends Invitational;1;Qualifying;Zeus;139274;Greek Myth - Olympians;0;220;0
2025;2025-09-18;Pantheon Lanes;tournament;Mythic Legends Invitational;1;Qualifying;Zeus;139274;Greek Myth - Olympians;1;217;0
2025;2025-09-18;Pantheon Lanes;tournament;Mythic Legends Invitational;1;Qualifying;Zeus;139274;Greek Myth - Olympians;2;217;0
2025;2025-09-18;Pantheon Lanes;tournament;Mythic Legends Invitational;1;Qualifying;Zeus;139274;Greek Myth - Olympians;3;222;0
2025;2025-09-18;Pantheon Lanes;tournament;Mythic Legends Invitational;1;Qualifying;Zeus;139274;Greek Myth - Olympians;4;217;0
2025;2025-09-18;Pantheon Lanes;tournament;Mythic Legends Invitational;1;Qualifying;Zeus;139274;Greek Myth - Olympians;5;217;0
2025;2025-09-18;Pantheon Lanes;tournament;Mythic Legends Invitational;1;Qualifying;Zeus;139274;Greek Myth - Olympians;6;242;0
2025;2025-09-18;Pantheon Lanes;tournament;Mythic Legends Invitational;1;Qualifying;Zeus;139274;Greek Myth - Olympians;7;211;0
2025;2025-09-18;Pantheon Lanes;tournament;Mythic Legends Invitational;1;Qualifying;Athena;142739;Greek Myth - Olympians;0;203;0
2025;2025-09-18;Pantheon Lanes;tournament;Mythic Legends Invitational;1;Qualifying;Athena;142739;Greek Myth - Olympians;1;209;0
2025;2025-09-18;Pantheon Lanes;tournament;Mythic Legends Invitational;1;Qualifying;Athena;142739;Greek Myth - Olympians;2;198;0
2025;2025-09-18;Pantheon Lanes;tournament;Mythic Legends Invitational;1;Qualifying;Athena;142739;Greek Myth - Olympians;3;200;0
2025;2025-09-18;Pantheon Lanes;tournament;Mythic Legends Invitational;1;Qualifying;Athena;142739;Greek Myth - Olympians;4;175;0
2025;2025-09-18;Pantheon Lanes;tournament;Mythic Legends Invitational;1;Qualifying;Athena;142739;Greek Myth - Olympians;5;197;0
2025;2025-09-18;Pantheon Lanes;tournament;Mythic Legends Invitational;1;Qualifying;Athena;142739;Greek Myth - Olympians;6;196;0
2025;2025-09-18;Pantheon Lanes;tournament;Mythic Legends Invitational;1;Qualifying;Athena;142739;Greek Myth - Olympians;7;191;0
2025;2025-09-18;Pantheon Lanes;tournament;Mythic Legends Invitational;1;Qualifying;Apollo;176933;Greek Myth - Olympians;0;189;0
2025;2025-09-18;Pantheon Lanes;tournament;Mythic Legends Invitational;1;Qualifying;Apollo;176933;Greek Myth - Olympians;1;190;0
2025;2025-09-18;Pantheon Lanes;tournament;Mythic Legends Invitational;1;Qualifying;Apollo;176933;Greek Myth - Olympians;2;168;0
2025;2025-09-18;Pantheon Lanes;tournament;Mythic Legends Invitational;1;Qualifying;Apollo;176933;Greek Myth - Olympians;3;208;0
2025;2025-09-18;Pantheon Lanes;tournament;Mythic Legends Invitational;1;Qualifying;Apollo;176933;Greek Myth - Olympians;4;172;0
2025;2025-09-18;Pantheon Lanes;tournament;Mythic Legends Invitational;1;Qualifying;Apollo;176933;Greek Myth - Olympians;5;206;0
2025;2025-09-18;Pantheon Lanes;tournament;Mythic Legends Invitational;1;Qualifying;Apollo;176933;Greek Myth - Olympians;6;202;0
2025;2025-09-18;Pantheon Lanes;tournament;Mythic Legends Invitational;1;Qualifying;Apollo;176933;Greek Myth - Olympians;7;163;0
2025;2025-09-18;Pantheon Lanes;tournament;Mythic Legends Invitational;1;Qualifying;Artemis;103046;Greek Myth - Olympians;0;179;0
2025;2025-09-18;Pantheon Lanes;tournament;Mythic Legends Invitational;1;Qualifying;Artemis;103046;Greek Myth - Olympians;1;182;0
2025;2025-09-18;Pantheon Lanes;tournament;Mythic Legends Invitational;1;Qualifying;Artemis;103046;Greek Myth - Olympians;2;173;0
2025;2025-09-18;Pantheon Lanes;tournament;Mythic Legends Invitational;1;Qualifying;Artemis;103046;Greek Myth - Olympians;3;172;0
2025;2025-09-18;Pantheon Lanes;tournament;Mythic Legends Invitational;1;Qualifying;Artemis;103046;Greek Myth - Olympians;4;175;0
2025;2025-09-18;Pantheon Lanes;tournament;Mythic Legends Invitational;1;Qualifying;Artemis;103046;Greek Myth - Olympians;5;184;0
2025;2025-09-18;Pantheon Lanes;tournament;Mythic Legends Invitational;1;Qualifying;Artemis;103046;Greek Myth - Olympians;6;188;0
2025;2025-09-18;Pantheon Lanes;tournament;Mythic Legends Invitational;1;Qualifying;Artemis;103046;Greek Myth - Olympians;7;169;0
2025;2025-09-18;Pantheon Lanes;tournament;Mythic Legends Invitational;1;Qualifying;Cronus;174393;Greek Myth - Titans & Primordials;0;228;0
2025;2025-09-18;Pantheon Lanes;tournament;Mythic Legends Invitational;1;Qualifying;Cronus;174393;Greek Myth - Titans & Primordials;1;220;0
2025;2025-09-18;Pantheon Lanes;tournament;Mythic Legends Invitational;1;Qualifying;Cronus;174393;Greek Myth - Titans & Primordials;2;257;0
2025;2025-09-18;Pantheon Lanes;tournament;Mythic Legends Invitational;1;Qualifying;Cronus;174393;Greek Myth - Titans & Primordials;3;219;0
2025;2025-09-18;Pantheon Lanes;tournament;Mythic Legends Invitational;1;Qualifying;Cronus;174393;Greek Myth - Titans & Primordials;4;176;0
2025;2025-09-18;Pantheon Lanes;tournament;Mythic Legends Invitational;1;Qualifying;Cronus;174393;Greek Myth - Titans & Primordials;5;227;0
2025;2025-09-18;Pantheon Lanes;tournament;Mythic Legends Invitational;1;Qualifying;Cronus;174393;Greek Myth - Titans & Primordials;6;248;0
2025;2025-09-18;Pantheon Lanes;tournament;Mythic Legends Invitational;1;Qualifying;Cronus;174393;Greek Myth - Titans & Primordials;7;194;0
2025;2025-09-18;Pantheon Lanes;tournament;Mythic Legends Invitational;1;Qualifying;Rhea;104221;Greek Myth - Titans & Primordials;0;190;0
2025;2025-09-18;Pantheon Lanes;tournament;Mythic Legends Invitational;1;Qualifying;Rhea;104221;Greek Myth - Titans & Primordials;1;216;0
2025;2025-09-18;Pantheon Lanes;tournament;Mythic Legends Invitational;1;Qualifying;Rhea;104221;Greek Myth - Titans & Primordials;2;144;0
2025;2025-09-18;Pantheon Lanes;tournament;Mythic Legends Invitational;1;Qualifying;Rhea;104221;Greek Myth - Titans & Primordials;3;158;0
2025;2025-09-18;Pantheon Lanes;tournament;Mythic Legends Invitational;1;Qualifying;Rhea;104221;Greek Myth - Titans & Primordials;4;158;0
2025;2025-09-18;Pantheon Lanes;tournament;Mythic Legends Invitational;1;Qualifying;Rhea;104221;Greek Myth - Titans & Primordials;5;170;0
2025;2025-09-18;Pantheon Lanes;tournament;Mythic Legends Invitational;1;Qualifying;Rhea;104221;Greek Myth - Titans & Primordials;6;190;0
2025;2025-09-18;Pantheon Lanes;tournament;Mythic Legends Invitational;1;Qualifying;Rhea;104221;Greek Myth - Titans & Primordials;7;162;0
2025;2025-09-18;Pantheon Lanes;tournament;Mythic Legends Invitational;1;Qualifying;Atlas;118236;Greek Myth - Titans & Primordials;0;193;0
2025;2025-09-18;Pantheon Lanes;tournament;Mythic Legends Invitational;1;Qualifying;Atlas;118236;Greek Myth - Titans & Primordials;1;206;0
2025;2025-09-18;Pantheon Lanes;tournament;Mythic Legends Invitational;1;Qualifying;Atlas;118236;Greek Myth - Titans & Primordials;2;186;0
2025;2025-09-18;Pantheon Lanes;tournament;Mythic Legends Invitational;1;Qualifying;Atlas;118236;Greek Myth - Titans & Primordials;3;185;0
2025;2025-09-18;Pantheon Lanes;tournament;Mythic Legends Invitational;1;Qualifying;Atlas;118236;Greek Myth - Titans & Primordials;4;217;0
2025;2025-09-18;Pantheon Lanes;tournament;Mythic Legends Invitational;1;Qualifying;Atlas;118236;Greek Myth - Titans & Primordials;5;194;0
2025;2025-09-18;Pantheon Lanes;tournament;Mythic Legends Invitational;1;Qualifying;Atlas;118236;Greek Myth - Titans & Primordials;6;186;0
2025;2025-09-18;Pantheon Lanes;tournament;Mythic Legends Invitational;1;Qualifying;Atlas;118236;Greek Myth - Titans & Primordials;7;199;0
2025;2025-09-18;Pantheon Lanes;tournament;Mythic Legends Invitational;1;Qualifying;Hyperion;120144;Greek Myth - Titans & Primordials;0;159;0
2025;2025-09-18;Pantheon Lanes;tournament;Mythic Legends Invitational;1;Qualifying;Hyperion;120144;Greek Myth - Titans & Primordials;1;193;0
2025;2025-09-18;Pantheon Lanes;tournament;Mythic Legends Invitational;1;Qualifying;Hyperion;120144;Greek Myth - Titans & Primordials;2;170;0
2025;2025-09-18;Pantheon Lanes;tournament;Mythic Legends Invitational;1;Qualifying;Hyperion;120144;Greek Myth - Titans & Primordials;3;172;0
2025;2025-09-18;Pantheon Lanes;tournament;Mythic Legends Invitational;1;Qualifying;Hyperion;120144;Greek Myth - Titans & Primordials;4;134;0
2025;2025-09-18;Pantheon Lanes;tournament;Mythic Legends Invitational;1;Qualifying;Hyperion;120144;Greek Myth - Titans & Primordials;5;182;0
2025;2025-09-18;Pantheon Lanes;tournament;Mythic Legends Invitational;1;Qualifying;Hyperion;120144;Greek Myth - Titans & Primordials;6;175;0
2025;2025-09-18;Pantheon Lanes;tournament;Mythic Legends Invitational;1;Qualifying;Hyperion;120144;Greek Myth - Titans & Primordials;7;191;0
2025;2025-09-18;Pantheon Lanes;tournament;Mythic Legends Invitational;1;Qualifying;Ra;143286;Egyptian Myth - Solar Court;0;212;0
2025;2025-09-18;Pantheon Lanes;tournament;Mythic Legends Invitational;1;Qualifying;Ra;143286;Egyptian Myth - Solar Court;1;156;0
2025;2025-09-18;Pantheon Lanes;tournament;Mythic Legends Invitational;1;Qualifying;Ra;143286;Egyptian Myth - Solar Court;2;205;0
2025;2025-09-18;Pantheon Lanes;tournament;Mythic Legends Invitational;1;Qualifying;Ra;143286;Egyptian Myth - Solar Court;3;193;0
2025;2025-09-18;Pantheon Lanes;tournament;Mythic Legends Invitational;1;Qualifying;Ra;143286;Egyptian Myth - Solar Court;4;178;0
2025;2025-09-18;Pantheon Lanes;tournament;Mythic Legends Invitational;1;Qualifying;Ra;143286;Egyptian Myth - Solar Court;5;187;0
2025;2025-09-18;Pantheon Lanes;tournament;Mythic Legends Invitational;1;Qualifying;Ra;143286;Egyptian Myth - Solar Court;6;201;0
2025;2025-09-18;Pantheon Lanes;tournament;Mythic Legends Invitational;1;Qualifying;Ra;143286;Egyptian Myth - Solar Court;7;168;0
2025;2025-09-18;Pantheon Lanes;tournament;Mythic Legends Invitational;1;Qualifying;Horus;174473;Egyptian Myth - Solar Court;0;187;0
2025;2025-09-18;Pantheon Lanes;tournament;Mythic Legends Invitational;1;Qualifying;Horus;174473;Egyptian Myth - Solar Court;1;196;0
2025;2025-09-18;Pantheon Lanes;tournament;Mythic Legends Invitational;1;Qualifying;Horus;174473;Egyptian Myth - Solar Court;2;191;0
2025;2025-09-18;Pantheon Lanes;tournament;Mythic Legends Invitational;1;Qualifying;Horus;174473;Egyptian Myth - Solar Court;3;209;0
2025;2025-09-18;Pantheon Lanes;tournament;Mythic Legends Invitational;1;Qualifying;Horus;174473;Egyptian Myth - Solar Court;4;236;0
2025;2025-09-18;Pantheon Lanes;tournament;Mythic Legends Invitational;1;Qualifying;Horus;174473;Egyptian Myth - Solar Court;5;213;0
2025;2025-09-18;Pantheon Lanes;tournament;Mythic Legends Invitational;1;Qualifying;Horus;174473;Egyptian Myth - Solar Court;6;200;0
2025;2025-09-18;Pantheon Lanes;tournament;Mythic Legends Invitational;1;Qualifying;Horus;174473;Egyptian Myth - Solar Court;7;215;0
2025;2025-09-18;Pantheon Lanes;tournament;Mythic Legends Invitational;1;Qualifying;Bastet;182554;Egyptian Myth - Solar Court;0;204;0
2025;2025-09-18;Pantheon Lanes;tournament;Mythic Legends Invitational;1;Qualifying;Bastet;182554;Egyptian Myth - Solar Court;1;188;0
2025;2025-09-18;Pantheon Lanes;tournament;Mythic Legends Invitational;1;Qualifying;Bastet;182554;Egyptian Myth - Solar Court;2;211;0
2025;2025-09-18;Pantheon Lanes;tournament;Mythic Legends Invitational;1;Qualifying;Bastet;182554;Egyptian Myth - Solar Court;3;200;0
2025;2025-09-18;Pantheon Lanes;tournament;Mythic Legends Invitational;1;Qualifying;Bastet;182554;Egyptian Myth - Solar Court;4;199;0
2025;2025-09-18;Pantheon Lanes;tournament;Mythic Legends Invitational;1;Qualifying;Bastet;182554;Egyptian Myth - Solar Court;5;196;0
2025;2025-09-18;Pantheon Lanes;tournament;Mythic Legends Invitational;1;Qualifying;Bastet;182554;Egyptian Myth - Solar Court;6;203;0
2025;2025-09-18;Pantheon Lanes;tournament;Mythic Legends Invitational;1;Qualifying;Bastet;182554;Egyptian Myth - Solar Court;7;198;0
2025;2025-09-18;Pantheon Lanes;tournament;Mythic Legends Invitational;1;Qualifying;Thoth;179036;Egyptian Myth - Solar Court;0;166;0
2025;2025-09-18;Pantheon Lanes;tournament;Mythic Legends Invitational;1;Qualifying;Thoth;179036;Egyptian Myth - Solar Court;1;163;0
2025;2025-09-18;Pantheon Lanes;tournament;Mythic Legends Invitational;1;Qualifying;Thoth;179036;Egyptian Myth - Solar Court;2;167;0
2025;2025-09-18;Pantheon Lanes;tournament;Mythic Legends Invitational;1;Qualifying;Thoth;179036;Egyptian Myth - Solar Court;3;156;0
2025;2025-09-18;Pantheon Lanes;tournament;Mythic Legends Invitational;1;Qualifying;Thoth;179036;Egyptian Myth - Solar Court;4;175;0
2025;2025-09-18;Pantheon Lanes;tournament;Mythic Legends Invitational;1;Qualifying;Thoth;179036;Egyptian Myth - Solar Court;5;162;0
2025;2025-09-18;Pantheon Lanes;tournament;Mythic Legends Invitational;1;Qualifying;Thoth;179036;Egyptian Myth - Solar Court;6;172;0
2025;2025-09-18;Pantheon Lanes;tournament;Mythic Legends Invitational;1;Qualifying;Thoth;179036;Egyptian Myth - Solar Court;7;157;0
2025;2025-09-18;Pantheon Lanes;tournament;Mythic Legends Invitational;1;Qualifying;Osiris;179670;Egyptian Myth - Underworld Powers;0;215;0
2025;2025-09-18;Pantheon Lanes;tournament;Mythic Legends Invitational;1;Qualifying;Osiris;179670;Egyptian Myth - Underworld Powers;1;218;0
2025;2025-09-18;Pantheon Lanes;tournament;Mythic Legends Invitational;1;Qualifying;Osiris;179670;Egyptian Myth - Underworld Powers;2;202;0
2025;2025-09-18;Pantheon Lanes;tournament;Mythic Legends Invitational;1;Qualifying;Osiris;179670;Egyptian Myth - Underworld Powers;3;202;0
2025;2025-09-18;Pantheon Lanes;tournament;Mythic Legends Invitational;1;Qualifying;Osiris;179670;Egyptian Myth - Underworld Powers;4;211;0
2025;2025-09-18;Pantheon Lanes;tournament;Mythic Legends Invitational;1;Qualifying;Osiris;179670;Egyptian Myth - Underworld Powers;5;210;0
2025;2025-09-18;Pantheon Lanes;tournament;Mythic Legends Invitational;1;Qualifying;Osiris;179670;Egyptian Myth - Underworld Powers;6;227;0
2025;2025-09-18;Pantheon Lanes;tournament;Mythic Legends Invitational;1;Qualifying;Osiris;179670;Egyptian Myth - Underworld Powers;7;217;0
2025;2025-09-18;Pantheon Lanes;tournament;Mythic Legends Invitational;1;Qualifying;Anubis;175219;Egyptian Myth - Underworld Powers;0;208;0
2025;2025-09-18;Pantheon Lanes;tournament;Mythic Legends Invitational;1;Qualifying;Anubis;175219;Egyptian Myth - Underworld Powers;1;207;0
2025;2025-09-18;Pantheon Lanes;tournament;Mythic Legends Invitational;1;Qualifying;Anubis;175219;Egyptian Myth - Underworld Powers;2;204;0
2025;2025-09-18;Pantheon Lanes;tournament;Mythic Legends Invitational;1;Qualifying;Anubis;175219;Egyptian Myth - Underworld Powers;3;214;0
2025;2025-09-18;Pantheon Lanes;tournament;Mythic Legends Invitational;1;Qualifying;Anubis;175219;Egyptian Myth - Underworld Powers;4;201;0
2025;2025-09-18;Pantheon Lanes;tournament;Mythic Legends Invitational;1;Qualifying;Anubis;175219;Egyptian Myth - Underworld Powers;5;220;0
2025;2025-09-18;Pantheon Lanes;tournament;Mythic Legends Invitational;1;Qualifying;Anubis;175219;Egyptian Myth - Underworld Powers;6;198;0
2025;2025-09-18;Pantheon Lanes;tournament;Mythic Legends Invitational;1;Qualifying;Anubis;175219;Egyptian Myth - Underworld Powers;7;219;0
2025;2025-09-18;Pantheon Lanes;tournament;Mythic Legends Invitational;1;Qualifying;Set;151234;Egyptian Myth - Underworld Powers;0;192;0
2025;2025-09-18;Pantheon Lanes;tournament;Mythic Legends Invitational;1;Qualifying;Set;151234;Egyptian Myth - Underworld Powers;1;212;0
2025;2025-09-18;Pantheon Lanes;tournament;Mythic Legends Invitational;1;Qualifying;Set;151234;Egyptian Myth - Underworld Powers;2;178;0
2025;2025-09-18;Pantheon Lanes;tournament;Mythic Legends Invitational;1;Qualifying;Set;151234;Egyptian Myth - Underworld Powers;3;193;0
2025;2025-09-18;Pantheon Lanes;tournament;Mythic Legends Invitational;1;Qualifying;Set;151234;Egyptian Myth - Underworld Powers;4;181;0
2025;2025-09-18;Pantheon Lanes;tournament;Mythic Legends Invitational;1;Qualifying;Set;151234;Egyptian Myth - Underworld Powers;5;200;0
2025;2025-09-18;Pantheon Lanes;tournament;Mythic Legends Invitational;1;Qualifying;Set;151234;Egyptian Myth - Underworld Powers;6;174;0
2025;2025-09-18;Pantheon Lanes;tournament;Mythic Legends Invitational;1;Qualifying;Set;151234;Egyptian Myth - Underworld Powers;7;185;0
2025;2025-09-18;Pantheon Lanes;tournament;Mythic Legends Invitational;1;Qualifying;Sekhmet;149980;Egyptian Myth - Underworld Powers;0;165;0
2025;2025-09-18;Pantheon Lanes;tournament;Mythic Legends Invitational;1;Qualifying;Sekhmet;149980;Egyptian Myth - Underworld Powers;1;162;0
2025;2025-09-18;Pantheon Lanes;tournament;Mythic Legends Invitational;1;Qualifying;Sekhmet;149980;Egyptian Myth - Underworld Powers;2;165;0
2025;2025-09-18;Pantheon Lanes;tournament;Mythic Legends Invitational;1;Qualifying;Sekhmet;149980;Egyptian Myth - Underworld Powers;3;176;0
2025;2025-09-18;Pantheon Lanes;tournament;Mythic Legends Invitational;1;Qualifying;Sekhmet;149980;Egyptian Myth - Underworld Powers;4;175;0
2025;2025-09-18;Pantheon Lanes;tournament;Mythic Legends Invitational;1;Qualifying;Sekhmet;149980;Egyptian Myth - Underworld Powers;5;165;0
2025;2025-09-18;Pantheon Lanes;tournament;Mythic Legends Invitational;1;Qualifying;Sekhmet;149980;Egyptian Myth - Underworld Powers;6;166;0
2025;2025-09-18;Pantheon Lanes;tournament;Mythic Legends Invitational;1;Qualifying;Sekhmet;149980;Egyptian Myth - Underworld Powers;7;156;0
2025;2025-09-18;Pantheon Lanes;tournament;Mythic Legends Invitational;1;Qualifying;Odin;126765;Norse Myth - Aesir;0;201;0
2025;2025-09-18;Pantheon Lanes;tournament;Mythic Legends Invitational;1;Qualifying;Odin;126765;Norse Myth - Aesir;1;213;0
2025;2025-09-18;Pantheon Lanes;tournament;Mythic Legends Invitational;1;Qualifying;Odin;126765;Norse Myth - Aesir;2;213;0
2025;2025-09-18;Pantheon Lanes;tournament;Mythic Legends Invitational;1;Qualifying;Odin;126765;Norse Myth - Aesir;3;218;0
2025;2025-09-18;Pantheon Lanes;tournament;Mythic Legends Invitational;1;Qualifying;Odin;126765;Norse Myth - Aesir;4;209;0
2025;2025-09-18;Pantheon Lanes;tournament;Mythic Legends Invitational;1;Qualifying;Odin;126765;Norse Myth - Aesir;5;216;0
2025;2025-09-18;Pantheon Lanes;tournament;Mythic Legends Invitational;1;Qualifying;Odin;126765;Norse Myth - Aesir;6;240;0
2025;2025-09-18;Pantheon Lanes;tournament;Mythic Legends Invitational;1;Qualifying;Odin;126765;Norse Myth - Aesir;7;216;0
2025;2025-09-18;Pantheon Lanes;tournament;Mythic Legends Invitational;1;Qualifying;Thor;151201;Norse Myth - Aesir;0;214;0
2025;2025-09-18;Pantheon Lanes;tournament;Mythic Legends Invitational;1;Qualifying;Thor;151201;Norse Myth - Aesir;1;212;0
2025;2025-09-18;Pantheon Lanes;tournament;Mythic Legends Invitational;1;Qualifying;Thor;151201;Norse Myth - Aesir;2;207;0
2025;2025-09-18;Pantheon Lanes;tournament;Mythic Legends Invitational;1;Qualifying;Thor;151201;Norse Myth - Aesir;3;173;0
2025;2025-09-18;Pantheon Lanes;tournament;Mythic Legends Invitational;1;Qualifying;Thor;151201;Norse Myth - Aesir;4;171;0
2025;2025-09-18;Pantheon Lanes;tournament;Mythic Legends Invitational;1;Qualifying;Thor;151201;Norse Myth - Aesir;5;218;0
2025;2025-09-18;Pantheon Lanes;tournament;Mythic Legends Invitational;1;Qualifying;Thor;151201;Norse Myth - Aesir;6;196;0
2025;2025-09-18;Pantheon Lanes;tournament;Mythic Legends Invitational;1;Qualifying;Thor;151201;Norse Myth - Aesir;7;208;0
2025;2025-09-18;Pantheon Lanes;tournament;Mythic Legends Invitational;1;Qualifying;Tyr;108350;Norse Myth - Aesir;0;186;0
2025;2025-09-18;Pantheon Lanes;tournament;Mythic Legends Invitational;1;Qualifying;Tyr;108350;Norse Myth - Aesir;1;172;0
2025;2025-09-18;Pantheon Lanes;tournament;Mythic Legends Invitational;1;Qualifying;Tyr;108350;Norse Myth - Aesir;2;170;0
2025;2025-09-18;Pantheon Lanes;tournament;Mythic Legends Invitational;1;Qualifying;Tyr;108350;Norse Myth - Aesir;3;174;0
2025;2025-09-18;Pantheon Lanes;tournament;Mythic Legends Invitational;1;Qualifying;Tyr;108350;Norse Myth - Aesir;4;163;0
2025;2025-09-18;Pantheon Lanes;tournament;Mythic Legends Invitational;1;Qualifying;Tyr;108350;Norse Myth - Aesir;5;166;0
2025;2025-09-18;Pantheon Lanes;tournament;Mythic Legends Invitational;1;Qualifying;Tyr;108350;Norse Myth - Aesir;6;152;0
2025;2025-09-18;Pantheon Lanes;tournament;Mythic Legends Invitational;1;Qualifying;Tyr;108350;Norse Myth - Aesir;7;183;0
2025;2025-09-18;Pantheon Lanes;tournament;Mythic Legends Invitational;1;Qualifying;Frigg;170056;Norse Myth - Aesir;0;167;0
2025;2025-09-18;Pantheon Lanes;tournament;Mythic Legends Invitational;1;Qualifying;Frigg;170056;Norse Myth - Aesir;1;168;0
2025;2025-09-18;Pantheon Lanes;tournament;Mythic Legends Invitational;1;Qualifying;Frigg;170056;Norse Myth - Aesir;2;172;0
2025;2025-09-18;Pantheon Lanes;tournament;Mythic Legends Invitational;1;Qualifying;Frigg;170056;Norse Myth - Aesir;3;165;0
2025;2025-09-18;Pantheon Lanes;tournament;Mythic Legends Invitational;1;Qualifying;Frigg;170056;Norse Myth - Aesir;4;173;0
2025;2025-09-18;Pantheon Lanes;tournament;Mythic Legends Invitational;1;Qualifying;Frigg;170056;Norse Myth - Aesir;5;176;0
2025;2025-09-18;Pantheon Lanes;tournament;Mythic Legends Invitational;1;Qualifying;Frigg;170056;Norse Myth - Aesir;6;183;0
2025;2025-09-18;Pantheon Lanes;tournament;Mythic Legends Invitational;1;Qualifying;Frigg;170056;Norse Myth - Aesir;7;176;0
2025;2025-09-18;Pantheon Lanes;tournament;Mythic Legends Invitational;1;Qualifying;Loki;150650;Norse Myth - Giants & Tricksters;0;208;0
2025;2025-09-18;Pantheon Lanes;tournament;Mythic Legends Invitational;1;Qualifying;Loki;150650;Norse Myth - Giants & Tricksters;1;206;0
2025;2025-09-18;Pantheon Lanes;tournament;Mythic Legends Invitational;1;Qualifying;Loki;150650;Norse Myth - Giants & Tricksters;2;222;0
2025;2025-09-18;Pantheon Lanes;tournament;Mythic Legends Invitational;1;Qualifying;Loki;150650;Norse Myth - Giants & Tricksters;3;195;0
2025;2025-09-18;Pantheon Lanes;tournament;Mythic Legends Invitational;1;Qualifying;Loki;150650;Norse Myth - Giants & Tricksters;4;188;0
2025;2025-09-18;Pantheon Lanes;tournament;Mythic Legends Invitational;1;Qualifying;Loki;150650;Norse Myth - Giants & Tricksters;5;217;0
2025;2025-09-18;Pantheon Lanes;tournament;Mythic Legends Invitational;1;Qualifying;Loki;150650;Norse Myth - Giants & Tricksters;6;210;0
2025;2025-09-18;Pantheon Lanes;tournament;Mythic Legends Invitational;1;Qualifying;Loki;150650;Norse Myth - Giants & Tricksters;7;218;0
2025;2025-09-18;Pantheon Lanes;tournament;Mythic Legends Invitational;1;Qualifying;Hel;124685;Norse Myth - Giants & Tricksters;0;200;0
2025;2025-09-18;Pantheon Lanes;tournament;Mythic Legends Invitational;1;Qualifying;Hel;124685;Norse Myth - Giants & Tricksters;1;183;0
2025;2025-09-18;Pantheon Lanes;tournament;Mythic Legends Invitational;1;Qualifying;Hel;124685;Norse Myth - Giants & Tricksters;2;204;0
2025;2025-09-18;Pantheon Lanes;tournament;Mythic Legends Invitational;1;Qualifying;Hel;124685;Norse Myth - Giants & Tricksters;3;200;0
2025;2025-09-18;Pantheon Lanes;tournament;Mythic Legends Invitational;1;Qualifying;Hel;124685;Norse Myth - Giants & Tricksters;4;205;0
2025;2025-09-18;Pantheon Lanes;tournament;Mythic Legends Invitational;1;Qualifying;Hel;124685;Norse Myth - Giants & Tricksters;5;196;0
2025;2025-09-18;Pantheon Lanes;tournament;Mythic Legends Invitational;1;Qualifying;Hel;124685;Norse Myth - Giants & Tricksters;6;204;0
2025;2025-09-18;Pantheon Lanes;tournament;Mythic Legends Invitational;1;Qualifying;Hel;124685;Norse Myth - Giants & Tricksters;7;205;0
2025;2025-09-18;Pantheon Lanes;tournament;Mythic Legends Invitational;1;Qualifying;Fenrir;162230;Norse Myth - Giants & Tricksters;0;188;0
2025;2025-09-18;Pantheon Lanes;tournament;Mythic Legends Invitational;1;Qualifying;Fenrir;162230;Norse Myth - Giants & Tricksters;1;185;0
2025;2025-09-18;Pantheon Lanes;tournament;Mythic Legends Invitational;1;Qualifying;Fenrir;162230;Norse Myth - Giants & Tricksters;2;202;0
2025;2025-09-18;Pantheon Lanes;tournament;Mythic Legends Invitational;1;Qualifying;Fenrir;162230;Norse Myth - Giants & Tricksters;3;196;0
2025;2025-09-18;Pantheon Lanes;tournament;Mythic Legends Invitational;1;Qualifying;Fenrir;162230;Norse Myth - Giants & Tricksters;4;222;0
2025;2025-09-18;Pantheon Lanes;tournament;Mythic Legends Invitational;1;Qualifying;Fenrir;162230;Norse Myth - Giants & Tricksters;5;204;0
2025;2025-09-18;Pantheon Lanes;tournament;Mythic Legends Invitational;1;Qualifying;Fenrir;162230;Norse Myth - Giants & Tricksters;6;183;0
2025;2025-09-18;Pantheon Lanes;tournament;Mythic Legends Invitational;1;Qualifying;Fenrir;162230;Norse Myth - Giants & Tricksters;7;212;0
2025;2025-09-18;Pantheon Lanes;tournament;Mythic Legends Invitational;1;Qualifying;Jormungandr;114239;Norse Myth - Giants & Tricksters;0;167;0
2025;2025-09-18;Pantheon Lanes;tournament;Mythic Legends Invitational;1;Qualifying;Jormungandr;114239;Norse Myth - Giants & Tricksters;1;179;0
2025;2025-09-18;Pantheon Lanes;tournament;Mythic Legends Invitational;1;Qualifying;Jormungandr;114239;Norse Myth - Giants & Tricksters;2;162;0
2025;2025-09-18;Pantheon Lanes;tournament;Mythic Legends Invitational;1;Qualifying;Jormungandr;114239;Norse Myth - Giants & Tricksters;3;183;0
2025;2025-09-18;Pantheon Lanes;tournament;Mythic Legends Invitational;1;Qualifying;Jormungandr;114239;Norse Myth - Giants & Tricksters;4;168;0
2025;2025-09-18;Pantheon Lanes;tournament;Mythic Legends Invitational;1;Qualifying;Jormungandr;114239;Norse Myth - Giants & Tricksters;5;173;0
2025;2025-09-18;Pantheon Lanes;tournament;Mythic Legends Invitational;1;Qualifying;Jormungandr;114239;Norse Myth - Giants & Tricksters;6;130;0
2025;2025-09-18;Pantheon Lanes;tournament;Mythic Legends Invitational;1;Qualifying;Jormungandr;114239;Norse Myth - Giants & Tricksters;7;170;0
2025;2025-09-18;Pantheon Lanes;tournament;Mythic Legends Invitational;1;Qualifying;The Dagda;143101;Celtic Myth - Tuatha De Danann;0;221;0
2025;2025-09-18;Pantheon Lanes;tournament;Mythic Legends Invitational;1;Qualifying;The Dagda;143101;Celtic Myth - Tuatha De Danann;1;211;0
2025;2025-09-18;Pantheon Lanes;tournament;Mythic Legends Invitational;1;Qualifying;The Dagda;143101;Celtic Myth - Tuatha De Danann;2;204;0
2025;2025-09-18;Pantheon Lanes;tournament;Mythic Legends Invitational;1;Qualifying;The Dagda;143101;Celtic Myth - Tuatha De Danann;3;216;0
2025;2025-09-18;Pantheon Lanes;tournament;Mythic Legends Invitational;1;Qualifying;The Dagda;143101;Celtic Myth - Tuatha De Danann;4;227;0
2025;2025-09-18;Pantheon Lanes;tournament;Mythic Legends Invitational;1;Qualifying;The Dagda;143101;Celtic Myth - Tuatha De Danann;5;203;0
2025;2025-09-18;Pantheon Lanes;tournament;Mythic Legends Invitational;1;Qualifying;The Dagda;143101;Celtic Myth - Tuatha De Danann;6;223;0
2025;2025-09-18;Pantheon Lanes;tournament;Mythic Legends Invitational;1;Qualifying;The Dagda;143101;Celtic Myth - Tuatha De Danann;7;211;0
2025;2025-09-18;Pantheon Lanes;tournament;Mythic Legends Invitational;1;Qualifying;Lugh;174647;Celtic Myth - Tuatha De Danann;0;205;0
2025;2025-09-18;Pantheon Lanes;tournament;Mythic Legends Invitational;1;Qualifying;Lugh;174647;Celtic Myth - Tuatha De Danann;1;189;0
2025;2025-09-18;Pantheon Lanes;tournament;Mythic Legends Invitational;1;Qualifying;Lugh;174647;Celtic Myth - Tuatha De Danann;2;198;0
2025;2025-09-18;Pantheon Lanes;tournament;Mythic Legends Invitational;1;Qualifying;Lugh;174647;Celtic Myth - Tuatha De Danann;3;193;0
2025;2025-09-18;Pantheon Lanes;tournament;Mythic Legends Invitational;1;Qualifying;Lugh;174647;Celtic Myth - Tuatha De Danann;4;194;0
2025;2025-09-18;Pantheon Lanes;tournament;Mythic Legends Invitational;1;Qualifying;Lugh;174647;Celtic Myth - Tuatha De Danann;5;210;0
2025;2025-09-18;Pantheon Lanes;tournament;Mythic Legends Invitational;1;Qualifying;Lugh;174647;Celtic Myth - Tuatha De Danann;6;194;0
2025;2025-09-18;Pantheon Lanes;tournament;Mythic Legends Invitational;1;Qualifying;Lugh;174647;Celtic Myth - Tuatha De Danann;7;218;0
2025;2025-09-18;Pantheon Lanes;tournament;Mythic Legends Invitational;1;Qualifying;Brigid;159183;Celtic Myth - Tuatha De Danann;0;157;0
2025;2025-09-18;Pantheon Lanes;tournament;Mythic Legends Invitational;1;Qualifying;Brigid;159183;Celtic Myth - Tuatha De Danann;1;175;0
2025;2025-09-18;Pantheon Lanes;tournament;Mythic Legends Invitational;1;Qualifying;Brigid;159183;Celtic Myth - Tuatha De Danann;2;184;0
2025;2025-09-18;Pantheon Lanes;tournament;Mythic Legends Invitational;1;Qualifying;Brigid;159183;Celtic Myth - Tuatha De Danann;3;179;0
2025;2025-09-18;Pantheon Lanes;tournament;Mythic Legends Invitational;1;Qualifying;Brigid;159183;Celtic Myth - Tuatha De Danann;4;174;0
2025;2025-09-18;Pantheon Lanes;tournament;Mythic Legends Invitational;1;Qualifying;Brigid;159183;Celtic Myth - Tuatha De Danann;5;172;0
2025;2025-09-18;Pantheon Lanes;tournament;Mythic Legends Invitational;1;Qualifying;Brigid;159183;Celtic Myth - Tuatha De Danann;6;175;0
2025;2025-09-18;Pantheon Lanes;tournament;Mythic Legends Invitational;1;Qualifying;Brigid;159183;Celtic Myth - Tuatha De Danann;7;195;0
2025;2025-09-18;Pantheon Lanes;tournament;Mythic Legends Invitational;1;Qualifying;Nuada;183755;Celtic Myth - Tuatha De Danann;0;171;0
2025;2025-09-18;Pantheon Lanes;tournament;Mythic Legends Invitational;1;Qualifying;Nuada;183755;Celtic Myth - Tuatha De Danann;1;171;0
2025;2025-09-18;Pantheon Lanes;tournament;Mythic Legends Invitational;1;Qualifying;Nuada;183755;Celtic Myth - Tuatha De Danann;2;165;0
2025;2025-09-18;Pantheon Lanes;tournament;Mythic Legends Invitational;1;Qualifying;Nuada;183755;Celtic Myth - Tuatha De Danann;3;168;0
2025;2025-09-18;Pantheon Lanes;tournament;Mythic Legends Invitational;1;Qualifying;Nuada;183755;Celtic Myth - Tuatha De Danann;4;174;0
2025;2025-09-18;Pantheon Lanes;tournament;Mythic Legends Invitational;1;Qualifying;Nuada;183755;Celtic Myth - Tuatha De Danann;5;180;0
2025;2025-09-18;Pantheon Lanes;tournament;Mythic Legends Invitational;1;Qualifying;Nuada;183755;Celtic Myth - Tuatha De Danann;6;169;0
2025;2025-09-18;Pantheon Lanes;tournament;Mythic Legends Invitational;1;Qualifying;Nuada;183755;Celtic Myth - Tuatha De Danann;7;179;0
2025;2025-09-18;Pantheon Lanes;tournament;Mythic Legends Invitational;1;Qualifying;Balor;139930;Celtic Myth - Fomorians;0;204;0
2025;2025-09-18;Pantheon Lanes;tournament;Mythic Legends Invitational;1;Qualifying;Balor;139930;Celtic Myth - Fomorians;1;235;0
2025;2025-09-18;Pantheon Lanes;tournament;Mythic Legends Invitational;1;Qualifying;Balor;139930;Celtic Myth - Fomorians;2;218;0
2025;2025-09-18;Pantheon Lanes;tournament;Mythic Legends Invitational;1;Qualifying;Balor;139930;Celtic Myth - Fomorians;3;221;0
2025;2025-09-18;Pantheon Lanes;tournament;Mythic Legends Invitational;1;Qualifying;Balor;139930;Celtic Myth - Fomorians;4;203;0
2025;2025-09-18;Pantheon Lanes;tournament;Mythic Legends Invitational;1;Qualifying;Balor;139930;Celtic Myth - Fomorians;5;228;0
2025;2025-09-18;Pantheon Lanes;tournament;Mythic Legends Invitational;1;Qualifying;Balor;139930;Celtic Myth - Fomorians;6;228;0
2025;2025-09-18;Pantheon Lanes;tournament;Mythic Legends Invitational;1;Qualifying;Balor;139930;Celtic Myth - Fomorians;7;242;0
2025;2025-09-18;Pantheon Lanes;tournament;Mythic Legends Invitational;1;Qualifying;Bres;112221;Celtic Myth - Fomorians;0;203;0
2025;2025-09-18;Pantheon Lanes;tournament;Mythic Legends Invitational;1;Qualifying;Bres;112221;Celtic Myth - Fomorians;1;200;0
2025;2025-09-18;Pantheon Lanes;tournament;Mythic Legends Invitational;1;Qualifying;Bres;112221;Celtic Myth - Fomorians;2;194;0
2025;2025-09-18;Pantheon Lanes;tournament;Mythic Legends Invitational;1;Qualifying;Bres;112221;Celtic Myth - Fomorians;3;198;0
2025;2025-09-18;Pantheon Lanes;tournament;Mythic Legends Invitational;1;Qualifying;Bres;112221;Celtic Myth - Fomorians;4;199;0
2025;2025-09-18;Pantheon Lanes;tournament;Mythic Legends Invitational;1;Qualifying;Bres;112221;Celtic Myth - Fomorians;5;207;0
2025;2025-09-18;Pantheon Lanes;tournament;Mythic Legends Invitational;1;Qualifying;Bres;112221;Celtic Myth - Fomorians;6;196;0
2025;2025-09-18;Pantheon Lanes;tournament;Mythic Legends Invitational;1;Qualifying;Bres;112221;Celtic Myth - Fomorians;7;199;0
2025;2025-09-18;Pantheon Lanes;tournament;Mythic Legends Invitational;1;Qualifying;Elatha;122468;Celtic Myth - Fomorians;0;166;0
2025;2025-09-18;Pantheon Lanes;tournament;Mythic Legends Invitational;1;Qualifying;Elatha;122468;Celtic Myth - Fomorians;1;162;0
2025;2025-09-18;Pantheon Lanes;tournament;Mythic Legends Invitational;1;Qualifying;Elatha;122468;Celtic Myth - Fomorians;2;170;0
2025;2025-09-18;Pantheon Lanes;tournament;Mythic Legends Invitational;1;Qualifying;Elatha;122468;Celtic Myth - Fomorians;3;179;0
2025;2025-09-18;Pantheon Lanes;tournament;Mythic Legends Invitational;1;Qualifying;Elatha;122468;Celtic Myth - Fomorians;4;171;0
2025;2025-09-18;Pantheon Lanes;tournament;Mythic Legends Invitational;1;Qualifying;Elatha;122468;Celtic Myth - Fomorians;5;188;0
2025;2025-09-18;Pantheon Lanes;tournament;Mythic Legends Invitational;1;Qualifying;Elatha;122468;Celtic Myth - Fomorians;6;197;0
2025;2025-09-18;Pantheon Lanes;tournament;Mythic Legends Invitational;1;Qualifying;Elatha;122468;Celtic Myth - Fomorians;7;177;0
2025;2025-09-18;Pantheon Lanes;tournament;Mythic Legends Invitational;1;Qualifying;Tethra;113672;Celtic Myth - Fomorians;0;155;0
2025;2025-09-18;Pantheon Lanes;tournament;Mythic Legends Invitational;1;Qualifying;Tethra;113672;Celtic Myth - Fomorians;1;179;0
2025;2025-09-18;Pantheon Lanes;tournament;Mythic Legends Invitational;1;Qualifying;Tethra;113672;Celtic Myth - Fomorians;2;160;0
2025;2025-09-18;Pantheon Lanes;tournament;Mythic Legends Invitational;1;Qualifying;Tethra;113672;Celtic Myth - Fomorians;3;164;0
2025;2025-09-18;Pantheon Lanes;tournament;Mythic Legends Invitational;1;Qualifying;Tethra;113672;Celtic Myth - Fomorians;4;161;0
2025;2025-09-18;Pantheon Lanes;tournament;Mythic Legends Invitational;1;Qualifying;Tethra;113672;Celtic Myth - Fomorians;5;165;0
2025;2025-09-18;Pantheon Lanes;tournament;Mythic Legends Invitational;1;Qualifying;Tethra;113672;Celtic Myth - Fomorians;6;159;0
2025;2025-09-18;Pantheon Lanes;tournament;Mythic Legends Invitational;1;Qualifying;Tethra;113672;Celtic Myth - Fomorians;7;173;0
2025;2025-09-18;Pantheon Lanes;tournament;Mythic Legends Invitational;1;Qualifying;Marduk;188458;Mesopotamian Myth - Sky Kings;0;218;0
2025;2025-09-18;Pantheon Lanes;tournament;Mythic Legends Invitational;1;Qualifying;Marduk;188458;Mesopotamian Myth - Sky Kings;1;206;0
2025;2025-09-18;Pantheon Lanes;tournament;Mythic Legends Invitational;1;Qualifying;Marduk;188458;Mesopotamian Myth - Sky Kings;2;210;0
2025;2025-09-18;Pantheon Lanes;tournament;Mythic Legends Invitational;1;Qualifying;Marduk;188458;Mesopotamian Myth - Sky Kings;3;179;0
2025;2025-09-18;Pantheon Lanes;tournament;Mythic Legends Invitational;1;Qualifying;Marduk;188458;Mesopotamian Myth - Sky Kings;4;213;0
2025;2025-09-18;Pantheon Lanes;tournament;Mythic Legends Invitational;1;Qualifying;Marduk;188458;Mesopotamian Myth - Sky Kings;5;208;0
2025;2025-09-18;Pantheon Lanes;tournament;Mythic Legends Invitational;1;Qualifying;Marduk;188458;Mesopotamian Myth - Sky Kings;6;204;0
2025;2025-09-18;Pantheon Lanes;tournament;Mythic Legends Invitational;1;Qualifying;Marduk;188458;Mesopotamian Myth - Sky Kings;7;195;0
2025;2025-09-18;Pantheon Lanes;tournament;Mythic Legends Invitational;1;Qualifying;Ishtar;172470;Mesopotamian Myth - Sky Kings;0;199;0
2025;2025-09-18;Pantheon Lanes;tournament;Mythic Legends Invitational;1;Qualifying;Ishtar;172470;Mesopotamian Myth - Sky Kings;1;178;0
2025;2025-09-18;Pantheon Lanes;tournament;Mythic Legends Invitational;1;Qualifying;Ishtar;172470;Mesopotamian Myth - Sky Kings;2;203;0
2025;2025-09-18;Pantheon Lanes;tournament;Mythic Legends Invitational;1;Qualifying;Ishtar;172470;Mesopotamian Myth - Sky Kings;3;236;0
2025;2025-09-18;Pantheon Lanes;tournament;Mythic Legends Invitational;1;Qualifying;Ishtar;172470;Mesopotamian Myth - Sky Kings;4;200;0
2025;2025-09-18;Pantheon Lanes;tournament;Mythic Legends Invitational;1;Qualifying;Ishtar;172470;Mesopotamian Myth - Sky Kings;5;171;0
2025;2025-09-18;Pantheon Lanes;tournament;Mythic Legends Invitational;1;Qualifying;Ishtar;172470;Mesopotamian Myth - Sky Kings;6;222;0
2025;2025-09-18;Pantheon Lanes;tournament;Mythic Legends Invitational;1;Qualifying;Ishtar;172470;Mesopotamian Myth - Sky Kings;7;200;0
2025;2025-09-18;Pantheon Lanes;tournament;Mythic Legends Invitational;1;Qualifying;Shamash;123283;Mesopotamian Myth - Sky Kings;0;185;0
2025;2025-09-18;Pantheon Lanes;tournament;Mythic Legends Invitational;1;Qualifying;Shamash;123283;Mesopotamian Myth - Sky Kings;1;177;0
2025;2025-09-18;Pantheon Lanes;tournament;Mythic Legends Invitational;1;Qualifying;Shamash;123283;Mesopotamian Myth - Sky Kings;2;187;0
2025;2025-09-18;Pantheon Lanes;tournament;Mythic Legends Invitational;1;Qualifying;Shamash;123283;Mesopotamian Myth - Sky Kings;3;198;0
2025;2025-09-18;Pantheon Lanes;tournament;Mythic Legends Invitational;1;Qualifying;Shamash;123283;Mesopotamian Myth - Sky Kings;4;184;0
2025;2025-09-18;Pantheon Lanes;tournament;Mythic Legends Invitational;1;Qualifying;Shamash;123283;Mesopotamian Myth - Sky Kings;5;166;0
2025;2025-09-18;Pantheon Lanes;tournament;Mythic Legends Invitational;1;Qualifying;Shamash;123283;Mesopotamian Myth - Sky Kings;6;201;0
2025;2025-09-18;Pantheon Lanes;tournament;Mythic Legends Invitational;1;Qualifying;Shamash;123283;Mesopotamian Myth - Sky Kings;7;204;0
2025;2025-09-18;Pantheon Lanes;tournament;Mythic Legends Invitational;1;Qualifying;Nanna;104202;Mesopotamian Myth - Sky Kings;0;193;0
2025;2025-09-18;Pantheon Lanes;tournament;Mythic Legends Invitational;1;Qualifying;Nanna;104202;Mesopotamian Myth - Sky Kings;1;181;0
2025;2025-09-18;Pantheon Lanes;tournament;Mythic Legends Invitational;1;Qualifying;Nanna;104202;Mesopotamian Myth - Sky Kings;2;179;0
2025;2025-09-18;Pantheon Lanes;tournament;Mythic Legends Invitational;1;Qualifying;Nanna;104202;Mesopotamian Myth - Sky Kings;3;191;0
2025;2025-09-18;Pantheon Lanes;tournament;Mythic Legends Invitational;1;Qualifying;Nanna;104202;Mesopotamian Myth - Sky Kings;4;177;0
2025;2025-09-18;Pantheon Lanes;tournament;Mythic Legends Invitational;1;Qualifying;Nanna;104202;Mesopotamian Myth - Sky Kings;5;186;0
2025;2025-09-18;Pantheon Lanes;tournament;Mythic Legends Invitational;1;Qualifying;Nanna;104202;Mesopotamian Myth - Sky Kings;6;192;0
2025;2025-09-18;Pantheon Lanes;tournament;Mythic Legends Invitational;1;Qualifying;Nanna;104202;Mesopotamian Myth - Sky Kings;7;193;0
2025;2025-09-18;Pantheon Lanes;tournament;Mythic Legends Invitational;1;Qualifying;Tiamat;190311;Mesopotamian Myth - Chaos Ancients;0;207;0
2025;2025-09-18;Pantheon Lanes;tournament;Mythic Legends Invitational;1;Qualifying;Tiamat;190311;Mesopotamian Myth - Chaos Ancients;1;217;0
2025;2025-09-18;Pantheon Lanes;tournament;Mythic Legends Invitational;1;Qualifying;Tiamat;190311;Mesopotamian Myth - Chaos Ancients;2;209;0
2025;2025-09-18;Pantheon Lanes;tournament;Mythic Legends Invitational;1;Qualifying;Tiamat;190311;Mesopotamian Myth - Chaos Ancients;3;218;0
2025;2025-09-18;Pantheon Lanes;tournament;Mythic Legends Invitational;1;Qualifying;Tiamat;190311;Mesopotamian Myth - Chaos Ancients;4;222;0
2025;2025-09-18;Pantheon Lanes;tournament;Mythic Legends Invitational;1;Qualifying;Tiamat;190311;Mesopotamian Myth - Chaos Ancients;5;211;0
2025;2025-09-18;Pantheon Lanes;tournament;Mythic Legends Invitational;1;Qualifying;Tiamat;190311;Mesopotamian Myth - Chaos Ancients;6;216;0
2025;2025-09-18;Pantheon Lanes;tournament;Mythic Legends Invitational;1;Qualifying;Tiamat;190311;Mesopotamian Myth - Chaos Ancients;7;222;0
2025;2025-09-18;Pantheon Lanes;tournament;Mythic Legends Invitational;1;Qualifying;Kingu;179084;Mesopotamian Myth - Chaos Ancients;0;211;0
2025;2025-09-18;Pantheon Lanes;tournament;Mythic Legends Invitational;1;Qualifying;Kingu;179084;Mesopotamian Myth - Chaos Ancients;1;193;0
2025;2025-09-18;Pantheon Lanes;tournament;Mythic Legends Invitational;1;Qualifying;Kingu;179084;Mesopotamian Myth - Chaos Ancients;2;191;0
2025;2025-09-18;Pantheon Lanes;tournament;Mythic Legends Invitational;1;Qualifying;Kingu;179084;Mesopotamian Myth - Chaos Ancients;3;204;0
2025;2025-09-18;Pantheon Lanes;tournament;Mythic Legends Invitational;1;Qualifying;Kingu;179084;Mesopotamian Myth - Chaos Ancients;4;187;0
2025;2025-09-18;Pantheon Lanes;tournament;Mythic Legends Invitational;1;Qualifying;Kingu;179084;Mesopotamian Myth - Chaos Ancients;5;198;0
2025;2025-09-18;Pantheon Lanes;tournament;Mythic Legends Invitational;1;Qualifying;Kingu;179084;Mesopotamian Myth - Chaos Ancients;6;204;0
2025;2025-09-18;Pantheon Lanes;tournament;Mythic Legends Invitational;1;Qualifying;Kingu;179084;Mesopotamian Myth - Chaos Ancients;7;199;0
2025;2025-09-18;Pantheon Lanes;tournament;Mythic Legends Invitational;1;Qualifying;Nergal;164043;Mesopotamian Myth - Chaos Ancients;0;186;0
2025;2025-09-18;Pantheon Lanes;tournament;Mythic Legends Invitational;1;Qualifying;Nergal;164043;Mesopotamian Myth - Chaos Ancients;1;175;0
2025;2025-09-18;Pantheon Lanes;tournament;Mythic Legends Invitational;1;Qualifying;Nergal;164043;Mesopotamian Myth - Chaos Ancients;2;179;0
2025;2025-09-18;Pantheon Lanes;tournament;Mythic Legends Invitational;1;Qualifying;Nergal;164043;Mesopotamian Myth - Chaos Ancients;3;191;0
2025;2025-09-18;Pantheon Lanes;tournament;Mythic Legends Invitational;1;Qualifying;Nergal;164043;Mesopotamian Myth - Chaos Ancients;4;185;0
2025;2025-09-18;Pantheon Lanes;tournament;Mythic Legends Invitational;1;Qualifying;Nergal;164043;Mesopotamian Myth - Chaos Ancients;5;184;0
2025;2025-09-18;Pantheon Lanes;tournament;Mythic Legends Invitational;1;Qualifying;Nergal;164043;Mesopotamian Myth - Chaos Ancients;6;189;0
2025;2025-09-18;Pantheon Lanes;tournament;Mythic Legends Invitational;1;Qualifying;Nergal;164043;Mesopotamian Myth - Chaos Ancients;7;188;0
2025;2025-09-18;Pantheon Lanes;tournament;Mythic Legends Invitational;1;Qualifying;Ereshkigal;103517;Mesopotamian Myth - Chaos Ancients;0;201;0
2025;2025-09-18;Pantheon Lanes;tournament;Mythic Legends Invitational;1;Qualifying;Ereshkigal;103517;Mesopotamian Myth - Chaos Ancients;1;160;0
2025;2025-09-18;Pantheon Lanes;tournament;Mythic Legends Invitational;1;Qualifying;Ereshkigal;103517;Mesopotamian Myth - Chaos Ancients;2;168;0
2025;2025-09-18;Pantheon Lanes;tournament;Mythic Legends Invitational;1;Qualifying;Ereshkigal;103517;Mesopotamian Myth - Chaos Ancients;3;190;0
2025;2025-09-18;Pantheon Lanes;tournament;Mythic Legends Invitational;1;Qualifying;Ereshkigal;103517;Mesopotamian Myth - Chaos Ancients;4;188;0
2025;2025-09-18;Pantheon Lanes;tournament;Mythic Legends Invitational;1;Qualifying;Ereshkigal;103517;Mesopotamian Myth - Chaos Ancients;5;145;0
2025;2025-09-18;Pantheon Lanes;tournament;Mythic Legends Invitational;1;Qualifying;Ereshkigal;103517;Mesopotamian Myth - Chaos Ancients;6;171;0
2025;2025-09-18;Pantheon Lanes;tournament;Mythic Legends Invitational;1;Qualifying;Ereshkigal;103517;Mesopotamian Myth - Chaos Ancients;7;216;0
2025;2025-09-18;Pantheon Lanes;tournament;Mythic Legends Invitational;1;Qualifying;Indra;124470;Hindu Myth - Devas;0;219;0
2025;2025-09-18;Pantheon Lanes;tournament;Mythic Legends Invitational;1;Qualifying;Indra;124470;Hindu Myth - Devas;1;232;0
2025;2025-09-18;Pantheon Lanes;tournament;Mythic Legends Invitational;1;Qualifying;Indra;124470;Hindu Myth - Devas;2;250;0
2025;2025-09-18;Pantheon Lanes;tournament;Mythic Legends Invitational;1;Qualifying;Indra;124470;Hindu Myth - Devas;3;223;0
2025;2025-09-18;Pantheon Lanes;tournament;Mythic Legends Invitational;1;Qualifying;Indra;124470;Hindu Myth - Devas;4;221;0
2025;2025-09-18;Pantheon Lanes;tournament;Mythic Legends Invitational;1;Qualifying;Indra;124470;Hindu Myth - Devas;5;238;0
2025;2025-09-18;Pantheon Lanes;tournament;Mythic Legends Invitational;1;Qualifying;Indra;124470;Hindu Myth - Devas;6;191;0
2025;2025-09-18;Pantheon Lanes;tournament;Mythic Legends Invitational;1;Qualifying;Indra;124470;Hindu Myth - Devas;7;195;0
2025;2025-09-18;Pantheon Lanes;tournament;Mythic Legends Invitational;1;Qualifying;Vishnu;126083;Hindu Myth - Devas;0;184;0
2025;2025-09-18;Pantheon Lanes;tournament;Mythic Legends Invitational;1;Qualifying;Vishnu;126083;Hindu Myth - Devas;1;192;0
2025;2025-09-18;Pantheon Lanes;tournament;Mythic Legends Invitational;1;Qualifying;Vishnu;126083;Hindu Myth - Devas;2;169;0
2025;2025-09-18;Pantheon Lanes;tournament;Mythic Legends Invitational;1;Qualifying;Vishnu;126083;Hindu Myth - Devas;3;190;0
2025;2025-09-18;Pantheon Lanes;tournament;Mythic Legends Invitational;1;Qualifying;Vishnu;126083;Hindu Myth - Devas;4;209;0
2025;2025-09-18;Pantheon Lanes;tournament;Mythic Legends Invitational;1;Qualifying;Vishnu;126083;Hindu Myth - Devas;5;185;0
2025;2025-09-18;Pantheon Lanes;tournament;Mythic Legends Invitational;1;Qualifying;Vishnu;126083;Hindu Myth - Devas;6;221;0
2025;2025-09-18;Pantheon Lanes;tournament;Mythic Legends Invitational;1;Qualifying;Vishnu;126083;Hindu Myth - Devas;7;167;0
2025;2025-09-18;Pantheon Lanes;tournament;Mythic Legends Invitational;1;Qualifying;Shiva;109108;Hindu Myth - Devas;0;201;0
2025;2025-09-18;Pantheon Lanes;tournament;Mythic Legends Invitational;1;Qualifying;Shiva;109108;Hindu Myth - Devas;1;182;0
2025;2025-09-18;Pantheon Lanes;tournament;Mythic Legends Invitational;1;Qualifying;Shiva;109108;Hindu Myth - Devas;2;194;0
2025;2025-09-18;Pantheon Lanes;tournament;Mythic Legends Invitational;1;Qualifying;Shiva;109108;Hindu Myth - Devas;3;198;0
2025;2025-09-18;Pantheon Lanes;tournament;Mythic Legends Invitational;1;Qualifying;Shiva;109108;Hindu Myth - Devas;4;174;0
2025;2025-09-18;Pantheon Lanes;tournament;Mythic Legends Invitational;1;Qualifying;Shiva;109108;Hindu Myth - Devas;5;207;0
2025;2025-09-18;Pantheon Lanes;tournament;Mythic Legends Invitational;1;Qualifying;Shiva;109108;Hindu Myth - Devas;6;210;0
2025;2025-09-18;Pantheon Lanes;tournament;Mythic Legends Invitational;1;Qualifying;Shiva;109108;Hindu Myth - Devas;7;173;0
2025;2025-09-18;Pantheon Lanes;tournament;Mythic Legends Invitational;1;Qualifying;Durga;150579;Hindu Myth - Devas;0;161;0
2025;2025-09-18;Pantheon Lanes;tournament;Mythic Legends Invitational;1;Qualifying;Durga;150579;Hindu Myth - Devas;1;162;0
2025;2025-09-18;Pantheon Lanes;tournament;Mythic Legends Invitational;1;Qualifying;Durga;150579;Hindu Myth - Devas;2;160;0
2025;2025-09-18;Pantheon Lanes;tournament;Mythic Legends Invitational;1;Qualifying;Durga;150579;Hindu Myth - Devas;3;180;0
2025;2025-09-18;Pantheon Lanes;tournament;Mythic Legends Invitational;1;Qualifying;Durga;150579;Hindu Myth - Devas;4;155;0
2025;2025-09-18;Pantheon Lanes;tournament;Mythic Legends Invitational;1;Qualifying;Durga;150579;Hindu Myth - Devas;5;165;0
2025;2025-09-18;Pantheon Lanes;tournament;Mythic Legends Invitational;1;Qualifying;Durga;150579;Hindu Myth - Devas;6;190;0
2025;2025-09-18;Pantheon Lanes;tournament;Mythic Legends Invitational;1;Qualifying;Durga;150579;Hindu Myth - Devas;7;149;0
2025;2025-09-18;Pantheon Lanes;tournament;Mythic Legends Invitational;1;Qualifying;Mahishasura;137200;Hindu Myth - Asuras;0;213;0
2025;2025-09-18;Pantheon Lanes;tournament;Mythic Legends Invitational;1;Qualifying;Mahishasura;137200;Hindu Myth - Asuras;1;185;0
2025;2025-09-18;Pantheon Lanes;tournament;Mythic Legends Invitational;1;Qualifying;Mahishasura;137200;Hindu Myth - Asuras;2;221;0
2025;2025-09-18;Pantheon Lanes;tournament;Mythic Legends Invitational;1;Qualifying;Mahishasura;137200;Hindu Myth - Asuras;3;198;0
2025;2025-09-18;Pantheon Lanes;tournament;Mythic Legends Invitational;1;Qualifying;Mahishasura;137200;Hindu Myth - Asuras;4;195;0
2025;2025-09-18;Pantheon Lanes;tournament;Mythic Legends Invitational;1;Qualifying;Mahishasura;137200;Hindu Myth - Asuras;5;200;0
2025;2025-09-18;Pantheon Lanes;tournament;Mythic Legends Invitational;1;Qualifying;Mahishasura;137200;Hindu Myth - Asuras;6;228;0
2025;2025-09-18;Pantheon Lanes;tournament;Mythic Legends Invitational;1;Qualifying;Mahishasura;137200;Hindu Myth - Asuras;7;194;0
2025;2025-09-18;Pantheon Lanes;tournament;Mythic Legends Invitational;1;Qualifying;Ravana;126986;Hindu Myth - Asuras;0;177;0
2025;2025-09-18;Pantheon Lanes;tournament;Mythic Legends Invitational;1;Qualifying;Ravana;126986;Hindu Myth - Asuras;1;212;0
2025;2025-09-18;Pantheon Lanes;tournament;Mythic Legends Invitational;1;Qualifying;Ravana;126986;Hindu Myth - Asuras;2;223;0
2025;2025-09-18;Pantheon Lanes;tournament;Mythic Legends Invitational;1;Qualifying;Ravana;126986;Hindu Myth - Asuras;3;245;0
2025;2025-09-18;Pantheon Lanes;tournament;Mythic Legends Invitational;1;Qualifying;Ravana;126986;Hindu Myth - Asuras;4;196;0
2025;2025-09-18;Pantheon Lanes;tournament;Mythic Legends Invitational;1;Qualifying;Ravana;126986;Hindu Myth - Asuras;5;203;0
2025;2025-09-18;Pantheon Lanes;tournament;Mythic Legends Invitational;1;Qualifying;Ravana;126986;Hindu Myth - Asuras;6;203;0
2025;2025-09-18;Pantheon Lanes;tournament;Mythic Legends Invitational;1;Qualifying;Ravana;126986;Hindu Myth - Asuras;7;202;0
2025;2025-09-18;Pantheon Lanes;tournament;Mythic Legends Invitational;1;Qualifying;Hiranyakashipu;130544;Hindu Myth - Asuras;0;212;0
2025;2025-09-18;Pantheon Lanes;tournament;Mythic Legends Invitational;1;Qualifying;Hiranyakashipu;130544;Hindu Myth - Asuras;1;189;0
2025;2025-09-18;Pantheon Lanes;tournament;Mythic Legends Invitational;1;Qualifying;Hiranyakashipu;130544;Hindu Myth - Asuras;2;186;0
2025;2025-09-18;Pantheon Lanes;tournament;Mythic Legends Invitational;1;Qualifying;Hiranyakashipu;130544;Hindu Myth - Asuras;3;195;0
2025;2025-09-18;Pantheon Lanes;tournament;Mythic Legends Invitational;1;Qualifying;Hiranyakashipu;130544;Hindu Myth - Asuras;4;200;0
2025;2025-09-18;Pantheon Lanes;tournament;Mythic Legends Invitational;1;Qualifying;Hiranyakashipu;130544;Hindu Myth - Asuras;5;195;0
2025;2025-09-18;Pantheon Lanes;tournament;Mythic Legends Invitational;1;Qualifying;Hiranyakashipu;130544;Hindu Myth - Asuras;6;195;0
2025;2025-09-18;Pantheon Lanes;tournament;Mythic Legends Invitational;1;Qualifying;Hiranyakashipu;130544;Hindu Myth - Asuras;7;207;0
2025;2025-09-18;Pantheon Lanes;tournament;Mythic Legends Invitational;1;Qualifying;Vritra;138155;Hindu Myth - Asuras;0;170;0
2025;2025-09-18;Pantheon Lanes;tournament;Mythic Legends Invitational;1;Qualifying;Vritra;138155;Hindu Myth - Asuras;1;163;0
2025;2025-09-18;Pantheon Lanes;tournament;Mythic Legends Invitational;1;Qualifying;Vritra;138155;Hindu Myth - Asuras;2;167;0
2025;2025-09-18;Pantheon Lanes;tournament;Mythic Legends Invitational;1;Qualifying;Vritra;138155;Hindu Myth - Asuras;3;164;0
2025;2025-09-18;Pantheon Lanes;tournament;Mythic Legends Invitational;1;Qualifying;Vritra;138155;Hindu Myth - Asuras;4;166;0
2025;2025-09-18;Pantheon Lanes;tournament;Mythic Legends Invitational;1;Qualifying;Vritra;138155;Hindu Myth - Asuras;5;173;0
2025;2025-09-18;Pantheon Lanes;tournament;Mythic Legends Invitational;1;Qualifying;Vritra;138155;Hindu Myth - Asuras;6;199;0
2025;2025-09-18;Pantheon Lanes;tournament;Mythic Legends Invitational;1;Qualifying;Vritra;138155;Hindu Myth - Asuras;7;170;0
2025;2025-09-19;Pantheon Lanes;tournament;Mythic Legends Invitational;2;Round 2;Balor;139930;Celtic Myth - Fomorians;0;206;0
2025;2025-09-19;Pantheon Lanes;tournament;Mythic Legends Invitational;2;Round 2;Balor;139930;Celtic Myth - Fomorians;1;214;0
2025;2025-09-19;Pantheon Lanes;tournament;Mythic Legends Invitational;2;Round 2;Balor;139930;Celtic Myth - Fomorians;2;190;0
2025;2025-09-19;Pantheon Lanes;tournament;Mythic Legends Invitational;2;Round 2;Balor;139930;Celtic Myth - Fomorians;3;203;0
2025;2025-09-19;Pantheon Lanes;tournament;Mythic Legends Invitational;2;Round 2;Balor;139930;Celtic Myth - Fomorians;4;217;0
2025;2025-09-19;Pantheon Lanes;tournament;Mythic Legends Invitational;2;Round 2;Balor;139930;Celtic Myth - Fomorians;5;223;0
2025;2025-09-19;Pantheon Lanes;tournament;Mythic Legends Invitational;2;Round 2;Cronus;174393;Greek Myth - Titans & Primordials;0;215;0
2025;2025-09-19;Pantheon Lanes;tournament;Mythic Legends Invitational;2;Round 2;Cronus;174393;Greek Myth - Titans & Primordials;1;224;0
2025;2025-09-19;Pantheon Lanes;tournament;Mythic Legends Invitational;2;Round 2;Cronus;174393;Greek Myth - Titans & Primordials;2;233;0
2025;2025-09-19;Pantheon Lanes;tournament;Mythic Legends Invitational;2;Round 2;Cronus;174393;Greek Myth - Titans & Primordials;3;235;0
2025;2025-09-19;Pantheon Lanes;tournament;Mythic Legends Invitational;2;Round 2;Cronus;174393;Greek Myth - Titans & Primordials;4;201;0
2025;2025-09-19;Pantheon Lanes;tournament;Mythic Legends Invitational;2;Round 2;Cronus;174393;Greek Myth - Titans & Primordials;5;219;0
2025;2025-09-19;Pantheon Lanes;tournament;Mythic Legends Invitational;2;Round 2;Indra;124470;Hindu Myth - Devas;0;223;0
2025;2025-09-19;Pantheon Lanes;tournament;Mythic Legends Invitational;2;Round 2;Indra;124470;Hindu Myth - Devas;1;227;0
2025;2025-09-19;Pantheon Lanes;tournament;Mythic Legends Invitational;2;Round 2;Indra;124470;Hindu Myth - Devas;2;213;0
2025;2025-09-19;Pantheon Lanes;tournament;Mythic Legends Invitational;2;Round 2;Indra;124470;Hindu Myth - Devas;3;215;0
2025;2025-09-19;Pantheon Lanes;tournament;Mythic Legends Invitational;2;Round 2;Indra;124470;Hindu Myth - Devas;4;252;0
2025;2025-09-19;Pantheon Lanes;tournament;Mythic Legends Invitational;2;Round 2;Indra;124470;Hindu Myth - Devas;5;259;0
2025;2025-09-19;Pantheon Lanes;tournament;Mythic Legends Invitational;2;Round 2;Zeus;139274;Greek Myth - Olympians;0;211;0
2025;2025-09-19;Pantheon Lanes;tournament;Mythic Legends Invitational;2;Round 2;Zeus;139274;Greek Myth - Olympians;1;224;0
2025;2025-09-19;Pantheon Lanes;tournament;Mythic Legends Invitational;2;Round 2;Zeus;139274;Greek Myth - Olympians;2;217;0
2025;2025-09-19;Pantheon Lanes;tournament;Mythic Legends Invitational;2;Round 2;Zeus;139274;Greek Myth - Olympians;3;240;0
2025;2025-09-19;Pantheon Lanes;tournament;Mythic Legends Invitational;2;Round 2;Zeus;139274;Greek Myth - Olympians;4;242;0
2025;2025-09-19;Pantheon Lanes;tournament;Mythic Legends Invitational;2;Round 2;Zeus;139274;Greek Myth - Olympians;5;214;0
2025;2025-09-19;Pantheon Lanes;tournament;Mythic Legends Invitational;2;Round 2;Odin;126765;Norse Myth - Aesir;0;195;0
2025;2025-09-19;Pantheon Lanes;tournament;Mythic Legends Invitational;2;Round 2;Odin;126765;Norse Myth - Aesir;1;203;0
2025;2025-09-19;Pantheon Lanes;tournament;Mythic Legends Invitational;2;Round 2;Odin;126765;Norse Myth - Aesir;2;214;0
2025;2025-09-19;Pantheon Lanes;tournament;Mythic Legends Invitational;2;Round 2;Odin;126765;Norse Myth - Aesir;3;208;0
2025;2025-09-19;Pantheon Lanes;tournament;Mythic Legends Invitational;2;Round 2;Odin;126765;Norse Myth - Aesir;4;208;0
2025;2025-09-19;Pantheon Lanes;tournament;Mythic Legends Invitational;2;Round 2;Odin;126765;Norse Myth - Aesir;5;238;0
2025;2025-09-19;Pantheon Lanes;tournament;Mythic Legends Invitational;2;Round 2;Tiamat;190311;Mesopotamian Myth - Chaos Ancients;0;203;0
2025;2025-09-19;Pantheon Lanes;tournament;Mythic Legends Invitational;2;Round 2;Tiamat;190311;Mesopotamian Myth - Chaos Ancients;1;220;0
2025;2025-09-19;Pantheon Lanes;tournament;Mythic Legends Invitational;2;Round 2;Tiamat;190311;Mesopotamian Myth - Chaos Ancients;2;219;0
2025;2025-09-19;Pantheon Lanes;tournament;Mythic Legends Invitational;2;Round 2;Tiamat;190311;Mesopotamian Myth - Chaos Ancients;3;212;0
2025;2025-09-19;Pantheon Lanes;tournament;Mythic Legends Invitational;2;Round 2;Tiamat;190311;Mesopotamian Myth - Chaos Ancients;4;224;0
2025;2025-09-19;Pantheon Lanes;tournament;Mythic Legends Invitational;2;Round 2;Tiamat;190311;Mesopotamian Myth - Chaos Ancients;5;227;0
2025;2025-09-19;Pantheon Lanes;tournament;Mythic Legends Invitational;2;Round 2;The Dagda;143101;Celtic Myth - Tuatha De Danann;0;213;0
2025;2025-09-19;Pantheon Lanes;tournament;Mythic Legends Invitational;2;Round 2;The Dagda;143101;Celtic Myth - Tuatha De Danann;1;206;0
2025;2025-09-19;Pantheon Lanes;tournament;Mythic Legends Invitational;2;Round 2;The Dagda;143101;Celtic Myth - Tuatha De Danann;2;212;0
2025;2025-09-19;Pantheon Lanes;tournament;Mythic Legends Invitational;2;Round 2;The Dagda;143101;Celtic Myth - Tuatha De Danann;3;212;0
2025;2025-09-19;Pantheon Lanes;tournament;Mythic Legends Invitational;2;Round 2;The Dagda;143101;Celtic Myth - Tuatha De Danann;4;206;0
2025;2025-09-19;Pantheon Lanes;tournament;Mythic Legends Invitational;2;Round 2;The Dagda;143101;Celtic Myth - Tuatha De Danann;5;219;0
2025;2025-09-19;Pantheon Lanes;tournament;Mythic Legends Invitational;2;Round 2;Osiris;179670;Egyptian Myth - Underworld Powers;0;224;0
2025;2025-09-19;Pantheon Lanes;tournament;Mythic Legends Invitational;2;Round 2;Osiris;179670;Egyptian Myth - Underworld Powers;1;231;0
2025;2025-09-19;Pantheon Lanes;tournament;Mythic Legends Invitational;2;Round 2;Osiris;179670;Egyptian Myth - Underworld Powers;2;219;0
2025;2025-09-19;Pantheon Lanes;tournament;Mythic Legends Invitational;2;Round 2;Osiris;179670;Egyptian Myth - Underworld Powers;3;216;0
2025;2025-09-19;Pantheon Lanes;tournament;Mythic Legends Invitational;2;Round 2;Osiris;179670;Egyptian Myth - Underworld Powers;4;222;0
2025;2025-09-19;Pantheon Lanes;tournament;Mythic Legends Invitational;2;Round 2;Osiris;179670;Egyptian Myth - Underworld Powers;5;206;0
2025;2025-09-19;Pantheon Lanes;tournament;Mythic Legends Invitational;2;Round 2;Anubis;175219;Egyptian Myth - Underworld Powers;0;200;0
2025;2025-09-19;Pantheon Lanes;tournament;Mythic Legends Invitational;2;Round 2;Anubis;175219;Egyptian Myth - Underworld Powers;1;216;0
2025;2025-09-19;Pantheon Lanes;tournament;Mythic Legends Invitational;2;Round 2;Anubis;175219;Egyptian Myth - Underworld Powers;2;197;0
2025;2025-09-19;Pantheon Lanes;tournament;Mythic Legends Invitational;2;Round 2;Anubis;175219;Egyptian Myth - Underworld Powers;3;195;0
2025;2025-09-19;Pantheon Lanes;tournament;Mythic Legends Invitational;2;Round 2;Anubis;175219;Egyptian Myth - Underworld Powers;4;215;0
2025;2025-09-19;Pantheon Lanes;tournament;Mythic Legends Invitational;2;Round 2;Anubis;175219;Egyptian Myth - Underworld Powers;5;210;0
2025;2025-09-19;Pantheon Lanes;tournament;Mythic Legends Invitational;2;Round 2;Loki;150650;Norse Myth - Giants & Tricksters;0;219;0
2025;2025-09-19;Pantheon Lanes;tournament;Mythic Legends Invitational;2;Round 2;Loki;150650;Norse Myth - Giants & Tricksters;1;225;0
2025;2025-09-19;Pantheon Lanes;tournament;Mythic Legends Invitational;2;Round 2;Loki;150650;Norse Myth - Giants & Tricksters;2;224;0
2025;2025-09-19;Pantheon Lanes;tournament;Mythic Legends Invitational;2;Round 2;Loki;150650;Norse Myth - Giants & Tricksters;3;215;0
2025;2025-09-19;Pantheon Lanes;tournament;Mythic Legends Invitational;2;Round 2;Loki;150650;Norse Myth - Giants & Tricksters;4;235;0
2025;2025-09-19;Pantheon Lanes;tournament;Mythic Legends Invitational;2;Round 2;Loki;150650;Norse Myth - Giants & Tricksters;5;223;0
2025;2025-09-19;Pantheon Lanes;tournament;Mythic Legends Invitational;2;Round 2;Ravana;126986;Hindu Myth - Asuras;0;230;0
2025;2025-09-19;Pantheon Lanes;tournament;Mythic Legends Invitational;2;Round 2;Ravana;126986;Hindu Myth - Asuras;1;193;0
2025;2025-09-19;Pantheon Lanes;tournament;Mythic Legends Invitational;2;Round 2;Ravana;126986;Hindu Myth - Asuras;2;214;0
2025;2025-09-19;Pantheon Lanes;tournament;Mythic Legends Invitational;2;Round 2;Ravana;126986;Hindu Myth - Asuras;3;236;0
2025;2025-09-19;Pantheon Lanes;tournament;Mythic Legends Invitational;2;Round 2;Ravana;126986;Hindu Myth - Asuras;4;217;0
2025;2025-09-19;Pantheon Lanes;tournament;Mythic Legends Invitational;2;Round 2;Ravana;126986;Hindu Myth - Asuras;5;226;0
2025;2025-09-19;Pantheon Lanes;tournament;Mythic Legends Invitational;2;Round 2;Horus;174473;Egyptian Myth - Solar Court;0;177;0
2025;2025-09-19;Pantheon Lanes;tournament;Mythic Legends Invitational;2;Round 2;Horus;174473;Egyptian Myth - Solar Court;1;205;0
2025;2025-09-19;Pantheon Lanes;tournament;Mythic Legends Invitational;2;Round 2;Horus;174473;Egyptian Myth - Solar Court;2;164;0
2025;2025-09-19;Pantheon Lanes;tournament;Mythic Legends Invitational;2;Round 2;Horus;174473;Egyptian Myth - Solar Court;3;186;0
2025;2025-09-19;Pantheon Lanes;tournament;Mythic Legends Invitational;2;Round 2;Horus;174473;Egyptian Myth - Solar Court;4;190;0
2025;2025-09-19;Pantheon Lanes;tournament;Mythic Legends Invitational;2;Round 2;Horus;174473;Egyptian Myth - Solar Court;5;208;0
2025;2025-09-19;Pantheon Lanes;tournament;Mythic Legends Invitational;2;Round 2;Mahishasura;137200;Hindu Myth - Asuras;0;185;0
2025;2025-09-19;Pantheon Lanes;tournament;Mythic Legends Invitational;2;Round 2;Mahishasura;137200;Hindu Myth - Asuras;1;197;0
2025;2025-09-19;Pantheon Lanes;tournament;Mythic Legends Invitational;2;Round 2;Mahishasura;137200;Hindu Myth - Asuras;2;238;0
2025;2025-09-19;Pantheon Lanes;tournament;Mythic Legends Invitational;2;Round 2;Mahishasura;137200;Hindu Myth - Asuras;3;193;0
2025;2025-09-19;Pantheon Lanes;tournament;Mythic Legends Invitational;2;Round 2;Mahishasura;137200;Hindu Myth - Asuras;4;207;0
2025;2025-09-19;Pantheon Lanes;tournament;Mythic Legends Invitational;2;Round 2;Mahishasura;137200;Hindu Myth - Asuras;5;226;0
2025;2025-09-19;Pantheon Lanes;tournament;Mythic Legends Invitational;2;Round 2;Marduk;188458;Mesopotamian Myth - Sky Kings;0;193;0
2025;2025-09-19;Pantheon Lanes;tournament;Mythic Legends Invitational;2;Round 2;Marduk;188458;Mesopotamian Myth - Sky Kings;1;248;0
2025;2025-09-19;Pantheon Lanes;tournament;Mythic Legends Invitational;2;Round 2;Marduk;188458;Mesopotamian Myth - Sky Kings;2;193;0
2025;2025-09-19;Pantheon Lanes;tournament;Mythic Legends Invitational;2;Round 2;Marduk;188458;Mesopotamian Myth - Sky Kings;3;219;0
2025;2025-09-19;Pantheon Lanes;tournament;Mythic Legends Invitational;2;Round 2;Marduk;188458;Mesopotamian Myth - Sky Kings;4;212;0
2025;2025-09-19;Pantheon Lanes;tournament;Mythic Legends Invitational;2;Round 2;Marduk;188458;Mesopotamian Myth - Sky Kings;5;228;0
2025;2025-09-19;Pantheon Lanes;tournament;Mythic Legends Invitational;2;Round 2;Ishtar;172470;Mesopotamian Myth - Sky Kings;0;172;0
2025;2025-09-19;Pantheon Lanes;tournament;Mythic Legends Invitational;2;Round 2;Ishtar;172470;Mesopotamian Myth - Sky Kings;1;219;0
2025;2025-09-19;Pantheon Lanes;tournament;Mythic Legends Invitational;2;Round 2;Ishtar;172470;Mesopotamian Myth - Sky Kings;2;177;0
2025;2025-09-19;Pantheon Lanes;tournament;Mythic Legends Invitational;2;Round 2;Ishtar;172470;Mesopotamian Myth - Sky Kings;3;199;0
2025;2025-09-19;Pantheon Lanes;tournament;Mythic Legends Invitational;2;Round 2;Ishtar;172470;Mesopotamian Myth - Sky Kings;4;172;0
2025;2025-09-19;Pantheon Lanes;tournament;Mythic Legends Invitational;2;Round 2;Ishtar;172470;Mesopotamian Myth - Sky Kings;5;181;0
2025;2025-09-19;Pantheon Lanes;tournament;Mythic Legends Invitational;2;Round 2;Lugh;174647;Celtic Myth - Tuatha De Danann;0;205;0
2025;2025-09-19;Pantheon Lanes;tournament;Mythic Legends Invitational;2;Round 2;Lugh;174647;Celtic Myth - Tuatha De Danann;1;197;0
2025;2025-09-19;Pantheon Lanes;tournament;Mythic Legends Invitational;2;Round 2;Lugh;174647;Celtic Myth - Tuatha De Danann;2;195;0
2025;2025-09-19;Pantheon Lanes;tournament;Mythic Legends Invitational;2;Round 2;Lugh;174647;Celtic Myth - Tuatha De Danann;3;189;0
2025;2025-09-19;Pantheon Lanes;tournament;Mythic Legends Invitational;2;Round 2;Lugh;174647;Celtic Myth - Tuatha De Danann;4;187;0
2025;2025-09-19;Pantheon Lanes;tournament;Mythic Legends Invitational;2;Round 2;Lugh;174647;Celtic Myth - Tuatha De Danann;5;203;0
2025;2025-09-19;Pantheon Lanes;tournament;Mythic Legends Invitational;2;Round 2;Bastet;182554;Egyptian Myth - Solar Court;0;203;0
2025;2025-09-19;Pantheon Lanes;tournament;Mythic Legends Invitational;2;Round 2;Bastet;182554;Egyptian Myth - Solar Court;1;216;0
2025;2025-09-19;Pantheon Lanes;tournament;Mythic Legends Invitational;2;Round 2;Bastet;182554;Egyptian Myth - Solar Court;2;186;0
2025;2025-09-19;Pantheon Lanes;tournament;Mythic Legends Invitational;2;Round 2;Bastet;182554;Egyptian Myth - Solar Court;3;212;0
2025;2025-09-19;Pantheon Lanes;tournament;Mythic Legends Invitational;2;Round 2;Bastet;182554;Egyptian Myth - Solar Court;4;201;0
2025;2025-09-19;Pantheon Lanes;tournament;Mythic Legends Invitational;2;Round 2;Bastet;182554;Egyptian Myth - Solar Court;5;207;0
2025;2025-09-19;Pantheon Lanes;tournament;Mythic Legends Invitational;2;Round 2;Thor;151201;Norse Myth - Aesir;0;219;0
2025;2025-09-19;Pantheon Lanes;tournament;Mythic Legends Invitational;2;Round 2;Thor;151201;Norse Myth - Aesir;1;176;0
2025;2025-09-19;Pantheon Lanes;tournament;Mythic Legends Invitational;2;Round 2;Thor;151201;Norse Myth - Aesir;2;213;0
2025;2025-09-19;Pantheon Lanes;tournament;Mythic Legends Invitational;2;Round 2;Thor;151201;Norse Myth - Aesir;3;221;0
2025;2025-09-19;Pantheon Lanes;tournament;Mythic Legends Invitational;2;Round 2;Thor;151201;Norse Myth - Aesir;4;214;0
2025;2025-09-19;Pantheon Lanes;tournament;Mythic Legends Invitational;2;Round 2;Thor;151201;Norse Myth - Aesir;5;213;0
2025;2025-09-19;Pantheon Lanes;tournament;Mythic Legends Invitational;2;Round 2;Hel;124685;Norse Myth - Giants & Tricksters;0;186;0
2025;2025-09-19;Pantheon Lanes;tournament;Mythic Legends Invitational;2;Round 2;Hel;124685;Norse Myth - Giants & Tricksters;1;203;0
2025;2025-09-19;Pantheon Lanes;tournament;Mythic Legends Invitational;2;Round 2;Hel;124685;Norse Myth - Giants & Tricksters;2;189;0
2025;2025-09-19;Pantheon Lanes;tournament;Mythic Legends Invitational;2;Round 2;Hel;124685;Norse Myth - Giants & Tricksters;3;205;0
2025;2025-09-19;Pantheon Lanes;tournament;Mythic Legends Invitational;2;Round 2;Hel;124685;Norse Myth - Giants & Tricksters;4;188;0
2025;2025-09-19;Pantheon Lanes;tournament;Mythic Legends Invitational;2;Round 2;Hel;124685;Norse Myth - Giants & Tricksters;5;190;0
2025;2025-09-19;Pantheon Lanes;tournament;Mythic Legends Invitational;2;Round 2;Bres;112221;Celtic Myth - Fomorians;0;182;0
2025;2025-09-19;Pantheon Lanes;tournament;Mythic Legends Invitational;2;Round 2;Bres;112221;Celtic Myth - Fomorians;1;194;0
2025;2025-09-19;Pantheon Lanes;tournament;Mythic Legends Invitational;2;Round 2;Bres;112221;Celtic Myth - Fomorians;2;197;0
2025;2025-09-19;Pantheon Lanes;tournament;Mythic Legends Invitational;2;Round 2;Bres;112221;Celtic Myth - Fomorians;3;193;0
2025;2025-09-19;Pantheon Lanes;tournament;Mythic Legends Invitational;2;Round 2;Bres;112221;Celtic Myth - Fomorians;4;193;0
2025;2025-09-19;Pantheon Lanes;tournament;Mythic Legends Invitational;2;Round 2;Bres;112221;Celtic Myth - Fomorians;5;206;0
2025;2025-09-19;Pantheon Lanes;tournament;Mythic Legends Invitational;2;Round 2;Fenrir;162230;Norse Myth - Giants & Tricksters;0;202;0
2025;2025-09-19;Pantheon Lanes;tournament;Mythic Legends Invitational;2;Round 2;Fenrir;162230;Norse Myth - Giants & Tricksters;1;199;0
2025;2025-09-19;Pantheon Lanes;tournament;Mythic Legends Invitational;2;Round 2;Fenrir;162230;Norse Myth - Giants & Tricksters;2;199;0
2025;2025-09-19;Pantheon Lanes;tournament;Mythic Legends Invitational;2;Round 2;Fenrir;162230;Norse Myth - Giants & Tricksters;3;219;0
2025;2025-09-19;Pantheon Lanes;tournament;Mythic Legends Invitational;2;Round 2;Fenrir;162230;Norse Myth - Giants & Tricksters;4;205;0
2025;2025-09-19;Pantheon Lanes;tournament;Mythic Legends Invitational;2;Round 2;Fenrir;162230;Norse Myth - Giants & Tricksters;5;177;0
2025;2025-09-19;Pantheon Lanes;tournament;Mythic Legends Invitational;2;Round 2;Kingu;179084;Mesopotamian Myth - Chaos Ancients;0;190;0
2025;2025-09-19;Pantheon Lanes;tournament;Mythic Legends Invitational;2;Round 2;Kingu;179084;Mesopotamian Myth - Chaos Ancients;1;205;0
2025;2025-09-19;Pantheon Lanes;tournament;Mythic Legends Invitational;2;Round 2;Kingu;179084;Mesopotamian Myth - Chaos Ancients;2;189;0
2025;2025-09-19;Pantheon Lanes;tournament;Mythic Legends Invitational;2;Round 2;Kingu;179084;Mesopotamian Myth - Chaos Ancients;3;178;0
2025;2025-09-19;Pantheon Lanes;tournament;Mythic Legends Invitational;2;Round 2;Kingu;179084;Mesopotamian Myth - Chaos Ancients;4;192;0
2025;2025-09-19;Pantheon Lanes;tournament;Mythic Legends Invitational;2;Round 2;Kingu;179084;Mesopotamian Myth - Chaos Ancients;5;187;0
2025;2025-09-19;Pantheon Lanes;tournament;Mythic Legends Invitational;2;Round 2;Hiranyakashipu;130544;Hindu Myth - Asuras;0;199;0
2025;2025-09-19;Pantheon Lanes;tournament;Mythic Legends Invitational;2;Round 2;Hiranyakashipu;130544;Hindu Myth - Asuras;1;191;0
2025;2025-09-19;Pantheon Lanes;tournament;Mythic Legends Invitational;2;Round 2;Hiranyakashipu;130544;Hindu Myth - Asuras;2;194;0
2025;2025-09-19;Pantheon Lanes;tournament;Mythic Legends Invitational;2;Round 2;Hiranyakashipu;130544;Hindu Myth - Asuras;3;193;0
2025;2025-09-19;Pantheon Lanes;tournament;Mythic Legends Invitational;2;Round 2;Hiranyakashipu;130544;Hindu Myth - Asuras;4;206;0
2025;2025-09-19;Pantheon Lanes;tournament;Mythic Legends Invitational;2;Round 2;Hiranyakashipu;130544;Hindu Myth - Asuras;5;188;0
2025;2025-09-19;Pantheon Lanes;tournament;Mythic Legends Invitational;2;Round 2;Athena;142739;Greek Myth - Olympians;0;229;0
2025;2025-09-19;Pantheon Lanes;tournament;Mythic Legends Invitational;2;Round 2;Athena;142739;Greek Myth - Olympians;1;202;0
2025;2025-09-19;Pantheon Lanes;tournament;Mythic Legends Invitational;2;Round 2;Athena;142739;Greek Myth - Olympians;2;202;0
2025;2025-09-19;Pantheon Lanes;tournament;Mythic Legends Invitational;2;Round 2;Athena;142739;Greek Myth - Olympians;3;224;0
2025;2025-09-19;Pantheon Lanes;tournament;Mythic Legends Invitational;2;Round 2;Athena;142739;Greek Myth - Olympians;4;200;0
2025;2025-09-19;Pantheon Lanes;tournament;Mythic Legends Invitational;2;Round 2;Athena;142739;Greek Myth - Olympians;5;184;0
2025;2025-09-19;Pantheon Lanes;tournament;Mythic Legends Invitational;2;Round 2;Atlas;118236;Greek Myth - Titans & Primordials;0;173;0
2025;2025-09-19;Pantheon Lanes;tournament;Mythic Legends Invitational;2;Round 2;Atlas;118236;Greek Myth - Titans & Primordials;1;177;0
2025;2025-09-19;Pantheon Lanes;tournament;Mythic Legends Invitational;2;Round 2;Atlas;118236;Greek Myth - Titans & Primordials;2;177;0
2025;2025-09-19;Pantheon Lanes;tournament;Mythic Legends Invitational;2;Round 2;Atlas;118236;Greek Myth - Titans & Primordials;3;179;0
2025;2025-09-19;Pantheon Lanes;tournament;Mythic Legends Invitational;2;Round 2;Atlas;118236;Greek Myth - Titans & Primordials;4;183;0
2025;2025-09-19;Pantheon Lanes;tournament;Mythic Legends Invitational;2;Round 2;Atlas;118236;Greek Myth - Titans & Primordials;5;165;0
2025;2025-09-19;Pantheon Lanes;tournament;Mythic Legends Invitational;2;Round 2;Shiva;109108;Hindu Myth - Devas;0;194;0
2025;2025-09-19;Pantheon Lanes;tournament;Mythic Legends Invitational;2;Round 2;Shiva;109108;Hindu Myth - Devas;1;193;0
2025;2025-09-19;Pantheon Lanes;tournament;Mythic Legends Invitational;2;Round 2;Shiva;109108;Hindu Myth - Devas;2;191;0
2025;2025-09-19;Pantheon Lanes;tournament;Mythic Legends Invitational;2;Round 2;Shiva;109108;Hindu Myth - Devas;3;184;0
2025;2025-09-19;Pantheon Lanes;tournament;Mythic Legends Invitational;2;Round 2;Shiva;109108;Hindu Myth - Devas;4;174;0
2025;2025-09-19;Pantheon Lanes;tournament;Mythic Legends Invitational;2;Round 2;Shiva;109108;Hindu Myth - Devas;5;190;0
2025;2025-09-19;Pantheon Lanes;tournament;Mythic Legends Invitational;2;Round 2;Vishnu;126083;Hindu Myth - Devas;0;177;0
2025;2025-09-19;Pantheon Lanes;tournament;Mythic Legends Invitational;2;Round 2;Vishnu;126083;Hindu Myth - Devas;1;189;0
2025;2025-09-19;Pantheon Lanes;tournament;Mythic Legends Invitational;2;Round 2;Vishnu;126083;Hindu Myth - Devas;2;209;0
2025;2025-09-19;Pantheon Lanes;tournament;Mythic Legends Invitational;2;Round 2;Vishnu;126083;Hindu Myth - Devas;3;187;0
2025;2025-09-19;Pantheon Lanes;tournament;Mythic Legends Invitational;2;Round 2;Vishnu;126083;Hindu Myth - Devas;4;188;0
2025;2025-09-19;Pantheon Lanes;tournament;Mythic Legends Invitational;2;Round 2;Vishnu;126083;Hindu Myth - Devas;5;203;0
2025;2025-09-19;Pantheon Lanes;tournament;Mythic Legends Invitational;2;Round 2;Set;151234;Egyptian Myth - Underworld Powers;0;197;0
2025;2025-09-19;Pantheon Lanes;tournament;Mythic Legends Invitational;2;Round 2;Set;151234;Egyptian Myth - Underworld Powers;1;186;0
2025;2025-09-19;Pantheon Lanes;tournament;Mythic Legends Invitational;2;Round 2;Set;151234;Egyptian Myth - Underworld Powers;2;176;0
2025;2025-09-19;Pantheon Lanes;tournament;Mythic Legends Invitational;2;Round 2;Set;151234;Egyptian Myth - Underworld Powers;3;204;0
2025;2025-09-19;Pantheon Lanes;tournament;Mythic Legends Invitational;2;Round 2;Set;151234;Egyptian Myth - Underworld Powers;4;204;0
2025;2025-09-19;Pantheon Lanes;tournament;Mythic Legends Invitational;2;Round 2;Set;151234;Egyptian Myth - Underworld Powers;5;179;0
2025;2025-09-19;Pantheon Lanes;tournament;Mythic Legends Invitational;2;Round 2;Shamash;123283;Mesopotamian Myth - Sky Kings;0;173;0
2025;2025-09-19;Pantheon Lanes;tournament;Mythic Legends Invitational;2;Round 2;Shamash;123283;Mesopotamian Myth - Sky Kings;1;196;0
2025;2025-09-19;Pantheon Lanes;tournament;Mythic Legends Invitational;2;Round 2;Shamash;123283;Mesopotamian Myth - Sky Kings;2;180;0
2025;2025-09-19;Pantheon Lanes;tournament;Mythic Legends Invitational;2;Round 2;Shamash;123283;Mesopotamian Myth - Sky Kings;3;201;0
2025;2025-09-19;Pantheon Lanes;tournament;Mythic Legends Invitational;2;Round 2;Shamash;123283;Mesopotamian Myth - Sky Kings;4;201;0
2025;2025-09-19;Pantheon Lanes;tournament;Mythic Legends Invitational;2;Round 2;Shamash;123283;Mesopotamian Myth - Sky Kings;5;203;0
2025;2025-09-19;Pantheon Lanes;tournament;Mythic Legends Invitational;2;Round 2;Ra;143286;Egyptian Myth - Solar Court;0;171;0
2025;2025-09-19;Pantheon Lanes;tournament;Mythic Legends Invitational;2;Round 2;Ra;143286;Egyptian Myth - Solar Court;1;195;0
2025;2025-09-19;Pantheon Lanes;tournament;Mythic Legends Invitational;2;Round 2;Ra;143286;Egyptian Myth - Solar Court;2;175;0
2025;2025-09-19;Pantheon Lanes;tournament;Mythic Legends Invitational;2;Round 2;Ra;143286;Egyptian Myth - Solar Court;3;208;0
2025;2025-09-19;Pantheon Lanes;tournament;Mythic Legends Invitational;2;Round 2;Ra;143286;Egyptian Myth - Solar Court;4;180;0
2025;2025-09-19;Pantheon Lanes;tournament;Mythic Legends Invitational;2;Round 2;Ra;143286;Egyptian Myth - Solar Court;5;218;0
2025;2025-09-19;Pantheon Lanes;tournament;Mythic Legends Invitational;2;Round 2;Apollo;176933;Greek Myth - Olympians;0;182;0
2025;2025-09-19;Pantheon Lanes;tournament;Mythic Legends Invitational;2;Round 2;Apollo;176933;Greek Myth - Olympians;1;229;0
2025;2025-09-19;Pantheon Lanes;tournament;Mythic Legends Invitational;2;Round 2;Apollo;176933;Greek Myth - Olympians;2;178;0
2025;2025-09-19;Pantheon Lanes;tournament;Mythic Legends Invitational;2;Round 2;Apollo;176933;Greek Myth - Olympians;3;195;0
2025;2025-09-19;Pantheon Lanes;tournament;Mythic Legends Invitational;2;Round 2;Apollo;176933;Greek Myth - Olympians;4;206;0
2025;2025-09-19;Pantheon Lanes;tournament;Mythic Legends Invitational;2;Round 2;Apollo;176933;Greek Myth - Olympians;5;190;0
2025;2025-09-19;Pantheon Lanes;tournament;Mythic Legends Invitational;2;Round 2;Nanna;104202;Mesopotamian Myth - Sky Kings;0;174;0
2025;2025-09-19;Pantheon Lanes;tournament;Mythic Legends Invitational;2;Round 2;Nanna;104202;Mesopotamian Myth - Sky Kings;1;183;0
2025;2025-09-19;Pantheon Lanes;tournament;Mythic Legends Invitational;2;Round 2;Nanna;104202;Mesopotamian Myth - Sky Kings;2;180;0
2025;2025-09-19;Pantheon Lanes;tournament;Mythic Legends Invitational;2;Round 2;Nanna;104202;Mesopotamian Myth - Sky Kings;3;166;0
2025;2025-09-19;Pantheon Lanes;tournament;Mythic Legends Invitational;2;Round 2;Nanna;104202;Mesopotamian Myth - Sky Kings;4;183;0
2025;2025-09-19;Pantheon Lanes;tournament;Mythic Legends Invitational;2;Round 2;Nanna;104202;Mesopotamian Myth - Sky Kings;5;186;0
2025;2025-09-19;Pantheon Lanes;tournament;Mythic Legends Invitational;2;Round 2;Nergal;164043;Mesopotamian Myth - Chaos Ancients;0;191;0
2025;2025-09-19;Pantheon Lanes;tournament;Mythic Legends Invitational;2;Round 2;Nergal;164043;Mesopotamian Myth - Chaos Ancients;1;186;0
2025;2025-09-19;Pantheon Lanes;tournament;Mythic Legends Invitational;2;Round 2;Nergal;164043;Mesopotamian Myth - Chaos Ancients;2;177;0
2025;2025-09-19;Pantheon Lanes;tournament;Mythic Legends Invitational;2;Round 2;Nergal;164043;Mesopotamian Myth - Chaos Ancients;3;181;0
2025;2025-09-19;Pantheon Lanes;tournament;Mythic Legends Invitational;2;Round 2;Nergal;164043;Mesopotamian Myth - Chaos Ancients;4;195;0
2025;2025-09-19;Pantheon Lanes;tournament;Mythic Legends Invitational;2;Round 2;Nergal;164043;Mesopotamian Myth - Chaos Ancients;5;187;0
2025;2025-09-19;Pantheon Lanes;tournament;Mythic Legends Invitational;2;Round 2;Ereshkigal;103517;Mesopotamian Myth - Chaos Ancients;0;175;0
2025;2025-09-19;Pantheon Lanes;tournament;Mythic Legends Invitational;2;Round 2;Ereshkigal;103517;Mesopotamian Myth - Chaos Ancients;1;178;0
2025;2025-09-19;Pantheon Lanes;tournament;Mythic Legends Invitational;2;Round 2;Ereshkigal;103517;Mesopotamian Myth - Chaos Ancients;2;197;0
2025;2025-09-19;Pantheon Lanes;tournament;Mythic Legends Invitational;2;Round 2;Ereshkigal;103517;Mesopotamian Myth - Chaos Ancients;3;174;0
2025;2025-09-19;Pantheon Lanes;tournament;Mythic Legends Invitational;2;Round 2;Ereshkigal;103517;Mesopotamian Myth - Chaos Ancients;4;190;0
2025;2025-09-19;Pantheon Lanes;tournament;Mythic Legends Invitational;2;Round 2;Ereshkigal;103517;Mesopotamian Myth - Chaos Ancients;5;180;0
2025;2025-09-19;Pantheon Lanes;tournament;Mythic Legends Invitational;2;Round 2;Artemis;103046;Greek Myth - Olympians;0;177;0
2025;2025-09-19;Pantheon Lanes;tournament;Mythic Legends Invitational;2;Round 2;Artemis;103046;Greek Myth - Olympians;1;165;0
2025;2025-09-19;Pantheon Lanes;tournament;Mythic Legends Invitational;2;Round 2;Artemis;103046;Greek Myth - Olympians;2;178;0
2025;2025-09-19;Pantheon Lanes;tournament;Mythic Legends Invitational;2;Round 2;Artemis;103046;Greek Myth - Olympians;3;180;0
2025;2025-09-19;Pantheon Lanes;tournament;Mythic Legends Invitational;2;Round 2;Artemis;103046;Greek Myth - Olympians;4;171;0
2025;2025-09-19;Pantheon Lanes;tournament;Mythic Legends Invitational;2;Round 2;Artemis;103046;Greek Myth - Olympians;5;176;0
2025;2025-09-19;Pantheon Lanes;tournament;Mythic Legends Invitational;2;Round 2;Brigid;159183;Celtic Myth - Tuatha De Danann;0;157;0
2025;2025-09-19;Pantheon Lanes;tournament;Mythic Legends Invitational;2;Round 2;Brigid;159183;Celtic Myth - Tuatha De Danann;1;175;0
2025;2025-09-19;Pantheon Lanes;tournament;Mythic Legends Invitational;2;Round 2;Brigid;159183;Celtic Myth - Tuatha De Danann;2;173;0
2025;2025-09-19;Pantheon Lanes;tournament;Mythic Legends Invitational;2;Round 2;Brigid;159183;Celtic Myth - Tuatha De Danann;3;179;0
2025;2025-09-19;Pantheon Lanes;tournament;Mythic Legends Invitational;2;Round 2;Brigid;159183;Celtic Myth - Tuatha De Danann;4;196;0
2025;2025-09-19;Pantheon Lanes;tournament;Mythic Legends Invitational;2;Round 2;Brigid;159183;Celtic Myth - Tuatha De Danann;5;185;0
2025;2025-09-19;Pantheon Lanes;tournament;Mythic Legends Invitational;2;Round 2;Elatha;122468;Celtic Myth - Fomorians;0;187;0
2025;2025-09-19;Pantheon Lanes;tournament;Mythic Legends Invitational;2;Round 2;Elatha;122468;Celtic Myth - Fomorians;1;174;0
2025;2025-09-19;Pantheon Lanes;tournament;Mythic Legends Invitational;2;Round 2;Elatha;122468;Celtic Myth - Fomorians;2;177;0
2025;2025-09-19;Pantheon Lanes;tournament;Mythic Legends Invitational;2;Round 2;Elatha;122468;Celtic Myth - Fomorians;3;169;0
2025;2025-09-19;Pantheon Lanes;tournament;Mythic Legends Invitational;2;Round 2;Elatha;122468;Celtic Myth - Fomorians;4;181;0
2025;2025-09-19;Pantheon Lanes;tournament;Mythic Legends Invitational;2;Round 2;Elatha;122468;Celtic Myth - Fomorians;5;183;0
2025;2025-09-19;Pantheon Lanes;tournament;Mythic Legends Invitational;2;Round 2;Rhea;104221;Greek Myth - Titans & Primordials;0;190;0
2025;2025-09-19;Pantheon Lanes;tournament;Mythic Legends Invitational;2;Round 2;Rhea;104221;Greek Myth - Titans & Primordials;1;201;0
2025;2025-09-19;Pantheon Lanes;tournament;Mythic Legends Invitational;2;Round 2;Rhea;104221;Greek Myth - Titans & Primordials;2;239;0
2025;2025-09-19;Pantheon Lanes;tournament;Mythic Legends Invitational;2;Round 2;Rhea;104221;Greek Myth - Titans & Primordials;3;179;0
2025;2025-09-19;Pantheon Lanes;tournament;Mythic Legends Invitational;2;Round 2;Rhea;104221;Greek Myth - Titans & Primordials;4;222;0
2025;2025-09-19;Pantheon Lanes;tournament;Mythic Legends Invitational;2;Round 2;Rhea;104221;Greek Myth - Titans & Primordials;5;219;0
2025;2025-09-19;Pantheon Lanes;tournament;Mythic Legends Invitational;2;Round 2;Frigg;170056;Norse Myth - Aesir;0;175;0
2025;2025-09-19;Pantheon Lanes;tournament;Mythic Legends Invitational;2;Round 2;Frigg;170056;Norse Myth - Aesir;1;172;0
2025;2025-09-19;Pantheon Lanes;tournament;Mythic Legends Invitational;2;Round 2;Frigg;170056;Norse Myth - Aesir;2;186;0
2025;2025-09-19;Pantheon Lanes;tournament;Mythic Legends Invitational;2;Round 2;Frigg;170056;Norse Myth - Aesir;3;183;0
2025;2025-09-19;Pantheon Lanes;tournament;Mythic Legends Invitational;2;Round 2;Frigg;170056;Norse Myth - Aesir;4;190;0
2025;2025-09-19;Pantheon Lanes;tournament;Mythic Legends Invitational;2;Round 2;Frigg;170056;Norse Myth - Aesir;5;193;0
2025;2025-09-19;Pantheon Lanes;tournament;Mythic Legends Invitational;2;Round 2;Nuada;183755;Celtic Myth - Tuatha De Danann;0;173;0
2025;2025-09-19;Pantheon Lanes;tournament;Mythic Legends Invitational;2;Round 2;Nuada;183755;Celtic Myth - Tuatha De Danann;1;165;0
2025;2025-09-19;Pantheon Lanes;tournament;Mythic Legends Invitational;2;Round 2;Nuada;183755;Celtic Myth - Tuatha De Danann;2;165;0
2025;2025-09-19;Pantheon Lanes;tournament;Mythic Legends Invitational;2;Round 2;Nuada;183755;Celtic Myth - Tuatha De Danann;3;164;0
2025;2025-09-19;Pantheon Lanes;tournament;Mythic Legends Invitational;2;Round 2;Nuada;183755;Celtic Myth - Tuatha De Danann;4;172;0
2025;2025-09-19;Pantheon Lanes;tournament;Mythic Legends Invitational;2;Round 2;Nuada;183755;Celtic Myth - Tuatha De Danann;5;166;0
2025;2025-09-20;Pantheon Lanes;tournament;Mythic Legends Invitational;3;Final;Indra;124470;Hindu Myth - Devas;0;234;0
2025;2025-09-20;Pantheon Lanes;tournament;Mythic Legends Invitational;3;Final;Indra;124470;Hindu Myth - Devas;1;236;0
2025;2025-09-20;Pantheon Lanes;tournament;Mythic Legends Invitational;3;Final;Indra;124470;Hindu Myth - Devas;2;224;0
2025;2025-09-20;Pantheon Lanes;tournament;Mythic Legends Invitational;3;Final;Indra;124470;Hindu Myth - Devas;3;221;0
2025;2025-09-20;Pantheon Lanes;tournament;Mythic Legends Invitational;3;Final;Indra;124470;Hindu Myth - Devas;4;246;0
2025;2025-09-20;Pantheon Lanes;tournament;Mythic Legends Invitational;3;Final;Indra;124470;Hindu Myth - Devas;5;237;0
2025;2025-09-20;Pantheon Lanes;tournament;Mythic Legends Invitational;3;Final;Zeus;139274;Greek Myth - Olympians;0;200;0
2025;2025-09-20;Pantheon Lanes;tournament;Mythic Legends Invitational;3;Final;Zeus;139274;Greek Myth - Olympians;1;203;0
2025;2025-09-20;Pantheon Lanes;tournament;Mythic Legends Invitational;3;Final;Zeus;139274;Greek Myth - Olympians;2;202;0
2025;2025-09-20;Pantheon Lanes;tournament;Mythic Legends Invitational;3;Final;Zeus;139274;Greek Myth - Olympians;3;225;0
2025;2025-09-20;Pantheon Lanes;tournament;Mythic Legends Invitational;3;Final;Zeus;139274;Greek Myth - Olympians;4;207;0
2025;2025-09-20;Pantheon Lanes;tournament;Mythic Legends Invitational;3;Final;Zeus;139274;Greek Myth - Olympians;5;214;0
2025;2025-09-20;Pantheon Lanes;tournament;Mythic Legends Invitational;3;Final;Cronus;174393;Greek Myth - Titans & Primordials;0;201;0
2025;2025-09-20;Pantheon Lanes;tournament;Mythic Legends Invitational;3;Final;Cronus;174393;Greek Myth - Titans & Primordials;1;204;0
2025;2025-09-20;Pantheon Lanes;tournament;Mythic Legends Invitational;3;Final;Cronus;174393;Greek Myth - Titans & Primordials;2;208;0
2025;2025-09-20;Pantheon Lanes;tournament;Mythic Legends Invitational;3;Final;Cronus;174393;Greek Myth - Titans & Primordials;3;161;0
2025;2025-09-20;Pantheon Lanes;tournament;Mythic Legends Invitational;3;Final;Cronus;174393;Greek Myth - Titans & Primordials;4;224;0
2025;2025-09-20;Pantheon Lanes;tournament;Mythic Legends Invitational;3;Final;Cronus;174393;Greek Myth - Titans & Primordials;5;198;0
2025;2025-09-20;Pantheon Lanes;tournament;Mythic Legends Invitational;3;Final;Balor;139930;Celtic Myth - Fomorians;0;231;0
2025;2025-09-20;Pantheon Lanes;tournament;Mythic Legends Invitational;3;Final;Balor;139930;Celtic Myth - Fomorians;1;236;0
2025;2025-09-20;Pantheon Lanes;tournament;Mythic Legends Invitational;3;Final;Balor;139930;Celtic Myth - Fomorians;2;202;0
2025;2025-09-20;Pantheon Lanes;tournament;Mythic Legends Invitational;3;Final;Balor;139930;Celtic Myth - Fomorians;3;234;0
2025;2025-09-20;Pantheon Lanes;tournament;Mythic Legends Invitational;3;Final;Balor;139930;Celtic Myth - Fomorians;4;222;0
2025;2025-09-20;Pantheon Lanes;tournament;Mythic Legends Invitational;3;Final;Balor;139930;Celtic Myth - Fomorians;5;183;0
2025;2025-09-20;Pantheon Lanes;tournament;Mythic Legends Invitational;3;Final;Tiamat;190311;Mesopotamian Myth - Chaos Ancients;0;210;0
2025;2025-09-20;Pantheon Lanes;tournament;Mythic Legends Invitational;3;Final;Tiamat;190311;Mesopotamian Myth - Chaos Ancients;1;213;0
2025;2025-09-20;Pantheon Lanes;tournament;Mythic Legends Invitational;3;Final;Tiamat;190311;Mesopotamian Myth - Chaos Ancients;2;213;0
2025;2025-09-20;Pantheon Lanes;tournament;Mythic Legends Invitational;3;Final;Tiamat;190311;Mesopotamian Myth - Chaos Ancients;3;234;0
2025;2025-09-20;Pantheon Lanes;tournament;Mythic Legends Invitational;3;Final;Tiamat;190311;Mesopotamian Myth - Chaos Ancients;4;207;0
2025;2025-09-20;Pantheon Lanes;tournament;Mythic Legends Invitational;3;Final;Tiamat;190311;Mesopotamian Myth - Chaos Ancients;5;214;0
2025;2025-09-20;Pantheon Lanes;tournament;Mythic Legends Invitational;3;Final;Osiris;179670;Egyptian Myth - Underworld Powers;0;210;0
2025;2025-09-20;Pantheon Lanes;tournament;Mythic Legends Invitational;3;Final;Osiris;179670;Egyptian Myth - Underworld Powers;1;210;0
2025;2025-09-20;Pantheon Lanes;tournament;Mythic Legends Invitational;3;Final;Osiris;179670;Egyptian Myth - Underworld Powers;2;214;0
2025;2025-09-20;Pantheon Lanes;tournament;Mythic Legends Invitational;3;Final;Osiris;179670;Egyptian Myth - Underworld Powers;3;214;0
2025;2025-09-20;Pantheon Lanes;tournament;Mythic Legends Invitational;3;Final;Osiris;179670;Egyptian Myth - Underworld Powers;4;209;0
2025;2025-09-20;Pantheon Lanes;tournament;Mythic Legends Invitational;3;Final;Osiris;179670;Egyptian Myth - Underworld Powers;5;236;0
2025;2025-09-20;Pantheon Lanes;tournament;Mythic Legends Invitational;3;Final;Loki;150650;Norse Myth - Giants & Tricksters;0;206;0
2025;2025-09-20;Pantheon Lanes;tournament;Mythic Legends Invitational;3;Final;Loki;150650;Norse Myth - Giants & Tricksters;1;203;0
2025;2025-09-20;Pantheon Lanes;tournament;Mythic Legends Invitational;3;Final;Loki;150650;Norse Myth - Giants & Tricksters;2;223;0
2025;2025-09-20;Pantheon Lanes;tournament;Mythic Legends Invitational;3;Final;Loki;150650;Norse Myth - Giants & Tricksters;3;193;0
2025;2025-09-20;Pantheon Lanes;tournament;Mythic Legends Invitational;3;Final;Loki;150650;Norse Myth - Giants & Tricksters;4;206;0
2025;2025-09-20;Pantheon Lanes;tournament;Mythic Legends Invitational;3;Final;Loki;150650;Norse Myth - Giants & Tricksters;5;222;0
2025;2025-09-20;Pantheon Lanes;tournament;Mythic Legends Invitational;3;Final;Odin;126765;Norse Myth - Aesir;0;236;0
2025;2025-09-20;Pantheon Lanes;tournament;Mythic Legends Invitational;3;Final;Odin;126765;Norse Myth - Aesir;1;227;0
2025;2025-09-20;Pantheon Lanes;tournament;Mythic Legends Invitational;3;Final;Odin;126765;Norse Myth - Aesir;2;223;0
2025;2025-09-20;Pantheon Lanes;tournament;Mythic Legends Invitational;3;Final;Odin;126765;Norse Myth - Aesir;3;241;0
2025;2025-09-20;Pantheon Lanes;tournament;Mythic Legends Invitational;3;Final;Odin;126765;Norse Myth - Aesir;4;248;0
2025;2025-09-20;Pantheon Lanes;tournament;Mythic Legends Invitational;3;Final;Odin;126765;Norse Myth - Aesir;5;221;0
2025;2025-09-20;Pantheon Lanes;tournament;Mythic Legends Invitational;3;Final;The Dagda;143101;Celtic Myth - Tuatha De Danann;0;221;0
2025;2025-09-20;Pantheon Lanes;tournament;Mythic Legends Invitational;3;Final;The Dagda;143101;Celtic Myth - Tuatha De Danann;1;216;0
2025;2025-09-20;Pantheon Lanes;tournament;Mythic Legends Invitational;3;Final;The Dagda;143101;Celtic Myth - Tuatha De Danann;2;225;0
2025;2025-09-20;Pantheon Lanes;tournament;Mythic Legends Invitational;3;Final;The Dagda;143101;Celtic Myth - Tuatha De Danann;3;218;0
2025;2025-09-20;Pantheon Lanes;tournament;Mythic Legends Invitational;3;Final;The Dagda;143101;Celtic Myth - Tuatha De Danann;4;227;0
2025;2025-09-20;Pantheon Lanes;tournament;Mythic Legends Invitational;3;Final;The Dagda;143101;Celtic Myth - Tuatha De Danann;5;218;0
2025;2025-09-20;Pantheon Lanes;tournament;Mythic Legends Invitational;3;Final;Ravana;126986;Hindu Myth - Asuras;0;169;0
2025;2025-09-20;Pantheon Lanes;tournament;Mythic Legends Invitational;3;Final;Ravana;126986;Hindu Myth - Asuras;1;172;0
2025;2025-09-20;Pantheon Lanes;tournament;Mythic Legends Invitational;3;Final;Ravana;126986;Hindu Myth - Asuras;2;211;0
2025;2025-09-20;Pantheon Lanes;tournament;Mythic Legends Invitational;3;Final;Ravana;126986;Hindu Myth - Asuras;3;192;0
2025;2025-09-20;Pantheon Lanes;tournament;Mythic Legends Invitational;3;Final;Ravana;126986;Hindu Myth - Asuras;4;238;0
2025;2025-09-20;Pantheon Lanes;tournament;Mythic Legends Invitational;3;Final;Ravana;126986;Hindu Myth - Asuras;5;207;0
2025;2025-09-20;Pantheon Lanes;tournament;Mythic Legends Invitational;3;Final;Marduk;188458;Mesopotamian Myth - Sky Kings;0;214;0
2025;2025-09-20;Pantheon Lanes;tournament;Mythic Legends Invitational;3;Final;Marduk;188458;Mesopotamian Myth - Sky Kings;1;220;0
2025;2025-09-20;Pantheon Lanes;tournament;Mythic Legends Invitational;3;Final;Marduk;188458;Mesopotamian Myth - Sky Kings;2;194;0
2025;2025-09-20;Pantheon Lanes;tournament;Mythic Legends Invitational;3;Final;Marduk;188458;Mesopotamian Myth - Sky Kings;3;236;0
2025;2025-09-20;Pantheon Lanes;tournament;Mythic Legends Invitational;3;Final;Marduk;188458;Mesopotamian Myth - Sky Kings;4;222;0
2025;2025-09-20;Pantheon Lanes;tournament;Mythic Legends Invitational;3;Final;Marduk;188458;Mesopotamian Myth - Sky Kings;5;227;0
2025;2025-09-20;Pantheon Lanes;tournament;Mythic Legends Invitational;3;Final;Anubis;175219;Egyptian Myth - Underworld Powers;0;191;0
2025;2025-09-20;Pantheon Lanes;tournament;Mythic Legends Invitational;3;Final;Anubis;175219;Egyptian Myth - Underworld Powers;1;198;0
2025;2025-09-20;Pantheon Lanes;tournament;Mythic Legends Invitational;3;Final;Anubis;175219;Egyptian Myth - Underworld Powers;2;205;0
2025;2025-09-20;Pantheon Lanes;tournament;Mythic Legends Invitational;3;Final;Anubis;175219;Egyptian Myth - Underworld Powers;3;225;0
2025;2025-09-20;Pantheon Lanes;tournament;Mythic Legends Invitational;3;Final;Anubis;175219;Egyptian Myth - Underworld Powers;4;204;0
2025;2025-09-20;Pantheon Lanes;tournament;Mythic Legends Invitational;3;Final;Anubis;175219;Egyptian Myth - Underworld Powers;5;219;0
2025;2025-09-20;Pantheon Lanes;tournament;Mythic Legends Invitational;3;Final;Mahishasura;137200;Hindu Myth - Asuras;0;236;0
2025;2025-09-20;Pantheon Lanes;tournament;Mythic Legends Invitational;3;Final;Mahishasura;137200;Hindu Myth - Asuras;1;185;0
2025;2025-09-20;Pantheon Lanes;tournament;Mythic Legends Invitational;3;Final;Mahishasura;137200;Hindu Myth - Asuras;2;223;0
2025;2025-09-20;Pantheon Lanes;tournament;Mythic Legends Invitational;3;Final;Mahishasura;137200;Hindu Myth - Asuras;3;199;0
2025;2025-09-20;Pantheon Lanes;tournament;Mythic Legends Invitational;3;Final;Mahishasura;137200;Hindu Myth - Asuras;4;241;0
2025;2025-09-20;Pantheon Lanes;tournament;Mythic Legends Invitational;3;Final;Mahishasura;137200;Hindu Myth - Asuras;5;216;0
2025;2025-09-20;Pantheon Lanes;tournament;Mythic Legends Invitational;3;Final;Thor;151201;Norse Myth - Aesir;0;205;0
2025;2025-09-20;Pantheon Lanes;tournament;Mythic Legends Invitational;3;Final;Thor;151201;Norse Myth - Aesir;1;215;0
2025;2025-09-20;Pantheon Lanes;tournament;Mythic Legends Invitational;3;Final;Thor;151201;Norse Myth - Aesir;2;201;0
2025;2025-09-20;Pantheon Lanes;tournament;Mythic Legends Invitational;3;Final;Thor;151201;Norse Myth - Aesir;3;234;0
2025;2025-09-20;Pantheon Lanes;tournament;Mythic Legends Invitational;3;Final;Thor;151201;Norse Myth - Aesir;4;198;0
2025;2025-09-20;Pantheon Lanes;tournament;Mythic Legends Invitational;3;Final;Thor;151201;Norse Myth - Aesir;5;212;0
2025;2025-09-20;Pantheon Lanes;tournament;Mythic Legends Invitational;3;Final;Bastet;182554;Egyptian Myth - Solar Court;0;182;0
2025;2025-09-20;Pantheon Lanes;tournament;Mythic Legends Invitational;3;Final;Bastet;182554;Egyptian Myth - Solar Court;1;201;0
2025;2025-09-20;Pantheon Lanes;tournament;Mythic Legends Invitational;3;Final;Bastet;182554;Egyptian Myth - Solar Court;2;218;0
2025;2025-09-20;Pantheon Lanes;tournament;Mythic Legends Invitational;3;Final;Bastet;182554;Egyptian Myth - Solar Court;3;209;0
2025;2025-09-20;Pantheon Lanes;tournament;Mythic Legends Invitational;3;Final;Bastet;182554;Egyptian Myth - Solar Court;4;201;0
2025;2025-09-20;Pantheon Lanes;tournament;Mythic Legends Invitational;3;Final;Bastet;182554;Egyptian Myth - Solar Court;5;190;0
2025;2025-09-20;Pantheon Lanes;tournament;Mythic Legends Invitational;3;Final;Athena;142739;Greek Myth - Olympians;0;175;0
2025;2025-09-20;Pantheon Lanes;tournament;Mythic Legends Invitational;3;Final;Athena;142739;Greek Myth - Olympians;1;183;0
2025;2025-09-20;Pantheon Lanes;tournament;Mythic Legends Invitational;3;Final;Athena;142739;Greek Myth - Olympians;2;220;0
2025;2025-09-20;Pantheon Lanes;tournament;Mythic Legends Invitational;3;Final;Athena;142739;Greek Myth - Olympians;3;183;0
2025;2025-09-20;Pantheon Lanes;tournament;Mythic Legends Invitational;3;Final;Athena;142739;Greek Myth - Olympians;4;178;0
2025;2025-09-20;Pantheon Lanes;tournament;Mythic Legends Invitational;3;Final;Athena;142739;Greek Myth - Olympians;5;199;0
2025;2025-09-20;Pantheon Lanes;tournament;Mythic Legends Invitational;3;Final;Fenrir;162230;Norse Myth - Giants & Tricksters;0;196;0
2025;2025-09-20;Pantheon Lanes;tournament;Mythic Legends Invitational;3;Final;Fenrir;162230;Norse Myth - Giants & Tricksters;1;197;0
2025;2025-09-20;Pantheon Lanes;tournament;Mythic Legends Invitational;3;Final;Fenrir;162230;Norse Myth - Giants & Tricksters;2;180;0
2025;2025-09-20;Pantheon Lanes;tournament;Mythic Legends Invitational;3;Final;Fenrir;162230;Norse Myth - Giants & Tricksters;3;214;0
2025;2025-09-20;Pantheon Lanes;tournament;Mythic Legends Invitational;3;Final;Fenrir;162230;Norse Myth - Giants & Tricksters;4;184;0
2025;2025-09-20;Pantheon Lanes;tournament;Mythic Legends Invitational;3;Final;Fenrir;162230;Norse Myth - Giants & Tricksters;5;199;0
2025;2025-09-20;Pantheon Lanes;tournament;Mythic Legends Invitational;3;Final;Horus;174473;Egyptian Myth - Solar Court;0;178;0
2025;2025-09-20;Pantheon Lanes;tournament;Mythic Legends Invitational;3;Final;Horus;174473;Egyptian Myth - Solar Court;1;180;0
2025;2025-09-20;Pantheon Lanes;tournament;Mythic Legends Invitational;3;Final;Horus;174473;Egyptian Myth - Solar Court;2;182;0
2025;2025-09-20;Pantheon Lanes;tournament;Mythic Legends Invitational;3;Final;Horus;174473;Egyptian Myth - Solar Court;3;227;0
2025;2025-09-20;Pantheon Lanes;tournament;Mythic Legends Invitational;3;Final;Horus;174473;Egyptian Myth - Solar Court;4;213;0
2025;2025-09-20;Pantheon Lanes;tournament;Mythic Legends Invitational;3;Final;Horus;174473;Egyptian Myth - Solar Court;5;203;0
2025;2025-09-20;Pantheon Lanes;tournament;Mythic Legends Invitational;3;Final;Lugh;174647;Celtic Myth - Tuatha De Danann;0;192;0
2025;2025-09-20;Pantheon Lanes;tournament;Mythic Legends Invitational;3;Final;Lugh;174647;Celtic Myth - Tuatha De Danann;1;194;0
2025;2025-09-20;Pantheon Lanes;tournament;Mythic Legends Invitational;3;Final;Lugh;174647;Celtic Myth - Tuatha De Danann;2;211;0
2025;2025-09-20;Pantheon Lanes;tournament;Mythic Legends Invitational;3;Final;Lugh;174647;Celtic Myth - Tuatha De Danann;3;202;0
2025;2025-09-20;Pantheon Lanes;tournament;Mythic Legends Invitational;3;Final;Lugh;174647;Celtic Myth - Tuatha De Danann;4;204;0
2025;2025-09-20;Pantheon Lanes;tournament;Mythic Legends Invitational;3;Final;Lugh;174647;Celtic Myth - Tuatha De Danann;5;217;0
2025;2025-09-20;Pantheon Lanes;tournament;Mythic Legends Invitational;3;Final;Bres;112221;Celtic Myth - Fomorians;0;208;0
2025;2025-09-20;Pantheon Lanes;tournament;Mythic Legends Invitational;3;Final;Bres;112221;Celtic Myth - Fomorians;1;214;0
2025;2025-09-20;Pantheon Lanes;tournament;Mythic Legends Invitational;3;Final;Bres;112221;Celtic Myth - Fomorians;2;204;0
2025;2025-09-20;Pantheon Lanes;tournament;Mythic Legends Invitational;3;Final;Bres;112221;Celtic Myth - Fomorians;3;212;0
2025;2025-09-20;Pantheon Lanes;tournament;Mythic Legends Invitational;3;Final;Bres;112221;Celtic Myth - Fomorians;4;206;0
2025;2025-09-20;Pantheon Lanes;tournament;Mythic Legends Invitational;3;Final;Bres;112221;Celtic Myth - Fomorians;5;206;0
2026;2026-09-18;Pantheon Lanes;tournament;Mythic Legends Invitational;1;Qualifying;Zeus;139274;Greek Myth - Olympians;0;209;0
2026;2026-09-18;Pantheon Lanes;tournament;Mythic Legends Invitational;1;Qualifying;Zeus;139274;Greek Myth - Olympians;1;224;0
2026;2026-09-18;Pantheon Lanes;tournament;Mythic Legends Invitational;1;Qualifying;Zeus;139274;Greek Myth - Olympians;2;209;0
2026;2026-09-18;Pantheon Lanes;tournament;Mythic Legends Invitational;1;Qualifying;Zeus;139274;Greek Myth - Olympians;3;217;0
2026;2026-09-18;Pantheon Lanes;tournament;Mythic Legends Invitational;1;Qualifying;Zeus;139274;Greek Myth - Olympians;4;218;0
2026;2026-09-18;Pantheon Lanes;tournament;Mythic Legends Invitational;1;Qualifying;Zeus;139274;Greek Myth - Olympians;5;211;0
2026;2026-09-18;Pantheon Lanes;tournament;Mythic Legends Invitational;1;Qualifying;Zeus;139274;Greek Myth - Olympians;6;220;0
2026;2026-09-18;Pantheon Lanes;tournament;Mythic Legends Invitational;1;Qualifying;Zeus;139274;Greek Myth - Olympians;7;230;0
2026;2026-09-18;Pantheon Lanes;tournament;Mythic Legends Invitational;1;Qualifying;Athena;142739;Greek Myth - Olympians;0;183;0
2026;2026-09-18;Pantheon Lanes;tournament;Mythic Legends Invitational;1;Qualifying;Athena;142739;Greek Myth - Olympians;1;173;0
2026;2026-09-18;Pantheon Lanes;tournament;Mythic Legends Invitational;1;Qualifying;Athena;142739;Greek Myth - Olympians;2;183;0
2026;2026-09-18;Pantheon Lanes;tournament;Mythic Legends Invitational;1;Qualifying;Athena;142739;Greek Myth - Olympians;3;189;0
2026;2026-09-18;Pantheon Lanes;tournament;Mythic Legends Invitational;1;Qualifying;Athena;142739;Greek Myth - Olympians;4;210;0
2026;2026-09-18;Pantheon Lanes;tournament;Mythic Legends Invitational;1;Qualifying;Athena;142739;Greek Myth - Olympians;5;226;0
2026;2026-09-18;Pantheon Lanes;tournament;Mythic Legends Invitational;1;Qualifying;Athena;142739;Greek Myth - Olympians;6;188;0
2026;2026-09-18;Pantheon Lanes;tournament;Mythic Legends Invitational;1;Qualifying;Athena;142739;Greek Myth - Olympians;7;222;0
2026;2026-09-18;Pantheon Lanes;tournament;Mythic Legends Invitational;1;Qualifying;Apollo;176933;Greek Myth - Olympians;0;202;0
2026;2026-09-18;Pantheon Lanes;tournament;Mythic Legends Invitational;1;Qualifying;Apollo;176933;Greek Myth - Olympians;1;196;0
2026;2026-09-18;Pantheon Lanes;tournament;Mythic Legends Invitational;1;Qualifying;Apollo;176933;Greek Myth - Olympians;2;172;0
2026;2026-09-18;Pantheon Lanes;tournament;Mythic Legends Invitational;1;Qualifying;Apollo;176933;Greek Myth - Olympians;3;180;0
2026;2026-09-18;Pantheon Lanes;tournament;Mythic Legends Invitational;1;Qualifying;Apollo;176933;Greek Myth - Olympians;4;191;0
2026;2026-09-18;Pantheon Lanes;tournament;Mythic Legends Invitational;1;Qualifying;Apollo;176933;Greek Myth - Olympians;5;205;0
2026;2026-09-18;Pantheon Lanes;tournament;Mythic Legends Invitational;1;Qualifying;Apollo;176933;Greek Myth - Olympians;6;159;0
2026;2026-09-18;Pantheon Lanes;tournament;Mythic Legends Invitational;1;Qualifying;Apollo;176933;Greek Myth - Olympians;7;252;0
2026;2026-09-18;Pantheon Lanes;tournament;Mythic Legends Invitational;1;Qualifying;Artemis;103046;Greek Myth - Olympians;0;171;0
2026;2026-09-18;Pantheon Lanes;tournament;Mythic Legends Invitational;1;Qualifying;Artemis;103046;Greek Myth - Olympians;1;158;0
2026;2026-09-18;Pantheon Lanes;tournament;Mythic Legends Invitational;1;Qualifying;Artemis;103046;Greek Myth - Olympians;2;161;0
2026;2026-09-18;Pantheon Lanes;tournament;Mythic Legends Invitational;1;Qualifying;Artemis;103046;Greek Myth - Olympians;3;176;0
2026;2026-09-18;Pantheon Lanes;tournament;Mythic Legends Invitational;1;Qualifying;Artemis;103046;Greek Myth - Olympians;4;170;0
2026;2026-09-18;Pantheon Lanes;tournament;Mythic Legends Invitational;1;Qualifying;Artemis;103046;Greek Myth - Olympians;5;179;0
2026;2026-09-18;Pantheon Lanes;tournament;Mythic Legends Invitational;1;Qualifying;Artemis;103046;Greek Myth - Olympians;6;191;0
2026;2026-09-18;Pantheon Lanes;tournament;Mythic Legends Invitational;1;Qualifying;Artemis;103046;Greek Myth - Olympians;7;182;0
2026;2026-09-18;Pantheon Lanes;tournament;Mythic Legends Invitational;1;Qualifying;Cronus;174393;Greek Myth - Titans & Primordials;0;231;0
2026;2026-09-18;Pantheon Lanes;tournament;Mythic Legends Invitational;1;Qualifying;Cronus;174393;Greek Myth - Titans & Primordials;1;196;0
2026;2026-09-18;Pantheon Lanes;tournament;Mythic Legends Invitational;1;Qualifying;Cronus;174393;Greek Myth - Titans & Primordials;2;194;0
2026;2026-09-18;Pantheon Lanes;tournament;Mythic Legends Invitational;1;Qualifying;Cronus;174393;Greek Myth - Titans & Primordials;3;214;0
2026;2026-09-18;Pantheon Lanes;tournament;Mythic Legends Invitational;1;Qualifying;Cronus;174393;Greek Myth - Titans & Primordials;4;192;0
2026;2026-09-18;Pantheon Lanes;tournament;Mythic Legends Invitational;1;Qualifying;Cronus;174393;Greek Myth - Titans & Primordials;5;209;0
2026;2026-09-18;Pantheon Lanes;tournament;Mythic Legends Invitational;1;Qualifying;Cronus;174393;Greek Myth - Titans & Primordials;6;222;0
2026;2026-09-18;Pantheon Lanes;tournament;Mythic Legends Invitational;1;Qualifying;Cronus;174393;Greek Myth - Titans & Primordials;7;223;0
2026;2026-09-18;Pantheon Lanes;tournament;Mythic Legends Invitational;1;Qualifying;Rhea;104221;Greek Myth - Titans & Primordials;0;199;0
2026;2026-09-18;Pantheon Lanes;tournament;Mythic Legends Invitational;1;Qualifying;Rhea;104221;Greek Myth - Titans & Primordials;1;193;0
2026;2026-09-18;Pantheon Lanes;tournament;Mythic Legends Invitational;1;Qualifying;Rhea;104221;Greek Myth - Titans & Primordials;2;213;0
2026;2026-09-18;Pantheon Lanes;tournament;Mythic Legends Invitational;1;Qualifying;Rhea;104221;Greek Myth - Titans & Primordials;3;184;0
2026;2026-09-18;Pantheon Lanes;tournament;Mythic Legends Invitational;1;Qualifying;Rhea;104221;Greek Myth - Titans & Primordials;4;190;0
2026;2026-09-18;Pantheon Lanes;tournament;Mythic Legends Invitational;1;Qualifying;Rhea;104221;Greek Myth - Titans & Primordials;5;203;0
2026;2026-09-18;Pantheon Lanes;tournament;Mythic Legends Invitational;1;Qualifying;Rhea;104221;Greek Myth - Titans & Primordials;6;170;0
2026;2026-09-18;Pantheon Lanes;tournament;Mythic Legends Invitational;1;Qualifying;Rhea;104221;Greek Myth - Titans & Primordials;7;233;0
2026;2026-09-18;Pantheon Lanes;tournament;Mythic Legends Invitational;1;Qualifying;Atlas;118236;Greek Myth - Titans & Primordials;0;177;0
2026;2026-09-18;Pantheon Lanes;tournament;Mythic Legends Invitational;1;Qualifying;Atlas;118236;Greek Myth - Titans & Primordials;1;167;0
2026;2026-09-18;Pantheon Lanes;tournament;Mythic Legends Invitational;1;Qualifying;Atlas;118236;Greek Myth - Titans & Primordials;2;173;0
2026;2026-09-18;Pantheon Lanes;tournament;Mythic Legends Invitational;1;Qualifying;Atlas;118236;Greek Myth - Titans & Primordials;3;175;0
2026;2026-09-18;Pantheon Lanes;tournament;Mythic Legends Invitational;1;Qualifying;Atlas;118236;Greek Myth - Titans & Primordials;4;198;0
2026;2026-09-18;Pantheon Lanes;tournament;Mythic Legends Invitational;1;Qualifying;Atlas;118236;Greek Myth - Titans & Primordials;5;192;0
2026;2026-09-18;Pantheon Lanes;tournament;Mythic Legends Invitational;1;Qualifying;Atlas;118236;Greek Myth - Titans & Primordials;6;167;0
2026;2026-09-18;Pantheon Lanes;tournament;Mythic Legends Invitational;1;Qualifying;Atlas;118236;Greek Myth - Titans & Primordials;7;199;0
2026;2026-09-18;Pantheon Lanes;tournament;Mythic Legends Invitational;1;Qualifying;Hyperion;120144;Greek Myth - Titans & Primordials;0;166;0
2026;2026-09-18;Pantheon Lanes;tournament;Mythic Legends Invitational;1;Qualifying;Hyperion;120144;Greek Myth - Titans & Primordials;1;146;0
2026;2026-09-18;Pantheon Lanes;tournament;Mythic Legends Invitational;1;Qualifying;Hyperion;120144;Greek Myth - Titans & Primordials;2;163;0
2026;2026-09-18;Pantheon Lanes;tournament;Mythic Legends Invitational;1;Qualifying;Hyperion;120144;Greek Myth - Titans & Primordials;3;175;0
2026;2026-09-18;Pantheon Lanes;tournament;Mythic Legends Invitational;1;Qualifying;Hyperion;120144;Greek Myth - Titans & Primordials;4;155;0
2026;2026-09-18;Pantheon Lanes;tournament;Mythic Legends Invitational;1;Qualifying;Hyperion;120144;Greek Myth - Titans & Primordials;5;190;0
2026;2026-09-18;Pantheon Lanes;tournament;Mythic Legends Invitational;1;Qualifying;Hyperion;120144;Greek Myth - Titans & Primordials;6;141;0
2026;2026-09-18;Pantheon Lanes;tournament;Mythic Legends Invitational;1;Qualifying;Hyperion;120144;Greek Myth - Titans & Primordials;7;176;0
2026;2026-09-18;Pantheon Lanes;tournament;Mythic Legends Invitational;1;Qualifying;Ra;143286;Egyptian Myth - Solar Court;0;203;0
2026;2026-09-18;Pantheon Lanes;tournament;Mythic Legends Invitational;1;Qualifying;Ra;143286;Egyptian Myth - Solar Court;1;205;0
2026;2026-09-18;Pantheon Lanes;tournament;Mythic Legends Invitational;1;Qualifying;Ra;143286;Egyptian Myth - Solar Court;2;191;0
2026;2026-09-18;Pantheon Lanes;tournament;Mythic Legends Invitational;1;Qualifying;Ra;143286;Egyptian Myth - Solar Court;3;200;0
2026;2026-09-18;Pantheon Lanes;tournament;Mythic Legends Invitational;1;Qualifying;Ra;143286;Egyptian Myth - Solar Court;4;214;0
2026;2026-09-18;Pantheon Lanes;tournament;Mythic Legends Invitational;1;Qualifying;Ra;143286;Egyptian Myth - Solar Court;5;169;0
2026;2026-09-18;Pantheon Lanes;tournament;Mythic Legends Invitational;1;Qualifying;Ra;143286;Egyptian Myth - Solar Court;6;199;0
2026;2026-09-18;Pantheon Lanes;tournament;Mythic Legends Invitational;1;Qualifying;Ra;143286;Egyptian Myth - Solar Court;7;170;0
2026;2026-09-18;Pantheon Lanes;tournament;Mythic Legends Invitational;1;Qualifying;Horus;174473;Egyptian Myth - Solar Court;0;170;0
2026;2026-09-18;Pantheon Lanes;tournament;Mythic Legends Invitational;1;Qualifying;Horus;174473;Egyptian Myth - Solar Court;1;187;0
2026;2026-09-18;Pantheon Lanes;tournament;Mythic Legends Invitational;1;Qualifying;Horus;174473;Egyptian Myth - Solar Court;2;181;0
2026;2026-09-18;Pantheon Lanes;tournament;Mythic Legends Invitational;1;Qualifying;Horus;174473;Egyptian Myth - Solar Court;3;194;0
2026;2026-09-18;Pantheon Lanes;tournament;Mythic Legends Invitational;1;Qualifying;Horus;174473;Egyptian Myth - Solar Court;4;158;0
2026;2026-09-18;Pantheon Lanes;tournament;Mythic Legends Invitational;1;Qualifying;Horus;174473;Egyptian Myth - Solar Court;5;192;0
2026;2026-09-18;Pantheon Lanes;tournament;Mythic Legends Invitational;1;Qualifying;Horus;174473;Egyptian Myth - Solar Court;6;171;0
2026;2026-09-18;Pantheon Lanes;tournament;Mythic Legends Invitational;1;Qualifying;Horus;174473;Egyptian Myth - Solar Court;7;193;0
2026;2026-09-18;Pantheon Lanes;tournament;Mythic Legends Invitational;1;Qualifying;Bastet;182554;Egyptian Myth - Solar Court;0;192;0
2026;2026-09-18;Pantheon Lanes;tournament;Mythic Legends Invitational;1;Qualifying;Bastet;182554;Egyptian Myth - Solar Court;1;177;0
2026;2026-09-18;Pantheon Lanes;tournament;Mythic Legends Invitational;1;Qualifying;Bastet;182554;Egyptian Myth - Solar Court;2;184;0
2026;2026-09-18;Pantheon Lanes;tournament;Mythic Legends Invitational;1;Qualifying;Bastet;182554;Egyptian Myth - Solar Court;3;199;0
2026;2026-09-18;Pantheon Lanes;tournament;Mythic Legends Invitational;1;Qualifying;Bastet;182554;Egyptian Myth - Solar Court;4;203;0
2026;2026-09-18;Pantheon Lanes;tournament;Mythic Legends Invitational;1;Qualifying;Bastet;182554;Egyptian Myth - Solar Court;5;205;0
2026;2026-09-18;Pantheon Lanes;tournament;Mythic Legends Invitational;1;Qualifying;Bastet;182554;Egyptian Myth - Solar Court;6;210;0
2026;2026-09-18;Pantheon Lanes;tournament;Mythic Legends Invitational;1;Qualifying;Bastet;182554;Egyptian Myth - Solar Court;7;210;0
2026;2026-09-18;Pantheon Lanes;tournament;Mythic Legends Invitational;1;Qualifying;Thoth;179036;Egyptian Myth - Solar Court;0;171;0
2026;2026-09-18;Pantheon Lanes;tournament;Mythic Legends Invitational;1;Qualifying;Thoth;179036;Egyptian Myth - Solar Court;1;160;0
2026;2026-09-18;Pantheon Lanes;tournament;Mythic Legends Invitational;1;Qualifying;Thoth;179036;Egyptian Myth - Solar Court;2;166;0
2026;2026-09-18;Pantheon Lanes;tournament;Mythic Legends Invitational;1;Qualifying;Thoth;179036;Egyptian Myth - Solar Court;3;173;0
2026;2026-09-18;Pantheon Lanes;tournament;Mythic Legends Invitational;1;Qualifying;Thoth;179036;Egyptian Myth - Solar Court;4;172;0
2026;2026-09-18;Pantheon Lanes;tournament;Mythic Legends Invitational;1;Qualifying;Thoth;179036;Egyptian Myth - Solar Court;5;162;0
2026;2026-09-18;Pantheon Lanes;tournament;Mythic Legends Invitational;1;Qualifying;Thoth;179036;Egyptian Myth - Solar Court;6;176;0
2026;2026-09-18;Pantheon Lanes;tournament;Mythic Legends Invitational;1;Qualifying;Thoth;179036;Egyptian Myth - Solar Court;7;160;0
2026;2026-09-18;Pantheon Lanes;tournament;Mythic Legends Invitational;1;Qualifying;Osiris;179670;Egyptian Myth - Underworld Powers;0;217;0
2026;2026-09-18;Pantheon Lanes;tournament;Mythic Legends Invitational;1;Qualifying;Osiris;179670;Egyptian Myth - Underworld Powers;1;199;0
2026;2026-09-18;Pantheon Lanes;tournament;Mythic Legends Invitational;1;Qualifying;Osiris;179670;Egyptian Myth - Underworld Powers;2;214;0
2026;2026-09-18;Pantheon Lanes;tournament;Mythic Legends Invitational;1;Qualifying;Osiris;179670;Egyptian Myth - Underworld Powers;3;213;0
2026;2026-09-18;Pantheon Lanes;tournament;Mythic Legends Invitational;1;Qualifying;Osiris;179670;Egyptian Myth - Underworld Powers;4;207;0
2026;2026-09-18;Pantheon Lanes;tournament;Mythic Legends Invitational;1;Qualifying;Osiris;179670;Egyptian Myth - Underworld Powers;5;197;0
2026;2026-09-18;Pantheon Lanes;tournament;Mythic Legends Invitational;1;Qualifying;Osiris;179670;Egyptian Myth - Underworld Powers;6;212;0
2026;2026-09-18;Pantheon Lanes;tournament;Mythic Legends Invitational;1;Qualifying;Osiris;179670;Egyptian Myth - Underworld Powers;7;190;0
2026;2026-09-18;Pantheon Lanes;tournament;Mythic Legends Invitational;1;Qualifying;Anubis;175219;Egyptian Myth - Underworld Powers;0;218;0
2026;2026-09-18;Pantheon Lanes;tournament;Mythic Legends Invitational;1;Qualifying;Anubis;175219;Egyptian Myth - Underworld Powers;1;201;0
2026;2026-09-18;Pantheon Lanes;tournament;Mythic Legends Invitational;1;Qualifying;Anubis;175219;Egyptian Myth - Underworld Powers;2;211;0
2026;2026-09-18;Pantheon Lanes;tournament;Mythic Legends Invitational;1;Qualifying;Anubis;175219;Egyptian Myth - Underworld Powers;3;218;0
2026;2026-09-18;Pantheon Lanes;tournament;Mythic Legends Invitational;1;Qualifying;Anubis;175219;Egyptian Myth - Underworld Powers;4;210;0
2026;2026-09-18;Pantheon Lanes;tournament;Mythic Legends Invitational;1;Qualifying;Anubis;175219;Egyptian Myth - Underworld Powers;5;195;0
2026;2026-09-18;Pantheon Lanes;tournament;Mythic Legends Invitational;1;Qualifying;Anubis;175219;Egyptian Myth - Underworld Powers;6;211;0
2026;2026-09-18;Pantheon Lanes;tournament;Mythic Legends Invitational;1;Qualifying;Anubis;175219;Egyptian Myth - Underworld Powers;7;196;0
2026;2026-09-18;Pantheon Lanes;tournament;Mythic Legends Invitational;1;Qualifying;Set;151234;Egyptian Myth - Underworld Powers;0;147;0
2026;2026-09-18;Pantheon Lanes;tournament;Mythic Legends Invitational;1;Qualifying;Set;151234;Egyptian Myth - Underworld Powers;1;181;0
2026;2026-09-18;Pantheon Lanes;tournament;Mythic Legends Invitational;1;Qualifying;Set;151234;Egyptian Myth - Underworld Powers;2;175;0
2026;2026-09-18;Pantheon Lanes;tournament;Mythic Legends Invitational;1;Qualifying;Set;151234;Egyptian Myth - Underworld Powers;3;197;0
2026;2026-09-18;Pantheon Lanes;tournament;Mythic Legends Invitational;1;Qualifying;Set;151234;Egyptian Myth - Underworld Powers;4;180;0
2026;2026-09-18;Pantheon Lanes;tournament;Mythic Legends Invitational;1;Qualifying;Set;151234;Egyptian Myth - Underworld Powers;5;200;0
2026;2026-09-18;Pantheon Lanes;tournament;Mythic Legends Invitational;1;Qualifying;Set;151234;Egyptian Myth - Underworld Powers;6;186;0
2026;2026-09-18;Pantheon Lanes;tournament;Mythic Legends Invitational;1;Qualifying;Set;151234;Egyptian Myth - Underworld Powers;7;175;0
2026;2026-09-18;Pantheon Lanes;tournament;Mythic Legends Invitational;1;Qualifying;Sekhmet;149980;Egyptian Myth - Underworld Powers;0;174;0
2026;2026-09-18;Pantheon Lanes;tournament;Mythic Legends Invitational;1;Qualifying;Sekhmet;149980;Egyptian Myth - Underworld Powers;1;157;0
2026;2026-09-18;Pantheon Lanes;tournament;Mythic Legends Invitational;1;Qualifying;Sekhmet;149980;Egyptian Myth - Underworld Powers;2;167;0
2026;2026-09-18;Pantheon Lanes;tournament;Mythic Legends Invitational;1;Qualifying;Sekhmet;149980;Egyptian Myth - Underworld Powers;3;178;0
2026;2026-09-18;Pantheon Lanes;tournament;Mythic Legends Invitational;1;Qualifying;Sekhmet;149980;Egyptian Myth - Underworld Powers;4;167;0
2026;2026-09-18;Pantheon Lanes;tournament;Mythic Legends Invitational;1;Qualifying;Sekhmet;149980;Egyptian Myth - Underworld Powers;5;166;0
2026;2026-09-18;Pantheon Lanes;tournament;Mythic Legends Invitational;1;Qualifying;Sekhmet;149980;Egyptian Myth - Underworld Powers;6;167;0
2026;2026-09-18;Pantheon Lanes;tournament;Mythic Legends Invitational;1;Qualifying;Sekhmet;149980;Egyptian Myth - Underworld Powers;7;174;0
2026;2026-09-18;Pantheon Lanes;tournament;Mythic Legends Invitational;1;Qualifying;Odin;126765;Norse Myth - Aesir;0;231;0
2026;2026-09-18;Pantheon Lanes;tournament;Mythic Legends Invitational;1;Qualifying;Odin;126765;Norse Myth - Aesir;1;221;0
2026;2026-09-18;Pantheon Lanes;tournament;Mythic Legends Invitational;1;Qualifying;Odin;126765;Norse Myth - Aesir;2;218;0
2026;2026-09-18;Pantheon Lanes;tournament;Mythic Legends Invitational;1;Qualifying;Odin;126765;Norse Myth - Aesir;3;214;0
2026;2026-09-18;Pantheon Lanes;tournament;Mythic Legends Invitational;1;Qualifying;Odin;126765;Norse Myth - Aesir;4;222;0
2026;2026-09-18;Pantheon Lanes;tournament;Mythic Legends Invitational;1;Qualifying;Odin;126765;Norse Myth - Aesir;5;183;0
2026;2026-09-18;Pantheon Lanes;tournament;Mythic Legends Invitational;1;Qualifying;Odin;126765;Norse Myth - Aesir;6;240;0
2026;2026-09-18;Pantheon Lanes;tournament;Mythic Legends Invitational;1;Qualifying;Odin;126765;Norse Myth - Aesir;7;194;0
2026;2026-09-18;Pantheon Lanes;tournament;Mythic Legends Invitational;1;Qualifying;Thor;151201;Norse Myth - Aesir;0;194;0
2026;2026-09-18;Pantheon Lanes;tournament;Mythic Legends Invitational;1;Qualifying;Thor;151201;Norse Myth - Aesir;1;197;0
2026;2026-09-18;Pantheon Lanes;tournament;Mythic Legends Invitational;1;Qualifying;Thor;151201;Norse Myth - Aesir;2;213;0
2026;2026-09-18;Pantheon Lanes;tournament;Mythic Legends Invitational;1;Qualifying;Thor;151201;Norse Myth - Aesir;3;204;0
2026;2026-09-18;Pantheon Lanes;tournament;Mythic Legends Invitational;1;Qualifying;Thor;151201;Norse Myth - Aesir;4;217;0
2026;2026-09-18;Pantheon Lanes;tournament;Mythic Legends Invitational;1;Qualifying;Thor;151201;Norse Myth - Aesir;5;212;0
2026;2026-09-18;Pantheon Lanes;tournament;Mythic Legends Invitational;1;Qualifying;Thor;151201;Norse Myth - Aesir;6;208;0
2026;2026-09-18;Pantheon Lanes;tournament;Mythic Legends Invitational;1;Qualifying;Thor;151201;Norse Myth - Aesir;7;227;0
2026;2026-09-18;Pantheon Lanes;tournament;Mythic Legends Invitational;1;Qualifying;Tyr;108350;Norse Myth - Aesir;0;198;0
2026;2026-09-18;Pantheon Lanes;tournament;Mythic Legends Invitational;1;Qualifying;Tyr;108350;Norse Myth - Aesir;1;167;0
2026;2026-09-18;Pantheon Lanes;tournament;Mythic Legends Invitational;1;Qualifying;Tyr;108350;Norse Myth - Aesir;2;166;0
2026;2026-09-18;Pantheon Lanes;tournament;Mythic Legends Invitational;1;Qualifying;Tyr;108350;Norse Myth - Aesir;3;189;0
2026;2026-09-18;Pantheon Lanes;tournament;Mythic Legends Invitational;1;Qualifying;Tyr;108350;Norse Myth - Aesir;4;191;0
2026;2026-09-18;Pantheon Lanes;tournament;Mythic Legends Invitational;1;Qualifying;Tyr;108350;Norse Myth - Aesir;5;185;0
2026;2026-09-18;Pantheon Lanes;tournament;Mythic Legends Invitational;1;Qualifying;Tyr;108350;Norse Myth - Aesir;6;174;0
2026;2026-09-18;Pantheon Lanes;tournament;Mythic Legends Invitational;1;Qualifying;Tyr;108350;Norse Myth - Aesir;7;193;0
2026;2026-09-18;Pantheon Lanes;tournament;Mythic Legends Invitational;1;Qualifying;Frigg;170056;Norse Myth - Aesir;0;175;0
2026;2026-09-18;Pantheon Lanes;tournament;Mythic Legends Invitational;1;Qualifying;Frigg;170056;Norse Myth - Aesir;1;189;0
2026;2026-09-18;Pantheon Lanes;tournament;Mythic Legends Invitational;1;Qualifying;Frigg;170056;Norse Myth - Aesir;2;171;0
2026;2026-09-18;Pantheon Lanes;tournament;Mythic Legends Invitational;1;Qualifying;Frigg;170056;Norse Myth - Aesir;3;185;0
2026;2026-09-18;Pantheon Lanes;tournament;Mythic Legends Invitational;1;Qualifying;Frigg;170056;Norse Myth - Aesir;4;173;0
2026;2026-09-18;Pantheon Lanes;tournament;Mythic Legends Invitational;1;Qualifying;Frigg;170056;Norse Myth - Aesir;5;180;0
2026;2026-09-18;Pantheon Lanes;tournament;Mythic Legends Invitational;1;Qualifying;Frigg;170056;Norse Myth - Aesir;6;183;0
2026;2026-09-18;Pantheon Lanes;tournament;Mythic Legends Invitational;1;Qualifying;Frigg;170056;Norse Myth - Aesir;7;183;0
2026;2026-09-18;Pantheon Lanes;tournament;Mythic Legends Invitational;1;Qualifying;Loki;150650;Norse Myth - Giants & Tricksters;0;205;0
2026;2026-09-18;Pantheon Lanes;tournament;Mythic Legends Invitational;1;Qualifying;Loki;150650;Norse Myth - Giants & Tricksters;1;213;0
2026;2026-09-18;Pantheon Lanes;tournament;Mythic Legends Invitational;1;Qualifying;Loki;150650;Norse Myth - Giants & Tricksters;2;204;0
2026;2026-09-18;Pantheon Lanes;tournament;Mythic Legends Invitational;1;Qualifying;Loki;150650;Norse Myth - Giants & Tricksters;3;211;0
2026;2026-09-18;Pantheon Lanes;tournament;Mythic Legends Invitational;1;Qualifying;Loki;150650;Norse Myth - Giants & Tricksters;4;236;0
2026;2026-09-18;Pantheon Lanes;tournament;Mythic Legends Invitational;1;Qualifying;Loki;150650;Norse Myth - Giants & Tricksters;5;229;0
2026;2026-09-18;Pantheon Lanes;tournament;Mythic Legends Invitational;1;Qualifying;Loki;150650;Norse Myth - Giants & Tricksters;6;222;0
2026;2026-09-18;Pantheon Lanes;tournament;Mythic Legends Invitational;1;Qualifying;Loki;150650;Norse Myth - Giants & Tricksters;7;222;0
2026;2026-09-18;Pantheon Lanes;tournament;Mythic Legends Invitational;1;Qualifying;Hel;124685;Norse Myth - Giants & Tricksters;0;170;0
2026;2026-09-18;Pantheon Lanes;tournament;Mythic Legends Invitational;1;Qualifying;Hel;124685;Norse Myth - Giants & Tricksters;1;176;0
2026;2026-09-18;Pantheon Lanes;tournament;Mythic Legends Invitational;1;Qualifying;Hel;124685;Norse Myth - Giants & Tricksters;2;200;0
2026;2026-09-18;Pantheon Lanes;tournament;Mythic Legends Invitational;1;Qualifying;Hel;124685;Norse Myth - Giants & Tricksters;3;176;0
2026;2026-09-18;Pantheon Lanes;tournament;Mythic Legends Invitational;1;Qualifying;Hel;124685;Norse Myth - Giants & Tricksters;4;187;0
2026;2026-09-18;Pantheon Lanes;tournament;Mythic Legends Invitational;1;Qualifying;Hel;124685;Norse Myth - Giants & Tricksters;5;180;0
2026;2026-09-18;Pantheon Lanes;tournament;Mythic Legends Invitational;1;Qualifying;Hel;124685;Norse Myth - Giants & Tricksters;6;179;0
2026;2026-09-18;Pantheon Lanes;tournament;Mythic Legends Invitational;1;Qualifying;Hel;124685;Norse Myth - Giants & Tricksters;7;193;0
2026;2026-09-18;Pantheon Lanes;tournament;Mythic Legends Invitational;1;Qualifying;Fenrir;162230;Norse Myth - Giants & Tricksters;0;183;0
2026;2026-09-18;Pantheon Lanes;tournament;Mythic Legends Invitational;1;Qualifying;Fenrir;162230;Norse Myth - Giants & Tricksters;1;191;0
2026;2026-09-18;Pantheon Lanes;tournament;Mythic Legends Invitational;1;Qualifying;Fenrir;162230;Norse Myth - Giants & Tricksters;2;185;0
2026;2026-09-18;Pantheon Lanes;tournament;Mythic Legends Invitational;1;Qualifying;Fenrir;162230;Norse Myth - Giants & Tricksters;3;173;0
2026;2026-09-18;Pantheon Lanes;tournament;Mythic Legends Invitational;1;Qualifying;Fenrir;162230;Norse Myth - Giants & Tricksters;4;172;0
2026;2026-09-18;Pantheon Lanes;tournament;Mythic Legends Invitational;1;Qualifying;Fenrir;162230;Norse Myth - Giants & Tricksters;5;193;0
2026;2026-09-18;Pantheon Lanes;tournament;Mythic Legends Invitational;1;Qualifying;Fenrir;162230;Norse Myth - Giants & Tricksters;6;208;0
2026;2026-09-18;Pantheon Lanes;tournament;Mythic Legends Invitational;1;Qualifying;Fenrir;162230;Norse Myth - Giants & Tricksters;7;184;0
2026;2026-09-18;Pantheon Lanes;tournament;Mythic Legends Invitational;1;Qualifying;Jormungandr;114239;Norse Myth - Giants & Tricksters;0;165;0
2026;2026-09-18;Pantheon Lanes;tournament;Mythic Legends Invitational;1;Qualifying;Jormungandr;114239;Norse Myth - Giants & Tricksters;1;179;0
2026;2026-09-18;Pantheon Lanes;tournament;Mythic Legends Invitational;1;Qualifying;Jormungandr;114239;Norse Myth - Giants & Tricksters;2;179;0
2026;2026-09-18;Pantheon Lanes;tournament;Mythic Legends Invitational;1;Qualifying;Jormungandr;114239;Norse Myth - Giants & Tricksters;3;179;0
2026;2026-09-18;Pantheon Lanes;tournament;Mythic Legends Invitational;1;Qualifying;Jormungandr;114239;Norse Myth - Giants & Tricksters;4;170;0
2026;2026-09-18;Pantheon Lanes;tournament;Mythic Legends Invitational;1;Qualifying;Jormungandr;114239;Norse Myth - Giants & Tricksters;5;214;0
2026;2026-09-18;Pantheon Lanes;tournament;Mythic Legends Invitational;1;Qualifying;Jormungandr;114239;Norse Myth - Giants & Tricksters;6;180;0
2026;2026-09-18;Pantheon Lanes;tournament;Mythic Legends Invitational;1;Qualifying;Jormungandr;114239;Norse Myth - Giants & Tricksters;7;177;0
2026;2026-09-18;Pantheon Lanes;tournament;Mythic Legends Invitational;1;Qualifying;The Dagda;143101;Celtic Myth - Tuatha De Danann;0;231;0
2026;2026-09-18;Pantheon Lanes;tournament;Mythic Legends Invitational;1;Qualifying;The Dagda;143101;Celtic Myth - Tuatha De Danann;1;203;0
2026;2026-09-18;Pantheon Lanes;tournament;Mythic Legends Invitational;1;Qualifying;The Dagda;143101;Celtic Myth - Tuatha De Danann;2;219;0
2026;2026-09-18;Pantheon Lanes;tournament;Mythic Legends Invitational;1;Qualifying;The Dagda;143101;Celtic Myth - Tuatha De Danann;3;217;0
2026;2026-09-18;Pantheon Lanes;tournament;Mythic Legends Invitational;1;Qualifying;The Dagda;143101;Celtic Myth - Tuatha De Danann;4;235;0
2026;2026-09-18;Pantheon Lanes;tournament;Mythic Legends Invitational;1;Qualifying;The Dagda;143101;Celtic Myth - Tuatha De Danann;5;214;0
2026;2026-09-18;Pantheon Lanes;tournament;Mythic Legends Invitational;1;Qualifying;The Dagda;143101;Celtic Myth - Tuatha De Danann;6;206;0
2026;2026-09-18;Pantheon Lanes;tournament;Mythic Legends Invitational;1;Qualifying;The Dagda;143101;Celtic Myth - Tuatha De Danann;7;221;0
2026;2026-09-18;Pantheon Lanes;tournament;Mythic Legends Invitational;1;Qualifying;Lugh;174647;Celtic Myth - Tuatha De Danann;0;188;0
2026;2026-09-18;Pantheon Lanes;tournament;Mythic Legends Invitational;1;Qualifying;Lugh;174647;Celtic Myth - Tuatha De Danann;1;200;0
2026;2026-09-18;Pantheon Lanes;tournament;Mythic Legends Invitational;1;Qualifying;Lugh;174647;Celtic Myth - Tuatha De Danann;2;204;0
2026;2026-09-18;Pantheon Lanes;tournament;Mythic Legends Invitational;1;Qualifying;Lugh;174647;Celtic Myth - Tuatha De Danann;3;215;0
2026;2026-09-18;Pantheon Lanes;tournament;Mythic Legends Invitational;1;Qualifying;Lugh;174647;Celtic Myth - Tuatha De Danann;4;199;0
2026;2026-09-18;Pantheon Lanes;tournament;Mythic Legends Invitational;1;Qualifying;Lugh;174647;Celtic Myth - Tuatha De Danann;5;192;0
2026;2026-09-18;Pantheon Lanes;tournament;Mythic Legends Invitational;1;Qualifying;Lugh;174647;Celtic Myth - Tuatha De Danann;6;201;0
2026;2026-09-18;Pantheon Lanes;tournament;Mythic Legends Invitational;1;Qualifying;Lugh;174647;Celtic Myth - Tuatha De Danann;7;238;0
2026;2026-09-18;Pantheon Lanes;tournament;Mythic Legends Invitational;1;Qualifying;Brigid;159183;Celtic Myth - Tuatha De Danann;0;176;0
2026;2026-09-18;Pantheon Lanes;tournament;Mythic Legends Invitational;1;Qualifying;Brigid;159183;Celtic Myth - Tuatha De Danann;1;172;0
2026;2026-09-18;Pantheon Lanes;tournament;Mythic Legends Invitational;1;Qualifying;Brigid;159183;Celtic Myth - Tuatha De Danann;2;159;0
2026;2026-09-18;Pantheon Lanes;tournament;Mythic Legends Invitational;1;Qualifying;Brigid;159183;Celtic Myth - Tuatha De Danann;3;221;0
2026;2026-09-18;Pantheon Lanes;tournament;Mythic Legends Invitational;1;Qualifying;Brigid;159183;Celtic Myth - Tuatha De Danann;4;212;0
2026;2026-09-18;Pantheon Lanes;tournament;Mythic Legends Invitational;1;Qualifying;Brigid;159183;Celtic Myth - Tuatha De Danann;5;166;0
2026;2026-09-18;Pantheon Lanes;tournament;Mythic Legends Invitational;1;Qualifying;Brigid;159183;Celtic Myth - Tuatha De Danann;6;206;0
2026;2026-09-18;Pantheon Lanes;tournament;Mythic Legends Invitational;1;Qualifying;Brigid;159183;Celtic Myth - Tuatha De Danann;7;199;0
2026;2026-09-18;Pantheon Lanes;tournament;Mythic Legends Invitational;1;Qualifying;Nuada;183755;Celtic Myth - Tuatha De Danann;0;163;0
2026;2026-09-18;Pantheon Lanes;tournament;Mythic Legends Invitational;1;Qualifying;Nuada;183755;Celtic Myth - Tuatha De Danann;1;175;0
2026;2026-09-18;Pantheon Lanes;tournament;Mythic Legends Invitational;1;Qualifying;Nuada;183755;Celtic Myth - Tuatha De Danann;2;159;0
2026;2026-09-18;Pantheon Lanes;tournament;Mythic Legends Invitational;1;Qualifying;Nuada;183755;Celtic Myth - Tuatha De Danann;3;166;0
2026;2026-09-18;Pantheon Lanes;tournament;Mythic Legends Invitational;1;Qualifying;Nuada;183755;Celtic Myth - Tuatha De Danann;4;174;0
2026;2026-09-18;Pantheon Lanes;tournament;Mythic Legends Invitational;1;Qualifying;Nuada;183755;Celtic Myth - Tuatha De Danann;5;169;0
2026;2026-09-18;Pantheon Lanes;tournament;Mythic Legends Invitational;1;Qualifying;Nuada;183755;Celtic Myth - Tuatha De Danann;6;170;0
2026;2026-09-18;Pantheon Lanes;tournament;Mythic Legends Invitational;1;Qualifying;Nuada;183755;Celtic Myth - Tuatha De Danann;7;176;0
2026;2026-09-18;Pantheon Lanes;tournament;Mythic Legends Invitational;1;Qualifying;Balor;139930;Celtic Myth - Fomorians;0;221;0
2026;2026-09-18;Pantheon Lanes;tournament;Mythic Legends Invitational;1;Qualifying;Balor;139930;Celtic Myth - Fomorians;1;200;0
2026;2026-09-18;Pantheon Lanes;tournament;Mythic Legends Invitational;1;Qualifying;Balor;139930;Celtic Myth - Fomorians;2;205;0
2026;2026-09-18;Pantheon Lanes;tournament;Mythic Legends Invitational;1;Qualifying;Balor;139930;Celtic Myth - Fomorians;3;207;0
2026;2026-09-18;Pantheon Lanes;tournament;Mythic Legends Invitational;1;Qualifying;Balor;139930;Celtic Myth - Fomorians;4;203;0
2026;2026-09-18;Pantheon Lanes;tournament;Mythic Legends Invitational;1;Qualifying;Balor;139930;Celtic Myth - Fomorians;5;217;0
2026;2026-09-18;Pantheon Lanes;tournament;Mythic Legends Invitational;1;Qualifying;Balor;139930;Celtic Myth - Fomorians;6;234;0
2026;2026-09-18;Pantheon Lanes;tournament;Mythic Legends Invitational;1;Qualifying;Balor;139930;Celtic Myth - Fomorians;7;225;0
2026;2026-09-18;Pantheon Lanes;tournament;Mythic Legends Invitational;1;Qualifying;Bres;112221;Celtic Myth - Fomorians;0;186;0
2026;2026-09-18;Pantheon Lanes;tournament;Mythic Legends Invitational;1;Qualifying;Bres;112221;Celtic Myth - Fomorians;1;209;0
2026;2026-09-18;Pantheon Lanes;tournament;Mythic Legends Invitational;1;Qualifying;Bres;112221;Celtic Myth - Fomorians;2;192;0
2026;2026-09-18;Pantheon Lanes;tournament;Mythic Legends Invitational;1;Qualifying;Bres;112221;Celtic Myth - Fomorians;3;192;0
2026;2026-09-18;Pantheon Lanes;tournament;Mythic Legends Invitational;1;Qualifying;Bres;112221;Celtic Myth - Fomorians;4;213;0
2026;2026-09-18;Pantheon Lanes;tournament;Mythic Legends Invitational;1;Qualifying;Bres;112221;Celtic Myth - Fomorians;5;210;0
2026;2026-09-18;Pantheon Lanes;tournament;Mythic Legends Invitational;1;Qualifying;Bres;112221;Celtic Myth - Fomorians;6;201;0
2026;2026-09-18;Pantheon Lanes;tournament;Mythic Legends Invitational;1;Qualifying;Bres;112221;Celtic Myth - Fomorians;7;204;0
2026;2026-09-18;Pantheon Lanes;tournament;Mythic Legends Invitational;1;Qualifying;Elatha;122468;Celtic Myth - Fomorians;0;175;0
2026;2026-09-18;Pantheon Lanes;tournament;Mythic Legends Invitational;1;Qualifying;Elatha;122468;Celtic Myth - Fomorians;1;173;0
2026;2026-09-18;Pantheon Lanes;tournament;Mythic Legends Invitational;1;Qualifying;Elatha;122468;Celtic Myth - Fomorians;2;183;0
2026;2026-09-18;Pantheon Lanes;tournament;Mythic Legends Invitational;1;Qualifying;Elatha;122468;Celtic Myth - Fomorians;3;178;0
2026;2026-09-18;Pantheon Lanes;tournament;Mythic Legends Invitational;1;Qualifying;Elatha;122468;Celtic Myth - Fomorians;4;178;0
2026;2026-09-18;Pantheon Lanes;tournament;Mythic Legends Invitational;1;Qualifying;Elatha;122468;Celtic Myth - Fomorians;5;175;0
2026;2026-09-18;Pantheon Lanes;tournament;Mythic Legends Invitational;1;Qualifying;Elatha;122468;Celtic Myth - Fomorians;6;173;0
2026;2026-09-18;Pantheon Lanes;tournament;Mythic Legends Invitational;1;Qualifying;Elatha;122468;Celtic Myth - Fomorians;7;191;0
2026;2026-09-18;Pantheon Lanes;tournament;Mythic Legends Invitational;1;Qualifying;Tethra;113672;Celtic Myth - Fomorians;0;174;0
2026;2026-09-18;Pantheon Lanes;tournament;Mythic Legends Invitational;1;Qualifying;Tethra;113672;Celtic Myth - Fomorians;1;149;0
2026;2026-09-18;Pantheon Lanes;tournament;Mythic Legends Invitational;1;Qualifying;Tethra;113672;Celtic Myth - Fomorians;2;195;0
2026;2026-09-18;Pantheon Lanes;tournament;Mythic Legends Invitational;1;Qualifying;Tethra;113672;Celtic Myth - Fomorians;3;191;0
2026;2026-09-18;Pantheon Lanes;tournament;Mythic Legends Invitational;1;Qualifying;Tethra;113672;Celtic Myth - Fomorians;4;169;0
2026;2026-09-18;Pantheon Lanes;tournament;Mythic Legends Invitational;1;Qualifying;Tethra;113672;Celtic Myth - Fomorians;5;179;0
2026;2026-09-18;Pantheon Lanes;tournament;Mythic Legends Invitational;1;Qualifying;Tethra;113672;Celtic Myth - Fomorians;6;176;0
2026;2026-09-18;Pantheon Lanes;tournament;Mythic Legends Invitational;1;Qualifying;Tethra;113672;Celtic Myth - Fomorians;7;168;0
2026;2026-09-18;Pantheon Lanes;tournament;Mythic Legends Invitational;1;Qualifying;Marduk;188458;Mesopotamian Myth - Sky Kings;0;196;0
2026;2026-09-18;Pantheon Lanes;tournament;Mythic Legends Invitational;1;Qualifying;Marduk;188458;Mesopotamian Myth - Sky Kings;1;230;0
2026;2026-09-18;Pantheon Lanes;tournament;Mythic Legends Invitational;1;Qualifying;Marduk;188458;Mesopotamian Myth - Sky Kings;2;196;0
2026;2026-09-18;Pantheon Lanes;tournament;Mythic Legends Invitational;1;Qualifying;Marduk;188458;Mesopotamian Myth - Sky Kings;3;194;0
2026;2026-09-18;Pantheon Lanes;tournament;Mythic Legends Invitational;1;Qualifying;Marduk;188458;Mesopotamian Myth - Sky Kings;4;207;0
2026;2026-09-18;Pantheon Lanes;tournament;Mythic Legends Invitational;1;Qualifying;Marduk;188458;Mesopotamian Myth - Sky Kings;5;230;0
2026;2026-09-18;Pantheon Lanes;tournament;Mythic Legends Invitational;1;Qualifying;Marduk;188458;Mesopotamian Myth - Sky Kings;6;224;0
2026;2026-09-18;Pantheon Lanes;tournament;Mythic Legends Invitational;1;Qualifying;Marduk;188458;Mesopotamian Myth - Sky Kings;7;211;0
2026;2026-09-18;Pantheon Lanes;tournament;Mythic Legends Invitational;1;Qualifying;Ishtar;172470;Mesopotamian Myth - Sky Kings;0;207;0
2026;2026-09-18;Pantheon Lanes;tournament;Mythic Legends Invitational;1;Qualifying;Ishtar;172470;Mesopotamian Myth - Sky Kings;1;192;0
2026;2026-09-18;Pantheon Lanes;tournament;Mythic Legends Invitational;1;Qualifying;Ishtar;172470;Mesopotamian Myth - Sky Kings;2;216;0
2026;2026-09-18;Pantheon Lanes;tournament;Mythic Legends Invitational;1;Qualifying;Ishtar;172470;Mesopotamian Myth - Sky Kings;3;200;0
2026;2026-09-18;Pantheon Lanes;tournament;Mythic Legends Invitational;1;Qualifying;Ishtar;172470;Mesopotamian Myth - Sky Kings;4;204;0
2026;2026-09-18;Pantheon Lanes;tournament;Mythic Legends Invitational;1;Qualifying;Ishtar;172470;Mesopotamian Myth - Sky Kings;5;210;0
2026;2026-09-18;Pantheon Lanes;tournament;Mythic Legends Invitational;1;Qualifying;Ishtar;172470;Mesopotamian Myth - Sky Kings;6;228;0
2026;2026-09-18;Pantheon Lanes;tournament;Mythic Legends Invitational;1;Qualifying;Ishtar;172470;Mesopotamian Myth - Sky Kings;7;166;0
2026;2026-09-18;Pantheon Lanes;tournament;Mythic Legends Invitational;1;Qualifying;Shamash;123283;Mesopotamian Myth - Sky Kings;0;213;0
2026;2026-09-18;Pantheon Lanes;tournament;Mythic Legends Invitational;1;Qualifying;Shamash;123283;Mesopotamian Myth - Sky Kings;1;176;0
2026;2026-09-18;Pantheon Lanes;tournament;Mythic Legends Invitational;1;Qualifying;Shamash;123283;Mesopotamian Myth - Sky Kings;2;199;0
2026;2026-09-18;Pantheon Lanes;tournament;Mythic Legends Invitational;1;Qualifying;Shamash;123283;Mesopotamian Myth - Sky Kings;3;173;0
2026;2026-09-18;Pantheon Lanes;tournament;Mythic Legends Invitational;1;Qualifying;Shamash;123283;Mesopotamian Myth - Sky Kings;4;211;0
2026;2026-09-18;Pantheon Lanes;tournament;Mythic Legends Invitational;1;Qualifying;Shamash;123283;Mesopotamian Myth - Sky Kings;5;225;0
2026;2026-09-18;Pantheon Lanes;tournament;Mythic Legends Invitational;1;Qualifying;Shamash;123283;Mesopotamian Myth - Sky Kings;6;179;0
2026;2026-09-18;Pantheon Lanes;tournament;Mythic Legends Invitational;1;Qualifying;Shamash;123283;Mesopotamian Myth - Sky Kings;7;222;0
2026;2026-09-18;Pantheon Lanes;tournament;Mythic Legends Invitational;1;Qualifying;Nanna;104202;Mesopotamian Myth - Sky Kings;0;190;0
2026;2026-09-18;Pantheon Lanes;tournament;Mythic Legends Invitational;1;Qualifying;Nanna;104202;Mesopotamian Myth - Sky Kings;1;170;0
2026;2026-09-18;Pantheon Lanes;tournament;Mythic Legends Invitational;1;Qualifying;Nanna;104202;Mesopotamian Myth - Sky Kings;2;183;0
2026;2026-09-18;Pantheon Lanes;tournament;Mythic Legends Invitational;1;Qualifying;Nanna;104202;Mesopotamian Myth - Sky Kings;3;179;0
2026;2026-09-18;Pantheon Lanes;tournament;Mythic Legends Invitational;1;Qualifying;Nanna;104202;Mesopotamian Myth - Sky Kings;4;178;0
2026;2026-09-18;Pantheon Lanes;tournament;Mythic Legends Invitational;1;Qualifying;Nanna;104202;Mesopotamian Myth - Sky Kings;5;182;0
2026;2026-09-18;Pantheon Lanes;tournament;Mythic Legends Invitational;1;Qualifying;Nanna;104202;Mesopotamian Myth - Sky Kings;6;179;0
2026;2026-09-18;Pantheon Lanes;tournament;Mythic Legends Invitational;1;Qualifying;Nanna;104202;Mesopotamian Myth - Sky Kings;7;182;0
2026;2026-09-18;Pantheon Lanes;tournament;Mythic Legends Invitational;1;Qualifying;Tiamat;190311;Mesopotamian Myth - Chaos Ancients;0;216;0
2026;2026-09-18;Pantheon Lanes;tournament;Mythic Legends Invitational;1;Qualifying;Tiamat;190311;Mesopotamian Myth - Chaos Ancients;1;210;0
2026;2026-09-18;Pantheon Lanes;tournament;Mythic Legends Invitational;1;Qualifying;Tiamat;190311;Mesopotamian Myth - Chaos Ancients;2;212;0
2026;2026-09-18;Pantheon Lanes;tournament;Mythic Legends Invitational;1;Qualifying;Tiamat;190311;Mesopotamian Myth - Chaos Ancients;3;194;0
2026;2026-09-18;Pantheon Lanes;tournament;Mythic Legends Invitational;1;Qualifying;Tiamat;190311;Mesopotamian Myth - Chaos Ancients;4;224;0
2026;2026-09-18;Pantheon Lanes;tournament;Mythic Legends Invitational;1;Qualifying;Tiamat;190311;Mesopotamian Myth - Chaos Ancients;5;213;0
2026;2026-09-18;Pantheon Lanes;tournament;Mythic Legends Invitational;1;Qualifying;Tiamat;190311;Mesopotamian Myth - Chaos Ancients;6;215;0
2026;2026-09-18;Pantheon Lanes;tournament;Mythic Legends Invitational;1;Qualifying;Tiamat;190311;Mesopotamian Myth - Chaos Ancients;7;226;0
2026;2026-09-18;Pantheon Lanes;tournament;Mythic Legends Invitational;1;Qualifying;Kingu;179084;Mesopotamian Myth - Chaos Ancients;0;209;0
2026;2026-09-18;Pantheon Lanes;tournament;Mythic Legends Invitational;1;Qualifying;Kingu;179084;Mesopotamian Myth - Chaos Ancients;1;197;0
2026;2026-09-18;Pantheon Lanes;tournament;Mythic Legends Invitational;1;Qualifying;Kingu;179084;Mesopotamian Myth - Chaos Ancients;2;197;0
2026;2026-09-18;Pantheon Lanes;tournament;Mythic Legends Invitational;1;Qualifying;Kingu;179084;Mesopotamian Myth - Chaos Ancients;3;182;0
2026;2026-09-18;Pantheon Lanes;tournament;Mythic Legends Invitational;1;Qualifying;Kingu;179084;Mesopotamian Myth - Chaos Ancients;4;199;0
2026;2026-09-18;Pantheon Lanes;tournament;Mythic Legends Invitational;1;Qualifying;Kingu;179084;Mesopotamian Myth - Chaos Ancients;5;212;0
2026;2026-09-18;Pantheon Lanes;tournament;Mythic Legends Invitational;1;Qualifying;Kingu;179084;Mesopotamian Myth - Chaos Ancients;6;206;0
2026;2026-09-18;Pantheon Lanes;tournament;Mythic Legends Invitational;1;Qualifying;Kingu;179084;Mesopotamian Myth - Chaos Ancients;7;197;0
2026;2026-09-18;Pantheon Lanes;tournament;Mythic Legends Invitational;1;Qualifying;Nergal;164043;Mesopotamian Myth - Chaos Ancients;0;171;0
2026;2026-09-18;Pantheon Lanes;tournament;Mythic Legends Invitational;1;Qualifying;Nergal;164043;Mesopotamian Myth - Chaos Ancients;1;181;0
2026;2026-09-18;Pantheon Lanes;tournament;Mythic Legends Invitational;1;Qualifying;Nergal;164043;Mesopotamian Myth - Chaos Ancients;2;186;0
2026;2026-09-18;Pantheon Lanes;tournament;Mythic Legends Invitational;1;Qualifying;Nergal;164043;Mesopotamian Myth - Chaos Ancients;3;180;0
2026;2026-09-18;Pantheon Lanes;tournament;Mythic Legends Invitational;1;Qualifying;Nergal;164043;Mesopotamian Myth - Chaos Ancients;4;187;0
2026;2026-09-18;Pantheon Lanes;tournament;Mythic Legends Invitational;1;Qualifying;Nergal;164043;Mesopotamian Myth - Chaos Ancients;5;182;0
2026;2026-09-18;Pantheon Lanes;tournament;Mythic Legends Invitational;1;Qualifying;Nergal;164043;Mesopotamian Myth - Chaos Ancients;6;185;0
2026;2026-09-18;Pantheon Lanes;tournament;Mythic Legends Invitational;1;Qualifying;Nergal;164043;Mesopotamian Myth - Chaos Ancients;7;187;0
2026;2026-09-18;Pantheon Lanes;tournament;Mythic Legends Invitational;1;Qualifying;Ereshkigal;103517;Mesopotamian Myth - Chaos Ancients;0;143;0
2026;2026-09-18;Pantheon Lanes;tournament;Mythic Legends Invitational;1;Qualifying;Ereshkigal;103517;Mesopotamian Myth - Chaos Ancients;1;156;0
2026;2026-09-18;Pantheon Lanes;tournament;Mythic Legends Invitational;1;Qualifying;Ereshkigal;103517;Mesopotamian Myth - Chaos Ancients;2;174;0
2026;2026-09-18;Pantheon Lanes;tournament;Mythic Legends Invitational;1;Qualifying;Ereshkigal;103517;Mesopotamian Myth - Chaos Ancients;3;168;0
2026;2026-09-18;Pantheon Lanes;tournament;Mythic Legends Invitational;1;Qualifying;Ereshkigal;103517;Mesopotamian Myth - Chaos Ancients;4;193;0
2026;2026-09-18;Pantheon Lanes;tournament;Mythic Legends Invitational;1;Qualifying;Ereshkigal;103517;Mesopotamian Myth - Chaos Ancients;5;196;0
2026;2026-09-18;Pantheon Lanes;tournament;Mythic Legends Invitational;1;Qualifying;Ereshkigal;103517;Mesopotamian Myth - Chaos Ancients;6;175;0
2026;2026-09-18;Pantheon Lanes;tournament;Mythic Legends Invitational;1;Qualifying;Ereshkigal;103517;Mesopotamian Myth - Chaos Ancients;7;179;0
2026;2026-09-18;Pantheon Lanes;tournament;Mythic Legends Invitational;1;Qualifying;Indra;124470;Hindu Myth - Devas;0;242;0
2026;2026-09-18;Pantheon Lanes;tournament;Mythic Legends Invitational;1;Qualifying;Indra;124470;Hindu Myth - Devas;1;249;0
2026;2026-09-18;Pantheon Lanes;tournament;Mythic Legends Invitational;1;Qualifying;Indra;124470;Hindu Myth - Devas;2;231;0
2026;2026-09-18;Pantheon Lanes;tournament;Mythic Legends Invitational;1;Qualifying;Indra;124470;Hindu Myth - Devas;3;234;0
2026;2026-09-18;Pantheon Lanes;tournament;Mythic Legends Invitational;1;Qualifying;Indra;124470;Hindu Myth - Devas;4;228;0
2026;2026-09-18;Pantheon Lanes;tournament;Mythic Legends Invitational;1;Qualifying;Indra;124470;Hindu Myth - Devas;5;210;0
2026;2026-09-18;Pantheon Lanes;tournament;Mythic Legends Invitational;1;Qualifying;Indra;124470;Hindu Myth - Devas;6;225;0
2026;2026-09-18;Pantheon Lanes;tournament;Mythic Legends Invitational;1;Qualifying;Indra;124470;Hindu Myth - Devas;7;220;0
2026;2026-09-18;Pantheon Lanes;tournament;Mythic Legends Invitational;1;Qualifying;Vishnu;126083;Hindu Myth - Devas;0;218;0
2026;2026-09-18;Pantheon Lanes;tournament;Mythic Legends Invitational;1;Qualifying;Vishnu;126083;Hindu Myth - Devas;1;187;0
2026;2026-09-18;Pantheon Lanes;tournament;Mythic Legends Invitational;1;Qualifying;Vishnu;126083;Hindu Myth - Devas;2;199;0
2026;2026-09-18;Pantheon Lanes;tournament;Mythic Legends Invitational;1;Qualifying;Vishnu;126083;Hindu Myth - Devas;3;179;0
2026;2026-09-18;Pantheon Lanes;tournament;Mythic Legends Invitational;1;Qualifying;Vishnu;126083;Hindu Myth - Devas;4;181;0
2026;2026-09-18;Pantheon Lanes;tournament;Mythic Legends Invitational;1;Qualifying;Vishnu;126083;Hindu Myth - Devas;5;200;0
2026;2026-09-18;Pantheon Lanes;tournament;Mythic Legends Invitational;1;Qualifying;Vishnu;126083;Hindu Myth - Devas;6;195;0
2026;2026-09-18;Pantheon Lanes;tournament;Mythic Legends Invitational;1;Qualifying;Vishnu;126083;Hindu Myth - Devas;7;209;0
2026;2026-09-18;Pantheon Lanes;tournament;Mythic Legends Invitational;1;Qualifying;Shiva;109108;Hindu Myth - Devas;0;197;0
2026;2026-09-18;Pantheon Lanes;tournament;Mythic Legends Invitational;1;Qualifying;Shiva;109108;Hindu Myth - Devas;1;173;0
2026;2026-09-18;Pantheon Lanes;tournament;Mythic Legends Invitational;1;Qualifying;Shiva;109108;Hindu Myth - Devas;2;175;0
2026;2026-09-18;Pantheon Lanes;tournament;Mythic Legends Invitational;1;Qualifying;Shiva;109108;Hindu Myth - Devas;3;196;0
2026;2026-09-18;Pantheon Lanes;tournament;Mythic Legends Invitational;1;Qualifying;Shiva;109108;Hindu Myth - Devas;4;154;0
2026;2026-09-18;Pantheon Lanes;tournament;Mythic Legends Invitational;1;Qualifying;Shiva;109108;Hindu Myth - Devas;5;178;0
2026;2026-09-18;Pantheon Lanes;tournament;Mythic Legends Invitational;1;Qualifying;Shiva;109108;Hindu Myth - Devas;6;197;0
2026;2026-09-18;Pantheon Lanes;tournament;Mythic Legends Invitational;1;Qualifying;Shiva;109108;Hindu Myth - Devas;7;192;0
2026;2026-09-18;Pantheon Lanes;tournament;Mythic Legends Invitational;1;Qualifying;Durga;150579;Hindu Myth - Devas;0;177;0
2026;2026-09-18;Pantheon Lanes;tournament;Mythic Legends Invitational;1;Qualifying;Durga;150579;Hindu Myth - Devas;1;138;0
2026;2026-09-18;Pantheon Lanes;tournament;Mythic Legends Invitational;1;Qualifying;Durga;150579;Hindu Myth - Devas;2;188;0
2026;2026-09-18;Pantheon Lanes;tournament;Mythic Legends Invitational;1;Qualifying;Durga;150579;Hindu Myth - Devas;3;184;0
2026;2026-09-18;Pantheon Lanes;tournament;Mythic Legends Invitational;1;Qualifying;Durga;150579;Hindu Myth - Devas;4;152;0
2026;2026-09-18;Pantheon Lanes;tournament;Mythic Legends Invitational;1;Qualifying;Durga;150579;Hindu Myth - Devas;5;170;0
2026;2026-09-18;Pantheon Lanes;tournament;Mythic Legends Invitational;1;Qualifying;Durga;150579;Hindu Myth - Devas;6;164;0
2026;2026-09-18;Pantheon Lanes;tournament;Mythic Legends Invitational;1;Qualifying;Durga;150579;Hindu Myth - Devas;7;172;0
2026;2026-09-18;Pantheon Lanes;tournament;Mythic Legends Invitational;1;Qualifying;Mahishasura;137200;Hindu Myth - Asuras;0;206;0
2026;2026-09-18;Pantheon Lanes;tournament;Mythic Legends Invitational;1;Qualifying;Mahishasura;137200;Hindu Myth - Asuras;1;180;0
2026;2026-09-18;Pantheon Lanes;tournament;Mythic Legends Invitational;1;Qualifying;Mahishasura;137200;Hindu Myth - Asuras;2;204;0
2026;2026-09-18;Pantheon Lanes;tournament;Mythic Legends Invitational;1;Qualifying;Mahishasura;137200;Hindu Myth - Asuras;3;186;0
2026;2026-09-18;Pantheon Lanes;tournament;Mythic Legends Invitational;1;Qualifying;Mahishasura;137200;Hindu Myth - Asuras;4;219;0
2026;2026-09-18;Pantheon Lanes;tournament;Mythic Legends Invitational;1;Qualifying;Mahishasura;137200;Hindu Myth - Asuras;5;203;0
2026;2026-09-18;Pantheon Lanes;tournament;Mythic Legends Invitational;1;Qualifying;Mahishasura;137200;Hindu Myth - Asuras;6;200;0
2026;2026-09-18;Pantheon Lanes;tournament;Mythic Legends Invitational;1;Qualifying;Mahishasura;137200;Hindu Myth - Asuras;7;241;0
2026;2026-09-18;Pantheon Lanes;tournament;Mythic Legends Invitational;1;Qualifying;Ravana;126986;Hindu Myth - Asuras;0;207;0
2026;2026-09-18;Pantheon Lanes;tournament;Mythic Legends Invitational;1;Qualifying;Ravana;126986;Hindu Myth - Asuras;1;219;0
2026;2026-09-18;Pantheon Lanes;tournament;Mythic Legends Invitational;1;Qualifying;Ravana;126986;Hindu Myth - Asuras;2;194;0
2026;2026-09-18;Pantheon Lanes;tournament;Mythic Legends Invitational;1;Qualifying;Ravana;126986;Hindu Myth - Asuras;3;213;0
2026;2026-09-18;Pantheon Lanes;tournament;Mythic Legends Invitational;1;Qualifying;Ravana;126986;Hindu Myth - Asuras;4;194;0
2026;2026-09-18;Pantheon Lanes;tournament;Mythic Legends Invitational;1;Qualifying;Ravana;126986;Hindu Myth - Asuras;5;184;0
2026;2026-09-18;Pantheon Lanes;tournament;Mythic Legends Invitational;1;Qualifying;Ravana;126986;Hindu Myth - Asuras;6;175;0
2026;2026-09-18;Pantheon Lanes;tournament;Mythic Legends Invitational;1;Qualifying;Ravana;126986;Hindu Myth - Asuras;7;208;0
2026;2026-09-18;Pantheon Lanes;tournament;Mythic Legends Invitational;1;Qualifying;Hiranyakashipu;130544;Hindu Myth - Asuras;0;213;0
2026;2026-09-18;Pantheon Lanes;tournament;Mythic Legends Invitational;1;Qualifying;Hiranyakashipu;130544;Hindu Myth - Asuras;1;182;0
2026;2026-09-18;Pantheon Lanes;tournament;Mythic Legends Invitational;1;Qualifying;Hiranyakashipu;130544;Hindu Myth - Asuras;2;197;0
2026;2026-09-18;Pantheon Lanes;tournament;Mythic Legends Invitational;1;Qualifying;Hiranyakashipu;130544;Hindu Myth - Asuras;3;188;0
2026;2026-09-18;Pantheon Lanes;tournament;Mythic Legends Invitational;1;Qualifying;Hiranyakashipu;130544;Hindu Myth - Asuras;4;181;0
2026;2026-09-18;Pantheon Lanes;tournament;Mythic Legends Invitational;1;Qualifying;Hiranyakashipu;130544;Hindu Myth - Asuras;5;205;0
2026;2026-09-18;Pantheon Lanes;tournament;Mythic Legends Invitational;1;Qualifying;Hiranyakashipu;130544;Hindu Myth - Asuras;6;194;0
2026;2026-09-18;Pantheon Lanes;tournament;Mythic Legends Invitational;1;Qualifying;Hiranyakashipu;130544;Hindu Myth - Asuras;7;202;0
2026;2026-09-18;Pantheon Lanes;tournament;Mythic Legends Invitational;1;Qualifying;Vritra;138155;Hindu Myth - Asuras;0;167;0
2026;2026-09-18;Pantheon Lanes;tournament;Mythic Legends Invitational;1;Qualifying;Vritra;138155;Hindu Myth - Asuras;1;172;0
2026;2026-09-18;Pantheon Lanes;tournament;Mythic Legends Invitational;1;Qualifying;Vritra;138155;Hindu Myth - Asuras;2;150;0
2026;2026-09-18;Pantheon Lanes;tournament;Mythic Legends Invitational;1;Qualifying;Vritra;138155;Hindu Myth - Asuras;3;173;0
2026;2026-09-18;Pantheon Lanes;tournament;Mythic Legends Invitational;1;Qualifying;Vritra;138155;Hindu Myth - Asuras;4;203;0
2026;2026-09-18;Pantheon Lanes;tournament;Mythic Legends Invitational;1;Qualifying;Vritra;138155;Hindu Myth - Asuras;5;170;0
2026;2026-09-18;Pantheon Lanes;tournament;Mythic Legends Invitational;1;Qualifying;Vritra;138155;Hindu Myth - Asuras;6;175;0
2026;2026-09-18;Pantheon Lanes;tournament;Mythic Legends Invitational;1;Qualifying;Vritra;138155;Hindu Myth - Asuras;7;195;0
2026;2026-09-19;Pantheon Lanes;tournament;Mythic Legends Invitational;2;Round 2;Indra;124470;Hindu Myth - Devas;0;202;0
2026;2026-09-19;Pantheon Lanes;tournament;Mythic Legends Invitational;2;Round 2;Indra;124470;Hindu Myth - Devas;1;200;0
2026;2026-09-19;Pantheon Lanes;tournament;Mythic Legends Invitational;2;Round 2;Indra;124470;Hindu Myth - Devas;2;242;0
2026;2026-09-19;Pantheon Lanes;tournament;Mythic Legends Invitational;2;Round 2;Indra;124470;Hindu Myth - Devas;3;229;0
2026;2026-09-19;Pantheon Lanes;tournament;Mythic Legends Invitational;2;Round 2;Indra;124470;Hindu Myth - Devas;4;259;0
2026;2026-09-19;Pantheon Lanes;tournament;Mythic Legends Invitational;2;Round 2;Indra;124470;Hindu Myth - Devas;5;213;0
2026;2026-09-19;Pantheon Lanes;tournament;Mythic Legends Invitational;2;Round 2;The Dagda;143101;Celtic Myth - Tuatha De Danann;0;226;0
2026;2026-09-19;Pantheon Lanes;tournament;Mythic Legends Invitational;2;Round 2;The Dagda;143101;Celtic Myth - Tuatha De Danann;1;216;0
2026;2026-09-19;Pantheon Lanes;tournament;Mythic Legends Invitational;2;Round 2;The Dagda;143101;Celtic Myth - Tuatha De Danann;2;217;0
2026;2026-09-19;Pantheon Lanes;tournament;Mythic Legends Invitational;2;Round 2;The Dagda;143101;Celtic Myth - Tuatha De Danann;3;224;0
2026;2026-09-19;Pantheon Lanes;tournament;Mythic Legends Invitational;2;Round 2;The Dagda;143101;Celtic Myth - Tuatha De Danann;4;217;0
2026;2026-09-19;Pantheon Lanes;tournament;Mythic Legends Invitational;2;Round 2;The Dagda;143101;Celtic Myth - Tuatha De Danann;5;218;0
2026;2026-09-19;Pantheon Lanes;tournament;Mythic Legends Invitational;2;Round 2;Loki;150650;Norse Myth - Giants & Tricksters;0;224;0
2026;2026-09-19;Pantheon Lanes;tournament;Mythic Legends Invitational;2;Round 2;Loki;150650;Norse Myth - Giants & Tricksters;1;223;0
2026;2026-09-19;Pantheon Lanes;tournament;Mythic Legends Invitational;2;Round 2;Loki;150650;Norse Myth - Giants & Tricksters;2;199;0
2026;2026-09-19;Pantheon Lanes;tournament;Mythic Legends Invitational;2;Round 2;Loki;150650;Norse Myth - Giants & Tricksters;3;216;0
2026;2026-09-19;Pantheon Lanes;tournament;Mythic Legends Invitational;2;Round 2;Loki;150650;Norse Myth - Giants & Tricksters;4;226;0
2026;2026-09-19;Pantheon Lanes;tournament;Mythic Legends Invitational;2;Round 2;Loki;150650;Norse Myth - Giants & Tricksters;5;233;0
2026;2026-09-19;Pantheon Lanes;tournament;Mythic Legends Invitational;2;Round 2;Zeus;139274;Greek Myth - Olympians;0;229;0
2026;2026-09-19;Pantheon Lanes;tournament;Mythic Legends Invitational;2;Round 2;Zeus;139274;Greek Myth - Olympians;1;207;0
2026;2026-09-19;Pantheon Lanes;tournament;Mythic Legends Invitational;2;Round 2;Zeus;139274;Greek Myth - Olympians;2;221;0
2026;2026-09-19;Pantheon Lanes;tournament;Mythic Legends Invitational;2;Round 2;Zeus;139274;Greek Myth - Olympians;3;233;0
2026;2026-09-19;Pantheon Lanes;tournament;Mythic Legends Invitational;2;Round 2;Zeus;139274;Greek Myth - Olympians;4;216;0
2026;2026-09-19;Pantheon Lanes;tournament;Mythic Legends Invitational;2;Round 2;Zeus;139274;Greek Myth - Olympians;5;222;0
2026;2026-09-19;Pantheon Lanes;tournament;Mythic Legends Invitational;2;Round 2;Odin;126765;Norse Myth - Aesir;0;242;0
2026;2026-09-19;Pantheon Lanes;tournament;Mythic Legends Invitational;2;Round 2;Odin;126765;Norse Myth - Aesir;1;209;0
2026;2026-09-19;Pantheon Lanes;tournament;Mythic Legends Invitational;2;Round 2;Odin;126765;Norse Myth - Aesir;2;208;0
2026;2026-09-19;Pantheon Lanes;tournament;Mythic Legends Invitational;2;Round 2;Odin;126765;Norse Myth - Aesir;3;214;0
2026;2026-09-19;Pantheon Lanes;tournament;Mythic Legends Invitational;2;Round 2;Odin;126765;Norse Myth - Aesir;4;235;0
2026;2026-09-19;Pantheon Lanes;tournament;Mythic Legends Invitational;2;Round 2;Odin;126765;Norse Myth - Aesir;5;211;0
2026;2026-09-19;Pantheon Lanes;tournament;Mythic Legends Invitational;2;Round 2;Balor;139930;Celtic Myth - Fomorians;0;209;0
2026;2026-09-19;Pantheon Lanes;tournament;Mythic Legends Invitational;2;Round 2;Balor;139930;Celtic Myth - Fomorians;1;209;0
2026;2026-09-19;Pantheon Lanes;tournament;Mythic Legends Invitational;2;Round 2;Balor;139930;Celtic Myth - Fomorians;2;208;0
2026;2026-09-19;Pantheon Lanes;tournament;Mythic Legends Invitational;2;Round 2;Balor;139930;Celtic Myth - Fomorians;3;201;0
2026;2026-09-19;Pantheon Lanes;tournament;Mythic Legends Invitational;2;Round 2;Balor;139930;Celtic Myth - Fomorians;4;203;0
2026;2026-09-19;Pantheon Lanes;tournament;Mythic Legends Invitational;2;Round 2;Balor;139930;Celtic Myth - Fomorians;5;207;0
2026;2026-09-19;Pantheon Lanes;tournament;Mythic Legends Invitational;2;Round 2;Tiamat;190311;Mesopotamian Myth - Chaos Ancients;0;208;0
2026;2026-09-19;Pantheon Lanes;tournament;Mythic Legends Invitational;2;Round 2;Tiamat;190311;Mesopotamian Myth - Chaos Ancients;1;205;0
2026;2026-09-19;Pantheon Lanes;tournament;Mythic Legends Invitational;2;Round 2;Tiamat;190311;Mesopotamian Myth - Chaos Ancients;2;225;0
2026;2026-09-19;Pantheon Lanes;tournament;Mythic Legends Invitational;2;Round 2;Tiamat;190311;Mesopotamian Myth - Chaos Ancients;3;206;0
2026;2026-09-19;Pantheon Lanes;tournament;Mythic Legends Invitational;2;Round 2;Tiamat;190311;Mesopotamian Myth - Chaos Ancients;4;244;0
2026;2026-09-19;Pantheon Lanes;tournament;Mythic Legends Invitational;2;Round 2;Tiamat;190311;Mesopotamian Myth - Chaos Ancients;5;200;0
2026;2026-09-19;Pantheon Lanes;tournament;Mythic Legends Invitational;2;Round 2;Marduk;188458;Mesopotamian Myth - Sky Kings;0;204;0
2026;2026-09-19;Pantheon Lanes;tournament;Mythic Legends Invitational;2;Round 2;Marduk;188458;Mesopotamian Myth - Sky Kings;1;168;0
2026;2026-09-19;Pantheon Lanes;tournament;Mythic Legends Invitational;2;Round 2;Marduk;188458;Mesopotamian Myth - Sky Kings;2;225;0
2026;2026-09-19;Pantheon Lanes;tournament;Mythic Legends Invitational;2;Round 2;Marduk;188458;Mesopotamian Myth - Sky Kings;3;234;0
2026;2026-09-19;Pantheon Lanes;tournament;Mythic Legends Invitational;2;Round 2;Marduk;188458;Mesopotamian Myth - Sky Kings;4;228;0
2026;2026-09-19;Pantheon Lanes;tournament;Mythic Legends Invitational;2;Round 2;Marduk;188458;Mesopotamian Myth - Sky Kings;5;217;0
2026;2026-09-19;Pantheon Lanes;tournament;Mythic Legends Invitational;2;Round 2;Cronus;174393;Greek Myth - Titans & Primordials;0;193;0
2026;2026-09-19;Pantheon Lanes;tournament;Mythic Legends Invitational;2;Round 2;Cronus;174393;Greek Myth - Titans & Primordials;1;239;0
2026;2026-09-19;Pantheon Lanes;tournament;Mythic Legends Invitational;2;Round 2;Cronus;174393;Greek Myth - Titans & Primordials;2;217;0
2026;2026-09-19;Pantheon Lanes;tournament;Mythic Legends Invitational;2;Round 2;Cronus;174393;Greek Myth - Titans & Primordials;3;213;0
2026;2026-09-19;Pantheon Lanes;tournament;Mythic Legends Invitational;2;Round 2;Cronus;174393;Greek Myth - Titans & Primordials;4;239;0
2026;2026-09-19;Pantheon Lanes;tournament;Mythic Legends Invitational;2;Round 2;Cronus;174393;Greek Myth - Titans & Primordials;5;233;0
2026;2026-09-19;Pantheon Lanes;tournament;Mythic Legends Invitational;2;Round 2;Thor;151201;Norse Myth - Aesir;0;189;0
2026;2026-09-19;Pantheon Lanes;tournament;Mythic Legends Invitational;2;Round 2;Thor;151201;Norse Myth - Aesir;1;186;0
2026;2026-09-19;Pantheon Lanes;tournament;Mythic Legends Invitational;2;Round 2;Thor;151201;Norse Myth - Aesir;2;210;0
2026;2026-09-19;Pantheon Lanes;tournament;Mythic Legends Invitational;2;Round 2;Thor;151201;Norse Myth - Aesir;3;198;0
2026;2026-09-19;Pantheon Lanes;tournament;Mythic Legends Invitational;2;Round 2;Thor;151201;Norse Myth - Aesir;4;195;0
2026;2026-09-19;Pantheon Lanes;tournament;Mythic Legends Invitational;2;Round 2;Thor;151201;Norse Myth - Aesir;5;212;0
2026;2026-09-19;Pantheon Lanes;tournament;Mythic Legends Invitational;2;Round 2;Anubis;175219;Egyptian Myth - Underworld Powers;0;199;0
2026;2026-09-19;Pantheon Lanes;tournament;Mythic Legends Invitational;2;Round 2;Anubis;175219;Egyptian Myth - Underworld Powers;1;218;0
2026;2026-09-19;Pantheon Lanes;tournament;Mythic Legends Invitational;2;Round 2;Anubis;175219;Egyptian Myth - Underworld Powers;2;192;0
2026;2026-09-19;Pantheon Lanes;tournament;Mythic Legends Invitational;2;Round 2;Anubis;175219;Egyptian Myth - Underworld Powers;3;195;0
2026;2026-09-19;Pantheon Lanes;tournament;Mythic Legends Invitational;2;Round 2;Anubis;175219;Egyptian Myth - Underworld Powers;4;214;0
2026;2026-09-19;Pantheon Lanes;tournament;Mythic Legends Invitational;2;Round 2;Anubis;175219;Egyptian Myth - Underworld Powers;5;208;0
2026;2026-09-19;Pantheon Lanes;tournament;Mythic Legends Invitational;2;Round 2;Osiris;179670;Egyptian Myth - Underworld Powers;0;203;0
2026;2026-09-19;Pantheon Lanes;tournament;Mythic Legends Invitational;2;Round 2;Osiris;179670;Egyptian Myth - Underworld Powers;1;231;0
2026;2026-09-19;Pantheon Lanes;tournament;Mythic Legends Invitational;2;Round 2;Osiris;179670;Egyptian Myth - Underworld Powers;2;198;0
2026;2026-09-19;Pantheon Lanes;tournament;Mythic Legends Invitational;2;Round 2;Osiris;179670;Egyptian Myth - Underworld Powers;3;226;0
2026;2026-09-19;Pantheon Lanes;tournament;Mythic Legends Invitational;2;Round 2;Osiris;179670;Egyptian Myth - Underworld Powers;4;201;0
2026;2026-09-19;Pantheon Lanes;tournament;Mythic Legends Invitational;2;Round 2;Osiris;179670;Egyptian Myth - Underworld Powers;5;210;0
2026;2026-09-19;Pantheon Lanes;tournament;Mythic Legends Invitational;2;Round 2;Mahishasura;137200;Hindu Myth - Asuras;0;214;0
2026;2026-09-19;Pantheon Lanes;tournament;Mythic Legends Invitational;2;Round 2;Mahishasura;137200;Hindu Myth - Asuras;1;207;0
2026;2026-09-19;Pantheon Lanes;tournament;Mythic Legends Invitational;2;Round 2;Mahishasura;137200;Hindu Myth - Asuras;2;217;0
2026;2026-09-19;Pantheon Lanes;tournament;Mythic Legends Invitational;2;Round 2;Mahishasura;137200;Hindu Myth - Asuras;3;224;0
2026;2026-09-19;Pantheon Lanes;tournament;Mythic Legends Invitational;2;Round 2;Mahishasura;137200;Hindu Myth - Asuras;4;228;0
2026;2026-09-19;Pantheon Lanes;tournament;Mythic Legends Invitational;2;Round 2;Mahishasura;137200;Hindu Myth - Asuras;5;239;0
2026;2026-09-19;Pantheon Lanes;tournament;Mythic Legends Invitational;2;Round 2;Lugh;174647;Celtic Myth - Tuatha De Danann;0;194;0
2026;2026-09-19;Pantheon Lanes;tournament;Mythic Legends Invitational;2;Round 2;Lugh;174647;Celtic Myth - Tuatha De Danann;1;199;0
2026;2026-09-19;Pantheon Lanes;tournament;Mythic Legends Invitational;2;Round 2;Lugh;174647;Celtic Myth - Tuatha De Danann;2;196;0
2026;2026-09-19;Pantheon Lanes;tournament;Mythic Legends Invitational;2;Round 2;Lugh;174647;Celtic Myth - Tuatha De Danann;3;196;0
2026;2026-09-19;Pantheon Lanes;tournament;Mythic Legends Invitational;2;Round 2;Lugh;174647;Celtic Myth - Tuatha De Danann;4;179;0
2026;2026-09-19;Pantheon Lanes;tournament;Mythic Legends Invitational;2;Round 2;Lugh;174647;Celtic Myth - Tuatha De Danann;5;188;0
2026;2026-09-19;Pantheon Lanes;tournament;Mythic Legends Invitational;2;Round 2;Ishtar;172470;Mesopotamian Myth - Sky Kings;0;226;0
2026;2026-09-19;Pantheon Lanes;tournament;Mythic Legends Invitational;2;Round 2;Ishtar;172470;Mesopotamian Myth - Sky Kings;1;187;0
2026;2026-09-19;Pantheon Lanes;tournament;Mythic Legends Invitational;2;Round 2;Ishtar;172470;Mesopotamian Myth - Sky Kings;2;183;0
2026;2026-09-19;Pantheon Lanes;tournament;Mythic Legends Invitational;2;Round 2;Ishtar;172470;Mesopotamian Myth - Sky Kings;3;194;0
2026;2026-09-19;Pantheon Lanes;tournament;Mythic Legends Invitational;2;Round 2;Ishtar;172470;Mesopotamian Myth - Sky Kings;4;196;0
2026;2026-09-19;Pantheon Lanes;tournament;Mythic Legends Invitational;2;Round 2;Ishtar;172470;Mesopotamian Myth - Sky Kings;5;213;0
2026;2026-09-19;Pantheon Lanes;tournament;Mythic Legends Invitational;2;Round 2;Bres;112221;Celtic Myth - Fomorians;0;180;0
2026;2026-09-19;Pantheon Lanes;tournament;Mythic Legends Invitational;2;Round 2;Bres;112221;Celtic Myth - Fomorians;1;190;0
2026;2026-09-19;Pantheon Lanes;tournament;Mythic Legends Invitational;2;Round 2;Bres;112221;Celtic Myth - Fomorians;2;200;0
2026;2026-09-19;Pantheon Lanes;tournament;Mythic Legends Invitational;2;Round 2;Bres;112221;Celtic Myth - Fomorians;3;192;0
2026;2026-09-19;Pantheon Lanes;tournament;Mythic Legends Invitational;2;Round 2;Bres;112221;Celtic Myth - Fomorians;4;198;0
2026;2026-09-19;Pantheon Lanes;tournament;Mythic Legends Invitational;2;Round 2;Bres;112221;Celtic Myth - Fomorians;5;213;0
2026;2026-09-19;Pantheon Lanes;tournament;Mythic Legends Invitational;2;Round 2;Kingu;179084;Mesopotamian Myth - Chaos Ancients;0;176;0
2026;2026-09-19;Pantheon Lanes;tournament;Mythic Legends Invitational;2;Round 2;Kingu;179084;Mesopotamian Myth - Chaos Ancients;1;199;0
2026;2026-09-19;Pantheon Lanes;tournament;Mythic Legends Invitational;2;Round 2;Kingu;179084;Mesopotamian Myth - Chaos Ancients;2;197;0
2026;2026-09-19;Pantheon Lanes;tournament;Mythic Legends Invitational;2;Round 2;Kingu;179084;Mesopotamian Myth - Chaos Ancients;3;194;0
2026;2026-09-19;Pantheon Lanes;tournament;Mythic Legends Invitational;2;Round 2;Kingu;179084;Mesopotamian Myth - Chaos Ancients;4;197;0
2026;2026-09-19;Pantheon Lanes;tournament;Mythic Legends Invitational;2;Round 2;Kingu;179084;Mesopotamian Myth - Chaos Ancients;5;202;0
2026;2026-09-19;Pantheon Lanes;tournament;Mythic Legends Invitational;2;Round 2;Shamash;123283;Mesopotamian Myth - Sky Kings;0;209;0
2026;2026-09-19;Pantheon Lanes;tournament;Mythic Legends Invitational;2;Round 2;Shamash;123283;Mesopotamian Myth - Sky Kings;1;198;0
2026;2026-09-19;Pantheon Lanes;tournament;Mythic Legends Invitational;2;Round 2;Shamash;123283;Mesopotamian Myth - Sky Kings;2;185;0
2026;2026-09-19;Pantheon Lanes;tournament;Mythic Legends Invitational;2;Round 2;Shamash;123283;Mesopotamian Myth - Sky Kings;3;201;0
2026;2026-09-19;Pantheon Lanes;tournament;Mythic Legends Invitational;2;Round 2;Shamash;123283;Mesopotamian Myth - Sky Kings;4;217;0
2026;2026-09-19;Pantheon Lanes;tournament;Mythic Legends Invitational;2;Round 2;Shamash;123283;Mesopotamian Myth - Sky Kings;5;199;0
2026;2026-09-19;Pantheon Lanes;tournament;Mythic Legends Invitational;2;Round 2;Ravana;126986;Hindu Myth - Asuras;0;195;0
2026;2026-09-19;Pantheon Lanes;tournament;Mythic Legends Invitational;2;Round 2;Ravana;126986;Hindu Myth - Asuras;1;191;0
2026;2026-09-19;Pantheon Lanes;tournament;Mythic Legends Invitational;2;Round 2;Ravana;126986;Hindu Myth - Asuras;2;213;0
2026;2026-09-19;Pantheon Lanes;tournament;Mythic Legends Invitational;2;Round 2;Ravana;126986;Hindu Myth - Asuras;3;215;0
2026;2026-09-19;Pantheon Lanes;tournament;Mythic Legends Invitational;2;Round 2;Ravana;126986;Hindu Myth - Asuras;4;195;0
2026;2026-09-19;Pantheon Lanes;tournament;Mythic Legends Invitational;2;Round 2;Ravana;126986;Hindu Myth - Asuras;5;188;0
2026;2026-09-19;Pantheon Lanes;tournament;Mythic Legends Invitational;2;Round 2;Rhea;104221;Greek Myth - Titans & Primordials;0;236;0
2026;2026-09-19;Pantheon Lanes;tournament;Mythic Legends Invitational;2;Round 2;Rhea;104221;Greek Myth - Titans & Primordials;1;190;0
2026;2026-09-19;Pantheon Lanes;tournament;Mythic Legends Invitational;2;Round 2;Rhea;104221;Greek Myth - Titans & Primordials;2;198;0
2026;2026-09-19;Pantheon Lanes;tournament;Mythic Legends Invitational;2;Round 2;Rhea;104221;Greek Myth - Titans & Primordials;3;201;0
2026;2026-09-19;Pantheon Lanes;tournament;Mythic Legends Invitational;2;Round 2;Rhea;104221;Greek Myth - Titans & Primordials;4;205;0
2026;2026-09-19;Pantheon Lanes;tournament;Mythic Legends Invitational;2;Round 2;Rhea;104221;Greek Myth - Titans & Primordials;5;224;0
2026;2026-09-19;Pantheon Lanes;tournament;Mythic Legends Invitational;2;Round 2;Bastet;182554;Egyptian Myth - Solar Court;0;175;0
2026;2026-09-19;Pantheon Lanes;tournament;Mythic Legends Invitational;2;Round 2;Bastet;182554;Egyptian Myth - Solar Court;1;180;0
2026;2026-09-19;Pantheon Lanes;tournament;Mythic Legends Invitational;2;Round 2;Bastet;182554;Egyptian Myth - Solar Court;2;219;0
2026;2026-09-19;Pantheon Lanes;tournament;Mythic Legends Invitational;2;Round 2;Bastet;182554;Egyptian Myth - Solar Court;3;201;0
2026;2026-09-19;Pantheon Lanes;tournament;Mythic Legends Invitational;2;Round 2;Bastet;182554;Egyptian Myth - Solar Court;4;186;0
2026;2026-09-19;Pantheon Lanes;tournament;Mythic Legends Invitational;2;Round 2;Bastet;182554;Egyptian Myth - Solar Court;5;199;0
2026;2026-09-19;Pantheon Lanes;tournament;Mythic Legends Invitational;2;Round 2;Athena;142739;Greek Myth - Olympians;0;201;0
2026;2026-09-19;Pantheon Lanes;tournament;Mythic Legends Invitational;2;Round 2;Athena;142739;Greek Myth - Olympians;1;198;0
2026;2026-09-19;Pantheon Lanes;tournament;Mythic Legends Invitational;2;Round 2;Athena;142739;Greek Myth - Olympians;2;212;0
2026;2026-09-19;Pantheon Lanes;tournament;Mythic Legends Invitational;2;Round 2;Athena;142739;Greek Myth - Olympians;3;215;0
2026;2026-09-19;Pantheon Lanes;tournament;Mythic Legends Invitational;2;Round 2;Athena;142739;Greek Myth - Olympians;4;216;0
2026;2026-09-19;Pantheon Lanes;tournament;Mythic Legends Invitational;2;Round 2;Athena;142739;Greek Myth - Olympians;5;238;0
2026;2026-09-19;Pantheon Lanes;tournament;Mythic Legends Invitational;2;Round 2;Vishnu;126083;Hindu Myth - Devas;0;186;0
2026;2026-09-19;Pantheon Lanes;tournament;Mythic Legends Invitational;2;Round 2;Vishnu;126083;Hindu Myth - Devas;1;195;0
2026;2026-09-19;Pantheon Lanes;tournament;Mythic Legends Invitational;2;Round 2;Vishnu;126083;Hindu Myth - Devas;2;177;0
2026;2026-09-19;Pantheon Lanes;tournament;Mythic Legends Invitational;2;Round 2;Vishnu;126083;Hindu Myth - Devas;3;190;0
2026;2026-09-19;Pantheon Lanes;tournament;Mythic Legends Invitational;2;Round 2;Vishnu;126083;Hindu Myth - Devas;4;214;0
2026;2026-09-19;Pantheon Lanes;tournament;Mythic Legends Invitational;2;Round 2;Vishnu;126083;Hindu Myth - Devas;5;204;0
2026;2026-09-19;Pantheon Lanes;tournament;Mythic Legends Invitational;2;Round 2;Hiranyakashipu;130544;Hindu Myth - Asuras;0;203;0
2026;2026-09-19;Pantheon Lanes;tournament;Mythic Legends Invitational;2;Round 2;Hiranyakashipu;130544;Hindu Myth - Asuras;1;212;0
2026;2026-09-19;Pantheon Lanes;tournament;Mythic Legends Invitational;2;Round 2;Hiranyakashipu;130544;Hindu Myth - Asuras;2;191;0
2026;2026-09-19;Pantheon Lanes;tournament;Mythic Legends Invitational;2;Round 2;Hiranyakashipu;130544;Hindu Myth - Asuras;3;211;0
2026;2026-09-19;Pantheon Lanes;tournament;Mythic Legends Invitational;2;Round 2;Hiranyakashipu;130544;Hindu Myth - Asuras;4;200;0
2026;2026-09-19;Pantheon Lanes;tournament;Mythic Legends Invitational;2;Round 2;Hiranyakashipu;130544;Hindu Myth - Asuras;5;220;0
2026;2026-09-19;Pantheon Lanes;tournament;Mythic Legends Invitational;2;Round 2;Apollo;176933;Greek Myth - Olympians;0;229;0
2026;2026-09-19;Pantheon Lanes;tournament;Mythic Legends Invitational;2;Round 2;Apollo;176933;Greek Myth - Olympians;1;165;0
2026;2026-09-19;Pantheon Lanes;tournament;Mythic Legends Invitational;2;Round 2;Apollo;176933;Greek Myth - Olympians;2;181;0
2026;2026-09-19;Pantheon Lanes;tournament;Mythic Legends Invitational;2;Round 2;Apollo;176933;Greek Myth - Olympians;3;227;0
2026;2026-09-19;Pantheon Lanes;tournament;Mythic Legends Invitational;2;Round 2;Apollo;176933;Greek Myth - Olympians;4;194;0
2026;2026-09-19;Pantheon Lanes;tournament;Mythic Legends Invitational;2;Round 2;Apollo;176933;Greek Myth - Olympians;5;225;0
2026;2026-09-19;Pantheon Lanes;tournament;Mythic Legends Invitational;2;Round 2;Ra;143286;Egyptian Myth - Solar Court;0;190;0
2026;2026-09-19;Pantheon Lanes;tournament;Mythic Legends Invitational;2;Round 2;Ra;143286;Egyptian Myth - Solar Court;1;236;0
2026;2026-09-19;Pantheon Lanes;tournament;Mythic Legends Invitational;2;Round 2;Ra;143286;Egyptian Myth - Solar Court;2;181;0
2026;2026-09-19;Pantheon Lanes;tournament;Mythic Legends Invitational;2;Round 2;Ra;143286;Egyptian Myth - Solar Court;3;205;0
2026;2026-09-19;Pantheon Lanes;tournament;Mythic Legends Invitational;2;Round 2;Ra;143286;Egyptian Myth - Solar Court;4;215;0
2026;2026-09-19;Pantheon Lanes;tournament;Mythic Legends Invitational;2;Round 2;Ra;143286;Egyptian Myth - Solar Court;5;204;0
2026;2026-09-19;Pantheon Lanes;tournament;Mythic Legends Invitational;2;Round 2;Brigid;159183;Celtic Myth - Tuatha De Danann;0;187;0
2026;2026-09-19;Pantheon Lanes;tournament;Mythic Legends Invitational;2;Round 2;Brigid;159183;Celtic Myth - Tuatha De Danann;1;148;0
2026;2026-09-19;Pantheon Lanes;tournament;Mythic Legends Invitational;2;Round 2;Brigid;159183;Celtic Myth - Tuatha De Danann;2;192;0
2026;2026-09-19;Pantheon Lanes;tournament;Mythic Legends Invitational;2;Round 2;Brigid;159183;Celtic Myth - Tuatha De Danann;3;186;0
2026;2026-09-19;Pantheon Lanes;tournament;Mythic Legends Invitational;2;Round 2;Brigid;159183;Celtic Myth - Tuatha De Danann;4;177;0
2026;2026-09-19;Pantheon Lanes;tournament;Mythic Legends Invitational;2;Round 2;Brigid;159183;Celtic Myth - Tuatha De Danann;5;166;0
2026;2026-09-19;Pantheon Lanes;tournament;Mythic Legends Invitational;2;Round 2;Fenrir;162230;Norse Myth - Giants & Tricksters;0;210;0
2026;2026-09-19;Pantheon Lanes;tournament;Mythic Legends Invitational;2;Round 2;Fenrir;162230;Norse Myth - Giants & Tricksters;1;188;0
2026;2026-09-19;Pantheon Lanes;tournament;Mythic Legends Invitational;2;Round 2;Fenrir;162230;Norse Myth - Giants & Tricksters;2;196;0
2026;2026-09-19;Pantheon Lanes;tournament;Mythic Legends Invitational;2;Round 2;Fenrir;162230;Norse Myth - Giants & Tricksters;3;199;0
2026;2026-09-19;Pantheon Lanes;tournament;Mythic Legends Invitational;2;Round 2;Fenrir;162230;Norse Myth - Giants & Tricksters;4;209;0
2026;2026-09-19;Pantheon Lanes;tournament;Mythic Legends Invitational;2;Round 2;Fenrir;162230;Norse Myth - Giants & Tricksters;5;216;0
2026;2026-09-19;Pantheon Lanes;tournament;Mythic Legends Invitational;2;Round 2;Tyr;108350;Norse Myth - Aesir;0;186;0
2026;2026-09-19;Pantheon Lanes;tournament;Mythic Legends Invitational;2;Round 2;Tyr;108350;Norse Myth - Aesir;1;188;0
2026;2026-09-19;Pantheon Lanes;tournament;Mythic Legends Invitational;2;Round 2;Tyr;108350;Norse Myth - Aesir;2;169;0
2026;2026-09-19;Pantheon Lanes;tournament;Mythic Legends Invitational;2;Round 2;Tyr;108350;Norse Myth - Aesir;3;204;0
2026;2026-09-19;Pantheon Lanes;tournament;Mythic Legends Invitational;2;Round 2;Tyr;108350;Norse Myth - Aesir;4;200;0
2026;2026-09-19;Pantheon Lanes;tournament;Mythic Legends Invitational;2;Round 2;Tyr;108350;Norse Myth - Aesir;5;191;0
2026;2026-09-19;Pantheon Lanes;tournament;Mythic Legends Invitational;2;Round 2;Shiva;109108;Hindu Myth - Devas;0;156;0
2026;2026-09-19;Pantheon Lanes;tournament;Mythic Legends Invitational;2;Round 2;Shiva;109108;Hindu Myth - Devas;1;193;0
2026;2026-09-19;Pantheon Lanes;tournament;Mythic Legends Invitational;2;Round 2;Shiva;109108;Hindu Myth - Devas;2;185;0
2026;2026-09-19;Pantheon Lanes;tournament;Mythic Legends Invitational;2;Round 2;Shiva;109108;Hindu Myth - Devas;3;210;0
2026;2026-09-19;Pantheon Lanes;tournament;Mythic Legends Invitational;2;Round 2;Shiva;109108;Hindu Myth - Devas;4;181;0
2026;2026-09-19;Pantheon Lanes;tournament;Mythic Legends Invitational;2;Round 2;Shiva;109108;Hindu Myth - Devas;5;192;0
2026;2026-09-19;Pantheon Lanes;tournament;Mythic Legends Invitational;2;Round 2;Hel;124685;Norse Myth - Giants & Tricksters;0;187;0
2026;2026-09-19;Pantheon Lanes;tournament;Mythic Legends Invitational;2;Round 2;Hel;124685;Norse Myth - Giants & Tricksters;1;193;0
2026;2026-09-19;Pantheon Lanes;tournament;Mythic Legends Invitational;2;Round 2;Hel;124685;Norse Myth - Giants & Tricksters;2;196;0
2026;2026-09-19;Pantheon Lanes;tournament;Mythic Legends Invitational;2;Round 2;Hel;124685;Norse Myth - Giants & Tricksters;3;199;0
2026;2026-09-19;Pantheon Lanes;tournament;Mythic Legends Invitational;2;Round 2;Hel;124685;Norse Myth - Giants & Tricksters;4;182;0
2026;2026-09-19;Pantheon Lanes;tournament;Mythic Legends Invitational;2;Round 2;Hel;124685;Norse Myth - Giants & Tricksters;5;184;0
2026;2026-09-19;Pantheon Lanes;tournament;Mythic Legends Invitational;2;Round 2;Nergal;164043;Mesopotamian Myth - Chaos Ancients;0;188;0
2026;2026-09-19;Pantheon Lanes;tournament;Mythic Legends Invitational;2;Round 2;Nergal;164043;Mesopotamian Myth - Chaos Ancients;1;189;0
2026;2026-09-19;Pantheon Lanes;tournament;Mythic Legends Invitational;2;Round 2;Nergal;164043;Mesopotamian Myth - Chaos Ancients;2;179;0
2026;2026-09-19;Pantheon Lanes;tournament;Mythic Legends Invitational;2;Round 2;Nergal;164043;Mesopotamian Myth - Chaos Ancients;3;180;0
2026;2026-09-19;Pantheon Lanes;tournament;Mythic Legends Invitational;2;Round 2;Nergal;164043;Mesopotamian Myth - Chaos Ancients;4;178;0
2026;2026-09-19;Pantheon Lanes;tournament;Mythic Legends Invitational;2;Round 2;Nergal;164043;Mesopotamian Myth - Chaos Ancients;5;184;0
2026;2026-09-19;Pantheon Lanes;tournament;Mythic Legends Invitational;2;Round 2;Atlas;118236;Greek Myth - Titans & Primordials;0;192;0
2026;2026-09-19;Pantheon Lanes;tournament;Mythic Legends Invitational;2;Round 2;Atlas;118236;Greek Myth - Titans & Primordials;1;220;0
2026;2026-09-19;Pantheon Lanes;tournament;Mythic Legends Invitational;2;Round 2;Atlas;118236;Greek Myth - Titans & Primordials;2;177;0
2026;2026-09-19;Pantheon Lanes;tournament;Mythic Legends Invitational;2;Round 2;Atlas;118236;Greek Myth - Titans & Primordials;3;207;0
2026;2026-09-19;Pantheon Lanes;tournament;Mythic Legends Invitational;2;Round 2;Atlas;118236;Greek Myth - Titans & Primordials;4;174;0
2026;2026-09-19;Pantheon Lanes;tournament;Mythic Legends Invitational;2;Round 2;Atlas;118236;Greek Myth - Titans & Primordials;5;200;0
2026;2026-09-19;Pantheon Lanes;tournament;Mythic Legends Invitational;2;Round 2;Horus;174473;Egyptian Myth - Solar Court;0;177;0
2026;2026-09-19;Pantheon Lanes;tournament;Mythic Legends Invitational;2;Round 2;Horus;174473;Egyptian Myth - Solar Court;1;217;0
2026;2026-09-19;Pantheon Lanes;tournament;Mythic Legends Invitational;2;Round 2;Horus;174473;Egyptian Myth - Solar Court;2;190;0
2026;2026-09-19;Pantheon Lanes;tournament;Mythic Legends Invitational;2;Round 2;Horus;174473;Egyptian Myth - Solar Court;3;198;0
2026;2026-09-19;Pantheon Lanes;tournament;Mythic Legends Invitational;2;Round 2;Horus;174473;Egyptian Myth - Solar Court;4;199;0
2026;2026-09-19;Pantheon Lanes;tournament;Mythic Legends Invitational;2;Round 2;Horus;174473;Egyptian Myth - Solar Court;5;167;0
2026;2026-09-19;Pantheon Lanes;tournament;Mythic Legends Invitational;2;Round 2;Jormungandr;114239;Norse Myth - Giants & Tricksters;0;165;0
2026;2026-09-19;Pantheon Lanes;tournament;Mythic Legends Invitational;2;Round 2;Jormungandr;114239;Norse Myth - Giants & Tricksters;1;174;0
2026;2026-09-19;Pantheon Lanes;tournament;Mythic Legends Invitational;2;Round 2;Jormungandr;114239;Norse Myth - Giants & Tricksters;2;189;0
2026;2026-09-19;Pantheon Lanes;tournament;Mythic Legends Invitational;2;Round 2;Jormungandr;114239;Norse Myth - Giants & Tricksters;3;172;0
2026;2026-09-19;Pantheon Lanes;tournament;Mythic Legends Invitational;2;Round 2;Jormungandr;114239;Norse Myth - Giants & Tricksters;4;185;0
2026;2026-09-19;Pantheon Lanes;tournament;Mythic Legends Invitational;2;Round 2;Jormungandr;114239;Norse Myth - Giants & Tricksters;5;186;0
2026;2026-09-19;Pantheon Lanes;tournament;Mythic Legends Invitational;2;Round 2;Nanna;104202;Mesopotamian Myth - Sky Kings;0;167;0
2026;2026-09-19;Pantheon Lanes;tournament;Mythic Legends Invitational;2;Round 2;Nanna;104202;Mesopotamian Myth - Sky Kings;1;181;0
2026;2026-09-19;Pantheon Lanes;tournament;Mythic Legends Invitational;2;Round 2;Nanna;104202;Mesopotamian Myth - Sky Kings;2;174;0
2026;2026-09-19;Pantheon Lanes;tournament;Mythic Legends Invitational;2;Round 2;Nanna;104202;Mesopotamian Myth - Sky Kings;3;194;0
2026;2026-09-19;Pantheon Lanes;tournament;Mythic Legends Invitational;2;Round 2;Nanna;104202;Mesopotamian Myth - Sky Kings;4;177;0
2026;2026-09-19;Pantheon Lanes;tournament;Mythic Legends Invitational;2;Round 2;Nanna;104202;Mesopotamian Myth - Sky Kings;5;178;0
2026;2026-09-19;Pantheon Lanes;tournament;Mythic Legends Invitational;2;Round 2;Set;151234;Egyptian Myth - Underworld Powers;0;193;0
2026;2026-09-19;Pantheon Lanes;tournament;Mythic Legends Invitational;2;Round 2;Set;151234;Egyptian Myth - Underworld Powers;1;181;0
2026;2026-09-19;Pantheon Lanes;tournament;Mythic Legends Invitational;2;Round 2;Set;151234;Egyptian Myth - Underworld Powers;2;215;0
2026;2026-09-19;Pantheon Lanes;tournament;Mythic Legends Invitational;2;Round 2;Set;151234;Egyptian Myth - Underworld Powers;3;183;0
2026;2026-09-19;Pantheon Lanes;tournament;Mythic Legends Invitational;2;Round 2;Set;151234;Egyptian Myth - Underworld Powers;4;180;0
2026;2026-09-19;Pantheon Lanes;tournament;Mythic Legends Invitational;2;Round 2;Set;151234;Egyptian Myth - Underworld Powers;5;206;0
2026;2026-09-19;Pantheon Lanes;tournament;Mythic Legends Invitational;2;Round 2;Frigg;170056;Norse Myth - Aesir;0;181;0
2026;2026-09-19;Pantheon Lanes;tournament;Mythic Legends Invitational;2;Round 2;Frigg;170056;Norse Myth - Aesir;1;179;0
2026;2026-09-19;Pantheon Lanes;tournament;Mythic Legends Invitational;2;Round 2;Frigg;170056;Norse Myth - Aesir;2;183;0
2026;2026-09-19;Pantheon Lanes;tournament;Mythic Legends Invitational;2;Round 2;Frigg;170056;Norse Myth - Aesir;3;183;0
2026;2026-09-19;Pantheon Lanes;tournament;Mythic Legends Invitational;2;Round 2;Frigg;170056;Norse Myth - Aesir;4;187;0
2026;2026-09-19;Pantheon Lanes;tournament;Mythic Legends Invitational;2;Round 2;Frigg;170056;Norse Myth - Aesir;5;181;0
2026;2026-09-19;Pantheon Lanes;tournament;Mythic Legends Invitational;2;Round 2;Elatha;122468;Celtic Myth - Fomorians;0;181;0
2026;2026-09-19;Pantheon Lanes;tournament;Mythic Legends Invitational;2;Round 2;Elatha;122468;Celtic Myth - Fomorians;1;172;0
2026;2026-09-19;Pantheon Lanes;tournament;Mythic Legends Invitational;2;Round 2;Elatha;122468;Celtic Myth - Fomorians;2;180;0
2026;2026-09-19;Pantheon Lanes;tournament;Mythic Legends Invitational;2;Round 2;Elatha;122468;Celtic Myth - Fomorians;3;194;0
2026;2026-09-19;Pantheon Lanes;tournament;Mythic Legends Invitational;2;Round 2;Elatha;122468;Celtic Myth - Fomorians;4;200;0
2026;2026-09-19;Pantheon Lanes;tournament;Mythic Legends Invitational;2;Round 2;Elatha;122468;Celtic Myth - Fomorians;5;201;0
2026;2026-09-19;Pantheon Lanes;tournament;Mythic Legends Invitational;2;Round 2;Vritra;138155;Hindu Myth - Asuras;0;169;0
2026;2026-09-19;Pantheon Lanes;tournament;Mythic Legends Invitational;2;Round 2;Vritra;138155;Hindu Myth - Asuras;1;175;0
2026;2026-09-19;Pantheon Lanes;tournament;Mythic Legends Invitational;2;Round 2;Vritra;138155;Hindu Myth - Asuras;2;191;0
2026;2026-09-19;Pantheon Lanes;tournament;Mythic Legends Invitational;2;Round 2;Vritra;138155;Hindu Myth - Asuras;3;184;0
2026;2026-09-19;Pantheon Lanes;tournament;Mythic Legends Invitational;2;Round 2;Vritra;138155;Hindu Myth - Asuras;4;194;0
2026;2026-09-19;Pantheon Lanes;tournament;Mythic Legends Invitational;2;Round 2;Vritra;138155;Hindu Myth - Asuras;5;171;0
2026;2026-09-20;Pantheon Lanes;tournament;Mythic Legends Invitational;3;Final;Indra;124470;Hindu Myth - Devas;0;190;0
2026;2026-09-20;Pantheon Lanes;tournament;Mythic Legends Invitational;3;Final;Indra;124470;Hindu Myth - Devas;1;211;0
2026;2026-09-20;Pantheon Lanes;tournament;Mythic Legends Invitational;3;Final;Indra;124470;Hindu Myth - Devas;2;205;0
2026;2026-09-20;Pantheon Lanes;tournament;Mythic Legends Invitational;3;Final;Indra;124470;Hindu Myth - Devas;3;224;0
2026;2026-09-20;Pantheon Lanes;tournament;Mythic Legends Invitational;3;Final;Indra;124470;Hindu Myth - Devas;4;220;0
2026;2026-09-20;Pantheon Lanes;tournament;Mythic Legends Invitational;3;Final;Indra;124470;Hindu Myth - Devas;5;195;0
2026;2026-09-20;Pantheon Lanes;tournament;Mythic Legends Invitational;3;Final;Zeus;139274;Greek Myth - Olympians;0;241;0
2026;2026-09-20;Pantheon Lanes;tournament;Mythic Legends Invitational;3;Final;Zeus;139274;Greek Myth - Olympians;1;225;0
2026;2026-09-20;Pantheon Lanes;tournament;Mythic Legends Invitational;3;Final;Zeus;139274;Greek Myth - Olympians;2;217;0
2026;2026-09-20;Pantheon Lanes;tournament;Mythic Legends Invitational;3;Final;Zeus;139274;Greek Myth - Olympians;3;235;0
2026;2026-09-20;Pantheon Lanes;tournament;Mythic Legends Invitational;3;Final;Zeus;139274;Greek Myth - Olympians;4;226;0
2026;2026-09-20;Pantheon Lanes;tournament;Mythic Legends Invitational;3;Final;Zeus;139274;Greek Myth - Olympians;5;228;0
2026;2026-09-20;Pantheon Lanes;tournament;Mythic Legends Invitational;3;Final;The Dagda;143101;Celtic Myth - Tuatha De Danann;0;217;0
2026;2026-09-20;Pantheon Lanes;tournament;Mythic Legends Invitational;3;Final;The Dagda;143101;Celtic Myth - Tuatha De Danann;1;218;0
2026;2026-09-20;Pantheon Lanes;tournament;Mythic Legends Invitational;3;Final;The Dagda;143101;Celtic Myth - Tuatha De Danann;2;230;0
2026;2026-09-20;Pantheon Lanes;tournament;Mythic Legends Invitational;3;Final;The Dagda;143101;Celtic Myth - Tuatha De Danann;3;228;0
2026;2026-09-20;Pantheon Lanes;tournament;Mythic Legends Invitational;3;Final;The Dagda;143101;Celtic Myth - Tuatha De Danann;4;221;0
2026;2026-09-20;Pantheon Lanes;tournament;Mythic Legends Invitational;3;Final;The Dagda;143101;Celtic Myth - Tuatha De Danann;5;231;0
2026;2026-09-20;Pantheon Lanes;tournament;Mythic Legends Invitational;3;Final;Loki;150650;Norse Myth - Giants & Tricksters;0;219;0
2026;2026-09-20;Pantheon Lanes;tournament;Mythic Legends Invitational;3;Final;Loki;150650;Norse Myth - Giants & Tricksters;1;209;0
2026;2026-09-20;Pantheon Lanes;tournament;Mythic Legends Invitational;3;Final;Loki;150650;Norse Myth - Giants & Tricksters;2;198;0
2026;2026-09-20;Pantheon Lanes;tournament;Mythic Legends Invitational;3;Final;Loki;150650;Norse Myth - Giants & Tricksters;3;212;0
2026;2026-09-20;Pantheon Lanes;tournament;Mythic Legends Invitational;3;Final;Loki;150650;Norse Myth - Giants & Tricksters;4;213;0
2026;2026-09-20;Pantheon Lanes;tournament;Mythic Legends Invitational;3;Final;Loki;150650;Norse Myth - Giants & Tricksters;5;236;0
2026;2026-09-20;Pantheon Lanes;tournament;Mythic Legends Invitational;3;Final;Odin;126765;Norse Myth - Aesir;0;252;0
2026;2026-09-20;Pantheon Lanes;tournament;Mythic Legends Invitational;3;Final;Odin;126765;Norse Myth - Aesir;1;190;0
2026;2026-09-20;Pantheon Lanes;tournament;Mythic Legends Invitational;3;Final;Odin;126765;Norse Myth - Aesir;2;194;0
2026;2026-09-20;Pantheon Lanes;tournament;Mythic Legends Invitational;3;Final;Odin;126765;Norse Myth - Aesir;3;238;0
2026;2026-09-20;Pantheon Lanes;tournament;Mythic Legends Invitational;3;Final;Odin;126765;Norse Myth - Aesir;4;182;0
2026;2026-09-20;Pantheon Lanes;tournament;Mythic Legends Invitational;3;Final;Odin;126765;Norse Myth - Aesir;5;249;0
2026;2026-09-20;Pantheon Lanes;tournament;Mythic Legends Invitational;3;Final;Cronus;174393;Greek Myth - Titans & Primordials;0;202;0
2026;2026-09-20;Pantheon Lanes;tournament;Mythic Legends Invitational;3;Final;Cronus;174393;Greek Myth - Titans & Primordials;1;211;0
2026;2026-09-20;Pantheon Lanes;tournament;Mythic Legends Invitational;3;Final;Cronus;174393;Greek Myth - Titans & Primordials;2;233;0
2026;2026-09-20;Pantheon Lanes;tournament;Mythic Legends Invitational;3;Final;Cronus;174393;Greek Myth - Titans & Primordials;3;207;0
2026;2026-09-20;Pantheon Lanes;tournament;Mythic Legends Invitational;3;Final;Cronus;174393;Greek Myth - Titans & Primordials;4;205;0
2026;2026-09-20;Pantheon Lanes;tournament;Mythic Legends Invitational;3;Final;Cronus;174393;Greek Myth - Titans & Primordials;5;207;0
2026;2026-09-20;Pantheon Lanes;tournament;Mythic Legends Invitational;3;Final;Tiamat;190311;Mesopotamian Myth - Chaos Ancients;0;215;0
2026;2026-09-20;Pantheon Lanes;tournament;Mythic Legends Invitational;3;Final;Tiamat;190311;Mesopotamian Myth - Chaos Ancients;1;224;0
2026;2026-09-20;Pantheon Lanes;tournament;Mythic Legends Invitational;3;Final;Tiamat;190311;Mesopotamian Myth - Chaos Ancients;2;198;0
2026;2026-09-20;Pantheon Lanes;tournament;Mythic Legends Invitational;3;Final;Tiamat;190311;Mesopotamian Myth - Chaos Ancients;3;221;0
2026;2026-09-20;Pantheon Lanes;tournament;Mythic Legends Invitational;3;Final;Tiamat;190311;Mesopotamian Myth - Chaos Ancients;4;220;0
2026;2026-09-20;Pantheon Lanes;tournament;Mythic Legends Invitational;3;Final;Tiamat;190311;Mesopotamian Myth - Chaos Ancients;5;196;0
2026;2026-09-20;Pantheon Lanes;tournament;Mythic Legends Invitational;3;Final;Mahishasura;137200;Hindu Myth - Asuras;0;210;0
2026;2026-09-20;Pantheon Lanes;tournament;Mythic Legends Invitational;3;Final;Mahishasura;137200;Hindu Myth - Asuras;1;210;0
2026;2026-09-20;Pantheon Lanes;tournament;Mythic Legends Invitational;3;Final;Mahishasura;137200;Hindu Myth - Asuras;2;233;0
2026;2026-09-20;Pantheon Lanes;tournament;Mythic Legends Invitational;3;Final;Mahishasura;137200;Hindu Myth - Asuras;3;218;0
2026;2026-09-20;Pantheon Lanes;tournament;Mythic Legends Invitational;3;Final;Mahishasura;137200;Hindu Myth - Asuras;4;255;0
2026;2026-09-20;Pantheon Lanes;tournament;Mythic Legends Invitational;3;Final;Mahishasura;137200;Hindu Myth - Asuras;5;218;0
2026;2026-09-20;Pantheon Lanes;tournament;Mythic Legends Invitational;3;Final;Marduk;188458;Mesopotamian Myth - Sky Kings;0;209;0
2026;2026-09-20;Pantheon Lanes;tournament;Mythic Legends Invitational;3;Final;Marduk;188458;Mesopotamian Myth - Sky Kings;1;216;0
2026;2026-09-20;Pantheon Lanes;tournament;Mythic Legends Invitational;3;Final;Marduk;188458;Mesopotamian Myth - Sky Kings;2;239;0
2026;2026-09-20;Pantheon Lanes;tournament;Mythic Legends Invitational;3;Final;Marduk;188458;Mesopotamian Myth - Sky Kings;3;219;0
2026;2026-09-20;Pantheon Lanes;tournament;Mythic Legends Invitational;3;Final;Marduk;188458;Mesopotamian Myth - Sky Kings;4;221;0
2026;2026-09-20;Pantheon Lanes;tournament;Mythic Legends Invitational;3;Final;Marduk;188458;Mesopotamian Myth - Sky Kings;5;230;0
2026;2026-09-20;Pantheon Lanes;tournament;Mythic Legends Invitational;3;Final;Balor;139930;Celtic Myth - Fomorians;0;198;0
2026;2026-09-20;Pantheon Lanes;tournament;Mythic Legends Invitational;3;Final;Balor;139930;Celtic Myth - Fomorians;1;182;0
2026;2026-09-20;Pantheon Lanes;tournament;Mythic Legends Invitational;3;Final;Balor;139930;Celtic Myth - Fomorians;2;195;0
2026;2026-09-20;Pantheon Lanes;tournament;Mythic Legends Invitational;3;Final;Balor;139930;Celtic Myth - Fomorians;3;209;0
2026;2026-09-20;Pantheon Lanes;tournament;Mythic Legends Invitational;3;Final;Balor;139930;Celtic Myth - Fomorians;4;194;0
2026;2026-09-20;Pantheon Lanes;tournament;Mythic Legends Invitational;3;Final;Balor;139930;Celtic Myth - Fomorians;5;218;0
2026;2026-09-20;Pantheon Lanes;tournament;Mythic Legends Invitational;3;Final;Osiris;179670;Egyptian Myth - Underworld Powers;0;208;0
2026;2026-09-20;Pantheon Lanes;tournament;Mythic Legends Invitational;3;Final;Osiris;179670;Egyptian Myth - Underworld Powers;1;223;0
2026;2026-09-20;Pantheon Lanes;tournament;Mythic Legends Invitational;3;Final;Osiris;179670;Egyptian Myth - Underworld Powers;2;224;0
2026;2026-09-20;Pantheon Lanes;tournament;Mythic Legends Invitational;3;Final;Osiris;179670;Egyptian Myth - Underworld Powers;3;213;0
2026;2026-09-20;Pantheon Lanes;tournament;Mythic Legends Invitational;3;Final;Osiris;179670;Egyptian Myth - Underworld Powers;4;231;0
2026;2026-09-20;Pantheon Lanes;tournament;Mythic Legends Invitational;3;Final;Osiris;179670;Egyptian Myth - Underworld Powers;5;230;0
2026;2026-09-20;Pantheon Lanes;tournament;Mythic Legends Invitational;3;Final;Anubis;175219;Egyptian Myth - Underworld Powers;0;196;0
2026;2026-09-20;Pantheon Lanes;tournament;Mythic Legends Invitational;3;Final;Anubis;175219;Egyptian Myth - Underworld Powers;1;187;0
2026;2026-09-20;Pantheon Lanes;tournament;Mythic Legends Invitational;3;Final;Anubis;175219;Egyptian Myth - Underworld Powers;2;202;0
2026;2026-09-20;Pantheon Lanes;tournament;Mythic Legends Invitational;3;Final;Anubis;175219;Egyptian Myth - Underworld Powers;3;213;0
2026;2026-09-20;Pantheon Lanes;tournament;Mythic Legends Invitational;3;Final;Anubis;175219;Egyptian Myth - Underworld Powers;4;214;0
2026;2026-09-20;Pantheon Lanes;tournament;Mythic Legends Invitational;3;Final;Anubis;175219;Egyptian Myth - Underworld Powers;5;193;0
2026;2026-09-20;Pantheon Lanes;tournament;Mythic Legends Invitational;3;Final;Thor;151201;Norse Myth - Aesir;0;181;0
2026;2026-09-20;Pantheon Lanes;tournament;Mythic Legends Invitational;3;Final;Thor;151201;Norse Myth - Aesir;1;196;0
2026;2026-09-20;Pantheon Lanes;tournament;Mythic Legends Invitational;3;Final;Thor;151201;Norse Myth - Aesir;2;196;0
2026;2026-09-20;Pantheon Lanes;tournament;Mythic Legends Invitational;3;Final;Thor;151201;Norse Myth - Aesir;3;194;0
2026;2026-09-20;Pantheon Lanes;tournament;Mythic Legends Invitational;3;Final;Thor;151201;Norse Myth - Aesir;4;218;0
2026;2026-09-20;Pantheon Lanes;tournament;Mythic Legends Invitational;3;Final;Thor;151201;Norse Myth - Aesir;5;216;0
2026;2026-09-20;Pantheon Lanes;tournament;Mythic Legends Invitational;3;Final;Athena;142739;Greek Myth - Olympians;0;167;0
2026;2026-09-20;Pantheon Lanes;tournament;Mythic Legends Invitational;3;Final;Athena;142739;Greek Myth - Olympians;1;203;0
2026;2026-09-20;Pantheon Lanes;tournament;Mythic Legends Invitational;3;Final;Athena;142739;Greek Myth - Olympians;2;202;0
2026;2026-09-20;Pantheon Lanes;tournament;Mythic Legends Invitational;3;Final;Athena;142739;Greek Myth - Olympians;3;188;0
2026;2026-09-20;Pantheon Lanes;tournament;Mythic Legends Invitational;3;Final;Athena;142739;Greek Myth - Olympians;4;179;0
2026;2026-09-20;Pantheon Lanes;tournament;Mythic Legends Invitational;3;Final;Athena;142739;Greek Myth - Olympians;5;160;0
2026;2026-09-20;Pantheon Lanes;tournament;Mythic Legends Invitational;3;Final;Rhea;104221;Greek Myth - Titans & Primordials;0;171;0
2026;2026-09-20;Pantheon Lanes;tournament;Mythic Legends Invitational;3;Final;Rhea;104221;Greek Myth - Titans & Primordials;1;208;0
2026;2026-09-20;Pantheon Lanes;tournament;Mythic Legends Invitational;3;Final;Rhea;104221;Greek Myth - Titans & Primordials;2;220;0
2026;2026-09-20;Pantheon Lanes;tournament;Mythic Legends Invitational;3;Final;Rhea;104221;Greek Myth - Titans & Primordials;3;230;0
2026;2026-09-20;Pantheon Lanes;tournament;Mythic Legends Invitational;3;Final;Rhea;104221;Greek Myth - Titans & Primordials;4;226;0
2026;2026-09-20;Pantheon Lanes;tournament;Mythic Legends Invitational;3;Final;Rhea;104221;Greek Myth - Titans & Primordials;5;213;0
2026;2026-09-20;Pantheon Lanes;tournament;Mythic Legends Invitational;3;Final;Ishtar;172470;Mesopotamian Myth - Sky Kings;0;226;0
2026;2026-09-20;Pantheon Lanes;tournament;Mythic Legends Invitational;3;Final;Ishtar;172470;Mesopotamian Myth - Sky Kings;1;199;0
2026;2026-09-20;Pantheon Lanes;tournament;Mythic Legends Invitational;3;Final;Ishtar;172470;Mesopotamian Myth - Sky Kings;2;200;0
2026;2026-09-20;Pantheon Lanes;tournament;Mythic Legends Invitational;3;Final;Ishtar;172470;Mesopotamian Myth - Sky Kings;3;193;0
2026;2026-09-20;Pantheon Lanes;tournament;Mythic Legends Invitational;3;Final;Ishtar;172470;Mesopotamian Myth - Sky Kings;4;187;0
2026;2026-09-20;Pantheon Lanes;tournament;Mythic Legends Invitational;3;Final;Ishtar;172470;Mesopotamian Myth - Sky Kings;5;216;0
2026;2026-09-20;Pantheon Lanes;tournament;Mythic Legends Invitational;3;Final;Shamash;123283;Mesopotamian Myth - Sky Kings;0;196;0
2026;2026-09-20;Pantheon Lanes;tournament;Mythic Legends Invitational;3;Final;Shamash;123283;Mesopotamian Myth - Sky Kings;1;192;0
2026;2026-09-20;Pantheon Lanes;tournament;Mythic Legends Invitational;3;Final;Shamash;123283;Mesopotamian Myth - Sky Kings;2;207;0
2026;2026-09-20;Pantheon Lanes;tournament;Mythic Legends Invitational;3;Final;Shamash;123283;Mesopotamian Myth - Sky Kings;3;196;0
2026;2026-09-20;Pantheon Lanes;tournament;Mythic Legends Invitational;3;Final;Shamash;123283;Mesopotamian Myth - Sky Kings;4;182;0
2026;2026-09-20;Pantheon Lanes;tournament;Mythic Legends Invitational;3;Final;Shamash;123283;Mesopotamian Myth - Sky Kings;5;184;0
2026;2026-09-20;Pantheon Lanes;tournament;Mythic Legends Invitational;3;Final;Hiranyakashipu;130544;Hindu Myth - Asuras;0;205;0
2026;2026-09-20;Pantheon Lanes;tournament;Mythic Legends Invitational;3;Final;Hiranyakashipu;130544;Hindu Myth - Asuras;1;209;0
2026;2026-09-20;Pantheon Lanes;tournament;Mythic Legends Invitational;3;Final;Hiranyakashipu;130544;Hindu Myth - Asuras;2;196;0
2026;2026-09-20;Pantheon Lanes;tournament;Mythic Legends Invitational;3;Final;Hiranyakashipu;130544;Hindu Myth - Asuras;3;179;0
2026;2026-09-20;Pantheon Lanes;tournament;Mythic Legends Invitational;3;Final;Hiranyakashipu;130544;Hindu Myth - Asuras;4;203;0
2026;2026-09-20;Pantheon Lanes;tournament;Mythic Legends Invitational;3;Final;Hiranyakashipu;130544;Hindu Myth - Asuras;5;237;0
2026;2026-09-20;Pantheon Lanes;tournament;Mythic Legends Invitational;3;Final;Ravana;126986;Hindu Myth - Asuras;0;173;0
2026;2026-09-20;Pantheon Lanes;tournament;Mythic Legends Invitational;3;Final;Ravana;126986;Hindu Myth - Asuras;1;219;0
2026;2026-09-20;Pantheon Lanes;tournament;Mythic Legends Invitational;3;Final;Ravana;126986;Hindu Myth - Asuras;2;212;0
2026;2026-09-20;Pantheon Lanes;tournament;Mythic Legends Invitational;3;Final;Ravana;126986;Hindu Myth - Asuras;3;189;0
2026;2026-09-20;Pantheon Lanes;tournament;Mythic Legends Invitational;3;Final;Ravana;126986;Hindu Myth - Asuras;4;191;0
2026;2026-09-20;Pantheon Lanes;tournament;Mythic Legends Invitational;3;Final;Ravana;126986;Hindu Myth - Asuras;5;194;0
2026;2026-09-20;Pantheon Lanes;tournament;Mythic Legends Invitational;3;Final;Lugh;174647;Celtic Myth - Tuatha De Danann;0;205;0
2026;2026-09-20;Pantheon Lanes;tournament;Mythic Legends Invitational;3;Final;Lugh;174647;Celtic Myth - Tuatha De Danann;1;205;0
2026;2026-09-20;Pantheon Lanes;tournament;Mythic Legends Invitational;3;Final;Lugh;174647;Celtic Myth - Tuatha De Danann;2;198;0
2026;2026-09-20;Pantheon Lanes;tournament;Mythic Legends Invitational;3;Final;Lugh;174647;Celtic Myth - Tuatha De Danann;3;195;0
2026;2026-09-20;Pantheon Lanes;tournament;Mythic Legends Invitational;3;Final;Lugh;174647;Celtic Myth - Tuatha De Danann;4;187;0
2026;2026-09-20;Pantheon Lanes;tournament;Mythic Legends Invitational;3;Final;Lugh;174647;Celtic Myth - Tuatha De Danann;5;179;0
