Season;Date;Location;Event Type;Event Name;Round Number;Round Name;Player;Player ID;Club;Game Number;Score;Handicap
2024;2024-09-18;The Nexus Bowl;tournament;Geek Masters Invitational;1;Qualifying;Luke Skywalker;91905;Star Wars - Jedi Order;0;238;0
2024;2024-09-18;The Nexus Bowl;tournament;Geek Masters Invitational;1;Qualifying;Luke Skywalker;91905;Star Wars - Jedi Order;1;230;0
2024;2024-09-18;The Nexus Bowl;tournament;Geek Masters Invitational;1;Qualifying;Luke Skywalker;91905;Star Wars - Jedi Order;2;212;0
2024;2024-09-18;The Nexus Bowl;tournament;Geek Masters Invitational;1;Qualifying;Luke Skywalker;91905;Star Wars - Jedi Order;3;210;0
2024;2024-09-18;The Nexus Bowl;tournament;Geek Masters Invitational;1;Qualifying;Luke Skywalker;91905;Star Wars - Jedi Order;4;230;0
2024;2024-09-18;The Nexus Bowl;tournament;Geek Masters Invitational;1;Qualifying;Luke Skywalker;91905;Star Wars - Jedi Order;5;229;0
2024;2024-09-18;The Nexus Bowl;tournament;Geek Masters Invitational;1;Qualifying;Luke Skywalker;91905;Star Wars - Jedi Order;6;201;0
2024;2024-09-18;The Nexus Bowl;tournament;Geek Masters Invitational;1;Qualifying;Luke Skywalker;91905;Star Wars - Jedi Order;7;259;0
2024;2024-09-18;The Nexus Bowl;tournament;Geek Masters Invitational;1;Qualifying;Obi-Wan Kenobi;57296;Star Wars - Jedi Order;0;158;0
2024;2024-09-18;The Nexus Bowl;tournament;Geek Masters Invitational;1;Qualifying;Obi-Wan Kenobi;57296;Star Wars - Jedi Order;1;192;0
2024;2024-09-18;The Nexus Bowl;tournament;Geek Masters Invitational;1;Qualifying;Obi-Wan Kenobi;57296;Star Wars - Jedi Order;2;207;0
2024;2024-09-18;The Nexus Bowl;tournament;Geek Masters Invitational;1;Qualifying;Obi-Wan Kenobi;57296;Star Wars - Jedi Order;3;193;0
2024;2024-09-18;The Nexus Bowl;tournament;Geek Masters Invitational;1;Qualifying;Obi-Wan Kenobi;57296;Star Wars - Jedi Order;4;157;0
2024;2024-09-18;The Nexus Bowl;tournament;Geek Masters Invitational;1;Qualifying;Obi-Wan Kenobi;57296;Star Wars - Jedi Order;5;207;0
2024;2024-09-18;The Nexus Bowl;tournament;Geek Masters Invitational;1;Qualifying;Obi-Wan Kenobi;57296;Star Wars - Jedi Order;6;185;0
2024;2024-09-18;The Nexus Bowl;tournament;Geek Masters Invitational;1;Qualifying;Obi-Wan Kenobi;57296;Star Wars - Jedi Order;7;198;0
2024;2024-09-18;The Nexus Bowl;tournament;Geek Masters Invitational;1;Qualifying;Ahsoka Tano;51639;Star Wars - Jedi Order;0;209;0
2024;2024-09-18;The Nexus Bowl;tournament;Geek Masters Invitational;1;Qualifying;Ahsoka Tano;51639;Star Wars - Jedi Order;1;206;0
2024;2024-09-18;The Nexus Bowl;tournament;Geek Masters Invitational;1;Qualifying;Ahsoka Tano;51639;Star Wars - Jedi Order;2;199;0
2024;2024-09-18;The Nexus Bowl;tournament;Geek Masters Invitational;1;Qualifying;Ahsoka Tano;51639;Star Wars - Jedi Order;3;206;0
2024;2024-09-18;The Nexus Bowl;tournament;Geek Masters Invitational;1;Qualifying;Ahsoka Tano;51639;Star Wars - Jedi Order;4;200;0
2024;2024-09-18;The Nexus Bowl;tournament;Geek Masters Invitational;1;Qualifying;Ahsoka Tano;51639;Star Wars - Jedi Order;5;210;0
2024;2024-09-18;The Nexus Bowl;tournament;Geek Masters Invitational;1;Qualifying;Ahsoka Tano;51639;Star Wars - Jedi Order;6;195;0
2024;2024-09-18;The Nexus Bowl;tournament;Geek Masters Invitational;1;Qualifying;Ahsoka Tano;51639;Star Wars - Jedi Order;7;193;0
2024;2024-09-18;The Nexus Bowl;tournament;Geek Masters Invitational;1;Qualifying;Mace Windu;98598;Star Wars - Jedi Order;0;172;0
2024;2024-09-18;The Nexus Bowl;tournament;Geek Masters Invitational;1;Qualifying;Mace Windu;98598;Star Wars - Jedi Order;1;174;0
2024;2024-09-18;The Nexus Bowl;tournament;Geek Masters Invitational;1;Qualifying;Mace Windu;98598;Star Wars - Jedi Order;2;175;0
2024;2024-09-18;The Nexus Bowl;tournament;Geek Masters Invitational;1;Qualifying;Mace Windu;98598;Star Wars - Jedi Order;3;170;0
2024;2024-09-18;The Nexus Bowl;tournament;Geek Masters Invitational;1;Qualifying;Mace Windu;98598;Star Wars - Jedi Order;4;226;0
2024;2024-09-18;The Nexus Bowl;tournament;Geek Masters Invitational;1;Qualifying;Mace Windu;98598;Star Wars - Jedi Order;5;189;0
2024;2024-09-18;The Nexus Bowl;tournament;Geek Masters Invitational;1;Qualifying;Mace Windu;98598;Star Wars - Jedi Order;6;191;0
2024;2024-09-18;The Nexus Bowl;tournament;Geek Masters Invitational;1;Qualifying;Mace Windu;98598;Star Wars - Jedi Order;7;198;0
2024;2024-09-18;The Nexus Bowl;tournament;Geek Masters Invitational;1;Qualifying;Darth Vader;68024;Star Wars - Sith Empire;0;210;0
2024;2024-09-18;The Nexus Bowl;tournament;Geek Masters Invitational;1;Qualifying;Darth Vader;68024;Star Wars - Sith Empire;1;182;0
2024;2024-09-18;The Nexus Bowl;tournament;Geek Masters Invitational;1;Qualifying;Darth Vader;68024;Star Wars - Sith Empire;2;204;0
2024;2024-09-18;The Nexus Bowl;tournament;Geek Masters Invitational;1;Qualifying;Darth Vader;68024;Star Wars - Sith Empire;3;209;0
2024;2024-09-18;The Nexus Bowl;tournament;Geek Masters Invitational;1;Qualifying;Darth Vader;68024;Star Wars - Sith Empire;4;210;0
2024;2024-09-18;The Nexus Bowl;tournament;Geek Masters Invitational;1;Qualifying;Darth Vader;68024;Star Wars - Sith Empire;5;214;0
2024;2024-09-18;The Nexus Bowl;tournament;Geek Masters Invitational;1;Qualifying;Darth Vader;68024;Star Wars - Sith Empire;6;217;0
2024;2024-09-18;The Nexus Bowl;tournament;Geek Masters Invitational;1;Qualifying;Darth Vader;68024;Star Wars - Sith Empire;7;203;0
2024;2024-09-18;The Nexus Bowl;tournament;Geek Masters Invitational;1;Qualifying;Emperor Palpatine;66049;Star Wars - Sith Empire;0;202;0
2024;2024-09-18;The Nexus Bowl;tournament;Geek Masters Invitational;1;Qualifying;Emperor Palpatine;66049;Star Wars - Sith Empire;1;198;0
2024;2024-09-18;The Nexus Bowl;tournament;Geek Masters Invitational;1;Qualifying;Emperor Palpatine;66049;Star Wars - Sith Empire;2;209;0
2024;2024-09-18;The Nexus Bowl;tournament;Geek Masters Invitational;1;Qualifying;Emperor Palpatine;66049;Star Wars - Sith Empire;3;204;0
2024;2024-09-18;The Nexus Bowl;tournament;Geek Masters Invitational;1;Qualifying;Emperor Palpatine;66049;Star Wars - Sith Empire;4;197;0
2024;2024-09-18;The Nexus Bowl;tournament;Geek Masters Invitational;1;Qualifying;Emperor Palpatine;66049;Star Wars - Sith Empire;5;191;0
2024;2024-09-18;The Nexus Bowl;tournament;Geek Masters Invitational;1;Qualifying;Emperor Palpatine;66049;Star Wars - Sith Empire;6;221;0
2024;2024-09-18;The Nexus Bowl;tournament;Geek Masters Invitational;1;Qualifying;Emperor Palpatine;66049;Star Wars - Sith Empire;7;200;0
2024;2024-09-18;The Nexus Bowl;tournament;Geek Masters Invitational;1;Qualifying;Darth Maul;64628;Star Wars - Sith Empire;0;186;0
2024;2024-09-18;The Nexus Bowl;tournament;Geek Masters Invitational;1;Qualifying;Darth Maul;64628;Star Wars - Sith Empire;1;208;0
2024;2024-09-18;The Nexus Bowl;tournament;Geek Masters Invitational;1;Qualifying;Darth Maul;64628;Star Wars - Sith Empire;2;170;0
2024;2024-09-18;The Nexus Bowl;tournament;Geek Masters Invitational;1;Qualifying;Darth Maul;64628;Star Wars - Sith Empire;3;172;0
2024;2024-09-18;The Nexus Bowl;tournament;Geek Masters Invitational;1;Qualifying;Darth Maul;64628;Star Wars - Sith Empire;4;168;0
2024;2024-09-18;The Nexus Bowl;tournament;Geek Masters Invitational;1;Qualifying;Darth Maul;64628;Star Wars - Sith Empire;5;211;0
2024;2024-09-18;The Nexus Bowl;tournament;Geek Masters Invitational;1;Qualifying;Darth Maul;64628;Star Wars - Sith Empire;6;162;0
2024;2024-09-18;The Nexus Bowl;tournament;Geek Masters Invitational;1;Qualifying;Darth Maul;64628;Star Wars - Sith Empire;7;206;0
2024;2024-09-18;The Nexus Bowl;tournament;Geek Masters Invitational;1;Qualifying;Count Dooku;59144;Star Wars - Sith Empire;0;179;0
2024;2024-09-18;The Nexus Bowl;tournament;Geek Masters Invitational;1;Qualifying;Count Dooku;59144;Star Wars - Sith Empire;1;158;0
2024;2024-09-18;The Nexus Bowl;tournament;Geek Masters Invitational;1;Qualifying;Count Dooku;59144;Star Wars - Sith Empire;2;163;0
2024;2024-09-18;The Nexus Bowl;tournament;Geek Masters Invitational;1;Qualifying;Count Dooku;59144;Star Wars - Sith Empire;3;160;0
2024;2024-09-18;The Nexus Bowl;tournament;Geek Masters Invitational;1;Qualifying;Count Dooku;59144;Star Wars - Sith Empire;4;164;0
2024;2024-09-18;The Nexus Bowl;tournament;Geek Masters Invitational;1;Qualifying;Count Dooku;59144;Star Wars - Sith Empire;5;166;0
2024;2024-09-18;The Nexus Bowl;tournament;Geek Masters Invitational;1;Qualifying;Count Dooku;59144;Star Wars - Sith Empire;6;170;0
2024;2024-09-18;The Nexus Bowl;tournament;Geek Masters Invitational;1;Qualifying;Count Dooku;59144;Star Wars - Sith Empire;7;164;0
2024;2024-09-18;The Nexus Bowl;tournament;Geek Masters Invitational;1;Qualifying;Gandalf;98265;Lord of the Rings - Free Peoples;0;209;0
2024;2024-09-18;The Nexus Bowl;tournament;Geek Masters Invitational;1;Qualifying;Gandalf;98265;Lord of the Rings - Free Peoples;1;230;0
2024;2024-09-18;The Nexus Bowl;tournament;Geek Masters Invitational;1;Qualifying;Gandalf;98265;Lord of the Rings - Free Peoples;2;222;0
2024;2024-09-18;The Nexus Bowl;tournament;Geek Masters Invitational;1;Qualifying;Gandalf;98265;Lord of the Rings - Free Peoples;3;208;0
2024;2024-09-18;The Nexus Bowl;tournament;Geek Masters Invitational;1;Qualifying;Gandalf;98265;Lord of the Rings - Free Peoples;4;200;0
2024;2024-09-18;The Nexus Bowl;tournament;Geek Masters Invitational;1;Qualifying;Gandalf;98265;Lord of the Rings - Free Peoples;5;234;0
2024;2024-09-18;The Nexus Bowl;tournament;Geek Masters Invitational;1;Qualifying;Gandalf;98265;Lord of the Rings - Free Peoples;6;240;0
2024;2024-09-18;The Nexus Bowl;tournament;Geek Masters Invitational;1;Qualifying;Gandalf;98265;Lord of the Rings - Free Peoples;7;216;0
2024;2024-09-18;The Nexus Bowl;tournament;Geek Masters Invitational;1;Qualifying;Aragorn;56717;Lord of the Rings - Free Peoples;0;183;0
2024;2024-09-18;The Nexus Bowl;tournament;Geek Masters Invitational;1;Qualifying;Aragorn;56717;Lord of the Rings - Free Peoples;1;206;0
2024;2024-09-18;The Nexus Bowl;tournament;Geek Masters Invitational;1;Qualifying;Aragorn;56717;Lord of the Rings - Free Peoples;2;221;0
2024;2024-09-18;The Nexus Bowl;tournament;Geek Masters Invitational;1;Qualifying;Aragorn;56717;Lord of the Rings - Free Peoples;3;199;0
2024;2024-09-18;The Nexus Bowl;tournament;Geek Masters Invitational;1;Qualifying;Aragorn;56717;Lord of the Rings - Free Peoples;4;199;0
2024;2024-09-18;The Nexus Bowl;tournament;Geek Masters Invitational;1;Qualifying;Aragorn;56717;Lord of the Rings - Free Peoples;5;186;0
2024;2024-09-18;The Nexus Bowl;tournament;Geek Masters Invitational;1;Qualifying;Aragorn;56717;Lord of the Rings - Free Peoples;6;222;0
2024;2024-09-18;The Nexus Bowl;tournament;Geek Masters Invitational;1;Qualifying;Aragorn;56717;Lord of the Rings - Free Peoples;7;195;0
2024;2024-09-18;The Nexus Bowl;tournament;Geek Masters Invitational;1;Qualifying;Legolas;94348;Lord of the Rings - Free Peoples;0;213;0
2024;2024-09-18;The Nexus Bowl;tournament;Geek Masters Invitational;1;Qualifying;Legolas;94348;Lord of the Rings - Free Peoples;1;181;0
2024;2024-09-18;The Nexus Bowl;tournament;Geek Masters Invitational;1;Qualifying;Legolas;94348;Lord of the Rings - Free Peoples;2;169;0
2024;2024-09-18;The Nexus Bowl;tournament;Geek Masters Invitational;1;Qualifying;Legolas;94348;Lord of the Rings - Free Peoples;3;170;0
2024;2024-09-18;The Nexus Bowl;tournament;Geek Masters Invitational;1;Qualifying;Legolas;94348;Lord of the Rings - Free Peoples;4;209;0
2024;2024-09-18;The Nexus Bowl;tournament;Geek Masters Invitational;1;Qualifying;Legolas;94348;Lord of the Rings - Free Peoples;5;165;0
2024;2024-09-18;The Nexus Bowl;tournament;Geek Masters Invitational;1;Qualifying;Legolas;94348;Lord of the Rings - Free Peoples;6;209;0
2024;2024-09-18;The Nexus Bowl;tournament;Geek Masters Invitational;1;Qualifying;Legolas;94348;Lord of the Rings - Free Peoples;7;197;0
2024;2024-09-18;The Nexus Bowl;tournament;Geek Masters Invitational;1;Qualifying;Gimli;98540;Lord of the Rings - Free Peoples;0;157;0
2024;2024-09-18;The Nexus Bowl;tournament;Geek Masters Invitational;1;Qualifying;Gimli;98540;Lord of the Rings - Free Peoples;1;154;0
2024;2024-09-18;The Nexus Bowl;tournament;Geek Masters Invitational;1;Qualifying;Gimli;98540;Lord of the Rings - Free Peoples;2;155;0
2024;2024-09-18;The Nexus Bowl;tournament;Geek Masters Invitational;1;Qualifying;Gimli;98540;Lord of the Rings - Free Peoples;3;166;0
2024;2024-09-18;The Nexus Bowl;tournament;Geek Masters Invitational;1;Qualifying;Gimli;98540;Lord of the Rings - Free Peoples;4;157;0
2024;2024-09-18;The Nexus Bowl;tournament;Geek Masters Invitational;1;Qualifying;Gimli;98540;Lord of the Rings - Free Peoples;5;177;0
2024;2024-09-18;The Nexus Bowl;tournament;Geek Masters Invitational;1;Qualifying;Gimli;98540;Lord of the Rings - Free Peoples;6;166;0
2024;2024-09-18;The Nexus Bowl;tournament;Geek Masters Invitational;1;Qualifying;Gimli;98540;Lord of the Rings - Free Peoples;7;176;0
2024;2024-09-18;The Nexus Bowl;tournament;Geek Masters Invitational;1;Qualifying;Sauron;85741;Lord of the Rings - Forces of Mordor;0;218;0
2024;2024-09-18;The Nexus Bowl;tournament;Geek Masters Invitational;1;Qualifying;Sauron;85741;Lord of the Rings - Forces of Mordor;1;221;0
2024;2024-09-18;The Nexus Bowl;tournament;Geek Masters Invitational;1;Qualifying;Sauron;85741;Lord of the Rings - Forces of Mordor;2;244;0
2024;2024-09-18;The Nexus Bowl;tournament;Geek Masters Invitational;1;Qualifying;Sauron;85741;Lord of the Rings - Forces of Mordor;3;221;0
2024;2024-09-18;The Nexus Bowl;tournament;Geek Masters Invitational;1;Qualifying;Sauron;85741;Lord of the Rings - Forces of Mordor;4;221;0
2024;2024-09-18;The Nexus Bowl;tournament;Geek Masters Invitational;1;Qualifying;Sauron;85741;Lord of the Rings - Forces of Mordor;5;236;0
2024;2024-09-18;The Nexus Bowl;tournament;Geek Masters Invitational;1;Qualifying;Sauron;85741;Lord of the Rings - Forces of Mordor;6;234;0
2024;2024-09-18;The Nexus Bowl;tournament;Geek Masters Invitational;1;Qualifying;Sauron;85741;Lord of the Rings - Forces of Mordor;7;197;0
2024;2024-09-18;The Nexus Bowl;tournament;Geek Masters Invitational;1;Qualifying;Witch-king;55697;Lord of the Rings - Forces of Mordor;0;193;0
2024;2024-09-18;The Nexus Bowl;tournament;Geek Masters Invitational;1;Qualifying;Witch-king;55697;Lord of the Rings - Forces of Mordor;1;173;0
2024;2024-09-18;The Nexus Bowl;tournament;Geek Masters Invitational;1;Qualifying;Witch-king;55697;Lord of the Rings - Forces of Mordor;2;191;0
2024;2024-09-18;The Nexus Bowl;tournament;Geek Masters Invitational;1;Qualifying;Witch-king;55697;Lord of the Rings - Forces of Mordor;3;185;0
2024;2024-09-18;The Nexus Bowl;tournament;Geek Masters Invitational;1;Qualifying;Witch-king;55697;Lord of the Rings - Forces of Mordor;4;189;0
2024;2024-09-18;The Nexus Bowl;tournament;Geek Masters Invitational;1;Qualifying;Witch-king;55697;Lord of the Rings - Forces of Mordor;5;177;0
2024;2024-09-18;The Nexus Bowl;tournament;Geek Masters Invitational;1;Qualifying;Witch-king;55697;Lord of the Rings - Forces of Mordor;6;184;0
2024;2024-09-18;The Nexus Bowl;tournament;Geek Masters Invitational;1;Qualifying;Witch-king;55697;Lord of the Rings - Forces of Mordor;7;198;0
2024;2024-09-18;The Nexus Bowl;tournament;Geek Masters Invitational;1;Qualifying;Saruman;88698;Lord of the Rings - Forces of Mordor;0;203;0
2024;2024-09-18;The Nexus Bowl;tournament;Geek Masters Invitational;1;Qualifying;Saruman;88698;Lord of the Rings - Forces of Mordor;1;191;0
2024;2024-09-18;The Nexus Bowl;tournament;Geek Masters Invitational;1;Qualifying;Saruman;88698;Lord of the Rings - Forces of Mordor;2;188;0
2024;2024-09-18;The Nexus Bowl;tournament;Geek Masters Invitational;1;Qualifying;Saruman;88698;Lord of the Rings - Forces of Mordor;3;192;0
2024;2024-09-18;The Nexus Bowl;tournament;Geek Masters Invitational;1;Qualifying;Saruman;88698;Lord of the Rings - Forces of Mordor;4;198;0
2024;2024-09-18;The Nexus Bowl;tournament;Geek Masters Invitational;1;Qualifying;Saruman;88698;Lord of the Rings - Forces of Mordor;5;201;0
2024;2024-09-18;The Nexus Bowl;tournament;Geek Masters Invitational;1;Qualifying;Saruman;88698;Lord of the Rings - Forces of Mordor;6;198;0
2024;2024-09-18;The Nexus Bowl;tournament;Geek Masters Invitational;1;Qualifying;Saruman;88698;Lord of the Rings - Forces of Mordor;7;198;0
2024;2024-09-18;The Nexus Bowl;tournament;Geek Masters Invitational;1;Qualifying;Uruk-hai Lurtz;77651;Lord of the Rings - Forces of Mordor;0;185;0
2024;2024-09-18;The Nexus Bowl;tournament;Geek Masters Invitational;1;Qualifying;Uruk-hai Lurtz;77651;Lord of the Rings - Forces of Mordor;1;149;0
2024;2024-09-18;The Nexus Bowl;tournament;Geek Masters Invitational;1;Qualifying;Uruk-hai Lurtz;77651;Lord of the Rings - Forces of Mordor;2;173;0
2024;2024-09-18;The Nexus Bowl;tournament;Geek Masters Invitational;1;Qualifying;Uruk-hai Lurtz;77651;Lord of the Rings - Forces of Mordor;3;182;0
2024;2024-09-18;The Nexus Bowl;tournament;Geek Masters Invitational;1;Qualifying;Uruk-hai Lurtz;77651;Lord of the Rings - Forces of Mordor;4;171;0
2024;2024-09-18;The Nexus Bowl;tournament;Geek Masters Invitational;1;Qualifying;Uruk-hai Lurtz;77651;Lord of the Rings - Forces of Mordor;5;137;0
2024;2024-09-18;The Nexus Bowl;tournament;Geek Masters Invitational;1;Qualifying;Uruk-hai Lurtz;77651;Lord of the Rings - Forces of Mordor;6;171;0
2024;2024-09-18;The Nexus Bowl;tournament;Geek Masters Invitational;1;Qualifying;Uruk-hai Lurtz;77651;Lord of the Rings - Forces of Mordor;7;177;0
2024;2024-09-18;The Nexus Bowl;tournament;Geek Masters Invitational;1;Qualifying;Harry Potter;52082;Harry Potter - Order of the Phoenix;0;195;0
2024;2024-09-18;The Nexus Bowl;tournament;Geek Masters Invitational;1;Qualifying;Harry Potter;52082;Harry Potter - Order of the Phoenix;1;232;0
2024;2024-09-18;The Nexus Bowl;tournament;Geek Masters Invitational;1;Qualifying;Harry Potter;52082;Harry Potter - Order of the Phoenix;2;207;0
2024;2024-09-18;The Nexus Bowl;tournament;Geek Masters Invitational;1;Qualifying;Harry Potter;52082;Harry Potter - Order of the Phoenix;3;235;0
2024;2024-09-18;The Nexus Bowl;tournament;Geek Masters Invitational;1;Qualifying;Harry Potter;52082;Harry Potter - Order of the Phoenix;4;237;0
2024;2024-09-18;The Nexus Bowl;tournament;Geek Masters Invitational;1;Qualifying;Harry Potter;52082;Harry Potter - Order of the Phoenix;5;207;0
2024;2024-09-18;The Nexus Bowl;tournament;Geek Masters Invitational;1;Qualifying;Harry Potter;52082;Harry Potter - Order of the Phoenix;6;224;0
2024;2024-09-18;The Nexus Bowl;tournament;Geek Masters Invitational;1;Qualifying;Harry Potter;52082;Harry Potter - Order of the Phoenix;7;235;0
2024;2024-09-18;The Nexus Bowl;tournament;Geek Masters Invitational;1;Qualifying;Hermione Granger;51952;Harry Potter - Order of the Phoenix;0;236;0
2024;2024-09-18;The Nexus Bowl;tournament;Geek Masters Invitational;1;Qualifying;Hermione Granger;51952;Harry Potter - Order of the Phoenix;1;209;0
2024;2024-09-18;The Nexus Bowl;tournament;Geek Masters Invitational;1;Qualifying;Hermione Granger;51952;Harry Potter - Order of the Phoenix;2;211;0
2024;2024-09-18;The Nexus Bowl;tournament;Geek Masters Invitational;1;Qualifying;Hermione Granger;51952;Harry Potter - Order of the Phoenix;3;201;0
2024;2024-09-18;The Nexus Bowl;tournament;Geek Masters Invitational;1;Qualifying;Hermione Granger;51952;Harry Potter - Order of the Phoenix;4;194;0
2024;2024-09-18;The Nexus Bowl;tournament;Geek Masters Invitational;1;Qualifying;Hermione Granger;51952;Harry Potter - Order of the Phoenix;5;195;0
2024;2024-09-18;The Nexus Bowl;tournament;Geek Masters Invitational;1;Qualifying;Hermione Granger;51952;Harry Potter - Order of the Phoenix;6;197;0
2024;2024-09-18;The Nexus Bowl;tournament;Geek Masters Invitational;1;Qualifying;Hermione Granger;51952;Harry Potter - Order of the Phoenix;7;205;0
2024;2024-09-18;The Nexus Bowl;tournament;Geek Masters Invitational;1;Qualifying;Albus Dumbledore;56140;Harry Potter - Order of the Phoenix;0;144;0
2024;2024-09-18;The Nexus Bowl;tournament;Geek Masters Invitational;1;Qualifying;Albus Dumbledore;56140;Harry Potter - Order of the Phoenix;1;164;0
2024;2024-09-18;The Nexus Bowl;tournament;Geek Masters Invitational;1;Qualifying;Albus Dumbledore;56140;Harry Potter - Order of the Phoenix;2;188;0
2024;2024-09-18;The Nexus Bowl;tournament;Geek Masters Invitational;1;Qualifying;Albus Dumbledore;56140;Harry Potter - Order of the Phoenix;3;192;0
2024;2024-09-18;The Nexus Bowl;tournament;Geek Masters Invitational;1;Qualifying;Albus Dumbledore;56140;Harry Potter - Order of the Phoenix;4;170;0
2024;2024-09-18;The Nexus Bowl;tournament;Geek Masters Invitational;1;Qualifying;Albus Dumbledore;56140;Harry Potter - Order of the Phoenix;5;191;0
2024;2024-09-18;The Nexus Bowl;tournament;Geek Masters Invitational;1;Qualifying;Albus Dumbledore;56140;Harry Potter - Order of the Phoenix;6;165;0
2024;2024-09-18;The Nexus Bowl;tournament;Geek Masters Invitational;1;Qualifying;Albus Dumbledore;56140;Harry Potter - Order of the Phoenix;7;164;0
2024;2024-09-18;The Nexus Bowl;tournament;Geek Masters Invitational;1;Qualifying;Severus Snape;64328;Harry Potter - Order of the Phoenix;0;158;0
2024;2024-09-18;The Nexus Bowl;tournament;Geek Masters Invitational;1;Qualifying;Severus Snape;64328;Harry Potter - Order of the Phoenix;1;175;0
2024;2024-09-18;The Nexus Bowl;tournament;Geek Masters Invitational;1;Qualifying;Severus Snape;64328;Harry Potter - Order of the Phoenix;2;154;0
2024;2024-09-18;The Nexus Bowl;tournament;Geek Masters Invitational;1;Qualifying;Severus Snape;64328;Harry Potter - Order of the Phoenix;3;186;0
2024;2024-09-18;The Nexus Bowl;tournament;Geek Masters Invitational;1;Qualifying;Severus Snape;64328;Harry Potter - Order of the Phoenix;4;159;0
2024;2024-09-18;The Nexus Bowl;tournament;Geek Masters Invitational;1;Qualifying;Severus Snape;64328;Harry Potter - Order of the Phoenix;5;152;0
2024;2024-09-18;The Nexus Bowl;tournament;Geek Masters Invitational;1;Qualifying;Severus Snape;64328;Harry Potter - Order of the Phoenix;6;166;0
2024;2024-09-18;The Nexus Bowl;tournament;Geek Masters Invitational;1;Qualifying;Severus Snape;64328;Harry Potter - Order of the Phoenix;7;140;0
2024;2024-09-18;The Nexus Bowl;tournament;Geek Masters Invitational;1;Qualifying;Lord Voldemort;65247;Harry Potter - Death Eaters;0;203;0
2024;2024-09-18;The Nexus Bowl;tournament;Geek Masters Invitational;1;Qualifying;Lord Voldemort;65247;Harry Potter - Death Eaters;1;212;0
2024;2024-09-18;The Nexus Bowl;tournament;Geek Masters Invitational;1;Qualifying;Lord Voldemort;65247;Harry Potter - Death Eaters;2;232;0
2024;2024-09-18;The Nexus Bowl;tournament;Geek Masters Invitational;1;Qualifying;Lord Voldemort;65247;Harry Potter - Death Eaters;3;223;0
2024;2024-09-18;The Nexus Bowl;tournament;Geek Masters Invitational;1;Qualifying;Lord Voldemort;65247;Harry Potter - Death Eaters;4;226;0
2024;2024-09-18;The Nexus Bowl;tournament;Geek Masters Invitational;1;Qualifying;Lord Voldemort;65247;Harry Potter - Death Eaters;5;234;0
2024;2024-09-18;The Nexus Bowl;tournament;Geek Masters Invitational;1;Qualifying;Lord Voldemort;65247;Harry Potter - Death Eaters;6;221;0
2024;2024-09-18;The Nexus Bowl;tournament;Geek Masters Invitational;1;Qualifying;Lord Voldemort;65247;Harry Potter - Death Eaters;7;221;0
2024;2024-09-18;The Nexus Bowl;tournament;Geek Masters Invitational;1;Qualifying;Bellatrix Lestrange;83118;Harry Potter - Death Eaters;0;187;0
2024;2024-09-18;The Nexus Bowl;tournament;Geek Masters Invitational;1;Qualifying;Bellatrix Lestrange;83118;Harry Potter - Death Eaters;1;192;0
2024;2024-09-18;The Nexus Bowl;tournament;Geek Masters Invitational;1;Qualifying;Bellatrix Lestrange;83118;Harry Potter - Death Eaters;2;188;0
2024;2024-09-18;The Nexus Bowl;tournament;Geek Masters Invitational;1;Qualifying;Bellatrix Lestrange;83118;Harry Potter - Death Eaters;3;192;0
2024;2024-09-18;The Nexus Bowl;tournament;Geek Masters Invitational;1;Qualifying;Bellatrix Lestrange;83118;Harry Potter - Death Eaters;4;193;0
2024;2024-09-18;The Nexus Bowl;tournament;Geek Masters Invitational;1;Qualifying;Bellatrix Lestrange;83118;Harry Potter - Death Eaters;5;195;0
2024;2024-09-18;The Nexus Bowl;tournament;Geek Masters Invitational;1;Qualifying;Bellatrix Lestrange;83118;Harry Potter - Death Eaters;6;196;0
2024;2024-09-18;The Nexus Bowl;tournament;Geek Masters Invitational;1;Qualifying;Bellatrix Lestrange;83118;Harry Potter - Death Eaters;7;206;0
2024;2024-09-18;The Nexus Bowl;tournament;Geek Masters Invitational;1;Qualifying;Lucius Malfoy;89453;Harry Potter - Death Eaters;0;169;0
2024;2024-09-18;The Nexus Bowl;tournament;Geek Masters Invitational;1;Qualifying;Lucius Malfoy;89453;Harry Potter - Death Eaters;1;173;0
2024;2024-09-18;The Nexus Bowl;tournament;Geek Masters Invitational;1;Qualifying;Lucius Malfoy;89453;Harry Potter - Death Eaters;2;186;0
2024;2024-09-18;The Nexus Bowl;tournament;Geek Masters Invitational;1;Qualifying;Lucius Malfoy;89453;Harry Potter - Death Eaters;3;189;0
2024;2024-09-18;The Nexus Bowl;tournament;Geek Masters Invitational;1;Qualifying;Lucius Malfoy;89453;Harry Potter - Death Eaters;4;189;0
2024;2024-09-18;The Nexus Bowl;tournament;Geek Masters Invitational;1;Qualifying;Lucius Malfoy;89453;Harry Potter - Death Eaters;5;181;0
2024;2024-09-18;The Nexus Bowl;tournament;Geek Masters Invitational;1;Qualifying;Lucius Malfoy;89453;Harry Potter - Death Eaters;6;194;0
2024;2024-09-18;The Nexus Bowl;tournament;Geek Masters Invitational;1;Qualifying;Lucius Malfoy;89453;Harry Potter - Death Eaters;7;137;0
2024;2024-09-18;The Nexus Bowl;tournament;Geek Masters Invitational;1;Qualifying;Barty Crouch Jr.;51739;Harry Potter - Death Eaters;0;154;0
2024;2024-09-18;The Nexus Bowl;tournament;Geek Masters Invitational;1;Qualifying;Barty Crouch Jr.;51739;Harry Potter - Death Eaters;1;156;0
2024;2024-09-18;The Nexus Bowl;tournament;Geek Masters Invitational;1;Qualifying;Barty Crouch Jr.;51739;Harry Potter - Death Eaters;2;170;0
2024;2024-09-18;The Nexus Bowl;tournament;Geek Masters Invitational;1;Qualifying;Barty Crouch Jr.;51739;Harry Potter - Death Eaters;3;153;0
2024;2024-09-18;The Nexus Bowl;tournament;Geek Masters Invitational;1;Qualifying;Barty Crouch Jr.;51739;Harry Potter - Death Eaters;4;166;0
2024;2024-09-18;The Nexus Bowl;tournament;Geek Masters Invitational;1;Qualifying;Barty Crouch Jr.;51739;Harry Potter - Death Eaters;5;146;0
2024;2024-09-18;The Nexus Bowl;tournament;Geek Masters Invitational;1;Qualifying;Barty Crouch Jr.;51739;Harry Potter - Death Eaters;6;144;0
2024;2024-09-18;The Nexus Bowl;tournament;Geek Masters Invitational;1;Qualifying;Barty Crouch Jr.;51739;Harry Potter - Death Eaters;7;160;0
2024;2024-09-18;The Nexus Bowl;tournament;Geek Masters Invitational;1;Qualifying;Jon Snow;86781;Game of Thrones - Stark-Targaryen Alliance;0;219;0
2024;2024-09-18;The Nexus Bowl;tournament;Geek Masters Invitational;1;Qualifying;Jon Snow;86781;Game of Thrones - Stark-Targaryen Alliance;1;224;0
2024;2024-09-18;The Nexus Bowl;tournament;Geek Masters Invitational;1;Qualifying;Jon Snow;86781;Game of Thrones - Stark-Targaryen Alliance;2;224;0
2024;2024-09-18;The Nexus Bowl;tournament;Geek Masters Invitational;1;Qualifying;Jon Snow;86781;Game of Thrones - Stark-Targaryen Alliance;3;218;0
2024;2024-09-18;The Nexus Bowl;tournament;Geek Masters Invitational;1;Qualifying;Jon Snow;86781;Game of Thrones - Stark-Targaryen Alliance;4;214;0
2024;2024-09-18;The Nexus Bowl;tournament;Geek Masters Invitational;1;Qualifying;Jon Snow;86781;Game of Thrones - Stark-Targaryen Alliance;5;206;0
2024;2024-09-18;The Nexus Bowl;tournament;Geek Masters Invitational;1;Qualifying;Jon Snow;86781;Game of Thrones - Stark-Targaryen Alliance;6;222;0
2024;2024-09-18;The Nexus Bowl;tournament;Geek Masters Invitational;1;Qualifying;Jon Snow;86781;Game of Thrones - Stark-Targaryen Alliance;7;203;0
2024;2024-09-18;The Nexus Bowl;tournament;Geek Masters Invitational;1;Qualifying;Daenerys Targaryen;63031;Game of Thrones - Stark-Targaryen Alliance;0;181;0
2024;2024-09-18;The Nexus Bowl;tournament;Geek Masters Invitational;1;Qualifying;Daenerys Targaryen;63031;Game of Thrones - Stark-Targaryen Alliance;1;221;0
2024;2024-09-18;The Nexus Bowl;tournament;Geek Masters Invitational;1;Qualifying;Daenerys Targaryen;63031;Game of Thrones - Stark-Targaryen Alliance;2;198;0
2024;2024-09-18;The Nexus Bowl;tournament;Geek Masters Invitational;1;Qualifying;Daenerys Targaryen;63031;Game of Thrones - Stark-Targaryen Alliance;3;199;0
2024;2024-09-18;The Nexus Bowl;tournament;Geek Masters Invitational;1;Qualifying;Daenerys Targaryen;63031;Game of Thrones - Stark-Targaryen Alliance;4;205;0
2024;2024-09-18;The Nexus Bowl;tournament;Geek Masters Invitational;1;Qualifying;Daenerys Targaryen;63031;Game of Thrones - Stark-Targaryen Alliance;5;205;0
2024;2024-09-18;The Nexus Bowl;tournament;Geek Masters Invitational;1;Qualifying;Daenerys Targaryen;63031;Game of Thrones - Stark-Targaryen Alliance;6;202;0
2024;2024-09-18;The Nexus Bowl;tournament;Geek Masters Invitational;1;Qualifying;Daenerys Targaryen;63031;Game of Thrones - Stark-Targaryen Alliance;7;219;0
2024;2024-09-18;The Nexus Bowl;tournament;Geek Masters Invitational;1;Qualifying;Arya Stark;96925;Game of Thrones - Stark-Targaryen Alliance;0;160;0
2024;2024-09-18;The Nexus Bowl;tournament;Geek Masters Invitational;1;Qualifying;Arya Stark;96925;Game of Thrones - Stark-Targaryen Alliance;1;180;0
2024;2024-09-18;The Nexus Bowl;tournament;Geek Masters Invitational;1;Qualifying;Arya Stark;96925;Game of Thrones - Stark-Targaryen Alliance;2;179;0
2024;2024-09-18;The Nexus Bowl;tournament;Geek Masters Invitational;1;Qualifying;Arya Stark;96925;Game of Thrones - Stark-Targaryen Alliance;3;192;0
2024;2024-09-18;The Nexus Bowl;tournament;Geek Masters Invitational;1;Qualifying;Arya Stark;96925;Game of Thrones - Stark-Targaryen Alliance;4;177;0
2024;2024-09-18;The Nexus Bowl;tournament;Geek Masters Invitational;1;Qualifying;Arya Stark;96925;Game of Thrones - Stark-Targaryen Alliance;5;169;0
2024;2024-09-18;The Nexus Bowl;tournament;Geek Masters Invitational;1;Qualifying;Arya Stark;96925;Game of Thrones - Stark-Targaryen Alliance;6;166;0
2024;2024-09-18;The Nexus Bowl;tournament;Geek Masters Invitational;1;Qualifying;Arya Stark;96925;Game of Thrones - Stark-Targaryen Alliance;7;178;0
2024;2024-09-18;The Nexus Bowl;tournament;Geek Masters Invitational;1;Qualifying;Bran Stark;92590;Game of Thrones - Stark-Targaryen Alliance;0;145;0
2024;2024-09-18;The Nexus Bowl;tournament;Geek Masters Invitational;1;Qualifying;Bran Stark;92590;Game of Thrones - Stark-Targaryen Alliance;1;156;0
2024;2024-09-18;The Nexus Bowl;tournament;Geek Masters Invitational;1;Qualifying;Bran Stark;92590;Game of Thrones - Stark-Targaryen Alliance;2;160;0
2024;2024-09-18;The Nexus Bowl;tournament;Geek Masters Invitational;1;Qualifying;Bran Stark;92590;Game of Thrones - Stark-Targaryen Alliance;3;158;0
2024;2024-09-18;The Nexus Bowl;tournament;Geek Masters Invitational;1;Qualifying;Bran Stark;92590;Game of Thrones - Stark-Targaryen Alliance;4;181;0
2024;2024-09-18;The Nexus Bowl;tournament;Geek Masters Invitational;1;Qualifying;Bran Stark;92590;Game of Thrones - Stark-Targaryen Alliance;5;165;0
2024;2024-09-18;The Nexus Bowl;tournament;Geek Masters Invitational;1;Qualifying;Bran Stark;92590;Game of Thrones - Stark-Targaryen Alliance;6;164;0
2024;2024-09-18;The Nexus Bowl;tournament;Geek Masters Invitational;1;Qualifying;Bran Stark;92590;Game of Thrones - Stark-Targaryen Alliance;7;157;0
2024;2024-09-18;The Nexus Bowl;tournament;Geek Masters Invitational;1;Qualifying;Cersei Lannister;95962;Game of Thrones - Lannister-Crown;0;206;0
2024;2024-09-18;The Nexus Bowl;tournament;Geek Masters Invitational;1;Qualifying;Cersei Lannister;95962;Game of Thrones - Lannister-Crown;1;214;0
2024;2024-09-18;The Nexus Bowl;tournament;Geek Masters Invitational;1;Qualifying;Cersei Lannister;95962;Game of Thrones - Lannister-Crown;2;211;0
2024;2024-09-18;The Nexus Bowl;tournament;Geek Masters Invitational;1;Qualifying;Cersei Lannister;95962;Game of Thrones - Lannister-Crown;3;212;0
2024;2024-09-18;The Nexus Bowl;tournament;Geek Masters Invitational;1;Qualifying;Cersei Lannister;95962;Game of Thrones - Lannister-Crown;4;195;0
2024;2024-09-18;The Nexus Bowl;tournament;Geek Masters Invitational;1;Qualifying;Cersei Lannister;95962;Game of Thrones - Lannister-Crown;5;230;0
2024;2024-09-18;The Nexus Bowl;tournament;Geek Masters Invitational;1;Qualifying;Cersei Lannister;95962;Game of Thrones - Lannister-Crown;6;198;0
2024;2024-09-18;The Nexus Bowl;tournament;Geek Masters Invitational;1;Qualifying;Cersei Lannister;95962;Game of Thrones - Lannister-Crown;7;202;0
2024;2024-09-18;The Nexus Bowl;tournament;Geek Masters Invitational;1;Qualifying;Jaime Lannister;85713;Game of Thrones - Lannister-Crown;0;196;0
2024;2024-09-18;The Nexus Bowl;tournament;Geek Masters Invitational;1;Qualifying;Jaime Lannister;85713;Game of Thrones - Lannister-Crown;1;196;0
2024;2024-09-18;The Nexus Bowl;tournament;Geek Masters Invitational;1;Qualifying;Jaime Lannister;85713;Game of Thrones - Lannister-Crown;2;211;0
2024;2024-09-18;The Nexus Bowl;tournament;Geek Masters Invitational;1;Qualifying;Jaime Lannister;85713;Game of Thrones - Lannister-Crown;3;203;0
2024;2024-09-18;The Nexus Bowl;tournament;Geek Masters Invitational;1;Qualifying;Jaime Lannister;85713;Game of Thrones - Lannister-Crown;4;195;0
2024;2024-09-18;The Nexus Bowl;tournament;Geek Masters Invitational;1;Qualifying;Jaime Lannister;85713;Game of Thrones - Lannister-Crown;5;201;0
2024;2024-09-18;The Nexus Bowl;tournament;Geek Masters Invitational;1;Qualifying;Jaime Lannister;85713;Game of Thrones - Lannister-Crown;6;194;0
2024;2024-09-18;The Nexus Bowl;tournament;Geek Masters Invitational;1;Qualifying;Jaime Lannister;85713;Game of Thrones - Lannister-Crown;7;225;0
2024;2024-09-18;The Nexus Bowl;tournament;Geek Masters Invitational;1;Qualifying;Tywin Lannister;77493;Game of Thrones - Lannister-Crown;0;193;0
2024;2024-09-18;The Nexus Bowl;tournament;Geek Masters Invitational;1;Qualifying;Tywin Lannister;77493;Game of Thrones - Lannister-Crown;1;218;0
2024;2024-09-18;The Nexus Bowl;tournament;Geek Masters Invitational;1;Qualifying;Tywin Lannister;77493;Game of Thrones - Lannister-Crown;2;198;0
2024;2024-09-18;The Nexus Bowl;tournament;Geek Masters Invitational;1;Qualifying;Tywin Lannister;77493;Game of Thrones - Lannister-Crown;3;189;0
2024;2024-09-18;The Nexus Bowl;tournament;Geek Masters Invitational;1;Qualifying;Tywin Lannister;77493;Game of Thrones - Lannister-Crown;4;187;0
2024;2024-09-18;The Nexus Bowl;tournament;Geek Masters Invitational;1;Qualifying;Tywin Lannister;77493;Game of Thrones - Lannister-Crown;5;193;0
2024;2024-09-18;The Nexus Bowl;tournament;Geek Masters Invitational;1;Qualifying;Tywin Lannister;77493;Game of Thrones - Lannister-Crown;6;204;0
2024;2024-09-18;The Nexus Bowl;tournament;Geek Masters Invitational;1;Qualifying;Tywin Lannister;77493;Game of Thrones - Lannister-Crown;7;199;0
2024;2024-09-18;The Nexus Bowl;tournament;Geek Masters Invitational;1;Qualifying;The Mountain;64446;Game of Thrones - Lannister-Crown;0;169;0
2024;2024-09-18;The Nexus Bowl;tournament;Geek Masters Invitational;1;Qualifying;The Mountain;64446;Game of Thrones - Lannister-Crown;1;170;0
2024;2024-09-18;The Nexus Bowl;tournament;Geek Masters Invitational;1;Qualifying;The Mountain;64446;Game of Thrones - Lannister-Crown;2;159;0
2024;2024-09-18;The Nexus Bowl;tournament;Geek Masters Invitational;1;Qualifying;The Mountain;64446;Game of Thrones - Lannister-Crown;3;184;0
2024;2024-09-18;The Nexus Bowl;tournament;Geek Masters Invitational;1;Qualifying;The Mountain;64446;Game of Thrones - Lannister-Crown;4;175;0
2024;2024-09-18;The Nexus Bowl;tournament;Geek Masters Invitational;1;Qualifying;The Mountain;64446;Game of Thrones - Lannister-Crown;5;176;0
2024;2024-09-18;The Nexus Bowl;tournament;Geek Masters Invitational;1;Qualifying;The Mountain;64446;Game of Thrones - Lannister-Crown;6;160;0
2024;2024-09-18;The Nexus Bowl;tournament;Geek Masters Invitational;1;Qualifying;The Mountain;64446;Game of Thrones - Lannister-Crown;7;176;0
2024;2024-09-18;The Nexus Bowl;tournament;Geek Masters Invitational;1;Qualifying;Kyle Katarn;79439;LucasArts Games - Jedi Knight Era;0;187;0
2024;2024-09-18;The Nexus Bowl;tournament;Geek Masters Invitational;1;Qualifying;Kyle Katarn;79439;LucasArts Games - Jedi Knight Era;1;204;0
2024;2024-09-18;The Nexus Bowl;tournament;Geek Masters Invitational;1;Qualifying;Kyle Katarn;79439;LucasArts Games - Jedi Knight Era;2;229;0
2024;2024-09-18;The Nexus Bowl;tournament;Geek Masters Invitational;1;Qualifying;Kyle Katarn;79439;LucasArts Games - Jedi Knight Era;3;212;0
2024;2024-09-18;The Nexus Bowl;tournament;Geek Masters Invitational;1;Qualifying;Kyle Katarn;79439;LucasArts Games - Jedi Knight Era;4;190;0
2024;2024-09-18;The Nexus Bowl;tournament;Geek Masters Invitational;1;Qualifying;Kyle Katarn;79439;LucasArts Games - Jedi Knight Era;5;203;0
2024;2024-09-18;The Nexus Bowl;tournament;Geek Masters Invitational;1;Qualifying;Kyle Katarn;79439;LucasArts Games - Jedi Knight Era;6;199;0
2024;2024-09-18;The Nexus Bowl;tournament;Geek Masters Invitational;1;Qualifying;Kyle Katarn;79439;LucasArts Games - Jedi Knight Era;7;214;0
2024;2024-09-18;The Nexus Bowl;tournament;Geek Masters Invitational;1;Qualifying;Mara Jade;88618;LucasArts Games - Jedi Knight Era;0;201;0
2024;2024-09-18;The Nexus Bowl;tournament;Geek Masters Invitational;1;Qualifying;Mara Jade;88618;LucasArts Games - Jedi Knight Era;1;195;0
2024;2024-09-18;The Nexus Bowl;tournament;Geek Masters Invitational;1;Qualifying;Mara Jade;88618;LucasArts Games - Jedi Knight Era;2;182;0
2024;2024-09-18;The Nexus Bowl;tournament;Geek Masters Invitational;1;Qualifying;Mara Jade;88618;LucasArts Games - Jedi Knight Era;3;209;0
2024;2024-09-18;The Nexus Bowl;tournament;Geek Masters Invitational;1;Qualifying;Mara Jade;88618;LucasArts Games - Jedi Knight Era;4;196;0
2024;2024-09-18;The Nexus Bowl;tournament;Geek Masters Invitational;1;Qualifying;Mara Jade;88618;LucasArts Games - Jedi Knight Era;5;193;0
2024;2024-09-18;The Nexus Bowl;tournament;Geek Masters Invitational;1;Qualifying;Mara Jade;88618;LucasArts Games - Jedi Knight Era;6;202;0
2024;2024-09-18;The Nexus Bowl;tournament;Geek Masters Invitational;1;Qualifying;Mara Jade;88618;LucasArts Games - Jedi Knight Era;7;213;0
2024;2024-09-18;The Nexus Bowl;tournament;Geek Masters Invitational;1;Qualifying;Jaden Korr;68231;LucasArts Games - Jedi Knight Era;0;165;0
2024;2024-09-18;The Nexus Bowl;tournament;Geek Masters Invitational;1;Qualifying;Jaden Korr;68231;LucasArts Games - Jedi Knight Era;1;194;0
2024;2024-09-18;The Nexus Bowl;tournament;Geek Masters Invitational;1;Qualifying;Jaden Korr;68231;LucasArts Games - Jedi Knight Era;2;211;0
2024;2024-09-18;The Nexus Bowl;tournament;Geek Masters Invitational;1;Qualifying;Jaden Korr;68231;LucasArts Games - Jedi Knight Era;3;196;0
2024;2024-09-18;The Nexus Bowl;tournament;Geek Masters Invitational;1;Qualifying;Jaden Korr;68231;LucasArts Games - Jedi Knight Era;4;192;0
2024;2024-09-18;The Nexus Bowl;tournament;Geek Masters Invitational;1;Qualifying;Jaden Korr;68231;LucasArts Games - Jedi Knight Era;5;212;0
2024;2024-09-18;The Nexus Bowl;tournament;Geek Masters Invitational;1;Qualifying;Jaden Korr;68231;LucasArts Games - Jedi Knight Era;6;208;0
2024;2024-09-18;The Nexus Bowl;tournament;Geek Masters Invitational;1;Qualifying;Jaden Korr;68231;LucasArts Games - Jedi Knight Era;7;212;0
2024;2024-09-18;The Nexus Bowl;tournament;Geek Masters Invitational;1;Qualifying;Jan Ors;50425;LucasArts Games - Jedi Knight Era;0;179;0
2024;2024-09-18;The Nexus Bowl;tournament;Geek Masters Invitational;1;Qualifying;Jan Ors;50425;LucasArts Games - Jedi Knight Era;1;182;0
2024;2024-09-18;The Nexus Bowl;tournament;Geek Masters Invitational;1;Qualifying;Jan Ors;50425;LucasArts Games - Jedi Knight Era;2;180;0
2024;2024-09-18;The Nexus Bowl;tournament;Geek Masters Invitational;1;Qualifying;Jan Ors;50425;LucasArts Games - Jedi Knight Era;3;208;0
2024;2024-09-18;The Nexus Bowl;tournament;Geek Masters Invitational;1;Qualifying;Jan Ors;50425;LucasArts Games - Jedi Knight Era;4;179;0
2024;2024-09-18;The Nexus Bowl;tournament;Geek Masters Invitational;1;Qualifying;Jan Ors;50425;LucasArts Games - Jedi Knight Era;5;197;0
2024;2024-09-18;The Nexus Bowl;tournament;Geek Masters Invitational;1;Qualifying;Jan Ors;50425;LucasArts Games - Jedi Knight Era;6;167;0
2024;2024-09-18;The Nexus Bowl;tournament;Geek Masters Invitational;1;Qualifying;Jan Ors;50425;LucasArts Games - Jedi Knight Era;7;172;0
2024;2024-09-18;The Nexus Bowl;tournament;Geek Masters Invitational;1;Qualifying;Guybrush Threepwood;99729;LucasArts Games - Monkey Island & Legacy;0;255;0
2024;2024-09-18;The Nexus Bowl;tournament;Geek Masters Invitational;1;Qualifying;Guybrush Threepwood;99729;LucasArts Games - Monkey Island & Legacy;1;246;0
2024;2024-09-18;The Nexus Bowl;tournament;Geek Masters Invitational;1;Qualifying;Guybrush Threepwood;99729;LucasArts Games - Monkey Island & Legacy;2;215;0
2024;2024-09-18;The Nexus Bowl;tournament;Geek Masters Invitational;1;Qualifying;Guybrush Threepwood;99729;LucasArts Games - Monkey Island & Legacy;3;153;0
2024;2024-09-18;The Nexus Bowl;tournament;Geek Masters Invitational;1;Qualifying;Guybrush Threepwood;99729;LucasArts Games - Monkey Island & Legacy;4;181;0
2024;2024-09-18;The Nexus Bowl;tournament;Geek Masters Invitational;1;Qualifying;Guybrush Threepwood;99729;LucasArts Games - Monkey Island & Legacy;5;199;0
2024;2024-09-18;The Nexus Bowl;tournament;Geek Masters Invitational;1;Qualifying;Guybrush Threepwood;99729;LucasArts Games - Monkey Island & Legacy;6;212;0
2024;2024-09-18;The Nexus Bowl;tournament;Geek Masters Invitational;1;Qualifying;Guybrush Threepwood;99729;LucasArts Games - Monkey Island & Legacy;7;255;0
2024;2024-09-18;The Nexus Bowl;tournament;Geek Masters Invitational;1;Qualifying;LeChuck;60463;LucasArts Games - Monkey Island & Legacy;0;214;0
2024;2024-09-18;The Nexus Bowl;tournament;Geek Masters Invitational;1;Qualifying;LeChuck;60463;LucasArts Games - Monkey Island & Legacy;1;198;0
2024;2024-09-18;The Nexus Bowl;tournament;Geek Masters Invitational;1;Qualifying;LeChuck;60463;LucasArts Games - Monkey Island & Legacy;2;207;0
2024;2024-09-18;The Nexus Bowl;tournament;Geek Masters Invitational;1;Qualifying;LeChuck;60463;LucasArts Games - Monkey Island & Legacy;3;211;0
2024;2024-09-18;The Nexus Bowl;tournament;Geek Masters Invitational;1;Qualifying;LeChuck;60463;LucasArts Games - Monkey Island & Legacy;4;208;0
2024;2024-09-18;The Nexus Bowl;tournament;Geek Masters Invitational;1;Qualifying;LeChuck;60463;LucasArts Games - Monkey Island & Legacy;5;198;0
2024;2024-09-18;The Nexus Bowl;tournament;Geek Masters Invitational;1;Qualifying;LeChuck;60463;LucasArts Games - Monkey Island & Legacy;6;214;0
2024;2024-09-18;The Nexus Bowl;tournament;Geek Masters Invitational;1;Qualifying;LeChuck;60463;LucasArts Games - Monkey Island & Legacy;7;205;0
2024;2024-09-18;The Nexus Bowl;tournament;Geek Masters Invitational;1;Qualifying;Elaine Marley;95753;LucasArts Games - Monkey Island & Legacy;0;183;0
2024;2024-09-18;The Nexus Bowl;tournament;Geek Masters Invitational;1;Qualifying;Elaine Marley;95753;LucasArts Games - Monkey Island & Legacy;1;191;0
2024;2024-09-18;The Nexus Bowl;tournament;Geek Masters Invitational;1;Qualifying;Elaine Marley;95753;LucasArts Games - Monkey Island & Legacy;2;198;0
2024;2024-09-18;The Nexus Bowl;tournament;Geek Masters Invitational;1;Qualifying;Elaine Marley;95753;LucasArts Games - Monkey Island & Legacy;3;185;0
2024;2024-09-18;The Nexus Bowl;tournament;Geek Masters Invitational;1;Qualifying;Elaine Marley;95753;LucasArts Games - Monkey Island & Legacy;4;190;0
2024;2024-09-18;The Nexus Bowl;tournament;Geek Masters Invitational;1;Qualifying;Elaine Marley;95753;LucasArts Games - Monkey Island & Legacy;5;188;0
2024;2024-09-18;The Nexus Bowl;tournament;Geek Masters Invitational;1;Qualifying;Elaine Marley;95753;LucasArts Games - Monkey Island & Legacy;6;191;0
2024;2024-09-18;The Nexus Bowl;tournament;Geek Masters Invitational;1;Qualifying;Elaine Marley;95753;LucasArts Games - Monkey Island & Legacy;7;190;0
2024;2024-09-18;The Nexus Bowl;tournament;Geek Masters Invitational;1;Qualifying;Manny Calavera;77696;LucasArts Games - Monkey Island & Legacy;0;157;0
2024;2024-09-18;The Nexus Bowl;tournament;Geek Masters Invitational;1;Qualifying;Manny Calavera;77696;LucasArts Games - Monkey Island & Legacy;1;150;0
2024;2024-09-18;The Nexus Bowl;tournament;Geek Masters Invitational;1;Qualifying;Manny Calavera;77696;LucasArts Games - Monkey Island & Legacy;2;162;0
2024;2024-09-18;The Nexus Bowl;tournament;Geek Masters Invitational;1;Qualifying;Manny Calavera;77696;LucasArts Games - Monkey Island & Legacy;3;166;0
2024;2024-09-18;The Nexus Bowl;tournament;Geek Masters Invitational;1;Qualifying;Manny Calavera;77696;LucasArts Games - Monkey Island & Legacy;4;177;0
2024;2024-09-18;The Nexus Bowl;tournament;Geek Masters Invitational;1;Qualifying;Manny Calavera;77696;LucasArts Games - Monkey Island & Legacy;5;177;0
2024;2024-09-18;The Nexus Bowl;tournament;Geek Masters Invitational;1;Qualifying;Manny Calavera;77696;LucasArts Games - Monkey Island & Legacy;6;157;0
2024;2024-09-18;The Nexus Bowl;tournament;Geek Masters Invitational;1;Qualifying;Manny Calavera;77696;LucasArts Games - Monkey Island & Legacy;7;182;0
2024;2024-09-18;The Nexus Bowl;tournament;Geek Masters Invitational;1;Qualifying;Paul Atreides;72298;Dune - House Atreides;0;191;0
2024;2024-09-18;The Nexus Bowl;tournament;Geek Masters Invitational;1;Qualifying;Paul Atreides;72298;Dune - House Atreides;1;194;0
2024;2024-09-18;The Nexus Bowl;tournament;Geek Masters Invitational;1;Qualifying;Paul Atreides;72298;Dune - House Atreides;2;198;0
2024;2024-09-18;The Nexus Bowl;tournament;Geek Masters Invitational;1;Qualifying;Paul Atreides;72298;Dune - House Atreides;3;204;0
2024;2024-09-18;The Nexus Bowl;tournament;Geek Masters Invitational;1;Qualifying;Paul Atreides;72298;Dune - House Atreides;4;208;0
2024;2024-09-18;The Nexus Bowl;tournament;Geek Masters Invitational;1;Qualifying;Paul Atreides;72298;Dune - House Atreides;5;204;0
2024;2024-09-18;The Nexus Bowl;tournament;Geek Masters Invitational;1;Qualifying;Paul Atreides;72298;Dune - House Atreides;6;203;0
2024;2024-09-18;The Nexus Bowl;tournament;Geek Masters Invitational;1;Qualifying;Paul Atreides;72298;Dune - House Atreides;7;197;0
2024;2024-09-18;The Nexus Bowl;tournament;Geek Masters Invitational;1;Qualifying;Lady Jessica;68210;Dune - House Atreides;0;193;0
2024;2024-09-18;The Nexus Bowl;tournament;Geek Masters Invitational;1;Qualifying;Lady Jessica;68210;Dune - House Atreides;1;189;0
2024;2024-09-18;The Nexus Bowl;tournament;Geek Masters Invitational;1;Qualifying;Lady Jessica;68210;Dune - House Atreides;2;199;0
2024;2024-09-18;The Nexus Bowl;tournament;Geek Masters Invitational;1;Qualifying;Lady Jessica;68210;Dune - House Atreides;3;194;0
2024;2024-09-18;The Nexus Bowl;tournament;Geek Masters Invitational;1;Qualifying;Lady Jessica;68210;Dune - House Atreides;4;208;0
2024;2024-09-18;The Nexus Bowl;tournament;Geek Masters Invitational;1;Qualifying;Lady Jessica;68210;Dune - House Atreides;5;215;0
2024;2024-09-18;The Nexus Bowl;tournament;Geek Masters Invitational;1;Qualifying;Lady Jessica;68210;Dune - House Atreides;6;215;0
2024;2024-09-18;The Nexus Bowl;tournament;Geek Masters Invitational;1;Qualifying;Lady Jessica;68210;Dune - House Atreides;7;198;0
2024;2024-09-18;The Nexus Bowl;tournament;Geek Masters Invitational;1;Qualifying;Duncan Idaho;60189;Dune - House Atreides;0;194;0
2024;2024-09-18;The Nexus Bowl;tournament;Geek Masters Invitational;1;Qualifying;Duncan Idaho;60189;Dune - House Atreides;1;189;0
2024;2024-09-18;The Nexus Bowl;tournament;Geek Masters Invitational;1;Qualifying;Duncan Idaho;60189;Dune - House Atreides;2;188;0
2024;2024-09-18;The Nexus Bowl;tournament;Geek Masters Invitational;1;Qualifying;Duncan Idaho;60189;Dune - House Atreides;3;204;0
2024;2024-09-18;The Nexus Bowl;tournament;Geek Masters Invitational;1;Qualifying;Duncan Idaho;60189;Dune - House Atreides;4;213;0
2024;2024-09-18;The Nexus Bowl;tournament;Geek Masters Invitational;1;Qualifying;Duncan Idaho;60189;Dune - House Atreides;5;201;0
2024;2024-09-18;The Nexus Bowl;tournament;Geek Masters Invitational;1;Qualifying;Duncan Idaho;60189;Dune - House Atreides;6;218;0
2024;2024-09-18;The Nexus Bowl;tournament;Geek Masters Invitational;1;Qualifying;Duncan Idaho;60189;Dune - House Atreides;7;198;0
2024;2024-09-18;The Nexus Bowl;tournament;Geek Masters Invitational;1;Qualifying;Gurney Halleck;64110;Dune - House Atreides;0;153;0
2024;2024-09-18;The Nexus Bowl;tournament;Geek Masters Invitational;1;Qualifying;Gurney Halleck;64110;Dune - House Atreides;1;170;0
2024;2024-09-18;The Nexus Bowl;tournament;Geek Masters Invitational;1;Qualifying;Gurney Halleck;64110;Dune - House Atreides;2;150;0
2024;2024-09-18;The Nexus Bowl;tournament;Geek Masters Invitational;1;Qualifying;Gurney Halleck;64110;Dune - House Atreides;3;183;0
2024;2024-09-18;The Nexus Bowl;tournament;Geek Masters Invitational;1;Qualifying;Gurney Halleck;64110;Dune - House Atreides;4;192;0
2024;2024-09-18;The Nexus Bowl;tournament;Geek Masters Invitational;1;Qualifying;Gurney Halleck;64110;Dune - House Atreides;5;172;0
2024;2024-09-18;The Nexus Bowl;tournament;Geek Masters Invitational;1;Qualifying;Gurney Halleck;64110;Dune - House Atreides;6;140;0
2024;2024-09-18;The Nexus Bowl;tournament;Geek Masters Invitational;1;Qualifying;Gurney Halleck;64110;Dune - House Atreides;7;169;0
2024;2024-09-18;The Nexus Bowl;tournament;Geek Masters Invitational;1;Qualifying;Baron Harkonnen;72059;Dune - Harkonnen-Sardaukar;0;215;0
2024;2024-09-18;The Nexus Bowl;tournament;Geek Masters Invitational;1;Qualifying;Baron Harkonnen;72059;Dune - Harkonnen-Sardaukar;1;185;0
2024;2024-09-18;The Nexus Bowl;tournament;Geek Masters Invitational;1;Qualifying;Baron Harkonnen;72059;Dune - Harkonnen-Sardaukar;2;202;0
2024;2024-09-18;The Nexus Bowl;tournament;Geek Masters Invitational;1;Qualifying;Baron Harkonnen;72059;Dune - Harkonnen-Sardaukar;3;196;0
2024;2024-09-18;The Nexus Bowl;tournament;Geek Masters Invitational;1;Qualifying;Baron Harkonnen;72059;Dune - Harkonnen-Sardaukar;4;212;0
2024;2024-09-18;The Nexus Bowl;tournament;Geek Masters Invitational;1;Qualifying;Baron Harkonnen;72059;Dune - Harkonnen-Sardaukar;5;218;0
2024;2024-09-18;The Nexus Bowl;tournament;Geek Masters Invitational;1;Qualifying;Baron Harkonnen;72059;Dune - Harkonnen-Sardaukar;6;204;0
2024;2024-09-18;The Nexus Bowl;tournament;Geek Masters Invitational;1;Qualifying;Baron Harkonnen;72059;Dune - Harkonnen-Sardaukar;7;200;0
2024;2024-09-18;The Nexus Bowl;tournament;Geek Masters Invitational;1;Qualifying;Feyd-Rautha;56698;Dune - Harkonnen-Sardaukar;0;199;0
2024;2024-09-18;The Nexus Bowl;tournament;Geek Masters Invitational;1;Qualifying;Feyd-Rautha;56698;Dune - Harkonnen-Sardaukar;1;201;0
2024;2024-09-18;The Nexus Bowl;tournament;Geek Masters Invitational;1;Qualifying;Feyd-Rautha;56698;Dune - Harkonnen-Sardaukar;2;205;0
2024;2024-09-18;The Nexus Bowl;tournament;Geek Masters Invitational;1;Qualifying;Feyd-Rautha;56698;Dune - Harkonnen-Sardaukar;3;202;0
2024;2024-09-18;The Nexus Bowl;tournament;Geek Masters Invitational;1;Qualifying;Feyd-Rautha;56698;Dune - Harkonnen-Sardaukar;4;194;0
2024;2024-09-18;The Nexus Bowl;tournament;Geek Masters Invitational;1;Qualifying;Feyd-Rautha;56698;Dune - Harkonnen-Sardaukar;5;203;0
2024;2024-09-18;The Nexus Bowl;tournament;Geek Masters Invitational;1;Qualifying;Feyd-Rautha;56698;Dune - Harkonnen-Sardaukar;6;197;0
2024;2024-09-18;The Nexus Bowl;tournament;Geek Masters Invitational;1;Qualifying;Feyd-Rautha;56698;Dune - Harkonnen-Sardaukar;7;214;0
2024;2024-09-18;The Nexus Bowl;tournament;Geek Masters Invitational;1;Qualifying;Count Fenring;56078;Dune - Harkonnen-Sardaukar;0;206;0
2024;2024-09-18;The Nexus Bowl;tournament;Geek Masters Invitational;1;Qualifying;Count Fenring;56078;Dune - Harkonnen-Sardaukar;1;202;0
2024;2024-09-18;The Nexus Bowl;tournament;Geek Masters Invitational;1;Qualifying;Count Fenring;56078;Dune - Harkonnen-Sardaukar;2;195;0
2024;2024-09-18;The Nexus Bowl;tournament;Geek Masters Invitational;1;Qualifying;Count Fenring;56078;Dune - Harkonnen-Sardaukar;3;202;0
2024;2024-09-18;The Nexus Bowl;tournament;Geek Masters Invitational;1;Qualifying;Count Fenring;56078;Dune - Harkonnen-Sardaukar;4;185;0
2024;2024-09-18;The Nexus Bowl;tournament;Geek Masters Invitational;1;Qualifying;Count Fenring;56078;Dune - Harkonnen-Sardaukar;5;187;0
2024;2024-09-18;The Nexus Bowl;tournament;Geek Masters Invitational;1;Qualifying;Count Fenring;56078;Dune - Harkonnen-Sardaukar;6;192;0
2024;2024-09-18;The Nexus Bowl;tournament;Geek Masters Invitational;1;Qualifying;Count Fenring;56078;Dune - Harkonnen-Sardaukar;7;216;0
2024;2024-09-18;The Nexus Bowl;tournament;Geek Masters Invitational;1;Qualifying;Glossu Rabban;74898;Dune - Harkonnen-Sardaukar;0;148;0
2024;2024-09-18;The Nexus Bowl;tournament;Geek Masters Invitational;1;Qualifying;Glossu Rabban;74898;Dune - Harkonnen-Sardaukar;1;168;0
2024;2024-09-18;The Nexus Bowl;tournament;Geek Masters Invitational;1;Qualifying;Glossu Rabban;74898;Dune - Harkonnen-Sardaukar;2;126;0
2024;2024-09-18;The Nexus Bowl;tournament;Geek Masters Invitational;1;Qualifying;Glossu Rabban;74898;Dune - Harkonnen-Sardaukar;3;166;0
2024;2024-09-18;The Nexus Bowl;tournament;Geek Masters Invitational;1;Qualifying;Glossu Rabban;74898;Dune - Harkonnen-Sardaukar;4;174;0
2024;2024-09-18;The Nexus Bowl;tournament;Geek Masters Invitational;1;Qualifying;Glossu Rabban;74898;Dune - Harkonnen-Sardaukar;5;173;0
2024;2024-09-18;The Nexus Bowl;tournament;Geek Masters Invitational;1;Qualifying;Glossu Rabban;74898;Dune - Harkonnen-Sardaukar;6;135;0
2024;2024-09-18;The Nexus Bowl;tournament;Geek Masters Invitational;1;Qualifying;Glossu Rabban;74898;Dune - Harkonnen-Sardaukar;7;153;0
2024;2024-09-18;The Nexus Bowl;tournament;Geek Masters Invitational;1;Qualifying;Jean-Luc Picard;56338;Star Trek - Federation;0;203;0
2024;2024-09-18;The Nexus Bowl;tournament;Geek Masters Invitational;1;Qualifying;Jean-Luc Picard;56338;Star Trek - Federation;1;217;0
2024;2024-09-18;The Nexus Bowl;tournament;Geek Masters Invitational;1;Qualifying;Jean-Luc Picard;56338;Star Trek - Federation;2;213;0
2024;2024-09-18;The Nexus Bowl;tournament;Geek Masters Invitational;1;Qualifying;Jean-Luc Picard;56338;Star Trek - Federation;3;220;0
2024;2024-09-18;The Nexus Bowl;tournament;Geek Masters Invitational;1;Qualifying;Jean-Luc Picard;56338;Star Trek - Federation;4;214;0
2024;2024-09-18;The Nexus Bowl;tournament;Geek Masters Invitational;1;Qualifying;Jean-Luc Picard;56338;Star Trek - Federation;5;220;0
2024;2024-09-18;The Nexus Bowl;tournament;Geek Masters Invitational;1;Qualifying;Jean-Luc Picard;56338;Star Trek - Federation;6;231;0
2024;2024-09-18;The Nexus Bowl;tournament;Geek Masters Invitational;1;Qualifying;Jean-Luc Picard;56338;Star Trek - Federation;7;210;0
2024;2024-09-18;The Nexus Bowl;tournament;Geek Masters Invitational;1;Qualifying;Spock;73526;Star Trek - Federation;0;212;0
2024;2024-09-18;The Nexus Bowl;tournament;Geek Masters Invitational;1;Qualifying;Spock;73526;Star Trek - Federation;1;192;0
2024;2024-09-18;The Nexus Bowl;tournament;Geek Masters Invitational;1;Qualifying;Spock;73526;Star Trek - Federation;2;210;0
2024;2024-09-18;The Nexus Bowl;tournament;Geek Masters Invitational;1;Qualifying;Spock;73526;Star Trek - Federation;3;212;0
2024;2024-09-18;The Nexus Bowl;tournament;Geek Masters Invitational;1;Qualifying;Spock;73526;Star Trek - Federation;4;193;0
2024;2024-09-18;The Nexus Bowl;tournament;Geek Masters Invitational;1;Qualifying;Spock;73526;Star Trek - Federation;5;213;0
2024;2024-09-18;The Nexus Bowl;tournament;Geek Masters Invitational;1;Qualifying;Spock;73526;Star Trek - Federation;6;225;0
2024;2024-09-18;The Nexus Bowl;tournament;Geek Masters Invitational;1;Qualifying;Spock;73526;Star Trek - Federation;7;224;0
2024;2024-09-18;The Nexus Bowl;tournament;Geek Masters Invitational;1;Qualifying;Benjamin Sisko;72541;Star Trek - Federation;0;177;0
2024;2024-09-18;The Nexus Bowl;tournament;Geek Masters Invitational;1;Qualifying;Benjamin Sisko;72541;Star Trek - Federation;1;180;0
2024;2024-09-18;The Nexus Bowl;tournament;Geek Masters Invitational;1;Qualifying;Benjamin Sisko;72541;Star Trek - Federation;2;179;0
2024;2024-09-18;The Nexus Bowl;tournament;Geek Masters Invitational;1;Qualifying;Benjamin Sisko;72541;Star Trek - Federation;3;179;0
2024;2024-09-18;The Nexus Bowl;tournament;Geek Masters Invitational;1;Qualifying;Benjamin Sisko;72541;Star Trek - Federation;4;195;0
2024;2024-09-18;The Nexus Bowl;tournament;Geek Masters Invitational;1;Qualifying;Benjamin Sisko;72541;Star Trek - Federation;5;187;0
2024;2024-09-18;The Nexus Bowl;tournament;Geek Masters Invitational;1;Qualifying;Benjamin Sisko;72541;Star Trek - Federation;6;188;0
2024;2024-09-18;The Nexus Bowl;tournament;Geek Masters Invitational;1;Qualifying;Benjamin Sisko;72541;Star Trek - Federation;7;179;0
2024;2024-09-18;The Nexus Bowl;tournament;Geek Masters Invitational;1;Qualifying;Kathryn Janeway;89565;Star Trek - Federation;0;141;0
2024;2024-09-18;The Nexus Bowl;tournament;Geek Masters Invitational;1;Qualifying;Kathryn Janeway;89565;Star Trek - Federation;1;174;0
2024;2024-09-18;The Nexus Bowl;tournament;Geek Masters Invitational;1;Qualifying;Kathryn Janeway;89565;Star Trek - Federation;2;135;0
2024;2024-09-18;The Nexus Bowl;tournament;Geek Masters Invitational;1;Qualifying;Kathryn Janeway;89565;Star Trek - Federation;3;149;0
2024;2024-09-18;The Nexus Bowl;tournament;Geek Masters Invitational;1;Qualifying;Kathryn Janeway;89565;Star Trek - Federation;4;178;0
2024;2024-09-18;The Nexus Bowl;tournament;Geek Masters Invitational;1;Qualifying;Kathryn Janeway;89565;Star Trek - Federation;5;154;0
2024;2024-09-18;The Nexus Bowl;tournament;Geek Masters Invitational;1;Qualifying;Kathryn Janeway;89565;Star Trek - Federation;6;171;0
2024;2024-09-18;The Nexus Bowl;tournament;Geek Masters Invitational;1;Qualifying;Kathryn Janeway;89565;Star Trek - Federation;7;161;0
2024;2024-09-18;The Nexus Bowl;tournament;Geek Masters Invitational;1;Qualifying;Worf;67335;Star Trek - Klingon-Romulan;0;222;0
2024;2024-09-18;The Nexus Bowl;tournament;Geek Masters Invitational;1;Qualifying;Worf;67335;Star Trek - Klingon-Romulan;1;209;0
2024;2024-09-18;The Nexus Bowl;tournament;Geek Masters Invitational;1;Qualifying;Worf;67335;Star Trek - Klingon-Romulan;2;219;0
2024;2024-09-18;The Nexus Bowl;tournament;Geek Masters Invitational;1;Qualifying;Worf;67335;Star Trek - Klingon-Romulan;3;221;0
2024;2024-09-18;The Nexus Bowl;tournament;Geek Masters Invitational;1;Qualifying;Worf;67335;Star Trek - Klingon-Romulan;4;215;0
2024;2024-09-18;The Nexus Bowl;tournament;Geek Masters Invitational;1;Qualifying;Worf;67335;Star Trek - Klingon-Romulan;5;226;0
2024;2024-09-18;The Nexus Bowl;tournament;Geek Masters Invitational;1;Qualifying;Worf;67335;Star Trek - Klingon-Romulan;6;213;0
2024;2024-09-18;The Nexus Bowl;tournament;Geek Masters Invitational;1;Qualifying;Worf;67335;Star Trek - Klingon-Romulan;7;226;0
2024;2024-09-18;The Nexus Bowl;tournament;Geek Masters Invitational;1;Qualifying;Gowron;52847;Star Trek - Klingon-Romulan;0;216;0
2024;2024-09-18;The Nexus Bowl;tournament;Geek Masters Invitational;1;Qualifying;Gowron;52847;Star Trek - Klingon-Romulan;1;223;0
2024;2024-09-18;The Nexus Bowl;tournament;Geek Masters Invitational;1;Qualifying;Gowron;52847;Star Trek - Klingon-Romulan;2;211;0
2024;2024-09-18;The Nexus Bowl;tournament;Geek Masters Invitational;1;Qualifying;Gowron;52847;Star Trek - Klingon-Romulan;3;194;0
2024;2024-09-18;The Nexus Bowl;tournament;Geek Masters Invitational;1;Qualifying;Gowron;52847;Star Trek - Klingon-Romulan;4;220;0
2024;2024-09-18;The Nexus Bowl;tournament;Geek Masters Invitational;1;Qualifying;Gowron;52847;Star Trek - Klingon-Romulan;5;206;0
2024;2024-09-18;The Nexus Bowl;tournament;Geek Masters Invitational;1;Qualifying;Gowron;52847;Star Trek - Klingon-Romulan;6;222;0
2024;2024-09-18;The Nexus Bowl;tournament;Geek Masters Invitational;1;Qualifying;Gowron;52847;Star Trek - Klingon-Romulan;7;218;0
2024;2024-09-18;The Nexus Bowl;tournament;Geek Masters Invitational;1;Qualifying;Commander Sela;97823;Star Trek - Klingon-Romulan;0;182;0
2024;2024-09-18;The Nexus Bowl;tournament;Geek Masters Invitational;1;Qualifying;Commander Sela;97823;Star Trek - Klingon-Romulan;1;197;0
2024;2024-09-18;The Nexus Bowl;tournament;Geek Masters Invitational;1;Qualifying;Commander Sela;97823;Star Trek - Klingon-Romulan;2;190;0
2024;2024-09-18;The Nexus Bowl;tournament;Geek Masters Invitational;1;Qualifying;Commander Sela;97823;Star Trek - Klingon-Romulan;3;169;0
2024;2024-09-18;The Nexus Bowl;tournament;Geek Masters Invitational;1;Qualifying;Commander Sela;97823;Star Trek - Klingon-Romulan;4;181;0
2024;2024-09-18;The Nexus Bowl;tournament;Geek Masters Invitational;1;Qualifying;Commander Sela;97823;Star Trek - Klingon-Romulan;5;191;0
2024;2024-09-18;The Nexus Bowl;tournament;Geek Masters Invitational;1;Qualifying;Commander Sela;97823;Star Trek - Klingon-Romulan;6;176;0
2024;2024-09-18;The Nexus Bowl;tournament;Geek Masters Invitational;1;Qualifying;Commander Sela;97823;Star Trek - Klingon-Romulan;7;178;0
2024;2024-09-18;The Nexus Bowl;tournament;Geek Masters Invitational;1;Qualifying;General Chang;80108;Star Trek - Klingon-Romulan;0;200;0
2024;2024-09-18;The Nexus Bowl;tournament;Geek Masters Invitational;1;Qualifying;General Chang;80108;Star Trek - Klingon-Romulan;1;154;0
2024;2024-09-18;The Nexus Bowl;tournament;Geek Masters Invitational;1;Qualifying;General Chang;80108;Star Trek - Klingon-Romulan;2;195;0
2024;2024-09-18;The Nexus Bowl;tournament;Geek Masters Invitational;1;Qualifying;General Chang;80108;Star Trek - Klingon-Romulan;3;202;0
2024;2024-09-18;The Nexus Bowl;tournament;Geek Masters Invitational;1;Qualifying;General Chang;80108;Star Trek - Klingon-Romulan;4;180;0
2024;2024-09-18;The Nexus Bowl;tournament;Geek Masters Invitational;1;Qualifying;General Chang;80108;Star Trek - Klingon-Romulan;5;190;0
2024;2024-09-18;The Nexus Bowl;tournament;Geek Masters Invitational;1;Qualifying;General Chang;80108;Star Trek - Klingon-Romulan;6;179;0
2024;2024-09-18;The Nexus Bowl;tournament;Geek Masters Invitational;1;Qualifying;General Chang;80108;Star Trek - Klingon-Romulan;7;201;0
2024;2024-09-18;The Nexus Bowl;tournament;Geek Masters Invitational;1;Qualifying;Commander Shepard;85142;Mass Effect - Alliance Crew;0;206;0
2024;2024-09-18;The Nexus Bowl;tournament;Geek Masters Invitational;1;Qualifying;Commander Shepard;85142;Mass Effect - Alliance Crew;1;216;0
2024;2024-09-18;The Nexus Bowl;tournament;Geek Masters Invitational;1;Qualifying;Commander Shepard;85142;Mass Effect - Alliance Crew;2;223;0
2024;2024-09-18;The Nexus Bowl;tournament;Geek Masters Invitational;1;Qualifying;Commander Shepard;85142;Mass Effect - Alliance Crew;3;213;0
2024;2024-09-18;The Nexus Bowl;tournament;Geek Masters Invitational;1;Qualifying;Commander Shepard;85142;Mass Effect - Alliance Crew;4;227;0
2024;2024-09-18;The Nexus Bowl;tournament;Geek Masters Invitational;1;Qualifying;Commander Shepard;85142;Mass Effect - Alliance Crew;5;230;0
2024;2024-09-18;The Nexus Bowl;tournament;Geek Masters Invitational;1;Qualifying;Commander Shepard;85142;Mass Effect - Alliance Crew;6;218;0
2024;2024-09-18;The Nexus Bowl;tournament;Geek Masters Invitational;1;Qualifying;Commander Shepard;85142;Mass Effect - Alliance Crew;7;226;0
2024;2024-09-18;The Nexus Bowl;tournament;Geek Masters Invitational;1;Qualifying;Garrus Vakarian;58180;Mass Effect - Alliance Crew;0;201;0
2024;2024-09-18;The Nexus Bowl;tournament;Geek Masters Invitational;1;Qualifying;Garrus Vakarian;58180;Mass Effect - Alliance Crew;1;191;0
2024;2024-09-18;The Nexus Bowl;tournament;Geek Masters Invitational;1;Qualifying;Garrus Vakarian;58180;Mass Effect - Alliance Crew;2;197;0
2024;2024-09-18;The Nexus Bowl;tournament;Geek Masters Invitational;1;Qualifying;Garrus Vakarian;58180;Mass Effect - Alliance Crew;3;194;0
2024;2024-09-18;The Nexus Bowl;tournament;Geek Masters Invitational;1;Qualifying;Garrus Vakarian;58180;Mass Effect - Alliance Crew;4;197;0
2024;2024-09-18;The Nexus Bowl;tournament;Geek Masters Invitational;1;Qualifying;Garrus Vakarian;58180;Mass Effect - Alliance Crew;5;205;0
2024;2024-09-18;The Nexus Bowl;tournament;Geek Masters Invitational;1;Qualifying;Garrus Vakarian;58180;Mass Effect - Alliance Crew;6;208;0
2024;2024-09-18;The Nexus Bowl;tournament;Geek Masters Invitational;1;Qualifying;Garrus Vakarian;58180;Mass Effect - Alliance Crew;7;201;0
2024;2024-09-18;The Nexus Bowl;tournament;Geek Masters Invitational;1;Qualifying;Liara T'Soni;74807;Mass Effect - Alliance Crew;0;192;0
2024;2024-09-18;The Nexus Bowl;tournament;Geek Masters Invitational;1;Qualifying;Liara T'Soni;74807;Mass Effect - Alliance Crew;1;190;0
2024;2024-09-18;The Nexus Bowl;tournament;Geek Masters Invitational;1;Qualifying;Liara T'Soni;74807;Mass Effect - Alliance Crew;2;181;0
2024;2024-09-18;The Nexus Bowl;tournament;Geek Masters Invitational;1;Qualifying;Liara T'Soni;74807;Mass Effect - Alliance Crew;3;183;0
2024;2024-09-18;The Nexus Bowl;tournament;Geek Masters Invitational;1;Qualifying;Liara T'Soni;74807;Mass Effect - Alliance Crew;4;185;0
2024;2024-09-18;The Nexus Bowl;tournament;Geek Masters Invitational;1;Qualifying;Liara T'Soni;74807;Mass Effect - Alliance Crew;5;189;0
2024;2024-09-18;The Nexus Bowl;tournament;Geek Masters Invitational;1;Qualifying;Liara T'Soni;74807;Mass Effect - Alliance Crew;6;174;0
2024;2024-09-18;The Nexus Bowl;tournament;Geek Masters Invitational;1;Qualifying;Liara T'Soni;74807;Mass Effect - Alliance Crew;7;184;0
2024;2024-09-18;The Nexus Bowl;tournament;Geek Masters Invitational;1;Qualifying;Tali'Zorah;55164;Mass Effect - Alliance Crew;0;177;0
2024;2024-09-18;The Nexus Bowl;tournament;Geek Masters Invitational;1;Qualifying;Tali'Zorah;55164;Mass Effect - Alliance Crew;1;212;0
2024;2024-09-18;The Nexus Bowl;tournament;Geek Masters Invitational;1;Qualifying;Tali'Zorah;55164;Mass Effect - Alliance Crew;2;173;0
2024;2024-09-18;The Nexus Bowl;tournament;Geek Masters Invitational;1;Qualifying;Tali'Zorah;55164;Mass Effect - Alliance Crew;3;214;0
2024;2024-09-18;The Nexus Bowl;tournament;Geek Masters Invitational;1;Qualifying;Tali'Zorah;55164;Mass Effect - Alliance Crew;4;158;0
2024;2024-09-18;The Nexus Bowl;tournament;Geek Masters Invitational;1;Qualifying;Tali'Zorah;55164;Mass Effect - Alliance Crew;5;210;0
2024;2024-09-18;The Nexus Bowl;tournament;Geek Masters Invitational;1;Qualifying;Tali'Zorah;55164;Mass Effect - Alliance Crew;6;191;0
2024;2024-09-18;The Nexus Bowl;tournament;Geek Masters Invitational;1;Qualifying;Tali'Zorah;55164;Mass Effect - Alliance Crew;7;168;0
2024;2024-09-18;The Nexus Bowl;tournament;Geek Masters Invitational;1;Qualifying;Illusive Man;86178;Mass Effect - Cerberus-Reapers;0;222;0
2024;2024-09-18;The Nexus Bowl;tournament;Geek Masters Invitational;1;Qualifying;Illusive Man;86178;Mass Effect - Cerberus-Reapers;1;234;0
2024;2024-09-18;The Nexus Bowl;tournament;Geek Masters Invitational;1;Qualifying;Illusive Man;86178;Mass Effect - Cerberus-Reapers;2;210;0
2024;2024-09-18;The Nexus Bowl;tournament;Geek Masters Invitational;1;Qualifying;Illusive Man;86178;Mass Effect - Cerberus-Reapers;3;211;0
2024;2024-09-18;The Nexus Bowl;tournament;Geek Masters Invitational;1;Qualifying;Illusive Man;86178;Mass Effect - Cerberus-Reapers;4;240;0
2024;2024-09-18;The Nexus Bowl;tournament;Geek Masters Invitational;1;Qualifying;Illusive Man;86178;Mass Effect - Cerberus-Reapers;5;215;0
2024;2024-09-18;The Nexus Bowl;tournament;Geek Masters Invitational;1;Qualifying;Illusive Man;86178;Mass Effect - Cerberus-Reapers;6;206;0
2024;2024-09-18;The Nexus Bowl;tournament;Geek Masters Invitational;1;Qualifying;Illusive Man;86178;Mass Effect - Cerberus-Reapers;7;203;0
2024;2024-09-18;The Nexus Bowl;tournament;Geek Masters Invitational;1;Qualifying;Harbinger;69213;Mass Effect - Cerberus-Reapers;0;214;0
2024;2024-09-18;The Nexus Bowl;tournament;Geek Masters Invitational;1;Qualifying;Harbinger;69213;Mass Effect - Cerberus-Reapers;1;211;0
2024;2024-09-18;The Nexus Bowl;tournament;Geek Masters Invitational;1;Qualifying;Harbinger;69213;Mass Effect - Cerberus-Reapers;2;207;0
2024;2024-09-18;The Nexus Bowl;tournament;Geek Masters Invitational;1;Qualifying;Harbinger;69213;Mass Effect - Cerberus-Reapers;3;195;0
2024;2024-09-18;The Nexus Bowl;tournament;Geek Masters Invitational;1;Qualifying;Harbinger;69213;Mass Effect - Cerberus-Reapers;4;218;0
2024;2024-09-18;The Nexus Bowl;tournament;Geek Masters Invitational;1;Qualifying;Harbinger;69213;Mass Effect - Cerberus-Reapers;5;197;0
2024;2024-09-18;The Nexus Bowl;tournament;Geek Masters Invitational;1;Qualifying;Harbinger;69213;Mass Effect - Cerberus-Reapers;6;210;0
2024;2024-09-18;The Nexus Bowl;tournament;Geek Masters Invitational;1;Qualifying;Harbinger;69213;Mass Effect - Cerberus-Reapers;7;218;0
2024;2024-09-18;The Nexus Bowl;tournament;Geek Masters Invitational;1;Qualifying;Kai Leng;91198;Mass Effect - Cerberus-Reapers;0;182;0
2024;2024-09-18;The Nexus Bowl;tournament;Geek Masters Invitational;1;Qualifying;Kai Leng;91198;Mass Effect - Cerberus-Reapers;1;185;0
2024;2024-09-18;The Nexus Bowl;tournament;Geek Masters Invitational;1;Qualifying;Kai Leng;91198;Mass Effect - Cerberus-Reapers;2;183;0
2024;2024-09-18;The Nexus Bowl;tournament;Geek Masters Invitational;1;Qualifying;Kai Leng;91198;Mass Effect - Cerberus-Reapers;3;179;0
2024;2024-09-18;The Nexus Bowl;tournament;Geek Masters Invitational;1;Qualifying;Kai Leng;91198;Mass Effect - Cerberus-Reapers;4;180;0
2024;2024-09-18;The Nexus Bowl;tournament;Geek Masters Invitational;1;Qualifying;Kai Leng;91198;Mass Effect - Cerberus-Reapers;5;173;0
2024;2024-09-18;The Nexus Bowl;tournament;Geek Masters Invitational;1;Qualifying;Kai Leng;91198;Mass Effect - Cerberus-Reapers;6;181;0
2024;2024-09-18;The Nexus Bowl;tournament;Geek Masters Invitational;1;Qualifying;Kai Leng;91198;Mass Effect - Cerberus-Reapers;7;183;0
2024;2024-09-18;The Nexus Bowl;tournament;Geek Masters Invitational;1;Qualifying;Saren Arterius;90535;Mass Effect - Cerberus-Reapers;0;183;0
2024;2024-09-18;The Nexus Bowl;tournament;Geek Masters Invitational;1;Qualifying;Saren Arterius;90535;Mass Effect - Cerberus-Reapers;1;198;0
2024;2024-09-18;The Nexus Bowl;tournament;Geek Masters Invitational;1;Qualifying;Saren Arterius;90535;Mass Effect - Cerberus-Reapers;2;195;0
2024;2024-09-18;The Nexus Bowl;tournament;Geek Masters Invitational;1;Qualifying;Saren Arterius;90535;Mass Effect - Cerberus-Reapers;3;168;0
2024;2024-09-18;The Nexus Bowl;tournament;Geek Masters Invitational;1;Qualifying;Saren Arterius;90535;Mass Effect - Cerberus-Reapers;4;212;0
2024;2024-09-18;The Nexus Bowl;tournament;Geek Masters Invitational;1;Qualifying;Saren Arterius;90535;Mass Effect - Cerberus-Reapers;5;187;0
2024;2024-09-18;The Nexus Bowl;tournament;Geek Masters Invitational;1;Qualifying;Saren Arterius;90535;Mass Effect - Cerberus-Reapers;6;170;0
2024;2024-09-18;The Nexus Bowl;tournament;Geek Masters Invitational;1;Qualifying;Saren Arterius;90535;Mass Effect - Cerberus-Reapers;7;165;0
2024;2024-09-18;The Nexus Bowl;tournament;Geek Masters Invitational;1;Qualifying;Roboute Guilliman;73700;Warhammer 40K - Imperium;0;178;0
2024;2024-09-18;The Nexus Bowl;tournament;Geek Masters Invitational;1;Qualifying;Roboute Guilliman;73700;Warhammer 40K - Imperium;1;228;0
2024;2024-09-18;The Nexus Bowl;tournament;Geek Masters Invitational;1;Qualifying;Roboute Guilliman;73700;Warhammer 40K - Imperium;2;212;0
2024;2024-09-18;The Nexus Bowl;tournament;Geek Masters Invitational;1;Qualifying;Roboute Guilliman;73700;Warhammer 40K - Imperium;3;210;0
2024;2024-09-18;The Nexus Bowl;tournament;Geek Masters Invitational;1;Qualifying;Roboute Guilliman;73700;Warhammer 40K - Imperium;4;186;0
2024;2024-09-18;The Nexus Bowl;tournament;Geek Masters Invitational;1;Qualifying;Roboute Guilliman;73700;Warhammer 40K - Imperium;5;210;0
2024;2024-09-18;The Nexus Bowl;tournament;Geek Masters Invitational;1;Qualifying;Roboute Guilliman;73700;Warhammer 40K - Imperium;6;202;0
2024;2024-09-18;The Nexus Bowl;tournament;Geek Masters Invitational;1;Qualifying;Roboute Guilliman;73700;Warhammer 40K - Imperium;7;208;0
2024;2024-09-18;The Nexus Bowl;tournament;Geek Masters Invitational;1;Qualifying;Marneus Calgar;87837;Warhammer 40K - Imperium;0;192;0
2024;2024-09-18;The Nexus Bowl;tournament;Geek Masters Invitational;1;Qualifying;Marneus Calgar;87837;Warhammer 40K - Imperium;1;207;0
2024;2024-09-18;The Nexus Bowl;tournament;Geek Masters Invitational;1;Qualifying;Marneus Calgar;87837;Warhammer 40K - Imperium;2;213;0
2024;2024-09-18;The Nexus Bowl;tournament;Geek Masters Invitational;1;Qualifying;Marneus Calgar;87837;Warhammer 40K - Imperium;3;202;0
2024;2024-09-18;The Nexus Bowl;tournament;Geek Masters Invitational;1;Qualifying;Marneus Calgar;87837;Warhammer 40K - Imperium;4;214;0
2024;2024-09-18;The Nexus Bowl;tournament;Geek Masters Invitational;1;Qualifying;Marneus Calgar;87837;Warhammer 40K - Imperium;5;204;0
2024;2024-09-18;The Nexus Bowl;tournament;Geek Masters Invitational;1;Qualifying;Marneus Calgar;87837;Warhammer 40K - Imperium;6;190;0
2024;2024-09-18;The Nexus Bowl;tournament;Geek Masters Invitational;1;Qualifying;Marneus Calgar;87837;Warhammer 40K - Imperium;7;205;0
2024;2024-09-18;The Nexus Bowl;tournament;Geek Masters Invitational;1;Qualifying;Saint Celestine;62601;Warhammer 40K - Imperium;0;185;0
2024;2024-09-18;The Nexus Bowl;tournament;Geek Masters Invitational;1;Qualifying;Saint Celestine;62601;Warhammer 40K - Imperium;1;188;0
2024;2024-09-18;The Nexus Bowl;tournament;Geek Masters Invitational;1;Qualifying;Saint Celestine;62601;Warhammer 40K - Imperium;2;194;0
2024;2024-09-18;The Nexus Bowl;tournament;Geek Masters Invitational;1;Qualifying;Saint Celestine;62601;Warhammer 40K - Imperium;3;197;0
2024;2024-09-18;The Nexus Bowl;tournament;Geek Masters Invitational;1;Qualifying;Saint Celestine;62601;Warhammer 40K - Imperium;4;191;0
2024;2024-09-18;The Nexus Bowl;tournament;Geek Masters Invitational;1;Qualifying;Saint Celestine;62601;Warhammer 40K - Imperium;5;192;0
2024;2024-09-18;The Nexus Bowl;tournament;Geek Masters Invitational;1;Qualifying;Saint Celestine;62601;Warhammer 40K - Imperium;6;184;0
2024;2024-09-18;The Nexus Bowl;tournament;Geek Masters Invitational;1;Qualifying;Saint Celestine;62601;Warhammer 40K - Imperium;7;189;0
2024;2024-09-18;The Nexus Bowl;tournament;Geek Masters Invitational;1;Qualifying;Inquisitor Eisenhorn;96174;Warhammer 40K - Imperium;0;139;0
2024;2024-09-18;The Nexus Bowl;tournament;Geek Masters Invitational;1;Qualifying;Inquisitor Eisenhorn;96174;Warhammer 40K - Imperium;1;176;0
2024;2024-09-18;The Nexus Bowl;tournament;Geek Masters Invitational;1;Qualifying;Inquisitor Eisenhorn;96174;Warhammer 40K - Imperium;2;163;0
2024;2024-09-18;The Nexus Bowl;tournament;Geek Masters Invitational;1;Qualifying;Inquisitor Eisenhorn;96174;Warhammer 40K - Imperium;3;153;0
2024;2024-09-18;The Nexus Bowl;tournament;Geek Masters Invitational;1;Qualifying;Inquisitor Eisenhorn;96174;Warhammer 40K - Imperium;4;177;0
2024;2024-09-18;The Nexus Bowl;tournament;Geek Masters Invitational;1;Qualifying;Inquisitor Eisenhorn;96174;Warhammer 40K - Imperium;5;165;0
2024;2024-09-18;The Nexus Bowl;tournament;Geek Masters Invitational;1;Qualifying;Inquisitor Eisenhorn;96174;Warhammer 40K - Imperium;6;175;0
2024;2024-09-18;The Nexus Bowl;tournament;Geek Masters Invitational;1;Qualifying;Inquisitor Eisenhorn;96174;Warhammer 40K - Imperium;7;171;0
2024;2024-09-18;The Nexus Bowl;tournament;Geek Masters Invitational;1;Qualifying;Abaddon the Despoiler;54558;Warhammer 40K - Chaos;0;222;0
2024;2024-09-18;The Nexus Bowl;tournament;Geek Masters Invitational;1;Qualifying;Abaddon the Despoiler;54558;Warhammer 40K - Chaos;1;226;0
2024;2024-09-18;The Nexus Bowl;tournament;Geek Masters Invitational;1;Qualifying;Abaddon the Despoiler;54558;Warhammer 40K - Chaos;2;203;0
2024;2024-09-18;The Nexus Bowl;tournament;Geek Masters Invitational;1;Qualifying;Abaddon the Despoiler;54558;Warhammer 40K - Chaos;3;191;0
2024;2024-09-18;The Nexus Bowl;tournament;Geek Masters Invitational;1;Qualifying;Abaddon the Despoiler;54558;Warhammer 40K - Chaos;4;207;0
2024;2024-09-18;The Nexus Bowl;tournament;Geek Masters Invitational;1;Qualifying;Abaddon the Despoiler;54558;Warhammer 40K - Chaos;5;235;0
2024;2024-09-18;The Nexus Bowl;tournament;Geek Masters Invitational;1;Qualifying;Abaddon the Despoiler;54558;Warhammer 40K - Chaos;6;232;0
2024;2024-09-18;The Nexus Bowl;tournament;Geek Masters Invitational;1;Qualifying;Abaddon the Despoiler;54558;Warhammer 40K - Chaos;7;199;0
2024;2024-09-18;The Nexus Bowl;tournament;Geek Masters Invitational;1;Qualifying;Magnus the Red;53003;Warhammer 40K - Chaos;0;196;0
2024;2024-09-18;The Nexus Bowl;tournament;Geek Masters Invitational;1;Qualifying;Magnus the Red;53003;Warhammer 40K - Chaos;1;185;0
2024;2024-09-18;The Nexus Bowl;tournament;Geek Masters Invitational;1;Qualifying;Magnus the Red;53003;Warhammer 40K - Chaos;2;194;0
2024;2024-09-18;The Nexus Bowl;tournament;Geek Masters Invitational;1;Qualifying;Magnus the Red;53003;Warhammer 40K - Chaos;3;195;0
2024;2024-09-18;The Nexus Bowl;tournament;Geek Masters Invitational;1;Qualifying;Magnus the Red;53003;Warhammer 40K - Chaos;4;206;0
2024;2024-09-18;The Nexus Bowl;tournament;Geek Masters Invitational;1;Qualifying;Magnus the Red;53003;Warhammer 40K - Chaos;5;189;0
2024;2024-09-18;The Nexus Bowl;tournament;Geek Masters Invitational;1;Qualifying;Magnus the Red;53003;Warhammer 40K - Chaos;6;193;0
2024;2024-09-18;The Nexus Bowl;tournament;Geek Masters Invitational;1;Qualifying;Magnus the Red;53003;Warhammer 40K - Chaos;7;188;0
2024;2024-09-18;The Nexus Bowl;tournament;Geek Masters Invitational;1;Qualifying;Ahriman;93336;Warhammer 40K - Chaos;0;195;0
2024;2024-09-18;The Nexus Bowl;tournament;Geek Masters Invitational;1;Qualifying;Ahriman;93336;Warhammer 40K - Chaos;1;176;0
2024;2024-09-18;The Nexus Bowl;tournament;Geek Masters Invitational;1;Qualifying;Ahriman;93336;Warhammer 40K - Chaos;2;191;0
2024;2024-09-18;The Nexus Bowl;tournament;Geek Masters Invitational;1;Qualifying;Ahriman;93336;Warhammer 40K - Chaos;3;168;0
2024;2024-09-18;The Nexus Bowl;tournament;Geek Masters Invitational;1;Qualifying;Ahriman;93336;Warhammer 40K - Chaos;4;187;0
2024;2024-09-18;The Nexus Bowl;tournament;Geek Masters Invitational;1;Qualifying;Ahriman;93336;Warhammer 40K - Chaos;5;197;0
2024;2024-09-18;The Nexus Bowl;tournament;Geek Masters Invitational;1;Qualifying;Ahriman;93336;Warhammer 40K - Chaos;6;183;0
2024;2024-09-18;The Nexus Bowl;tournament;Geek Masters Invitational;1;Qualifying;Ahriman;93336;Warhammer 40K - Chaos;7;219;0
2024;2024-09-18;The Nexus Bowl;tournament;Geek Masters Invitational;1;Qualifying;Kharn the Betrayer;64935;Warhammer 40K - Chaos;0;168;0
2024;2024-09-18;The Nexus Bowl;tournament;Geek Masters Invitational;1;Qualifying;Kharn the Betrayer;64935;Warhammer 40K - Chaos;1;151;0
2024;2024-09-18;The Nexus Bowl;tournament;Geek Masters Invitational;1;Qualifying;Kharn the Betrayer;64935;Warhammer 40K - Chaos;2;167;0
2024;2024-09-18;The Nexus Bowl;tournament;Geek Masters Invitational;1;Qualifying;Kharn the Betrayer;64935;Warhammer 40K - Chaos;3;154;0
2024;2024-09-18;The Nexus Bowl;tournament;Geek Masters Invitational;1;Qualifying;Kharn the Betrayer;64935;Warhammer 40K - Chaos;4;161;0
2024;2024-09-18;The Nexus Bowl;tournament;Geek Masters Invitational;1;Qualifying;Kharn the Betrayer;64935;Warhammer 40K - Chaos;5;154;0
2024;2024-09-18;The Nexus Bowl;tournament;Geek Masters Invitational;1;Qualifying;Kharn the Betrayer;64935;Warhammer 40K - Chaos;6;189;0
2024;2024-09-18;The Nexus Bowl;tournament;Geek Masters Invitational;1;Qualifying;Kharn the Betrayer;64935;Warhammer 40K - Chaos;7;148;0
2024;2024-09-18;The Nexus Bowl;tournament;Geek Masters Invitational;1;Qualifying;Mickey Mouse;68965;Disney Characters - Disney Heroes;0;216;0
2024;2024-09-18;The Nexus Bowl;tournament;Geek Masters Invitational;1;Qualifying;Mickey Mouse;68965;Disney Characters - Disney Heroes;1;209;0
2024;2024-09-18;The Nexus Bowl;tournament;Geek Masters Invitational;1;Qualifying;Mickey Mouse;68965;Disney Characters - Disney Heroes;2;198;0
2024;2024-09-18;The Nexus Bowl;tournament;Geek Masters Invitational;1;Qualifying;Mickey Mouse;68965;Disney Characters - Disney Heroes;3;219;0
2024;2024-09-18;The Nexus Bowl;tournament;Geek Masters Invitational;1;Qualifying;Mickey Mouse;68965;Disney Characters - Disney Heroes;4;220;0
2024;2024-09-18;The Nexus Bowl;tournament;Geek Masters Invitational;1;Qualifying;Mickey Mouse;68965;Disney Characters - Disney Heroes;5;230;0
2024;2024-09-18;The Nexus Bowl;tournament;Geek Masters Invitational;1;Qualifying;Mickey Mouse;68965;Disney Characters - Disney Heroes;6;246;0
2024;2024-09-18;The Nexus Bowl;tournament;Geek Masters Invitational;1;Qualifying;Mickey Mouse;68965;Disney Characters - Disney Heroes;7;208;0
2024;2024-09-18;The Nexus Bowl;tournament;Geek Masters Invitational;1;Qualifying;Mulan;55229;Disney Characters - Disney Heroes;0;204;0
2024;2024-09-18;The Nexus Bowl;tournament;Geek Masters Invitational;1;Qualifying;Mulan;55229;Disney Characters - Disney Heroes;1;192;0
2024;2024-09-18;The Nexus Bowl;tournament;Geek Masters Invitational;1;Qualifying;Mulan;55229;Disney Characters - Disney Heroes;2;185;0
2024;2024-09-18;The Nexus Bowl;tournament;Geek Masters Invitational;1;Qualifying;Mulan;55229;Disney Characters - Disney Heroes;3;194;0
2024;2024-09-18;The Nexus Bowl;tournament;Geek Masters Invitational;1;Qualifying;Mulan;55229;Disney Characters - Disney Heroes;4;180;0
2024;2024-09-18;The Nexus Bowl;tournament;Geek Masters Invitational;1;Qualifying;Mulan;55229;Disney Characters - Disney Heroes;5;180;0
2024;2024-09-18;The Nexus Bowl;tournament;Geek Masters Invitational;1;Qualifying;Mulan;55229;Disney Characters - Disney Heroes;6;188;0
2024;2024-09-18;The Nexus Bowl;tournament;Geek Masters Invitational;1;Qualifying;Mulan;55229;Disney Characters - Disney Heroes;7;177;0
2024;2024-09-18;The Nexus Bowl;tournament;Geek Masters Invitational;1;Qualifying;Simba;65256;Disney Characters - Disney Heroes;0;185;0
2024;2024-09-18;The Nexus Bowl;tournament;Geek Masters Invitational;1;Qualifying;Simba;65256;Disney Characters - Disney Heroes;1;206;0
2024;2024-09-18;The Nexus Bowl;tournament;Geek Masters Invitational;1;Qualifying;Simba;65256;Disney Characters - Disney Heroes;2;210;0
2024;2024-09-18;The Nexus Bowl;tournament;Geek Masters Invitational;1;Qualifying;Simba;65256;Disney Characters - Disney Heroes;3;193;0
2024;2024-09-18;The Nexus Bowl;tournament;Geek Masters Invitational;1;Qualifying;Simba;65256;Disney Characters - Disney Heroes;4;193;0
2024;2024-09-18;The Nexus Bowl;tournament;Geek Masters Invitational;1;Qualifying;Simba;65256;Disney Characters - Disney Heroes;5;189;0
2024;2024-09-18;The Nexus Bowl;tournament;Geek Masters Invitational;1;Qualifying;Simba;65256;Disney Characters - Disney Heroes;6;207;0
2024;2024-09-18;The Nexus Bowl;tournament;Geek Masters Invitational;1;Qualifying;Simba;65256;Disney Characters - Disney Heroes;7;204;0
2024;2024-09-18;The Nexus Bowl;tournament;Geek Masters Invitational;1;Qualifying;Moana;56619;Disney Characters - Disney Heroes;0;167;0
2024;2024-09-18;The Nexus Bowl;tournament;Geek Masters Invitational;1;Qualifying;Moana;56619;Disney Characters - Disney Heroes;1;184;0
2024;2024-09-18;The Nexus Bowl;tournament;Geek Masters Invitational;1;Qualifying;Moana;56619;Disney Characters - Disney Heroes;2;162;0
2024;2024-09-18;The Nexus Bowl;tournament;Geek Masters Invitational;1;Qualifying;Moana;56619;Disney Characters - Disney Heroes;3;165;0
2024;2024-09-18;The Nexus Bowl;tournament;Geek Masters Invitational;1;Qualifying;Moana;56619;Disney Characters - Disney Heroes;4;160;0
2024;2024-09-18;The Nexus Bowl;tournament;Geek Masters Invitational;1;Qualifying;Moana;56619;Disney Characters - Disney Heroes;5;169;0
2024;2024-09-18;The Nexus Bowl;tournament;Geek Masters Invitational;1;Qualifying;Moana;56619;Disney Characters - Disney Heroes;6;156;0
2024;2024-09-18;The Nexus Bowl;tournament;Geek Masters Invitational;1;Qualifying;Moana;56619;Disney Characters - Disney Heroes;7;171;0
2024;2024-09-18;The Nexus Bowl;tournament;Geek Masters Invitational;1;Qualifying;Maleficent;74911;Disney Characters - Disney Villains;0;206;0
2024;2024-09-18;The Nexus Bowl;tournament;Geek Masters Invitational;1;Qualifying;Maleficent;74911;Disney Characters - Disney Villains;1;211;0
2024;2024-09-18;The Nexus Bowl;tournament;Geek Masters Invitational;1;Qualifying;Maleficent;74911;Disney Characters - Disney Villains;2;219;0
2024;2024-09-18;The Nexus Bowl;tournament;Geek Masters Invitational;1;Qualifying;Maleficent;74911;Disney Characters - Disney Villains;3;192;0
2024;2024-09-18;The Nexus Bowl;tournament;Geek Masters Invitational;1;Qualifying;Maleficent;74911;Disney Characters - Disney Villains;4;231;0
2024;2024-09-18;The Nexus Bowl;tournament;Geek Masters Invitational;1;Qualifying;Maleficent;74911;Disney Characters - Disney Villains;5;222;0
2024;2024-09-18;The Nexus Bowl;tournament;Geek Masters Invitational;1;Qualifying;Maleficent;74911;Disney Characters - Disney Villains;6;243;0
2024;2024-09-18;The Nexus Bowl;tournament;Geek Masters Invitational;1;Qualifying;Maleficent;74911;Disney Characters - Disney Villains;7;185;0
2024;2024-09-18;The Nexus Bowl;tournament;Geek Masters Invitational;1;Qualifying;Scar;68217;Disney Characters - Disney Villains;0;193;0
2024;2024-09-18;The Nexus Bowl;tournament;Geek Masters Invitational;1;Qualifying;Scar;68217;Disney Characters - Disney Villains;1;194;0
2024;2024-09-18;The Nexus Bowl;tournament;Geek Masters Invitational;1;Qualifying;Scar;68217;Disney Characters - Disney Villains;2;199;0
2024;2024-09-18;The Nexus Bowl;tournament;Geek Masters Invitational;1;Qualifying;Scar;68217;Disney Characters - Disney Villains;3;186;0
2024;2024-09-18;The Nexus Bowl;tournament;Geek Masters Invitational;1;Qualifying;Scar;68217;Disney Characters - Disney Villains;4;190;0
2024;2024-09-18;The Nexus Bowl;tournament;Geek Masters Invitational;1;Qualifying;Scar;68217;Disney Characters - Disney Villains;5;193;0
2024;2024-09-18;The Nexus Bowl;tournament;Geek Masters Invitational;1;Qualifying;Scar;68217;Disney Characters - Disney Villains;6;183;0
2024;2024-09-18;The Nexus Bowl;tournament;Geek Masters Invitational;1;Qualifying;Scar;68217;Disney Characters - Disney Villains;7;197;0
2024;2024-09-18;The Nexus Bowl;tournament;Geek Masters Invitational;1;Qualifying;Ursula;79714;Disney Characters - Disney Villains;0;180;0
2024;2024-09-18;The Nexus Bowl;tournament;Geek Masters Invitational;1;Qualifying;Ursula;79714;Disney Characters - Disney Villains;1;183;0
2024;2024-09-18;The Nexus Bowl;tournament;Geek Masters Invitational;1;Qualifying;Ursula;79714;Disney Characters - Disney Villains;2;167;0
2024;2024-09-18;The Nexus Bowl;tournament;Geek Masters Invitational;1;Qualifying;Ursula;79714;Disney Characters - Disney Villains;3;165;0
2024;2024-09-18;The Nexus Bowl;tournament;Geek Masters Invitational;1;Qualifying;Ursula;79714;Disney Characters - Disney Villains;4;185;0
2024;2024-09-18;The Nexus Bowl;tournament;Geek Masters Invitational;1;Qualifying;Ursula;79714;Disney Characters - Disney Villains;5;173;0
2024;2024-09-18;The Nexus Bowl;tournament;Geek Masters Invitational;1;Qualifying;Ursula;79714;Disney Characters - Disney Villains;6;151;0
2024;2024-09-18;The Nexus Bowl;tournament;Geek Masters Invitational;1;Qualifying;Ursula;79714;Disney Characters - Disney Villains;7;183;0
2024;2024-09-18;The Nexus Bowl;tournament;Geek Masters Invitational;1;Qualifying;Jafar;91660;Disney Characters - Disney Villains;0;163;0
2024;2024-09-18;The Nexus Bowl;tournament;Geek Masters Invitational;1;Qualifying;Jafar;91660;Disney Characters - Disney Villains;1;159;0
2024;2024-09-18;The Nexus Bowl;tournament;Geek Masters Invitational;1;Qualifying;Jafar;91660;Disney Characters - Disney Villains;2;183;0
2024;2024-09-18;The Nexus Bowl;tournament;Geek Masters Invitational;1;Qualifying;Jafar;91660;Disney Characters - Disney Villains;3;179;0
2024;2024-09-18;The Nexus Bowl;tournament;Geek Masters Invitational;1;Qualifying;Jafar;91660;Disney Characters - Disney Villains;4;178;0
2024;2024-09-18;The Nexus Bowl;tournament;Geek Masters Invitational;1;Qualifying;Jafar;91660;Disney Characters - Disney Villains;5;171;0
2024;2024-09-18;The Nexus Bowl;tournament;Geek Masters Invitational;1;Qualifying;Jafar;91660;Disney Characters - Disney Villains;6;168;0
2024;2024-09-18;The Nexus Bowl;tournament;Geek Masters Invitational;1;Qualifying;Jafar;91660;Disney Characters - Disney Villains;7;174;0
2024;2024-09-19;The Nexus Bowl;tournament;Geek Masters Invitational;2;Round 2;Luke Skywalker;91905;Star Wars - Jedi Order;0;213;0
2024;2024-09-19;The Nexus Bowl;tournament;Geek Masters Invitational;2;Round 2;Luke Skywalker;91905;Star Wars - Jedi Order;1;192;0
2024;2024-09-19;The Nexus Bowl;tournament;Geek Masters Invitational;2;Round 2;Luke Skywalker;91905;Star Wars - Jedi Order;2;195;0
2024;2024-09-19;The Nexus Bowl;tournament;Geek Masters Invitational;2;Round 2;Luke Skywalker;91905;Star Wars - Jedi Order;3;203;0
2024;2024-09-19;The Nexus Bowl;tournament;Geek Masters Invitational;2;Round 2;Luke Skywalker;91905;Star Wars - Jedi Order;4;189;0
2024;2024-09-19;The Nexus Bowl;tournament;Geek Masters Invitational;2;Round 2;Luke Skywalker;91905;Star Wars - Jedi Order;5;188;0
2024;2024-09-19;The Nexus Bowl;tournament;Geek Masters Invitational;2;Round 2;Sauron;85741;Lord of the Rings - Forces of Mordor;0;202;0
2024;2024-09-19;The Nexus Bowl;tournament;Geek Masters Invitational;2;Round 2;Sauron;85741;Lord of the Rings - Forces of Mordor;1;241;0
2024;2024-09-19;The Nexus Bowl;tournament;Geek Masters Invitational;2;Round 2;Sauron;85741;Lord of the Rings - Forces of Mordor;2;212;0
2024;2024-09-19;The Nexus Bowl;tournament;Geek Masters Invitational;2;Round 2;Sauron;85741;Lord of the Rings - Forces of Mordor;3;200;0
2024;2024-09-19;The Nexus Bowl;tournament;Geek Masters Invitational;2;Round 2;Sauron;85741;Lord of the Rings - Forces of Mordor;4;211;0
2024;2024-09-19;The Nexus Bowl;tournament;Geek Masters Invitational;2;Round 2;Sauron;85741;Lord of the Rings - Forces of Mordor;5;212;0
2024;2024-09-19;The Nexus Bowl;tournament;Geek Masters Invitational;2;Round 2;Harry Potter;52082;Harry Potter - Order of the Phoenix;0;192;0
2024;2024-09-19;The Nexus Bowl;tournament;Geek Masters Invitational;2;Round 2;Harry Potter;52082;Harry Potter - Order of the Phoenix;1;184;0
2024;2024-09-19;The Nexus Bowl;tournament;Geek Masters Invitational;2;Round 2;Harry Potter;52082;Harry Potter - Order of the Phoenix;2;203;0
2024;2024-09-19;The Nexus Bowl;tournament;Geek Masters Invitational;2;Round 2;Harry Potter;52082;Harry Potter - Order of the Phoenix;3;200;0
2024;2024-09-19;The Nexus Bowl;tournament;Geek Masters Invitational;2;Round 2;Harry Potter;52082;Harry Potter - Order of the Phoenix;4;202;0
2024;2024-09-19;The Nexus Bowl;tournament;Geek Masters Invitational;2;Round 2;Harry Potter;52082;Harry Potter - Order of the Phoenix;5;241;0
2024;2024-09-19;The Nexus Bowl;tournament;Geek Masters Invitational;2;Round 2;Lord Voldemort;65247;Harry Potter - Death Eaters;0;209;0
2024;2024-09-19;The Nexus Bowl;tournament;Geek Masters Invitational;2;Round 2;Lord Voldemort;65247;Harry Potter - Death Eaters;1;204;0
2024;2024-09-19;The Nexus Bowl;tournament;Geek Masters Invitational;2;Round 2;Lord Voldemort;65247;Harry Potter - Death Eaters;2;206;0
2024;2024-09-19;The Nexus Bowl;tournament;Geek Masters Invitational;2;Round 2;Lord Voldemort;65247;Harry Potter - Death Eaters;3;214;0
2024;2024-09-19;The Nexus Bowl;tournament;Geek Masters Invitational;2;Round 2;Lord Voldemort;65247;Harry Potter - Death Eaters;4;204;0
2024;2024-09-19;The Nexus Bowl;tournament;Geek Masters Invitational;2;Round 2;Lord Voldemort;65247;Harry Potter - Death Eaters;5;219;0
2024;2024-09-19;The Nexus Bowl;tournament;Geek Masters Invitational;2;Round 2;Commander Shepard;85142;Mass Effect - Alliance Crew;0;211;0
2024;2024-09-19;The Nexus Bowl;tournament;Geek Masters Invitational;2;Round 2;Commander Shepard;85142;Mass Effect - Alliance Crew;1;212;0
2024;2024-09-19;The Nexus Bowl;tournament;Geek Masters Invitational;2;Round 2;Commander Shepard;85142;Mass Effect - Alliance Crew;2;217;0
2024;2024-09-19;The Nexus Bowl;tournament;Geek Masters Invitational;2;Round 2;Commander Shepard;85142;Mass Effect - Alliance Crew;3;229;0
2024;2024-09-19;The Nexus Bowl;tournament;Geek Masters Invitational;2;Round 2;Commander Shepard;85142;Mass Effect - Alliance Crew;4;207;0
2024;2024-09-19;The Nexus Bowl;tournament;Geek Masters Invitational;2;Round 2;Commander Shepard;85142;Mass Effect - Alliance Crew;5;218;0
2024;2024-09-19;The Nexus Bowl;tournament;Geek Masters Invitational;2;Round 2;Gandalf;98265;Lord of the Rings - Free Peoples;0;208;0
2024;2024-09-19;The Nexus Bowl;tournament;Geek Masters Invitational;2;Round 2;Gandalf;98265;Lord of the Rings - Free Peoples;1;222;0
2024;2024-09-19;The Nexus Bowl;tournament;Geek Masters Invitational;2;Round 2;Gandalf;98265;Lord of the Rings - Free Peoples;2;213;0
2024;2024-09-19;The Nexus Bowl;tournament;Geek Masters Invitational;2;Round 2;Gandalf;98265;Lord of the Rings - Free Peoples;3;228;0
2024;2024-09-19;The Nexus Bowl;tournament;Geek Masters Invitational;2;Round 2;Gandalf;98265;Lord of the Rings - Free Peoples;4;202;0
2024;2024-09-19;The Nexus Bowl;tournament;Geek Masters Invitational;2;Round 2;Gandalf;98265;Lord of the Rings - Free Peoples;5;218;0
2024;2024-09-19;The Nexus Bowl;tournament;Geek Masters Invitational;2;Round 2;Worf;67335;Star Trek - Klingon-Romulan;0;209;0
2024;2024-09-19;The Nexus Bowl;tournament;Geek Masters Invitational;2;Round 2;Worf;67335;Star Trek - Klingon-Romulan;1;226;0
2024;2024-09-19;The Nexus Bowl;tournament;Geek Masters Invitational;2;Round 2;Worf;67335;Star Trek - Klingon-Romulan;2;223;0
2024;2024-09-19;The Nexus Bowl;tournament;Geek Masters Invitational;2;Round 2;Worf;67335;Star Trek - Klingon-Romulan;3;227;0
2024;2024-09-19;The Nexus Bowl;tournament;Geek Masters Invitational;2;Round 2;Worf;67335;Star Trek - Klingon-Romulan;4;217;0
2024;2024-09-19;The Nexus Bowl;tournament;Geek Masters Invitational;2;Round 2;Worf;67335;Star Trek - Klingon-Romulan;5;206;0
2024;2024-09-19;The Nexus Bowl;tournament;Geek Masters Invitational;2;Round 2;Mickey Mouse;68965;Disney Characters - Disney Heroes;0;201;0
2024;2024-09-19;The Nexus Bowl;tournament;Geek Masters Invitational;2;Round 2;Mickey Mouse;68965;Disney Characters - Disney Heroes;1;203;0
2024;2024-09-19;The Nexus Bowl;tournament;Geek Masters Invitational;2;Round 2;Mickey Mouse;68965;Disney Characters - Disney Heroes;2;193;0
2024;2024-09-19;The Nexus Bowl;tournament;Geek Masters Invitational;2;Round 2;Mickey Mouse;68965;Disney Characters - Disney Heroes;3;208;0
2024;2024-09-19;The Nexus Bowl;tournament;Geek Masters Invitational;2;Round 2;Mickey Mouse;68965;Disney Characters - Disney Heroes;4;245;0
2024;2024-09-19;The Nexus Bowl;tournament;Geek Masters Invitational;2;Round 2;Mickey Mouse;68965;Disney Characters - Disney Heroes;5;202;0
2024;2024-09-19;The Nexus Bowl;tournament;Geek Masters Invitational;2;Round 2;Illusive Man;86178;Mass Effect - Cerberus-Reapers;0;234;0
2024;2024-09-19;The Nexus Bowl;tournament;Geek Masters Invitational;2;Round 2;Illusive Man;86178;Mass Effect - Cerberus-Reapers;1;219;0
2024;2024-09-19;The Nexus Bowl;tournament;Geek Masters Invitational;2;Round 2;Illusive Man;86178;Mass Effect - Cerberus-Reapers;2;235;0
2024;2024-09-19;The Nexus Bowl;tournament;Geek Masters Invitational;2;Round 2;Illusive Man;86178;Mass Effect - Cerberus-Reapers;3;203;0
2024;2024-09-19;The Nexus Bowl;tournament;Geek Masters Invitational;2;Round 2;Illusive Man;86178;Mass Effect - Cerberus-Reapers;4;217;0
2024;2024-09-19;The Nexus Bowl;tournament;Geek Masters Invitational;2;Round 2;Illusive Man;86178;Mass Effect - Cerberus-Reapers;5;228;0
2024;2024-09-19;The Nexus Bowl;tournament;Geek Masters Invitational;2;Round 2;Jon Snow;86781;Game of Thrones - Stark-Targaryen Alliance;0;203;0
2024;2024-09-19;The Nexus Bowl;tournament;Geek Masters Invitational;2;Round 2;Jon Snow;86781;Game of Thrones - Stark-Targaryen Alliance;1;187;0
2024;2024-09-19;The Nexus Bowl;tournament;Geek Masters Invitational;2;Round 2;Jon Snow;86781;Game of Thrones - Stark-Targaryen Alliance;2;199;0
2024;2024-09-19;The Nexus Bowl;tournament;Geek Masters Invitational;2;Round 2;Jon Snow;86781;Game of Thrones - Stark-Targaryen Alliance;3;197;0
2024;2024-09-19;The Nexus Bowl;tournament;Geek Masters Invitational;2;Round 2;Jon Snow;86781;Game of Thrones - Stark-Targaryen Alliance;4;223;0
2024;2024-09-19;The Nexus Bowl;tournament;Geek Masters Invitational;2;Round 2;Jon Snow;86781;Game of Thrones - Stark-Targaryen Alliance;5;211;0
2024;2024-09-19;The Nexus Bowl;tournament;Geek Masters Invitational;2;Round 2;Jean-Luc Picard;56338;Star Trek - Federation;0;206;0
2024;2024-09-19;The Nexus Bowl;tournament;Geek Masters Invitational;2;Round 2;Jean-Luc Picard;56338;Star Trek - Federation;1;221;0
2024;2024-09-19;The Nexus Bowl;tournament;Geek Masters Invitational;2;Round 2;Jean-Luc Picard;56338;Star Trek - Federation;2;206;0
2024;2024-09-19;The Nexus Bowl;tournament;Geek Masters Invitational;2;Round 2;Jean-Luc Picard;56338;Star Trek - Federation;3;219;0
2024;2024-09-19;The Nexus Bowl;tournament;Geek Masters Invitational;2;Round 2;Jean-Luc Picard;56338;Star Trek - Federation;4;210;0
2024;2024-09-19;The Nexus Bowl;tournament;Geek Masters Invitational;2;Round 2;Jean-Luc Picard;56338;Star Trek - Federation;5;221;0
2024;2024-09-19;The Nexus Bowl;tournament;Geek Masters Invitational;2;Round 2;Guybrush Threepwood;99729;LucasArts Games - Monkey Island & Legacy;0;192;0
2024;2024-09-19;The Nexus Bowl;tournament;Geek Masters Invitational;2;Round 2;Guybrush Threepwood;99729;LucasArts Games - Monkey Island & Legacy;1;202;0
2024;2024-09-19;The Nexus Bowl;tournament;Geek Masters Invitational;2;Round 2;Guybrush Threepwood;99729;LucasArts Games - Monkey Island & Legacy;2;192;0
2024;2024-09-19;The Nexus Bowl;tournament;Geek Masters Invitational;2;Round 2;Guybrush Threepwood;99729;LucasArts Games - Monkey Island & Legacy;3;177;0
2024;2024-09-19;The Nexus Bowl;tournament;Geek Masters Invitational;2;Round 2;Guybrush Threepwood;99729;LucasArts Games - Monkey Island & Legacy;4;207;0
2024;2024-09-19;The Nexus Bowl;tournament;Geek Masters Invitational;2;Round 2;Guybrush Threepwood;99729;LucasArts Games - Monkey Island & Legacy;5;187;0
2024;2024-09-19;The Nexus Bowl;tournament;Geek Masters Invitational;2;Round 2;Abaddon the Despoiler;54558;Warhammer 40K - Chaos;0;212;0
2024;2024-09-19;The Nexus Bowl;tournament;Geek Masters Invitational;2;Round 2;Abaddon the Despoiler;54558;Warhammer 40K - Chaos;1;183;0
2024;2024-09-19;The Nexus Bowl;tournament;Geek Masters Invitational;2;Round 2;Abaddon the Despoiler;54558;Warhammer 40K - Chaos;2;233;0
2024;2024-09-19;The Nexus Bowl;tournament;Geek Masters Invitational;2;Round 2;Abaddon the Despoiler;54558;Warhammer 40K - Chaos;3;229;0
2024;2024-09-19;The Nexus Bowl;tournament;Geek Masters Invitational;2;Round 2;Abaddon the Despoiler;54558;Warhammer 40K - Chaos;4;222;0
2024;2024-09-19;The Nexus Bowl;tournament;Geek Masters Invitational;2;Round 2;Abaddon the Despoiler;54558;Warhammer 40K - Chaos;5;231;0
2024;2024-09-19;The Nexus Bowl;tournament;Geek Masters Invitational;2;Round 2;Gowron;52847;Star Trek - Klingon-Romulan;0;214;0
2024;2024-09-19;The Nexus Bowl;tournament;Geek Masters Invitational;2;Round 2;Gowron;52847;Star Trek - Klingon-Romulan;1;215;0
2024;2024-09-19;The Nexus Bowl;tournament;Geek Masters Invitational;2;Round 2;Gowron;52847;Star Trek - Klingon-Romulan;2;209;0
2024;2024-09-19;The Nexus Bowl;tournament;Geek Masters Invitational;2;Round 2;Gowron;52847;Star Trek - Klingon-Romulan;3;207;0
2024;2024-09-19;The Nexus Bowl;tournament;Geek Masters Invitational;2;Round 2;Gowron;52847;Star Trek - Klingon-Romulan;4;221;0
2024;2024-09-19;The Nexus Bowl;tournament;Geek Masters Invitational;2;Round 2;Gowron;52847;Star Trek - Klingon-Romulan;5;220;0
2024;2024-09-19;The Nexus Bowl;tournament;Geek Masters Invitational;2;Round 2;Maleficent;74911;Disney Characters - Disney Villains;0;253;0
2024;2024-09-19;The Nexus Bowl;tournament;Geek Masters Invitational;2;Round 2;Maleficent;74911;Disney Characters - Disney Villains;1;259;0
2024;2024-09-19;The Nexus Bowl;tournament;Geek Masters Invitational;2;Round 2;Maleficent;74911;Disney Characters - Disney Villains;2;225;0
2024;2024-09-19;The Nexus Bowl;tournament;Geek Masters Invitational;2;Round 2;Maleficent;74911;Disney Characters - Disney Villains;3;213;0
2024;2024-09-19;The Nexus Bowl;tournament;Geek Masters Invitational;2;Round 2;Maleficent;74911;Disney Characters - Disney Villains;4;211;0
2024;2024-09-19;The Nexus Bowl;tournament;Geek Masters Invitational;2;Round 2;Maleficent;74911;Disney Characters - Disney Villains;5;231;0
2024;2024-09-19;The Nexus Bowl;tournament;Geek Masters Invitational;2;Round 2;Spock;73526;Star Trek - Federation;0;196;0
2024;2024-09-19;The Nexus Bowl;tournament;Geek Masters Invitational;2;Round 2;Spock;73526;Star Trek - Federation;1;201;0
2024;2024-09-19;The Nexus Bowl;tournament;Geek Masters Invitational;2;Round 2;Spock;73526;Star Trek - Federation;2;238;0
2024;2024-09-19;The Nexus Bowl;tournament;Geek Masters Invitational;2;Round 2;Spock;73526;Star Trek - Federation;3;193;0
2024;2024-09-19;The Nexus Bowl;tournament;Geek Masters Invitational;2;Round 2;Spock;73526;Star Trek - Federation;4;237;0
2024;2024-09-19;The Nexus Bowl;tournament;Geek Masters Invitational;2;Round 2;Spock;73526;Star Trek - Federation;5;213;0
2024;2024-09-19;The Nexus Bowl;tournament;Geek Masters Invitational;2;Round 2;Harbinger;69213;Mass Effect - Cerberus-Reapers;0;217;0
2024;2024-09-19;The Nexus Bowl;tournament;Geek Masters Invitational;2;Round 2;Harbinger;69213;Mass Effect - Cerberus-Reapers;1;215;0
2024;2024-09-19;The Nexus Bowl;tournament;Geek Masters Invitational;2;Round 2;Harbinger;69213;Mass Effect - Cerberus-Reapers;2;210;0
2024;2024-09-19;The Nexus Bowl;tournament;Geek Masters Invitational;2;Round 2;Harbinger;69213;Mass Effect - Cerberus-Reapers;3;220;0
2024;2024-09-19;The Nexus Bowl;tournament;Geek Masters Invitational;2;Round 2;Harbinger;69213;Mass Effect - Cerberus-Reapers;4;199;0
2024;2024-09-19;The Nexus Bowl;tournament;Geek Masters Invitational;2;Round 2;Harbinger;69213;Mass Effect - Cerberus-Reapers;5;211;0
2024;2024-09-19;The Nexus Bowl;tournament;Geek Masters Invitational;2;Round 2;Cersei Lannister;95962;Game of Thrones - Lannister-Crown;0;203;0
2024;2024-09-19;The Nexus Bowl;tournament;Geek Masters Invitational;2;Round 2;Cersei Lannister;95962;Game of Thrones - Lannister-Crown;1;201;0
2024;2024-09-19;The Nexus Bowl;tournament;Geek Masters Invitational;2;Round 2;Cersei Lannister;95962;Game of Thrones - Lannister-Crown;2;241;0
2024;2024-09-19;The Nexus Bowl;tournament;Geek Masters Invitational;2;Round 2;Cersei Lannister;95962;Game of Thrones - Lannister-Crown;3;189;0
2024;2024-09-19;The Nexus Bowl;tournament;Geek Masters Invitational;2;Round 2;Cersei Lannister;95962;Game of Thrones - Lannister-Crown;4;173;0
2024;2024-09-19;The Nexus Bowl;tournament;Geek Masters Invitational;2;Round 2;Cersei Lannister;95962;Game of Thrones - Lannister-Crown;5;204;0
2024;2024-09-19;The Nexus Bowl;tournament;Geek Masters Invitational;2;Round 2;LeChuck;60463;LucasArts Games - Monkey Island & Legacy;0;209;0
2024;2024-09-19;The Nexus Bowl;tournament;Geek Masters Invitational;2;Round 2;LeChuck;60463;LucasArts Games - Monkey Island & Legacy;1;208;0
2024;2024-09-19;The Nexus Bowl;tournament;Geek Masters Invitational;2;Round 2;LeChuck;60463;LucasArts Games - Monkey Island & Legacy;2;213;0
2024;2024-09-19;The Nexus Bowl;tournament;Geek Masters Invitational;2;Round 2;LeChuck;60463;LucasArts Games - Monkey Island & Legacy;3;208;0
2024;2024-09-19;The Nexus Bowl;tournament;Geek Masters Invitational;2;Round 2;LeChuck;60463;LucasArts Games - Monkey Island & Legacy;4;203;0
2024;2024-09-19;The Nexus Bowl;tournament;Geek Masters Invitational;2;Round 2;LeChuck;60463;LucasArts Games - Monkey Island & Legacy;5;223;0
2024;2024-09-19;The Nexus Bowl;tournament;Geek Masters Invitational;2;Round 2;Darth Vader;68024;Star Wars - Sith Empire;0;213;0
2024;2024-09-19;The Nexus Bowl;tournament;Geek Masters Invitational;2;Round 2;Darth Vader;68024;Star Wars - Sith Empire;1;220;0
2024;2024-09-19;The Nexus Bowl;tournament;Geek Masters Invitational;2;Round 2;Darth Vader;68024;Star Wars - Sith Empire;2;198;0
2024;2024-09-19;The Nexus Bowl;tournament;Geek Masters Invitational;2;Round 2;Darth Vader;68024;Star Wars - Sith Empire;3;220;0
2024;2024-09-19;The Nexus Bowl;tournament;Geek Masters Invitational;2;Round 2;Darth Vader;68024;Star Wars - Sith Empire;4;201;0
2024;2024-09-19;The Nexus Bowl;tournament;Geek Masters Invitational;2;Round 2;Darth Vader;68024;Star Wars - Sith Empire;5;206;0
2024;2024-09-19;The Nexus Bowl;tournament;Geek Masters Invitational;2;Round 2;Hermione Granger;51952;Harry Potter - Order of the Phoenix;0;185;0
2024;2024-09-19;The Nexus Bowl;tournament;Geek Masters Invitational;2;Round 2;Hermione Granger;51952;Harry Potter - Order of the Phoenix;1;191;0
2024;2024-09-19;The Nexus Bowl;tournament;Geek Masters Invitational;2;Round 2;Hermione Granger;51952;Harry Potter - Order of the Phoenix;2;241;0
2024;2024-09-19;The Nexus Bowl;tournament;Geek Masters Invitational;2;Round 2;Hermione Granger;51952;Harry Potter - Order of the Phoenix;3;204;0
2024;2024-09-19;The Nexus Bowl;tournament;Geek Masters Invitational;2;Round 2;Hermione Granger;51952;Harry Potter - Order of the Phoenix;4;178;0
2024;2024-09-19;The Nexus Bowl;tournament;Geek Masters Invitational;2;Round 2;Hermione Granger;51952;Harry Potter - Order of the Phoenix;5;218;0
2024;2024-09-19;The Nexus Bowl;tournament;Geek Masters Invitational;2;Round 2;Kyle Katarn;79439;LucasArts Games - Jedi Knight Era;0;204;0
2024;2024-09-19;The Nexus Bowl;tournament;Geek Masters Invitational;2;Round 2;Kyle Katarn;79439;LucasArts Games - Jedi Knight Era;1;222;0
2024;2024-09-19;The Nexus Bowl;tournament;Geek Masters Invitational;2;Round 2;Kyle Katarn;79439;LucasArts Games - Jedi Knight Era;2;203;0
2024;2024-09-19;The Nexus Bowl;tournament;Geek Masters Invitational;2;Round 2;Kyle Katarn;79439;LucasArts Games - Jedi Knight Era;3;223;0
2024;2024-09-19;The Nexus Bowl;tournament;Geek Masters Invitational;2;Round 2;Kyle Katarn;79439;LucasArts Games - Jedi Knight Era;4;228;0
2024;2024-09-19;The Nexus Bowl;tournament;Geek Masters Invitational;2;Round 2;Kyle Katarn;79439;LucasArts Games - Jedi Knight Era;5;198;0
2024;2024-09-19;The Nexus Bowl;tournament;Geek Masters Invitational;2;Round 2;Roboute Guilliman;73700;Warhammer 40K - Imperium;0;211;0
2024;2024-09-19;The Nexus Bowl;tournament;Geek Masters Invitational;2;Round 2;Roboute Guilliman;73700;Warhammer 40K - Imperium;1;222;0
2024;2024-09-19;The Nexus Bowl;tournament;Geek Masters Invitational;2;Round 2;Roboute Guilliman;73700;Warhammer 40K - Imperium;2;190;0
2024;2024-09-19;The Nexus Bowl;tournament;Geek Masters Invitational;2;Round 2;Roboute Guilliman;73700;Warhammer 40K - Imperium;3;191;0
2024;2024-09-19;The Nexus Bowl;tournament;Geek Masters Invitational;2;Round 2;Roboute Guilliman;73700;Warhammer 40K - Imperium;4;217;0
2024;2024-09-19;The Nexus Bowl;tournament;Geek Masters Invitational;2;Round 2;Roboute Guilliman;73700;Warhammer 40K - Imperium;5;186;0
2024;2024-09-19;The Nexus Bowl;tournament;Geek Masters Invitational;2;Round 2;Baron Harkonnen;72059;Dune - Harkonnen-Sardaukar;0;217;0
2024;2024-09-19;The Nexus Bowl;tournament;Geek Masters Invitational;2;Round 2;Baron Harkonnen;72059;Dune - Harkonnen-Sardaukar;1;198;0
2024;2024-09-19;The Nexus Bowl;tournament;Geek Masters Invitational;2;Round 2;Baron Harkonnen;72059;Dune - Harkonnen-Sardaukar;2;204;0
2024;2024-09-19;The Nexus Bowl;tournament;Geek Masters Invitational;2;Round 2;Baron Harkonnen;72059;Dune - Harkonnen-Sardaukar;3;196;0
2024;2024-09-19;The Nexus Bowl;tournament;Geek Masters Invitational;2;Round 2;Baron Harkonnen;72059;Dune - Harkonnen-Sardaukar;4;216;0
2024;2024-09-19;The Nexus Bowl;tournament;Geek Masters Invitational;2;Round 2;Baron Harkonnen;72059;Dune - Harkonnen-Sardaukar;5;197;0
2024;2024-09-19;The Nexus Bowl;tournament;Geek Masters Invitational;2;Round 2;Daenerys Targaryen;63031;Game of Thrones - Stark-Targaryen Alliance;0;193;0
2024;2024-09-19;The Nexus Bowl;tournament;Geek Masters Invitational;2;Round 2;Daenerys Targaryen;63031;Game of Thrones - Stark-Targaryen Alliance;1;199;0
2024;2024-09-19;The Nexus Bowl;tournament;Geek Masters Invitational;2;Round 2;Daenerys Targaryen;63031;Game of Thrones - Stark-Targaryen Alliance;2;182;0
2024;2024-09-19;The Nexus Bowl;tournament;Geek Masters Invitational;2;Round 2;Daenerys Targaryen;63031;Game of Thrones - Stark-Targaryen Alliance;3;195;0
2024;2024-09-19;The Nexus Bowl;tournament;Geek Masters Invitational;2;Round 2;Daenerys Targaryen;63031;Game of Thrones - Stark-Targaryen Alliance;4;195;0
2024;2024-09-19;The Nexus Bowl;tournament;Geek Masters Invitational;2;Round 2;Daenerys Targaryen;63031;Game of Thrones - Stark-Targaryen Alliance;5;186;0
2024;2024-09-19;The Nexus Bowl;tournament;Geek Masters Invitational;2;Round 2;Marneus Calgar;87837;Warhammer 40K - Imperium;0;210;0
2024;2024-09-19;The Nexus Bowl;tournament;Geek Masters Invitational;2;Round 2;Marneus Calgar;87837;Warhammer 40K - Imperium;1;194;0
2024;2024-09-19;The Nexus Bowl;tournament;Geek Masters Invitational;2;Round 2;Marneus Calgar;87837;Warhammer 40K - Imperium;2;176;0
2024;2024-09-19;The Nexus Bowl;tournament;Geek Masters Invitational;2;Round 2;Marneus Calgar;87837;Warhammer 40K - Imperium;3;194;0
2024;2024-09-19;The Nexus Bowl;tournament;Geek Masters Invitational;2;Round 2;Marneus Calgar;87837;Warhammer 40K - Imperium;4;194;0
2024;2024-09-19;The Nexus Bowl;tournament;Geek Masters Invitational;2;Round 2;Marneus Calgar;87837;Warhammer 40K - Imperium;5;198;0
2024;2024-09-19;The Nexus Bowl;tournament;Geek Masters Invitational;2;Round 2;Emperor Palpatine;66049;Star Wars - Sith Empire;0;213;0
2024;2024-09-19;The Nexus Bowl;tournament;Geek Masters Invitational;2;Round 2;Emperor Palpatine;66049;Star Wars - Sith Empire;1;203;0
2024;2024-09-19;The Nexus Bowl;tournament;Geek Masters Invitational;2;Round 2;Emperor Palpatine;66049;Star Wars - Sith Empire;2;205;0
2024;2024-09-19;The Nexus Bowl;tournament;Geek Masters Invitational;2;Round 2;Emperor Palpatine;66049;Star Wars - Sith Empire;3;206;0
2024;2024-09-19;The Nexus Bowl;tournament;Geek Masters Invitational;2;Round 2;Emperor Palpatine;66049;Star Wars - Sith Empire;4;193;0
2024;2024-09-19;The Nexus Bowl;tournament;Geek Masters Invitational;2;Round 2;Emperor Palpatine;66049;Star Wars - Sith Empire;5;213;0
2024;2024-09-19;The Nexus Bowl;tournament;Geek Masters Invitational;2;Round 2;Jaime Lannister;85713;Game of Thrones - Lannister-Crown;0;204;0
2024;2024-09-19;The Nexus Bowl;tournament;Geek Masters Invitational;2;Round 2;Jaime Lannister;85713;Game of Thrones - Lannister-Crown;1;197;0
2024;2024-09-19;The Nexus Bowl;tournament;Geek Masters Invitational;2;Round 2;Jaime Lannister;85713;Game of Thrones - Lannister-Crown;2;187;0
2024;2024-09-19;The Nexus Bowl;tournament;Geek Masters Invitational;2;Round 2;Jaime Lannister;85713;Game of Thrones - Lannister-Crown;3;224;0
2024;2024-09-19;The Nexus Bowl;tournament;Geek Masters Invitational;2;Round 2;Jaime Lannister;85713;Game of Thrones - Lannister-Crown;4;205;0
2024;2024-09-19;The Nexus Bowl;tournament;Geek Masters Invitational;2;Round 2;Jaime Lannister;85713;Game of Thrones - Lannister-Crown;5;222;0
2024;2024-09-19;The Nexus Bowl;tournament;Geek Masters Invitational;2;Round 2;Ahsoka Tano;51639;Star Wars - Jedi Order;0;206;0
2024;2024-09-19;The Nexus Bowl;tournament;Geek Masters Invitational;2;Round 2;Ahsoka Tano;51639;Star Wars - Jedi Order;1;182;0
2024;2024-09-19;The Nexus Bowl;tournament;Geek Masters Invitational;2;Round 2;Ahsoka Tano;51639;Star Wars - Jedi Order;2;181;0
2024;2024-09-19;The Nexus Bowl;tournament;Geek Masters Invitational;2;Round 2;Ahsoka Tano;51639;Star Wars - Jedi Order;3;178;0
2024;2024-09-19;The Nexus Bowl;tournament;Geek Masters Invitational;2;Round 2;Ahsoka Tano;51639;Star Wars - Jedi Order;4;179;0
2024;2024-09-19;The Nexus Bowl;tournament;Geek Masters Invitational;2;Round 2;Ahsoka Tano;51639;Star Wars - Jedi Order;5;193;0
2024;2024-09-19;The Nexus Bowl;tournament;Geek Masters Invitational;2;Round 2;Feyd-Rautha;56698;Dune - Harkonnen-Sardaukar;0;196;0
2024;2024-09-19;The Nexus Bowl;tournament;Geek Masters Invitational;2;Round 2;Feyd-Rautha;56698;Dune - Harkonnen-Sardaukar;1;216;0
2024;2024-09-19;The Nexus Bowl;tournament;Geek Masters Invitational;2;Round 2;Feyd-Rautha;56698;Dune - Harkonnen-Sardaukar;2;220;0
2024;2024-09-19;The Nexus Bowl;tournament;Geek Masters Invitational;2;Round 2;Feyd-Rautha;56698;Dune - Harkonnen-Sardaukar;3;223;0
2024;2024-09-19;The Nexus Bowl;tournament;Geek Masters Invitational;2;Round 2;Feyd-Rautha;56698;Dune - Harkonnen-Sardaukar;4;211;0
2024;2024-09-19;The Nexus Bowl;tournament;Geek Masters Invitational;2;Round 2;Feyd-Rautha;56698;Dune - Harkonnen-Sardaukar;5;210;0
2024;2024-09-19;The Nexus Bowl;tournament;Geek Masters Invitational;2;Round 2;Aragorn;56717;Lord of the Rings - Free Peoples;0;180;0
2024;2024-09-19;The Nexus Bowl;tournament;Geek Masters Invitational;2;Round 2;Aragorn;56717;Lord of the Rings - Free Peoples;1;196;0
2024;2024-09-19;The Nexus Bowl;tournament;Geek Masters Invitational;2;Round 2;Aragorn;56717;Lord of the Rings - Free Peoples;2;190;0
2024;2024-09-19;The Nexus Bowl;tournament;Geek Masters Invitational;2;Round 2;Aragorn;56717;Lord of the Rings - Free Peoples;3;187;0
2024;2024-09-19;The Nexus Bowl;tournament;Geek Masters Invitational;2;Round 2;Aragorn;56717;Lord of the Rings - Free Peoples;4;194;0
2024;2024-09-19;The Nexus Bowl;tournament;Geek Masters Invitational;2;Round 2;Aragorn;56717;Lord of the Rings - Free Peoples;5;185;0
2024;2024-09-19;The Nexus Bowl;tournament;Geek Masters Invitational;2;Round 2;Lady Jessica;68210;Dune - House Atreides;0;207;0
2024;2024-09-19;The Nexus Bowl;tournament;Geek Masters Invitational;2;Round 2;Lady Jessica;68210;Dune - House Atreides;1;206;0
2024;2024-09-19;The Nexus Bowl;tournament;Geek Masters Invitational;2;Round 2;Lady Jessica;68210;Dune - House Atreides;2;208;0
2024;2024-09-19;The Nexus Bowl;tournament;Geek Masters Invitational;2;Round 2;Lady Jessica;68210;Dune - House Atreides;3;210;0
2024;2024-09-19;The Nexus Bowl;tournament;Geek Masters Invitational;2;Round 2;Lady Jessica;68210;Dune - House Atreides;4;199;0
2024;2024-09-19;The Nexus Bowl;tournament;Geek Masters Invitational;2;Round 2;Lady Jessica;68210;Dune - House Atreides;5;214;0
2024;2024-09-19;The Nexus Bowl;tournament;Geek Masters Invitational;2;Round 2;Duncan Idaho;60189;Dune - House Atreides;0;205;0
2024;2024-09-19;The Nexus Bowl;tournament;Geek Masters Invitational;2;Round 2;Duncan Idaho;60189;Dune - House Atreides;1;187;0
2024;2024-09-19;The Nexus Bowl;tournament;Geek Masters Invitational;2;Round 2;Duncan Idaho;60189;Dune - House Atreides;2;191;0
2024;2024-09-19;The Nexus Bowl;tournament;Geek Masters Invitational;2;Round 2;Duncan Idaho;60189;Dune - House Atreides;3;207;0
2024;2024-09-19;The Nexus Bowl;tournament;Geek Masters Invitational;2;Round 2;Duncan Idaho;60189;Dune - House Atreides;4;198;0
2024;2024-09-19;The Nexus Bowl;tournament;Geek Masters Invitational;2;Round 2;Duncan Idaho;60189;Dune - House Atreides;5;166;0
2024;2024-09-19;The Nexus Bowl;tournament;Geek Masters Invitational;2;Round 2;Paul Atreides;72298;Dune - House Atreides;0;201;0
2024;2024-09-19;The Nexus Bowl;tournament;Geek Masters Invitational;2;Round 2;Paul Atreides;72298;Dune - House Atreides;1;200;0
2024;2024-09-19;The Nexus Bowl;tournament;Geek Masters Invitational;2;Round 2;Paul Atreides;72298;Dune - House Atreides;2;207;0
2024;2024-09-19;The Nexus Bowl;tournament;Geek Masters Invitational;2;Round 2;Paul Atreides;72298;Dune - House Atreides;3;208;0
2024;2024-09-19;The Nexus Bowl;tournament;Geek Masters Invitational;2;Round 2;Paul Atreides;72298;Dune - House Atreides;4;207;0
2024;2024-09-19;The Nexus Bowl;tournament;Geek Masters Invitational;2;Round 2;Paul Atreides;72298;Dune - House Atreides;5;191;0
2024;2024-09-19;The Nexus Bowl;tournament;Geek Masters Invitational;2;Round 2;Garrus Vakarian;58180;Mass Effect - Alliance Crew;0;195;0
2024;2024-09-19;The Nexus Bowl;tournament;Geek Masters Invitational;2;Round 2;Garrus Vakarian;58180;Mass Effect - Alliance Crew;1;204;0
2024;2024-09-19;The Nexus Bowl;tournament;Geek Masters Invitational;2;Round 2;Garrus Vakarian;58180;Mass Effect - Alliance Crew;2;208;0
2024;2024-09-19;The Nexus Bowl;tournament;Geek Masters Invitational;2;Round 2;Garrus Vakarian;58180;Mass Effect - Alliance Crew;3;197;0
2024;2024-09-19;The Nexus Bowl;tournament;Geek Masters Invitational;2;Round 2;Garrus Vakarian;58180;Mass Effect - Alliance Crew;4;212;0
2024;2024-09-19;The Nexus Bowl;tournament;Geek Masters Invitational;2;Round 2;Garrus Vakarian;58180;Mass Effect - Alliance Crew;5;196;0
2024;2024-09-19;The Nexus Bowl;tournament;Geek Masters Invitational;2;Round 2;Mara Jade;88618;LucasArts Games - Jedi Knight Era;0;214;0
2024;2024-09-19;The Nexus Bowl;tournament;Geek Masters Invitational;2;Round 2;Mara Jade;88618;LucasArts Games - Jedi Knight Era;1;218;0
2024;2024-09-19;The Nexus Bowl;tournament;Geek Masters Invitational;2;Round 2;Mara Jade;88618;LucasArts Games - Jedi Knight Era;2;196;0
2024;2024-09-19;The Nexus Bowl;tournament;Geek Masters Invitational;2;Round 2;Mara Jade;88618;LucasArts Games - Jedi Knight Era;3;195;0
2024;2024-09-19;The Nexus Bowl;tournament;Geek Masters Invitational;2;Round 2;Mara Jade;88618;LucasArts Games - Jedi Knight Era;4;210;0
2024;2024-09-19;The Nexus Bowl;tournament;Geek Masters Invitational;2;Round 2;Mara Jade;88618;LucasArts Games - Jedi Knight Era;5;228;0
2024;2024-09-19;The Nexus Bowl;tournament;Geek Masters Invitational;2;Round 2;Jaden Korr;68231;LucasArts Games - Jedi Knight Era;0;188;0
2024;2024-09-19;The Nexus Bowl;tournament;Geek Masters Invitational;2;Round 2;Jaden Korr;68231;LucasArts Games - Jedi Knight Era;1;208;0
2024;2024-09-19;The Nexus Bowl;tournament;Geek Masters Invitational;2;Round 2;Jaden Korr;68231;LucasArts Games - Jedi Knight Era;2;188;0
2024;2024-09-19;The Nexus Bowl;tournament;Geek Masters Invitational;2;Round 2;Jaden Korr;68231;LucasArts Games - Jedi Knight Era;3;188;0
2024;2024-09-19;The Nexus Bowl;tournament;Geek Masters Invitational;2;Round 2;Jaden Korr;68231;LucasArts Games - Jedi Knight Era;4;217;0
2024;2024-09-19;The Nexus Bowl;tournament;Geek Masters Invitational;2;Round 2;Jaden Korr;68231;LucasArts Games - Jedi Knight Era;5;180;0
2024;2024-09-19;The Nexus Bowl;tournament;Geek Masters Invitational;2;Round 2;Simba;65256;Disney Characters - Disney Heroes;0;185;0
2024;2024-09-19;The Nexus Bowl;tournament;Geek Masters Invitational;2;Round 2;Simba;65256;Disney Characters - Disney Heroes;1;181;0
2024;2024-09-19;The Nexus Bowl;tournament;Geek Masters Invitational;2;Round 2;Simba;65256;Disney Characters - Disney Heroes;2;193;0
2024;2024-09-19;The Nexus Bowl;tournament;Geek Masters Invitational;2;Round 2;Simba;65256;Disney Characters - Disney Heroes;3;199;0
2024;2024-09-19;The Nexus Bowl;tournament;Geek Masters Invitational;2;Round 2;Simba;65256;Disney Characters - Disney Heroes;4;186;0
2024;2024-09-19;The Nexus Bowl;tournament;Geek Masters Invitational;2;Round 2;Simba;65256;Disney Characters - Disney Heroes;5;191;0
2024;2024-09-19;The Nexus Bowl;tournament;Geek Masters Invitational;2;Round 2;Count Fenring;56078;Dune - Harkonnen-Sardaukar;0;191;0
2024;2024-09-19;The Nexus Bowl;tournament;Geek Masters Invitational;2;Round 2;Count Fenring;56078;Dune - Harkonnen-Sardaukar;1;185;0
2024;2024-09-19;The Nexus Bowl;tournament;Geek Masters Invitational;2;Round 2;Count Fenring;56078;Dune - Harkonnen-Sardaukar;2;225;0
2024;2024-09-19;The Nexus Bowl;tournament;Geek Masters Invitational;2;Round 2;Count Fenring;56078;Dune - Harkonnen-Sardaukar;3;179;0
2024;2024-09-19;The Nexus Bowl;tournament;Geek Masters Invitational;2;Round 2;Count Fenring;56078;Dune - Harkonnen-Sardaukar;4;208;0
2024;2024-09-19;The Nexus Bowl;tournament;Geek Masters Invitational;2;Round 2;Count Fenring;56078;Dune - Harkonnen-Sardaukar;5;204;0
2024;2024-09-19;The Nexus Bowl;tournament;Geek Masters Invitational;2;Round 2;Tywin Lannister;77493;Game of Thrones - Lannister-Crown;0;189;0
2024;2024-09-19;The Nexus Bowl;tournament;Geek Masters Invitational;2;Round 2;Tywin Lannister;77493;Game of Thrones - Lannister-Crown;1;193;0
2024;2024-09-19;The Nexus Bowl;tournament;Geek Masters Invitational;2;Round 2;Tywin Lannister;77493;Game of Thrones - Lannister-Crown;2;190;0
2024;2024-09-19;The Nexus Bowl;tournament;Geek Masters Invitational;2;Round 2;Tywin Lannister;77493;Game of Thrones - Lannister-Crown;3;193;0
2024;2024-09-19;The Nexus Bowl;tournament;Geek Masters Invitational;2;Round 2;Tywin Lannister;77493;Game of Thrones - Lannister-Crown;4;198;0
2024;2024-09-19;The Nexus Bowl;tournament;Geek Masters Invitational;2;Round 2;Tywin Lannister;77493;Game of Thrones - Lannister-Crown;5;223;0
2024;2024-09-20;The Nexus Bowl;tournament;Geek Masters Invitational;3;Final;Maleficent;74911;Disney Characters - Disney Villains;0;228;0
2024;2024-09-20;The Nexus Bowl;tournament;Geek Masters Invitational;3;Final;Maleficent;74911;Disney Characters - Disney Villains;1;199;0
2024;2024-09-20;The Nexus Bowl;tournament;Geek Masters Invitational;3;Final;Maleficent;74911;Disney Characters - Disney Villains;2;220;0
2024;2024-09-20;The Nexus Bowl;tournament;Geek Masters Invitational;3;Final;Maleficent;74911;Disney Characters - Disney Villains;3;209;0
2024;2024-09-20;The Nexus Bowl;tournament;Geek Masters Invitational;3;Final;Maleficent;74911;Disney Characters - Disney Villains;4;255;0
2024;2024-09-20;The Nexus Bowl;tournament;Geek Masters Invitational;3;Final;Maleficent;74911;Disney Characters - Disney Villains;5;215;0
2024;2024-09-20;The Nexus Bowl;tournament;Geek Masters Invitational;3;Final;Illusive Man;86178;Mass Effect - Cerberus-Reapers;0;194;0
2024;2024-09-20;The Nexus Bowl;tournament;Geek Masters Invitational;3;Final;Illusive Man;86178;Mass Effect - Cerberus-Reapers;1;203;0
2024;2024-09-20;The Nexus Bowl;tournament;Geek Masters Invitational;3;Final;Illusive Man;86178;Mass Effect - Cerberus-Reapers;2;214;0
2024;2024-09-20;The Nexus Bowl;tournament;Geek Masters Invitational;3;Final;Illusive Man;86178;Mass Effect - Cerberus-Reapers;3;190;0
2024;2024-09-20;The Nexus Bowl;tournament;Geek Masters Invitational;3;Final;Illusive Man;86178;Mass Effect - Cerberus-Reapers;4;191;0
2024;2024-09-20;The Nexus Bowl;tournament;Geek Masters Invitational;3;Final;Illusive Man;86178;Mass Effect - Cerberus-Reapers;5;217;0
2024;2024-09-20;The Nexus Bowl;tournament;Geek Masters Invitational;3;Final;Sauron;85741;Lord of the Rings - Forces of Mordor;0;200;0
2024;2024-09-20;The Nexus Bowl;tournament;Geek Masters Invitational;3;Final;Sauron;85741;Lord of the Rings - Forces of Mordor;1;211;0
2024;2024-09-20;The Nexus Bowl;tournament;Geek Masters Invitational;3;Final;Sauron;85741;Lord of the Rings - Forces of Mordor;2;212;0
2024;2024-09-20;The Nexus Bowl;tournament;Geek Masters Invitational;3;Final;Sauron;85741;Lord of the Rings - Forces of Mordor;3;202;0
2024;2024-09-20;The Nexus Bowl;tournament;Geek Masters Invitational;3;Final;Sauron;85741;Lord of the Rings - Forces of Mordor;4;227;0
2024;2024-09-20;The Nexus Bowl;tournament;Geek Masters Invitational;3;Final;Sauron;85741;Lord of the Rings - Forces of Mordor;5;189;0
2024;2024-09-20;The Nexus Bowl;tournament;Geek Masters Invitational;3;Final;Worf;67335;Star Trek - Klingon-Romulan;0;206;0
2024;2024-09-20;The Nexus Bowl;tournament;Geek Masters Invitational;3;Final;Worf;67335;Star Trek - Klingon-Romulan;1;209;0
2024;2024-09-20;The Nexus Bowl;tournament;Geek Masters Invitational;3;Final;Worf;67335;Star Trek - Klingon-Romulan;2;218;0
2024;2024-09-20;The Nexus Bowl;tournament;Geek Masters Invitational;3;Final;Worf;67335;Star Trek - Klingon-Romulan;3;203;0
2024;2024-09-20;The Nexus Bowl;tournament;Geek Masters Invitational;3;Final;Worf;67335;Star Trek - Klingon-Romulan;4;219;0
2024;2024-09-20;The Nexus Bowl;tournament;Geek Masters Invitational;3;Final;Worf;67335;Star Trek - Klingon-Romulan;5;224;0
2024;2024-09-20;The Nexus Bowl;tournament;Geek Masters Invitational;3;Final;Commander Shepard;85142;Mass Effect - Alliance Crew;0;225;0
2024;2024-09-20;The Nexus Bowl;tournament;Geek Masters Invitational;3;Final;Commander Shepard;85142;Mass Effect - Alliance Crew;1;218;0
2024;2024-09-20;The Nexus Bowl;tournament;Geek Masters Invitational;3;Final;Commander Shepard;85142;Mass Effect - Alliance Crew;2;225;0
2024;2024-09-20;The Nexus Bowl;tournament;Geek Masters Invitational;3;Final;Commander Shepard;85142;Mass Effect - Alliance Crew;3;205;0
2024;2024-09-20;The Nexus Bowl;tournament;Geek Masters Invitational;3;Final;Commander Shepard;85142;Mass Effect - Alliance Crew;4;200;0
2024;2024-09-20;The Nexus Bowl;tournament;Geek Masters Invitational;3;Final;Commander Shepard;85142;Mass Effect - Alliance Crew;5;228;0
2024;2024-09-20;The Nexus Bowl;tournament;Geek Masters Invitational;3;Final;Gandalf;98265;Lord of the Rings - Free Peoples;0;232;0
2024;2024-09-20;The Nexus Bowl;tournament;Geek Masters Invitational;3;Final;Gandalf;98265;Lord of the Rings - Free Peoples;1;213;0
2024;2024-09-20;The Nexus Bowl;tournament;Geek Masters Invitational;3;Final;Gandalf;98265;Lord of the Rings - Free Peoples;2;204;0
2024;2024-09-20;The Nexus Bowl;tournament;Geek Masters Invitational;3;Final;Gandalf;98265;Lord of the Rings - Free Peoples;3;212;0
2024;2024-09-20;The Nexus Bowl;tournament;Geek Masters Invitational;3;Final;Gandalf;98265;Lord of the Rings - Free Peoples;4;216;0
2024;2024-09-20;The Nexus Bowl;tournament;Geek Masters Invitational;3;Final;Gandalf;98265;Lord of the Rings - Free Peoples;5;209;0
2024;2024-09-20;The Nexus Bowl;tournament;Geek Masters Invitational;3;Final;Lord Voldemort;65247;Harry Potter - Death Eaters;0;207;0
2024;2024-09-20;The Nexus Bowl;tournament;Geek Masters Invitational;3;Final;Lord Voldemort;65247;Harry Potter - Death Eaters;1;213;0
2024;2024-09-20;The Nexus Bowl;tournament;Geek Masters Invitational;3;Final;Lord Voldemort;65247;Harry Potter - Death Eaters;2;218;0
2024;2024-09-20;The Nexus Bowl;tournament;Geek Masters Invitational;3;Final;Lord Voldemort;65247;Harry Potter - Death Eaters;3;206;0
2024;2024-09-20;The Nexus Bowl;tournament;Geek Masters Invitational;3;Final;Lord Voldemort;65247;Harry Potter - Death Eaters;4;217;0
2024;2024-09-20;The Nexus Bowl;tournament;Geek Masters Invitational;3;Final;Lord Voldemort;65247;Harry Potter - Death Eaters;5;200;0
2024;2024-09-20;The Nexus Bowl;tournament;Geek Masters Invitational;3;Final;Abaddon the Despoiler;54558;Warhammer 40K - Chaos;0;237;0
2024;2024-09-20;The Nexus Bowl;tournament;Geek Masters Invitational;3;Final;Abaddon the Despoiler;54558;Warhammer 40K - Chaos;1;229;0
2024;2024-09-20;The Nexus Bowl;tournament;Geek Masters Invitational;3;Final;Abaddon the Despoiler;54558;Warhammer 40K - Chaos;2;208;0
2024;2024-09-20;The Nexus Bowl;tournament;Geek Masters Invitational;3;Final;Abaddon the Despoiler;54558;Warhammer 40K - Chaos;3;259;0
2024;2024-09-20;The Nexus Bowl;tournament;Geek Masters Invitational;3;Final;Abaddon the Despoiler;54558;Warhammer 40K - Chaos;4;240;0
2024;2024-09-20;The Nexus Bowl;tournament;Geek Masters Invitational;3;Final;Abaddon the Despoiler;54558;Warhammer 40K - Chaos;5;208;0
2024;2024-09-20;The Nexus Bowl;tournament;Geek Masters Invitational;3;Final;Jean-Luc Picard;56338;Star Trek - Federation;0;225;0
2024;2024-09-20;The Nexus Bowl;tournament;Geek Masters Invitational;3;Final;Jean-Luc Picard;56338;Star Trek - Federation;1;206;0
2024;2024-09-20;The Nexus Bowl;tournament;Geek Masters Invitational;3;Final;Jean-Luc Picard;56338;Star Trek - Federation;2;220;0
2024;2024-09-20;The Nexus Bowl;tournament;Geek Masters Invitational;3;Final;Jean-Luc Picard;56338;Star Trek - Federation;3;219;0
2024;2024-09-20;The Nexus Bowl;tournament;Geek Masters Invitational;3;Final;Jean-Luc Picard;56338;Star Trek - Federation;4;208;0
2024;2024-09-20;The Nexus Bowl;tournament;Geek Masters Invitational;3;Final;Jean-Luc Picard;56338;Star Trek - Federation;5;227;0
2024;2024-09-20;The Nexus Bowl;tournament;Geek Masters Invitational;3;Final;Mickey Mouse;68965;Disney Characters - Disney Heroes;0;247;0
2024;2024-09-20;The Nexus Bowl;tournament;Geek Masters Invitational;3;Final;Mickey Mouse;68965;Disney Characters - Disney Heroes;1;218;0
2024;2024-09-20;The Nexus Bowl;tournament;Geek Masters Invitational;3;Final;Mickey Mouse;68965;Disney Characters - Disney Heroes;2;229;0
2024;2024-09-20;The Nexus Bowl;tournament;Geek Masters Invitational;3;Final;Mickey Mouse;68965;Disney Characters - Disney Heroes;3;218;0
2024;2024-09-20;The Nexus Bowl;tournament;Geek Masters Invitational;3;Final;Mickey Mouse;68965;Disney Characters - Disney Heroes;4;254;0
2024;2024-09-20;The Nexus Bowl;tournament;Geek Masters Invitational;3;Final;Mickey Mouse;68965;Disney Characters - Disney Heroes;5;255;0
2024;2024-09-20;The Nexus Bowl;tournament;Geek Masters Invitational;3;Final;Gowron;52847;Star Trek - Klingon-Romulan;0;189;0
2024;2024-09-20;The Nexus Bowl;tournament;Geek Masters Invitational;3;Final;Gowron;52847;Star Trek - Klingon-Romulan;1;200;0
2024;2024-09-20;The Nexus Bowl;tournament;Geek Masters Invitational;3;Final;Gowron;52847;Star Trek - Klingon-Romulan;2;203;0
2024;2024-09-20;The Nexus Bowl;tournament;Geek Masters Invitational;3;Final;Gowron;52847;Star Trek - Klingon-Romulan;3;195;0
2024;2024-09-20;The Nexus Bowl;tournament;Geek Masters Invitational;3;Final;Gowron;52847;Star Trek - Klingon-Romulan;4;203;0
2024;2024-09-20;The Nexus Bowl;tournament;Geek Masters Invitational;3;Final;Gowron;52847;Star Trek - Klingon-Romulan;5;202;0
2024;2024-09-20;The Nexus Bowl;tournament;Geek Masters Invitational;3;Final;Harry Potter;52082;Harry Potter - Order of the Phoenix;0;179;0
2024;2024-09-20;The Nexus Bowl;tournament;Geek Masters Invitational;3;Final;Harry Potter;52082;Harry Potter - Order of the Phoenix;1;190;0
2024;2024-09-20;The Nexus Bowl;tournament;Geek Masters Invitational;3;Final;Harry Potter;52082;Harry Potter - Order of the Phoenix;2;197;0
2024;2024-09-20;The Nexus Bowl;tournament;Geek Masters Invitational;3;Final;Harry Potter;52082;Harry Potter - Order of the Phoenix;3;189;0
2024;2024-09-20;The Nexus Bowl;tournament;Geek Masters Invitational;3;Final;Harry Potter;52082;Harry Potter - Order of the Phoenix;4;177;0
2024;2024-09-20;The Nexus Bowl;tournament;Geek Masters Invitational;3;Final;Harry Potter;52082;Harry Potter - Order of the Phoenix;5;229;0
2024;2024-09-20;The Nexus Bowl;tournament;Geek Masters Invitational;3;Final;Luke Skywalker;91905;Star Wars - Jedi Order;0;208;0
2024;2024-09-20;The Nexus Bowl;tournament;Geek Masters Invitational;3;Final;Luke Skywalker;91905;Star Wars - Jedi Order;1;227;0
2024;2024-09-20;The Nexus Bowl;tournament;Geek Masters Invitational;3;Final;Luke Skywalker;91905;Star Wars - Jedi Order;2;180;0
2024;2024-09-20;The Nexus Bowl;tournament;Geek Masters Invitational;3;Final;Luke Skywalker;91905;Star Wars - Jedi Order;3;223;0
2024;2024-09-20;The Nexus Bowl;tournament;Geek Masters Invitational;3;Final;Luke Skywalker;91905;Star Wars - Jedi Order;4;191;0
2024;2024-09-20;The Nexus Bowl;tournament;Geek Masters Invitational;3;Final;Luke Skywalker;91905;Star Wars - Jedi Order;5;210;0
2024;2024-09-20;The Nexus Bowl;tournament;Geek Masters Invitational;3;Final;Spock;73526;Star Trek - Federation;0;201;0
2024;2024-09-20;The Nexus Bowl;tournament;Geek Masters Invitational;3;Final;Spock;73526;Star Trek - Federation;1;187;0
2024;2024-09-20;The Nexus Bowl;tournament;Geek Masters Invitational;3;Final;Spock;73526;Star Trek - Federation;2;210;0
2024;2024-09-20;The Nexus Bowl;tournament;Geek Masters Invitational;3;Final;Spock;73526;Star Trek - Federation;3;215;0
2024;2024-09-20;The Nexus Bowl;tournament;Geek Masters Invitational;3;Final;Spock;73526;Star Trek - Federation;4;215;0
2024;2024-09-20;The Nexus Bowl;tournament;Geek Masters Invitational;3;Final;Spock;73526;Star Trek - Federation;5;207;0
2024;2024-09-20;The Nexus Bowl;tournament;Geek Masters Invitational;3;Final;Jon Snow;86781;Game of Thrones - Stark-Targaryen Alliance;0;207;0
2024;2024-09-20;The Nexus Bowl;tournament;Geek Masters Invitational;3;Final;Jon Snow;86781;Game of Thrones - Stark-Targaryen Alliance;1;220;0
2024;2024-09-20;The Nexus Bowl;tournament;Geek Masters Invitational;3;Final;Jon Snow;86781;Game of Thrones - Stark-Targaryen Alliance;2;233;0
2024;2024-09-20;The Nexus Bowl;tournament;Geek Masters Invitational;3;Final;Jon Snow;86781;Game of Thrones - Stark-Targaryen Alliance;3;224;0
2024;2024-09-20;The Nexus Bowl;tournament;Geek Masters Invitational;3;Final;Jon Snow;86781;Game of Thrones - Stark-Targaryen Alliance;4;224;0
2024;2024-09-20;The Nexus Bowl;tournament;Geek Masters Invitational;3;Final;Jon Snow;86781;Game of Thrones - Stark-Targaryen Alliance;5;213;0
2024;2024-09-20;The Nexus Bowl;tournament;Geek Masters Invitational;3;Final;Harbinger;69213;Mass Effect - Cerberus-Reapers;0;209;0
2024;2024-09-20;The Nexus Bowl;tournament;Geek Masters Invitational;3;Final;Harbinger;69213;Mass Effect - Cerberus-Reapers;1;202;0
2024;2024-09-20;The Nexus Bowl;tournament;Geek Masters Invitational;3;Final;Harbinger;69213;Mass Effect - Cerberus-Reapers;2;228;0
2024;2024-09-20;The Nexus Bowl;tournament;Geek Masters Invitational;3;Final;Harbinger;69213;Mass Effect - Cerberus-Reapers;3;231;0
2024;2024-09-20;The Nexus Bowl;tournament;Geek Masters Invitational;3;Final;Harbinger;69213;Mass Effect - Cerberus-Reapers;4;223;0
2024;2024-09-20;The Nexus Bowl;tournament;Geek Masters Invitational;3;Final;Harbinger;69213;Mass Effect - Cerberus-Reapers;5;209;0
2024;2024-09-20;The Nexus Bowl;tournament;Geek Masters Invitational;3;Final;LeChuck;60463;LucasArts Games - Monkey Island & Legacy;0;202;0
2024;2024-09-20;The Nexus Bowl;tournament;Geek Masters Invitational;3;Final;LeChuck;60463;LucasArts Games - Monkey Island & Legacy;1;215;0
2024;2024-09-20;The Nexus Bowl;tournament;Geek Masters Invitational;3;Final;LeChuck;60463;LucasArts Games - Monkey Island & Legacy;2;227;0
2024;2024-09-20;The Nexus Bowl;tournament;Geek Masters Invitational;3;Final;LeChuck;60463;LucasArts Games - Monkey Island & Legacy;3;213;0
2024;2024-09-20;The Nexus Bowl;tournament;Geek Masters Invitational;3;Final;LeChuck;60463;LucasArts Games - Monkey Island & Legacy;4;208;0
2024;2024-09-20;The Nexus Bowl;tournament;Geek Masters Invitational;3;Final;LeChuck;60463;LucasArts Games - Monkey Island & Legacy;5;215;0
2024;2024-09-20;The Nexus Bowl;tournament;Geek Masters Invitational;3;Final;Kyle Katarn;79439;LucasArts Games - Jedi Knight Era;0;210;0
2024;2024-09-20;The Nexus Bowl;tournament;Geek Masters Invitational;3;Final;Kyle Katarn;79439;LucasArts Games - Jedi Knight Era;1;200;0
2024;2024-09-20;The Nexus Bowl;tournament;Geek Masters Invitational;3;Final;Kyle Katarn;79439;LucasArts Games - Jedi Knight Era;2;208;0
2024;2024-09-20;The Nexus Bowl;tournament;Geek Masters Invitational;3;Final;Kyle Katarn;79439;LucasArts Games - Jedi Knight Era;3;207;0
2024;2024-09-20;The Nexus Bowl;tournament;Geek Masters Invitational;3;Final;Kyle Katarn;79439;LucasArts Games - Jedi Knight Era;4;214;0
2024;2024-09-20;The Nexus Bowl;tournament;Geek Masters Invitational;3;Final;Kyle Katarn;79439;LucasArts Games - Jedi Knight Era;5;212;0
2024;2024-09-20;The Nexus Bowl;tournament;Geek Masters Invitational;3;Final;Darth Vader;68024;Star Wars - Sith Empire;0;211;0
2024;2024-09-20;The Nexus Bowl;tournament;Geek Masters Invitational;3;Final;Darth Vader;68024;Star Wars - Sith Empire;1;242;0
2024;2024-09-20;The Nexus Bowl;tournament;Geek Masters Invitational;3;Final;Darth Vader;68024;Star Wars - Sith Empire;2;203;0
2024;2024-09-20;The Nexus Bowl;tournament;Geek Masters Invitational;3;Final;Darth Vader;68024;Star Wars - Sith Empire;3;219;0
2024;2024-09-20;The Nexus Bowl;tournament;Geek Masters Invitational;3;Final;Darth Vader;68024;Star Wars - Sith Empire;4;205;0
2024;2024-09-20;The Nexus Bowl;tournament;Geek Masters Invitational;3;Final;Darth Vader;68024;Star Wars - Sith Empire;5;184;0
2024;2024-09-20;The Nexus Bowl;tournament;Geek Masters Invitational;3;Final;Feyd-Rautha;56698;Dune - Harkonnen-Sardaukar;0;224;0
2024;2024-09-20;The Nexus Bowl;tournament;Geek Masters Invitational;3;Final;Feyd-Rautha;56698;Dune - Harkonnen-Sardaukar;1;222;0
2024;2024-09-20;The Nexus Bowl;tournament;Geek Masters Invitational;3;Final;Feyd-Rautha;56698;Dune - Harkonnen-Sardaukar;2;211;0
2024;2024-09-20;The Nexus Bowl;tournament;Geek Masters Invitational;3;Final;Feyd-Rautha;56698;Dune - Harkonnen-Sardaukar;3;211;0
2024;2024-09-20;The Nexus Bowl;tournament;Geek Masters Invitational;3;Final;Feyd-Rautha;56698;Dune - Harkonnen-Sardaukar;4;224;0
2024;2024-09-20;The Nexus Bowl;tournament;Geek Masters Invitational;3;Final;Feyd-Rautha;56698;Dune - Harkonnen-Sardaukar;5;222;0
2025;2025-09-18;The Nexus Bowl;tournament;Geek Masters Invitational;1;Qualifying;Luke Skywalker;91905;Star Wars - Jedi Order;0;226;0
2025;2025-09-18;The Nexus Bowl;tournament;Geek Masters Invitational;1;Qualifying;Luke Skywalker;91905;Star Wars - Jedi Order;1;195;0
2025;2025-09-18;The Nexus Bowl;tournament;Geek Masters Invitational;1;Qualifying;Luke Skywalker;91905;Star Wars - Jedi Order;2;209;0
2025;2025-09-18;The Nexus Bowl;tournament;Geek Masters Invitational;1;Qualifying;Luke Skywalker;91905;Star Wars - Jedi Order;3;210;0
2025;2025-09-18;The Nexus Bowl;tournament;Geek Masters Invitational;1;Qualifying;Luke Skywalker;91905;Star Wars - Jedi Order;4;208;0
2025;2025-09-18;The Nexus Bowl;tournament;Geek Masters Invitational;1;Qualifying;Luke Skywalker;91905;Star Wars - Jedi Order;5;218;0
2025;2025-09-18;The Nexus Bowl;tournament;Geek Masters Invitational;1;Qualifying;Luke Skywalker;91905;Star Wars - Jedi Order;6;217;0
2025;2025-09-18;The Nexus Bowl;tournament;Geek Masters Invitational;1;Qualifying;Luke Skywalker;91905;Star Wars - Jedi Order;7;212;0
2025;2025-09-18;The Nexus Bowl;tournament;Geek Masters Invitational;1;Qualifying;Obi-Wan Kenobi;57296;Star Wars - Jedi Order;0;215;0
2025;2025-09-18;The Nexus Bowl;tournament;Geek Masters Invitational;1;Qualifying;Obi-Wan Kenobi;57296;Star Wars - Jedi Order;1;214;0
2025;2025-09-18;The Nexus Bowl;tournament;Geek Masters Invitational;1;Qualifying;Obi-Wan Kenobi;57296;Star Wars - Jedi Order;2;216;0
2025;2025-09-18;The Nexus Bowl;tournament;Geek Masters Invitational;1;Qualifying;Obi-Wan Kenobi;57296;Star Wars - Jedi Order;3;191;0
2025;2025-09-18;The Nexus Bowl;tournament;Geek Masters Invitational;1;Qualifying;Obi-Wan Kenobi;57296;Star Wars - Jedi Order;4;203;0
2025;2025-09-18;The Nexus Bowl;tournament;Geek Masters Invitational;1;Qualifying;Obi-Wan Kenobi;57296;Star Wars - Jedi Order;5;206;0
2025;2025-09-18;The Nexus Bowl;tournament;Geek Masters Invitational;1;Qualifying;Obi-Wan Kenobi;57296;Star Wars - Jedi Order;6;221;0
2025;2025-09-18;The Nexus Bowl;tournament;Geek Masters Invitational;1;Qualifying;Obi-Wan Kenobi;57296;Star Wars - Jedi Order;7;188;0
2025;2025-09-18;The Nexus Bowl;tournament;Geek Masters Invitational;1;Qualifying;Ahsoka Tano;51639;Star Wars - Jedi Order;0;188;0
2025;2025-09-18;The Nexus Bowl;tournament;Geek Masters Invitational;1;Qualifying;Ahsoka Tano;51639;Star Wars - Jedi Order;1;190;0
2025;2025-09-18;The Nexus Bowl;tournament;Geek Masters Invitational;1;Qualifying;Ahsoka Tano;51639;Star Wars - Jedi Order;2;186;0
2025;2025-09-18;The Nexus Bowl;tournament;Geek Masters Invitational;1;Qualifying;Ahsoka Tano;51639;Star Wars - Jedi Order;3;196;0
2025;2025-09-18;The Nexus Bowl;tournament;Geek Masters Invitational;1;Qualifying;Ahsoka Tano;51639;Star Wars - Jedi Order;4;192;0
2025;2025-09-18;The Nexus Bowl;tournament;Geek Masters Invitational;1;Qualifying;Ahsoka Tano;51639;Star Wars - Jedi Order;5;190;0
2025;2025-09-18;The Nexus Bowl;tournament;Geek Masters Invitational;1;Qualifying;Ahsoka Tano;51639;Star Wars - Jedi Order;6;204;0
2025;2025-09-18;The Nexus Bowl;tournament;Geek Masters Invitational;1;Qualifying;Ahsoka Tano;51639;Star Wars - Jedi Order;7;181;0
2025;2025-09-18;The Nexus Bowl;tournament;Geek Masters Invitational;1;Qualifying;Mace Windu;98598;Star Wars - Jedi Order;0;197;0
2025;2025-09-18;The Nexus Bowl;tournament;Geek Masters Invitational;1;Qualifying;Mace Windu;98598;Star Wars - Jedi Order;1;174;0
2025;2025-09-18;The Nexus Bowl;tournament;Geek Masters Invitational;1;Qualifying;Mace Windu;98598;Star Wars - Jedi Order;2;169;0
2025;2025-09-18;The Nexus Bowl;tournament;Geek Masters Invitational;1;Qualifying;Mace Windu;98598;Star Wars - Jedi Order;3;192;0
2025;2025-09-18;The Nexus Bowl;tournament;Geek Masters Invitational;1;Qualifying;Mace Windu;98598;Star Wars - Jedi Order;4;202;0
2025;2025-09-18;The Nexus Bowl;tournament;Geek Masters Invitational;1;Qualifying;Mace Windu;98598;Star Wars - Jedi Order;5;201;0
2025;2025-09-18;The Nexus Bowl;tournament;Geek Masters Invitational;1;Qualifying;Mace Windu;98598;Star Wars - Jedi Order;6;212;0
2025;2025-09-18;The Nexus Bowl;tournament;Geek Masters Invitational;1;Qualifying;Mace Windu;98598;Star Wars - Jedi Order;7;191;0
2025;2025-09-18;The Nexus Bowl;tournament;Geek Masters Invitational;1;Qualifying;Darth Vader;68024;Star Wars - Sith Empire;0;210;0
2025;2025-09-18;The Nexus Bowl;tournament;Geek Masters Invitational;1;Qualifying;Darth Vader;68024;Star Wars - Sith Empire;1;217;0
2025;2025-09-18;The Nexus Bowl;tournament;Geek Masters Invitational;1;Qualifying;Darth Vader;68024;Star Wars - Sith Empire;2;235;0
2025;2025-09-18;The Nexus Bowl;tournament;Geek Masters Invitational;1;Qualifying;Darth Vader;68024;Star Wars - Sith Empire;3;199;0
2025;2025-09-18;The Nexus Bowl;tournament;Geek Masters Invitational;1;Qualifying;Darth Vader;68024;Star Wars - Sith Empire;4;235;0
2025;2025-09-18;The Nexus Bowl;tournament;Geek Masters Invitational;1;Qualifying;Darth Vader;68024;Star Wars - Sith Empire;5;202;0
2025;2025-09-18;The Nexus Bowl;tournament;Geek Masters Invitational;1;Qualifying;Darth Vader;68024;Star Wars - Sith Empire;6;215;0
2025;2025-09-18;The Nexus Bowl;tournament;Geek Masters Invitational;1;Qualifying;Darth Vader;68024;Star Wars - Sith Empire;7;218;0
2025;2025-09-18;The Nexus Bowl;tournament;Geek Masters Invitational;1;Qualifying;Emperor Palpatine;66049;Star Wars - Sith Empire;0;202;0
2025;2025-09-18;The Nexus Bowl;tournament;Geek Masters Invitational;1;Qualifying;Emperor Palpatine;66049;Star Wars - Sith Empire;1;197;0
2025;2025-09-18;The Nexus Bowl;tournament;Geek Masters Invitational;1;Qualifying;Emperor Palpatine;66049;Star Wars - Sith Empire;2;214;0
2025;2025-09-18;The Nexus Bowl;tournament;Geek Masters Invitational;1;Qualifying;Emperor Palpatine;66049;Star Wars - Sith Empire;3;232;0
2025;2025-09-18;The Nexus Bowl;tournament;Geek Masters Invitational;1;Qualifying;Emperor Palpatine;66049;Star Wars - Sith Empire;4;202;0
2025;2025-09-18;The Nexus Bowl;tournament;Geek Masters Invitational;1;Qualifying;Emperor Palpatine;66049;Star Wars - Sith Empire;5;197;0
2025;2025-09-18;The Nexus Bowl;tournament;Geek Masters Invitational;1;Qualifying;Emperor Palpatine;66049;Star Wars - Sith Empire;6;217;0
2025;2025-09-18;The Nexus Bowl;tournament;Geek Masters Invitational;1;Qualifying;Emperor Palpatine;66049;Star Wars - Sith Empire;7;204;0
2025;2025-09-18;The Nexus Bowl;tournament;Geek Masters Invitational;1;Qualifying;Darth Maul;64628;Star Wars - Sith Empire;0;166;0
2025;2025-09-18;The Nexus Bowl;tournament;Geek Masters Invitational;1;Qualifying;Darth Maul;64628;Star Wars - Sith Empire;1;192;0
2025;2025-09-18;The Nexus Bowl;tournament;Geek Masters Invitational;1;Qualifying;Darth Maul;64628;Star Wars - Sith Empire;2;182;0
2025;2025-09-18;The Nexus Bowl;tournament;Geek Masters Invitational;1;Qualifying;Darth Maul;64628;Star Wars - Sith Empire;3;193;0
2025;2025-09-18;The Nexus Bowl;tournament;Geek Masters Invitational;1;Qualifying;Darth Maul;64628;Star Wars - Sith Empire;4;152;0
2025;2025-09-18;The Nexus Bowl;tournament;Geek Masters Invitational;1;Qualifying;Darth Maul;64628;Star Wars - Sith Empire;5;171;0
2025;2025-09-18;The Nexus Bowl;tournament;Geek Masters Invitational;1;Qualifying;Darth Maul;64628;Star Wars - Sith Empire;6;191;0
2025;2025-09-18;The Nexus Bowl;tournament;Geek Masters Invitational;1;Qualifying;Darth Maul;64628;Star Wars - Sith Empire;7;177;0
2025;2025-09-18;The Nexus Bowl;tournament;Geek Masters Invitational;1;Qualifying;Count Dooku;59144;Star Wars - Sith Empire;0;172;0
2025;2025-09-18;The Nexus Bowl;tournament;Geek Masters Invitational;1;Qualifying;Count Dooku;59144;Star Wars - Sith Empire;1;176;0
2025;2025-09-18;The Nexus Bowl;tournament;Geek Masters Invitational;1;Qualifying;Count Dooku;59144;Star Wars - Sith Empire;2;169;0
2025;2025-09-18;The Nexus Bowl;tournament;Geek Masters Invitational;1;Qualifying;Count Dooku;59144;Star Wars - Sith Empire;3;177;0
2025;2025-09-18;The Nexus Bowl;tournament;Geek Masters Invitational;1;Qualifying;Count Dooku;59144;Star Wars - Sith Empire;4;182;0
2025;2025-09-18;The Nexus Bowl;tournament;Geek Masters Invitational;1;Qualifying;Count Dooku;59144;Star Wars - Sith Empire;5;184;0
2025;2025-09-18;The Nexus Bowl;tournament;Geek Masters Invitational;1;Qualifying;Count Dooku;59144;Star Wars - Sith Empire;6;179;0
2025;2025-09-18;The Nexus Bowl;tournament;Geek Masters Invitational;1;Qualifying;Count Dooku;59144;Star Wars - Sith Empire;7;176;0
2025;2025-09-18;The Nexus Bowl;tournament;Geek Masters Invitational;1;Qualifying;Gandalf;98265;Lord of the Rings - Free Peoples;0;219;0
2025;2025-09-18;The Nexus Bowl;tournament;Geek Masters Invitational;1;Qualifying;Gandalf;98265;Lord of the Rings - Free Peoples;1;235;0
2025;2025-09-18;The Nexus Bowl;tournament;Geek Masters Invitational;1;Qualifying;Gandalf;98265;Lord of the Rings - Free Peoples;2;216;0
2025;2025-09-18;The Nexus Bowl;tournament;Geek Masters Invitational;1;Qualifying;Gandalf;98265;Lord of the Rings - Free Peoples;3;226;0
2025;2025-09-18;The Nexus Bowl;tournament;Geek Masters Invitational;1;Qualifying;Gandalf;98265;Lord of the Rings - Free Peoples;4;226;0
2025;2025-09-18;The Nexus Bowl;tournament;Geek Masters Invitational;1;Qualifying;Gandalf;98265;Lord of the Rings - Free Peoples;5;240;0
2025;2025-09-18;The Nexus Bowl;tournament;Geek Masters Invitational;1;Qualifying;Gandalf;98265;Lord of the Rings - Free Peoples;6;231;0
2025;2025-09-18;The Nexus Bowl;tournament;Geek Masters Invitational;1;Qualifying;Gandalf;98265;Lord of the Rings - Free Peoples;7;213;0
2025;2025-09-18;The Nexus Bowl;tournament;Geek Masters Invitational;1;Qualifying;Aragorn;56717;Lord of the Rings - Free Peoples;0;191;0
2025;2025-09-18;The Nexus Bowl;tournament;Geek Masters Invitational;1;Qualifying;Aragorn;56717;Lord of the Rings - Free Peoples;1;215;0
2025;2025-09-18;The Nexus Bowl;tournament;Geek Masters Invitational;1;Qualifying;Aragorn;56717;Lord of the Rings - Free Peoples;2;183;0
2025;2025-09-18;The Nexus Bowl;tournament;Geek Masters Invitational;1;Qualifying;Aragorn;56717;Lord of the Rings - Free Peoples;3;186;0
2025;2025-09-18;The Nexus Bowl;tournament;Geek Masters Invitational;1;Qualifying;Aragorn;56717;Lord of the Rings - Free Peoples;4;198;0
2025;2025-09-18;The Nexus Bowl;tournament;Geek Masters Invitational;1;Qualifying;Aragorn;56717;Lord of the Rings - Free Peoples;5;187;0
2025;2025-09-18;The Nexus Bowl;tournament;Geek Masters Invitational;1;Qualifying;Aragorn;56717;Lord of the Rings - Free Peoples;6;194;0
2025;2025-09-18;The Nexus Bowl;tournament;Geek Masters Invitational;1;Qualifying;Aragorn;56717;Lord of the Rings - Free Peoples;7;198;0
2025;2025-09-18;The Nexus Bowl;tournament;Geek Masters Invitational;1;Qualifying;Legolas;94348;Lord of the Rings - Free Peoples;0;196;0
2025;2025-09-18;The Nexus Bowl;tournament;Geek Masters Invitational;1;Qualifying;Legolas;94348;Lord of the Rings - Free Peoples;1;169;0
2025;2025-09-18;The Nexus Bowl;tournament;Geek Masters Invitational;1;Qualifying;Legolas;94348;Lord of the Rings - Free Peoples;2;172;0
2025;2025-09-18;The Nexus Bowl;tournament;Geek Masters Invitational;1;Qualifying;Legolas;94348;Lord of the Rings - Free Peoples;3;202;0
2025;2025-09-18;The Nexus Bowl;tournament;Geek Masters Invitational;1;Qualifying;Legolas;94348;Lord of the Rings - Free Peoples;4;183;0
2025;2025-09-18;The Nexus Bowl;tournament;Geek Masters Invitational;1;Qualifying;Legolas;94348;Lord of the Rings - Free Peoples;5;200;0
2025;2025-09-18;The Nexus Bowl;tournament;Geek Masters Invitational;1;Qualifying;Legolas;94348;Lord of the Rings - Free Peoples;6;222;0
2025;2025-09-18;The Nexus Bowl;tournament;Geek Masters Invitational;1;Qualifying;Legolas;94348;Lord of the Rings - Free Peoples;7;200;0
2025;2025-09-18;The Nexus Bowl;tournament;Geek Masters Invitational;1;Qualifying;Gimli;98540;Lord of the Rings - Free Peoples;0;157;0
2025;2025-09-18;The Nexus Bowl;tournament;Geek Masters Invitational;1;Qualifying;Gimli;98540;Lord of the Rings - Free Peoples;1;149;0
2025;2025-09-18;The Nexus Bowl;tournament;Geek Masters Invitational;1;Qualifying;Gimli;98540;Lord of the Rings - Free Peoples;2;156;0
2025;2025-09-18;The Nexus Bowl;tournament;Geek Masters Invitational;1;Qualifying;Gimli;98540;Lord of the Rings - Free Peoples;3;159;0
2025;2025-09-18;The Nexus Bowl;tournament;Geek Masters Invitational;1;Qualifying;Gimli;98540;Lord of the Rings - Free Peoples;4;187;0
2025;2025-09-18;The Nexus Bowl;tournament;Geek Masters Invitational;1;Qualifying;Gimli;98540;Lord of the Rings - Free Peoples;5;168;0
2025;2025-09-18;The Nexus Bowl;tournament;Geek Masters Invitational;1;Qualifying;Gimli;98540;Lord of the Rings - Free Peoples;6;181;0
2025;2025-09-18;The Nexus Bowl;tournament;Geek Masters Invitational;1;Qualifying;Gimli;98540;Lord of the Rings - Free Peoples;7;169;0
2025;2025-09-18;The Nexus Bowl;tournament;Geek Masters Invitational;1;Qualifying;Sauron;85741;Lord of the Rings - Forces of Mordor;0;229;0
2025;2025-09-18;The Nexus Bowl;tournament;Geek Masters Invitational;1;Qualifying;Sauron;85741;Lord of the Rings - Forces of Mordor;1;218;0
2025;2025-09-18;The Nexus Bowl;tournament;Geek Masters Invitational;1;Qualifying;Sauron;85741;Lord of the Rings - Forces of Mordor;2;187;0
2025;2025-09-18;The Nexus Bowl;tournament;Geek Masters Invitational;1;Qualifying;Sauron;85741;Lord of the Rings - Forces of Mordor;3;217;0
2025;2025-09-18;The Nexus Bowl;tournament;Geek Masters Invitational;1;Qualifying;Sauron;85741;Lord of the Rings - Forces of Mordor;4;204;0
2025;2025-09-18;The Nexus Bowl;tournament;Geek Masters Invitational;1;Qualifying;Sauron;85741;Lord of the Rings - Forces of Mordor;5;201;0
2025;2025-09-18;The Nexus Bowl;tournament;Geek Masters Invitational;1;Qualifying;Sauron;85741;Lord of the Rings - Forces of Mordor;6;189;0
2025;2025-09-18;The Nexus Bowl;tournament;Geek Masters Invitational;1;Qualifying;Sauron;85741;Lord of the Rings - Forces of Mordor;7;206;0
2025;2025-09-18;The Nexus Bowl;tournament;Geek Masters Invitational;1;Qualifying;Witch-king;55697;Lord of the Rings - Forces of Mordor;0;186;0
2025;2025-09-18;The Nexus Bowl;tournament;Geek Masters Invitational;1;Qualifying;Witch-king;55697;Lord of the Rings - Forces of Mordor;1;196;0
2025;2025-09-18;The Nexus Bowl;tournament;Geek Masters Invitational;1;Qualifying;Witch-king;55697;Lord of the Rings - Forces of Mordor;2;187;0
2025;2025-09-18;The Nexus Bowl;tournament;Geek Masters Invitational;1;Qualifying;Witch-king;55697;Lord of the Rings - Forces of Mordor;3;182;0
2025;2025-09-18;The Nexus Bowl;tournament;Geek Masters Invitational;1;Qualifying;Witch-king;55697;Lord of the Rings - Forces of Mordor;4;186;0
2025;2025-09-18;The Nexus Bowl;tournament;Geek Masters Invitational;1;Qualifying;Witch-king;55697;Lord of the Rings - Forces of Mordor;5;192;0
2025;2025-09-18;The Nexus Bowl;tournament;Geek Masters Invitational;1;Qualifying;Witch-king;55697;Lord of the Rings - Forces of Mordor;6;193;0
2025;2025-09-18;The Nexus Bowl;tournament;Geek Masters Invitational;1;Qualifying;Witch-king;55697;Lord of the Rings - Forces of Mordor;7;192;0
2025;2025-09-18;The Nexus Bowl;tournament;Geek Masters Invitational;1;Qualifying;Saruman;88698;Lord of the Rings - Forces of Mordor;0;195;0
2025;2025-09-18;The Nexus Bowl;tournament;Geek Masters Invitational;1;Qualifying;Saruman;88698;Lord of the Rings - Forces of Mordor;1;209;0
2025;2025-09-18;The Nexus Bowl;tournament;Geek Masters Invitational;1;Qualifying;Saruman;88698;Lord of the Rings - Forces of Mordor;2;198;0
2025;2025-09-18;The Nexus Bowl;tournament;Geek Masters Invitational;1;Qualifying;Saruman;88698;Lord of the Rings - Forces of Mordor;3;206;0
2025;2025-09-18;The Nexus Bowl;tournament;Geek Masters Invitational;1;Qualifying;Saruman;88698;Lord of the Rings - Forces of Mordor;4;194;0
2025;2025-09-18;The Nexus Bowl;tournament;Geek Masters Invitational;1;Qualifying;Saruman;88698;Lord of the Rings - Forces of Mordor;5;190;0
2025;2025-09-18;The Nexus Bowl;tournament;Geek Masters Invitational;1;Qualifying;Saruman;88698;Lord of the Rings - Forces of Mordor;6;197;0
2025;2025-09-18;The Nexus Bowl;tournament;Geek Masters Invitational;1;Qualifying;Saruman;88698;Lord of the Rings - Forces of Mordor;7;205;0
2025;2025-09-18;The Nexus Bowl;tournament;Geek Masters Invitational;1;Qualifying;Uruk-hai Lurtz;77651;Lord of the Rings - Forces of Mordor;0;173;0
2025;2025-09-18;The Nexus Bowl;tournament;Geek Masters Invitational;1;Qualifying;Uruk-hai Lurtz;77651;Lord of the Rings - Forces of Mordor;1;152;0
2025;2025-09-18;The Nexus Bowl;tournament;Geek Masters Invitational;1;Qualifying;Uruk-hai Lurtz;77651;Lord of the Rings - Forces of Mordor;2;168;0
2025;2025-09-18;The Nexus Bowl;tournament;Geek Masters Invitational;1;Qualifying;Uruk-hai Lurtz;77651;Lord of the Rings - Forces of Mordor;3;170;0
2025;2025-09-18;The Nexus Bowl;tournament;Geek Masters Invitational;1;Qualifying;Uruk-hai Lurtz;77651;Lord of the Rings - Forces of Mordor;4;186;0
2025;2025-09-18;The Nexus Bowl;tournament;Geek Masters Invitational;1;Qualifying;Uruk-hai Lurtz;77651;Lord of the Rings - Forces of Mordor;5;147;0
2025;2025-09-18;The Nexus Bowl;tournament;Geek Masters Invitational;1;Qualifying;Uruk-hai Lurtz;77651;Lord of the Rings - Forces of Mordor;6;158;0
2025;2025-09-18;The Nexus Bowl;tournament;Geek Masters Invitational;1;Qualifying;Uruk-hai Lurtz;77651;Lord of the Rings - Forces of Mordor;7;199;0
2025;2025-09-18;The Nexus Bowl;tournament;Geek Masters Invitational;1;Qualifying;Harry Potter;52082;Harry Potter - Order of the Phoenix;0;205;0
2025;2025-09-18;The Nexus Bowl;tournament;Geek Masters Invitational;1;Qualifying;Harry Potter;52082;Harry Potter - Order of the Phoenix;1;226;0
2025;2025-09-18;The Nexus Bowl;tournament;Geek Masters Invitational;1;Qualifying;Harry Potter;52082;Harry Potter - Order of the Phoenix;2;207;0
2025;2025-09-18;The Nexus Bowl;tournament;Geek Masters Invitational;1;Qualifying;Harry Potter;52082;Harry Potter - Order of the Phoenix;3;202;0
2025;2025-09-18;The Nexus Bowl;tournament;Geek Masters Invitational;1;Qualifying;Harry Potter;52082;Harry Potter - Order of the Phoenix;4;193;0
2025;2025-09-18;The Nexus Bowl;tournament;Geek Masters Invitational;1;Qualifying;Harry Potter;52082;Harry Potter - Order of the Phoenix;5;219;0
2025;2025-09-18;The Nexus Bowl;tournament;Geek Masters Invitational;1;Qualifying;Harry Potter;52082;Harry Potter - Order of the Phoenix;6;220;0
2025;2025-09-18;The Nexus Bowl;tournament;Geek Masters Invitational;1;Qualifying;Harry Potter;52082;Harry Potter - Order of the Phoenix;7;234;0
2025;2025-09-18;The Nexus Bowl;tournament;Geek Masters Invitational;1;Qualifying;Hermione Granger;51952;Harry Potter - Order of the Phoenix;0;184;0
2025;2025-09-18;The Nexus Bowl;tournament;Geek Masters Invitational;1;Qualifying;Hermione Granger;51952;Harry Potter - Order of the Phoenix;1;221;0
2025;2025-09-18;The Nexus Bowl;tournament;Geek Masters Invitational;1;Qualifying;Hermione Granger;51952;Harry Potter - Order of the Phoenix;2;219;0
2025;2025-09-18;The Nexus Bowl;tournament;Geek Masters Invitational;1;Qualifying;Hermione Granger;51952;Harry Potter - Order of the Phoenix;3;189;0
2025;2025-09-18;The Nexus Bowl;tournament;Geek Masters Invitational;1;Qualifying;Hermione Granger;51952;Harry Potter - Order of the Phoenix;4;212;0
2025;2025-09-18;The Nexus Bowl;tournament;Geek Masters Invitational;1;Qualifying;Hermione Granger;51952;Harry Potter - Order of the Phoenix;5;225;0
2025;2025-09-18;The Nexus Bowl;tournament;Geek Masters Invitational;1;Qualifying;Hermione Granger;51952;Harry Potter - Order of the Phoenix;6;201;0
2025;2025-09-18;The Nexus Bowl;tournament;Geek Masters Invitational;1;Qualifying;Hermione Granger;51952;Harry Potter - Order of the Phoenix;7;246;0
2025;2025-09-18;The Nexus Bowl;tournament;Geek Masters Invitational;1;Qualifying;Albus Dumbledore;56140;Harry Potter - Order of the Phoenix;0;184;0
2025;2025-09-18;The Nexus Bowl;tournament;Geek Masters Invitational;1;Qualifying;Albus Dumbledore;56140;Harry Potter - Order of the Phoenix;1;179;0
2025;2025-09-18;The Nexus Bowl;tournament;Geek Masters Invitational;1;Qualifying;Albus Dumbledore;56140;Harry Potter - Order of the Phoenix;2;174;0
2025;2025-09-18;The Nexus Bowl;tournament;Geek Masters Invitational;1;Qualifying;Albus Dumbledore;56140;Harry Potter - Order of the Phoenix;3;188;0
2025;2025-09-18;The Nexus Bowl;tournament;Geek Masters Invitational;1;Qualifying;Albus Dumbledore;56140;Harry Potter - Order of the Phoenix;4;196;0
2025;2025-09-18;The Nexus Bowl;tournament;Geek Masters Invitational;1;Qualifying;Albus Dumbledore;56140;Harry Potter - Order of the Phoenix;5;178;0
2025;2025-09-18;The Nexus Bowl;tournament;Geek Masters Invitational;1;Qualifying;Albus Dumbledore;56140;Harry Potter - Order of the Phoenix;6;168;0
2025;2025-09-18;The Nexus Bowl;tournament;Geek Masters Invitational;1;Qualifying;Albus Dumbledore;56140;Harry Potter - Order of the Phoenix;7;193;0
2025;2025-09-18;The Nexus Bowl;tournament;Geek Masters Invitational;1;Qualifying;Severus Snape;64328;Harry Potter - Order of the Phoenix;0;185;0
2025;2025-09-18;The Nexus Bowl;tournament;Geek Masters Invitational;1;Qualifying;Severus Snape;64328;Harry Potter - Order of the Phoenix;1;193;0
2025;2025-09-18;The Nexus Bowl;tournament;Geek Masters Invitational;1;Qualifying;Severus Snape;64328;Harry Potter - Order of the Phoenix;2;182;0
2025;2025-09-18;The Nexus Bowl;tournament;Geek Masters Invitational;1;Qualifying;Severus Snape;64328;Harry Potter - Order of the Phoenix;3;177;0
2025;2025-09-18;The Nexus Bowl;tournament;Geek Masters Invitational;1;Qualifying;Severus Snape;64328;Harry Potter - Order of the Phoenix;4;176;0
2025;2025-09-18;The Nexus Bowl;tournament;Geek Masters Invitational;1;Qualifying;Severus Snape;64328;Harry Potter - Order of the Phoenix;5;168;0
2025;2025-09-18;The Nexus Bowl;tournament;Geek Masters Invitational;1;Qualifying;Severus Snape;64328;Harry Potter - Order of the Phoenix;6;176;0
2025;2025-09-18;The Nexus Bowl;tournament;Geek Masters Invitational;1;Qualifying;Severus Snape;64328;Harry Potter - Order of the Phoenix;7;198;0
2025;2025-09-18;The Nexus Bowl;tournament;Geek Masters Invitational;1;Qualifying;Lord Voldemort;65247;Harry Potter - Death Eaters;0;203;0
2025;2025-09-18;The Nexus Bowl;tournament;Geek Masters Invitational;1;Qualifying;Lord Voldemort;65247;Harry Potter - Death Eaters;1;220;0
2025;2025-09-18;The Nexus Bowl;tournament;Geek Masters Invitational;1;Qualifying;Lord Voldemort;65247;Harry Potter - Death Eaters;2;214;0
2025;2025-09-18;The Nexus Bowl;tournament;Geek Masters Invitational;1;Qualifying;Lord Voldemort;65247;Harry Potter - Death Eaters;3;207;0
2025;2025-09-18;The Nexus Bowl;tournament;Geek Masters Invitational;1;Qualifying;Lord Voldemort;65247;Harry Potter - Death Eaters;4;211;0
2025;2025-09-18;The Nexus Bowl;tournament;Geek Masters Invitational;1;Qualifying;Lord Voldemort;65247;Harry Potter - Death Eaters;5;216;0
2025;2025-09-18;The Nexus Bowl;tournament;Geek Masters Invitational;1;Qualifying;Lord Voldemort;65247;Harry Potter - Death Eaters;6;215;0
2025;2025-09-18;The Nexus Bowl;tournament;Geek Masters Invitational;1;Qualifying;Lord Voldemort;65247;Harry Potter - Death Eaters;7;223;0
2025;2025-09-18;The Nexus Bowl;tournament;Geek Masters Invitational;1;Qualifying;Bellatrix Lestrange;83118;Harry Potter - Death Eaters;0;195;0
2025;2025-09-18;The Nexus Bowl;tournament;Geek Masters Invitational;1;Qualifying;Bellatrix Lestrange;83118;Harry Potter - Death Eaters;1;188;0
2025;2025-09-18;The Nexus Bowl;tournament;Geek Masters Invitational;1;Qualifying;Bellatrix Lestrange;83118;Harry Potter - Death Eaters;2;191;0
2025;2025-09-18;The Nexus Bowl;tournament;Geek Masters Invitational;1;Qualifying;Bellatrix Lestrange;83118;Harry Potter - Death Eaters;3;217;0
2025;2025-09-18;The Nexus Bowl;tournament;Geek Masters Invitational;1;Qualifying;Bellatrix Lestrange;83118;Harry Potter - Death Eaters;4;190;0
2025;2025-09-18;The Nexus Bowl;tournament;Geek Masters Invitational;1;Qualifying;Bellatrix Lestrange;83118;Harry Potter - Death Eaters;5;195;0
2025;2025-09-18;The Nexus Bowl;tournament;Geek Masters Invitational;1;Qualifying;Bellatrix Lestrange;83118;Harry Potter - Death Eaters;6;212;0
2025;2025-09-18;The Nexus Bowl;tournament;Geek Masters Invitational;1;Qualifying;Bellatrix Lestrange;83118;Harry Potter - Death Eaters;7;216;0
2025;2025-09-18;The Nexus Bowl;tournament;Geek Masters Invitational;1;Qualifying;Lucius Malfoy;89453;Harry Potter - Death Eaters;0;194;0
2025;2025-09-18;The Nexus Bowl;tournament;Geek Masters Invitational;1;Qualifying;Lucius Malfoy;89453;Harry Potter - Death Eaters;1;195;0
2025;2025-09-18;The Nexus Bowl;tournament;Geek Masters Invitational;1;Qualifying;Lucius Malfoy;89453;Harry Potter - Death Eaters;2;200;0
2025;2025-09-18;The Nexus Bowl;tournament;Geek Masters Invitational;1;Qualifying;Lucius Malfoy;89453;Harry Potter - Death Eaters;3;187;0
2025;2025-09-18;The Nexus Bowl;tournament;Geek Masters Invitational;1;Qualifying;Lucius Malfoy;89453;Harry Potter - Death Eaters;4;180;0
2025;2025-09-18;The Nexus Bowl;tournament;Geek Masters Invitational;1;Qualifying;Lucius Malfoy;89453;Harry Potter - Death Eaters;5;197;0
2025;2025-09-18;The Nexus Bowl;tournament;Geek Masters Invitational;1;Qualifying;Lucius Malfoy;89453;Harry Potter - Death Eaters;6;169;0
2025;2025-09-18;The Nexus Bowl;tournament;Geek Masters Invitational;1;Qualifying;Lucius Malfoy;89453;Harry Potter - Death Eaters;7;175;0
2025;2025-09-18;The Nexus Bowl;tournament;Geek Masters Invitational;1;Qualifying;Barty Crouch Jr.;51739;Harry Potter - Death Eaters;0;171;0
2025;2025-09-18;The Nexus Bowl;tournament;Geek Masters Invitational;1;Qualifying;Barty Crouch Jr.;51739;Harry Potter - Death Eaters;1;175;0
2025;2025-09-18;The Nexus Bowl;tournament;Geek Masters Invitational;1;Qualifying;Barty Crouch Jr.;51739;Harry Potter - Death Eaters;2;153;0
2025;2025-09-18;The Nexus Bowl;tournament;Geek Masters Invitational;1;Qualifying;Barty Crouch Jr.;51739;Harry Potter - Death Eaters;3;161;0
2025;2025-09-18;The Nexus Bowl;tournament;Geek Masters Invitational;1;Qualifying;Barty Crouch Jr.;51739;Harry Potter - Death Eaters;4;157;0
2025;2025-09-18;The Nexus Bowl;tournament;Geek Masters Invitational;1;Qualifying;Barty Crouch Jr.;51739;Harry Potter - Death Eaters;5;175;0
2025;2025-09-18;The Nexus Bowl;tournament;Geek Masters Invitational;1;Qualifying;Barty Crouch Jr.;51739;Harry Potter - Death Eaters;6;163;0
2025;2025-09-18;The Nexus Bowl;tournament;Geek Masters Invitational;1;Qualifying;Barty Crouch Jr.;51739;Harry Potter - Death Eaters;7;164;0
2025;2025-09-18;The Nexus Bowl;tournament;Geek Masters Invitational;1;Qualifying;Jon Snow;86781;Game of Thrones - Stark-Targaryen Alliance;0;223;0
2025;2025-09-18;The Nexus Bowl;tournament;Geek Masters Invitational;1;Qualifying;Jon Snow;86781;Game of Thrones - Stark-Targaryen Alliance;1;218;0
2025;2025-09-18;The Nexus Bowl;tournament;Geek Masters Invitational;1;Qualifying;Jon Snow;86781;Game of Thrones - Stark-Targaryen Alliance;2;212;0
2025;2025-09-18;The Nexus Bowl;tournament;Geek Masters Invitational;1;Qualifying;Jon Snow;86781;Game of Thrones - Stark-Targaryen Alliance;3;202;0
2025;2025-09-18;The Nexus Bowl;tournament;Geek Masters Invitational;1;Qualifying;Jon Snow;86781;Game of Thrones - Stark-Targaryen Alliance;4;224;0
2025;2025-09-18;The Nexus Bowl;tournament;Geek Masters Invitational;1;Qualifying;Jon Snow;86781;Game of Thrones - Stark-Targaryen Alliance;5;220;0
2025;2025-09-18;The Nexus Bowl;tournament;Geek Masters Invitational;1;Qualifying;Jon Snow;86781;Game of Thrones - Stark-Targaryen Alliance;6;197;0
2025;2025-09-18;The Nexus Bowl;tournament;Geek Masters Invitational;1;Qualifying;Jon Snow;86781;Game of Thrones - Stark-Targaryen Alliance;7;222;0
2025;2025-09-18;The Nexus Bowl;tournament;Geek Masters Invitational;1;Qualifying;Daenerys Targaryen;63031;Game of Thrones - Stark-Targaryen Alliance;0;180;0
2025;2025-09-18;The Nexus Bowl;tournament;Geek Masters Invitational;1;Qualifying;Daenerys Targaryen;63031;Game of Thrones - Stark-Targaryen Alliance;1;182;0
2025;2025-09-18;The Nexus Bowl;tournament;Geek Masters Invitational;1;Qualifying;Daenerys Targaryen;63031;Game of Thrones - Stark-Targaryen Alliance;2;179;0
2025;2025-09-18;The Nexus Bowl;tournament;Geek Masters Invitational;1;Qualifying;Daenerys Targaryen;63031;Game of Thrones - Stark-Targaryen Alliance;3;158;0
2025;2025-09-18;The Nexus Bowl;tournament;Geek Masters Invitational;1;Qualifying;Daenerys Targaryen;63031;Game of Thrones - Stark-Targaryen Alliance;4;178;0
2025;2025-09-18;The Nexus Bowl;tournament;Geek Masters Invitational;1;Qualifying;Daenerys Targaryen;63031;Game of Thrones - Stark-Targaryen Alliance;5;188;0
2025;2025-09-18;The Nexus Bowl;tournament;Geek Masters Invitational;1;Qualifying;Daenerys Targaryen;63031;Game of Thrones - Stark-Targaryen Alliance;6;213;0
2025;2025-09-18;The Nexus Bowl;tournament;Geek Masters Invitational;1;Qualifying;Daenerys Targaryen;63031;Game of Thrones - Stark-Targaryen Alliance;7;217;0
2025;2025-09-18;The Nexus Bowl;tournament;Geek Masters Invitational;1;Qualifying;Arya Stark;96925;Game of Thrones - Stark-Targaryen Alliance;0;178;0
2025;2025-09-18;The Nexus Bowl;tournament;Geek Masters Invitational;1;Qualifying;Arya Stark;96925;Game of Thrones - Stark-Targaryen Alliance;1;189;0
2025;2025-09-18;The Nexus Bowl;tournament;Geek Masters Invitational;1;Qualifying;Arya Stark;96925;Game of Thrones - Stark-Targaryen Alliance;2;173;0
2025;2025-09-18;The Nexus Bowl;tournament;Geek Masters Invitational;1;Qualifying;Arya Stark;96925;Game of Thrones - Stark-Targaryen Alliance;3;168;0
2025;2025-09-18;The Nexus Bowl;tournament;Geek Masters Invitational;1;Qualifying;Arya Stark;96925;Game of Thrones - Stark-Targaryen Alliance;4;180;0
2025;2025-09-18;The Nexus Bowl;tournament;Geek Masters Invitational;1;Qualifying;Arya Stark;96925;Game of Thrones - Stark-Targaryen Alliance;5;178;0
2025;2025-09-18;The Nexus Bowl;tournament;Geek Masters Invitational;1;Qualifying;Arya Stark;96925;Game of Thrones - Stark-Targaryen Alliance;6;175;0
2025;2025-09-18;The Nexus Bowl;tournament;Geek Masters Invitational;1;Qualifying;Arya Stark;96925;Game of Thrones - Stark-Targaryen Alliance;7;179;0
2025;2025-09-18;The Nexus Bowl;tournament;Geek Masters Invitational;1;Qualifying;Bran Stark;92590;Game of Thrones - Stark-Targaryen Alliance;0;166;0
2025;2025-09-18;The Nexus Bowl;tournament;Geek Masters Invitational;1;Qualifying;Bran Stark;92590;Game of Thrones - Stark-Targaryen Alliance;1;176;0
2025;2025-09-18;The Nexus Bowl;tournament;Geek Masters Invitational;1;Qualifying;Bran Stark;92590;Game of Thrones - Stark-Targaryen Alliance;2;157;0
2025;2025-09-18;The Nexus Bowl;tournament;Geek Masters Invitational;1;Qualifying;Bran Stark;92590;Game of Thrones - Stark-Targaryen Alliance;3;160;0
2025;2025-09-18;The Nexus Bowl;tournament;Geek Masters Invitational;1;Qualifying;Bran Stark;92590;Game of Thrones - Stark-Targaryen Alliance;4;193;0
2025;2025-09-18;The Nexus Bowl;tournament;Geek Masters Invitational;1;Qualifying;Bran Stark;92590;Game of Thrones - Stark-Targaryen Alliance;5;177;0
2025;2025-09-18;The Nexus Bowl;tournament;Geek Masters Invitational;1;Qualifying;Bran Stark;92590;Game of Thrones - Stark-Targaryen Alliance;6;171;0
2025;2025-09-18;The Nexus Bowl;tournament;Geek Masters Invitational;1;Qualifying;Bran Stark;92590;Game of Thrones - Stark-Targaryen Alliance;7;170;0
2025;2025-09-18;The Nexus Bowl;tournament;Geek Masters Invitational;1;Qualifying;Cersei Lannister;95962;Game of Thrones - Lannister-Crown;0;181;0
2025;2025-09-18;The Nexus Bowl;tournament;Geek Masters Invitational;1;Qualifying;Cersei Lannister;95962;Game of Thrones - Lannister-Crown;1;225;0
2025;2025-09-18;The Nexus Bowl;tournament;Geek Masters Invitational;1;Qualifying;Cersei Lannister;95962;Game of Thrones - Lannister-Crown;2;187;0
2025;2025-09-18;The Nexus Bowl;tournament;Geek Masters Invitational;1;Qualifying;Cersei Lannister;95962;Game of Thrones - Lannister-Crown;3;199;0
2025;2025-09-18;The Nexus Bowl;tournament;Geek Masters Invitational;1;Qualifying;Cersei Lannister;95962;Game of Thrones - Lannister-Crown;4;222;0
2025;2025-09-18;The Nexus Bowl;tournament;Geek Masters Invitational;1;Qualifying;Cersei Lannister;95962;Game of Thrones - Lannister-Crown;5;259;0
2025;2025-09-18;The Nexus Bowl;tournament;Geek Masters Invitational;1;Qualifying;Cersei Lannister;95962;Game of Thrones - Lannister-Crown;6;203;0
2025;2025-09-18;The Nexus Bowl;tournament;Geek Masters Invitational;1;Qualifying;Cersei Lannister;95962;Game of Thrones - Lannister-Crown;7;198;0
2025;2025-09-18;The Nexus Bowl;tournament;Geek Masters Invitational;1;Qualifying;Jaime Lannister;85713;Game of Thrones - Lannister-Crown;0;192;0
2025;2025-09-18;The Nexus Bowl;tournament;Geek Masters Invitational;1;Qualifying;Jaime Lannister;85713;Game of Thrones - Lannister-Crown;1;206;0
2025;2025-09-18;The Nexus Bowl;tournament;Geek Masters Invitational;1;Qualifying;Jaime Lannister;85713;Game of Thrones - Lannister-Crown;2;182;0
2025;2025-09-18;The Nexus Bowl;tournament;Geek Masters Invitational;1;Qualifying;Jaime Lannister;85713;Game of Thrones - Lannister-Crown;3;174;0
2025;2025-09-18;The Nexus Bowl;tournament;Geek Masters Invitational;1;Qualifying;Jaime Lannister;85713;Game of Thrones - Lannister-Crown;4;191;0
2025;2025-09-18;The Nexus Bowl;tournament;Geek Masters Invitational;1;Qualifying;Jaime Lannister;85713;Game of Thrones - Lannister-Crown;5;207;0
2025;2025-09-18;The Nexus Bowl;tournament;Geek Masters Invitational;1;Qualifying;Jaime Lannister;85713;Game of Thrones - Lannister-Crown;6;198;0
2025;2025-09-18;The Nexus Bowl;tournament;Geek Masters Invitational;1;Qualifying;Jaime Lannister;85713;Game of Thrones - Lannister-Crown;7;215;0
2025;2025-09-18;The Nexus Bowl;tournament;Geek Masters Invitational;1;Qualifying;Tywin Lannister;77493;Game of Thrones - Lannister-Crown;0;194;0
2025;2025-09-18;The Nexus Bowl;tournament;Geek Masters Invitational;1;Qualifying;Tywin Lannister;77493;Game of Thrones - Lannister-Crown;1;217;0
2025;2025-09-18;The Nexus Bowl;tournament;Geek Masters Invitational;1;Qualifying;Tywin Lannister;77493;Game of Thrones - Lannister-Crown;2;195;0
2025;2025-09-18;The Nexus Bowl;tournament;Geek Masters Invitational;1;Qualifying;Tywin Lannister;77493;Game of Thrones - Lannister-Crown;3;192;0
2025;2025-09-18;The Nexus Bowl;tournament;Geek Masters Invitational;1;Qualifying;Tywin Lannister;77493;Game of Thrones - Lannister-Crown;4;187;0
2025;2025-09-18;The Nexus Bowl;tournament;Geek Masters Invitational;1;Qualifying;Tywin Lannister;77493;Game of Thrones - Lannister-Crown;5;178;0
2025;2025-09-18;The Nexus Bowl;tournament;Geek Masters Invitational;1;Qualifying;Tywin Lannister;77493;Game of Thrones - Lannister-Crown;6;197;0
2025;2025-09-18;The Nexus Bowl;tournament;Geek Masters Invitational;1;Qualifying;Tywin Lannister;77493;Game of Thrones - Lannister-Crown;7;200;0
2025;2025-09-18;The Nexus Bowl;tournament;Geek Masters Invitational;1;Qualifying;The Mountain;64446;Game of Thrones - Lannister-Crown;0;151;0
2025;2025-09-18;The Nexus Bowl;tournament;Geek Masters Invitational;1;Qualifying;The Mountain;64446;Game of Thrones - Lannister-Crown;1;158;0
2025;2025-09-18;The Nexus Bowl;tournament;Geek Masters Invitational;1;Qualifying;The Mountain;64446;Game of Thrones - Lannister-Crown;2;174;0
2025;2025-09-18;The Nexus Bowl;tournament;Geek Masters Invitational;1;Qualifying;The Mountain;64446;Game of Thrones - Lannister-Crown;3;181;0
2025;2025-09-18;The Nexus Bowl;tournament;Geek Masters Invitational;1;Qualifying;The Mountain;64446;Game of Thrones - Lannister-Crown;4;182;0
2025;2025-09-18;The Nexus Bowl;tournament;Geek Masters Invitational;1;Qualifying;The Mountain;64446;Game of Thrones - Lannister-Crown;5;169;0
2025;2025-09-18;The Nexus Bowl;tournament;Geek Masters Invitational;1;Qualifying;The Mountain;64446;Game of Thrones - Lannister-Crown;6;178;0
2025;2025-09-18;The Nexus Bowl;tournament;Geek Masters Invitational;1;Qualifying;The Mountain;64446;Game of Thrones - Lannister-Crown;7;179;0
2025;2025-09-18;The Nexus Bowl;tournament;Geek Masters Invitational;1;Qualifying;Kyle Katarn;79439;LucasArts Games - Jedi Knight Era;0;194;0
2025;2025-09-18;The Nexus Bowl;tournament;Geek Masters Invitational;1;Qualifying;Kyle Katarn;79439;LucasArts Games - Jedi Knight Era;1;205;0
2025;2025-09-18;The Nexus Bowl;tournament;Geek Masters Invitational;1;Qualifying;Kyle Katarn;79439;LucasArts Games - Jedi Knight Era;2;213;0
2025;2025-09-18;The Nexus Bowl;tournament;Geek Masters Invitational;1;Qualifying;Kyle Katarn;79439;LucasArts Games - Jedi Knight Era;3;206;0
2025;2025-09-18;The Nexus Bowl;tournament;Geek Masters Invitational;1;Qualifying;Kyle Katarn;79439;LucasArts Games - Jedi Knight Era;4;213;0
2025;2025-09-18;The Nexus Bowl;tournament;Geek Masters Invitational;1;Qualifying;Kyle Katarn;79439;LucasArts Games - Jedi Knight Era;5;210;0
2025;2025-09-18;The Nexus Bowl;tournament;Geek Masters Invitational;1;Qualifying;Kyle Katarn;79439;LucasArts Games - Jedi Knight Era;6;220;0
2025;2025-09-18;The Nexus Bowl;tournament;Geek Masters Invitational;1;Qualifying;Kyle Katarn;79439;LucasArts Games - Jedi Knight Era;7;208;0
2025;2025-09-18;The Nexus Bowl;tournament;Geek Masters Invitational;1;Qualifying;Mara Jade;88618;LucasArts Games - Jedi Knight Era;0;214;0
2025;2025-09-18;The Nexus Bowl;tournament;Geek Masters Invitational;1;Qualifying;Mara Jade;88618;LucasArts Games - Jedi Knight Era;1;219;0
2025;2025-09-18;The Nexus Bowl;tournament;Geek Masters Invitational;1;Qualifying;Mara Jade;88618;LucasArts Games - Jedi Knight Era;2;209;0
2025;2025-09-18;The Nexus Bowl;tournament;Geek Masters Invitational;1;Qualifying;Mara Jade;88618;LucasArts Games - Jedi Knight Era;3;191;0
2025;2025-09-18;The Nexus Bowl;tournament;Geek Masters Invitational;1;Qualifying;Mara Jade;88618;LucasArts Games - Jedi Knight Era;4;198;0
2025;2025-09-18;The Nexus Bowl;tournament;Geek Masters Invitational;1;Qualifying;Mara Jade;88618;LucasArts Games - Jedi Knight Era;5;211;0
2025;2025-09-18;The Nexus Bowl;tournament;Geek Masters Invitational;1;Qualifying;Mara Jade;88618;LucasArts Games - Jedi Knight Era;6;219;0
2025;2025-09-18;The Nexus Bowl;tournament;Geek Masters Invitational;1;Qualifying;Mara Jade;88618;LucasArts Games - Jedi Knight Era;7;223;0
2025;2025-09-18;The Nexus Bowl;tournament;Geek Masters Invitational;1;Qualifying;Jaden Korr;68231;LucasArts Games - Jedi Knight Era;0;177;0
2025;2025-09-18;The Nexus Bowl;tournament;Geek Masters Invitational;1;Qualifying;Jaden Korr;68231;LucasArts Games - Jedi Knight Era;1;191;0
2025;2025-09-18;The Nexus Bowl;tournament;Geek Masters Invitational;1;Qualifying;Jaden Korr;68231;LucasArts Games - Jedi Knight Era;2;184;0
2025;2025-09-18;The Nexus Bowl;tournament;Geek Masters Invitational;1;Qualifying;Jaden Korr;68231;LucasArts Games - Jedi Knight Era;3;190;0
2025;2025-09-18;The Nexus Bowl;tournament;Geek Masters Invitational;1;Qualifying;Jaden Korr;68231;LucasArts Games - Jedi Knight Era;4;193;0
2025;2025-09-18;The Nexus Bowl;tournament;Geek Masters Invitational;1;Qualifying;Jaden Korr;68231;LucasArts Games - Jedi Knight Era;5;193;0
2025;2025-09-18;The Nexus Bowl;tournament;Geek Masters Invitational;1;Qualifying;Jaden Korr;68231;LucasArts Games - Jedi Knight Era;6;223;0
2025;2025-09-18;The Nexus Bowl;tournament;Geek Masters Invitational;1;Qualifying;Jaden Korr;68231;LucasArts Games - Jedi Knight Era;7;237;0
2025;2025-09-18;The Nexus Bowl;tournament;Geek Masters Invitational;1;Qualifying;Jan Ors;50425;LucasArts Games - Jedi Knight Era;0;156;0
2025;2025-09-18;The Nexus Bowl;tournament;Geek Masters Invitational;1;Qualifying;Jan Ors;50425;LucasArts Games - Jedi Knight Era;1;147;0
2025;2025-09-18;The Nexus Bowl;tournament;Geek Masters Invitational;1;Qualifying;Jan Ors;50425;LucasArts Games - Jedi Knight Era;2;167;0
2025;2025-09-18;The Nexus Bowl;tournament;Geek Masters Invitational;1;Qualifying;Jan Ors;50425;LucasArts Games - Jedi Knight Era;3;157;0
2025;2025-09-18;The Nexus Bowl;tournament;Geek Masters Invitational;1;Qualifying;Jan Ors;50425;LucasArts Games - Jedi Knight Era;4;171;0
2025;2025-09-18;The Nexus Bowl;tournament;Geek Masters Invitational;1;Qualifying;Jan Ors;50425;LucasArts Games - Jedi Knight Era;5;176;0
2025;2025-09-18;The Nexus Bowl;tournament;Geek Masters Invitational;1;Qualifying;Jan Ors;50425;LucasArts Games - Jedi Knight Era;6;174;0
2025;2025-09-18;The Nexus Bowl;tournament;Geek Masters Invitational;1;Qualifying;Jan Ors;50425;LucasArts Games - Jedi Knight Era;7;187;0
2025;2025-09-18;The Nexus Bowl;tournament;Geek Masters Invitational;1;Qualifying;Guybrush Threepwood;99729;LucasArts Games - Monkey Island & Legacy;0;185;0
2025;2025-09-18;The Nexus Bowl;tournament;Geek Masters Invitational;1;Qualifying;Guybrush Threepwood;99729;LucasArts Games - Monkey Island & Legacy;1;189;0
2025;2025-09-18;The Nexus Bowl;tournament;Geek Masters Invitational;1;Qualifying;Guybrush Threepwood;99729;LucasArts Games - Monkey Island & Legacy;2;204;0
2025;2025-09-18;The Nexus Bowl;tournament;Geek Masters Invitational;1;Qualifying;Guybrush Threepwood;99729;LucasArts Games - Monkey Island & Legacy;3;200;0
2025;2025-09-18;The Nexus Bowl;tournament;Geek Masters Invitational;1;Qualifying;Guybrush Threepwood;99729;LucasArts Games - Monkey Island & Legacy;4;200;0
2025;2025-09-18;The Nexus Bowl;tournament;Geek Masters Invitational;1;Qualifying;Guybrush Threepwood;99729;LucasArts Games - Monkey Island & Legacy;5;210;0
2025;2025-09-18;The Nexus Bowl;tournament;Geek Masters Invitational;1;Qualifying;Guybrush Threepwood;99729;LucasArts Games - Monkey Island & Legacy;6;241;0
2025;2025-09-18;The Nexus Bowl;tournament;Geek Masters Invitational;1;Qualifying;Guybrush Threepwood;99729;LucasArts Games - Monkey Island & Legacy;7;240;0
2025;2025-09-18;The Nexus Bowl;tournament;Geek Masters Invitational;1;Qualifying;LeChuck;60463;LucasArts Games - Monkey Island & Legacy;0;201;0
2025;2025-09-18;The Nexus Bowl;tournament;Geek Masters Invitational;1;Qualifying;LeChuck;60463;LucasArts Games - Monkey Island & Legacy;1;212;0
2025;2025-09-18;The Nexus Bowl;tournament;Geek Masters Invitational;1;Qualifying;LeChuck;60463;LucasArts Games - Monkey Island & Legacy;2;219;0
2025;2025-09-18;The Nexus Bowl;tournament;Geek Masters Invitational;1;Qualifying;LeChuck;60463;LucasArts Games - Monkey Island & Legacy;3;212;0
2025;2025-09-18;The Nexus Bowl;tournament;Geek Masters Invitational;1;Qualifying;LeChuck;60463;LucasArts Games - Monkey Island & Legacy;4;199;0
2025;2025-09-18;The Nexus Bowl;tournament;Geek Masters Invitational;1;Qualifying;LeChuck;60463;LucasArts Games - Monkey Island & Legacy;5;210;0
2025;2025-09-18;The Nexus Bowl;tournament;Geek Masters Invitational;1;Qualifying;LeChuck;60463;LucasArts Games - Monkey Island & Legacy;6;215;0
2025;2025-09-18;The Nexus Bowl;tournament;Geek Masters Invitational;1;Qualifying;LeChuck;60463;LucasArts Games - Monkey Island & Legacy;7;221;0
2025;2025-09-18;The Nexus Bowl;tournament;Geek Masters Invitational;1;Qualifying;Elaine Marley;95753;LucasArts Games - Monkey Island & Legacy;0;183;0
2025;2025-09-18;The Nexus Bowl;tournament;Geek Masters Invitational;1;Qualifying;Elaine Marley;95753;LucasArts Games - Monkey Island & Legacy;1;203;0
2025;2025-09-18;The Nexus Bowl;tournament;Geek Masters Invitational;1;Qualifying;Elaine Marley;95753;LucasArts Games - Monkey Island & Legacy;2;194;0
2025;2025-09-18;The Nexus Bowl;tournament;Geek Masters Invitational;1;Qualifying;Elaine Marley;95753;LucasArts Games - Monkey Island & Legacy;3;186;0
2025;2025-09-18;The Nexus Bowl;tournament;Geek Masters Invitational;1;Qualifying;Elaine Marley;95753;LucasArts Games - Monkey Island & Legacy;4;194;0
2025;2025-09-18;The Nexus Bowl;tournament;Geek Masters Invitational;1;Qualifying;Elaine Marley;95753;LucasArts Games - Monkey Island & Legacy;5;196;0
2025;2025-09-18;The Nexus Bowl;tournament;Geek Masters Invitational;1;Qualifying;Elaine Marley;95753;LucasArts Games - Monkey Island & Legacy;6;190;0
2025;2025-09-18;The Nexus Bowl;tournament;Geek Masters Invitational;1;Qualifying;Elaine Marley;95753;LucasArts Games - Monkey Island & Legacy;7;203;0
2025;2025-09-18;The Nexus Bowl;tournament;Geek Masters Invitational;1;Qualifying;Manny Calavera;77696;LucasArts Games - Monkey Island & Legacy;0;164;0
2025;2025-09-18;The Nexus Bowl;tournament;Geek Masters Invitational;1;Qualifying;Manny Calavera;77696;LucasArts Games - Monkey Island & Legacy;1;162;0
2025;2025-09-18;The Nexus Bowl;tournament;Geek Masters Invitational;1;Qualifying;Manny Calavera;77696;LucasArts Games - Monkey Island & Legacy;2;151;0
2025;2025-09-18;The Nexus Bowl;tournament;Geek Masters Invitational;1;Qualifying;Manny Calavera;77696;LucasArts Games - Monkey Island & Legacy;3;158;0
2025;2025-09-18;The Nexus Bowl;tournament;Geek Masters Invitational;1;Qualifying;Manny Calavera;77696;LucasArts Games - Monkey Island & Legacy;4;145;0
2025;2025-09-18;The Nexus Bowl;tournament;Geek Masters Invitational;1;Qualifying;Manny Calavera;77696;LucasArts Games - Monkey Island & Legacy;5;190;0
2025;2025-09-18;The Nexus Bowl;tournament;Geek Masters Invitational;1;Qualifying;Manny Calavera;77696;LucasArts Games - Monkey Island & Legacy;6;185;0
2025;2025-09-18;The Nexus Bowl;tournament;Geek Masters Invitational;1;Qualifying;Manny Calavera;77696;LucasArts Games - Monkey Island & Legacy;7;155;0
2025;2025-09-18;The Nexus Bowl;tournament;Geek Masters Invitational;1;Qualifying;Paul Atreides;72298;Dune - House Atreides;0;207;0
2025;2025-09-18;The Nexus Bowl;tournament;Geek Masters Invitational;1;Qualifying;Paul Atreides;72298;Dune - House Atreides;1;205;0
2025;2025-09-18;The Nexus Bowl;tournament;Geek Masters Invitational;1;Qualifying;Paul Atreides;72298;Dune - House Atreides;2;208;0
2025;2025-09-18;The Nexus Bowl;tournament;Geek Masters Invitational;1;Qualifying;Paul Atreides;72298;Dune - House Atreides;3;209;0
2025;2025-09-18;The Nexus Bowl;tournament;Geek Masters Invitational;1;Qualifying;Paul Atreides;72298;Dune - House Atreides;4;199;0
2025;2025-09-18;The Nexus Bowl;tournament;Geek Masters Invitational;1;Qualifying;Paul Atreides;72298;Dune - House Atreides;5;207;0
2025;2025-09-18;The Nexus Bowl;tournament;Geek Masters Invitational;1;Qualifying;Paul Atreides;72298;Dune - House Atreides;6;195;0
2025;2025-09-18;The Nexus Bowl;tournament;Geek Masters Invitational;1;Qualifying;Paul Atreides;72298;Dune - House Atreides;7;216;0
2025;2025-09-18;The Nexus Bowl;tournament;Geek Masters Invitational;1;Qualifying;Lady Jessica;68210;Dune - House Atreides;0;199;0
2025;2025-09-18;The Nexus Bowl;tournament;Geek Masters Invitational;1;Qualifying;Lady Jessica;68210;Dune - House Atreides;1;201;0
2025;2025-09-18;The Nexus Bowl;tournament;Geek Masters Invitational;1;Qualifying;Lady Jessica;68210;Dune - House Atreides;2;218;0
2025;2025-09-18;The Nexus Bowl;tournament;Geek Masters Invitational;1;Qualifying;Lady Jessica;68210;Dune - House Atreides;3;200;0
2025;2025-09-18;The Nexus Bowl;tournament;Geek Masters Invitational;1;Qualifying;Lady Jessica;68210;Dune - House Atreides;4;199;0
2025;2025-09-18;The Nexus Bowl;tournament;Geek Masters Invitational;1;Qualifying;Lady Jessica;68210;Dune - House Atreides;5;200;0
2025;2025-09-18;The Nexus Bowl;tournament;Geek Masters Invitational;1;Qualifying;Lady Jessica;68210;Dune - House Atreides;6;200;0
2025;2025-09-18;The Nexus Bowl;tournament;Geek Masters Invitational;1;Qualifying;Lady Jessica;68210;Dune - House Atreides;7;198;0
2025;2025-09-18;The Nexus Bowl;tournament;Geek Masters Invitational;1;Qualifying;Duncan Idaho;60189;Dune - House Atreides;0;180;0
2025;2025-09-18;The Nexus Bowl;tournament;Geek Masters Invitational;1;Qualifying;Duncan Idaho;60189;Dune - House Atreides;1;184;0
2025;2025-09-18;The Nexus Bowl;tournament;Geek Masters Invitational;1;Qualifying;Duncan Idaho;60189;Dune - House Atreides;2;200;0
2025;2025-09-18;The Nexus Bowl;tournament;Geek Masters Invitational;1;Qualifying;Duncan Idaho;60189;Dune - House Atreides;3;194;0
2025;2025-09-18;The Nexus Bowl;tournament;Geek Masters Invitational;1;Qualifying;Duncan Idaho;60189;Dune - House Atreides;4;207;0
2025;2025-09-18;The Nexus Bowl;tournament;Geek Masters Invitational;1;Qualifying;Duncan Idaho;60189;Dune - House Atreides;5;189;0
2025;2025-09-18;The Nexus Bowl;tournament;Geek Masters Invitational;1;Qualifying;Duncan Idaho;60189;Dune - House Atreides;6;197;0
2025;2025-09-18;The Nexus Bowl;tournament;Geek Masters Invitational;1;Qualifying;Duncan Idaho;60189;Dune - House Atreides;7;211;0
2025;2025-09-18;The Nexus Bowl;tournament;Geek Masters Invitational;1;Qualifying;Gurney Halleck;64110;Dune - House Atreides;0;177;0
2025;2025-09-18;The Nexus Bowl;tournament;Geek Masters Invitational;1;Qualifying;Gurney Halleck;64110;Dune - House Atreides;1;159;0
2025;2025-09-18;The Nexus Bowl;tournament;Geek Masters Invitational;1;Qualifying;Gurney Halleck;64110;Dune - House Atreides;2;155;0
2025;2025-09-18;The Nexus Bowl;tournament;Geek Masters Invitational;1;Qualifying;Gurney Halleck;64110;Dune - House Atreides;3;164;0
2025;2025-09-18;The Nexus Bowl;tournament;Geek Masters Invitational;1;Qualifying;Gurney Halleck;64110;Dune - House Atreides;4;142;0
2025;2025-09-18;The Nexus Bowl;tournament;Geek Masters Invitational;1;Qualifying;Gurney Halleck;64110;Dune - House Atreides;5;173;0
2025;2025-09-18;The Nexus Bowl;tournament;Geek Masters Invitational;1;Qualifying;Gurney Halleck;64110;Dune - House Atreides;6;171;0
2025;2025-09-18;The Nexus Bowl;tournament;Geek Masters Invitational;1;Qualifying;Gurney Halleck;64110;Dune - House Atreides;7;159;0
2025;2025-09-18;The Nexus Bowl;tournament;Geek Masters Invitational;1;Qualifying;Baron Harkonnen;72059;Dune - Harkonnen-Sardaukar;0;199;0
2025;2025-09-18;The Nexus Bowl;tournament;Geek Masters Invitational;1;Qualifying;Baron Harkonnen;72059;Dune - Harkonnen-Sardaukar;1;200;0
2025;2025-09-18;The Nexus Bowl;tournament;Geek Masters Invitational;1;Qualifying;Baron Harkonnen;72059;Dune - Harkonnen-Sardaukar;2;228;0
2025;2025-09-18;The Nexus Bowl;tournament;Geek Masters Invitational;1;Qualifying;Baron Harkonnen;72059;Dune - Harkonnen-Sardaukar;3;197;0
2025;2025-09-18;The Nexus Bowl;tournament;Geek Masters Invitational;1;Qualifying;Baron Harkonnen;72059;Dune - Harkonnen-Sardaukar;4;223;0
2025;2025-09-18;The Nexus Bowl;tournament;Geek Masters Invitational;1;Qualifying;Baron Harkonnen;72059;Dune - Harkonnen-Sardaukar;5;207;0
2025;2025-09-18;The Nexus Bowl;tournament;Geek Masters Invitational;1;Qualifying;Baron Harkonnen;72059;Dune - Harkonnen-Sardaukar;6;209;0
2025;2025-09-18;The Nexus Bowl;tournament;Geek Masters Invitational;1;Qualifying;Baron Harkonnen;72059;Dune - Harkonnen-Sardaukar;7;208;0
2025;2025-09-18;The Nexus Bowl;tournament;Geek Masters Invitational;1;Qualifying;Feyd-Rautha;56698;Dune - Harkonnen-Sardaukar;0;218;0
2025;2025-09-18;The Nexus Bowl;tournament;Geek Masters Invitational;1;Qualifying;Feyd-Rautha;56698;Dune - Harkonnen-Sardaukar;1;218;0
2025;2025-09-18;The Nexus Bowl;tournament;Geek Masters Invitational;1;Qualifying;Feyd-Rautha;56698;Dune - Harkonnen-Sardaukar;2;212;0
2025;2025-09-18;The Nexus Bowl;tournament;Geek Masters Invitational;1;Qualifying;Feyd-Rautha;56698;Dune - Harkonnen-Sardaukar;3;216;0
2025;2025-09-18;The Nexus Bowl;tournament;Geek Masters Invitational;1;Qualifying;Feyd-Rautha;56698;Dune - Harkonnen-Sardaukar;4;225;0
2025;2025-09-18;The Nexus Bowl;tournament;Geek Masters Invitational;1;Qualifying;Feyd-Rautha;56698;Dune - Harkonnen-Sardaukar;5;205;0
2025;2025-09-18;The Nexus Bowl;tournament;Geek Masters Invitational;1;Qualifying;Feyd-Rautha;56698;Dune - Harkonnen-Sardaukar;6;204;0
2025;2025-09-18;The Nexus Bowl;tournament;Geek Masters Invitational;1;Qualifying;Feyd-Rautha;56698;Dune - Harkonnen-Sardaukar;7;201;0
2025;2025-09-18;The Nexus Bowl;tournament;Geek Masters Invitational;1;Qualifying;Count Fenring;56078;Dune - Harkonnen-Sardaukar;0;191;0
2025;2025-09-18;The Nexus Bowl;tournament;Geek Masters Invitational;1;Qualifying;Count Fenring;56078;Dune - Harkonnen-Sardaukar;1;158;0
2025;2025-09-18;The Nexus Bowl;tournament;Geek Masters Invitational;1;Qualifying;Count Fenring;56078;Dune - Harkonnen-Sardaukar;2;191;0
2025;2025-09-18;The Nexus Bowl;tournament;Geek Masters Invitational;1;Qualifying;Count Fenring;56078;Dune - Harkonnen-Sardaukar;3;192;0
2025;2025-09-18;The Nexus Bowl;tournament;Geek Masters Invitational;1;Qualifying;Count Fenring;56078;Dune - Harkonnen-Sardaukar;4;186;0
2025;2025-09-18;The Nexus Bowl;tournament;Geek Masters Invitational;1;Qualifying;Count Fenring;56078;Dune - Harkonnen-Sardaukar;5;208;0
2025;2025-09-18;The Nexus Bowl;tournament;Geek Masters Invitational;1;Qualifying;Count Fenring;56078;Dune - Harkonnen-Sardaukar;6;183;0
2025;2025-09-18;The Nexus Bowl;tournament;Geek Masters Invitational;1;Qualifying;Count Fenring;56078;Dune - Harkonnen-Sardaukar;7;188;0
2025;2025-09-18;The Nexus Bowl;tournament;Geek Masters Invitational;1;Qualifying;Glossu Rabban;74898;Dune - Harkonnen-Sardaukar;0;168;0
2025;2025-09-18;The Nexus Bowl;tournament;Geek Masters Invitational;1;Qualifying;Glossu Rabban;74898;Dune - Harkonnen-Sardaukar;1;170;0
2025;2025-09-18;The Nexus Bowl;tournament;Geek Masters Invitational;1;Qualifying;Glossu Rabban;74898;Dune - Harkonnen-Sardaukar;2;148;0
2025;2025-09-18;The Nexus Bowl;tournament;Geek Masters Invitational;1;Qualifying;Glossu Rabban;74898;Dune - Harkonnen-Sardaukar;3;184;0
2025;2025-09-18;The Nexus Bowl;tournament;Geek Masters Invitational;1;Qualifying;Glossu Rabban;74898;Dune - Harkonnen-Sardaukar;4;182;0
2025;2025-09-18;The Nexus Bowl;tournament;Geek Masters Invitational;1;Qualifying;Glossu Rabban;74898;Dune - Harkonnen-Sardaukar;5;148;0
2025;2025-09-18;The Nexus Bowl;tournament;Geek Masters Invitational;1;Qualifying;Glossu Rabban;74898;Dune - Harkonnen-Sardaukar;6;155;0
2025;2025-09-18;The Nexus Bowl;tournament;Geek Masters Invitational;1;Qualifying;Glossu Rabban;74898;Dune - Harkonnen-Sardaukar;7;176;0
2025;2025-09-18;The Nexus Bowl;tournament;Geek Masters Invitational;1;Qualifying;Jean-Luc Picard;56338;Star Trek - Federation;0;207;0
2025;2025-09-18;The Nexus Bowl;tournament;Geek Masters Invitational;1;Qualifying;Jean-Luc Picard;56338;Star Trek - Federation;1;206;0
2025;2025-09-18;The Nexus Bowl;tournament;Geek Masters Invitational;1;Qualifying;Jean-Luc Picard;56338;Star Trek - Federation;2;199;0
2025;2025-09-18;The Nexus Bowl;tournament;Geek Masters Invitational;1;Qualifying;Jean-Luc Picard;56338;Star Trek - Federation;3;221;0
2025;2025-09-18;The Nexus Bowl;tournament;Geek Masters Invitational;1;Qualifying;Jean-Luc Picard;56338;Star Trek - Federation;4;208;0
2025;2025-09-18;The Nexus Bowl;tournament;Geek Masters Invitational;1;Qualifying;Jean-Luc Picard;56338;Star Trek - Federation;5;201;0
2025;2025-09-18;The Nexus Bowl;tournament;Geek Masters Invitational;1;Qualifying;Jean-Luc Picard;56338;Star Trek - Federation;6;226;0
2025;2025-09-18;The Nexus Bowl;tournament;Geek Masters Invitational;1;Qualifying;Jean-Luc Picard;56338;Star Trek - Federation;7;217;0
2025;2025-09-18;The Nexus Bowl;tournament;Geek Masters Invitational;1;Qualifying;Spock;73526;Star Trek - Federation;0;199;0
2025;2025-09-18;The Nexus Bowl;tournament;Geek Masters Invitational;1;Qualifying;Spock;73526;Star Trek - Federation;1;190;0
2025;2025-09-18;The Nexus Bowl;tournament;Geek Masters Invitational;1;Qualifying;Spock;73526;Star Trek - Federation;2;214;0
2025;2025-09-18;The Nexus Bowl;tournament;Geek Masters Invitational;1;Qualifying;Spock;73526;Star Trek - Federation;3;180;0
2025;2025-09-18;The Nexus Bowl;tournament;Geek Masters Invitational;1;Qualifying;Spock;73526;Star Trek - Federation;4;231;0
2025;2025-09-18;The Nexus Bowl;tournament;Geek Masters Invitational;1;Qualifying;Spock;73526;Star Trek - Federation;5;218;0
2025;2025-09-18;The Nexus Bowl;tournament;Geek Masters Invitational;1;Qualifying;Spock;73526;Star Trek - Federation;6;221;0
2025;2025-09-18;The Nexus Bowl;tournament;Geek Masters Invitational;1;Qualifying;Spock;73526;Star Trek - Federation;7;184;0
2025;2025-09-18;The Nexus Bowl;tournament;Geek Masters Invitational;1;Qualifying;Benjamin Sisko;72541;Star Trek - Federation;0;186;0
2025;2025-09-18;The Nexus Bowl;tournament;Geek Masters Invitational;1;Qualifying;Benjamin Sisko;72541;Star Trek - Federation;1;169;0
2025;2025-09-18;The Nexus Bowl;tournament;Geek Masters Invitational;1;Qualifying;Benjamin Sisko;72541;Star Trek - Federation;2;180;0
2025;2025-09-18;The Nexus Bowl;tournament;Geek Masters Invitational;1;Qualifying;Benjamin Sisko;72541;Star Trek - Federation;3;177;0
2025;2025-09-18;The Nexus Bowl;tournament;Geek Masters Invitational;1;Qualifying;Benjamin Sisko;72541;Star Trek - Federation;4;177;0
2025;2025-09-18;The Nexus Bowl;tournament;Geek Masters Invitational;1;Qualifying;Benjamin Sisko;72541;Star Trek - Federation;5;186;0
2025;2025-09-18;The Nexus Bowl;tournament;Geek Masters Invitational;1;Qualifying;Benjamin Sisko;72541;Star Trek - Federation;6;160;0
2025;2025-09-18;The Nexus Bowl;tournament;Geek Masters Invitational;1;Qualifying;Benjamin Sisko;72541;Star Trek - Federation;7;173;0
2025;2025-09-18;The Nexus Bowl;tournament;Geek Masters Invitational;1;Qualifying;Kathryn Janeway;89565;Star Trek - Federation;0;170;0
2025;2025-09-18;The Nexus Bowl;tournament;Geek Masters Invitational;1;Qualifying;Kathryn Janeway;89565;Star Trek - Federation;1;160;0
2025;2025-09-18;The Nexus Bowl;tournament;Geek Masters Invitational;1;Qualifying;Kathryn Janeway;89565;Star Trek - Federation;2;174;0
2025;2025-09-18;The Nexus Bowl;tournament;Geek Masters Invitational;1;Qualifying;Kathryn Janeway;89565;Star Trek - Federation;3;184;0
2025;2025-09-18;The Nexus Bowl;tournament;Geek Masters Invitational;1;Qualifying;Kathryn Janeway;89565;Star Trek - Federation;4;153;0
2025;2025-09-18;The Nexus Bowl;tournament;Geek Masters Invitational;1;Qualifying;Kathryn Janeway;89565;Star Trek - Federation;5;186;0
2025;2025-09-18;The Nexus Bowl;tournament;Geek Masters Invitational;1;Qualifying;Kathryn Janeway;89565;Star Trek - Federation;6;175;0
2025;2025-09-18;The Nexus Bowl;tournament;Geek Masters Invitational;1;Qualifying;Kathryn Janeway;89565;Star Trek - Federation;7;193;0
2025;2025-09-18;The Nexus Bowl;tournament;Geek Masters Invitational;1;Qualifying;Worf;67335;Star Trek - Klingon-Romulan;0;226;0
2025;2025-09-18;The Nexus Bowl;tournament;Geek Masters Invitational;1;Qualifying;Worf;67335;Star Trek - Klingon-Romulan;1;209;0
2025;2025-09-18;The Nexus Bowl;tournament;Geek Masters Invitational;1;Qualifying;Worf;67335;Star Trek - Klingon-Romulan;2;207;0
2025;2025-09-18;The Nexus Bowl;tournament;Geek Masters Invitational;1;Qualifying;Worf;67335;Star Trek - Klingon-Romulan;3;216;0
2025;2025-09-18;The Nexus Bowl;tournament;Geek Masters Invitational;1;Qualifying;Worf;67335;Star Trek - Klingon-Romulan;4;209;0
2025;2025-09-18;The Nexus Bowl;tournament;Geek Masters Invitational;1;Qualifying;Worf;67335;Star Trek - Klingon-Romulan;5;225;0
2025;2025-09-18;The Nexus Bowl;tournament;Geek Masters Invitational;1;Qualifying;Worf;67335;Star Trek - Klingon-Romulan;6;221;0
2025;2025-09-18;The Nexus Bowl;tournament;Geek Masters Invitational;1;Qualifying;Worf;67335;Star Trek - Klingon-Romulan;7;222;0
2025;2025-09-18;The Nexus Bowl;tournament;Geek Masters Invitational;1;Qualifying;Gowron;52847;Star Trek - Klingon-Romulan;0;206;0
2025;2025-09-18;The Nexus Bowl;tournament;Geek Masters Invitational;1;Qualifying;Gowron;52847;Star Trek - Klingon-Romulan;1;232;0
2025;2025-09-18;The Nexus Bowl;tournament;Geek Masters Invitational;1;Qualifying;Gowron;52847;Star Trek - Klingon-Romulan;2;200;0
2025;2025-09-18;The Nexus Bowl;tournament;Geek Masters Invitational;1;Qualifying;Gowron;52847;Star Trek - Klingon-Romulan;3;208;0
2025;2025-09-18;The Nexus Bowl;tournament;Geek Masters Invitational;1;Qualifying;Gowron;52847;Star Trek - Klingon-Romulan;4;203;0
2025;2025-09-18;The Nexus Bowl;tournament;Geek Masters Invitational;1;Qualifying;Gowron;52847;Star Trek - Klingon-Romulan;5;221;0
2025;2025-09-18;The Nexus Bowl;tournament;Geek Masters Invitational;1;Qualifying;Gowron;52847;Star Trek - Klingon-Romulan;6;228;0
2025;2025-09-18;The Nexus Bowl;tournament;Geek Masters Invitational;1;Qualifying;Gowron;52847;Star Trek - Klingon-Romulan;7;213;0
2025;2025-09-18;The Nexus Bowl;tournament;Geek Masters Invitational;1;Qualifying;Commander Sela;97823;Star Trek - Klingon-Romulan;0;174;0
2025;2025-09-18;The Nexus Bowl;tournament;Geek Masters Invitational;1;Qualifying;Commander Sela;97823;Star Trek - Klingon-Romulan;1;203;0
2025;2025-09-18;The Nexus Bowl;tournament;Geek Masters Invitational;1;Qualifying;Commander Sela;97823;Star Trek - Klingon-Romulan;2;178;0
2025;2025-09-18;The Nexus Bowl;tournament;Geek Masters Invitational;1;Qualifying;Commander Sela;97823;Star Trek - Klingon-Romulan;3;185;0
2025;2025-09-18;The Nexus Bowl;tournament;Geek Masters Invitational;1;Qualifying;Commander Sela;97823;Star Trek - Klingon-Romulan;4;185;0
2025;2025-09-18;The Nexus Bowl;tournament;Geek Masters Invitational;1;Qualifying;Commander Sela;97823;Star Trek - Klingon-Romulan;5;194;0
2025;2025-09-18;The Nexus Bowl;tournament;Geek Masters Invitational;1;Qualifying;Commander Sela;97823;Star Trek - Klingon-Romulan;6;185;0
2025;2025-09-18;The Nexus Bowl;tournament;Geek Masters Invitational;1;Qualifying;Commander Sela;97823;Star Trek - Klingon-Romulan;7;186;0
2025;2025-09-18;The Nexus Bowl;tournament;Geek Masters Invitational;1;Qualifying;General Chang;80108;Star Trek - Klingon-Romulan;0;162;0
2025;2025-09-18;The Nexus Bowl;tournament;Geek Masters Invitational;1;Qualifying;General Chang;80108;Star Trek - Klingon-Romulan;1;146;0
2025;2025-09-18;The Nexus Bowl;tournament;Geek Masters Invitational;1;Qualifying;General Chang;80108;Star Trek - Klingon-Romulan;2;198;0
2025;2025-09-18;The Nexus Bowl;tournament;Geek Masters Invitational;1;Qualifying;General Chang;80108;Star Trek - Klingon-Romulan;3;158;0
2025;2025-09-18;The Nexus Bowl;tournament;Geek Masters Invitational;1;Qualifying;General Chang;80108;Star Trek - Klingon-Romulan;4;202;0
2025;2025-09-18;The Nexus Bowl;tournament;Geek Masters Invitational;1;Qualifying;General Chang;80108;Star Trek - Klingon-Romulan;5;200;0
2025;2025-09-18;The Nexus Bowl;tournament;Geek Masters Invitational;1;Qualifying;General Chang;80108;Star Trek - Klingon-Romulan;6;185;0
2025;2025-09-18;The Nexus Bowl;tournament;Geek Masters Invitational;1;Qualifying;General Chang;80108;Star Trek - Klingon-Romulan;7;183;0
2025;2025-09-18;The Nexus Bowl;tournament;Geek Masters Invitational;1;Qualifying;Commander Shepard;85142;Mass Effect - Alliance Crew;0;206;0
2025;2025-09-18;The Nexus Bowl;tournament;Geek Masters Invitational;1;Qualifying;Commander Shepard;85142;Mass Effect - Alliance Crew;1;205;0
2025;2025-09-18;The Nexus Bowl;tournament;Geek Masters Invitational;1;Qualifying;Commander Shepard;85142;Mass Effect - Alliance Crew;2;214;0
2025;2025-09-18;The Nexus Bowl;tournament;Geek Masters Invitational;1;Qualifying;Commander Shepard;85142;Mass Effect - Alliance Crew;3;209;0
2025;2025-09-18;The Nexus Bowl;tournament;Geek Masters Invitational;1;Qualifying;Commander Shepard;85142;Mass Effect - Alliance Crew;4;204;0
2025;2025-09-18;The Nexus Bowl;tournament;Geek Masters Invitational;1;Qualifying;Commander Shepard;85142;Mass Effect - Alliance Crew;5;212;0
2025;2025-09-18;The Nexus Bowl;tournament;Geek Masters Invitational;1;Qualifying;Commander Shepard;85142;Mass Effect - Alliance Crew;6;207;0
2025;2025-09-18;The Nexus Bowl;tournament;Geek Masters Invitational;1;Qualifying;Commander Shepard;85142;Mass Effect - Alliance Crew;7;210;0
2025;2025-09-18;The Nexus Bowl;tournament;Geek Masters Invitational;1;Qualifying;Garrus Vakarian;58180;Mass Effect - Alliance Crew;0;183;0
2025;2025-09-18;The Nexus Bowl;tournament;Geek Masters Invitational;1;Qualifying;Garrus Vakarian;58180;Mass Effect - Alliance Crew;1;202;0
2025;2025-09-18;The Nexus Bowl;tournament;Geek Masters Invitational;1;Qualifying;Garrus Vakarian;58180;Mass Effect - Alliance Crew;2;201;0
2025;2025-09-18;The Nexus Bowl;tournament;Geek Masters Invitational;1;Qualifying;Garrus Vakarian;58180;Mass Effect - Alliance Crew;3;202;0
2025;2025-09-18;The Nexus Bowl;tournament;Geek Masters Invitational;1;Qualifying;Garrus Vakarian;58180;Mass Effect - Alliance Crew;4;202;0
2025;2025-09-18;The Nexus Bowl;tournament;Geek Masters Invitational;1;Qualifying;Garrus Vakarian;58180;Mass Effect - Alliance Crew;5;199;0
2025;2025-09-18;The Nexus Bowl;tournament;Geek Masters Invitational;1;Qualifying;Garrus Vakarian;58180;Mass Effect - Alliance Crew;6;183;0
2025;2025-09-18;The Nexus Bowl;tournament;Geek Masters Invitational;1;Qualifying;Garrus Vakarian;58180;Mass Effect - Alliance Crew;7;198;0
2025;2025-09-18;The Nexus Bowl;tournament;Geek Masters Invitational;1;Qualifying;Liara T'Soni;74807;Mass Effect - Alliance Crew;0;194;0
2025;2025-09-18;The Nexus Bowl;tournament;Geek Masters Invitational;1;Qualifying;Liara T'Soni;74807;Mass Effect - Alliance Crew;1;198;0
2025;2025-09-18;The Nexus Bowl;tournament;Geek Masters Invitational;1;Qualifying;Liara T'Soni;74807;Mass Effect - Alliance Crew;2;197;0
2025;2025-09-18;The Nexus Bowl;tournament;Geek Masters Invitational;1;Qualifying;Liara T'Soni;74807;Mass Effect - Alliance Crew;3;199;0
2025;2025-09-18;The Nexus Bowl;tournament;Geek Masters Invitational;1;Qualifying;Liara T'Soni;74807;Mass Effect - Alliance Crew;4;214;0
2025;2025-09-18;The Nexus Bowl;tournament;Geek Masters Invitational;1;Qualifying;Liara T'Soni;74807;Mass Effect - Alliance Crew;5;201;0
2025;2025-09-18;The Nexus Bowl;tournament;Geek Masters Invitational;1;Qualifying;Liara T'Soni;74807;Mass Effect - Alliance Crew;6;208;0
2025;2025-09-18;The Nexus Bowl;tournament;Geek Masters Invitational;1;Qualifying;Liara T'Soni;74807;Mass Effect - Alliance Crew;7;212;0
2025;2025-09-18;The Nexus Bowl;tournament;Geek Masters Invitational;1;Qualifying;Tali'Zorah;55164;Mass Effect - Alliance Crew;0;147;0
2025;2025-09-18;The Nexus Bowl;tournament;Geek Masters Invitational;1;Qualifying;Tali'Zorah;55164;Mass Effect - Alliance Crew;1;161;0
2025;2025-09-18;The Nexus Bowl;tournament;Geek Masters Invitational;1;Qualifying;Tali'Zorah;55164;Mass Effect - Alliance Crew;2;125;0
2025;2025-09-18;The Nexus Bowl;tournament;Geek Masters Invitational;1;Qualifying;Tali'Zorah;55164;Mass Effect - Alliance Crew;3;142;0
2025;2025-09-18;The Nexus Bowl;tournament;Geek Masters Invitational;1;Qualifying;Tali'Zorah;55164;Mass Effect - Alliance Crew;4;164;0
2025;2025-09-18;The Nexus Bowl;tournament;Geek Masters Invitational;1;Qualifying;Tali'Zorah;55164;Mass Effect - Alliance Crew;5;183;0
2025;2025-09-18;The Nexus Bowl;tournament;Geek Masters Invitational;1;Qualifying;Tali'Zorah;55164;Mass Effect - Alliance Crew;6;142;0
2025;2025-09-18;The Nexus Bowl;tournament;Geek Masters Invitational;1;Qualifying;Tali'Zorah;55164;Mass Effect - Alliance Crew;7;172;0
2025;2025-09-18;The Nexus Bowl;tournament;Geek Masters Invitational;1;Qualifying;Illusive Man;86178;Mass Effect - Cerberus-Reapers;0;197;0
2025;2025-09-18;The Nexus Bowl;tournament;Geek Masters Invitational;1;Qualifying;Illusive Man;86178;Mass Effect - Cerberus-Reapers;1;218;0
2025;2025-09-18;The Nexus Bowl;tournament;Geek Masters Invitational;1;Qualifying;Illusive Man;86178;Mass Effect - Cerberus-Reapers;2;208;0
2025;2025-09-18;The Nexus Bowl;tournament;Geek Masters Invitational;1;Qualifying;Illusive Man;86178;Mass Effect - Cerberus-Reapers;3;184;0
2025;2025-09-18;The Nexus Bowl;tournament;Geek Masters Invitational;1;Qualifying;Illusive Man;86178;Mass Effect - Cerberus-Reapers;4;220;0
2025;2025-09-18;The Nexus Bowl;tournament;Geek Masters Invitational;1;Qualifying;Illusive Man;86178;Mass Effect - Cerberus-Reapers;5;221;0
2025;2025-09-18;The Nexus Bowl;tournament;Geek Masters Invitational;1;Qualifying;Illusive Man;86178;Mass Effect - Cerberus-Reapers;6;200;0
2025;2025-09-18;The Nexus Bowl;tournament;Geek Masters Invitational;1;Qualifying;Illusive Man;86178;Mass Effect - Cerberus-Reapers;7;203;0
2025;2025-09-18;The Nexus Bowl;tournament;Geek Masters Invitational;1;Qualifying;Harbinger;69213;Mass Effect - Cerberus-Reapers;0;208;0
2025;2025-09-18;The Nexus Bowl;tournament;Geek Masters Invitational;1;Qualifying;Harbinger;69213;Mass Effect - Cerberus-Reapers;1;201;0
2025;2025-09-18;The Nexus Bowl;tournament;Geek Masters Invitational;1;Qualifying;Harbinger;69213;Mass Effect - Cerberus-Reapers;2;209;0
2025;2025-09-18;The Nexus Bowl;tournament;Geek Masters Invitational;1;Qualifying;Harbinger;69213;Mass Effect - Cerberus-Reapers;3;208;0
2025;2025-09-18;The Nexus Bowl;tournament;Geek Masters Invitational;1;Qualifying;Harbinger;69213;Mass Effect - Cerberus-Reapers;4;195;0
2025;2025-09-18;The Nexus Bowl;tournament;Geek Masters Invitational;1;Qualifying;Harbinger;69213;Mass Effect - Cerberus-Reapers;5;194;0
2025;2025-09-18;The Nexus Bowl;tournament;Geek Masters Invitational;1;Qualifying;Harbinger;69213;Mass Effect - Cerberus-Reapers;6;209;0
2025;2025-09-18;The Nexus Bowl;tournament;Geek Masters Invitational;1;Qualifying;Harbinger;69213;Mass Effect - Cerberus-Reapers;7;212;0
2025;2025-09-18;The Nexus Bowl;tournament;Geek Masters Invitational;1;Qualifying;Kai Leng;91198;Mass Effect - Cerberus-Reapers;0;183;0
2025;2025-09-18;The Nexus Bowl;tournament;Geek Masters Invitational;1;Qualifying;Kai Leng;91198;Mass Effect - Cerberus-Reapers;1;195;0
2025;2025-09-18;The Nexus Bowl;tournament;Geek Masters Invitational;1;Qualifying;Kai Leng;91198;Mass Effect - Cerberus-Reapers;2;183;0
2025;2025-09-18;The Nexus Bowl;tournament;Geek Masters Invitational;1;Qualifying;Kai Leng;91198;Mass Effect - Cerberus-Reapers;3;187;0
2025;2025-09-18;The Nexus Bowl;tournament;Geek Masters Invitational;1;Qualifying;Kai Leng;91198;Mass Effect - Cerberus-Reapers;4;190;0
2025;2025-09-18;The Nexus Bowl;tournament;Geek Masters Invitational;1;Qualifying;Kai Leng;91198;Mass Effect - Cerberus-Reapers;5;203;0
2025;2025-09-18;The Nexus Bowl;tournament;Geek Masters Invitational;1;Qualifying;Kai Leng;91198;Mass Effect - Cerberus-Reapers;6;182;0
2025;2025-09-18;The Nexus Bowl;tournament;Geek Masters Invitational;1;Qualifying;Kai Leng;91198;Mass Effect - Cerberus-Reapers;7;185;0
2025;2025-09-18;The Nexus Bowl;tournament;Geek Masters Invitational;1;Qualifying;Saren Arterius;90535;Mass Effect - Cerberus-Reapers;0;207;0
2025;2025-09-18;The Nexus Bowl;tournament;Geek Masters Invitational;1;Qualifying;Saren Arterius;90535;Mass Effect - Cerberus-Reapers;1;173;0
2025;2025-09-18;The Nexus Bowl;tournament;Geek Masters Invitational;1;Qualifying;Saren Arterius;90535;Mass Effect - Cerberus-Reapers;2;184;0
2025;2025-09-18;The Nexus Bowl;tournament;Geek Masters Invitational;1;Qualifying;Saren Arterius;90535;Mass Effect - Cerberus-Reapers;3;207;0
2025;2025-09-18;The Nexus Bowl;tournament;Geek Masters Invitational;1;Qualifying;Saren Arterius;90535;Mass Effect - Cerberus-Reapers;4;170;0
2025;2025-09-18;The Nexus Bowl;tournament;Geek Masters Invitational;1;Qualifying;Saren Arterius;90535;Mass Effect - Cerberus-Reapers;5;163;0
2025;2025-09-18;The Nexus Bowl;tournament;Geek Masters Invitational;1;Qualifying;Saren Arterius;90535;Mass Effect - Cerberus-Reapers;6;215;0
2025;2025-09-18;The Nexus Bowl;tournament;Geek Masters Invitational;1;Qualifying;Saren Arterius;90535;Mass Effect - Cerberus-Reapers;7;174;0
2025;2025-09-18;The Nexus Bowl;tournament;Geek Masters Invitational;1;Qualifying;Roboute Guilliman;73700;Warhammer 40K - Imperium;0;227;0
2025;2025-09-18;The Nexus Bowl;tournament;Geek Masters Invitational;1;Qualifying;Roboute Guilliman;73700;Warhammer 40K - Imperium;1;199;0
2025;2025-09-18;The Nexus Bowl;tournament;Geek Masters Invitational;1;Qualifying;Roboute Guilliman;73700;Warhammer 40K - Imperium;2;226;0
2025;2025-09-18;The Nexus Bowl;tournament;Geek Masters Invitational;1;Qualifying;Roboute Guilliman;73700;Warhammer 40K - Imperium;3;184;0
2025;2025-09-18;The Nexus Bowl;tournament;Geek Masters Invitational;1;Qualifying;Roboute Guilliman;73700;Warhammer 40K - Imperium;4;224;0
2025;2025-09-18;The Nexus Bowl;tournament;Geek Masters Invitational;1;Qualifying;Roboute Guilliman;73700;Warhammer 40K - Imperium;5;174;0
2025;2025-09-18;The Nexus Bowl;tournament;Geek Masters Invitational;1;Qualifying;Roboute Guilliman;73700;Warhammer 40K - Imperium;6;234;0
2025;2025-09-18;The Nexus Bowl;tournament;Geek Masters Invitational;1;Qualifying;Roboute Guilliman;73700;Warhammer 40K - Imperium;7;220;0
2025;2025-09-18;The Nexus Bowl;tournament;Geek Masters Invitational;1;Qualifying;Marneus Calgar;87837;Warhammer 40K - Imperium;0;182;0
2025;2025-09-18;The Nexus Bowl;tournament;Geek Masters Invitational;1;Qualifying;Marneus Calgar;87837;Warhammer 40K - Imperium;1;189;0
2025;2025-09-18;The Nexus Bowl;tournament;Geek Masters Invitational;1;Qualifying;Marneus Calgar;87837;Warhammer 40K - Imperium;2;198;0
2025;2025-09-18;The Nexus Bowl;tournament;Geek Masters Invitational;1;Qualifying;Marneus Calgar;87837;Warhammer 40K - Imperium;3;197;0
2025;2025-09-18;The Nexus Bowl;tournament;Geek Masters Invitational;1;Qualifying;Marneus Calgar;87837;Warhammer 40K - Imperium;4;198;0
2025;2025-09-18;The Nexus Bowl;tournament;Geek Masters Invitational;1;Qualifying;Marneus Calgar;87837;Warhammer 40K - Imperium;5;177;0
2025;2025-09-18;The Nexus Bowl;tournament;Geek Masters Invitational;1;Qualifying;Marneus Calgar;87837;Warhammer 40K - Imperium;6;205;0
2025;2025-09-18;The Nexus Bowl;tournament;Geek Masters Invitational;1;Qualifying;Marneus Calgar;87837;Warhammer 40K - Imperium;7;204;0
2025;2025-09-18;The Nexus Bowl;tournament;Geek Masters Invitational;1;Qualifying;Saint Celestine;62601;Warhammer 40K - Imperium;0;165;0
2025;2025-09-18;The Nexus Bowl;tournament;Geek Masters Invitational;1;Qualifying;Saint Celestine;62601;Warhammer 40K - Imperium;1;169;0
2025;2025-09-18;The Nexus Bowl;tournament;Geek Masters Invitational;1;Qualifying;Saint Celestine;62601;Warhammer 40K - Imperium;2;172;0
2025;2025-09-18;The Nexus Bowl;tournament;Geek Masters Invitational;1;Qualifying;Saint Celestine;62601;Warhammer 40K - Imperium;3;179;0
2025;2025-09-18;The Nexus Bowl;tournament;Geek Masters Invitational;1;Qualifying;Saint Celestine;62601;Warhammer 40K - Imperium;4;179;0
2025;2025-09-18;The Nexus Bowl;tournament;Geek Masters Invitational;1;Qualifying;Saint Celestine;62601;Warhammer 40K - Imperium;5;185;0
2025;2025-09-18;The Nexus Bowl;tournament;Geek Masters Invitational;1;Qualifying;Saint Celestine;62601;Warhammer 40K - Imperium;6;175;0
2025;2025-09-18;The Nexus Bowl;tournament;Geek Masters Invitational;1;Qualifying;Saint Celestine;62601;Warhammer 40K - Imperium;7;190;0
2025;2025-09-18;The Nexus Bowl;tournament;Geek Masters Invitational;1;Qualifying;Inquisitor Eisenhorn;96174;Warhammer 40K - Imperium;0;167;0
2025;2025-09-18;The Nexus Bowl;tournament;Geek Masters Invitational;1;Qualifying;Inquisitor Eisenhorn;96174;Warhammer 40K - Imperium;1;189;0
2025;2025-09-18;The Nexus Bowl;tournament;Geek Masters Invitational;1;Qualifying;Inquisitor Eisenhorn;96174;Warhammer 40K - Imperium;2;164;0
2025;2025-09-18;The Nexus Bowl;tournament;Geek Masters Invitational;1;Qualifying;Inquisitor Eisenhorn;96174;Warhammer 40K - Imperium;3;149;0
2025;2025-09-18;The Nexus Bowl;tournament;Geek Masters Invitational;1;Qualifying;Inquisitor Eisenhorn;96174;Warhammer 40K - Imperium;4;157;0
2025;2025-09-18;The Nexus Bowl;tournament;Geek Masters Invitational;1;Qualifying;Inquisitor Eisenhorn;96174;Warhammer 40K - Imperium;5;144;0
2025;2025-09-18;The Nexus Bowl;tournament;Geek Masters Invitational;1;Qualifying;Inquisitor Eisenhorn;96174;Warhammer 40K - Imperium;6;164;0
2025;2025-09-18;The Nexus Bowl;tournament;Geek Masters Invitational;1;Qualifying;Inquisitor Eisenhorn;96174;Warhammer 40K - Imperium;7;186;0
2025;2025-09-18;The Nexus Bowl;tournament;Geek Masters Invitational;1;Qualifying;Abaddon the Despoiler;54558;Warhammer 40K - Chaos;0;191;0
2025;2025-09-18;The Nexus Bowl;tournament;Geek Masters Invitational;1;Qualifying;Abaddon the Despoiler;54558;Warhammer 40K - Chaos;1;216;0
2025;2025-09-18;The Nexus Bowl;tournament;Geek Masters Invitational;1;Qualifying;Abaddon the Despoiler;54558;Warhammer 40K - Chaos;2;236;0
2025;2025-09-18;The Nexus Bowl;tournament;Geek Masters Invitational;1;Qualifying;Abaddon the Despoiler;54558;Warhammer 40K - Chaos;3;168;0
2025;2025-09-18;The Nexus Bowl;tournament;Geek Masters Invitational;1;Qualifying;Abaddon the Despoiler;54558;Warhammer 40K - Chaos;4;203;0
2025;2025-09-18;The Nexus Bowl;tournament;Geek Masters Invitational;1;Qualifying;Abaddon the Despoiler;54558;Warhammer 40K - Chaos;5;172;0
2025;2025-09-18;The Nexus Bowl;tournament;Geek Masters Invitational;1;Qualifying;Abaddon the Despoiler;54558;Warhammer 40K - Chaos;6;171;0
2025;2025-09-18;The Nexus Bowl;tournament;Geek Masters Invitational;1;Qualifying;Abaddon the Despoiler;54558;Warhammer 40K - Chaos;7;184;0
2025;2025-09-18;The Nexus Bowl;tournament;Geek Masters Invitational;1;Qualifying;Magnus the Red;53003;Warhammer 40K - Chaos;0;205;0
2025;2025-09-18;The Nexus Bowl;tournament;Geek Masters Invitational;1;Qualifying;Magnus the Red;53003;Warhammer 40K - Chaos;1;197;0
2025;2025-09-18;The Nexus Bowl;tournament;Geek Masters Invitational;1;Qualifying;Magnus the Red;53003;Warhammer 40K - Chaos;2;205;0
2025;2025-09-18;The Nexus Bowl;tournament;Geek Masters Invitational;1;Qualifying;Magnus the Red;53003;Warhammer 40K - Chaos;3;187;0
2025;2025-09-18;The Nexus Bowl;tournament;Geek Masters Invitational;1;Qualifying;Magnus the Red;53003;Warhammer 40K - Chaos;4;197;0
2025;2025-09-18;The Nexus Bowl;tournament;Geek Masters Invitational;1;Qualifying;Magnus the Red;53003;Warhammer 40K - Chaos;5;204;0
2025;2025-09-18;The Nexus Bowl;tournament;Geek Masters Invitational;1;Qualifying;Magnus the Red;53003;Warhammer 40K - Chaos;6;196;0
2025;2025-09-18;The Nexus Bowl;tournament;Geek Masters Invitational;1;Qualifying;Magnus the Red;53003;Warhammer 40K - Chaos;7;216;0
2025;2025-09-18;The Nexus Bowl;tournament;Geek Masters Invitational;1;Qualifying;Ahriman;93336;Warhammer 40K - Chaos;0;210;0
2025;2025-09-18;The Nexus Bowl;tournament;Geek Masters Invitational;1;Qualifying;Ahriman;93336;Warhammer 40K - Chaos;1;174;0
2025;2025-09-18;The Nexus Bowl;tournament;Geek Masters Invitational;1;Qualifying;Ahriman;93336;Warhammer 40K - Chaos;2;193;0
2025;2025-09-18;The Nexus Bowl;tournament;Geek Masters Invitational;1;Qualifying;Ahriman;93336;Warhammer 40K - Chaos;3;200;0
2025;2025-09-18;The Nexus Bowl;tournament;Geek Masters Invitational;1;Qualifying;Ahriman;93336;Warhammer 40K - Chaos;4;197;0
2025;2025-09-18;The Nexus Bowl;tournament;Geek Masters Invitational;1;Qualifying;Ahriman;93336;Warhammer 40K - Chaos;5;162;0
2025;2025-09-18;The Nexus Bowl;tournament;Geek Masters Invitational;1;Qualifying;Ahriman;93336;Warhammer 40K - Chaos;6;181;0
2025;2025-09-18;The Nexus Bowl;tournament;Geek Masters Invitational;1;Qualifying;Ahriman;93336;Warhammer 40K - Chaos;7;181;0
2025;2025-09-18;The Nexus Bowl;tournament;Geek Masters Invitational;1;Qualifying;Kharn the Betrayer;64935;Warhammer 40K - Chaos;0;136;0
2025;2025-09-18;The Nexus Bowl;tournament;Geek Masters Invitational;1;Qualifying;Kharn the Betrayer;64935;Warhammer 40K - Chaos;1;139;0
2025;2025-09-18;The Nexus Bowl;tournament;Geek Masters Invitational;1;Qualifying;Kharn the Betrayer;64935;Warhammer 40K - Chaos;2;148;0
2025;2025-09-18;The Nexus Bowl;tournament;Geek Masters Invitational;1;Qualifying;Kharn the Betrayer;64935;Warhammer 40K - Chaos;3;131;0
2025;2025-09-18;The Nexus Bowl;tournament;Geek Masters Invitational;1;Qualifying;Kharn the Betrayer;64935;Warhammer 40K - Chaos;4;156;0
2025;2025-09-18;The Nexus Bowl;tournament;Geek Masters Invitational;1;Qualifying;Kharn the Betrayer;64935;Warhammer 40K - Chaos;5;140;0
2025;2025-09-18;The Nexus Bowl;tournament;Geek Masters Invitational;1;Qualifying;Kharn the Betrayer;64935;Warhammer 40K - Chaos;6;161;0
2025;2025-09-18;The Nexus Bowl;tournament;Geek Masters Invitational;1;Qualifying;Kharn the Betrayer;64935;Warhammer 40K - Chaos;7;174;0
2025;2025-09-18;The Nexus Bowl;tournament;Geek Masters Invitational;1;Qualifying;Mickey Mouse;68965;Disney Characters - Disney Heroes;0;195;0
2025;2025-09-18;The Nexus Bowl;tournament;Geek Masters Invitational;1;Qualifying;Mickey Mouse;68965;Disney Characters - Disney Heroes;1;210;0
2025;2025-09-18;The Nexus Bowl;tournament;Geek Masters Invitational;1;Qualifying;Mickey Mouse;68965;Disney Characters - Disney Heroes;2;175;0
2025;2025-09-18;The Nexus Bowl;tournament;Geek Masters Invitational;1;Qualifying;Mickey Mouse;68965;Disney Characters - Disney Heroes;3;216;0
2025;2025-09-18;The Nexus Bowl;tournament;Geek Masters Invitational;1;Qualifying;Mickey Mouse;68965;Disney Characters - Disney Heroes;4;213;0
2025;2025-09-18;The Nexus Bowl;tournament;Geek Masters Invitational;1;Qualifying;Mickey Mouse;68965;Disney Characters - Disney Heroes;5;201;0
2025;2025-09-18;The Nexus Bowl;tournament;Geek Masters Invitational;1;Qualifying;Mickey Mouse;68965;Disney Characters - Disney Heroes;6;169;0
2025;2025-09-18;The Nexus Bowl;tournament;Geek Masters Invitational;1;Qualifying;Mickey Mouse;68965;Disney Characters - Disney Heroes;7;198;0
2025;2025-09-18;The Nexus Bowl;tournament;Geek Masters Invitational;1;Qualifying;Mulan;55229;Disney Characters - Disney Heroes;0;198;0
2025;2025-09-18;The Nexus Bowl;tournament;Geek Masters Invitational;1;Qualifying;Mulan;55229;Disney Characters - Disney Heroes;1;207;0
2025;2025-09-18;The Nexus Bowl;tournament;Geek Masters Invitational;1;Qualifying;Mulan;55229;Disney Characters - Disney Heroes;2;205;0
2025;2025-09-18;The Nexus Bowl;tournament;Geek Masters Invitational;1;Qualifying;Mulan;55229;Disney Characters - Disney Heroes;3;209;0
2025;2025-09-18;The Nexus Bowl;tournament;Geek Masters Invitational;1;Qualifying;Mulan;55229;Disney Characters - Disney Heroes;4;208;0
2025;2025-09-18;The Nexus Bowl;tournament;Geek Masters Invitational;1;Qualifying;Mulan;55229;Disney Characters - Disney Heroes;5;218;0
2025;2025-09-18;The Nexus Bowl;tournament;Geek Masters Invitational;1;Qualifying;Mulan;55229;Disney Characters - Disney Heroes;6;212;0
2025;2025-09-18;The Nexus Bowl;tournament;Geek Masters Invitational;1;Qualifying;Mulan;55229;Disney Characters - Disney Heroes;7;208;0
2025;2025-09-18;The Nexus Bowl;tournament;Geek Masters Invitational;1;Qualifying;Simba;65256;Disney Characters - Disney Heroes;0;197;0
2025;2025-09-18;The Nexus Bowl;tournament;Geek Masters Invitational;1;Qualifying;Simba;65256;Disney Characters - Disney Heroes;1;201;0
2025;2025-09-18;The Nexus Bowl;tournament;Geek Masters Invitational;1;Qualifying;Simba;65256;Disney Characters - Disney Heroes;2;190;0
2025;2025-09-18;The Nexus Bowl;tournament;Geek Masters Invitational;1;Qualifying;Simba;65256;Disney Characters - Disney Heroes;3;198;0
2025;2025-09-18;The Nexus Bowl;tournament;Geek Masters Invitational;1;Qualifying;Simba;65256;Disney Characters - Disney Heroes;4;178;0
2025;2025-09-18;The Nexus Bowl;tournament;Geek Masters Invitational;1;Qualifying;Simba;65256;Disney Characters - Disney Heroes;5;203;0
2025;2025-09-18;The Nexus Bowl;tournament;Geek Masters Invitational;1;Qualifying;Simba;65256;Disney Characters - Disney Heroes;6;188;0
2025;2025-09-18;The Nexus Bowl;tournament;Geek Masters Invitational;1;Qualifying;Simba;65256;Disney Characters - Disney Heroes;7;192;0
2025;2025-09-18;The Nexus Bowl;tournament;Geek Masters Invitational;1;Qualifying;Moana;56619;Disney Characters - Disney Heroes;0;178;0
2025;2025-09-18;The Nexus Bowl;tournament;Geek Masters Invitational;1;Qualifying;Moana;56619;Disney Characters - Disney Heroes;1;178;0
2025;2025-09-18;The Nexus Bowl;tournament;Geek Masters Invitational;1;Qualifying;Moana;56619;Disney Characters - Disney Heroes;2;174;0
2025;2025-09-18;The Nexus Bowl;tournament;Geek Masters Invitational;1;Qualifying;Moana;56619;Disney Characters - Disney Heroes;3;167;0
2025;2025-09-18;The Nexus Bowl;tournament;Geek Masters Invitational;1;Qualifying;Moana;56619;Disney Characters - Disney Heroes;4;168;0
2025;2025-09-18;The Nexus Bowl;tournament;Geek Masters Invitational;1;Qualifying;Moana;56619;Disney Characters - Disney Heroes;5;175;0
2025;2025-09-18;The Nexus Bowl;tournament;Geek Masters Invitational;1;Qualifying;Moana;56619;Disney Characters - Disney Heroes;6;168;0
2025;2025-09-18;The Nexus Bowl;tournament;Geek Masters Invitational;1;Qualifying;Moana;56619;Disney Characters - Disney Heroes;7;160;0
2025;2025-09-18;The Nexus Bowl;tournament;Geek Masters Invitational;1;Qualifying;Maleficent;74911;Disney Characters - Disney Villains;0;209;0
2025;2025-09-18;The Nexus Bowl;tournament;Geek Masters Invitational;1;Qualifying;Maleficent;74911;Disney Characters - Disney Villains;1;199;0
2025;2025-09-18;The Nexus Bowl;tournament;Geek Masters Invitational;1;Qualifying;Maleficent;74911;Disney Characters - Disney Villains;2;179;0
2025;2025-09-18;The Nexus Bowl;tournament;Geek Masters Invitational;1;Qualifying;Maleficent;74911;Disney Characters - Disney Villains;3;183;0
2025;2025-09-18;The Nexus Bowl;tournament;Geek Masters Invitational;1;Qualifying;Maleficent;74911;Disney Characters - Disney Villains;4;204;0
2025;2025-09-18;The Nexus Bowl;tournament;Geek Masters Invitational;1;Qualifying;Maleficent;74911;Disney Characters - Disney Villains;5;188;0
2025;2025-09-18;The Nexus Bowl;tournament;Geek Masters Invitational;1;Qualifying;Maleficent;74911;Disney Characters - Disney Villains;6;228;0
2025;2025-09-18;The Nexus Bowl;tournament;Geek Masters Invitational;1;Qualifying;Maleficent;74911;Disney Characters - Disney Villains;7;219;0
2025;2025-09-18;The Nexus Bowl;tournament;Geek Masters Invitational;1;Qualifying;Scar;68217;Disney Characters - Disney Villains;0;216;0
2025;2025-09-18;The Nexus Bowl;tournament;Geek Masters Invitational;1;Qualifying;Scar;68217;Disney Characters - Disney Villains;1;190;0
2025;2025-09-18;The Nexus Bowl;tournament;Geek Masters Invitational;1;Qualifying;Scar;68217;Disney Characters - Disney Villains;2;204;0
2025;2025-09-18;The Nexus Bowl;tournament;Geek Masters Invitational;1;Qualifying;Scar;68217;Disney Characters - Disney Villains;3;211;0
2025;2025-09-18;The Nexus Bowl;tournament;Geek Masters Invitational;1;Qualifying;Scar;68217;Disney Characters - Disney Villains;4;214;0
2025;2025-09-18;The Nexus Bowl;tournament;Geek Masters Invitational;1;Qualifying;Scar;68217;Disney Characters - Disney Villains;5;189;0
2025;2025-09-18;The Nexus Bowl;tournament;Geek Masters Invitational;1;Qualifying;Scar;68217;Disney Characters - Disney Villains;6;209;0
2025;2025-09-18;The Nexus Bowl;tournament;Geek Masters Invitational;1;Qualifying;Scar;68217;Disney Characters - Disney Villains;7;202;0
2025;2025-09-18;The Nexus Bowl;tournament;Geek Masters Invitational;1;Qualifying;Ursula;79714;Disney Characters - Disney Villains;0;171;0
2025;2025-09-18;The Nexus Bowl;tournament;Geek Masters Invitational;1;Qualifying;Ursula;79714;Disney Characters - Disney Villains;1;168;0
2025;2025-09-18;The Nexus Bowl;tournament;Geek Masters Invitational;1;Qualifying;Ursula;79714;Disney Characters - Disney Villains;2;199;0
2025;2025-09-18;The Nexus Bowl;tournament;Geek Masters Invitational;1;Qualifying;Ursula;79714;Disney Characters - Disney Villains;3;142;0
2025;2025-09-18;The Nexus Bowl;tournament;Geek Masters Invitational;1;Qualifying;Ursula;79714;Disney Characters - Disney Villains;4;178;0
2025;2025-09-18;The Nexus Bowl;tournament;Geek Masters Invitational;1;Qualifying;Ursula;79714;Disney Characters - Disney Villains;5;182;0
2025;2025-09-18;The Nexus Bowl;tournament;Geek Masters Invitational;1;Qualifying;Ursula;79714;Disney Characters - Disney Villains;6;176;0
2025;2025-09-18;The Nexus Bowl;tournament;Geek Masters Invitational;1;Qualifying;Ursula;79714;Disney Characters - Disney Villains;7;187;0
2025;2025-09-18;The Nexus Bowl;tournament;Geek Masters Invitational;1;Qualifying;Jafar;91660;Disney Characters - Disney Villains;0;173;0
2025;2025-09-18;The Nexus Bowl;tournament;Geek Masters Invitational;1;Qualifying;Jafar;91660;Disney Characters - Disney Villains;1;165;0
2025;2025-09-18;The Nexus Bowl;tournament;Geek Masters Invitational;1;Qualifying;Jafar;91660;Disney Characters - Disney Villains;2;173;0
2025;2025-09-18;The Nexus Bowl;tournament;Geek Masters Invitational;1;Qualifying;Jafar;91660;Disney Characters - Disney Villains;3;174;0
2025;2025-09-18;The Nexus Bowl;tournament;Geek Masters Invitational;1;Qualifying;Jafar;91660;Disney Characters - Disney Villains;4;180;0
2025;2025-09-18;The Nexus Bowl;tournament;Geek Masters Invitational;1;Qualifying;Jafar;91660;Disney Characters - Disney Villains;5;179;0
2025;2025-09-18;The Nexus Bowl;tournament;Geek Masters Invitational;1;Qualifying;Jafar;91660;Disney Characters - Disney Villains;6;175;0
2025;2025-09-18;The Nexus Bowl;tournament;Geek Masters Invitational;1;Qualifying;Jafar;91660;Disney Characters - Disney Villains;7;176;0
2025;2025-09-19;The Nexus Bowl;tournament;Geek Masters Invitational;2;Round 2;Gandalf;98265;Lord of the Rings - Free Peoples;0;223;0
2025;2025-09-19;The Nexus Bowl;tournament;Geek Masters Invitational;2;Round 2;Gandalf;98265;Lord of the Rings - Free Peoples;1;203;0
2025;2025-09-19;The Nexus Bowl;tournament;Geek Masters Invitational;2;Round 2;Gandalf;98265;Lord of the Rings - Free Peoples;2;211;0
2025;2025-09-19;The Nexus Bowl;tournament;Geek Masters Invitational;2;Round 2;Gandalf;98265;Lord of the Rings - Free Peoples;3;223;0
2025;2025-09-19;The Nexus Bowl;tournament;Geek Masters Invitational;2;Round 2;Gandalf;98265;Lord of the Rings - Free Peoples;4;222;0
2025;2025-09-19;The Nexus Bowl;tournament;Geek Masters Invitational;2;Round 2;Gandalf;98265;Lord of the Rings - Free Peoples;5;214;0
2025;2025-09-19;The Nexus Bowl;tournament;Geek Masters Invitational;2;Round 2;Worf;67335;Star Trek - Klingon-Romulan;0;218;0
2025;2025-09-19;The Nexus Bowl;tournament;Geek Masters Invitational;2;Round 2;Worf;67335;Star Trek - Klingon-Romulan;1;211;0
2025;2025-09-19;The Nexus Bowl;tournament;Geek Masters Invitational;2;Round 2;Worf;67335;Star Trek - Klingon-Romulan;2;190;0
2025;2025-09-19;The Nexus Bowl;tournament;Geek Masters Invitational;2;Round 2;Worf;67335;Star Trek - Klingon-Romulan;3;210;0
2025;2025-09-19;The Nexus Bowl;tournament;Geek Masters Invitational;2;Round 2;Worf;67335;Star Trek - Klingon-Romulan;4;203;0
2025;2025-09-19;The Nexus Bowl;tournament;Geek Masters Invitational;2;Round 2;Worf;67335;Star Trek - Klingon-Romulan;5;209;0
2025;2025-09-19;The Nexus Bowl;tournament;Geek Masters Invitational;2;Round 2;Darth Vader;68024;Star Wars - Sith Empire;0;203;0
2025;2025-09-19;The Nexus Bowl;tournament;Geek Masters Invitational;2;Round 2;Darth Vader;68024;Star Wars - Sith Empire;1;211;0
2025;2025-09-19;The Nexus Bowl;tournament;Geek Masters Invitational;2;Round 2;Darth Vader;68024;Star Wars - Sith Empire;2;216;0
2025;2025-09-19;The Nexus Bowl;tournament;Geek Masters Invitational;2;Round 2;Darth Vader;68024;Star Wars - Sith Empire;3;196;0
2025;2025-09-19;The Nexus Bowl;tournament;Geek Masters Invitational;2;Round 2;Darth Vader;68024;Star Wars - Sith Empire;4;218;0
2025;2025-09-19;The Nexus Bowl;tournament;Geek Masters Invitational;2;Round 2;Darth Vader;68024;Star Wars - Sith Empire;5;199;0
2025;2025-09-19;The Nexus Bowl;tournament;Geek Masters Invitational;2;Round 2;Jon Snow;86781;Game of Thrones - Stark-Targaryen Alliance;0;210;0
2025;2025-09-19;The Nexus Bowl;tournament;Geek Masters Invitational;2;Round 2;Jon Snow;86781;Game of Thrones - Stark-Targaryen Alliance;1;203;0
2025;2025-09-19;The Nexus Bowl;tournament;Geek Masters Invitational;2;Round 2;Jon Snow;86781;Game of Thrones - Stark-Targaryen Alliance;2;206;0
2025;2025-09-19;The Nexus Bowl;tournament;Geek Masters Invitational;2;Round 2;Jon Snow;86781;Game of Thrones - Stark-Targaryen Alliance;3;204;0
2025;2025-09-19;The Nexus Bowl;tournament;Geek Masters Invitational;2;Round 2;Jon Snow;86781;Game of Thrones - Stark-Targaryen Alliance;4;203;0
2025;2025-09-19;The Nexus Bowl;tournament;Geek Masters Invitational;2;Round 2;Jon Snow;86781;Game of Thrones - Stark-Targaryen Alliance;5;203;0
2025;2025-09-19;The Nexus Bowl;tournament;Geek Masters Invitational;2;Round 2;Gowron;52847;Star Trek - Klingon-Romulan;0;200;0
2025;2025-09-19;The Nexus Bowl;tournament;Geek Masters Invitational;2;Round 2;Gowron;52847;Star Trek - Klingon-Romulan;1;212;0
2025;2025-09-19;The Nexus Bowl;tournament;Geek Masters Invitational;2;Round 2;Gowron;52847;Star Trek - Klingon-Romulan;2;210;0
2025;2025-09-19;The Nexus Bowl;tournament;Geek Masters Invitational;2;Round 2;Gowron;52847;Star Trek - Klingon-Romulan;3;207;0
2025;2025-09-19;The Nexus Bowl;tournament;Geek Masters Invitational;2;Round 2;Gowron;52847;Star Trek - Klingon-Romulan;4;216;0
2025;2025-09-19;The Nexus Bowl;tournament;Geek Masters Invitational;2;Round 2;Gowron;52847;Star Trek - Klingon-Romulan;5;194;0
2025;2025-09-19;The Nexus Bowl;tournament;Geek Masters Invitational;2;Round 2;Lord Voldemort;65247;Harry Potter - Death Eaters;0;224;0
2025;2025-09-19;The Nexus Bowl;tournament;Geek Masters Invitational;2;Round 2;Lord Voldemort;65247;Harry Potter - Death Eaters;1;213;0
2025;2025-09-19;The Nexus Bowl;tournament;Geek Masters Invitational;2;Round 2;Lord Voldemort;65247;Harry Potter - Death Eaters;2;226;0
2025;2025-09-19;The Nexus Bowl;tournament;Geek Masters Invitational;2;Round 2;Lord Voldemort;65247;Harry Potter - Death Eaters;3;223;0
2025;2025-09-19;The Nexus Bowl;tournament;Geek Masters Invitational;2;Round 2;Lord Voldemort;65247;Harry Potter - Death Eaters;4;220;0
2025;2025-09-19;The Nexus Bowl;tournament;Geek Masters Invitational;2;Round 2;Lord Voldemort;65247;Harry Potter - Death Eaters;5;234;0
2025;2025-09-19;The Nexus Bowl;tournament;Geek Masters Invitational;2;Round 2;Harry Potter;52082;Harry Potter - Order of the Phoenix;0;210;0
2025;2025-09-19;The Nexus Bowl;tournament;Geek Masters Invitational;2;Round 2;Harry Potter;52082;Harry Potter - Order of the Phoenix;1;214;0
2025;2025-09-19;The Nexus Bowl;tournament;Geek Masters Invitational;2;Round 2;Harry Potter;52082;Harry Potter - Order of the Phoenix;2;202;0
2025;2025-09-19;The Nexus Bowl;tournament;Geek Masters Invitational;2;Round 2;Harry Potter;52082;Harry Potter - Order of the Phoenix;3;214;0
2025;2025-09-19;The Nexus Bowl;tournament;Geek Masters Invitational;2;Round 2;Harry Potter;52082;Harry Potter - Order of the Phoenix;4;226;0
2025;2025-09-19;The Nexus Bowl;tournament;Geek Masters Invitational;2;Round 2;Harry Potter;52082;Harry Potter - Order of the Phoenix;5;217;0
2025;2025-09-19;The Nexus Bowl;tournament;Geek Masters Invitational;2;Round 2;Feyd-Rautha;56698;Dune - Harkonnen-Sardaukar;0;202;0
2025;2025-09-19;The Nexus Bowl;tournament;Geek Masters Invitational;2;Round 2;Feyd-Rautha;56698;Dune - Harkonnen-Sardaukar;1;204;0
2025;2025-09-19;The Nexus Bowl;tournament;Geek Masters Invitational;2;Round 2;Feyd-Rautha;56698;Dune - Harkonnen-Sardaukar;2;183;0
2025;2025-09-19;The Nexus Bowl;tournament;Geek Masters Invitational;2;Round 2;Feyd-Rautha;56698;Dune - Harkonnen-Sardaukar;3;213;0
2025;2025-09-19;The Nexus Bowl;tournament;Geek Masters Invitational;2;Round 2;Feyd-Rautha;56698;Dune - Harkonnen-Sardaukar;4;201;0
2025;2025-09-19;The Nexus Bowl;tournament;Geek Masters Invitational;2;Round 2;Feyd-Rautha;56698;Dune - Harkonnen-Sardaukar;5;204;0
2025;2025-09-19;The Nexus Bowl;tournament;Geek Masters Invitational;2;Round 2;Hermione Granger;51952;Harry Potter - Order of the Phoenix;0;194;0
2025;2025-09-19;The Nexus Bowl;tournament;Geek Masters Invitational;2;Round 2;Hermione Granger;51952;Harry Potter - Order of the Phoenix;1;178;0
2025;2025-09-19;The Nexus Bowl;tournament;Geek Masters Invitational;2;Round 2;Hermione Granger;51952;Harry Potter - Order of the Phoenix;2;196;0
2025;2025-09-19;The Nexus Bowl;tournament;Geek Masters Invitational;2;Round 2;Hermione Granger;51952;Harry Potter - Order of the Phoenix;3;202;0
2025;2025-09-19;The Nexus Bowl;tournament;Geek Masters Invitational;2;Round 2;Hermione Granger;51952;Harry Potter - Order of the Phoenix;4;219;0
2025;2025-09-19;The Nexus Bowl;tournament;Geek Masters Invitational;2;Round 2;Hermione Granger;51952;Harry Potter - Order of the Phoenix;5;202;0
2025;2025-09-19;The Nexus Bowl;tournament;Geek Masters Invitational;2;Round 2;Luke Skywalker;91905;Star Wars - Jedi Order;0;210;0
2025;2025-09-19;The Nexus Bowl;tournament;Geek Masters Invitational;2;Round 2;Luke Skywalker;91905;Star Wars - Jedi Order;1;176;0
2025;2025-09-19;The Nexus Bowl;tournament;Geek Masters Invitational;2;Round 2;Luke Skywalker;91905;Star Wars - Jedi Order;2;197;0
2025;2025-09-19;The Nexus Bowl;tournament;Geek Masters Invitational;2;Round 2;Luke Skywalker;91905;Star Wars - Jedi Order;3;198;0
2025;2025-09-19;The Nexus Bowl;tournament;Geek Masters Invitational;2;Round 2;Luke Skywalker;91905;Star Wars - Jedi Order;4;224;0
2025;2025-09-19;The Nexus Bowl;tournament;Geek Masters Invitational;2;Round 2;Luke Skywalker;91905;Star Wars - Jedi Order;5;235;0
2025;2025-09-19;The Nexus Bowl;tournament;Geek Masters Invitational;2;Round 2;LeChuck;60463;LucasArts Games - Monkey Island & Legacy;0;208;0
2025;2025-09-19;The Nexus Bowl;tournament;Geek Masters Invitational;2;Round 2;LeChuck;60463;LucasArts Games - Monkey Island & Legacy;1;216;0
2025;2025-09-19;The Nexus Bowl;tournament;Geek Masters Invitational;2;Round 2;LeChuck;60463;LucasArts Games - Monkey Island & Legacy;2;199;0
2025;2025-09-19;The Nexus Bowl;tournament;Geek Masters Invitational;2;Round 2;LeChuck;60463;LucasArts Games - Monkey Island & Legacy;3;206;0
2025;2025-09-19;The Nexus Bowl;tournament;Geek Masters Invitational;2;Round 2;LeChuck;60463;LucasArts Games - Monkey Island & Legacy;4;195;0
2025;2025-09-19;The Nexus Bowl;tournament;Geek Masters Invitational;2;Round 2;LeChuck;60463;LucasArts Games - Monkey Island & Legacy;5;210;0
2025;2025-09-19;The Nexus Bowl;tournament;Geek Masters Invitational;2;Round 2;Roboute Guilliman;73700;Warhammer 40K - Imperium;0;207;0
2025;2025-09-19;The Nexus Bowl;tournament;Geek Masters Invitational;2;Round 2;Roboute Guilliman;73700;Warhammer 40K - Imperium;1;238;0
2025;2025-09-19;The Nexus Bowl;tournament;Geek Masters Invitational;2;Round 2;Roboute Guilliman;73700;Warhammer 40K - Imperium;2;220;0
2025;2025-09-19;The Nexus Bowl;tournament;Geek Masters Invitational;2;Round 2;Roboute Guilliman;73700;Warhammer 40K - Imperium;3;206;0
2025;2025-09-19;The Nexus Bowl;tournament;Geek Masters Invitational;2;Round 2;Roboute Guilliman;73700;Warhammer 40K - Imperium;4;207;0
2025;2025-09-19;The Nexus Bowl;tournament;Geek Masters Invitational;2;Round 2;Roboute Guilliman;73700;Warhammer 40K - Imperium;5;184;0
2025;2025-09-19;The Nexus Bowl;tournament;Geek Masters Invitational;2;Round 2;Jean-Luc Picard;56338;Star Trek - Federation;0;221;0
2025;2025-09-19;The Nexus Bowl;tournament;Geek Masters Invitational;2;Round 2;Jean-Luc Picard;56338;Star Trek - Federation;1;223;0
2025;2025-09-19;The Nexus Bowl;tournament;Geek Masters Invitational;2;Round 2;Jean-Luc Picard;56338;Star Trek - Federation;2;215;0
2025;2025-09-19;The Nexus Bowl;tournament;Geek Masters Invitational;2;Round 2;Jean-Luc Picard;56338;Star Trek - Federation;3;226;0
2025;2025-09-19;The Nexus Bowl;tournament;Geek Masters Invitational;2;Round 2;Jean-Luc Picard;56338;Star Trek - Federation;4;210;0
2025;2025-09-19;The Nexus Bowl;tournament;Geek Masters Invitational;2;Round 2;Jean-Luc Picard;56338;Star Trek - Federation;5;231;0
2025;2025-09-19;The Nexus Bowl;tournament;Geek Masters Invitational;2;Round 2;Mara Jade;88618;LucasArts Games - Jedi Knight Era;0;236;0
2025;2025-09-19;The Nexus Bowl;tournament;Geek Masters Invitational;2;Round 2;Mara Jade;88618;LucasArts Games - Jedi Knight Era;1;214;0
2025;2025-09-19;The Nexus Bowl;tournament;Geek Masters Invitational;2;Round 2;Mara Jade;88618;LucasArts Games - Jedi Knight Era;2;220;0
2025;2025-09-19;The Nexus Bowl;tournament;Geek Masters Invitational;2;Round 2;Mara Jade;88618;LucasArts Games - Jedi Knight Era;3;208;0
2025;2025-09-19;The Nexus Bowl;tournament;Geek Masters Invitational;2;Round 2;Mara Jade;88618;LucasArts Games - Jedi Knight Era;4;216;0
2025;2025-09-19;The Nexus Bowl;tournament;Geek Masters Invitational;2;Round 2;Mara Jade;88618;LucasArts Games - Jedi Knight Era;5;198;0
2025;2025-09-19;The Nexus Bowl;tournament;Geek Masters Invitational;2;Round 2;Cersei Lannister;95962;Game of Thrones - Lannister-Crown;0;222;0
2025;2025-09-19;The Nexus Bowl;tournament;Geek Masters Invitational;2;Round 2;Cersei Lannister;95962;Game of Thrones - Lannister-Crown;1;196;0
2025;2025-09-19;The Nexus Bowl;tournament;Geek Masters Invitational;2;Round 2;Cersei Lannister;95962;Game of Thrones - Lannister-Crown;2;199;0
2025;2025-09-19;The Nexus Bowl;tournament;Geek Masters Invitational;2;Round 2;Cersei Lannister;95962;Game of Thrones - Lannister-Crown;3;222;0
2025;2025-09-19;The Nexus Bowl;tournament;Geek Masters Invitational;2;Round 2;Cersei Lannister;95962;Game of Thrones - Lannister-Crown;4;183;0
2025;2025-09-19;The Nexus Bowl;tournament;Geek Masters Invitational;2;Round 2;Cersei Lannister;95962;Game of Thrones - Lannister-Crown;5;209;0
2025;2025-09-19;The Nexus Bowl;tournament;Geek Masters Invitational;2;Round 2;Baron Harkonnen;72059;Dune - Harkonnen-Sardaukar;0;208;0
2025;2025-09-19;The Nexus Bowl;tournament;Geek Masters Invitational;2;Round 2;Baron Harkonnen;72059;Dune - Harkonnen-Sardaukar;1;200;0
2025;2025-09-19;The Nexus Bowl;tournament;Geek Masters Invitational;2;Round 2;Baron Harkonnen;72059;Dune - Harkonnen-Sardaukar;2;191;0
2025;2025-09-19;The Nexus Bowl;tournament;Geek Masters Invitational;2;Round 2;Baron Harkonnen;72059;Dune - Harkonnen-Sardaukar;3;200;0
2025;2025-09-19;The Nexus Bowl;tournament;Geek Masters Invitational;2;Round 2;Baron Harkonnen;72059;Dune - Harkonnen-Sardaukar;4;198;0
2025;2025-09-19;The Nexus Bowl;tournament;Geek Masters Invitational;2;Round 2;Baron Harkonnen;72059;Dune - Harkonnen-Sardaukar;5;184;0
2025;2025-09-19;The Nexus Bowl;tournament;Geek Masters Invitational;2;Round 2;Guybrush Threepwood;99729;LucasArts Games - Monkey Island & Legacy;0;233;0
2025;2025-09-19;The Nexus Bowl;tournament;Geek Masters Invitational;2;Round 2;Guybrush Threepwood;99729;LucasArts Games - Monkey Island & Legacy;1;233;0
2025;2025-09-19;The Nexus Bowl;tournament;Geek Masters Invitational;2;Round 2;Guybrush Threepwood;99729;LucasArts Games - Monkey Island & Legacy;2;259;0
2025;2025-09-19;The Nexus Bowl;tournament;Geek Masters Invitational;2;Round 2;Guybrush Threepwood;99729;LucasArts Games - Monkey Island & Legacy;3;235;0
2025;2025-09-19;The Nexus Bowl;tournament;Geek Masters Invitational;2;Round 2;Guybrush Threepwood;99729;LucasArts Games - Monkey Island & Legacy;4;208;0
2025;2025-09-19;The Nexus Bowl;tournament;Geek Masters Invitational;2;Round 2;Guybrush Threepwood;99729;LucasArts Games - Monkey Island & Legacy;5;222;0
2025;2025-09-19;The Nexus Bowl;tournament;Geek Masters Invitational;2;Round 2;Kyle Katarn;79439;LucasArts Games - Jedi Knight Era;0;190;0
2025;2025-09-19;The Nexus Bowl;tournament;Geek Masters Invitational;2;Round 2;Kyle Katarn;79439;LucasArts Games - Jedi Knight Era;1;198;0
2025;2025-09-19;The Nexus Bowl;tournament;Geek Masters Invitational;2;Round 2;Kyle Katarn;79439;LucasArts Games - Jedi Knight Era;2;194;0
2025;2025-09-19;The Nexus Bowl;tournament;Geek Masters Invitational;2;Round 2;Kyle Katarn;79439;LucasArts Games - Jedi Knight Era;3;201;0
2025;2025-09-19;The Nexus Bowl;tournament;Geek Masters Invitational;2;Round 2;Kyle Katarn;79439;LucasArts Games - Jedi Knight Era;4;188;0
2025;2025-09-19;The Nexus Bowl;tournament;Geek Masters Invitational;2;Round 2;Kyle Katarn;79439;LucasArts Games - Jedi Knight Era;5;193;0
2025;2025-09-19;The Nexus Bowl;tournament;Geek Masters Invitational;2;Round 2;Commander Shepard;85142;Mass Effect - Alliance Crew;0;201;0
2025;2025-09-19;The Nexus Bowl;tournament;Geek Masters Invitational;2;Round 2;Commander Shepard;85142;Mass Effect - Alliance Crew;1;201;0
2025;2025-09-19;The Nexus Bowl;tournament;Geek Masters Invitational;2;Round 2;Commander Shepard;85142;Mass Effect - Alliance Crew;2;196;0
2025;2025-09-19;The Nexus Bowl;tournament;Geek Masters Invitational;2;Round 2;Commander Shepard;85142;Mass Effect - Alliance Crew;3;206;0
2025;2025-09-19;The Nexus Bowl;tournament;Geek Masters Invitational;2;Round 2;Commander Shepard;85142;Mass Effect - Alliance Crew;4;201;0
2025;2025-09-19;The Nexus Bowl;tournament;Geek Masters Invitational;2;Round 2;Commander Shepard;85142;Mass Effect - Alliance Crew;5;200;0
2025;2025-09-19;The Nexus Bowl;tournament;Geek Masters Invitational;2;Round 2;Emperor Palpatine;66049;Star Wars - Sith Empire;0;193;0
2025;2025-09-19;The Nexus Bowl;tournament;Geek Masters Invitational;2;Round 2;Emperor Palpatine;66049;Star Wars - Sith Empire;1;202;0
2025;2025-09-19;The Nexus Bowl;tournament;Geek Masters Invitational;2;Round 2;Emperor Palpatine;66049;Star Wars - Sith Empire;2;215;0
2025;2025-09-19;The Nexus Bowl;tournament;Geek Masters Invitational;2;Round 2;Emperor Palpatine;66049;Star Wars - Sith Empire;3;219;0
2025;2025-09-19;The Nexus Bowl;tournament;Geek Masters Invitational;2;Round 2;Emperor Palpatine;66049;Star Wars - Sith Empire;4;212;0
2025;2025-09-19;The Nexus Bowl;tournament;Geek Masters Invitational;2;Round 2;Emperor Palpatine;66049;Star Wars - Sith Empire;5;209;0
2025;2025-09-19;The Nexus Bowl;tournament;Geek Masters Invitational;2;Round 2;Mulan;55229;Disney Characters - Disney Heroes;0;200;0
2025;2025-09-19;The Nexus Bowl;tournament;Geek Masters Invitational;2;Round 2;Mulan;55229;Disney Characters - Disney Heroes;1;195;0
2025;2025-09-19;The Nexus Bowl;tournament;Geek Masters Invitational;2;Round 2;Mulan;55229;Disney Characters - Disney Heroes;2;197;0
2025;2025-09-19;The Nexus Bowl;tournament;Geek Masters Invitational;2;Round 2;Mulan;55229;Disney Characters - Disney Heroes;3;220;0
2025;2025-09-19;The Nexus Bowl;tournament;Geek Masters Invitational;2;Round 2;Mulan;55229;Disney Characters - Disney Heroes;4;202;0
2025;2025-09-19;The Nexus Bowl;tournament;Geek Masters Invitational;2;Round 2;Mulan;55229;Disney Characters - Disney Heroes;5;184;0
2025;2025-09-19;The Nexus Bowl;tournament;Geek Masters Invitational;2;Round 2;Obi-Wan Kenobi;57296;Star Wars - Jedi Order;0;225;0
2025;2025-09-19;The Nexus Bowl;tournament;Geek Masters Invitational;2;Round 2;Obi-Wan Kenobi;57296;Star Wars - Jedi Order;1;182;0
2025;2025-09-19;The Nexus Bowl;tournament;Geek Masters Invitational;2;Round 2;Obi-Wan Kenobi;57296;Star Wars - Jedi Order;2;210;0
2025;2025-09-19;The Nexus Bowl;tournament;Geek Masters Invitational;2;Round 2;Obi-Wan Kenobi;57296;Star Wars - Jedi Order;3;214;0
2025;2025-09-19;The Nexus Bowl;tournament;Geek Masters Invitational;2;Round 2;Obi-Wan Kenobi;57296;Star Wars - Jedi Order;4;216;0
2025;2025-09-19;The Nexus Bowl;tournament;Geek Masters Invitational;2;Round 2;Obi-Wan Kenobi;57296;Star Wars - Jedi Order;5;202;0
2025;2025-09-19;The Nexus Bowl;tournament;Geek Masters Invitational;2;Round 2;Illusive Man;86178;Mass Effect - Cerberus-Reapers;0;208;0
2025;2025-09-19;The Nexus Bowl;tournament;Geek Masters Invitational;2;Round 2;Illusive Man;86178;Mass Effect - Cerberus-Reapers;1;220;0
2025;2025-09-19;The Nexus Bowl;tournament;Geek Masters Invitational;2;Round 2;Illusive Man;86178;Mass Effect - Cerberus-Reapers;2;232;0
2025;2025-09-19;The Nexus Bowl;tournament;Geek Masters Invitational;2;Round 2;Illusive Man;86178;Mass Effect - Cerberus-Reapers;3;202;0
2025;2025-09-19;The Nexus Bowl;tournament;Geek Masters Invitational;2;Round 2;Illusive Man;86178;Mass Effect - Cerberus-Reapers;4;202;0
2025;2025-09-19;The Nexus Bowl;tournament;Geek Masters Invitational;2;Round 2;Illusive Man;86178;Mass Effect - Cerberus-Reapers;5;233;0
2025;2025-09-19;The Nexus Bowl;tournament;Geek Masters Invitational;2;Round 2;Sauron;85741;Lord of the Rings - Forces of Mordor;0;208;0
2025;2025-09-19;The Nexus Bowl;tournament;Geek Masters Invitational;2;Round 2;Sauron;85741;Lord of the Rings - Forces of Mordor;1;203;0
2025;2025-09-19;The Nexus Bowl;tournament;Geek Masters Invitational;2;Round 2;Sauron;85741;Lord of the Rings - Forces of Mordor;2;162;0
2025;2025-09-19;The Nexus Bowl;tournament;Geek Masters Invitational;2;Round 2;Sauron;85741;Lord of the Rings - Forces of Mordor;3;204;0
2025;2025-09-19;The Nexus Bowl;tournament;Geek Masters Invitational;2;Round 2;Sauron;85741;Lord of the Rings - Forces of Mordor;4;201;0
2025;2025-09-19;The Nexus Bowl;tournament;Geek Masters Invitational;2;Round 2;Sauron;85741;Lord of the Rings - Forces of Mordor;5;200;0
2025;2025-09-19;The Nexus Bowl;tournament;Geek Masters Invitational;2;Round 2;Paul Atreides;72298;Dune - House Atreides;0;215;0
2025;2025-09-19;The Nexus Bowl;tournament;Geek Masters Invitational;2;Round 2;Paul Atreides;72298;Dune - House Atreides;1;202;0
2025;2025-09-19;The Nexus Bowl;tournament;Geek Masters Invitational;2;Round 2;Paul Atreides;72298;Dune - House Atreides;2;209;0
2025;2025-09-19;The Nexus Bowl;tournament;Geek Masters Invitational;2;Round 2;Paul Atreides;72298;Dune - House Atreides;3;217;0
2025;2025-09-19;The Nexus Bowl;tournament;Geek Masters Invitational;2;Round 2;Paul Atreides;72298;Dune - House Atreides;4;208;0
2025;2025-09-19;The Nexus Bowl;tournament;Geek Masters Invitational;2;Round 2;Paul Atreides;72298;Dune - House Atreides;5;223;0
2025;2025-09-19;The Nexus Bowl;tournament;Geek Masters Invitational;2;Round 2;Spock;73526;Star Trek - Federation;0;230;0
2025;2025-09-19;The Nexus Bowl;tournament;Geek Masters Invitational;2;Round 2;Spock;73526;Star Trek - Federation;1;172;0
2025;2025-09-19;The Nexus Bowl;tournament;Geek Masters Invitational;2;Round 2;Spock;73526;Star Trek - Federation;2;200;0
2025;2025-09-19;The Nexus Bowl;tournament;Geek Masters Invitational;2;Round 2;Spock;73526;Star Trek - Federation;3;204;0
2025;2025-09-19;The Nexus Bowl;tournament;Geek Masters Invitational;2;Round 2;Spock;73526;Star Trek - Federation;4;204;0
2025;2025-09-19;The Nexus Bowl;tournament;Geek Masters Invitational;2;Round 2;Spock;73526;Star Trek - Federation;5;243;0
2025;2025-09-19;The Nexus Bowl;tournament;Geek Masters Invitational;2;Round 2;Harbinger;69213;Mass Effect - Cerberus-Reapers;0;214;0
2025;2025-09-19;The Nexus Bowl;tournament;Geek Masters Invitational;2;Round 2;Harbinger;69213;Mass Effect - Cerberus-Reapers;1;214;0
2025;2025-09-19;The Nexus Bowl;tournament;Geek Masters Invitational;2;Round 2;Harbinger;69213;Mass Effect - Cerberus-Reapers;2;211;0
2025;2025-09-19;The Nexus Bowl;tournament;Geek Masters Invitational;2;Round 2;Harbinger;69213;Mass Effect - Cerberus-Reapers;3;221;0
2025;2025-09-19;The Nexus Bowl;tournament;Geek Masters Invitational;2;Round 2;Harbinger;69213;Mass Effect - Cerberus-Reapers;4;199;0
2025;2025-09-19;The Nexus Bowl;tournament;Geek Masters Invitational;2;Round 2;Harbinger;69213;Mass Effect - Cerberus-Reapers;5;213;0
2025;2025-09-19;The Nexus Bowl;tournament;Geek Masters Invitational;2;Round 2;Scar;68217;Disney Characters - Disney Villains;0;210;0
2025;2025-09-19;The Nexus Bowl;tournament;Geek Masters Invitational;2;Round 2;Scar;68217;Disney Characters - Disney Villains;1;194;0
2025;2025-09-19;The Nexus Bowl;tournament;Geek Masters Invitational;2;Round 2;Scar;68217;Disney Characters - Disney Villains;2;204;0
2025;2025-09-19;The Nexus Bowl;tournament;Geek Masters Invitational;2;Round 2;Scar;68217;Disney Characters - Disney Villains;3;198;0
2025;2025-09-19;The Nexus Bowl;tournament;Geek Masters Invitational;2;Round 2;Scar;68217;Disney Characters - Disney Villains;4;214;0
2025;2025-09-19;The Nexus Bowl;tournament;Geek Masters Invitational;2;Round 2;Scar;68217;Disney Characters - Disney Villains;5;183;0
2025;2025-09-19;The Nexus Bowl;tournament;Geek Masters Invitational;2;Round 2;Liara T'Soni;74807;Mass Effect - Alliance Crew;0;190;0
2025;2025-09-19;The Nexus Bowl;tournament;Geek Masters Invitational;2;Round 2;Liara T'Soni;74807;Mass Effect - Alliance Crew;1;186;0
2025;2025-09-19;The Nexus Bowl;tournament;Geek Masters Invitational;2;Round 2;Liara T'Soni;74807;Mass Effect - Alliance Crew;2;205;0
2025;2025-09-19;The Nexus Bowl;tournament;Geek Masters Invitational;2;Round 2;Liara T'Soni;74807;Mass Effect - Alliance Crew;3;217;0
2025;2025-09-19;The Nexus Bowl;tournament;Geek Masters Invitational;2;Round 2;Liara T'Soni;74807;Mass Effect - Alliance Crew;4;194;0
2025;2025-09-19;The Nexus Bowl;tournament;Geek Masters Invitational;2;Round 2;Liara T'Soni;74807;Mass Effect - Alliance Crew;5;203;0
2025;2025-09-19;The Nexus Bowl;tournament;Geek Masters Invitational;2;Round 2;Lady Jessica;68210;Dune - House Atreides;0;205;0
2025;2025-09-19;The Nexus Bowl;tournament;Geek Masters Invitational;2;Round 2;Lady Jessica;68210;Dune - House Atreides;1;209;0
2025;2025-09-19;The Nexus Bowl;tournament;Geek Masters Invitational;2;Round 2;Lady Jessica;68210;Dune - House Atreides;2;192;0
2025;2025-09-19;The Nexus Bowl;tournament;Geek Masters Invitational;2;Round 2;Lady Jessica;68210;Dune - House Atreides;3;203;0
2025;2025-09-19;The Nexus Bowl;tournament;Geek Masters Invitational;2;Round 2;Lady Jessica;68210;Dune - House Atreides;4;195;0
2025;2025-09-19;The Nexus Bowl;tournament;Geek Masters Invitational;2;Round 2;Lady Jessica;68210;Dune - House Atreides;5;201;0
2025;2025-09-19;The Nexus Bowl;tournament;Geek Masters Invitational;2;Round 2;Maleficent;74911;Disney Characters - Disney Villains;0;189;0
2025;2025-09-19;The Nexus Bowl;tournament;Geek Masters Invitational;2;Round 2;Maleficent;74911;Disney Characters - Disney Villains;1;189;0
2025;2025-09-19;The Nexus Bowl;tournament;Geek Masters Invitational;2;Round 2;Maleficent;74911;Disney Characters - Disney Villains;2;244;0
2025;2025-09-19;The Nexus Bowl;tournament;Geek Masters Invitational;2;Round 2;Maleficent;74911;Disney Characters - Disney Villains;3;193;0
2025;2025-09-19;The Nexus Bowl;tournament;Geek Masters Invitational;2;Round 2;Maleficent;74911;Disney Characters - Disney Villains;4;210;0
2025;2025-09-19;The Nexus Bowl;tournament;Geek Masters Invitational;2;Round 2;Maleficent;74911;Disney Characters - Disney Villains;5;203;0
2025;2025-09-19;The Nexus Bowl;tournament;Geek Masters Invitational;2;Round 2;Magnus the Red;53003;Warhammer 40K - Chaos;0;194;0
2025;2025-09-19;The Nexus Bowl;tournament;Geek Masters Invitational;2;Round 2;Magnus the Red;53003;Warhammer 40K - Chaos;1;183;0
2025;2025-09-19;The Nexus Bowl;tournament;Geek Masters Invitational;2;Round 2;Magnus the Red;53003;Warhammer 40K - Chaos;2;189;0
2025;2025-09-19;The Nexus Bowl;tournament;Geek Masters Invitational;2;Round 2;Magnus the Red;53003;Warhammer 40K - Chaos;3;199;0
2025;2025-09-19;The Nexus Bowl;tournament;Geek Masters Invitational;2;Round 2;Magnus the Red;53003;Warhammer 40K - Chaos;4;195;0
2025;2025-09-19;The Nexus Bowl;tournament;Geek Masters Invitational;2;Round 2;Magnus the Red;53003;Warhammer 40K - Chaos;5;191;0
2025;2025-09-19;The Nexus Bowl;tournament;Geek Masters Invitational;2;Round 2;Bellatrix Lestrange;83118;Harry Potter - Death Eaters;0;196;0
2025;2025-09-19;The Nexus Bowl;tournament;Geek Masters Invitational;2;Round 2;Bellatrix Lestrange;83118;Harry Potter - Death Eaters;1;201;0
2025;2025-09-19;The Nexus Bowl;tournament;Geek Masters Invitational;2;Round 2;Bellatrix Lestrange;83118;Harry Potter - Death Eaters;2;216;0
2025;2025-09-19;The Nexus Bowl;tournament;Geek Masters Invitational;2;Round 2;Bellatrix Lestrange;83118;Harry Potter - Death Eaters;3;207;0
2025;2025-09-19;The Nexus Bowl;tournament;Geek Masters Invitational;2;Round 2;Bellatrix Lestrange;83118;Harry Potter - Death Eaters;4;200;0
2025;2025-09-19;The Nexus Bowl;tournament;Geek Masters Invitational;2;Round 2;Bellatrix Lestrange;83118;Harry Potter - Death Eaters;5;199;0
2025;2025-09-19;The Nexus Bowl;tournament;Geek Masters Invitational;2;Round 2;Saruman;88698;Lord of the Rings - Forces of Mordor;0;196;0
2025;2025-09-19;The Nexus Bowl;tournament;Geek Masters Invitational;2;Round 2;Saruman;88698;Lord of the Rings - Forces of Mordor;1;194;0
2025;2025-09-19;The Nexus Bowl;tournament;Geek Masters Invitational;2;Round 2;Saruman;88698;Lord of the Rings - Forces of Mordor;2;192;0
2025;2025-09-19;The Nexus Bowl;tournament;Geek Masters Invitational;2;Round 2;Saruman;88698;Lord of the Rings - Forces of Mordor;3;193;0
2025;2025-09-19;The Nexus Bowl;tournament;Geek Masters Invitational;2;Round 2;Saruman;88698;Lord of the Rings - Forces of Mordor;4;196;0
2025;2025-09-19;The Nexus Bowl;tournament;Geek Masters Invitational;2;Round 2;Saruman;88698;Lord of the Rings - Forces of Mordor;5;181;0
2025;2025-09-19;The Nexus Bowl;tournament;Geek Masters Invitational;2;Round 2;Jaden Korr;68231;LucasArts Games - Jedi Knight Era;0;185;0
2025;2025-09-19;The Nexus Bowl;tournament;Geek Masters Invitational;2;Round 2;Jaden Korr;68231;LucasArts Games - Jedi Knight Era;1;195;0
2025;2025-09-19;The Nexus Bowl;tournament;Geek Masters Invitational;2;Round 2;Jaden Korr;68231;LucasArts Games - Jedi Knight Era;2;187;0
2025;2025-09-19;The Nexus Bowl;tournament;Geek Masters Invitational;2;Round 2;Jaden Korr;68231;LucasArts Games - Jedi Knight Era;3;180;0
2025;2025-09-19;The Nexus Bowl;tournament;Geek Masters Invitational;2;Round 2;Jaden Korr;68231;LucasArts Games - Jedi Knight Era;4;188;0
2025;2025-09-19;The Nexus Bowl;tournament;Geek Masters Invitational;2;Round 2;Jaden Korr;68231;LucasArts Games - Jedi Knight Era;5;193;0
2025;2025-09-19;The Nexus Bowl;tournament;Geek Masters Invitational;2;Round 2;Mickey Mouse;68965;Disney Characters - Disney Heroes;0;204;0
2025;2025-09-19;The Nexus Bowl;tournament;Geek Masters Invitational;2;Round 2;Mickey Mouse;68965;Disney Characters - Disney Heroes;1;227;0
2025;2025-09-19;The Nexus Bowl;tournament;Geek Masters Invitational;2;Round 2;Mickey Mouse;68965;Disney Characters - Disney Heroes;2;199;0
2025;2025-09-19;The Nexus Bowl;tournament;Geek Masters Invitational;2;Round 2;Mickey Mouse;68965;Disney Characters - Disney Heroes;3;233;0
2025;2025-09-19;The Nexus Bowl;tournament;Geek Masters Invitational;2;Round 2;Mickey Mouse;68965;Disney Characters - Disney Heroes;4;206;0
2025;2025-09-19;The Nexus Bowl;tournament;Geek Masters Invitational;2;Round 2;Mickey Mouse;68965;Disney Characters - Disney Heroes;5;221;0
2025;2025-09-19;The Nexus Bowl;tournament;Geek Masters Invitational;2;Round 2;Garrus Vakarian;58180;Mass Effect - Alliance Crew;0;196;0
2025;2025-09-19;The Nexus Bowl;tournament;Geek Masters Invitational;2;Round 2;Garrus Vakarian;58180;Mass Effect - Alliance Crew;1;192;0
2025;2025-09-19;The Nexus Bowl;tournament;Geek Masters Invitational;2;Round 2;Garrus Vakarian;58180;Mass Effect - Alliance Crew;2;189;0
2025;2025-09-19;The Nexus Bowl;tournament;Geek Masters Invitational;2;Round 2;Garrus Vakarian;58180;Mass Effect - Alliance Crew;3;182;0
2025;2025-09-19;The Nexus Bowl;tournament;Geek Masters Invitational;2;Round 2;Garrus Vakarian;58180;Mass Effect - Alliance Crew;4;178;0
2025;2025-09-19;The Nexus Bowl;tournament;Geek Masters Invitational;2;Round 2;Garrus Vakarian;58180;Mass Effect - Alliance Crew;5;183;0
2025;2025-09-19;The Nexus Bowl;tournament;Geek Masters Invitational;2;Round 2;Jaime Lannister;85713;Game of Thrones - Lannister-Crown;0;191;0
2025;2025-09-19;The Nexus Bowl;tournament;Geek Masters Invitational;2;Round 2;Jaime Lannister;85713;Game of Thrones - Lannister-Crown;1;200;0
2025;2025-09-19;The Nexus Bowl;tournament;Geek Masters Invitational;2;Round 2;Jaime Lannister;85713;Game of Thrones - Lannister-Crown;2;195;0
2025;2025-09-19;The Nexus Bowl;tournament;Geek Masters Invitational;2;Round 2;Jaime Lannister;85713;Game of Thrones - Lannister-Crown;3;192;0
2025;2025-09-19;The Nexus Bowl;tournament;Geek Masters Invitational;2;Round 2;Jaime Lannister;85713;Game of Thrones - Lannister-Crown;4;221;0
2025;2025-09-19;The Nexus Bowl;tournament;Geek Masters Invitational;2;Round 2;Jaime Lannister;85713;Game of Thrones - Lannister-Crown;5;185;0
2025;2025-09-19;The Nexus Bowl;tournament;Geek Masters Invitational;2;Round 2;Duncan Idaho;60189;Dune - House Atreides;0;188;0
2025;2025-09-19;The Nexus Bowl;tournament;Geek Masters Invitational;2;Round 2;Duncan Idaho;60189;Dune - House Atreides;1;211;0
2025;2025-09-19;The Nexus Bowl;tournament;Geek Masters Invitational;2;Round 2;Duncan Idaho;60189;Dune - House Atreides;2;205;0
2025;2025-09-19;The Nexus Bowl;tournament;Geek Masters Invitational;2;Round 2;Duncan Idaho;60189;Dune - House Atreides;3;203;0
2025;2025-09-19;The Nexus Bowl;tournament;Geek Masters Invitational;2;Round 2;Duncan Idaho;60189;Dune - House Atreides;4;202;0
2025;2025-09-19;The Nexus Bowl;tournament;Geek Masters Invitational;2;Round 2;Duncan Idaho;60189;Dune - House Atreides;5;203;0
2025;2025-09-19;The Nexus Bowl;tournament;Geek Masters Invitational;2;Round 2;Tywin Lannister;77493;Game of Thrones - Lannister-Crown;0;184;0
2025;2025-09-19;The Nexus Bowl;tournament;Geek Masters Invitational;2;Round 2;Tywin Lannister;77493;Game of Thrones - Lannister-Crown;1;184;0
2025;2025-09-19;The Nexus Bowl;tournament;Geek Masters Invitational;2;Round 2;Tywin Lannister;77493;Game of Thrones - Lannister-Crown;2;194;0
2025;2025-09-19;The Nexus Bowl;tournament;Geek Masters Invitational;2;Round 2;Tywin Lannister;77493;Game of Thrones - Lannister-Crown;3;187;0
2025;2025-09-19;The Nexus Bowl;tournament;Geek Masters Invitational;2;Round 2;Tywin Lannister;77493;Game of Thrones - Lannister-Crown;4;190;0
2025;2025-09-19;The Nexus Bowl;tournament;Geek Masters Invitational;2;Round 2;Tywin Lannister;77493;Game of Thrones - Lannister-Crown;5;193;0
2025;2025-09-20;The Nexus Bowl;tournament;Geek Masters Invitational;3;Final;Gandalf;98265;Lord of the Rings - Free Peoples;0;203;0
2025;2025-09-20;The Nexus Bowl;tournament;Geek Masters Invitational;3;Final;Gandalf;98265;Lord of the Rings - Free Peoples;1;200;0
2025;2025-09-20;The Nexus Bowl;tournament;Geek Masters Invitational;3;Final;Gandalf;98265;Lord of the Rings - Free Peoples;2;204;0
2025;2025-09-20;The Nexus Bowl;tournament;Geek Masters Invitational;3;Final;Gandalf;98265;Lord of the Rings - Free Peoples;3;209;0
2025;2025-09-20;The Nexus Bowl;tournament;Geek Masters Invitational;3;Final;Gandalf;98265;Lord of the Rings - Free Peoples;4;215;0
2025;2025-09-20;The Nexus Bowl;tournament;Geek Masters Invitational;3;Final;Gandalf;98265;Lord of the Rings - Free Peoples;5;240;0
2025;2025-09-20;The Nexus Bowl;tournament;Geek Masters Invitational;3;Final;Guybrush Threepwood;99729;LucasArts Games - Monkey Island & Legacy;0;209;0
2025;2025-09-20;The Nexus Bowl;tournament;Geek Masters Invitational;3;Final;Guybrush Threepwood;99729;LucasArts Games - Monkey Island & Legacy;1;219;0
2025;2025-09-20;The Nexus Bowl;tournament;Geek Masters Invitational;3;Final;Guybrush Threepwood;99729;LucasArts Games - Monkey Island & Legacy;2;215;0
2025;2025-09-20;The Nexus Bowl;tournament;Geek Masters Invitational;3;Final;Guybrush Threepwood;99729;LucasArts Games - Monkey Island & Legacy;3;190;0
2025;2025-09-20;The Nexus Bowl;tournament;Geek Masters Invitational;3;Final;Guybrush Threepwood;99729;LucasArts Games - Monkey Island & Legacy;4;208;0
2025;2025-09-20;The Nexus Bowl;tournament;Geek Masters Invitational;3;Final;Guybrush Threepwood;99729;LucasArts Games - Monkey Island & Legacy;5;238;0
2025;2025-09-20;The Nexus Bowl;tournament;Geek Masters Invitational;3;Final;Lord Voldemort;65247;Harry Potter - Death Eaters;0;195;0
2025;2025-09-20;The Nexus Bowl;tournament;Geek Masters Invitational;3;Final;Lord Voldemort;65247;Harry Potter - Death Eaters;1;198;0
2025;2025-09-20;The Nexus Bowl;tournament;Geek Masters Invitational;3;Final;Lord Voldemort;65247;Harry Potter - Death Eaters;2;214;0
2025;2025-09-20;The Nexus Bowl;tournament;Geek Masters Invitational;3;Final;Lord Voldemort;65247;Harry Potter - Death Eaters;3;202;0
2025;2025-09-20;The Nexus Bowl;tournament;Geek Masters Invitational;3;Final;Lord Voldemort;65247;Harry Potter - Death Eaters;4;228;0
2025;2025-09-20;The Nexus Bowl;tournament;Geek Masters Invitational;3;Final;Lord Voldemort;65247;Harry Potter - Death Eaters;5;207;0
2025;2025-09-20;The Nexus Bowl;tournament;Geek Masters Invitational;3;Final;Jean-Luc Picard;56338;Star Trek - Federation;0;214;0
2025;2025-09-20;The Nexus Bowl;tournament;Geek Masters Invitational;3;Final;Jean-Luc Picard;56338;Star Trek - Federation;1;215;0
2025;2025-09-20;The Nexus Bowl;tournament;Geek Masters Invitational;3;Final;Jean-Luc Picard;56338;Star Trek - Federation;2;213;0
2025;2025-09-20;The Nexus Bowl;tournament;Geek Masters Invitational;3;Final;Jean-Luc Picard;56338;Star Trek - Federation;3;230;0
2025;2025-09-20;The Nexus Bowl;tournament;Geek Masters Invitational;3;Final;Jean-Luc Picard;56338;Star Trek - Federation;4;217;0
2025;2025-09-20;The Nexus Bowl;tournament;Geek Masters Invitational;3;Final;Jean-Luc Picard;56338;Star Trek - Federation;5;217;0
2025;2025-09-20;The Nexus Bowl;tournament;Geek Masters Invitational;3;Final;Harry Potter;52082;Harry Potter - Order of the Phoenix;0;240;0
2025;2025-09-20;The Nexus Bowl;tournament;Geek Masters Invitational;3;Final;Harry Potter;52082;Harry Potter - Order of the Phoenix;1;248;0
2025;2025-09-20;The Nexus Bowl;tournament;Geek Masters Invitational;3;Final;Harry Potter;52082;Harry Potter - Order of the Phoenix;2;212;0
2025;2025-09-20;The Nexus Bowl;tournament;Geek Masters Invitational;3;Final;Harry Potter;52082;Harry Potter - Order of the Phoenix;3;213;0
2025;2025-09-20;The Nexus Bowl;tournament;Geek Masters Invitational;3;Final;Harry Potter;52082;Harry Potter - Order of the Phoenix;4;224;0
2025;2025-09-20;The Nexus Bowl;tournament;Geek Masters Invitational;3;Final;Harry Potter;52082;Harry Potter - Order of the Phoenix;5;227;0
2025;2025-09-20;The Nexus Bowl;tournament;Geek Masters Invitational;3;Final;Mara Jade;88618;LucasArts Games - Jedi Knight Era;0;223;0
2025;2025-09-20;The Nexus Bowl;tournament;Geek Masters Invitational;3;Final;Mara Jade;88618;LucasArts Games - Jedi Knight Era;1;202;0
2025;2025-09-20;The Nexus Bowl;tournament;Geek Masters Invitational;3;Final;Mara Jade;88618;LucasArts Games - Jedi Knight Era;2;218;0
2025;2025-09-20;The Nexus Bowl;tournament;Geek Masters Invitational;3;Final;Mara Jade;88618;LucasArts Games - Jedi Knight Era;3;218;0
2025;2025-09-20;The Nexus Bowl;tournament;Geek Masters Invitational;3;Final;Mara Jade;88618;LucasArts Games - Jedi Knight Era;4;201;0
2025;2025-09-20;The Nexus Bowl;tournament;Geek Masters Invitational;3;Final;Mara Jade;88618;LucasArts Games - Jedi Knight Era;5;223;0
2025;2025-09-20;The Nexus Bowl;tournament;Geek Masters Invitational;3;Final;Worf;67335;Star Trek - Klingon-Romulan;0;213;0
2025;2025-09-20;The Nexus Bowl;tournament;Geek Masters Invitational;3;Final;Worf;67335;Star Trek - Klingon-Romulan;1;219;0
2025;2025-09-20;The Nexus Bowl;tournament;Geek Masters Invitational;3;Final;Worf;67335;Star Trek - Klingon-Romulan;2;206;0
2025;2025-09-20;The Nexus Bowl;tournament;Geek Masters Invitational;3;Final;Worf;67335;Star Trek - Klingon-Romulan;3;218;0
2025;2025-09-20;The Nexus Bowl;tournament;Geek Masters Invitational;3;Final;Worf;67335;Star Trek - Klingon-Romulan;4;216;0
2025;2025-09-20;The Nexus Bowl;tournament;Geek Masters Invitational;3;Final;Worf;67335;Star Trek - Klingon-Romulan;5;225;0
2025;2025-09-20;The Nexus Bowl;tournament;Geek Masters Invitational;3;Final;Darth Vader;68024;Star Wars - Sith Empire;0;206;0
2025;2025-09-20;The Nexus Bowl;tournament;Geek Masters Invitational;3;Final;Darth Vader;68024;Star Wars - Sith Empire;1;211;0
2025;2025-09-20;The Nexus Bowl;tournament;Geek Masters Invitational;3;Final;Darth Vader;68024;Star Wars - Sith Empire;2;217;0
2025;2025-09-20;The Nexus Bowl;tournament;Geek Masters Invitational;3;Final;Darth Vader;68024;Star Wars - Sith Empire;3;213;0
2025;2025-09-20;The Nexus Bowl;tournament;Geek Masters Invitational;3;Final;Darth Vader;68024;Star Wars - Sith Empire;4;213;0
2025;2025-09-20;The Nexus Bowl;tournament;Geek Masters Invitational;3;Final;Darth Vader;68024;Star Wars - Sith Empire;5;210;0
2025;2025-09-20;The Nexus Bowl;tournament;Geek Masters Invitational;3;Final;Gowron;52847;Star Trek - Klingon-Romulan;0;200;0
2025;2025-09-20;The Nexus Bowl;tournament;Geek Masters Invitational;3;Final;Gowron;52847;Star Trek - Klingon-Romulan;1;203;0
2025;2025-09-20;The Nexus Bowl;tournament;Geek Masters Invitational;3;Final;Gowron;52847;Star Trek - Klingon-Romulan;2;200;0
2025;2025-09-20;The Nexus Bowl;tournament;Geek Masters Invitational;3;Final;Gowron;52847;Star Trek - Klingon-Romulan;3;219;0
2025;2025-09-20;The Nexus Bowl;tournament;Geek Masters Invitational;3;Final;Gowron;52847;Star Trek - Klingon-Romulan;4;208;0
2025;2025-09-20;The Nexus Bowl;tournament;Geek Masters Invitational;3;Final;Gowron;52847;Star Trek - Klingon-Romulan;5;199;0
2025;2025-09-20;The Nexus Bowl;tournament;Geek Masters Invitational;3;Final;Roboute Guilliman;73700;Warhammer 40K - Imperium;0;210;0
2025;2025-09-20;The Nexus Bowl;tournament;Geek Masters Invitational;3;Final;Roboute Guilliman;73700;Warhammer 40K - Imperium;1;204;0
2025;2025-09-20;The Nexus Bowl;tournament;Geek Masters Invitational;3;Final;Roboute Guilliman;73700;Warhammer 40K - Imperium;2;231;0
2025;2025-09-20;The Nexus Bowl;tournament;Geek Masters Invitational;3;Final;Roboute Guilliman;73700;Warhammer 40K - Imperium;3;217;0
2025;2025-09-20;The Nexus Bowl;tournament;Geek Masters Invitational;3;Final;Roboute Guilliman;73700;Warhammer 40K - Imperium;4;237;0
2025;2025-09-20;The Nexus Bowl;tournament;Geek Masters Invitational;3;Final;Roboute Guilliman;73700;Warhammer 40K - Imperium;5;227;0
2025;2025-09-20;The Nexus Bowl;tournament;Geek Masters Invitational;3;Final;Illusive Man;86178;Mass Effect - Cerberus-Reapers;0;226;0
2025;2025-09-20;The Nexus Bowl;tournament;Geek Masters Invitational;3;Final;Illusive Man;86178;Mass Effect - Cerberus-Reapers;1;238;0
2025;2025-09-20;The Nexus Bowl;tournament;Geek Masters Invitational;3;Final;Illusive Man;86178;Mass Effect - Cerberus-Reapers;2;233;0
2025;2025-09-20;The Nexus Bowl;tournament;Geek Masters Invitational;3;Final;Illusive Man;86178;Mass Effect - Cerberus-Reapers;3;196;0
2025;2025-09-20;The Nexus Bowl;tournament;Geek Masters Invitational;3;Final;Illusive Man;86178;Mass Effect - Cerberus-Reapers;4;215;0
2025;2025-09-20;The Nexus Bowl;tournament;Geek Masters Invitational;3;Final;Illusive Man;86178;Mass Effect - Cerberus-Reapers;5;245;0
2025;2025-09-20;The Nexus Bowl;tournament;Geek Masters Invitational;3;Final;Jon Snow;86781;Game of Thrones - Stark-Targaryen Alliance;0;201;0
2025;2025-09-20;The Nexus Bowl;tournament;Geek Masters Invitational;3;Final;Jon Snow;86781;Game of Thrones - Stark-Targaryen Alliance;1;225;0
2025;2025-09-20;The Nexus Bowl;tournament;Geek Masters Invitational;3;Final;Jon Snow;86781;Game of Thrones - Stark-Targaryen Alliance;2;222;0
2025;2025-09-20;The Nexus Bowl;tournament;Geek Masters Invitational;3;Final;Jon Snow;86781;Game of Thrones - Stark-Targaryen Alliance;3;215;0
2025;2025-09-20;The Nexus Bowl;tournament;Geek Masters Invitational;3;Final;Jon Snow;86781;Game of Thrones - Stark-Targaryen Alliance;4;203;0
2025;2025-09-20;The Nexus Bowl;tournament;Geek Masters Invitational;3;Final;Jon Snow;86781;Game of Thrones - Stark-Targaryen Alliance;5;215;0
2025;2025-09-20;The Nexus Bowl;tournament;Geek Masters Invitational;3;Final;Luke Skywalker;91905;Star Wars - Jedi Order;0;234;0
2025;2025-09-20;The Nexus Bowl;tournament;Geek Masters Invitational;3;Final;Luke Skywalker;91905;Star Wars - Jedi Order;1;218;0
2025;2025-09-20;The Nexus Bowl;tournament;Geek Masters Invitational;3;Final;Luke Skywalker;91905;Star Wars - Jedi Order;2;212;0
2025;2025-09-20;The Nexus Bowl;tournament;Geek Masters Invitational;3;Final;Luke Skywalker;91905;Star Wars - Jedi Order;3;237;0
2025;2025-09-20;The Nexus Bowl;tournament;Geek Masters Invitational;3;Final;Luke Skywalker;91905;Star Wars - Jedi Order;4;219;0
2025;2025-09-20;The Nexus Bowl;tournament;Geek Masters Invitational;3;Final;Luke Skywalker;91905;Star Wars - Jedi Order;5;218;0
2025;2025-09-20;The Nexus Bowl;tournament;Geek Masters Invitational;3;Final;LeChuck;60463;LucasArts Games - Monkey Island & Legacy;0;216;0
2025;2025-09-20;The Nexus Bowl;tournament;Geek Masters Invitational;3;Final;LeChuck;60463;LucasArts Games - Monkey Island & Legacy;1;214;0
2025;2025-09-20;The Nexus Bowl;tournament;Geek Masters Invitational;3;Final;LeChuck;60463;LucasArts Games - Monkey Island & Legacy;2;217;0
2025;2025-09-20;The Nexus Bowl;tournament;Geek Masters Invitational;3;Final;LeChuck;60463;LucasArts Games - Monkey Island & Legacy;3;217;0
2025;2025-09-20;The Nexus Bowl;tournament;Geek Masters Invitational;3;Final;LeChuck;60463;LucasArts Games - Monkey Island & Legacy;4;226;0
2025;2025-09-20;The Nexus Bowl;tournament;Geek Masters Invitational;3;Final;LeChuck;60463;LucasArts Games - Monkey Island & Legacy;5;211;0
2025;2025-09-20;The Nexus Bowl;tournament;Geek Masters Invitational;3;Final;Paul Atreides;72298;Dune - House Atreides;0;196;0
2025;2025-09-20;The Nexus Bowl;tournament;Geek Masters Invitational;3;Final;Paul Atreides;72298;Dune - House Atreides;1;205;0
2025;2025-09-20;The Nexus Bowl;tournament;Geek Masters Invitational;3;Final;Paul Atreides;72298;Dune - House Atreides;2;204;0
2025;2025-09-20;The Nexus Bowl;tournament;Geek Masters Invitational;3;Final;Paul Atreides;72298;Dune - House Atreides;3;206;0
2025;2025-09-20;The Nexus Bowl;tournament;Geek Masters Invitational;3;Final;Paul Atreides;72298;Dune - House Atreides;4;205;0
2025;2025-09-20;The Nexus Bowl;tournament;Geek Masters Invitational;3;Final;Paul Atreides;72298;Dune - House Atreides;5;209;0
2025;2025-09-20;The Nexus Bowl;tournament;Geek Masters Invitational;3;Final;Emperor Palpatine;66049;Star Wars - Sith Empire;0;215;0
2025;2025-09-20;The Nexus Bowl;tournament;Geek Masters Invitational;3;Final;Emperor Palpatine;66049;Star Wars - Sith Empire;1;225;0
2025;2025-09-20;The Nexus Bowl;tournament;Geek Masters Invitational;3;Final;Emperor Palpatine;66049;Star Wars - Sith Empire;2;211;0
2025;2025-09-20;The Nexus Bowl;tournament;Geek Masters Invitational;3;Final;Emperor Palpatine;66049;Star Wars - Sith Empire;3;215;0
2025;2025-09-20;The Nexus Bowl;tournament;Geek Masters Invitational;3;Final;Emperor Palpatine;66049;Star Wars - Sith Empire;4;206;0
2025;2025-09-20;The Nexus Bowl;tournament;Geek Masters Invitational;3;Final;Emperor Palpatine;66049;Star Wars - Sith Empire;5;223;0
2025;2025-09-20;The Nexus Bowl;tournament;Geek Masters Invitational;3;Final;Harbinger;69213;Mass Effect - Cerberus-Reapers;0;205;0
2025;2025-09-20;The Nexus Bowl;tournament;Geek Masters Invitational;3;Final;Harbinger;69213;Mass Effect - Cerberus-Reapers;1;221;0
2025;2025-09-20;The Nexus Bowl;tournament;Geek Masters Invitational;3;Final;Harbinger;69213;Mass Effect - Cerberus-Reapers;2;213;0
2025;2025-09-20;The Nexus Bowl;tournament;Geek Masters Invitational;3;Final;Harbinger;69213;Mass Effect - Cerberus-Reapers;3;187;0
2025;2025-09-20;The Nexus Bowl;tournament;Geek Masters Invitational;3;Final;Harbinger;69213;Mass Effect - Cerberus-Reapers;4;220;0
2025;2025-09-20;The Nexus Bowl;tournament;Geek Masters Invitational;3;Final;Harbinger;69213;Mass Effect - Cerberus-Reapers;5;227;0
2025;2025-09-20;The Nexus Bowl;tournament;Geek Masters Invitational;3;Final;Feyd-Rautha;56698;Dune - Harkonnen-Sardaukar;0;191;0
2025;2025-09-20;The Nexus Bowl;tournament;Geek Masters Invitational;3;Final;Feyd-Rautha;56698;Dune - Harkonnen-Sardaukar;1;204;0
2025;2025-09-20;The Nexus Bowl;tournament;Geek Masters Invitational;3;Final;Feyd-Rautha;56698;Dune - Harkonnen-Sardaukar;2;219;0
2025;2025-09-20;The Nexus Bowl;tournament;Geek Masters Invitational;3;Final;Feyd-Rautha;56698;Dune - Harkonnen-Sardaukar;3;206;0
2025;2025-09-20;The Nexus Bowl;tournament;Geek Masters Invitational;3;Final;Feyd-Rautha;56698;Dune - Harkonnen-Sardaukar;4;220;0
2025;2025-09-20;The Nexus Bowl;tournament;Geek Masters Invitational;3;Final;Feyd-Rautha;56698;Dune - Harkonnen-Sardaukar;5;222;0
2025;2025-09-20;The Nexus Bowl;tournament;Geek Masters Invitational;3;Final;Cersei Lannister;95962;Game of Thrones - Lannister-Crown;0;215;0
2025;2025-09-20;The Nexus Bowl;tournament;Geek Masters Invitational;3;Final;Cersei Lannister;95962;Game of Thrones - Lannister-Crown;1;223;0
2025;2025-09-20;The Nexus Bowl;tournament;Geek Masters Invitational;3;Final;Cersei Lannister;95962;Game of Thrones - Lannister-Crown;2;215;0
2025;2025-09-20;The Nexus Bowl;tournament;Geek Masters Invitational;3;Final;Cersei Lannister;95962;Game of Thrones - Lannister-Crown;3;234;0
2025;2025-09-20;The Nexus Bowl;tournament;Geek Masters Invitational;3;Final;Cersei Lannister;95962;Game of Thrones - Lannister-Crown;4;213;0
2025;2025-09-20;The Nexus Bowl;tournament;Geek Masters Invitational;3;Final;Cersei Lannister;95962;Game of Thrones - Lannister-Crown;5;220;0
2025;2025-09-20;The Nexus Bowl;tournament;Geek Masters Invitational;3;Final;Obi-Wan Kenobi;57296;Star Wars - Jedi Order;0;207;0
2025;2025-09-20;The Nexus Bowl;tournament;Geek Masters Invitational;3;Final;Obi-Wan Kenobi;57296;Star Wars - Jedi Order;1;187;0
2025;2025-09-20;The Nexus Bowl;tournament;Geek Masters Invitational;3;Final;Obi-Wan Kenobi;57296;Star Wars - Jedi Order;2;189;0
2025;2025-09-20;The Nexus Bowl;tournament;Geek Masters Invitational;3;Final;Obi-Wan Kenobi;57296;Star Wars - Jedi Order;3;219;0
2025;2025-09-20;The Nexus Bowl;tournament;Geek Masters Invitational;3;Final;Obi-Wan Kenobi;57296;Star Wars - Jedi Order;4;230;0
2025;2025-09-20;The Nexus Bowl;tournament;Geek Masters Invitational;3;Final;Obi-Wan Kenobi;57296;Star Wars - Jedi Order;5;227;0
2026;2026-09-18;The Nexus Bowl;tournament;Geek Masters Invitational;1;Qualifying;Luke Skywalker;91905;Star Wars - Jedi Order;0;231;0
2026;2026-09-18;The Nexus Bowl;tournament;Geek Masters Invitational;1;Qualifying;Luke Skywalker;91905;Star Wars - Jedi Order;1;203;0
2026;2026-09-18;The Nexus Bowl;tournament;Geek Masters Invitational;1;Qualifying;Luke Skywalker;91905;Star Wars - Jedi Order;2;215;0
2026;2026-09-18;The Nexus Bowl;tournament;Geek Masters Invitational;1;Qualifying;Luke Skywalker;91905;Star Wars - Jedi Order;3;204;0
2026;2026-09-18;The Nexus Bowl;tournament;Geek Masters Invitational;1;Qualifying;Luke Skywalker;91905;Star Wars - Jedi Order;4;224;0
2026;2026-09-18;The Nexus Bowl;tournament;Geek Masters Invitational;1;Qualifying;Luke Skywalker;91905;Star Wars - Jedi Order;5;226;0
2026;2026-09-18;The Nexus Bowl;tournament;Geek Masters Invitational;1;Qualifying;Luke Skywalker;91905;Star Wars - Jedi Order;6;226;0
2026;2026-09-18;The Nexus Bowl;tournament;Geek Masters Invitational;1;Qualifying;Luke Skywalker;91905;Star Wars - Jedi Order;7;204;0
2026;2026-09-18;The Nexus Bowl;tournament;Geek Masters Invitational;1;Qualifying;Obi-Wan Kenobi;57296;Star Wars - Jedi Order;0;176;0
2026;2026-09-18;The Nexus Bowl;tournament;Geek Masters Invitational;1;Qualifying;Obi-Wan Kenobi;57296;Star Wars - Jedi Order;1;217;0
2026;2026-09-18;The Nexus Bowl;tournament;Geek Masters Invitational;1;Qualifying;Obi-Wan Kenobi;57296;Star Wars - Jedi Order;2;145;0
2026;2026-09-18;The Nexus Bowl;tournament;Geek Masters Invitational;1;Qualifying;Obi-Wan Kenobi;57296;Star Wars - Jedi Order;3;181;0
2026;2026-09-18;The Nexus Bowl;tournament;Geek Masters Invitational;1;Qualifying;Obi-Wan Kenobi;57296;Star Wars - Jedi Order;4;212;0
2026;2026-09-18;The Nexus Bowl;tournament;Geek Masters Invitational;1;Qualifying;Obi-Wan Kenobi;57296;Star Wars - Jedi Order;5;207;0
2026;2026-09-18;The Nexus Bowl;tournament;Geek Masters Invitational;1;Qualifying;Obi-Wan Kenobi;57296;Star Wars - Jedi Order;6;188;0
2026;2026-09-18;The Nexus Bowl;tournament;Geek Masters Invitational;1;Qualifying;Obi-Wan Kenobi;57296;Star Wars - Jedi Order;7;169;0
2026;2026-09-18;The Nexus Bowl;tournament;Geek Masters Invitational;1;Qualifying;Ahsoka Tano;51639;Star Wars - Jedi Order;0;185;0
2026;2026-09-18;The Nexus Bowl;tournament;Geek Masters Invitational;1;Qualifying;Ahsoka Tano;51639;Star Wars - Jedi Order;1;188;0
2026;2026-09-18;The Nexus Bowl;tournament;Geek Masters Invitational;1;Qualifying;Ahsoka Tano;51639;Star Wars - Jedi Order;2;199;0
2026;2026-09-18;The Nexus Bowl;tournament;Geek Masters Invitational;1;Qualifying;Ahsoka Tano;51639;Star Wars - Jedi Order;3;176;0
2026;2026-09-18;The Nexus Bowl;tournament;Geek Masters Invitational;1;Qualifying;Ahsoka Tano;51639;Star Wars - Jedi Order;4;195;0
2026;2026-09-18;The Nexus Bowl;tournament;Geek Masters Invitational;1;Qualifying;Ahsoka Tano;51639;Star Wars - Jedi Order;5;176;0
2026;2026-09-18;The Nexus Bowl;tournament;Geek Masters Invitational;1;Qualifying;Ahsoka Tano;51639;Star Wars - Jedi Order;6;184;0
2026;2026-09-18;The Nexus Bowl;tournament;Geek Masters Invitational;1;Qualifying;Ahsoka Tano;51639;Star Wars - Jedi Order;7;186;0
2026;2026-09-18;The Nexus Bowl;tournament;Geek Masters Invitational;1;Qualifying;Mace Windu;98598;Star Wars - Jedi Order;0;166;0
2026;2026-09-18;The Nexus Bowl;tournament;Geek Masters Invitational;1;Qualifying;Mace Windu;98598;Star Wars - Jedi Order;1;163;0
2026;2026-09-18;The Nexus Bowl;tournament;Geek Masters Invitational;1;Qualifying;Mace Windu;98598;Star Wars - Jedi Order;2;166;0
2026;2026-09-18;The Nexus Bowl;tournament;Geek Masters Invitational;1;Qualifying;Mace Windu;98598;Star Wars - Jedi Order;3;186;0
2026;2026-09-18;The Nexus Bowl;tournament;Geek Masters Invitational;1;Qualifying;Mace Windu;98598;Star Wars - Jedi Order;4;179;0
2026;2026-09-18;The Nexus Bowl;tournament;Geek Masters Invitational;1;Qualifying;Mace Windu;98598;Star Wars - Jedi Order;5;183;0
2026;2026-09-18;The Nexus Bowl;tournament;Geek Masters Invitational;1;Qualifying;Mace Windu;98598;Star Wars - Jedi Order;6;194;0
2026;2026-09-18;The Nexus Bowl;tournament;Geek Masters Invitational;1;Qualifying;Mace Windu;98598;Star Wars - Jedi Order;7;180;0
2026;2026-09-18;The Nexus Bowl;tournament;Geek Masters Invitational;1;Qualifying;Darth Vader;68024;Star Wars - Sith Empire;0;205;0
2026;2026-09-18;The Nexus Bowl;tournament;Geek Masters Invitational;1;Qualifying;Darth Vader;68024;Star Wars - Sith Empire;1;215;0
2026;2026-09-18;The Nexus Bowl;tournament;Geek Masters Invitational;1;Qualifying;Darth Vader;68024;Star Wars - Sith Empire;2;208;0
2026;2026-09-18;The Nexus Bowl;tournament;Geek Masters Invitational;1;Qualifying;Darth Vader;68024;Star Wars - Sith Empire;3;223;0
2026;2026-09-18;The Nexus Bowl;tournament;Geek Masters Invitational;1;Qualifying;Darth Vader;68024;Star Wars - Sith Empire;4;221;0
2026;2026-09-18;The Nexus Bowl;tournament;Geek Masters Invitational;1;Qualifying;Darth Vader;68024;Star Wars - Sith Empire;5;202;0
2026;2026-09-18;The Nexus Bowl;tournament;Geek Masters Invitational;1;Qualifying;Darth Vader;68024;Star Wars - Sith Empire;6;206;0
2026;2026-09-18;The Nexus Bowl;tournament;Geek Masters Invitational;1;Qualifying;Darth Vader;68024;Star Wars - Sith Empire;7;209;0
2026;2026-09-18;The Nexus Bowl;tournament;Geek Masters Invitational;1;Qualifying;Emperor Palpatine;66049;Star Wars - Sith Empire;0;228;0
2026;2026-09-18;The Nexus Bowl;tournament;Geek Masters Invitational;1;Qualifying;Emperor Palpatine;66049;Star Wars - Sith Empire;1;201;0
2026;2026-09-18;The Nexus Bowl;tournament;Geek Masters Invitational;1;Qualifying;Emperor Palpatine;66049;Star Wars - Sith Empire;2;215;0
2026;2026-09-18;The Nexus Bowl;tournament;Geek Masters Invitational;1;Qualifying;Emperor Palpatine;66049;Star Wars - Sith Empire;3;207;0
2026;2026-09-18;The Nexus Bowl;tournament;Geek Masters Invitational;1;Qualifying;Emperor Palpatine;66049;Star Wars - Sith Empire;4;210;0
2026;2026-09-18;The Nexus Bowl;tournament;Geek Masters Invitational;1;Qualifying;Emperor Palpatine;66049;Star Wars - Sith Empire;5;219;0
2026;2026-09-18;The Nexus Bowl;tournament;Geek Masters Invitational;1;Qualifying;Emperor Palpatine;66049;Star Wars - Sith Empire;6;221;0
2026;2026-09-18;The Nexus Bowl;tournament;Geek Masters Invitational;1;Qualifying;Emperor Palpatine;66049;Star Wars - Sith Empire;7;198;0
2026;2026-09-18;The Nexus Bowl;tournament;Geek Masters Invitational;1;Qualifying;Darth Maul;64628;Star Wars - Sith Empire;0;149;0
2026;2026-09-18;The Nexus Bowl;tournament;Geek Masters Invitational;1;Qualifying;Darth Maul;64628;Star Wars - Sith Empire;1;178;0
2026;2026-09-18;The Nexus Bowl;tournament;Geek Masters Invitational;1;Qualifying;Darth Maul;64628;Star Wars - Sith Empire;2;179;0
2026;2026-09-18;The Nexus Bowl;tournament;Geek Masters Invitational;1;Qualifying;Darth Maul;64628;Star Wars - Sith Empire;3;191;0
2026;2026-09-18;The Nexus Bowl;tournament;Geek Masters Invitational;1;Qualifying;Darth Maul;64628;Star Wars - Sith Empire;4;179;0
2026;2026-09-18;The Nexus Bowl;tournament;Geek Masters Invitational;1;Qualifying;Darth Maul;64628;Star Wars - Sith Empire;5;190;0
2026;2026-09-18;The Nexus Bowl;tournament;Geek Masters Invitational;1;Qualifying;Darth Maul;64628;Star Wars - Sith Empire;6;154;0
2026;2026-09-18;The Nexus Bowl;tournament;Geek Masters Invitational;1;Qualifying;Darth Maul;64628;Star Wars - Sith Empire;7;165;0
2026;2026-09-18;The Nexus Bowl;tournament;Geek Masters Invitational;1;Qualifying;Count Dooku;59144;Star Wars - Sith Empire;0;166;0
2026;2026-09-18;The Nexus Bowl;tournament;Geek Masters Invitational;1;Qualifying;Count Dooku;59144;Star Wars - Sith Empire;1;171;0
2026;2026-09-18;The Nexus Bowl;tournament;Geek Masters Invitational;1;Qualifying;Count Dooku;59144;Star Wars - Sith Empire;2;165;0
2026;2026-09-18;The Nexus Bowl;tournament;Geek Masters Invitational;1;Qualifying;Count Dooku;59144;Star Wars - Sith Empire;3;183;0
2026;2026-09-18;The Nexus Bowl;tournament;Geek Masters Invitational;1;Qualifying;Count Dooku;59144;Star Wars - Sith Empire;4;183;0
2026;2026-09-18;The Nexus Bowl;tournament;Geek Masters Invitational;1;Qualifying;Count Dooku;59144;Star Wars - Sith Empire;5;176;0
2026;2026-09-18;The Nexus Bowl;tournament;Geek Masters Invitational;1;Qualifying;Count Dooku;59144;Star Wars - Sith Empire;6;188;0
2026;2026-09-18;The Nexus Bowl;tournament;Geek Masters Invitational;1;Qualifying;Count Dooku;59144;Star Wars - Sith Empire;7;186;0
2026;2026-09-18;The Nexus Bowl;tournament;Geek Masters Invitational;1;Qualifying;Gandalf;98265;Lord of the Rings - Free Peoples;0;219;0
2026;2026-09-18;The Nexus Bowl;tournament;Geek Masters Invitational;1;Qualifying;Gandalf;98265;Lord of the Rings - Free Peoples;1;203;0
2026;2026-09-18;The Nexus Bowl;tournament;Geek Masters Invitational;1;Qualifying;Gandalf;98265;Lord of the Rings - Free Peoples;2;215;0
2026;2026-09-18;The Nexus Bowl;tournament;Geek Masters Invitational;1;Qualifying;Gandalf;98265;Lord of the Rings - Free Peoples;3;212;0
2026;2026-09-18;The Nexus Bowl;tournament;Geek Masters Invitational;1;Qualifying;Gandalf;98265;Lord of the Rings - Free Peoples;4;219;0
2026;2026-09-18;The Nexus Bowl;tournament;Geek Masters Invitational;1;Qualifying;Gandalf;98265;Lord of the Rings - Free Peoples;5;213;0
2026;2026-09-18;The Nexus Bowl;tournament;Geek Masters Invitational;1;Qualifying;Gandalf;98265;Lord of the Rings - Free Peoples;6;216;0
2026;2026-09-18;The Nexus Bowl;tournament;Geek Masters Invitational;1;Qualifying;Gandalf;98265;Lord of the Rings - Free Peoples;7;215;0
2026;2026-09-18;The Nexus Bowl;tournament;Geek Masters Invitational;1;Qualifying;Aragorn;56717;Lord of the Rings - Free Peoples;0;204;0
2026;2026-09-18;The Nexus Bowl;tournament;Geek Masters Invitational;1;Qualifying;Aragorn;56717;Lord of the Rings - Free Peoples;1;191;0
2026;2026-09-18;The Nexus Bowl;tournament;Geek Masters Invitational;1;Qualifying;Aragorn;56717;Lord of the Rings - Free Peoples;2;204;0
2026;2026-09-18;The Nexus Bowl;tournament;Geek Masters Invitational;1;Qualifying;Aragorn;56717;Lord of the Rings - Free Peoples;3;193;0
2026;2026-09-18;The Nexus Bowl;tournament;Geek Masters Invitational;1;Qualifying;Aragorn;56717;Lord of the Rings - Free Peoples;4;205;0
2026;2026-09-18;The Nexus Bowl;tournament;Geek Masters Invitational;1;Qualifying;Aragorn;56717;Lord of the Rings - Free Peoples;5;183;0
2026;2026-09-18;The Nexus Bowl;tournament;Geek Masters Invitational;1;Qualifying;Aragorn;56717;Lord of the Rings - Free Peoples;6;183;0
2026;2026-09-18;The Nexus Bowl;tournament;Geek Masters Invitational;1;Qualifying;Aragorn;56717;Lord of the Rings - Free Peoples;7;195;0
2026;2026-09-18;The Nexus Bowl;tournament;Geek Masters Invitational;1;Qualifying;Legolas;94348;Lord of the Rings - Free Peoples;0;155;0
2026;2026-09-18;The Nexus Bowl;tournament;Geek Masters Invitational;1;Qualifying;Legolas;94348;Lord of the Rings - Free Peoples;1;153;0
2026;2026-09-18;The Nexus Bowl;tournament;Geek Masters Invitational;1;Qualifying;Legolas;94348;Lord of the Rings - Free Peoples;2;155;0
2026;2026-09-18;The Nexus Bowl;tournament;Geek Masters Invitational;1;Qualifying;Legolas;94348;Lord of the Rings - Free Peoples;3;155;0
2026;2026-09-18;The Nexus Bowl;tournament;Geek Masters Invitational;1;Qualifying;Legolas;94348;Lord of the Rings - Free Peoples;4;179;0
2026;2026-09-18;The Nexus Bowl;tournament;Geek Masters Invitational;1;Qualifying;Legolas;94348;Lord of the Rings - Free Peoples;5;139;0
2026;2026-09-18;The Nexus Bowl;tournament;Geek Masters Invitational;1;Qualifying;Legolas;94348;Lord of the Rings - Free Peoples;6;197;0
2026;2026-09-18;The Nexus Bowl;tournament;Geek Masters Invitational;1;Qualifying;Legolas;94348;Lord of the Rings - Free Peoples;7;214;0
2026;2026-09-18;The Nexus Bowl;tournament;Geek Masters Invitational;1;Qualifying;Gimli;98540;Lord of the Rings - Free Peoples;0;164;0
2026;2026-09-18;The Nexus Bowl;tournament;Geek Masters Invitational;1;Qualifying;Gimli;98540;Lord of the Rings - Free Peoples;1;166;0
2026;2026-09-18;The Nexus Bowl;tournament;Geek Masters Invitational;1;Qualifying;Gimli;98540;Lord of the Rings - Free Peoples;2;191;0
2026;2026-09-18;The Nexus Bowl;tournament;Geek Masters Invitational;1;Qualifying;Gimli;98540;Lord of the Rings - Free Peoples;3;176;0
2026;2026-09-18;The Nexus Bowl;tournament;Geek Masters Invitational;1;Qualifying;Gimli;98540;Lord of the Rings - Free Peoples;4;169;0
2026;2026-09-18;The Nexus Bowl;tournament;Geek Masters Invitational;1;Qualifying;Gimli;98540;Lord of the Rings - Free Peoples;5;173;0
2026;2026-09-18;The Nexus Bowl;tournament;Geek Masters Invitational;1;Qualifying;Gimli;98540;Lord of the Rings - Free Peoples;6;170;0
2026;2026-09-18;The Nexus Bowl;tournament;Geek Masters Invitational;1;Qualifying;Gimli;98540;Lord of the Rings - Free Peoples;7;176;0
2026;2026-09-18;The Nexus Bowl;tournament;Geek Masters Invitational;1;Qualifying;Sauron;85741;Lord of the Rings - Forces of Mordor;0;205;0
2026;2026-09-18;The Nexus Bowl;tournament;Geek Masters Invitational;1;Qualifying;Sauron;85741;Lord of the Rings - Forces of Mordor;1;190;0
2026;2026-09-18;The Nexus Bowl;tournament;Geek Masters Invitational;1;Qualifying;Sauron;85741;Lord of the Rings - Forces of Mordor;2;228;0
2026;2026-09-18;The Nexus Bowl;tournament;Geek Masters Invitational;1;Qualifying;Sauron;85741;Lord of the Rings - Forces of Mordor;3;190;0
2026;2026-09-18;The Nexus Bowl;tournament;Geek Masters Invitational;1;Qualifying;Sauron;85741;Lord of the Rings - Forces of Mordor;4;222;0
2026;2026-09-18;The Nexus Bowl;tournament;Geek Masters Invitational;1;Qualifying;Sauron;85741;Lord of the Rings - Forces of Mordor;5;228;0
2026;2026-09-18;The Nexus Bowl;tournament;Geek Masters Invitational;1;Qualifying;Sauron;85741;Lord of the Rings - Forces of Mordor;6;220;0
2026;2026-09-18;The Nexus Bowl;tournament;Geek Masters Invitational;1;Qualifying;Sauron;85741;Lord of the Rings - Forces of Mordor;7;222;0
2026;2026-09-18;The Nexus Bowl;tournament;Geek Masters Invitational;1;Qualifying;Witch-king;55697;Lord of the Rings - Forces of Mordor;0;189;0
2026;2026-09-18;The Nexus Bowl;tournament;Geek Masters Invitational;1;Qualifying;Witch-king;55697;Lord of the Rings - Forces of Mordor;1;186;0
2026;2026-09-18;The Nexus Bowl;tournament;Geek Masters Invitational;1;Qualifying;Witch-king;55697;Lord of the Rings - Forces of Mordor;2;196;0
2026;2026-09-18;The Nexus Bowl;tournament;Geek Masters Invitational;1;Qualifying;Witch-king;55697;Lord of the Rings - Forces of Mordor;3;193;0
2026;2026-09-18;The Nexus Bowl;tournament;Geek Masters Invitational;1;Qualifying;Witch-king;55697;Lord of the Rings - Forces of Mordor;4;195;0
2026;2026-09-18;The Nexus Bowl;tournament;Geek Masters Invitational;1;Qualifying;Witch-king;55697;Lord of the Rings - Forces of Mordor;5;196;0
2026;2026-09-18;The Nexus Bowl;tournament;Geek Masters Invitational;1;Qualifying;Witch-king;55697;Lord of the Rings - Forces of Mordor;6;188;0
2026;2026-09-18;The Nexus Bowl;tournament;Geek Masters Invitational;1;Qualifying;Witch-king;55697;Lord of the Rings - Forces of Mordor;7;193;0
2026;2026-09-18;The Nexus Bowl;tournament;Geek Masters Invitational;1;Qualifying;Saruman;88698;Lord of the Rings - Forces of Mordor;0;188;0
2026;2026-09-18;The Nexus Bowl;tournament;Geek Masters Invitational;1;Qualifying;Saruman;88698;Lord of the Rings - Forces of Mordor;1;184;0
2026;2026-09-18;The Nexus Bowl;tournament;Geek Masters Invitational;1;Qualifying;Saruman;88698;Lord of the Rings - Forces of Mordor;2;193;0
2026;2026-09-18;The Nexus Bowl;tournament;Geek Masters Invitational;1;Qualifying;Saruman;88698;Lord of the Rings - Forces of Mordor;3;194;0
2026;2026-09-18;The Nexus Bowl;tournament;Geek Masters Invitational;1;Qualifying;Saruman;88698;Lord of the Rings - Forces of Mordor;4;178;0
2026;2026-09-18;The Nexus Bowl;tournament;Geek Masters Invitational;1;Qualifying;Saruman;88698;Lord of the Rings - Forces of Mordor;5;188;0
2026;2026-09-18;The Nexus Bowl;tournament;Geek Masters Invitational;1;Qualifying;Saruman;88698;Lord of the Rings - Forces of Mordor;6;187;0
2026;2026-09-18;The Nexus Bowl;tournament;Geek Masters Invitational;1;Qualifying;Saruman;88698;Lord of the Rings - Forces of Mordor;7;192;0
2026;2026-09-18;The Nexus Bowl;tournament;Geek Masters Invitational;1;Qualifying;Uruk-hai Lurtz;77651;Lord of the Rings - Forces of Mordor;0;181;0
2026;2026-09-18;The Nexus Bowl;tournament;Geek Masters Invitational;1;Qualifying;Uruk-hai Lurtz;77651;Lord of the Rings - Forces of Mordor;1;206;0
2026;2026-09-18;The Nexus Bowl;tournament;Geek Masters Invitational;1;Qualifying;Uruk-hai Lurtz;77651;Lord of the Rings - Forces of Mordor;2;158;0
2026;2026-09-18;The Nexus Bowl;tournament;Geek Masters Invitational;1;Qualifying;Uruk-hai Lurtz;77651;Lord of the Rings - Forces of Mordor;3;134;0
2026;2026-09-18;The Nexus Bowl;tournament;Geek Masters Invitational;1;Qualifying;Uruk-hai Lurtz;77651;Lord of the Rings - Forces of Mordor;4;188;0
2026;2026-09-18;The Nexus Bowl;tournament;Geek Masters Invitational;1;Qualifying;Uruk-hai Lurtz;77651;Lord of the Rings - Forces of Mordor;5;185;0
2026;2026-09-18;The Nexus Bowl;tournament;Geek Masters Invitational;1;Qualifying;Uruk-hai Lurtz;77651;Lord of the Rings - Forces of Mordor;6;168;0
2026;2026-09-18;The Nexus Bowl;tournament;Geek Masters Invitational;1;Qualifying;Uruk-hai Lurtz;77651;Lord of the Rings - Forces of Mordor;7;206;0
2026;2026-09-18;The Nexus Bowl;tournament;Geek Masters Invitational;1;Qualifying;Harry Potter;52082;Harry Potter - Order of the Phoenix;0;230;0
2026;2026-09-18;The Nexus Bowl;tournament;Geek Masters Invitational;1;Qualifying;Harry Potter;52082;Harry Potter - Order of the Phoenix;1;246;0
2026;2026-09-18;The Nexus Bowl;tournament;Geek Masters Invitational;1;Qualifying;Harry Potter;52082;Harry Potter - Order of the Phoenix;2;221;0
2026;2026-09-18;The Nexus Bowl;tournament;Geek Masters Invitational;1;Qualifying;Harry Potter;52082;Harry Potter - Order of the Phoenix;3;250;0
2026;2026-09-18;The Nexus Bowl;tournament;Geek Masters Invitational;1;Qualifying;Harry Potter;52082;Harry Potter - Order of the Phoenix;4;236;0
2026;2026-09-18;The Nexus Bowl;tournament;Geek Masters Invitational;1;Qualifying;Harry Potter;52082;Harry Potter - Order of the Phoenix;5;232;0
2026;2026-09-18;The Nexus Bowl;tournament;Geek Masters Invitational;1;Qualifying;Harry Potter;52082;Harry Potter - Order of the Phoenix;6;236;0
2026;2026-09-18;The Nexus Bowl;tournament;Geek Masters Invitational;1;Qualifying;Harry Potter;52082;Harry Potter - Order of the Phoenix;7;228;0
2026;2026-09-18;The Nexus Bowl;tournament;Geek Masters Invitational;1;Qualifying;Hermione Granger;51952;Harry Potter - Order of the Phoenix;0;190;0
2026;2026-09-18;The Nexus Bowl;tournament;Geek Masters Invitational;1;Qualifying;Hermione Granger;51952;Harry Potter - Order of the Phoenix;1;186;0
2026;2026-09-18;The Nexus Bowl;tournament;Geek Masters Invitational;1;Qualifying;Hermione Granger;51952;Harry Potter - Order of the Phoenix;2;207;0
2026;2026-09-18;The Nexus Bowl;tournament;Geek Masters Invitational;1;Qualifying;Hermione Granger;51952;Harry Potter - Order of the Phoenix;3;202;0
2026;2026-09-18;The Nexus Bowl;tournament;Geek Masters Invitational;1;Qualifying;Hermione Granger;51952;Harry Potter - Order of the Phoenix;4;237;0
2026;2026-09-18;The Nexus Bowl;tournament;Geek Masters Invitational;1;Qualifying;Hermione Granger;51952;Harry Potter - Order of the Phoenix;5;219;0
2026;2026-09-18;The Nexus Bowl;tournament;Geek Masters Invitational;1;Qualifying;Hermione Granger;51952;Harry Potter - Order of the Phoenix;6;178;0
2026;2026-09-18;The Nexus Bowl;tournament;Geek Masters Invitational;1;Qualifying;Hermione Granger;51952;Harry Potter - Order of the Phoenix;7;210;0
2026;2026-09-18;The Nexus Bowl;tournament;Geek Masters Invitational;1;Qualifying;Albus Dumbledore;56140;Harry Potter - Order of the Phoenix;0;213;0
2026;2026-09-18;The Nexus Bowl;tournament;Geek Masters Invitational;1;Qualifying;Albus Dumbledore;56140;Harry Potter - Order of the Phoenix;1;219;0
2026;2026-09-18;The Nexus Bowl;tournament;Geek Masters Invitational;1;Qualifying;Albus Dumbledore;56140;Harry Potter - Order of the Phoenix;2;185;0
2026;2026-09-18;The Nexus Bowl;tournament;Geek Masters Invitational;1;Qualifying;Albus Dumbledore;56140;Harry Potter - Order of the Phoenix;3;205;0
2026;2026-09-18;The Nexus Bowl;tournament;Geek Masters Invitational;1;Qualifying;Albus Dumbledore;56140;Harry Potter - Order of the Phoenix;4;212;0
2026;2026-09-18;The Nexus Bowl;tournament;Geek Masters Invitational;1;Qualifying;Albus Dumbledore;56140;Harry Potter - Order of the Phoenix;5;203;0
2026;2026-09-18;The Nexus Bowl;tournament;Geek Masters Invitational;1;Qualifying;Albus Dumbledore;56140;Harry Potter - Order of the Phoenix;6;199;0
2026;2026-09-18;The Nexus Bowl;tournament;Geek Masters Invitational;1;Qualifying;Albus Dumbledore;56140;Harry Potter - Order of the Phoenix;7;191;0
2026;2026-09-18;The Nexus Bowl;tournament;Geek Masters Invitational;1;Qualifying;Severus Snape;64328;Harry Potter - Order of the Phoenix;0;173;0
2026;2026-09-18;The Nexus Bowl;tournament;Geek Masters Invitational;1;Qualifying;Severus Snape;64328;Harry Potter - Order of the Phoenix;1;199;0
2026;2026-09-18;The Nexus Bowl;tournament;Geek Masters Invitational;1;Qualifying;Severus Snape;64328;Harry Potter - Order of the Phoenix;2;223;0
2026;2026-09-18;The Nexus Bowl;tournament;Geek Masters Invitational;1;Qualifying;Severus Snape;64328;Harry Potter - Order of the Phoenix;3;191;0
2026;2026-09-18;The Nexus Bowl;tournament;Geek Masters Invitational;1;Qualifying;Severus Snape;64328;Harry Potter - Order of the Phoenix;4;166;0
2026;2026-09-18;The Nexus Bowl;tournament;Geek Masters Invitational;1;Qualifying;Severus Snape;64328;Harry Potter - Order of the Phoenix;5;181;0
2026;2026-09-18;The Nexus Bowl;tournament;Geek Masters Invitational;1;Qualifying;Severus Snape;64328;Harry Potter - Order of the Phoenix;6;179;0
2026;2026-09-18;The Nexus Bowl;tournament;Geek Masters Invitational;1;Qualifying;Severus Snape;64328;Harry Potter - Order of the Phoenix;7;199;0
2026;2026-09-18;The Nexus Bowl;tournament;Geek Masters Invitational;1;Qualifying;Lord Voldemort;65247;Harry Potter - Death Eaters;0;221;0
2026;2026-09-18;The Nexus Bowl;tournament;Geek Masters Invitational;1;Qualifying;Lord Voldemort;65247;Harry Potter - Death Eaters;1;207;0
2026;2026-09-18;The Nexus Bowl;tournament;Geek Masters Invitational;1;Qualifying;Lord Voldemort;65247;Harry Potter - Death Eaters;2;215;0
2026;2026-09-18;The Nexus Bowl;tournament;Geek Masters Invitational;1;Qualifying;Lord Voldemort;65247;Harry Potter - Death Eaters;3;206;0
2026;2026-09-18;The Nexus Bowl;tournament;Geek Masters Invitational;1;Qualifying;Lord Voldemort;65247;Harry Potter - Death Eaters;4;214;0
2026;2026-09-18;The Nexus Bowl;tournament;Geek Masters Invitational;1;Qualifying;Lord Voldemort;65247;Harry Potter - Death Eaters;5;193;0
2026;2026-09-18;The Nexus Bowl;tournament;Geek Masters Invitational;1;Qualifying;Lord Voldemort;65247;Harry Potter - Death Eaters;6;214;0
2026;2026-09-18;The Nexus Bowl;tournament;Geek Masters Invitational;1;Qualifying;Lord Voldemort;65247;Harry Potter - Death Eaters;7;215;0
2026;2026-09-18;The Nexus Bowl;tournament;Geek Masters Invitational;1;Qualifying;Bellatrix Lestrange;83118;Harry Potter - Death Eaters;0;202;0
2026;2026-09-18;The Nexus Bowl;tournament;Geek Masters Invitational;1;Qualifying;Bellatrix Lestrange;83118;Harry Potter - Death Eaters;1;199;0
2026;2026-09-18;The Nexus Bowl;tournament;Geek Masters Invitational;1;Qualifying;Bellatrix Lestrange;83118;Harry Potter - Death Eaters;2;200;0
2026;2026-09-18;The Nexus Bowl;tournament;Geek Masters Invitational;1;Qualifying;Bellatrix Lestrange;83118;Harry Potter - Death Eaters;3;187;0
2026;2026-09-18;The Nexus Bowl;tournament;Geek Masters Invitational;1;Qualifying;Bellatrix Lestrange;83118;Harry Potter - Death Eaters;4;192;0
2026;2026-09-18;The Nexus Bowl;tournament;Geek Masters Invitational;1;Qualifying;Bellatrix Lestrange;83118;Harry Potter - Death Eaters;5;207;0
2026;2026-09-18;The Nexus Bowl;tournament;Geek Masters Invitational;1;Qualifying;Bellatrix Lestrange;83118;Harry Potter - Death Eaters;6;194;0
2026;2026-09-18;The Nexus Bowl;tournament;Geek Masters Invitational;1;Qualifying;Bellatrix Lestrange;83118;Harry Potter - Death Eaters;7;185;0
2026;2026-09-18;The Nexus Bowl;tournament;Geek Masters Invitational;1;Qualifying;Lucius Malfoy;89453;Harry Potter - Death Eaters;0;202;0
2026;2026-09-18;The Nexus Bowl;tournament;Geek Masters Invitational;1;Qualifying;Lucius Malfoy;89453;Harry Potter - Death Eaters;1;219;0
2026;2026-09-18;The Nexus Bowl;tournament;Geek Masters Invitational;1;Qualifying;Lucius Malfoy;89453;Harry Potter - Death Eaters;2;191;0
2026;2026-09-18;The Nexus Bowl;tournament;Geek Masters Invitational;1;Qualifying;Lucius Malfoy;89453;Harry Potter - Death Eaters;3;187;0
2026;2026-09-18;The Nexus Bowl;tournament;Geek Masters Invitational;1;Qualifying;Lucius Malfoy;89453;Harry Potter - Death Eaters;4;187;0
2026;2026-09-18;The Nexus Bowl;tournament;Geek Masters Invitational;1;Qualifying;Lucius Malfoy;89453;Harry Potter - Death Eaters;5;177;0
2026;2026-09-18;The Nexus Bowl;tournament;Geek Masters Invitational;1;Qualifying;Lucius Malfoy;89453;Harry Potter - Death Eaters;6;193;0
2026;2026-09-18;The Nexus Bowl;tournament;Geek Masters Invitational;1;Qualifying;Lucius Malfoy;89453;Harry Potter - Death Eaters;7;205;0
2026;2026-09-18;The Nexus Bowl;tournament;Geek Masters Invitational;1;Qualifying;Barty Crouch Jr.;51739;Harry Potter - Death Eaters;0;149;0
2026;2026-09-18;The Nexus Bowl;tournament;Geek Masters Invitational;1;Qualifying;Barty Crouch Jr.;51739;Harry Potter - Death Eaters;1;166;0
2026;2026-09-18;The Nexus Bowl;tournament;Geek Masters Invitational;1;Qualifying;Barty Crouch Jr.;51739;Harry Potter - Death Eaters;2;179;0
2026;2026-09-18;The Nexus Bowl;tournament;Geek Masters Invitational;1;Qualifying;Barty Crouch Jr.;51739;Harry Potter - Death Eaters;3;179;0
2026;2026-09-18;The Nexus Bowl;tournament;Geek Masters Invitational;1;Qualifying;Barty Crouch Jr.;51739;Harry Potter - Death Eaters;4;175;0
2026;2026-09-18;The Nexus Bowl;tournament;Geek Masters Invitational;1;Qualifying;Barty Crouch Jr.;51739;Harry Potter - Death Eaters;5;171;0
2026;2026-09-18;The Nexus Bowl;tournament;Geek Masters Invitational;1;Qualifying;Barty Crouch Jr.;51739;Harry Potter - Death Eaters;6;173;0
2026;2026-09-18;The Nexus Bowl;tournament;Geek Masters Invitational;1;Qualifying;Barty Crouch Jr.;51739;Harry Potter - Death Eaters;7;174;0
2026;2026-09-18;The Nexus Bowl;tournament;Geek Masters Invitational;1;Qualifying;Jon Snow;86781;Game of Thrones - Stark-Targaryen Alliance;0;190;0
2026;2026-09-18;The Nexus Bowl;tournament;Geek Masters Invitational;1;Qualifying;Jon Snow;86781;Game of Thrones - Stark-Targaryen Alliance;1;208;0
2026;2026-09-18;The Nexus Bowl;tournament;Geek Masters Invitational;1;Qualifying;Jon Snow;86781;Game of Thrones - Stark-Targaryen Alliance;2;194;0
2026;2026-09-18;The Nexus Bowl;tournament;Geek Masters Invitational;1;Qualifying;Jon Snow;86781;Game of Thrones - Stark-Targaryen Alliance;3;209;0
2026;2026-09-18;The Nexus Bowl;tournament;Geek Masters Invitational;1;Qualifying;Jon Snow;86781;Game of Thrones - Stark-Targaryen Alliance;4;208;0
2026;2026-09-18;The Nexus Bowl;tournament;Geek Masters Invitational;1;Qualifying;Jon Snow;86781;Game of Thrones - Stark-Targaryen Alliance;5;202;0
2026;2026-09-18;The Nexus Bowl;tournament;Geek Masters Invitational;1;Qualifying;Jon Snow;86781;Game of Thrones - Stark-Targaryen Alliance;6;204;0
2026;2026-09-18;The Nexus Bowl;tournament;Geek Masters Invitational;1;Qualifying;Jon Snow;86781;Game of Thrones - Stark-Targaryen Alliance;7;204;0
2026;2026-09-18;The Nexus Bowl;tournament;Geek Masters Invitational;1;Qualifying;Daenerys Targaryen;63031;Game of Thrones - Stark-Targaryen Alliance;0;162;0
2026;2026-09-18;The Nexus Bowl;tournament;Geek Masters Invitational;1;Qualifying;Daenerys Targaryen;63031;Game of Thrones - Stark-Targaryen Alliance;1;220;0
2026;2026-09-18;The Nexus Bowl;tournament;Geek Masters Invitational;1;Qualifying;Daenerys Targaryen;63031;Game of Thrones - Stark-Targaryen Alliance;2;199;0
2026;2026-09-18;The Nexus Bowl;tournament;Geek Masters Invitational;1;Qualifying;Daenerys Targaryen;63031;Game of Thrones - Stark-Targaryen Alliance;3;182;0
2026;2026-09-18;The Nexus Bowl;tournament;Geek Masters Invitational;1;Qualifying;Daenerys Targaryen;63031;Game of Thrones - Stark-Targaryen Alliance;4;213;0
2026;2026-09-18;The Nexus Bowl;tournament;Geek Masters Invitational;1;Qualifying;Daenerys Targaryen;63031;Game of Thrones - Stark-Targaryen Alliance;5;209;0
2026;2026-09-18;The Nexus Bowl;tournament;Geek Masters Invitational;1;Qualifying;Daenerys Targaryen;63031;Game of Thrones - Stark-Targaryen Alliance;6;174;0
2026;2026-09-18;The Nexus Bowl;tournament;Geek Masters Invitational;1;Qualifying;Daenerys Targaryen;63031;Game of Thrones - Stark-Targaryen Alliance;7;225;0
2026;2026-09-18;The Nexus Bowl;tournament;Geek Masters Invitational;1;Qualifying;Arya Stark;96925;Game of Thrones - Stark-Targaryen Alliance;0;193;0
2026;2026-09-18;The Nexus Bowl;tournament;Geek Masters Invitational;1;Qualifying;Arya Stark;96925;Game of Thrones - Stark-Targaryen Alliance;1;184;0
2026;2026-09-18;The Nexus Bowl;tournament;Geek Masters Invitational;1;Qualifying;Arya Stark;96925;Game of Thrones - Stark-Targaryen Alliance;2;162;0
2026;2026-09-18;The Nexus Bowl;tournament;Geek Masters Invitational;1;Qualifying;Arya Stark;96925;Game of Thrones - Stark-Targaryen Alliance;3;191;0
2026;2026-09-18;The Nexus Bowl;tournament;Geek Masters Invitational;1;Qualifying;Arya Stark;96925;Game of Thrones - Stark-Targaryen Alliance;4;204;0
2026;2026-09-18;The Nexus Bowl;tournament;Geek Masters Invitational;1;Qualifying;Arya Stark;96925;Game of Thrones - Stark-Targaryen Alliance;5;176;0
2026;2026-09-18;The Nexus Bowl;tournament;Geek Masters Invitational;1;Qualifying;Arya Stark;96925;Game of Thrones - Stark-Targaryen Alliance;6;187;0
2026;2026-09-18;The Nexus Bowl;tournament;Geek Masters Invitational;1;Qualifying;Arya Stark;96925;Game of Thrones - Stark-Targaryen Alliance;7;197;0
2026;2026-09-18;The Nexus Bowl;tournament;Geek Masters Invitational;1;Qualifying;Bran Stark;92590;Game of Thrones - Stark-Targaryen Alliance;0;183;0
2026;2026-09-18;The Nexus Bowl;tournament;Geek Masters Invitational;1;Qualifying;Bran Stark;92590;Game of Thrones - Stark-Targaryen Alliance;1;178;0
2026;2026-09-18;The Nexus Bowl;tournament;Geek Masters Invitational;1;Qualifying;Bran Stark;92590;Game of Thrones - Stark-Targaryen Alliance;2;163;0
2026;2026-09-18;The Nexus Bowl;tournament;Geek Masters Invitational;1;Qualifying;Bran Stark;92590;Game of Thrones - Stark-Targaryen Alliance;3;166;0
2026;2026-09-18;The Nexus Bowl;tournament;Geek Masters Invitational;1;Qualifying;Bran Stark;92590;Game of Thrones - Stark-Targaryen Alliance;4;164;0
2026;2026-09-18;The Nexus Bowl;tournament;Geek Masters Invitational;1;Qualifying;Bran Stark;92590;Game of Thrones - Stark-Targaryen Alliance;5;190;0
2026;2026-09-18;The Nexus Bowl;tournament;Geek Masters Invitational;1;Qualifying;Bran Stark;92590;Game of Thrones - Stark-Targaryen Alliance;6;176;0
2026;2026-09-18;The Nexus Bowl;tournament;Geek Masters Invitational;1;Qualifying;Bran Stark;92590;Game of Thrones - Stark-Targaryen Alliance;7;174;0
2026;2026-09-18;The Nexus Bowl;tournament;Geek Masters Invitational;1;Qualifying;Cersei Lannister;95962;Game of Thrones - Lannister-Crown;0;205;0
2026;2026-09-18;The Nexus Bowl;tournament;Geek Masters Invitational;1;Qualifying;Cersei Lannister;95962;Game of Thrones - Lannister-Crown;1;209;0
2026;2026-09-18;The Nexus Bowl;tournament;Geek Masters Invitational;1;Qualifying;Cersei Lannister;95962;Game of Thrones - Lannister-Crown;2;216;0
2026;2026-09-18;The Nexus Bowl;tournament;Geek Masters Invitational;1;Qualifying;Cersei Lannister;95962;Game of Thrones - Lannister-Crown;3;197;0
2026;2026-09-18;The Nexus Bowl;tournament;Geek Masters Invitational;1;Qualifying;Cersei Lannister;95962;Game of Thrones - Lannister-Crown;4;214;0
2026;2026-09-18;The Nexus Bowl;tournament;Geek Masters Invitational;1;Qualifying;Cersei Lannister;95962;Game of Thrones - Lannister-Crown;5;221;0
2026;2026-09-18;The Nexus Bowl;tournament;Geek Masters Invitational;1;Qualifying;Cersei Lannister;95962;Game of Thrones - Lannister-Crown;6;209;0
2026;2026-09-18;The Nexus Bowl;tournament;Geek Masters Invitational;1;Qualifying;Cersei Lannister;95962;Game of Thrones - Lannister-Crown;7;213;0
2026;2026-09-18;The Nexus Bowl;tournament;Geek Masters Invitational;1;Qualifying;Jaime Lannister;85713;Game of Thrones - Lannister-Crown;0;203;0
2026;2026-09-18;The Nexus Bowl;tournament;Geek Masters Invitational;1;Qualifying;Jaime Lannister;85713;Game of Thrones - Lannister-Crown;1;159;0
2026;2026-09-18;The Nexus Bowl;tournament;Geek Masters Invitational;1;Qualifying;Jaime Lannister;85713;Game of Thrones - Lannister-Crown;2;212;0
2026;2026-09-18;The Nexus Bowl;tournament;Geek Masters Invitational;1;Qualifying;Jaime Lannister;85713;Game of Thrones - Lannister-Crown;3;209;0
2026;2026-09-18;The Nexus Bowl;tournament;Geek Masters Invitational;1;Qualifying;Jaime Lannister;85713;Game of Thrones - Lannister-Crown;4;177;0
2026;2026-09-18;The Nexus Bowl;tournament;Geek Masters Invitational;1;Qualifying;Jaime Lannister;85713;Game of Thrones - Lannister-Crown;5;208;0
2026;2026-09-18;The Nexus Bowl;tournament;Geek Masters Invitational;1;Qualifying;Jaime Lannister;85713;Game of Thrones - Lannister-Crown;6;200;0
2026;2026-09-18;The Nexus Bowl;tournament;Geek Masters Invitational;1;Qualifying;Jaime Lannister;85713;Game of Thrones - Lannister-Crown;7;211;0
2026;2026-09-18;The Nexus Bowl;tournament;Geek Masters Invitational;1;Qualifying;Tywin Lannister;77493;Game of Thrones - Lannister-Crown;0;189;0
2026;2026-09-18;The Nexus Bowl;tournament;Geek Masters Invitational;1;Qualifying;Tywin Lannister;77493;Game of Thrones - Lannister-Crown;1;210;0
2026;2026-09-18;The Nexus Bowl;tournament;Geek Masters Invitational;1;Qualifying;Tywin Lannister;77493;Game of Thrones - Lannister-Crown;2;202;0
2026;2026-09-18;The Nexus Bowl;tournament;Geek Masters Invitational;1;Qualifying;Tywin Lannister;77493;Game of Thrones - Lannister-Crown;3;194;0
2026;2026-09-18;The Nexus Bowl;tournament;Geek Masters Invitational;1;Qualifying;Tywin Lannister;77493;Game of Thrones - Lannister-Crown;4;212;0
2026;2026-09-18;The Nexus Bowl;tournament;Geek Masters Invitational;1;Qualifying;Tywin Lannister;77493;Game of Thrones - Lannister-Crown;5;213;0
2026;2026-09-18;The Nexus Bowl;tournament;Geek Masters Invitational;1;Qualifying;Tywin Lannister;77493;Game of Thrones - Lannister-Crown;6;224;0
2026;2026-09-18;The Nexus Bowl;tournament;Geek Masters Invitational;1;Qualifying;Tywin Lannister;77493;Game of Thrones - Lannister-Crown;7;208;0
2026;2026-09-18;The Nexus Bowl;tournament;Geek Masters Invitational;1;Qualifying;The Mountain;64446;Game of Thrones - Lannister-Crown;0;156;0
2026;2026-09-18;The Nexus Bowl;tournament;Geek Masters Invitational;1;Qualifying;The Mountain;64446;Game of Thrones - Lannister-Crown;1;170;0
2026;2026-09-18;The Nexus Bowl;tournament;Geek Masters Invitational;1;Qualifying;The Mountain;64446;Game of Thrones - Lannister-Crown;2;170;0
2026;2026-09-18;The Nexus Bowl;tournament;Geek Masters Invitational;1;Qualifying;The Mountain;64446;Game of Thrones - Lannister-Crown;3;168;0
2026;2026-09-18;The Nexus Bowl;tournament;Geek Masters Invitational;1;Qualifying;The Mountain;64446;Game of Thrones - Lannister-Crown;4;178;0
2026;2026-09-18;The Nexus Bowl;tournament;Geek Masters Invitational;1;Qualifying;The Mountain;64446;Game of Thrones - Lannister-Crown;5;165;0
2026;2026-09-18;The Nexus Bowl;tournament;Geek Masters Invitational;1;Qualifying;The Mountain;64446;Game of Thrones - Lannister-Crown;6;159;0
2026;2026-09-18;The Nexus Bowl;tournament;Geek Masters Invitational;1;Qualifying;The Mountain;64446;Game of Thrones - Lannister-Crown;7;176;0
2026;2026-09-18;The Nexus Bowl;tournament;Geek Masters Invitational;1;Qualifying;Kyle Katarn;79439;LucasArts Games - Jedi Knight Era;0;228;0
2026;2026-09-18;The Nexus Bowl;tournament;Geek Masters Invitational;1;Qualifying;Kyle Katarn;79439;LucasArts Games - Jedi Knight Era;1;208;0
2026;2026-09-18;The Nexus Bowl;tournament;Geek Masters Invitational;1;Qualifying;Kyle Katarn;79439;LucasArts Games - Jedi Knight Era;2;201;0
2026;2026-09-18;The Nexus Bowl;tournament;Geek Masters Invitational;1;Qualifying;Kyle Katarn;79439;LucasArts Games - Jedi Knight Era;3;209;0
2026;2026-09-18;The Nexus Bowl;tournament;Geek Masters Invitational;1;Qualifying;Kyle Katarn;79439;LucasArts Games - Jedi Knight Era;4;202;0
2026;2026-09-18;The Nexus Bowl;tournament;Geek Masters Invitational;1;Qualifying;Kyle Katarn;79439;LucasArts Games - Jedi Knight Era;5;221;0
2026;2026-09-18;The Nexus Bowl;tournament;Geek Masters Invitational;1;Qualifying;Kyle Katarn;79439;LucasArts Games - Jedi Knight Era;6;207;0
2026;2026-09-18;The Nexus Bowl;tournament;Geek Masters Invitational;1;Qualifying;Kyle Katarn;79439;LucasArts Games - Jedi Knight Era;7;214;0
2026;2026-09-18;The Nexus Bowl;tournament;Geek Masters Invitational;1;Qualifying;Mara Jade;88618;LucasArts Games - Jedi Knight Era;0;202;0
2026;2026-09-18;The Nexus Bowl;tournament;Geek Masters Invitational;1;Qualifying;Mara Jade;88618;LucasArts Games - Jedi Knight Era;1;195;0
2026;2026-09-18;The Nexus Bowl;tournament;Geek Masters Invitational;1;Qualifying;Mara Jade;88618;LucasArts Games - Jedi Knight Era;2;201;0
2026;2026-09-18;The Nexus Bowl;tournament;Geek Masters Invitational;1;Qualifying;Mara Jade;88618;LucasArts Games - Jedi Knight Era;3;217;0
2026;2026-09-18;The Nexus Bowl;tournament;Geek Masters Invitational;1;Qualifying;Mara Jade;88618;LucasArts Games - Jedi Knight Era;4;209;0
2026;2026-09-18;The Nexus Bowl;tournament;Geek Masters Invitational;1;Qualifying;Mara Jade;88618;LucasArts Games - Jedi Knight Era;5;191;0
2026;2026-09-18;The Nexus Bowl;tournament;Geek Masters Invitational;1;Qualifying;Mara Jade;88618;LucasArts Games - Jedi Knight Era;6;210;0
2026;2026-09-18;The Nexus Bowl;tournament;Geek Masters Invitational;1;Qualifying;Mara Jade;88618;LucasArts Games - Jedi Knight Era;7;195;0
2026;2026-09-18;The Nexus Bowl;tournament;Geek Masters Invitational;1;Qualifying;Jaden Korr;68231;LucasArts Games - Jedi Knight Era;0;184;0
2026;2026-09-18;The Nexus Bowl;tournament;Geek Masters Invitational;1;Qualifying;Jaden Korr;68231;LucasArts Games - Jedi Knight Era;1;204;0
2026;2026-09-18;The Nexus Bowl;tournament;Geek Masters Invitational;1;Qualifying;Jaden Korr;68231;LucasArts Games - Jedi Knight Era;2;182;0
2026;2026-09-18;The Nexus Bowl;tournament;Geek Masters Invitational;1;Qualifying;Jaden Korr;68231;LucasArts Games - Jedi Knight Era;3;210;0
2026;2026-09-18;The Nexus Bowl;tournament;Geek Masters Invitational;1;Qualifying;Jaden Korr;68231;LucasArts Games - Jedi Knight Era;4;188;0
2026;2026-09-18;The Nexus Bowl;tournament;Geek Masters Invitational;1;Qualifying;Jaden Korr;68231;LucasArts Games - Jedi Knight Era;5;184;0
2026;2026-09-18;The Nexus Bowl;tournament;Geek Masters Invitational;1;Qualifying;Jaden Korr;68231;LucasArts Games - Jedi Knight Era;6;156;0
2026;2026-09-18;The Nexus Bowl;tournament;Geek Masters Invitational;1;Qualifying;Jaden Korr;68231;LucasArts Games - Jedi Knight Era;7;206;0
2026;2026-09-18;The Nexus Bowl;tournament;Geek Masters Invitational;1;Qualifying;Jan Ors;50425;LucasArts Games - Jedi Knight Era;0;189;0
2026;2026-09-18;The Nexus Bowl;tournament;Geek Masters Invitational;1;Qualifying;Jan Ors;50425;LucasArts Games - Jedi Knight Era;1;183;0
2026;2026-09-18;The Nexus Bowl;tournament;Geek Masters Invitational;1;Qualifying;Jan Ors;50425;LucasArts Games - Jedi Knight Era;2;181;0
2026;2026-09-18;The Nexus Bowl;tournament;Geek Masters Invitational;1;Qualifying;Jan Ors;50425;LucasArts Games - Jedi Knight Era;3;179;0
2026;2026-09-18;The Nexus Bowl;tournament;Geek Masters Invitational;1;Qualifying;Jan Ors;50425;LucasArts Games - Jedi Knight Era;4;194;0
2026;2026-09-18;The Nexus Bowl;tournament;Geek Masters Invitational;1;Qualifying;Jan Ors;50425;LucasArts Games - Jedi Knight Era;5;174;0
2026;2026-09-18;The Nexus Bowl;tournament;Geek Masters Invitational;1;Qualifying;Jan Ors;50425;LucasArts Games - Jedi Knight Era;6;190;0
2026;2026-09-18;The Nexus Bowl;tournament;Geek Masters Invitational;1;Qualifying;Jan Ors;50425;LucasArts Games - Jedi Knight Era;7;188;0
2026;2026-09-18;The Nexus Bowl;tournament;Geek Masters Invitational;1;Qualifying;Guybrush Threepwood;99729;LucasArts Games - Monkey Island & Legacy;0;196;0
2026;2026-09-18;The Nexus Bowl;tournament;Geek Masters Invitational;1;Qualifying;Guybrush Threepwood;99729;LucasArts Games - Monkey Island & Legacy;1;222;0
2026;2026-09-18;The Nexus Bowl;tournament;Geek Masters Invitational;1;Qualifying;Guybrush Threepwood;99729;LucasArts Games - Monkey Island & Legacy;2;195;0
2026;2026-09-18;The Nexus Bowl;tournament;Geek Masters Invitational;1;Qualifying;Guybrush Threepwood;99729;LucasArts Games - Monkey Island & Legacy;3;197;0
2026;2026-09-18;The Nexus Bowl;tournament;Geek Masters Invitational;1;Qualifying;Guybrush Threepwood;99729;LucasArts Games - Monkey Island & Legacy;4;213;0
2026;2026-09-18;The Nexus Bowl;tournament;Geek Masters Invitational;1;Qualifying;Guybrush Threepwood;99729;LucasArts Games - Monkey Island & Legacy;5;221;0
2026;2026-09-18;The Nexus Bowl;tournament;Geek Masters Invitational;1;Qualifying;Guybrush Threepwood;99729;LucasArts Games - Monkey Island & Legacy;6;234;0
2026;2026-09-18;The Nexus Bowl;tournament;Geek Masters Invitational;1;Qualifying;Guybrush Threepwood;99729;LucasArts Games - Monkey Island & Legacy;7;227;0
2026;2026-09-18;The Nexus Bowl;tournament;Geek Masters Invitational;1;Qualifying;LeChuck;60463;LucasArts Games - Monkey Island & Legacy;0;187;0
2026;2026-09-18;The Nexus Bowl;tournament;Geek Masters Invitational;1;Qualifying;LeChuck;60463;LucasArts Games - Monkey Island & Legacy;1;200;0
2026;2026-09-18;The Nexus Bowl;tournament;Geek Masters Invitational;1;Qualifying;LeChuck;60463;LucasArts Games - Monkey Island & Legacy;2;211;0
2026;2026-09-18;The Nexus Bowl;tournament;Geek Masters Invitational;1;Qualifying;LeChuck;60463;LucasArts Games - Monkey Island & Legacy;3;195;0
2026;2026-09-18;The Nexus Bowl;tournament;Geek Masters Invitational;1;Qualifying;LeChuck;60463;LucasArts Games - Monkey Island & Legacy;4;202;0
2026;2026-09-18;The Nexus Bowl;tournament;Geek Masters Invitational;1;Qualifying;LeChuck;60463;LucasArts Games - Monkey Island & Legacy;5;200;0
2026;2026-09-18;The Nexus Bowl;tournament;Geek Masters Invitational;1;Qualifying;LeChuck;60463;LucasArts Games - Monkey Island & Legacy;6;201;0
2026;2026-09-18;The Nexus Bowl;tournament;Geek Masters Invitational;1;Qualifying;LeChuck;60463;LucasArts Games - Monkey Island & Legacy;7;190;0
2026;2026-09-18;The Nexus Bowl;tournament;Geek Masters Invitational;1;Qualifying;Elaine Marley;95753;LucasArts Games - Monkey Island & Legacy;0;193;0
2026;2026-09-18;The Nexus Bowl;tournament;Geek Masters Invitational;1;Qualifying;Elaine Marley;95753;LucasArts Games - Monkey Island & Legacy;1;198;0
2026;2026-09-18;The Nexus Bowl;tournament;Geek Masters Invitational;1;Qualifying;Elaine Marley;95753;LucasArts Games - Monkey Island & Legacy;2;172;0
2026;2026-09-18;The Nexus Bowl;tournament;Geek Masters Invitational;1;Qualifying;Elaine Marley;95753;LucasArts Games - Monkey Island & Legacy;3;193;0
2026;2026-09-18;The Nexus Bowl;tournament;Geek Masters Invitational;1;Qualifying;Elaine Marley;95753;LucasArts Games - Monkey Island & Legacy;4;189;0
2026;2026-09-18;The Nexus Bowl;tournament;Geek Masters Invitational;1;Qualifying;Elaine Marley;95753;LucasArts Games - Monkey Island & Legacy;5;203;0
2026;2026-09-18;The Nexus Bowl;tournament;Geek Masters Invitational;1;Qualifying;Elaine Marley;95753;LucasArts Games - Monkey Island & Legacy;6;184;0
2026;2026-09-18;The Nexus Bowl;tournament;Geek Masters Invitational;1;Qualifying;Elaine Marley;95753;LucasArts Games - Monkey Island & Legacy;7;189;0
2026;2026-09-18;The Nexus Bowl;tournament;Geek Masters Invitational;1;Qualifying;Manny Calavera;77696;LucasArts Games - Monkey Island & Legacy;0;174;0
2026;2026-09-18;The Nexus Bowl;tournament;Geek Masters Invitational;1;Qualifying;Manny Calavera;77696;LucasArts Games - Monkey Island & Legacy;1;183;0
2026;2026-09-18;The Nexus Bowl;tournament;Geek Masters Invitational;1;Qualifying;Manny Calavera;77696;LucasArts Games - Monkey Island & Legacy;2;161;0
2026;2026-09-18;The Nexus Bowl;tournament;Geek Masters Invitational;1;Qualifying;Manny Calavera;77696;LucasArts Games - Monkey Island & Legacy;3;177;0
2026;2026-09-18;The Nexus Bowl;tournament;Geek Masters Invitational;1;Qualifying;Manny Calavera;77696;LucasArts Games - Monkey Island & Legacy;4;170;0
2026;2026-09-18;The Nexus Bowl;tournament;Geek Masters Invitational;1;Qualifying;Manny Calavera;77696;LucasArts Games - Monkey Island & Legacy;5;169;0
2026;2026-09-18;The Nexus Bowl;tournament;Geek Masters Invitational;1;Qualifying;Manny Calavera;77696;LucasArts Games - Monkey Island & Legacy;6;173;0
2026;2026-09-18;The Nexus Bowl;tournament;Geek Masters Invitational;1;Qualifying;Manny Calavera;77696;LucasArts Games - Monkey Island & Legacy;7;197;0
2026;2026-09-18;The Nexus Bowl;tournament;Geek Masters Invitational;1;Qualifying;Paul Atreides;72298;Dune - House Atreides;0;210;0
2026;2026-09-18;The Nexus Bowl;tournament;Geek Masters Invitational;1;Qualifying;Paul Atreides;72298;Dune - House Atreides;1;211;0
2026;2026-09-18;The Nexus Bowl;tournament;Geek Masters Invitational;1;Qualifying;Paul Atreides;72298;Dune - House Atreides;2;215;0
2026;2026-09-18;The Nexus Bowl;tournament;Geek Masters Invitational;1;Qualifying;Paul Atreides;72298;Dune - House Atreides;3;220;0
2026;2026-09-18;The Nexus Bowl;tournament;Geek Masters Invitational;1;Qualifying;Paul Atreides;72298;Dune - House Atreides;4;215;0
2026;2026-09-18;The Nexus Bowl;tournament;Geek Masters Invitational;1;Qualifying;Paul Atreides;72298;Dune - House Atreides;5;206;0
2026;2026-09-18;The Nexus Bowl;tournament;Geek Masters Invitational;1;Qualifying;Paul Atreides;72298;Dune - House Atreides;6;222;0
2026;2026-09-18;The Nexus Bowl;tournament;Geek Masters Invitational;1;Qualifying;Paul Atreides;72298;Dune - House Atreides;7;227;0
2026;2026-09-18;The Nexus Bowl;tournament;Geek Masters Invitational;1;Qualifying;Lady Jessica;68210;Dune - House Atreides;0;197;0
2026;2026-09-18;The Nexus Bowl;tournament;Geek Masters Invitational;1;Qualifying;Lady Jessica;68210;Dune - House Atreides;1;209;0
2026;2026-09-18;The Nexus Bowl;tournament;Geek Masters Invitational;1;Qualifying;Lady Jessica;68210;Dune - House Atreides;2;215;0
2026;2026-09-18;The Nexus Bowl;tournament;Geek Masters Invitational;1;Qualifying;Lady Jessica;68210;Dune - House Atreides;3;199;0
2026;2026-09-18;The Nexus Bowl;tournament;Geek Masters Invitational;1;Qualifying;Lady Jessica;68210;Dune - House Atreides;4;203;0
2026;2026-09-18;The Nexus Bowl;tournament;Geek Masters Invitational;1;Qualifying;Lady Jessica;68210;Dune - House Atreides;5;205;0
2026;2026-09-18;The Nexus Bowl;tournament;Geek Masters Invitational;1;Qualifying;Lady Jessica;68210;Dune - House Atreides;6;203;0
2026;2026-09-18;The Nexus Bowl;tournament;Geek Masters Invitational;1;Qualifying;Lady Jessica;68210;Dune - House Atreides;7;202;0
2026;2026-09-18;The Nexus Bowl;tournament;Geek Masters Invitational;1;Qualifying;Duncan Idaho;60189;Dune - House Atreides;0;195;0
2026;2026-09-18;The Nexus Bowl;tournament;Geek Masters Invitational;1;Qualifying;Duncan Idaho;60189;Dune - House Atreides;1;168;0
2026;2026-09-18;The Nexus Bowl;tournament;Geek Masters Invitational;1;Qualifying;Duncan Idaho;60189;Dune - House Atreides;2;181;0
2026;2026-09-18;The Nexus Bowl;tournament;Geek Masters Invitational;1;Qualifying;Duncan Idaho;60189;Dune - House Atreides;3;188;0
2026;2026-09-18;The Nexus Bowl;tournament;Geek Masters Invitational;1;Qualifying;Duncan Idaho;60189;Dune - House Atreides;4;204;0
2026;2026-09-18;The Nexus Bowl;tournament;Geek Masters Invitational;1;Qualifying;Duncan Idaho;60189;Dune - House Atreides;5;182;0
2026;2026-09-18;The Nexus Bowl;tournament;Geek Masters Invitational;1;Qualifying;Duncan Idaho;60189;Dune - House Atreides;6;187;0
2026;2026-09-18;The Nexus Bowl;tournament;Geek Masters Invitational;1;Qualifying;Duncan Idaho;60189;Dune - House Atreides;7;196;0
2026;2026-09-18;The Nexus Bowl;tournament;Geek Masters Invitational;1;Qualifying;Gurney Halleck;64110;Dune - House Atreides;0;157;0
2026;2026-09-18;The Nexus Bowl;tournament;Geek Masters Invitational;1;Qualifying;Gurney Halleck;64110;Dune - House Atreides;1;157;0
2026;2026-09-18;The Nexus Bowl;tournament;Geek Masters Invitational;1;Qualifying;Gurney Halleck;64110;Dune - House Atreides;2;177;0
2026;2026-09-18;The Nexus Bowl;tournament;Geek Masters Invitational;1;Qualifying;Gurney Halleck;64110;Dune - House Atreides;3;193;0
2026;2026-09-18;The Nexus Bowl;tournament;Geek Masters Invitational;1;Qualifying;Gurney Halleck;64110;Dune - House Atreides;4;133;0
2026;2026-09-18;The Nexus Bowl;tournament;Geek Masters Invitational;1;Qualifying;Gurney Halleck;64110;Dune - House Atreides;5;167;0
2026;2026-09-18;The Nexus Bowl;tournament;Geek Masters Invitational;1;Qualifying;Gurney Halleck;64110;Dune - House Atreides;6;151;0
2026;2026-09-18;The Nexus Bowl;tournament;Geek Masters Invitational;1;Qualifying;Gurney Halleck;64110;Dune - House Atreides;7;169;0
2026;2026-09-18;The Nexus Bowl;tournament;Geek Masters Invitational;1;Qualifying;Baron Harkonnen;72059;Dune - Harkonnen-Sardaukar;0;166;0
2026;2026-09-18;The Nexus Bowl;tournament;Geek Masters Invitational;1;Qualifying;Baron Harkonnen;72059;Dune - Harkonnen-Sardaukar;1;200;0
2026;2026-09-18;The Nexus Bowl;tournament;Geek Masters Invitational;1;Qualifying;Baron Harkonnen;72059;Dune - Harkonnen-Sardaukar;2;197;0
2026;2026-09-18;The Nexus Bowl;tournament;Geek Masters Invitational;1;Qualifying;Baron Harkonnen;72059;Dune - Harkonnen-Sardaukar;3;194;0
2026;2026-09-18;The Nexus Bowl;tournament;Geek Masters Invitational;1;Qualifying;Baron Harkonnen;72059;Dune - Harkonnen-Sardaukar;4;194;0
2026;2026-09-18;The Nexus Bowl;tournament;Geek Masters Invitational;1;Qualifying;Baron Harkonnen;72059;Dune - Harkonnen-Sardaukar;5;209;0
2026;2026-09-18;The Nexus Bowl;tournament;Geek Masters Invitational;1;Qualifying;Baron Harkonnen;72059;Dune - Harkonnen-Sardaukar;6;194;0
2026;2026-09-18;The Nexus Bowl;tournament;Geek Masters Invitational;1;Qualifying;Baron Harkonnen;72059;Dune - Harkonnen-Sardaukar;7;214;0
2026;2026-09-18;The Nexus Bowl;tournament;Geek Masters Invitational;1;Qualifying;Feyd-Rautha;56698;Dune - Harkonnen-Sardaukar;0;213;0
2026;2026-09-18;The Nexus Bowl;tournament;Geek Masters Invitational;1;Qualifying;Feyd-Rautha;56698;Dune - Harkonnen-Sardaukar;1;211;0
2026;2026-09-18;The Nexus Bowl;tournament;Geek Masters Invitational;1;Qualifying;Feyd-Rautha;56698;Dune - Harkonnen-Sardaukar;2;210;0
2026;2026-09-18;The Nexus Bowl;tournament;Geek Masters Invitational;1;Qualifying;Feyd-Rautha;56698;Dune - Harkonnen-Sardaukar;3;198;0
2026;2026-09-18;The Nexus Bowl;tournament;Geek Masters Invitational;1;Qualifying;Feyd-Rautha;56698;Dune - Harkonnen-Sardaukar;4;206;0
2026;2026-09-18;The Nexus Bowl;tournament;Geek Masters Invitational;1;Qualifying;Feyd-Rautha;56698;Dune - Harkonnen-Sardaukar;5;205;0
2026;2026-09-18;The Nexus Bowl;tournament;Geek Masters Invitational;1;Qualifying;Feyd-Rautha;56698;Dune - Harkonnen-Sardaukar;6;216;0
2026;2026-09-18;The Nexus Bowl;tournament;Geek Masters Invitational;1;Qualifying;Feyd-Rautha;56698;Dune - Harkonnen-Sardaukar;7;210;0
2026;2026-09-18;The Nexus Bowl;tournament;Geek Masters Invitational;1;Qualifying;Count Fenring;56078;Dune - Harkonnen-Sardaukar;0;185;0
2026;2026-09-18;The Nexus Bowl;tournament;Geek Masters Invitational;1;Qualifying;Count Fenring;56078;Dune - Harkonnen-Sardaukar;1;198;0
2026;2026-09-18;The Nexus Bowl;tournament;Geek Masters Invitational;1;Qualifying;Count Fenring;56078;Dune - Harkonnen-Sardaukar;2;162;0
2026;2026-09-18;The Nexus Bowl;tournament;Geek Masters Invitational;1;Qualifying;Count Fenring;56078;Dune - Harkonnen-Sardaukar;3;214;0
2026;2026-09-18;The Nexus Bowl;tournament;Geek Masters Invitational;1;Qualifying;Count Fenring;56078;Dune - Harkonnen-Sardaukar;4;178;0
2026;2026-09-18;The Nexus Bowl;tournament;Geek Masters Invitational;1;Qualifying;Count Fenring;56078;Dune - Harkonnen-Sardaukar;5;193;0
2026;2026-09-18;The Nexus Bowl;tournament;Geek Masters Invitational;1;Qualifying;Count Fenring;56078;Dune - Harkonnen-Sardaukar;6;169;0
2026;2026-09-18;The Nexus Bowl;tournament;Geek Masters Invitational;1;Qualifying;Count Fenring;56078;Dune - Harkonnen-Sardaukar;7;204;0
2026;2026-09-18;The Nexus Bowl;tournament;Geek Masters Invitational;1;Qualifying;Glossu Rabban;74898;Dune - Harkonnen-Sardaukar;0;177;0
2026;2026-09-18;The Nexus Bowl;tournament;Geek Masters Invitational;1;Qualifying;Glossu Rabban;74898;Dune - Harkonnen-Sardaukar;1;127;0
2026;2026-09-18;The Nexus Bowl;tournament;Geek Masters Invitational;1;Qualifying;Glossu Rabban;74898;Dune - Harkonnen-Sardaukar;2;147;0
2026;2026-09-18;The Nexus Bowl;tournament;Geek Masters Invitational;1;Qualifying;Glossu Rabban;74898;Dune - Harkonnen-Sardaukar;3;192;0
2026;2026-09-18;The Nexus Bowl;tournament;Geek Masters Invitational;1;Qualifying;Glossu Rabban;74898;Dune - Harkonnen-Sardaukar;4;171;0
2026;2026-09-18;The Nexus Bowl;tournament;Geek Masters Invitational;1;Qualifying;Glossu Rabban;74898;Dune - Harkonnen-Sardaukar;5;157;0
2026;2026-09-18;The Nexus Bowl;tournament;Geek Masters Invitational;1;Qualifying;Glossu Rabban;74898;Dune - Harkonnen-Sardaukar;6;171;0
2026;2026-09-18;The Nexus Bowl;tournament;Geek Masters Invitational;1;Qualifying;Glossu Rabban;74898;Dune - Harkonnen-Sardaukar;7;172;0
2026;2026-09-18;The Nexus Bowl;tournament;Geek Masters Invitational;1;Qualifying;Jean-Luc Picard;56338;Star Trek - Federation;0;210;0
2026;2026-09-18;The Nexus Bowl;tournament;Geek Masters Invitational;1;Qualifying;Jean-Luc Picard;56338;Star Trek - Federation;1;227;0
2026;2026-09-18;The Nexus Bowl;tournament;Geek Masters Invitational;1;Qualifying;Jean-Luc Picard;56338;Star Trek - Federation;2;216;0
2026;2026-09-18;The Nexus Bowl;tournament;Geek Masters Invitational;1;Qualifying;Jean-Luc Picard;56338;Star Trek - Federation;3;216;0
2026;2026-09-18;The Nexus Bowl;tournament;Geek Masters Invitational;1;Qualifying;Jean-Luc Picard;56338;Star Trek - Federation;4;214;0
2026;2026-09-18;The Nexus Bowl;tournament;Geek Masters Invitational;1;Qualifying;Jean-Luc Picard;56338;Star Trek - Federation;5;223;0
2026;2026-09-18;The Nexus Bowl;tournament;Geek Masters Invitational;1;Qualifying;Jean-Luc Picard;56338;Star Trek - Federation;6;201;0
2026;2026-09-18;The Nexus Bowl;tournament;Geek Masters Invitational;1;Qualifying;Jean-Luc Picard;56338;Star Trek - Federation;7;211;0
2026;2026-09-18;The Nexus Bowl;tournament;Geek Masters Invitational;1;Qualifying;Spock;73526;Star Trek - Federation;0;177;0
2026;2026-09-18;The Nexus Bowl;tournament;Geek Masters Invitational;1;Qualifying;Spock;73526;Star Trek - Federation;1;229;0
2026;2026-09-18;The Nexus Bowl;tournament;Geek Masters Invitational;1;Qualifying;Spock;73526;Star Trek - Federation;2;198;0
2026;2026-09-18;The Nexus Bowl;tournament;Geek Masters Invitational;1;Qualifying;Spock;73526;Star Trek - Federation;3;204;0
2026;2026-09-18;The Nexus Bowl;tournament;Geek Masters Invitational;1;Qualifying;Spock;73526;Star Trek - Federation;4;180;0
2026;2026-09-18;The Nexus Bowl;tournament;Geek Masters Invitational;1;Qualifying;Spock;73526;Star Trek - Federation;5;196;0
2026;2026-09-18;The Nexus Bowl;tournament;Geek Masters Invitational;1;Qualifying;Spock;73526;Star Trek - Federation;6;225;0
2026;2026-09-18;The Nexus Bowl;tournament;Geek Masters Invitational;1;Qualifying;Spock;73526;Star Trek - Federation;7;200;0
2026;2026-09-18;The Nexus Bowl;tournament;Geek Masters Invitational;1;Qualifying;Benjamin Sisko;72541;Star Trek - Federation;0;174;0
2026;2026-09-18;The Nexus Bowl;tournament;Geek Masters Invitational;1;Qualifying;Benjamin Sisko;72541;Star Trek - Federation;1;191;0
2026;2026-09-18;The Nexus Bowl;tournament;Geek Masters Invitational;1;Qualifying;Benjamin Sisko;72541;Star Trek - Federation;2;183;0
2026;2026-09-18;The Nexus Bowl;tournament;Geek Masters Invitational;1;Qualifying;Benjamin Sisko;72541;Star Trek - Federation;3;183;0
2026;2026-09-18;The Nexus Bowl;tournament;Geek Masters Invitational;1;Qualifying;Benjamin Sisko;72541;Star Trek - Federation;4;182;0
2026;2026-09-18;The Nexus Bowl;tournament;Geek Masters Invitational;1;Qualifying;Benjamin Sisko;72541;Star Trek - Federation;5;176;0
2026;2026-09-18;The Nexus Bowl;tournament;Geek Masters Invitational;1;Qualifying;Benjamin Sisko;72541;Star Trek - Federation;6;183;0
2026;2026-09-18;The Nexus Bowl;tournament;Geek Masters Invitational;1;Qualifying;Benjamin Sisko;72541;Star Trek - Federation;7;185;0
2026;2026-09-18;The Nexus Bowl;tournament;Geek Masters Invitational;1;Qualifying;Kathryn Janeway;89565;Star Trek - Federation;0;133;0
2026;2026-09-18;The Nexus Bowl;tournament;Geek Masters Invitational;1;Qualifying;Kathryn Janeway;89565;Star Trek - Federation;1;171;0
2026;2026-09-18;The Nexus Bowl;tournament;Geek Masters Invitational;1;Qualifying;Kathryn Janeway;89565;Star Trek - Federation;2;167;0
2026;2026-09-18;The Nexus Bowl;tournament;Geek Masters Invitational;1;Qualifying;Kathryn Janeway;89565;Star Trek - Federation;3;176;0
2026;2026-09-18;The Nexus Bowl;tournament;Geek Masters Invitational;1;Qualifying;Kathryn Janeway;89565;Star Trek - Federation;4;198;0
2026;2026-09-18;The Nexus Bowl;tournament;Geek Masters Invitational;1;Qualifying;Kathryn Janeway;89565;Star Trek - Federation;5;181;0
2026;2026-09-18;The Nexus Bowl;tournament;Geek Masters Invitational;1;Qualifying;Kathryn Janeway;89565;Star Trek - Federation;6;196;0
2026;2026-09-18;The Nexus Bowl;tournament;Geek Masters Invitational;1;Qualifying;Kathryn Janeway;89565;Star Trek - Federation;7;229;0
2026;2026-09-18;The Nexus Bowl;tournament;Geek Masters Invitational;1;Qualifying;Worf;67335;Star Trek - Klingon-Romulan;0;225;0
2026;2026-09-18;The Nexus Bowl;tournament;Geek Masters Invitational;1;Qualifying;Worf;67335;Star Trek - Klingon-Romulan;1;208;0
2026;2026-09-18;The Nexus Bowl;tournament;Geek Masters Invitational;1;Qualifying;Worf;67335;Star Trek - Klingon-Romulan;2;196;0
2026;2026-09-18;The Nexus Bowl;tournament;Geek Masters Invitational;1;Qualifying;Worf;67335;Star Trek - Klingon-Romulan;3;231;0
2026;2026-09-18;The Nexus Bowl;tournament;Geek Masters Invitational;1;Qualifying;Worf;67335;Star Trek - Klingon-Romulan;4;226;0
2026;2026-09-18;The Nexus Bowl;tournament;Geek Masters Invitational;1;Qualifying;Worf;67335;Star Trek - Klingon-Romulan;5;222;0
2026;2026-09-18;The Nexus Bowl;tournament;Geek Masters Invitational;1;Qualifying;Worf;67335;Star Trek - Klingon-Romulan;6;218;0
2026;2026-09-18;The Nexus Bowl;tournament;Geek Masters Invitational;1;Qualifying;Worf;67335;Star Trek - Klingon-Romulan;7;217;0
2026;2026-09-18;The Nexus Bowl;tournament;Geek Masters Invitational;1;Qualifying;Gowron;52847;Star Trek - Klingon-Romulan;0;213;0
2026;2026-09-18;The Nexus Bowl;tournament;Geek Masters Invitational;1;Qualifying;Gowron;52847;Star Trek - Klingon-Romulan;1;199;0
2026;2026-09-18;The Nexus Bowl;tournament;Geek Masters Invitational;1;Qualifying;Gowron;52847;Star Trek - Klingon-Romulan;2;205;0
2026;2026-09-18;The Nexus Bowl;tournament;Geek Masters Invitational;1;Qualifying;Gowron;52847;Star Trek - Klingon-Romulan;3;207;0
2026;2026-09-18;The Nexus Bowl;tournament;Geek Masters Invitational;1;Qualifying;Gowron;52847;Star Trek - Klingon-Romulan;4;213;0
2026;2026-09-18;The Nexus Bowl;tournament;Geek Masters Invitational;1;Qualifying;Gowron;52847;Star Trek - Klingon-Romulan;5;210;0
2026;2026-09-18;The Nexus Bowl;tournament;Geek Masters Invitational;1;Qualifying;Gowron;52847;Star Trek - Klingon-Romulan;6;211;0
2026;2026-09-18;The Nexus Bowl;tournament;Geek Masters Invitational;1;Qualifying;Gowron;52847;Star Trek - Klingon-Romulan;7;216;0
2026;2026-09-18;The Nexus Bowl;tournament;Geek Masters Invitational;1;Qualifying;Commander Sela;97823;Star Trek - Klingon-Romulan;0;174;0
2026;2026-09-18;The Nexus Bowl;tournament;Geek Masters Invitational;1;Qualifying;Commander Sela;97823;Star Trek - Klingon-Romulan;1;193;0
2026;2026-09-18;The Nexus Bowl;tournament;Geek Masters Invitational;1;Qualifying;Commander Sela;97823;Star Trek - Klingon-Romulan;2;202;0
2026;2026-09-18;The Nexus Bowl;tournament;Geek Masters Invitational;1;Qualifying;Commander Sela;97823;Star Trek - Klingon-Romulan;3;175;0
2026;2026-09-18;The Nexus Bowl;tournament;Geek Masters Invitational;1;Qualifying;Commander Sela;97823;Star Trek - Klingon-Romulan;4;186;0
2026;2026-09-18;The Nexus Bowl;tournament;Geek Masters Invitational;1;Qualifying;Commander Sela;97823;Star Trek - Klingon-Romulan;5;176;0
2026;2026-09-18;The Nexus Bowl;tournament;Geek Masters Invitational;1;Qualifying;Commander Sela;97823;Star Trek - Klingon-Romulan;6;189;0
2026;2026-09-18;The Nexus Bowl;tournament;Geek Masters Invitational;1;Qualifying;Commander Sela;97823;Star Trek - Klingon-Romulan;7;188;0
2026;2026-09-18;The Nexus Bowl;tournament;Geek Masters Invitational;1;Qualifying;General Chang;80108;Star Trek - Klingon-Romulan;0;163;0
2026;2026-09-18;The Nexus Bowl;tournament;Geek Masters Invitational;1;Qualifying;General Chang;80108;Star Trek - Klingon-Romulan;1;189;0
2026;2026-09-18;The Nexus Bowl;tournament;Geek Masters Invitational;1;Qualifying;General Chang;80108;Star Trek - Klingon-Romulan;2;201;0
2026;2026-09-18;The Nexus Bowl;tournament;Geek Masters Invitational;1;Qualifying;General Chang;80108;Star Trek - Klingon-Romulan;3;185;0
2026;2026-09-18;The Nexus Bowl;tournament;Geek Masters Invitational;1;Qualifying;General Chang;80108;Star Trek - Klingon-Romulan;4;175;0
2026;2026-09-18;The Nexus Bowl;tournament;Geek Masters Invitational;1;Qualifying;General Chang;80108;Star Trek - Klingon-Romulan;5;162;0
2026;2026-09-18;The Nexus Bowl;tournament;Geek Masters Invitational;1;Qualifying;General Chang;80108;Star Trek - Klingon-Romulan;6;174;0
2026;2026-09-18;The Nexus Bowl;tournament;Geek Masters Invitational;1;Qualifying;General Chang;80108;Star Trek - Klingon-Romulan;7;184;0
2026;2026-09-18;The Nexus Bowl;tournament;Geek Masters Invitational;1;Qualifying;Commander Shepard;85142;Mass Effect - Alliance Crew;0;201;0
2026;2026-09-18;The Nexus Bowl;tournament;Geek Masters Invitational;1;Qualifying;Commander Shepard;85142;Mass Effect - Alliance Crew;1;204;0
2026;2026-09-18;The Nexus Bowl;tournament;Geek Masters Invitational;1;Qualifying;Commander Shepard;85142;Mass Effect - Alliance Crew;2;211;0
2026;2026-09-18;The Nexus Bowl;tournament;Geek Masters Invitational;1;Qualifying;Commander Shepard;85142;Mass Effect - Alliance Crew;3;199;0
2026;2026-09-18;The Nexus Bowl;tournament;Geek Masters Invitational;1;Qualifying;Commander Shepard;85142;Mass Effect - Alliance Crew;4;202;0
2026;2026-09-18;The Nexus Bowl;tournament;Geek Masters Invitational;1;Qualifying;Commander Shepard;85142;Mass Effect - Alliance Crew;5;234;0
2026;2026-09-18;The Nexus Bowl;tournament;Geek Masters Invitational;1;Qualifying;Commander Shepard;85142;Mass Effect - Alliance Crew;6;218;0
2026;2026-09-18;The Nexus Bowl;tournament;Geek Masters Invitational;1;Qualifying;Commander Shepard;85142;Mass Effect - Alliance Crew;7;229;0
2026;2026-09-18;The Nexus Bowl;tournament;Geek Masters Invitational;1;Qualifying;Garrus Vakarian;58180;Mass Effect - Alliance Crew;0;211;0
2026;2026-09-18;The Nexus Bowl;tournament;Geek Masters Invitational;1;Qualifying;Garrus Vakarian;58180;Mass Effect - Alliance Crew;1;205;0
2026;2026-09-18;The Nexus Bowl;tournament;Geek Masters Invitational;1;Qualifying;Garrus Vakarian;58180;Mass Effect - Alliance Crew;2;196;0
2026;2026-09-18;The Nexus Bowl;tournament;Geek Masters Invitational;1;Qualifying;Garrus Vakarian;58180;Mass Effect - Alliance Crew;3;191;0
2026;2026-09-18;The Nexus Bowl;tournament;Geek Masters Invitational;1;Qualifying;Garrus Vakarian;58180;Mass Effect - Alliance Crew;4;205;0
2026;2026-09-18;The Nexus Bowl;tournament;Geek Masters Invitational;1;Qualifying;Garrus Vakarian;58180;Mass Effect - Alliance Crew;5;205;0
2026;2026-09-18;The Nexus Bowl;tournament;Geek Masters Invitational;1;Qualifying;Garrus Vakarian;58180;Mass Effect - Alliance Crew;6;217;0
2026;2026-09-18;The Nexus Bowl;tournament;Geek Masters Invitational;1;Qualifying;Garrus Vakarian;58180;Mass Effect - Alliance Crew;7;193;0
2026;2026-09-18;The Nexus Bowl;tournament;Geek Masters Invitational;1;Qualifying;Liara T'Soni;74807;Mass Effect - Alliance Crew;0;202;0
2026;2026-09-18;The Nexus Bowl;tournament;Geek Masters Invitational;1;Qualifying;Liara T'Soni;74807;Mass Effect - Alliance Crew;1;187;0
2026;2026-09-18;The Nexus Bowl;tournament;Geek Masters Invitational;1;Qualifying;Liara T'Soni;74807;Mass Effect - Alliance Crew;2;204;0
2026;2026-09-18;The Nexus Bowl;tournament;Geek Masters Invitational;1;Qualifying;Liara T'Soni;74807;Mass Effect - Alliance Crew;3;187;0
2026;2026-09-18;The Nexus Bowl;tournament;Geek Masters Invitational;1;Qualifying;Liara T'Soni;74807;Mass Effect - Alliance Crew;4;204;0
2026;2026-09-18;The Nexus Bowl;tournament;Geek Masters Invitational;1;Qualifying;Liara T'Soni;74807;Mass Effect - Alliance Crew;5;197;0
2026;2026-09-18;The Nexus Bowl;tournament;Geek Masters Invitational;1;Qualifying;Liara T'Soni;74807;Mass Effect - Alliance Crew;6;226;0
2026;2026-09-18;The Nexus Bowl;tournament;Geek Masters Invitational;1;Qualifying;Liara T'Soni;74807;Mass Effect - Alliance Crew;7;209;0
2026;2026-09-18;The Nexus Bowl;tournament;Geek Masters Invitational;1;Qualifying;Tali'Zorah;55164;Mass Effect - Alliance Crew;0;228;0
2026;2026-09-18;The Nexus Bowl;tournament;Geek Masters Invitational;1;Qualifying;Tali'Zorah;55164;Mass Effect - Alliance Crew;1;192;0
2026;2026-09-18;The Nexus Bowl;tournament;Geek Masters Invitational;1;Qualifying;Tali'Zorah;55164;Mass Effect - Alliance Crew;2;175;0
2026;2026-09-18;The Nexus Bowl;tournament;Geek Masters Invitational;1;Qualifying;Tali'Zorah;55164;Mass Effect - Alliance Crew;3;169;0
2026;2026-09-18;The Nexus Bowl;tournament;Geek Masters Invitational;1;Qualifying;Tali'Zorah;55164;Mass Effect - Alliance Crew;4;180;0
2026;2026-09-18;The Nexus Bowl;tournament;Geek Masters Invitational;1;Qualifying;Tali'Zorah;55164;Mass Effect - Alliance Crew;5;199;0
2026;2026-09-18;The Nexus Bowl;tournament;Geek Masters Invitational;1;Qualifying;Tali'Zorah;55164;Mass Effect - Alliance Crew;6;174;0
2026;2026-09-18;The Nexus Bowl;tournament;Geek Masters Invitational;1;Qualifying;Tali'Zorah;55164;Mass Effect - Alliance Crew;7;185;0
2026;2026-09-18;The Nexus Bowl;tournament;Geek Masters Invitational;1;Qualifying;Illusive Man;86178;Mass Effect - Cerberus-Reapers;0;207;0
2026;2026-09-18;The Nexus Bowl;tournament;Geek Masters Invitational;1;Qualifying;Illusive Man;86178;Mass Effect - Cerberus-Reapers;1;208;0
2026;2026-09-18;The Nexus Bowl;tournament;Geek Masters Invitational;1;Qualifying;Illusive Man;86178;Mass Effect - Cerberus-Reapers;2;226;0
2026;2026-09-18;The Nexus Bowl;tournament;Geek Masters Invitational;1;Qualifying;Illusive Man;86178;Mass Effect - Cerberus-Reapers;3;224;0
2026;2026-09-18;The Nexus Bowl;tournament;Geek Masters Invitational;1;Qualifying;Illusive Man;86178;Mass Effect - Cerberus-Reapers;4;197;0
2026;2026-09-18;The Nexus Bowl;tournament;Geek Masters Invitational;1;Qualifying;Illusive Man;86178;Mass Effect - Cerberus-Reapers;5;191;0
2026;2026-09-18;The Nexus Bowl;tournament;Geek Masters Invitational;1;Qualifying;Illusive Man;86178;Mass Effect - Cerberus-Reapers;6;212;0
2026;2026-09-18;The Nexus Bowl;tournament;Geek Masters Invitational;1;Qualifying;Illusive Man;86178;Mass Effect - Cerberus-Reapers;7;223;0
2026;2026-09-18;The Nexus Bowl;tournament;Geek Masters Invitational;1;Qualifying;Harbinger;69213;Mass Effect - Cerberus-Reapers;0;191;0
2026;2026-09-18;The Nexus Bowl;tournament;Geek Masters Invitational;1;Qualifying;Harbinger;69213;Mass Effect - Cerberus-Reapers;1;210;0
2026;2026-09-18;The Nexus Bowl;tournament;Geek Masters Invitational;1;Qualifying;Harbinger;69213;Mass Effect - Cerberus-Reapers;2;201;0
2026;2026-09-18;The Nexus Bowl;tournament;Geek Masters Invitational;1;Qualifying;Harbinger;69213;Mass Effect - Cerberus-Reapers;3;210;0
2026;2026-09-18;The Nexus Bowl;tournament;Geek Masters Invitational;1;Qualifying;Harbinger;69213;Mass Effect - Cerberus-Reapers;4;203;0
2026;2026-09-18;The Nexus Bowl;tournament;Geek Masters Invitational;1;Qualifying;Harbinger;69213;Mass Effect - Cerberus-Reapers;5;217;0
2026;2026-09-18;The Nexus Bowl;tournament;Geek Masters Invitational;1;Qualifying;Harbinger;69213;Mass Effect - Cerberus-Reapers;6;214;0
2026;2026-09-18;The Nexus Bowl;tournament;Geek Masters Invitational;1;Qualifying;Harbinger;69213;Mass Effect - Cerberus-Reapers;7;211;0
2026;2026-09-18;The Nexus Bowl;tournament;Geek Masters Invitational;1;Qualifying;Kai Leng;91198;Mass Effect - Cerberus-Reapers;0;178;0
2026;2026-09-18;The Nexus Bowl;tournament;Geek Masters Invitational;1;Qualifying;Kai Leng;91198;Mass Effect - Cerberus-Reapers;1;191;0
2026;2026-09-18;The Nexus Bowl;tournament;Geek Masters Invitational;1;Qualifying;Kai Leng;91198;Mass Effect - Cerberus-Reapers;2;191;0
2026;2026-09-18;The Nexus Bowl;tournament;Geek Masters Invitational;1;Qualifying;Kai Leng;91198;Mass Effect - Cerberus-Reapers;3;181;0
2026;2026-09-18;The Nexus Bowl;tournament;Geek Masters Invitational;1;Qualifying;Kai Leng;91198;Mass Effect - Cerberus-Reapers;4;191;0
2026;2026-09-18;The Nexus Bowl;tournament;Geek Masters Invitational;1;Qualifying;Kai Leng;91198;Mass Effect - Cerberus-Reapers;5;194;0
2026;2026-09-18;The Nexus Bowl;tournament;Geek Masters Invitational;1;Qualifying;Kai Leng;91198;Mass Effect - Cerberus-Reapers;6;192;0
2026;2026-09-18;The Nexus Bowl;tournament;Geek Masters Invitational;1;Qualifying;Kai Leng;91198;Mass Effect - Cerberus-Reapers;7;195;0
2026;2026-09-18;The Nexus Bowl;tournament;Geek Masters Invitational;1;Qualifying;Saren Arterius;90535;Mass Effect - Cerberus-Reapers;0;160;0
2026;2026-09-18;The Nexus Bowl;tournament;Geek Masters Invitational;1;Qualifying;Saren Arterius;90535;Mass Effect - Cerberus-Reapers;1;155;0
2026;2026-09-18;The Nexus Bowl;tournament;Geek Masters Invitational;1;Qualifying;Saren Arterius;90535;Mass Effect - Cerberus-Reapers;2;193;0
2026;2026-09-18;The Nexus Bowl;tournament;Geek Masters Invitational;1;Qualifying;Saren Arterius;90535;Mass Effect - Cerberus-Reapers;3;139;0
2026;2026-09-18;The Nexus Bowl;tournament;Geek Masters Invitational;1;Qualifying;Saren Arterius;90535;Mass Effect - Cerberus-Reapers;4;164;0
2026;2026-09-18;The Nexus Bowl;tournament;Geek Masters Invitational;1;Qualifying;Saren Arterius;90535;Mass Effect - Cerberus-Reapers;5;154;0
2026;2026-09-18;The Nexus Bowl;tournament;Geek Masters Invitational;1;Qualifying;Saren Arterius;90535;Mass Effect - Cerberus-Reapers;6;172;0
2026;2026-09-18;The Nexus Bowl;tournament;Geek Masters Invitational;1;Qualifying;Saren Arterius;90535;Mass Effect - Cerberus-Reapers;7;194;0
2026;2026-09-18;The Nexus Bowl;tournament;Geek Masters Invitational;1;Qualifying;Roboute Guilliman;73700;Warhammer 40K - Imperium;0;232;0
2026;2026-09-18;The Nexus Bowl;tournament;Geek Masters Invitational;1;Qualifying;Roboute Guilliman;73700;Warhammer 40K - Imperium;1;205;0
2026;2026-09-18;The Nexus Bowl;tournament;Geek Masters Invitational;1;Qualifying;Roboute Guilliman;73700;Warhammer 40K - Imperium;2;214;0
2026;2026-09-18;The Nexus Bowl;tournament;Geek Masters Invitational;1;Qualifying;Roboute Guilliman;73700;Warhammer 40K - Imperium;3;201;0
2026;2026-09-18;The Nexus Bowl;tournament;Geek Masters Invitational;1;Qualifying;Roboute Guilliman;73700;Warhammer 40K - Imperium;4;249;0
2026;2026-09-18;The Nexus Bowl;tournament;Geek Masters Invitational;1;Qualifying;Roboute Guilliman;73700;Warhammer 40K - Imperium;5;214;0
2026;2026-09-18;The Nexus Bowl;tournament;Geek Masters Invitational;1;Qualifying;Roboute Guilliman;73700;Warhammer 40K - Imperium;6;172;0
2026;2026-09-18;The Nexus Bowl;tournament;Geek Masters Invitational;1;Qualifying;Roboute Guilliman;73700;Warhammer 40K - Imperium;7;243;0
2026;2026-09-18;The Nexus Bowl;tournament;Geek Masters Invitational;1;Qualifying;Marneus Calgar;87837;Warhammer 40K - Imperium;0;180;0
2026;2026-09-18;The Nexus Bowl;tournament;Geek Masters Invitational;1;Qualifying;Marneus Calgar;87837;Warhammer 40K - Imperium;1;186;0
2026;2026-09-18;The Nexus Bowl;tournament;Geek Masters Invitational;1;Qualifying;Marneus Calgar;87837;Warhammer 40K - Imperium;2;184;0
2026;2026-09-18;The Nexus Bowl;tournament;Geek Masters Invitational;1;Qualifying;Marneus Calgar;87837;Warhammer 40K - Imperium;3;195;0
2026;2026-09-18;The Nexus Bowl;tournament;Geek Masters Invitational;1;Qualifying;Marneus Calgar;87837;Warhammer 40K - Imperium;4;202;0
2026;2026-09-18;The Nexus Bowl;tournament;Geek Masters Invitational;1;Qualifying;Marneus Calgar;87837;Warhammer 40K - Imperium;5;205;0
2026;2026-09-18;The Nexus Bowl;tournament;Geek Masters Invitational;1;Qualifying;Marneus Calgar;87837;Warhammer 40K - Imperium;6;180;0
2026;2026-09-18;The Nexus Bowl;tournament;Geek Masters Invitational;1;Qualifying;Marneus Calgar;87837;Warhammer 40K - Imperium;7;186;0
2026;2026-09-18;The Nexus Bowl;tournament;Geek Masters Invitational;1;Qualifying;Saint Celestine;62601;Warhammer 40K - Imperium;0;151;0
2026;2026-09-18;The Nexus Bowl;tournament;Geek Masters Invitational;1;Qualifying;Saint Celestine;62601;Warhammer 40K - Imperium;1;165;0
2026;2026-09-18;The Nexus Bowl;tournament;Geek Masters Invitational;1;Qualifying;Saint Celestine;62601;Warhammer 40K - Imperium;2;166;0
2026;2026-09-18;The Nexus Bowl;tournament;Geek Masters Invitational;1;Qualifying;Saint Celestine;62601;Warhammer 40K - Imperium;3;183;0
2026;2026-09-18;The Nexus Bowl;tournament;Geek Masters Invitational;1;Qualifying;Saint Celestine;62601;Warhammer 40K - Imperium;4;192;0
2026;2026-09-18;The Nexus Bowl;tournament;Geek Masters Invitational;1;Qualifying;Saint Celestine;62601;Warhammer 40K - Imperium;5;186;0
2026;2026-09-18;The Nexus Bowl;tournament;Geek Masters Invitational;1;Qualifying;Saint Celestine;62601;Warhammer 40K - Imperium;6;166;0
2026;2026-09-18;The Nexus Bowl;tournament;Geek Masters Invitational;1;Qualifying;Saint Celestine;62601;Warhammer 40K - Imperium;7;196;0
2026;2026-09-18;The Nexus Bowl;tournament;Geek Masters Invitational;1;Qualifying;Inquisitor Eisenhorn;96174;Warhammer 40K - Imperium;0;172;0
2026;2026-09-18;The Nexus Bowl;tournament;Geek Masters Invitational;1;Qualifying;Inquisitor Eisenhorn;96174;Warhammer 40K - Imperium;1;179;0
2026;2026-09-18;The Nexus Bowl;tournament;Geek Masters Invitational;1;Qualifying;Inquisitor Eisenhorn;96174;Warhammer 40K - Imperium;2;142;0
2026;2026-09-18;The Nexus Bowl;tournament;Geek Masters Invitational;1;Qualifying;Inquisitor Eisenhorn;96174;Warhammer 40K - Imperium;3;136;0
2026;2026-09-18;The Nexus Bowl;tournament;Geek Masters Invitational;1;Qualifying;Inquisitor Eisenhorn;96174;Warhammer 40K - Imperium;4;151;0
2026;2026-09-18;The Nexus Bowl;tournament;Geek Masters Invitational;1;Qualifying;Inquisitor Eisenhorn;96174;Warhammer 40K - Imperium;5;168;0
2026;2026-09-18;The Nexus Bowl;tournament;Geek Masters Invitational;1;Qualifying;Inquisitor Eisenhorn;96174;Warhammer 40K - Imperium;6;190;0
2026;2026-09-18;The Nexus Bowl;tournament;Geek Masters Invitational;1;Qualifying;Inquisitor Eisenhorn;96174;Warhammer 40K - Imperium;7;141;0
2026;2026-09-18;The Nexus Bowl;tournament;Geek Masters Invitational;1;Qualifying;Abaddon the Despoiler;54558;Warhammer 40K - Chaos;0;188;0
2026;2026-09-18;The Nexus Bowl;tournament;Geek Masters Invitational;1;Qualifying;Abaddon the Despoiler;54558;Warhammer 40K - Chaos;1;209;0
2026;2026-09-18;The Nexus Bowl;tournament;Geek Masters Invitational;1;Qualifying;Abaddon the Despoiler;54558;Warhammer 40K - Chaos;2;194;0
2026;2026-09-18;The Nexus Bowl;tournament;Geek Masters Invitational;1;Qualifying;Abaddon the Despoiler;54558;Warhammer 40K - Chaos;3;220;0
2026;2026-09-18;The Nexus Bowl;tournament;Geek Masters Invitational;1;Qualifying;Abaddon the Despoiler;54558;Warhammer 40K - Chaos;4;231;0
2026;2026-09-18;The Nexus Bowl;tournament;Geek Masters Invitational;1;Qualifying;Abaddon the Despoiler;54558;Warhammer 40K - Chaos;5;206;0
2026;2026-09-18;The Nexus Bowl;tournament;Geek Masters Invitational;1;Qualifying;Abaddon the Despoiler;54558;Warhammer 40K - Chaos;6;207;0
2026;2026-09-18;The Nexus Bowl;tournament;Geek Masters Invitational;1;Qualifying;Abaddon the Despoiler;54558;Warhammer 40K - Chaos;7;207;0
2026;2026-09-18;The Nexus Bowl;tournament;Geek Masters Invitational;1;Qualifying;Magnus the Red;53003;Warhammer 40K - Chaos;0;183;0
2026;2026-09-18;The Nexus Bowl;tournament;Geek Masters Invitational;1;Qualifying;Magnus the Red;53003;Warhammer 40K - Chaos;1;178;0
2026;2026-09-18;The Nexus Bowl;tournament;Geek Masters Invitational;1;Qualifying;Magnus the Red;53003;Warhammer 40K - Chaos;2;189;0
2026;2026-09-18;The Nexus Bowl;tournament;Geek Masters Invitational;1;Qualifying;Magnus the Red;53003;Warhammer 40K - Chaos;3;185;0
2026;2026-09-18;The Nexus Bowl;tournament;Geek Masters Invitational;1;Qualifying;Magnus the Red;53003;Warhammer 40K - Chaos;4;192;0
2026;2026-09-18;The Nexus Bowl;tournament;Geek Masters Invitational;1;Qualifying;Magnus the Red;53003;Warhammer 40K - Chaos;5;187;0
2026;2026-09-18;The Nexus Bowl;tournament;Geek Masters Invitational;1;Qualifying;Magnus the Red;53003;Warhammer 40K - Chaos;6;203;0
2026;2026-09-18;The Nexus Bowl;tournament;Geek Masters Invitational;1;Qualifying;Magnus the Red;53003;Warhammer 40K - Chaos;7;177;0
2026;2026-09-18;The Nexus Bowl;tournament;Geek Masters Invitational;1;Qualifying;Ahriman;93336;Warhammer 40K - Chaos;0;187;0
2026;2026-09-18;The Nexus Bowl;tournament;Geek Masters Invitational;1;Qualifying;Ahriman;93336;Warhammer 40K - Chaos;1;205;0
2026;2026-09-18;The Nexus Bowl;tournament;Geek Masters Invitational;1;Qualifying;Ahriman;93336;Warhammer 40K - Chaos;2;199;0
2026;2026-09-18;The Nexus Bowl;tournament;Geek Masters Invitational;1;Qualifying;Ahriman;93336;Warhammer 40K - Chaos;3;214;0
2026;2026-09-18;The Nexus Bowl;tournament;Geek Masters Invitational;1;Qualifying;Ahriman;93336;Warhammer 40K - Chaos;4;198;0
2026;2026-09-18;The Nexus Bowl;tournament;Geek Masters Invitational;1;Qualifying;Ahriman;93336;Warhammer 40K - Chaos;5;201;0
2026;2026-09-18;The Nexus Bowl;tournament;Geek Masters Invitational;1;Qualifying;Ahriman;93336;Warhammer 40K - Chaos;6;188;0
2026;2026-09-18;The Nexus Bowl;tournament;Geek Masters Invitational;1;Qualifying;Ahriman;93336;Warhammer 40K - Chaos;7;160;0
2026;2026-09-18;The Nexus Bowl;tournament;Geek Masters Invitational;1;Qualifying;Kharn the Betrayer;64935;Warhammer 40K - Chaos;0;189;0
2026;2026-09-18;The Nexus Bowl;tournament;Geek Masters Invitational;1;Qualifying;Kharn the Betrayer;64935;Warhammer 40K - Chaos;1;188;0
2026;2026-09-18;The Nexus Bowl;tournament;Geek Masters Invitational;1;Qualifying;Kharn the Betrayer;64935;Warhammer 40K - Chaos;2;174;0
2026;2026-09-18;The Nexus Bowl;tournament;Geek Masters Invitational;1;Qualifying;Kharn the Betrayer;64935;Warhammer 40K - Chaos;3;159;0
2026;2026-09-18;The Nexus Bowl;tournament;Geek Masters Invitational;1;Qualifying;Kharn the Betrayer;64935;Warhammer 40K - Chaos;4;186;0
2026;2026-09-18;The Nexus Bowl;tournament;Geek Masters Invitational;1;Qualifying;Kharn the Betrayer;64935;Warhammer 40K - Chaos;5;151;0
2026;2026-09-18;The Nexus Bowl;tournament;Geek Masters Invitational;1;Qualifying;Kharn the Betrayer;64935;Warhammer 40K - Chaos;6;178;0
2026;2026-09-18;The Nexus Bowl;tournament;Geek Masters Invitational;1;Qualifying;Kharn the Betrayer;64935;Warhammer 40K - Chaos;7;184;0
2026;2026-09-18;The Nexus Bowl;tournament;Geek Masters Invitational;1;Qualifying;Mickey Mouse;68965;Disney Characters - Disney Heroes;0;236;0
2026;2026-09-18;The Nexus Bowl;tournament;Geek Masters Invitational;1;Qualifying;Mickey Mouse;68965;Disney Characters - Disney Heroes;1;208;0
2026;2026-09-18;The Nexus Bowl;tournament;Geek Masters Invitational;1;Qualifying;Mickey Mouse;68965;Disney Characters - Disney Heroes;2;224;0
2026;2026-09-18;The Nexus Bowl;tournament;Geek Masters Invitational;1;Qualifying;Mickey Mouse;68965;Disney Characters - Disney Heroes;3;219;0
2026;2026-09-18;The Nexus Bowl;tournament;Geek Masters Invitational;1;Qualifying;Mickey Mouse;68965;Disney Characters - Disney Heroes;4;254;0
2026;2026-09-18;The Nexus Bowl;tournament;Geek Masters Invitational;1;Qualifying;Mickey Mouse;68965;Disney Characters - Disney Heroes;5;224;0
2026;2026-09-18;The Nexus Bowl;tournament;Geek Masters Invitational;1;Qualifying;Mickey Mouse;68965;Disney Characters - Disney Heroes;6;206;0
2026;2026-09-18;The Nexus Bowl;tournament;Geek Masters Invitational;1;Qualifying;Mickey Mouse;68965;Disney Characters - Disney Heroes;7;259;0
2026;2026-09-18;The Nexus Bowl;tournament;Geek Masters Invitational;1;Qualifying;Mulan;55229;Disney Characters - Disney Heroes;0;184;0
2026;2026-09-18;The Nexus Bowl;tournament;Geek Masters Invitational;1;Qualifying;Mulan;55229;Disney Characters - Disney Heroes;1;187;0
2026;2026-09-18;The Nexus Bowl;tournament;Geek Masters Invitational;1;Qualifying;Mulan;55229;Disney Characters - Disney Heroes;2;196;0
2026;2026-09-18;The Nexus Bowl;tournament;Geek Masters Invitational;1;Qualifying;Mulan;55229;Disney Characters - Disney Heroes;3;196;0
2026;2026-09-18;The Nexus Bowl;tournament;Geek Masters Invitational;1;Qualifying;Mulan;55229;Disney Characters - Disney Heroes;4;211;0
2026;2026-09-18;The Nexus Bowl;tournament;Geek Masters Invitational;1;Qualifying;Mulan;55229;Disney Characters - Disney Heroes;5;196;0
2026;2026-09-18;The Nexus Bowl;tournament;Geek Masters Invitational;1;Qualifying;Mulan;55229;Disney Characters - Disney Heroes;6;188;0
2026;2026-09-18;The Nexus Bowl;tournament;Geek Masters Invitational;1;Qualifying;Mulan;55229;Disney Characters - Disney Heroes;7;196;0
2026;2026-09-18;The Nexus Bowl;tournament;Geek Masters Invitational;1;Qualifying;Simba;65256;Disney Characters - Disney Heroes;0;195;0
2026;2026-09-18;The Nexus Bowl;tournament;Geek Masters Invitational;1;Qualifying;Simba;65256;Disney Characters - Disney Heroes;1;205;0
2026;2026-09-18;The Nexus Bowl;tournament;Geek Masters Invitational;1;Qualifying;Simba;65256;Disney Characters - Disney Heroes;2;209;0
2026;2026-09-18;The Nexus Bowl;tournament;Geek Masters Invitational;1;Qualifying;Simba;65256;Disney Characters - Disney Heroes;3;216;0
2026;2026-09-18;The Nexus Bowl;tournament;Geek Masters Invitational;1;Qualifying;Simba;65256;Disney Characters - Disney Heroes;4;185;0
2026;2026-09-18;The Nexus Bowl;tournament;Geek Masters Invitational;1;Qualifying;Simba;65256;Disney Characters - Disney Heroes;5;187;0
2026;2026-09-18;The Nexus Bowl;tournament;Geek Masters Invitational;1;Qualifying;Simba;65256;Disney Characters - Disney Heroes;6;196;0
2026;2026-09-18;The Nexus Bowl;tournament;Geek Masters Invitational;1;Qualifying;Simba;65256;Disney Characters - Disney Heroes;7;217;0
2026;2026-09-18;The Nexus Bowl;tournament;Geek Masters Invitational;1;Qualifying;Moana;56619;Disney Characters - Disney Heroes;0;170;0
2026;2026-09-18;The Nexus Bowl;tournament;Geek Masters Invitational;1;Qualifying;Moana;56619;Disney Characters - Disney Heroes;1;155;0
2026;2026-09-18;The Nexus Bowl;tournament;Geek Masters Invitational;1;Qualifying;Moana;56619;Disney Characters - Disney Heroes;2;166;0
2026;2026-09-18;The Nexus Bowl;tournament;Geek Masters Invitational;1;Qualifying;Moana;56619;Disney Characters - Disney Heroes;3;163;0
2026;2026-09-18;The Nexus Bowl;tournament;Geek Masters Invitational;1;Qualifying;Moana;56619;Disney Characters - Disney Heroes;4;158;0
2026;2026-09-18;The Nexus Bowl;tournament;Geek Masters Invitational;1;Qualifying;Moana;56619;Disney Characters - Disney Heroes;5;157;0
2026;2026-09-18;The Nexus Bowl;tournament;Geek Masters Invitational;1;Qualifying;Moana;56619;Disney Characters - Disney Heroes;6;180;0
2026;2026-09-18;The Nexus Bowl;tournament;Geek Masters Invitational;1;Qualifying;Moana;56619;Disney Characters - Disney Heroes;7;164;0
2026;2026-09-18;The Nexus Bowl;tournament;Geek Masters Invitational;1;Qualifying;Maleficent;74911;Disney Characters - Disney Villains;0;248;0
2026;2026-09-18;The Nexus Bowl;tournament;Geek Masters Invitational;1;Qualifying;Maleficent;74911;Disney Characters - Disney Villains;1;235;0
2026;2026-09-18;The Nexus Bowl;tournament;Geek Masters Invitational;1;Qualifying;Maleficent;74911;Disney Characters - Disney Villains;2;244;0
2026;2026-09-18;The Nexus Bowl;tournament;Geek Masters Invitational;1;Qualifying;Maleficent;74911;Disney Characters - Disney Villains;3;233;0
2026;2026-09-18;The Nexus Bowl;tournament;Geek Masters Invitational;1;Qualifying;Maleficent;74911;Disney Characters - Disney Villains;4;259;0
2026;2026-09-18;The Nexus Bowl;tournament;Geek Masters Invitational;1;Qualifying;Maleficent;74911;Disney Characters - Disney Villains;5;239;0
2026;2026-09-18;The Nexus Bowl;tournament;Geek Masters Invitational;1;Qualifying;Maleficent;74911;Disney Characters - Disney Villains;6;222;0
2026;2026-09-18;The Nexus Bowl;tournament;Geek Masters Invitational;1;Qualifying;Maleficent;74911;Disney Characters - Disney Villains;7;259;0
2026;2026-09-18;The Nexus Bowl;tournament;Geek Masters Invitational;1;Qualifying;Scar;68217;Disney Characters - Disney Villains;0;172;0
2026;2026-09-18;The Nexus Bowl;tournament;Geek Masters Invitational;1;Qualifying;Scar;68217;Disney Characters - Disney Villains;1;180;0
2026;2026-09-18;The Nexus Bowl;tournament;Geek Masters Invitational;1;Qualifying;Scar;68217;Disney Characters - Disney Villains;2;211;0
2026;2026-09-18;The Nexus Bowl;tournament;Geek Masters Invitational;1;Qualifying;Scar;68217;Disney Characters - Disney Villains;3;204;0
2026;2026-09-18;The Nexus Bowl;tournament;Geek Masters Invitational;1;Qualifying;Scar;68217;Disney Characters - Disney Villains;4;209;0
2026;2026-09-18;The Nexus Bowl;tournament;Geek Masters Invitational;1;Qualifying;Scar;68217;Disney Characters - Disney Villains;5;197;0
2026;2026-09-18;The Nexus Bowl;tournament;Geek Masters Invitational;1;Qualifying;Scar;68217;Disney Characters - Disney Villains;6;206;0
2026;2026-09-18;The Nexus Bowl;tournament;Geek Masters Invitational;1;Qualifying;Scar;68217;Disney Characters - Disney Villains;7;195;0
2026;2026-09-18;The Nexus Bowl;tournament;Geek Masters Invitational;1;Qualifying;Ursula;79714;Disney Characters - Disney Villains;0;150;0
2026;2026-09-18;The Nexus Bowl;tournament;Geek Masters Invitational;1;Qualifying;Ursula;79714;Disney Characters - Disney Villains;1;189;0
2026;2026-09-18;The Nexus Bowl;tournament;Geek Masters Invitational;1;Qualifying;Ursula;79714;Disney Characters - Disney Villains;2;209;0
2026;2026-09-18;The Nexus Bowl;tournament;Geek Masters Invitational;1;Qualifying;Ursula;79714;Disney Characters - Disney Villains;3;181;0
2026;2026-09-18;The Nexus Bowl;tournament;Geek Masters Invitational;1;Qualifying;Ursula;79714;Disney Characters - Disney Villains;4;183;0
2026;2026-09-18;The Nexus Bowl;tournament;Geek Masters Invitational;1;Qualifying;Ursula;79714;Disney Characters - Disney Villains;5;189;0
2026;2026-09-18;The Nexus Bowl;tournament;Geek Masters Invitational;1;Qualifying;Ursula;79714;Disney Characters - Disney Villains;6;180;0
2026;2026-09-18;The Nexus Bowl;tournament;Geek Masters Invitational;1;Qualifying;Ursula;79714;Disney Characters - Disney Villains;7;191;0
2026;2026-09-18;The Nexus Bowl;tournament;Geek Masters Invitational;1;Qualifying;Jafar;91660;Disney Characters - Disney Villains;0;176;0
2026;2026-09-18;The Nexus Bowl;tournament;Geek Masters Invitational;1;Qualifying;Jafar;91660;Disney Characters - Disney Villains;1;176;0
2026;2026-09-18;The Nexus Bowl;tournament;Geek Masters Invitational;1;Qualifying;Jafar;91660;Disney Characters - Disney Villains;2;167;0
2026;2026-09-18;The Nexus Bowl;tournament;Geek Masters Invitational;1;Qualifying;Jafar;91660;Disney Characters - Disney Villains;3;182;0
2026;2026-09-18;The Nexus Bowl;tournament;Geek Masters Invitational;1;Qualifying;Jafar;91660;Disney Characters - Disney Villains;4;177;0
2026;2026-09-18;The Nexus Bowl;tournament;Geek Masters Invitational;1;Qualifying;Jafar;91660;Disney Characters - Disney Villains;5;166;0
2026;2026-09-18;The Nexus Bowl;tournament;Geek Masters Invitational;1;Qualifying;Jafar;91660;Disney Characters - Disney Villains;6;166;0
2026;2026-09-18;The Nexus Bowl;tournament;Geek Masters Invitational;1;Qualifying;Jafar;91660;Disney Characters - Disney Villains;7;191;0
2026;2026-09-19;The Nexus Bowl;tournament;Geek Masters Invitational;2;Round 2;Maleficent;74911;Disney Characters - Disney Villains;0;194;0
2026;2026-09-19;The Nexus Bowl;tournament;Geek Masters Invitational;2;Round 2;Maleficent;74911;Disney Characters - Disney Villains;1;248;0
2026;2026-09-19;The Nexus Bowl;tournament;Geek Masters Invitational;2;Round 2;Maleficent;74911;Disney Characters - Disney Villains;2;213;0
2026;2026-09-19;The Nexus Bowl;tournament;Geek Masters Invitational;2;Round 2;Maleficent;74911;Disney Characters - Disney Villains;3;237;0
2026;2026-09-19;The Nexus Bowl;tournament;Geek Masters Invitational;2;Round 2;Maleficent;74911;Disney Characters - Disney Villains;4;210;0
2026;2026-09-19;The Nexus Bowl;tournament;Geek Masters Invitational;2;Round 2;Maleficent;74911;Disney Characters - Disney Villains;5;192;0
2026;2026-09-19;The Nexus Bowl;tournament;Geek Masters Invitational;2;Round 2;Harry Potter;52082;Harry Potter - Order of the Phoenix;0;238;0
2026;2026-09-19;The Nexus Bowl;tournament;Geek Masters Invitational;2;Round 2;Harry Potter;52082;Harry Potter - Order of the Phoenix;1;239;0
2026;2026-09-19;The Nexus Bowl;tournament;Geek Masters Invitational;2;Round 2;Harry Potter;52082;Harry Potter - Order of the Phoenix;2;217;0
2026;2026-09-19;The Nexus Bowl;tournament;Geek Masters Invitational;2;Round 2;Harry Potter;52082;Harry Potter - Order of the Phoenix;3;227;0
2026;2026-09-19;The Nexus Bowl;tournament;Geek Masters Invitational;2;Round 2;Harry Potter;52082;Harry Potter - Order of the Phoenix;4;205;0
2026;2026-09-19;The Nexus Bowl;tournament;Geek Masters Invitational;2;Round 2;Harry Potter;52082;Harry Potter - Order of the Phoenix;5;219;0
2026;2026-09-19;The Nexus Bowl;tournament;Geek Masters Invitational;2;Round 2;Mickey Mouse;68965;Disney Characters - Disney Heroes;0;180;0
2026;2026-09-19;The Nexus Bowl;tournament;Geek Masters Invitational;2;Round 2;Mickey Mouse;68965;Disney Characters - Disney Heroes;1;239;0
2026;2026-09-19;The Nexus Bowl;tournament;Geek Masters Invitational;2;Round 2;Mickey Mouse;68965;Disney Characters - Disney Heroes;2;215;0
2026;2026-09-19;The Nexus Bowl;tournament;Geek Masters Invitational;2;Round 2;Mickey Mouse;68965;Disney Characters - Disney Heroes;3;215;0
2026;2026-09-19;The Nexus Bowl;tournament;Geek Masters Invitational;2;Round 2;Mickey Mouse;68965;Disney Characters - Disney Heroes;4;209;0
2026;2026-09-19;The Nexus Bowl;tournament;Geek Masters Invitational;2;Round 2;Mickey Mouse;68965;Disney Characters - Disney Heroes;5;203;0
2026;2026-09-19;The Nexus Bowl;tournament;Geek Masters Invitational;2;Round 2;Worf;67335;Star Trek - Klingon-Romulan;0;219;0
2026;2026-09-19;The Nexus Bowl;tournament;Geek Masters Invitational;2;Round 2;Worf;67335;Star Trek - Klingon-Romulan;1;206;0
2026;2026-09-19;The Nexus Bowl;tournament;Geek Masters Invitational;2;Round 2;Worf;67335;Star Trek - Klingon-Romulan;2;237;0
2026;2026-09-19;The Nexus Bowl;tournament;Geek Masters Invitational;2;Round 2;Worf;67335;Star Trek - Klingon-Romulan;3;229;0
2026;2026-09-19;The Nexus Bowl;tournament;Geek Masters Invitational;2;Round 2;Worf;67335;Star Trek - Klingon-Romulan;4;218;0
2026;2026-09-19;The Nexus Bowl;tournament;Geek Masters Invitational;2;Round 2;Worf;67335;Star Trek - Klingon-Romulan;5;221;0
2026;2026-09-19;The Nexus Bowl;tournament;Geek Masters Invitational;2;Round 2;Luke Skywalker;91905;Star Wars - Jedi Order;0;224;0
2026;2026-09-19;The Nexus Bowl;tournament;Geek Masters Invitational;2;Round 2;Luke Skywalker;91905;Star Wars - Jedi Order;1;221;0
2026;2026-09-19;The Nexus Bowl;tournament;Geek Masters Invitational;2;Round 2;Luke Skywalker;91905;Star Wars - Jedi Order;2;195;0
2026;2026-09-19;The Nexus Bowl;tournament;Geek Masters Invitational;2;Round 2;Luke Skywalker;91905;Star Wars - Jedi Order;3;204;0
2026;2026-09-19;The Nexus Bowl;tournament;Geek Masters Invitational;2;Round 2;Luke Skywalker;91905;Star Wars - Jedi Order;4;197;0
2026;2026-09-19;The Nexus Bowl;tournament;Geek Masters Invitational;2;Round 2;Luke Skywalker;91905;Star Wars - Jedi Order;5;222;0
2026;2026-09-19;The Nexus Bowl;tournament;Geek Masters Invitational;2;Round 2;Roboute Guilliman;73700;Warhammer 40K - Imperium;0;208;0
2026;2026-09-19;The Nexus Bowl;tournament;Geek Masters Invitational;2;Round 2;Roboute Guilliman;73700;Warhammer 40K - Imperium;1;208;0
2026;2026-09-19;The Nexus Bowl;tournament;Geek Masters Invitational;2;Round 2;Roboute Guilliman;73700;Warhammer 40K - Imperium;2;202;0
2026;2026-09-19;The Nexus Bowl;tournament;Geek Masters Invitational;2;Round 2;Roboute Guilliman;73700;Warhammer 40K - Imperium;3;198;0
2026;2026-09-19;The Nexus Bowl;tournament;Geek Masters Invitational;2;Round 2;Roboute Guilliman;73700;Warhammer 40K - Imperium;4;221;0
2026;2026-09-19;The Nexus Bowl;tournament;Geek Masters Invitational;2;Round 2;Roboute Guilliman;73700;Warhammer 40K - Imperium;5;231;0
2026;2026-09-19;The Nexus Bowl;tournament;Geek Masters Invitational;2;Round 2;Paul Atreides;72298;Dune - House Atreides;0;210;0
2026;2026-09-19;The Nexus Bowl;tournament;Geek Masters Invitational;2;Round 2;Paul Atreides;72298;Dune - House Atreides;1;209;0
2026;2026-09-19;The Nexus Bowl;tournament;Geek Masters Invitational;2;Round 2;Paul Atreides;72298;Dune - House Atreides;2;211;0
2026;2026-09-19;The Nexus Bowl;tournament;Geek Masters Invitational;2;Round 2;Paul Atreides;72298;Dune - House Atreides;3;208;0
2026;2026-09-19;The Nexus Bowl;tournament;Geek Masters Invitational;2;Round 2;Paul Atreides;72298;Dune - House Atreides;4;225;0
2026;2026-09-19;The Nexus Bowl;tournament;Geek Masters Invitational;2;Round 2;Paul Atreides;72298;Dune - House Atreides;5;224;0
2026;2026-09-19;The Nexus Bowl;tournament;Geek Masters Invitational;2;Round 2;Jean-Luc Picard;56338;Star Trek - Federation;0;206;0
2026;2026-09-19;The Nexus Bowl;tournament;Geek Masters Invitational;2;Round 2;Jean-Luc Picard;56338;Star Trek - Federation;1;216;0
2026;2026-09-19;The Nexus Bowl;tournament;Geek Masters Invitational;2;Round 2;Jean-Luc Picard;56338;Star Trek - Federation;2;205;0
2026;2026-09-19;The Nexus Bowl;tournament;Geek Masters Invitational;2;Round 2;Jean-Luc Picard;56338;Star Trek - Federation;3;218;0
2026;2026-09-19;The Nexus Bowl;tournament;Geek Masters Invitational;2;Round 2;Jean-Luc Picard;56338;Star Trek - Federation;4;213;0
2026;2026-09-19;The Nexus Bowl;tournament;Geek Masters Invitational;2;Round 2;Jean-Luc Picard;56338;Star Trek - Federation;5;208;0
2026;2026-09-19;The Nexus Bowl;tournament;Geek Masters Invitational;2;Round 2;Gandalf;98265;Lord of the Rings - Free Peoples;0;200;0
2026;2026-09-19;The Nexus Bowl;tournament;Geek Masters Invitational;2;Round 2;Gandalf;98265;Lord of the Rings - Free Peoples;1;212;0
2026;2026-09-19;The Nexus Bowl;tournament;Geek Masters Invitational;2;Round 2;Gandalf;98265;Lord of the Rings - Free Peoples;2;218;0
2026;2026-09-19;The Nexus Bowl;tournament;Geek Masters Invitational;2;Round 2;Gandalf;98265;Lord of the Rings - Free Peoples;3;198;0
2026;2026-09-19;The Nexus Bowl;tournament;Geek Masters Invitational;2;Round 2;Gandalf;98265;Lord of the Rings - Free Peoples;4;218;0
2026;2026-09-19;The Nexus Bowl;tournament;Geek Masters Invitational;2;Round 2;Gandalf;98265;Lord of the Rings - Free Peoples;5;205;0
2026;2026-09-19;The Nexus Bowl;tournament;Geek Masters Invitational;2;Round 2;Guybrush Threepwood;99729;LucasArts Games - Monkey Island & Legacy;0;196;0
2026;2026-09-19;The Nexus Bowl;tournament;Geek Masters Invitational;2;Round 2;Guybrush Threepwood;99729;LucasArts Games - Monkey Island & Legacy;1;173;0
2026;2026-09-19;The Nexus Bowl;tournament;Geek Masters Invitational;2;Round 2;Guybrush Threepwood;99729;LucasArts Games - Monkey Island & Legacy;2;175;0
2026;2026-09-19;The Nexus Bowl;tournament;Geek Masters Invitational;2;Round 2;Guybrush Threepwood;99729;LucasArts Games - Monkey Island & Legacy;3;224;0
2026;2026-09-19;The Nexus Bowl;tournament;Geek Masters Invitational;2;Round 2;Guybrush Threepwood;99729;LucasArts Games - Monkey Island & Legacy;4;176;0
2026;2026-09-19;The Nexus Bowl;tournament;Geek Masters Invitational;2;Round 2;Guybrush Threepwood;99729;LucasArts Games - Monkey Island & Legacy;5;241;0
2026;2026-09-19;The Nexus Bowl;tournament;Geek Masters Invitational;2;Round 2;Sauron;85741;Lord of the Rings - Forces of Mordor;0;218;0
2026;2026-09-19;The Nexus Bowl;tournament;Geek Masters Invitational;2;Round 2;Sauron;85741;Lord of the Rings - Forces of Mordor;1;205;0
2026;2026-09-19;The Nexus Bowl;tournament;Geek Masters Invitational;2;Round 2;Sauron;85741;Lord of the Rings - Forces of Mordor;2;182;0
2026;2026-09-19;The Nexus Bowl;tournament;Geek Masters Invitational;2;Round 2;Sauron;85741;Lord of the Rings - Forces of Mordor;3;201;0
2026;2026-09-19;The Nexus Bowl;tournament;Geek Masters Invitational;2;Round 2;Sauron;85741;Lord of the Rings - Forces of Mordor;4;203;0
2026;2026-09-19;The Nexus Bowl;tournament;Geek Masters Invitational;2;Round 2;Sauron;85741;Lord of the Rings - Forces of Mordor;5;204;0
2026;2026-09-19;The Nexus Bowl;tournament;Geek Masters Invitational;2;Round 2;Emperor Palpatine;66049;Star Wars - Sith Empire;0;196;0
2026;2026-09-19;The Nexus Bowl;tournament;Geek Masters Invitational;2;Round 2;Emperor Palpatine;66049;Star Wars - Sith Empire;1;201;0
2026;2026-09-19;The Nexus Bowl;tournament;Geek Masters Invitational;2;Round 2;Emperor Palpatine;66049;Star Wars - Sith Empire;2;209;0
2026;2026-09-19;The Nexus Bowl;tournament;Geek Masters Invitational;2;Round 2;Emperor Palpatine;66049;Star Wars - Sith Empire;3;204;0
2026;2026-09-19;The Nexus Bowl;tournament;Geek Masters Invitational;2;Round 2;Emperor Palpatine;66049;Star Wars - Sith Empire;4;209;0
2026;2026-09-19;The Nexus Bowl;tournament;Geek Masters Invitational;2;Round 2;Emperor Palpatine;66049;Star Wars - Sith Empire;5;215;0
2026;2026-09-19;The Nexus Bowl;tournament;Geek Masters Invitational;2;Round 2;Commander Shepard;85142;Mass Effect - Alliance Crew;0;200;0
2026;2026-09-19;The Nexus Bowl;tournament;Geek Masters Invitational;2;Round 2;Commander Shepard;85142;Mass Effect - Alliance Crew;1;205;0
2026;2026-09-19;The Nexus Bowl;tournament;Geek Masters Invitational;2;Round 2;Commander Shepard;85142;Mass Effect - Alliance Crew;2;213;0
2026;2026-09-19;The Nexus Bowl;tournament;Geek Masters Invitational;2;Round 2;Commander Shepard;85142;Mass Effect - Alliance Crew;3;220;0
2026;2026-09-19;The Nexus Bowl;tournament;Geek Masters Invitational;2;Round 2;Commander Shepard;85142;Mass Effect - Alliance Crew;4;199;0
2026;2026-09-19;The Nexus Bowl;tournament;Geek Masters Invitational;2;Round 2;Commander Shepard;85142;Mass Effect - Alliance Crew;5;213;0
2026;2026-09-19;The Nexus Bowl;tournament;Geek Masters Invitational;2;Round 2;Kyle Katarn;79439;LucasArts Games - Jedi Knight Era;0;207;0
2026;2026-09-19;The Nexus Bowl;tournament;Geek Masters Invitational;2;Round 2;Kyle Katarn;79439;LucasArts Games - Jedi Knight Era;1;209;0
2026;2026-09-19;The Nexus Bowl;tournament;Geek Masters Invitational;2;Round 2;Kyle Katarn;79439;LucasArts Games - Jedi Knight Era;2;204;0
2026;2026-09-19;The Nexus Bowl;tournament;Geek Masters Invitational;2;Round 2;Kyle Katarn;79439;LucasArts Games - Jedi Knight Era;3;191;0
2026;2026-09-19;The Nexus Bowl;tournament;Geek Masters Invitational;2;Round 2;Kyle Katarn;79439;LucasArts Games - Jedi Knight Era;4;211;0
2026;2026-09-19;The Nexus Bowl;tournament;Geek Masters Invitational;2;Round 2;Kyle Katarn;79439;LucasArts Games - Jedi Knight Era;5;204;0
2026;2026-09-19;The Nexus Bowl;tournament;Geek Masters Invitational;2;Round 2;Darth Vader;68024;Star Wars - Sith Empire;0;214;0
2026;2026-09-19;The Nexus Bowl;tournament;Geek Masters Invitational;2;Round 2;Darth Vader;68024;Star Wars - Sith Empire;1;220;0
2026;2026-09-19;The Nexus Bowl;tournament;Geek Masters Invitational;2;Round 2;Darth Vader;68024;Star Wars - Sith Empire;2;237;0
2026;2026-09-19;The Nexus Bowl;tournament;Geek Masters Invitational;2;Round 2;Darth Vader;68024;Star Wars - Sith Empire;3;209;0
2026;2026-09-19;The Nexus Bowl;tournament;Geek Masters Invitational;2;Round 2;Darth Vader;68024;Star Wars - Sith Empire;4;230;0
2026;2026-09-19;The Nexus Bowl;tournament;Geek Masters Invitational;2;Round 2;Darth Vader;68024;Star Wars - Sith Empire;5;205;0
2026;2026-09-19;The Nexus Bowl;tournament;Geek Masters Invitational;2;Round 2;Illusive Man;86178;Mass Effect - Cerberus-Reapers;0;204;0
2026;2026-09-19;The Nexus Bowl;tournament;Geek Masters Invitational;2;Round 2;Illusive Man;86178;Mass Effect - Cerberus-Reapers;1;226;0
2026;2026-09-19;The Nexus Bowl;tournament;Geek Masters Invitational;2;Round 2;Illusive Man;86178;Mass Effect - Cerberus-Reapers;2;216;0
2026;2026-09-19;The Nexus Bowl;tournament;Geek Masters Invitational;2;Round 2;Illusive Man;86178;Mass Effect - Cerberus-Reapers;3;222;0
2026;2026-09-19;The Nexus Bowl;tournament;Geek Masters Invitational;2;Round 2;Illusive Man;86178;Mass Effect - Cerberus-Reapers;4;233;0
2026;2026-09-19;The Nexus Bowl;tournament;Geek Masters Invitational;2;Round 2;Illusive Man;86178;Mass Effect - Cerberus-Reapers;5;218;0
2026;2026-09-19;The Nexus Bowl;tournament;Geek Masters Invitational;2;Round 2;Lord Voldemort;65247;Harry Potter - Death Eaters;0;217;0
2026;2026-09-19;The Nexus Bowl;tournament;Geek Masters Invitational;2;Round 2;Lord Voldemort;65247;Harry Potter - Death Eaters;1;221;0
2026;2026-09-19;The Nexus Bowl;tournament;Geek Masters Invitational;2;Round 2;Lord Voldemort;65247;Harry Potter - Death Eaters;2;217;0
2026;2026-09-19;The Nexus Bowl;tournament;Geek Masters Invitational;2;Round 2;Lord Voldemort;65247;Harry Potter - Death Eaters;3;214;0
2026;2026-09-19;The Nexus Bowl;tournament;Geek Masters Invitational;2;Round 2;Lord Voldemort;65247;Harry Potter - Death Eaters;4;211;0
2026;2026-09-19;The Nexus Bowl;tournament;Geek Masters Invitational;2;Round 2;Lord Voldemort;65247;Harry Potter - Death Eaters;5;216;0
2026;2026-09-19;The Nexus Bowl;tournament;Geek Masters Invitational;2;Round 2;Cersei Lannister;95962;Game of Thrones - Lannister-Crown;0;208;0
2026;2026-09-19;The Nexus Bowl;tournament;Geek Masters Invitational;2;Round 2;Cersei Lannister;95962;Game of Thrones - Lannister-Crown;1;206;0
2026;2026-09-19;The Nexus Bowl;tournament;Geek Masters Invitational;2;Round 2;Cersei Lannister;95962;Game of Thrones - Lannister-Crown;2;227;0
2026;2026-09-19;The Nexus Bowl;tournament;Geek Masters Invitational;2;Round 2;Cersei Lannister;95962;Game of Thrones - Lannister-Crown;3;198;0
2026;2026-09-19;The Nexus Bowl;tournament;Geek Masters Invitational;2;Round 2;Cersei Lannister;95962;Game of Thrones - Lannister-Crown;4;185;0
2026;2026-09-19;The Nexus Bowl;tournament;Geek Masters Invitational;2;Round 2;Cersei Lannister;95962;Game of Thrones - Lannister-Crown;5;203;0
2026;2026-09-19;The Nexus Bowl;tournament;Geek Masters Invitational;2;Round 2;Gowron;52847;Star Trek - Klingon-Romulan;0;181;0
2026;2026-09-19;The Nexus Bowl;tournament;Geek Masters Invitational;2;Round 2;Gowron;52847;Star Trek - Klingon-Romulan;1;202;0
2026;2026-09-19;The Nexus Bowl;tournament;Geek Masters Invitational;2;Round 2;Gowron;52847;Star Trek - Klingon-Romulan;2;201;0
2026;2026-09-19;The Nexus Bowl;tournament;Geek Masters Invitational;2;Round 2;Gowron;52847;Star Trek - Klingon-Romulan;3;218;0
2026;2026-09-19;The Nexus Bowl;tournament;Geek Masters Invitational;2;Round 2;Gowron;52847;Star Trek - Klingon-Romulan;4;219;0
2026;2026-09-19;The Nexus Bowl;tournament;Geek Masters Invitational;2;Round 2;Gowron;52847;Star Trek - Klingon-Romulan;5;206;0
2026;2026-09-19;The Nexus Bowl;tournament;Geek Masters Invitational;2;Round 2;Feyd-Rautha;56698;Dune - Harkonnen-Sardaukar;0;212;0
2026;2026-09-19;The Nexus Bowl;tournament;Geek Masters Invitational;2;Round 2;Feyd-Rautha;56698;Dune - Harkonnen-Sardaukar;1;206;0
2026;2026-09-19;The Nexus Bowl;tournament;Geek Masters Invitational;2;Round 2;Feyd-Rautha;56698;Dune - Harkonnen-Sardaukar;2;212;0
2026;2026-09-19;The Nexus Bowl;tournament;Geek Masters Invitational;2;Round 2;Feyd-Rautha;56698;Dune - Harkonnen-Sardaukar;3;216;0
2026;2026-09-19;The Nexus Bowl;tournament;Geek Masters Invitational;2;Round 2;Feyd-Rautha;56698;Dune - Harkonnen-Sardaukar;4;207;0
2026;2026-09-19;The Nexus Bowl;tournament;Geek Masters Invitational;2;Round 2;Feyd-Rautha;56698;Dune - Harkonnen-Sardaukar;5;211;0
2026;2026-09-19;The Nexus Bowl;tournament;Geek Masters Invitational;2;Round 2;Abaddon the Despoiler;54558;Warhammer 40K - Chaos;0;218;0
2026;2026-09-19;The Nexus Bowl;tournament;Geek Masters Invitational;2;Round 2;Abaddon the Despoiler;54558;Warhammer 40K - Chaos;1;236;0
2026;2026-09-19;The Nexus Bowl;tournament;Geek Masters Invitational;2;Round 2;Abaddon the Despoiler;54558;Warhammer 40K - Chaos;2;210;0
2026;2026-09-19;The Nexus Bowl;tournament;Geek Masters Invitational;2;Round 2;Abaddon the Despoiler;54558;Warhammer 40K - Chaos;3;229;0
2026;2026-09-19;The Nexus Bowl;tournament;Geek Masters Invitational;2;Round 2;Abaddon the Despoiler;54558;Warhammer 40K - Chaos;4;211;0
2026;2026-09-19;The Nexus Bowl;tournament;Geek Masters Invitational;2;Round 2;Abaddon the Despoiler;54558;Warhammer 40K - Chaos;5;233;0
2026;2026-09-19;The Nexus Bowl;tournament;Geek Masters Invitational;2;Round 2;Harbinger;69213;Mass Effect - Cerberus-Reapers;0;208;0
2026;2026-09-19;The Nexus Bowl;tournament;Geek Masters Invitational;2;Round 2;Harbinger;69213;Mass Effect - Cerberus-Reapers;1;217;0
2026;2026-09-19;The Nexus Bowl;tournament;Geek Masters Invitational;2;Round 2;Harbinger;69213;Mass Effect - Cerberus-Reapers;2;206;0
2026;2026-09-19;The Nexus Bowl;tournament;Geek Masters Invitational;2;Round 2;Harbinger;69213;Mass Effect - Cerberus-Reapers;3;213;0
2026;2026-09-19;The Nexus Bowl;tournament;Geek Masters Invitational;2;Round 2;Harbinger;69213;Mass Effect - Cerberus-Reapers;4;213;0
2026;2026-09-19;The Nexus Bowl;tournament;Geek Masters Invitational;2;Round 2;Harbinger;69213;Mass Effect - Cerberus-Reapers;5;206;0
2026;2026-09-19;The Nexus Bowl;tournament;Geek Masters Invitational;2;Round 2;Tywin Lannister;77493;Game of Thrones - Lannister-Crown;0;195;0
2026;2026-09-19;The Nexus Bowl;tournament;Geek Masters Invitational;2;Round 2;Tywin Lannister;77493;Game of Thrones - Lannister-Crown;1;196;0
2026;2026-09-19;The Nexus Bowl;tournament;Geek Masters Invitational;2;Round 2;Tywin Lannister;77493;Game of Thrones - Lannister-Crown;2;180;0
2026;2026-09-19;The Nexus Bowl;tournament;Geek Masters Invitational;2;Round 2;Tywin Lannister;77493;Game of Thrones - Lannister-Crown;3;206;0
2026;2026-09-19;The Nexus Bowl;tournament;Geek Masters Invitational;2;Round 2;Tywin Lannister;77493;Game of Thrones - Lannister-Crown;4;186;0
2026;2026-09-19;The Nexus Bowl;tournament;Geek Masters Invitational;2;Round 2;Tywin Lannister;77493;Game of Thrones - Lannister-Crown;5;193;0
2026;2026-09-19;The Nexus Bowl;tournament;Geek Masters Invitational;2;Round 2;Lady Jessica;68210;Dune - House Atreides;0;196;0
2026;2026-09-19;The Nexus Bowl;tournament;Geek Masters Invitational;2;Round 2;Lady Jessica;68210;Dune - House Atreides;1;192;0
2026;2026-09-19;The Nexus Bowl;tournament;Geek Masters Invitational;2;Round 2;Lady Jessica;68210;Dune - House Atreides;2;206;0
2026;2026-09-19;The Nexus Bowl;tournament;Geek Masters Invitational;2;Round 2;Lady Jessica;68210;Dune - House Atreides;3;203;0
2026;2026-09-19;The Nexus Bowl;tournament;Geek Masters Invitational;2;Round 2;Lady Jessica;68210;Dune - House Atreides;4;193;0
2026;2026-09-19;The Nexus Bowl;tournament;Geek Masters Invitational;2;Round 2;Lady Jessica;68210;Dune - House Atreides;5;199;0
2026;2026-09-19;The Nexus Bowl;tournament;Geek Masters Invitational;2;Round 2;Hermione Granger;51952;Harry Potter - Order of the Phoenix;0;208;0
2026;2026-09-19;The Nexus Bowl;tournament;Geek Masters Invitational;2;Round 2;Hermione Granger;51952;Harry Potter - Order of the Phoenix;1;209;0
2026;2026-09-19;The Nexus Bowl;tournament;Geek Masters Invitational;2;Round 2;Hermione Granger;51952;Harry Potter - Order of the Phoenix;2;214;0
2026;2026-09-19;The Nexus Bowl;tournament;Geek Masters Invitational;2;Round 2;Hermione Granger;51952;Harry Potter - Order of the Phoenix;3;185;0
2026;2026-09-19;The Nexus Bowl;tournament;Geek Masters Invitational;2;Round 2;Hermione Granger;51952;Harry Potter - Order of the Phoenix;4;227;0
2026;2026-09-19;The Nexus Bowl;tournament;Geek Masters Invitational;2;Round 2;Hermione Granger;51952;Harry Potter - Order of the Phoenix;5;222;0
2026;2026-09-19;The Nexus Bowl;tournament;Geek Masters Invitational;2;Round 2;Albus Dumbledore;56140;Harry Potter - Order of the Phoenix;0;215;0
2026;2026-09-19;The Nexus Bowl;tournament;Geek Masters Invitational;2;Round 2;Albus Dumbledore;56140;Harry Potter - Order of the Phoenix;1;189;0
2026;2026-09-19;The Nexus Bowl;tournament;Geek Masters Invitational;2;Round 2;Albus Dumbledore;56140;Harry Potter - Order of the Phoenix;2;229;0
2026;2026-09-19;The Nexus Bowl;tournament;Geek Masters Invitational;2;Round 2;Albus Dumbledore;56140;Harry Potter - Order of the Phoenix;3;186;0
2026;2026-09-19;The Nexus Bowl;tournament;Geek Masters Invitational;2;Round 2;Albus Dumbledore;56140;Harry Potter - Order of the Phoenix;4;181;0
2026;2026-09-19;The Nexus Bowl;tournament;Geek Masters Invitational;2;Round 2;Albus Dumbledore;56140;Harry Potter - Order of the Phoenix;5;187;0
2026;2026-09-19;The Nexus Bowl;tournament;Geek Masters Invitational;2;Round 2;Garrus Vakarian;58180;Mass Effect - Alliance Crew;0;198;0
2026;2026-09-19;The Nexus Bowl;tournament;Geek Masters Invitational;2;Round 2;Garrus Vakarian;58180;Mass Effect - Alliance Crew;1;200;0
2026;2026-09-19;The Nexus Bowl;tournament;Geek Masters Invitational;2;Round 2;Garrus Vakarian;58180;Mass Effect - Alliance Crew;2;191;0
2026;2026-09-19;The Nexus Bowl;tournament;Geek Masters Invitational;2;Round 2;Garrus Vakarian;58180;Mass Effect - Alliance Crew;3;194;0
2026;2026-09-19;The Nexus Bowl;tournament;Geek Masters Invitational;2;Round 2;Garrus Vakarian;58180;Mass Effect - Alliance Crew;4;197;0
2026;2026-09-19;The Nexus Bowl;tournament;Geek Masters Invitational;2;Round 2;Garrus Vakarian;58180;Mass Effect - Alliance Crew;5;194;0
2026;2026-09-19;The Nexus Bowl;tournament;Geek Masters Invitational;2;Round 2;Mara Jade;88618;LucasArts Games - Jedi Knight Era;0;205;0
2026;2026-09-19;The Nexus Bowl;tournament;Geek Masters Invitational;2;Round 2;Mara Jade;88618;LucasArts Games - Jedi Knight Era;1;188;0
2026;2026-09-19;The Nexus Bowl;tournament;Geek Masters Invitational;2;Round 2;Mara Jade;88618;LucasArts Games - Jedi Knight Era;2;197;0
2026;2026-09-19;The Nexus Bowl;tournament;Geek Masters Invitational;2;Round 2;Mara Jade;88618;LucasArts Games - Jedi Knight Era;3;201;0
2026;2026-09-19;The Nexus Bowl;tournament;Geek Masters Invitational;2;Round 2;Mara Jade;88618;LucasArts Games - Jedi Knight Era;4;214;0
2026;2026-09-19;The Nexus Bowl;tournament;Geek Masters Invitational;2;Round 2;Mara Jade;88618;LucasArts Games - Jedi Knight Era;5;208;0
2026;2026-09-19;The Nexus Bowl;tournament;Geek Masters Invitational;2;Round 2;Jon Snow;86781;Game of Thrones - Stark-Targaryen Alliance;0;209;0
2026;2026-09-19;The Nexus Bowl;tournament;Geek Masters Invitational;2;Round 2;Jon Snow;86781;Game of Thrones - Stark-Targaryen Alliance;1;212;0
2026;2026-09-19;The Nexus Bowl;tournament;Geek Masters Invitational;2;Round 2;Jon Snow;86781;Game of Thrones - Stark-Targaryen Alliance;2;214;0
2026;2026-09-19;The Nexus Bowl;tournament;Geek Masters Invitational;2;Round 2;Jon Snow;86781;Game of Thrones - Stark-Targaryen Alliance;3;209;0
2026;2026-09-19;The Nexus Bowl;tournament;Geek Masters Invitational;2;Round 2;Jon Snow;86781;Game of Thrones - Stark-Targaryen Alliance;4;208;0
2026;2026-09-19;The Nexus Bowl;tournament;Geek Masters Invitational;2;Round 2;Jon Snow;86781;Game of Thrones - Stark-Targaryen Alliance;5;211;0
2026;2026-09-19;The Nexus Bowl;tournament;Geek Masters Invitational;2;Round 2;Liara T'Soni;74807;Mass Effect - Alliance Crew;0;213;0
2026;2026-09-19;The Nexus Bowl;tournament;Geek Masters Invitational;2;Round 2;Liara T'Soni;74807;Mass Effect - Alliance Crew;1;207;0
2026;2026-09-19;The Nexus Bowl;tournament;Geek Masters Invitational;2;Round 2;Liara T'Soni;74807;Mass Effect - Alliance Crew;2;201;0
2026;2026-09-19;The Nexus Bowl;tournament;Geek Masters Invitational;2;Round 2;Liara T'Soni;74807;Mass Effect - Alliance Crew;3;209;0
2026;2026-09-19;The Nexus Bowl;tournament;Geek Masters Invitational;2;Round 2;Liara T'Soni;74807;Mass Effect - Alliance Crew;4;193;0
2026;2026-09-19;The Nexus Bowl;tournament;Geek Masters Invitational;2;Round 2;Liara T'Soni;74807;Mass Effect - Alliance Crew;5;207;0
2026;2026-09-19;The Nexus Bowl;tournament;Geek Masters Invitational;2;Round 2;Simba;65256;Disney Characters - Disney Heroes;0;194;0
2026;2026-09-19;The Nexus Bowl;tournament;Geek Masters Invitational;2;Round 2;Simba;65256;Disney Characters - Disney Heroes;1;190;0
2026;2026-09-19;The Nexus Bowl;tournament;Geek Masters Invitational;2;Round 2;Simba;65256;Disney Characters - Disney Heroes;2;205;0
2026;2026-09-19;The Nexus Bowl;tournament;Geek Masters Invitational;2;Round 2;Simba;65256;Disney Characters - Disney Heroes;3;201;0
2026;2026-09-19;The Nexus Bowl;tournament;Geek Masters Invitational;2;Round 2;Simba;65256;Disney Characters - Disney Heroes;4;215;0
2026;2026-09-19;The Nexus Bowl;tournament;Geek Masters Invitational;2;Round 2;Simba;65256;Disney Characters - Disney Heroes;5;197;0
2026;2026-09-19;The Nexus Bowl;tournament;Geek Masters Invitational;2;Round 2;Spock;73526;Star Trek - Federation;0;191;0
2026;2026-09-19;The Nexus Bowl;tournament;Geek Masters Invitational;2;Round 2;Spock;73526;Star Trek - Federation;1;204;0
2026;2026-09-19;The Nexus Bowl;tournament;Geek Masters Invitational;2;Round 2;Spock;73526;Star Trek - Federation;2;208;0
2026;2026-09-19;The Nexus Bowl;tournament;Geek Masters Invitational;2;Round 2;Spock;73526;Star Trek - Federation;3;181;0
2026;2026-09-19;The Nexus Bowl;tournament;Geek Masters Invitational;2;Round 2;Spock;73526;Star Trek - Federation;4;202;0
2026;2026-09-19;The Nexus Bowl;tournament;Geek Masters Invitational;2;Round 2;Spock;73526;Star Trek - Federation;5;193;0
2026;2026-09-19;The Nexus Bowl;tournament;Geek Masters Invitational;2;Round 2;LeChuck;60463;LucasArts Games - Monkey Island & Legacy;0;206;0
2026;2026-09-19;The Nexus Bowl;tournament;Geek Masters Invitational;2;Round 2;LeChuck;60463;LucasArts Games - Monkey Island & Legacy;1;198;0
2026;2026-09-19;The Nexus Bowl;tournament;Geek Masters Invitational;2;Round 2;LeChuck;60463;LucasArts Games - Monkey Island & Legacy;2;202;0
2026;2026-09-19;The Nexus Bowl;tournament;Geek Masters Invitational;2;Round 2;LeChuck;60463;LucasArts Games - Monkey Island & Legacy;3;195;0
2026;2026-09-19;The Nexus Bowl;tournament;Geek Masters Invitational;2;Round 2;LeChuck;60463;LucasArts Games - Monkey Island & Legacy;4;204;0
2026;2026-09-19;The Nexus Bowl;tournament;Geek Masters Invitational;2;Round 2;LeChuck;60463;LucasArts Games - Monkey Island & Legacy;5;200;0
2026;2026-09-19;The Nexus Bowl;tournament;Geek Masters Invitational;2;Round 2;Daenerys Targaryen;63031;Game of Thrones - Stark-Targaryen Alliance;0;215;0
2026;2026-09-19;The Nexus Bowl;tournament;Geek Masters Invitational;2;Round 2;Daenerys Targaryen;63031;Game of Thrones - Stark-Targaryen Alliance;1;233;0
2026;2026-09-19;The Nexus Bowl;tournament;Geek Masters Invitational;2;Round 2;Daenerys Targaryen;63031;Game of Thrones - Stark-Targaryen Alliance;2;224;0
2026;2026-09-19;The Nexus Bowl;tournament;Geek Masters Invitational;2;Round 2;Daenerys Targaryen;63031;Game of Thrones - Stark-Targaryen Alliance;3;205;0
2026;2026-09-19;The Nexus Bowl;tournament;Geek Masters Invitational;2;Round 2;Daenerys Targaryen;63031;Game of Thrones - Stark-Targaryen Alliance;4;224;0
2026;2026-09-19;The Nexus Bowl;tournament;Geek Masters Invitational;2;Round 2;Daenerys Targaryen;63031;Game of Thrones - Stark-Targaryen Alliance;5;221;0
2026;2026-09-19;The Nexus Bowl;tournament;Geek Masters Invitational;2;Round 2;Jaime Lannister;85713;Game of Thrones - Lannister-Crown;0;180;0
2026;2026-09-19;The Nexus Bowl;tournament;Geek Masters Invitational;2;Round 2;Jaime Lannister;85713;Game of Thrones - Lannister-Crown;1;205;0
2026;2026-09-19;The Nexus Bowl;tournament;Geek Masters Invitational;2;Round 2;Jaime Lannister;85713;Game of Thrones - Lannister-Crown;2;165;0
2026;2026-09-19;The Nexus Bowl;tournament;Geek Masters Invitational;2;Round 2;Jaime Lannister;85713;Game of Thrones - Lannister-Crown;3;199;0
2026;2026-09-19;The Nexus Bowl;tournament;Geek Masters Invitational;2;Round 2;Jaime Lannister;85713;Game of Thrones - Lannister-Crown;4;186;0
2026;2026-09-19;The Nexus Bowl;tournament;Geek Masters Invitational;2;Round 2;Jaime Lannister;85713;Game of Thrones - Lannister-Crown;5;201;0
2026;2026-09-19;The Nexus Bowl;tournament;Geek Masters Invitational;2;Round 2;Scar;68217;Disney Characters - Disney Villains;0;196;0
2026;2026-09-19;The Nexus Bowl;tournament;Geek Masters Invitational;2;Round 2;Scar;68217;Disney Characters - Disney Villains;1;202;0
2026;2026-09-19;The Nexus Bowl;tournament;Geek Masters Invitational;2;Round 2;Scar;68217;Disney Characters - Disney Villains;2;200;0
2026;2026-09-19;The Nexus Bowl;tournament;Geek Masters Invitational;2;Round 2;Scar;68217;Disney Characters - Disney Villains;3;215;0
2026;2026-09-19;The Nexus Bowl;tournament;Geek Masters Invitational;2;Round 2;Scar;68217;Disney Characters - Disney Villains;4;201;0
2026;2026-09-19;The Nexus Bowl;tournament;Geek Masters Invitational;2;Round 2;Scar;68217;Disney Characters - Disney Villains;5;207;0
2026;2026-09-19;The Nexus Bowl;tournament;Geek Masters Invitational;2;Round 2;Baron Harkonnen;72059;Dune - Harkonnen-Sardaukar;0;185;0
2026;2026-09-19;The Nexus Bowl;tournament;Geek Masters Invitational;2;Round 2;Baron Harkonnen;72059;Dune - Harkonnen-Sardaukar;1;206;0
2026;2026-09-19;The Nexus Bowl;tournament;Geek Masters Invitational;2;Round 2;Baron Harkonnen;72059;Dune - Harkonnen-Sardaukar;2;178;0
2026;2026-09-19;The Nexus Bowl;tournament;Geek Masters Invitational;2;Round 2;Baron Harkonnen;72059;Dune - Harkonnen-Sardaukar;3;201;0
2026;2026-09-19;The Nexus Bowl;tournament;Geek Masters Invitational;2;Round 2;Baron Harkonnen;72059;Dune - Harkonnen-Sardaukar;4;188;0
2026;2026-09-19;The Nexus Bowl;tournament;Geek Masters Invitational;2;Round 2;Baron Harkonnen;72059;Dune - Harkonnen-Sardaukar;5;201;0
2026;2026-09-19;The Nexus Bowl;tournament;Geek Masters Invitational;2;Round 2;Bellatrix Lestrange;83118;Harry Potter - Death Eaters;0;195;0
2026;2026-09-19;The Nexus Bowl;tournament;Geek Masters Invitational;2;Round 2;Bellatrix Lestrange;83118;Harry Potter - Death Eaters;1;191;0
2026;2026-09-19;The Nexus Bowl;tournament;Geek Masters Invitational;2;Round 2;Bellatrix Lestrange;83118;Harry Potter - Death Eaters;2;192;0
2026;2026-09-19;The Nexus Bowl;tournament;Geek Masters Invitational;2;Round 2;Bellatrix Lestrange;83118;Harry Potter - Death Eaters;3;193;0
2026;2026-09-19;The Nexus Bowl;tournament;Geek Masters Invitational;2;Round 2;Bellatrix Lestrange;83118;Harry Potter - Death Eaters;4;204;0
2026;2026-09-19;The Nexus Bowl;tournament;Geek Masters Invitational;2;Round 2;Bellatrix Lestrange;83118;Harry Potter - Death Eaters;5;205;0
2026;2026-09-19;The Nexus Bowl;tournament;Geek Masters Invitational;2;Round 2;Lucius Malfoy;89453;Harry Potter - Death Eaters;0;184;0
2026;2026-09-19;The Nexus Bowl;tournament;Geek Masters Invitational;2;Round 2;Lucius Malfoy;89453;Harry Potter - Death Eaters;1;161;0
2026;2026-09-19;The Nexus Bowl;tournament;Geek Masters Invitational;2;Round 2;Lucius Malfoy;89453;Harry Potter - Death Eaters;2;181;0
2026;2026-09-19;The Nexus Bowl;tournament;Geek Masters Invitational;2;Round 2;Lucius Malfoy;89453;Harry Potter - Death Eaters;3;174;0
2026;2026-09-19;The Nexus Bowl;tournament;Geek Masters Invitational;2;Round 2;Lucius Malfoy;89453;Harry Potter - Death Eaters;4;170;0
2026;2026-09-19;The Nexus Bowl;tournament;Geek Masters Invitational;2;Round 2;Lucius Malfoy;89453;Harry Potter - Death Eaters;5;206;0
2026;2026-09-19;The Nexus Bowl;tournament;Geek Masters Invitational;2;Round 2;Aragorn;56717;Lord of the Rings - Free Peoples;0;188;0
2026;2026-09-19;The Nexus Bowl;tournament;Geek Masters Invitational;2;Round 2;Aragorn;56717;Lord of the Rings - Free Peoples;1;220;0
2026;2026-09-19;The Nexus Bowl;tournament;Geek Masters Invitational;2;Round 2;Aragorn;56717;Lord of the Rings - Free Peoples;2;182;0
2026;2026-09-19;The Nexus Bowl;tournament;Geek Masters Invitational;2;Round 2;Aragorn;56717;Lord of the Rings - Free Peoples;3;180;0
2026;2026-09-19;The Nexus Bowl;tournament;Geek Masters Invitational;2;Round 2;Aragorn;56717;Lord of the Rings - Free Peoples;4;179;0
2026;2026-09-19;The Nexus Bowl;tournament;Geek Masters Invitational;2;Round 2;Aragorn;56717;Lord of the Rings - Free Peoples;5;182;0
2026;2026-09-20;The Nexus Bowl;tournament;Geek Masters Invitational;3;Final;Maleficent;74911;Disney Characters - Disney Villains;0;237;0
2026;2026-09-20;The Nexus Bowl;tournament;Geek Masters Invitational;3;Final;Maleficent;74911;Disney Characters - Disney Villains;1;188;0
2026;2026-09-20;The Nexus Bowl;tournament;Geek Masters Invitational;3;Final;Maleficent;74911;Disney Characters - Disney Villains;2;219;0
2026;2026-09-20;The Nexus Bowl;tournament;Geek Masters Invitational;3;Final;Maleficent;74911;Disney Characters - Disney Villains;3;207;0
2026;2026-09-20;The Nexus Bowl;tournament;Geek Masters Invitational;3;Final;Maleficent;74911;Disney Characters - Disney Villains;4;228;0
2026;2026-09-20;The Nexus Bowl;tournament;Geek Masters Invitational;3;Final;Maleficent;74911;Disney Characters - Disney Villains;5;198;0
2026;2026-09-20;The Nexus Bowl;tournament;Geek Masters Invitational;3;Final;Harry Potter;52082;Harry Potter - Order of the Phoenix;0;241;0
2026;2026-09-20;The Nexus Bowl;tournament;Geek Masters Invitational;3;Final;Harry Potter;52082;Harry Potter - Order of the Phoenix;1;210;0
2026;2026-09-20;The Nexus Bowl;tournament;Geek Masters Invitational;3;Final;Harry Potter;52082;Harry Potter - Order of the Phoenix;2;237;0
2026;2026-09-20;The Nexus Bowl;tournament;Geek Masters Invitational;3;Final;Harry Potter;52082;Harry Potter - Order of the Phoenix;3;235;0
2026;2026-09-20;The Nexus Bowl;tournament;Geek Masters Invitational;3;Final;Harry Potter;52082;Harry Potter - Order of the Phoenix;4;204;0
2026;2026-09-20;The Nexus Bowl;tournament;Geek Masters Invitational;3;Final;Harry Potter;52082;Harry Potter - Order of the Phoenix;5;211;0
2026;2026-09-20;The Nexus Bowl;tournament;Geek Masters Invitational;3;Final;Mickey Mouse;68965;Disney Characters - Disney Heroes;0;221;0
2026;2026-09-20;The Nexus Bowl;tournament;Geek Masters Invitational;3;Final;Mickey Mouse;68965;Disney Characters - Disney Heroes;1;207;0
2026;2026-09-20;The Nexus Bowl;tournament;Geek Masters Invitational;3;Final;Mickey Mouse;68965;Disney Characters - Disney Heroes;2;221;0
2026;2026-09-20;The Nexus Bowl;tournament;Geek Masters Invitational;3;Final;Mickey Mouse;68965;Disney Characters - Disney Heroes;3;217;0
2026;2026-09-20;The Nexus Bowl;tournament;Geek Masters Invitational;3;Final;Mickey Mouse;68965;Disney Characters - Disney Heroes;4;192;0
2026;2026-09-20;The Nexus Bowl;tournament;Geek Masters Invitational;3;Final;Mickey Mouse;68965;Disney Characters - Disney Heroes;5;235;0
2026;2026-09-20;The Nexus Bowl;tournament;Geek Masters Invitational;3;Final;Worf;67335;Star Trek - Klingon-Romulan;0;222;0
2026;2026-09-20;The Nexus Bowl;tournament;Geek Masters Invitational;3;Final;Worf;67335;Star Trek - Klingon-Romulan;1;223;0
2026;2026-09-20;The Nexus Bowl;tournament;Geek Masters Invitational;3;Final;Worf;67335;Star Trek - Klingon-Romulan;2;221;0
2026;2026-09-20;The Nexus Bowl;tournament;Geek Masters Invitational;3;Final;Worf;67335;Star Trek - Klingon-Romulan;3;215;0
2026;2026-09-20;The Nexus Bowl;tournament;Geek Masters Invitational;3;Final;Worf;67335;Star Trek - Klingon-Romulan;4;209;0
2026;2026-09-20;The Nexus Bowl;tournament;Geek Masters Invitational;3;Final;Worf;67335;Star Trek - Klingon-Romulan;5;214;0
2026;2026-09-20;The Nexus Bowl;tournament;Geek Masters Invitational;3;Final;Paul Atreides;72298;Dune - House Atreides;0;223;0
2026;2026-09-20;The Nexus Bowl;tournament;Geek Masters Invitational;3;Final;Paul Atreides;72298;Dune - House Atreides;1;199;0
2026;2026-09-20;The Nexus Bowl;tournament;Geek Masters Invitational;3;Final;Paul Atreides;72298;Dune - House Atreides;2;221;0
2026;2026-09-20;The Nexus Bowl;tournament;Geek Masters Invitational;3;Final;Paul Atreides;72298;Dune - House Atreides;3;199;0
2026;2026-09-20;The Nexus Bowl;tournament;Geek Masters Invitational;3;Final;Paul Atreides;72298;Dune - House Atreides;4;211;0
2026;2026-09-20;The Nexus Bowl;tournament;Geek Masters Invitational;3;Final;Paul Atreides;72298;Dune - House Atreides;5;216;0
2026;2026-09-20;The Nexus Bowl;tournament;Geek Masters Invitational;3;Final;Illusive Man;86178;Mass Effect - Cerberus-Reapers;0;186;0
2026;2026-09-20;The Nexus Bowl;tournament;Geek Masters Invitational;3;Final;Illusive Man;86178;Mass Effect - Cerberus-Reapers;1;199;0
2026;2026-09-20;The Nexus Bowl;tournament;Geek Masters Invitational;3;Final;Illusive Man;86178;Mass Effect - Cerberus-Reapers;2;204;0
2026;2026-09-20;The Nexus Bowl;tournament;Geek Masters Invitational;3;Final;Illusive Man;86178;Mass Effect - Cerberus-Reapers;3;214;0
2026;2026-09-20;The Nexus Bowl;tournament;Geek Masters Invitational;3;Final;Illusive Man;86178;Mass Effect - Cerberus-Reapers;4;170;0
2026;2026-09-20;The Nexus Bowl;tournament;Geek Masters Invitational;3;Final;Illusive Man;86178;Mass Effect - Cerberus-Reapers;5;217;0
2026;2026-09-20;The Nexus Bowl;tournament;Geek Masters Invitational;3;Final;Darth Vader;68024;Star Wars - Sith Empire;0;230;0
2026;2026-09-20;The Nexus Bowl;tournament;Geek Masters Invitational;3;Final;Darth Vader;68024;Star Wars - Sith Empire;1;205;0
2026;2026-09-20;The Nexus Bowl;tournament;Geek Masters Invitational;3;Final;Darth Vader;68024;Star Wars - Sith Empire;2;228;0
2026;2026-09-20;The Nexus Bowl;tournament;Geek Masters Invitational;3;Final;Darth Vader;68024;Star Wars - Sith Empire;3;217;0
2026;2026-09-20;The Nexus Bowl;tournament;Geek Masters Invitational;3;Final;Darth Vader;68024;Star Wars - Sith Empire;4;219;0
2026;2026-09-20;The Nexus Bowl;tournament;Geek Masters Invitational;3;Final;Darth Vader;68024;Star Wars - Sith Empire;5;223;0
2026;2026-09-20;The Nexus Bowl;tournament;Geek Masters Invitational;3;Final;Abaddon the Despoiler;54558;Warhammer 40K - Chaos;0;196;0
2026;2026-09-20;The Nexus Bowl;tournament;Geek Masters Invitational;3;Final;Abaddon the Despoiler;54558;Warhammer 40K - Chaos;1;236;0
2026;2026-09-20;The Nexus Bowl;tournament;Geek Masters Invitational;3;Final;Abaddon the Despoiler;54558;Warhammer 40K - Chaos;2;191;0
2026;2026-09-20;The Nexus Bowl;tournament;Geek Masters Invitational;3;Final;Abaddon the Despoiler;54558;Warhammer 40K - Chaos;3;178;0
2026;2026-09-20;The Nexus Bowl;tournament;Geek Masters Invitational;3;Final;Abaddon the Despoiler;54558;Warhammer 40K - Chaos;4;209;0
2026;2026-09-20;The Nexus Bowl;tournament;Geek Masters Invitational;3;Final;Abaddon the Despoiler;54558;Warhammer 40K - Chaos;5;235;0
2026;2026-09-20;The Nexus Bowl;tournament;Geek Masters Invitational;3;Final;Roboute Guilliman;73700;Warhammer 40K - Imperium;0;192;0
2026;2026-09-20;The Nexus Bowl;tournament;Geek Masters Invitational;3;Final;Roboute Guilliman;73700;Warhammer 40K - Imperium;1;197;0
2026;2026-09-20;The Nexus Bowl;tournament;Geek Masters Invitational;3;Final;Roboute Guilliman;73700;Warhammer 40K - Imperium;2;214;0
2026;2026-09-20;The Nexus Bowl;tournament;Geek Masters Invitational;3;Final;Roboute Guilliman;73700;Warhammer 40K - Imperium;3;200;0
2026;2026-09-20;The Nexus Bowl;tournament;Geek Masters Invitational;3;Final;Roboute Guilliman;73700;Warhammer 40K - Imperium;4;177;0
2026;2026-09-20;The Nexus Bowl;tournament;Geek Masters Invitational;3;Final;Roboute Guilliman;73700;Warhammer 40K - Imperium;5;197;0
2026;2026-09-20;The Nexus Bowl;tournament;Geek Masters Invitational;3;Final;Luke Skywalker;91905;Star Wars - Jedi Order;0;225;0
2026;2026-09-20;The Nexus Bowl;tournament;Geek Masters Invitational;3;Final;Luke Skywalker;91905;Star Wars - Jedi Order;1;228;0
2026;2026-09-20;The Nexus Bowl;tournament;Geek Masters Invitational;3;Final;Luke Skywalker;91905;Star Wars - Jedi Order;2;213;0
2026;2026-09-20;The Nexus Bowl;tournament;Geek Masters Invitational;3;Final;Luke Skywalker;91905;Star Wars - Jedi Order;3;216;0
2026;2026-09-20;The Nexus Bowl;tournament;Geek Masters Invitational;3;Final;Luke Skywalker;91905;Star Wars - Jedi Order;4;237;0
2026;2026-09-20;The Nexus Bowl;tournament;Geek Masters Invitational;3;Final;Luke Skywalker;91905;Star Wars - Jedi Order;5;198;0
2026;2026-09-20;The Nexus Bowl;tournament;Geek Masters Invitational;3;Final;Jean-Luc Picard;56338;Star Trek - Federation;0;211;0
2026;2026-09-20;The Nexus Bowl;tournament;Geek Masters Invitational;3;Final;Jean-Luc Picard;56338;Star Trek - Federation;1;224;0
2026;2026-09-20;The Nexus Bowl;tournament;Geek Masters Invitational;3;Final;Jean-Luc Picard;56338;Star Trek - Federation;2;219;0
2026;2026-09-20;The Nexus Bowl;tournament;Geek Masters Invitational;3;Final;Jean-Luc Picard;56338;Star Trek - Federation;3;206;0
2026;2026-09-20;The Nexus Bowl;tournament;Geek Masters Invitational;3;Final;Jean-Luc Picard;56338;Star Trek - Federation;4;221;0
2026;2026-09-20;The Nexus Bowl;tournament;Geek Masters Invitational;3;Final;Jean-Luc Picard;56338;Star Trek - Federation;5;208;0
2026;2026-09-20;The Nexus Bowl;tournament;Geek Masters Invitational;3;Final;Lord Voldemort;65247;Harry Potter - Death Eaters;0;211;0
2026;2026-09-20;The Nexus Bowl;tournament;Geek Masters Invitational;3;Final;Lord Voldemort;65247;Harry Potter - Death Eaters;1;203;0
2026;2026-09-20;The Nexus Bowl;tournament;Geek Masters Invitational;3;Final;Lord Voldemort;65247;Harry Potter - Death Eaters;2;217;0
2026;2026-09-20;The Nexus Bowl;tournament;Geek Masters Invitational;3;Final;Lord Voldemort;65247;Harry Potter - Death Eaters;3;222;0
2026;2026-09-20;The Nexus Bowl;tournament;Geek Masters Invitational;3;Final;Lord Voldemort;65247;Harry Potter - Death Eaters;4;221;0
2026;2026-09-20;The Nexus Bowl;tournament;Geek Masters Invitational;3;Final;Lord Voldemort;65247;Harry Potter - Death Eaters;5;223;0
2026;2026-09-20;The Nexus Bowl;tournament;Geek Masters Invitational;3;Final;Gandalf;98265;Lord of the Rings - Free Peoples;0;197;0
2026;2026-09-20;The Nexus Bowl;tournament;Geek Masters Invitational;3;Final;Gandalf;98265;Lord of the Rings - Free Peoples;1;202;0
2026;2026-09-20;The Nexus Bowl;tournament;Geek Masters Invitational;3;Final;Gandalf;98265;Lord of the Rings - Free Peoples;2;203;0
2026;2026-09-20;The Nexus Bowl;tournament;Geek Masters Invitational;3;Final;Gandalf;98265;Lord of the Rings - Free Peoples;3;200;0
2026;2026-09-20;The Nexus Bowl;tournament;Geek Masters Invitational;3;Final;Gandalf;98265;Lord of the Rings - Free Peoples;4;204;0
2026;2026-09-20;The Nexus Bowl;tournament;Geek Masters Invitational;3;Final;Gandalf;98265;Lord of the Rings - Free Peoples;5;214;0
2026;2026-09-20;The Nexus Bowl;tournament;Geek Masters Invitational;3;Final;Commander Shepard;85142;Mass Effect - Alliance Crew;0;211;0
2026;2026-09-20;The Nexus Bowl;tournament;Geek Masters Invitational;3;Final;Commander Shepard;85142;Mass Effect - Alliance Crew;1;210;0
2026;2026-09-20;The Nexus Bowl;tournament;Geek Masters Invitational;3;Final;Commander Shepard;85142;Mass Effect - Alliance Crew;2;214;0
2026;2026-09-20;The Nexus Bowl;tournament;Geek Masters Invitational;3;Final;Commander Shepard;85142;Mass Effect - Alliance Crew;3;224;0
2026;2026-09-20;The Nexus Bowl;tournament;Geek Masters Invitational;3;Final;Commander Shepard;85142;Mass Effect - Alliance Crew;4;213;0
2026;2026-09-20;The Nexus Bowl;tournament;Geek Masters Invitational;3;Final;Commander Shepard;85142;Mass Effect - Alliance Crew;5;219;0
2026;2026-09-20;The Nexus Bowl;tournament;Geek Masters Invitational;3;Final;Emperor Palpatine;66049;Star Wars - Sith Empire;0;201;0
2026;2026-09-20;The Nexus Bowl;tournament;Geek Masters Invitational;3;Final;Emperor Palpatine;66049;Star Wars - Sith Empire;1;209;0
2026;2026-09-20;The Nexus Bowl;tournament;Geek Masters Invitational;3;Final;Emperor Palpatine;66049;Star Wars - Sith Empire;2;212;0
2026;2026-09-20;The Nexus Bowl;tournament;Geek Masters Invitational;3;Final;Emperor Palpatine;66049;Star Wars - Sith Empire;3;220;0
2026;2026-09-20;The Nexus Bowl;tournament;Geek Masters Invitational;3;Final;Emperor Palpatine;66049;Star Wars - Sith Empire;4;215;0
2026;2026-09-20;The Nexus Bowl;tournament;Geek Masters Invitational;3;Final;Emperor Palpatine;66049;Star Wars - Sith Empire;5;211;0
2026;2026-09-20;The Nexus Bowl;tournament;Geek Masters Invitational;3;Final;Feyd-Rautha;56698;Dune - Harkonnen-Sardaukar;0;207;0
2026;2026-09-20;The Nexus Bowl;tournament;Geek Masters Invitational;3;Final;Feyd-Rautha;56698;Dune - Harkonnen-Sardaukar;1;217;0
2026;2026-09-20;The Nexus Bowl;tournament;Geek Masters Invitational;3;Final;Feyd-Rautha;56698;Dune - Harkonnen-Sardaukar;2;212;0
2026;2026-09-20;The Nexus Bowl;tournament;Geek Masters Invitational;3;Final;Feyd-Rautha;56698;Dune - Harkonnen-Sardaukar;3;221;0
2026;2026-09-20;The Nexus Bowl;tournament;Geek Masters Invitational;3;Final;Feyd-Rautha;56698;Dune - Harkonnen-Sardaukar;4;212;0
2026;2026-09-20;The Nexus Bowl;tournament;Geek Masters Invitational;3;Final;Feyd-Rautha;56698;Dune - Harkonnen-Sardaukar;5;220;0
2026;2026-09-20;The Nexus Bowl;tournament;Geek Masters Invitational;3;Final;Harbinger;69213;Mass Effect - Cerberus-Reapers;0;200;0
2026;2026-09-20;The Nexus Bowl;tournament;Geek Masters Invitational;3;Final;Harbinger;69213;Mass Effect - Cerberus-Reapers;1;189;0
2026;2026-09-20;The Nexus Bowl;tournament;Geek Masters Invitational;3;Final;Harbinger;69213;Mass Effect - Cerberus-Reapers;2;196;0
2026;2026-09-20;The Nexus Bowl;tournament;Geek Masters Invitational;3;Final;Harbinger;69213;Mass Effect - Cerberus-Reapers;3;199;0
2026;2026-09-20;The Nexus Bowl;tournament;Geek Masters Invitational;3;Final;Harbinger;69213;Mass Effect - Cerberus-Reapers;4;182;0
2026;2026-09-20;The Nexus Bowl;tournament;Geek Masters Invitational;3;Final;Harbinger;69213;Mass Effect - Cerberus-Reapers;5;196;0
2026;2026-09-20;The Nexus Bowl;tournament;Geek Masters Invitational;3;Final;Sauron;85741;Lord of the Rings - Forces of Mordor;0;202;0
2026;2026-09-20;The Nexus Bowl;tournament;Geek Masters Invitational;3;Final;Sauron;85741;Lord of the Rings - Forces of Mordor;1;192;0
2026;2026-09-20;The Nexus Bowl;tournament;Geek Masters Invitational;3;Final;Sauron;85741;Lord of the Rings - Forces of Mordor;2;210;0
2026;2026-09-20;The Nexus Bowl;tournament;Geek Masters Invitational;3;Final;Sauron;85741;Lord of the Rings - Forces of Mordor;3;191;0
2026;2026-09-20;The Nexus Bowl;tournament;Geek Masters Invitational;3;Final;Sauron;85741;Lord of the Rings - Forces of Mordor;4;208;0
2026;2026-09-20;The Nexus Bowl;tournament;Geek Masters Invitational;3;Final;Sauron;85741;Lord of the Rings - Forces of Mordor;5;199;0
2026;2026-09-20;The Nexus Bowl;tournament;Geek Masters Invitational;3;Final;Kyle Katarn;79439;LucasArts Games - Jedi Knight Era;0;223;0
2026;2026-09-20;The Nexus Bowl;tournament;Geek Masters Invitational;3;Final;Kyle Katarn;79439;LucasArts Games - Jedi Knight Era;1;209;0
2026;2026-09-20;The Nexus Bowl;tournament;Geek Masters Invitational;3;Final;Kyle Katarn;79439;LucasArts Games - Jedi Knight Era;2;193;0
2026;2026-09-20;The Nexus Bowl;tournament;Geek Masters Invitational;3;Final;Kyle Katarn;79439;LucasArts Games - Jedi Knight Era;3;207;0
2026;2026-09-20;The Nexus Bowl;tournament;Geek Masters Invitational;3;Final;Kyle Katarn;79439;LucasArts Games - Jedi Knight Era;4;216;0
2026;2026-09-20;The Nexus Bowl;tournament;Geek Masters Invitational;3;Final;Kyle Katarn;79439;LucasArts Games - Jedi Knight Era;5;213;0
2026;2026-09-20;The Nexus Bowl;tournament;Geek Masters Invitational;3;Final;Cersei Lannister;95962;Game of Thrones - Lannister-Crown;0;212;0
2026;2026-09-20;The Nexus Bowl;tournament;Geek Masters Invitational;3;Final;Cersei Lannister;95962;Game of Thrones - Lannister-Crown;1;212;0
2026;2026-09-20;The Nexus Bowl;tournament;Geek Masters Invitational;3;Final;Cersei Lannister;95962;Game of Thrones - Lannister-Crown;2;213;0
2026;2026-09-20;The Nexus Bowl;tournament;Geek Masters Invitational;3;Final;Cersei Lannister;95962;Game of Thrones - Lannister-Crown;3;209;0
2026;2026-09-20;The Nexus Bowl;tournament;Geek Masters Invitational;3;Final;Cersei Lannister;95962;Game of Thrones - Lannister-Crown;4;222;0
2026;2026-09-20;The Nexus Bowl;tournament;Geek Masters Invitational;3;Final;Cersei Lannister;95962;Game of Thrones - Lannister-Crown;5;198;0
