Season;Date;Location;Event Type;Event Name;Round Number;Round Name;Player;Player ID;Club;Game Number;Score;Handicap;Cumulative Score;Stage Rank;Cut Line;Overall Cumulative Score
24/25;2024-10-02;Arena of Echoes;tournament;Clash of Imaginary Entities;1;Qualifying A;Maleficent;74911;Disney Characters - Disney Villains;0;212;0;212;19;;212
24/25;2024-10-02;Arena of Echoes;tournament;Clash of Imaginary Entities;1;Qualifying A;Mickey Mouse;68965;Disney Characters - Disney Heroes;0;215;0;215;16;;215
24/25;2024-10-02;Arena of Echoes;tournament;Clash of Imaginary Entities;1;Qualifying A;Abaddon the Despoiler;54558;Warhammer 40K - Chaos;0;228;0;228;7;;228
24/25;2024-10-02;Arena of Echoes;tournament;Clash of Imaginary Entities;1;Qualifying A;Commander Shepard;85142;Mass Effect - Alliance Crew;0;198;0;198;31;;198
24/25;2024-10-02;Arena of Echoes;tournament;Clash of Imaginary Entities;1;Qualifying A;Worf;67335;Star Trek - Klingon-Romulan;0;198;0;198;32;;198
24/25;2024-10-02;Arena of Echoes;tournament;Clash of Imaginary Entities;1;Qualifying A;Gandalf;98265;Lord of the Rings - Free Peoples;0;222;0;222;9;;222
24/25;2024-10-02;Arena of Echoes;tournament;Clash of Imaginary Entities;1;Qualifying A;Jean-Luc Picard;56338;Star Trek - Federation;0;216;0;216;13;;216
24/25;2024-10-02;Arena of Echoes;tournament;Clash of Imaginary Entities;1;Qualifying A;Sauron;85741;Lord of the Rings - Forces of Mordor;0;224;0;224;8;;224
24/25;2024-10-02;Arena of Echoes;tournament;Clash of Imaginary Entities;1;Qualifying A;Lord Voldemort;65247;Harry Potter - Death Eaters;0;207;0;207;24;;207
24/25;2024-10-02;Arena of Echoes;tournament;Clash of Imaginary Entities;1;Qualifying A;Illusive Man;86178;Mass Effect - Cerberus-Reapers;0;212;0;212;17;;212
24/25;2024-10-02;Arena of Echoes;tournament;Clash of Imaginary Entities;1;Qualifying A;Jon Snow;86781;Game of Thrones - Stark-Targaryen Alliance;0;217;0;217;11;;217
24/25;2024-10-02;Arena of Echoes;tournament;Clash of Imaginary Entities;1;Qualifying A;Harbinger;69213;Mass Effect - Cerberus-Reapers;0;215;0;215;15;;215
24/25;2024-10-02;Arena of Echoes;tournament;Clash of Imaginary Entities;1;Qualifying A;Luke Skywalker;91905;Star Wars - Jedi Order;0;197;0;197;34;;197
24/25;2024-10-02;Arena of Echoes;tournament;Clash of Imaginary Entities;1;Qualifying A;Feyd-Rautha;56698;Dune - Harkonnen-Sardaukar;0;208;0;208;22;;208
24/25;2024-10-02;Arena of Echoes;tournament;Clash of Imaginary Entities;1;Qualifying A;LeChuck;60463;LucasArts Games - Monkey Island & Legacy;0;206;0;206;25;;206
24/25;2024-10-02;Arena of Echoes;tournament;Clash of Imaginary Entities;1;Qualifying A;Spock;73526;Star Trek - Federation;0;181;0;181;37;;181
24/25;2024-10-02;Arena of Echoes;tournament;Clash of Imaginary Entities;1;Qualifying A;Gowron;52847;Star Trek - Klingon-Romulan;0;205;0;205;26;;205
24/25;2024-10-02;Arena of Echoes;tournament;Clash of Imaginary Entities;1;Qualifying A;Darth Vader;68024;Star Wars - Sith Empire;0;240;0;240;2;;240
24/25;2024-10-02;Arena of Echoes;tournament;Clash of Imaginary Entities;1;Qualifying A;Kyle Katarn;79439;LucasArts Games - Jedi Knight Era;0;197;0;197;33;;197
24/25;2024-10-02;Arena of Echoes;tournament;Clash of Imaginary Entities;1;Qualifying A;Harry Potter;52082;Harry Potter - Order of the Phoenix;0;240;0;240;3;;240
24/25;2024-10-02;Arena of Echoes;tournament;Clash of Imaginary Entities;1;Qualifying A;The Dagda;143101;Celtic Myth - Tuatha De Danann;0;216;0;216;14;;216
24/25;2024-10-02;Arena of Echoes;tournament;Clash of Imaginary Entities;1;Qualifying A;Indra;124470;Hindu Myth - Devas;0;212;0;212;18;;212
24/25;2024-10-02;Arena of Echoes;tournament;Clash of Imaginary Entities;1;Qualifying A;Balor;139930;Celtic Myth - Fomorians;0;229;0;229;6;;229
24/25;2024-10-02;Arena of Echoes;tournament;Clash of Imaginary Entities;1;Qualifying A;Tiamat;190311;Mesopotamian Myth - Chaos Ancients;0;208;0;208;23;;208
24/25;2024-10-02;Arena of Echoes;tournament;Clash of Imaginary Entities;1;Qualifying A;Mahishasura;137200;Hindu Myth - Asuras;0;251;0;251;1;;251
24/25;2024-10-02;Arena of Echoes;tournament;Clash of Imaginary Entities;1;Qualifying A;Osiris;179670;Egyptian Myth - Underworld Powers;0;217;0;217;12;;217
24/25;2024-10-02;Arena of Echoes;tournament;Clash of Imaginary Entities;1;Qualifying A;Odin;126765;Norse Myth - Aesir;0;240;0;240;4;;240
24/25;2024-10-02;Arena of Echoes;tournament;Clash of Imaginary Entities;1;Qualifying A;Cronus;174393;Greek Myth - Titans & Primordials;0;187;0;187;36;;187
24/25;2024-10-02;Arena of Echoes;tournament;Clash of Imaginary Entities;1;Qualifying A;Ra;143286;Egyptian Myth - Solar Court;0;194;0;194;35;;194
24/25;2024-10-02;Arena of Echoes;tournament;Clash of Imaginary Entities;1;Qualifying A;Zeus;139274;Greek Myth - Olympians;0;219;0;219;10;;219
24/25;2024-10-02;Arena of Echoes;tournament;Clash of Imaginary Entities;1;Qualifying A;Loki;150650;Norse Myth - Giants & Tricksters;0;205;0;205;27;;205
24/25;2024-10-02;Arena of Echoes;tournament;Clash of Imaginary Entities;1;Qualifying A;Vishnu;126083;Hindu Myth - Devas;0;177;0;177;39;;177
24/25;2024-10-02;Arena of Echoes;tournament;Clash of Imaginary Entities;1;Qualifying A;Lugh;174647;Celtic Myth - Tuatha De Danann;0;204;0;204;28;;204
24/25;2024-10-02;Arena of Echoes;tournament;Clash of Imaginary Entities;1;Qualifying A;Anubis;175219;Egyptian Myth - Underworld Powers;0;208;0;208;20;;208
24/25;2024-10-02;Arena of Echoes;tournament;Clash of Imaginary Entities;1;Qualifying A;Ravana;126986;Hindu Myth - Asuras;0;202;0;202;29;;202
24/25;2024-10-02;Arena of Echoes;tournament;Clash of Imaginary Entities;1;Qualifying A;Bres;112221;Celtic Myth - Fomorians;0;208;0;208;21;;208
24/25;2024-10-02;Arena of Echoes;tournament;Clash of Imaginary Entities;1;Qualifying A;Ishtar;172470;Mesopotamian Myth - Sky Kings;0;157;0;157;40;;157
24/25;2024-10-02;Arena of Echoes;tournament;Clash of Imaginary Entities;1;Qualifying A;Marduk;188458;Mesopotamian Myth - Sky Kings;0;231;0;231;5;;231
24/25;2024-10-02;Arena of Echoes;tournament;Clash of Imaginary Entities;1;Qualifying A;Thor;151201;Norse Myth - Aesir;0;201;0;201;30;;201
24/25;2024-10-02;Arena of Echoes;tournament;Clash of Imaginary Entities;1;Qualifying A;Horus;174473;Egyptian Myth - Solar Court;0;177;0;177;38;;177
24/25;2024-10-02;Arena of Echoes;tournament;Clash of Imaginary Entities;1;Qualifying A;Maleficent;74911;Disney Characters - Disney Villains;1;216;0;428;15;;428
24/25;2024-10-02;Arena of Echoes;tournament;Clash of Imaginary Entities;1;Qualifying A;Mickey Mouse;68965;Disney Characters - Disney Heroes;1;205;0;420;22;;420
24/25;2024-10-02;Arena of Echoes;tournament;Clash of Imaginary Entities;1;Qualifying A;Abaddon the Despoiler;54558;Warhammer 40K - Chaos;1;230;0;458;5;;458
24/25;2024-10-02;Arena of Echoes;tournament;Clash of Imaginary Entities;1;Qualifying A;Commander Shepard;85142;Mass Effect - Alliance Crew;1;214;0;412;27;;412
24/25;2024-10-02;Arena of Echoes;tournament;Clash of Imaginary Entities;1;Qualifying A;Worf;67335;Star Trek - Klingon-Romulan;1;217;0;415;23;;415
24/25;2024-10-02;Arena of Echoes;tournament;Clash of Imaginary Entities;1;Qualifying A;Gandalf;98265;Lord of the Rings - Free Peoples;1;221;0;443;10;;443
24/25;2024-10-02;Arena of Echoes;tournament;Clash of Imaginary Entities;1;Qualifying A;Jean-Luc Picard;56338;Star Trek - Federation;1;207;0;423;16;;423
24/25;2024-10-02;Arena of Echoes;tournament;Clash of Imaginary Entities;1;Qualifying A;Sauron;85741;Lord of the Rings - Forces of Mordor;1;230;0;454;6;;454
24/25;2024-10-02;Arena of Echoes;tournament;Clash of Imaginary Entities;1;Qualifying A;Lord Voldemort;65247;Harry Potter - Death Eaters;1;229;0;436;13;;436
24/25;2024-10-02;Arena of Echoes;tournament;Clash of Imaginary Entities;1;Qualifying A;Illusive Man;86178;Mass Effect - Cerberus-Reapers;1;238;0;450;9;;450
24/25;2024-10-02;Arena of Echoes;tournament;Clash of Imaginary Entities;1;Qualifying A;Jon Snow;86781;Game of Thrones - Stark-Targaryen Alliance;1;211;0;428;14;;428
24/25;2024-10-02;Arena of Echoes;tournament;Clash of Imaginary Entities;1;Qualifying A;Harbinger;69213;Mass Effect - Cerberus-Reapers;1;206;0;421;20;;421
24/25;2024-10-02;Arena of Echoes;tournament;Clash of Imaginary Entities;1;Qualifying A;Luke Skywalker;91905;Star Wars - Jedi Order;1;162;0;359;38;;359
24/25;2024-10-02;Arena of Echoes;tournament;Clash of Imaginary Entities;1;Qualifying A;Feyd-Rautha;56698;Dune - Harkonnen-Sardaukar;1;198;0;406;31;;406
24/25;2024-10-02;Arena of Echoes;tournament;Clash of Imaginary Entities;1;Qualifying A;LeChuck;60463;LucasArts Games - Monkey Island & Legacy;1;198;0;404;32;;404
24/25;2024-10-02;Arena of Echoes;tournament;Clash of Imaginary Entities;1;Qualifying A;Spock;73526;Star Trek - Federation;1;168;0;349;40;;349
24/25;2024-10-02;Arena of Echoes;tournament;Clash of Imaginary Entities;1;Qualifying A;Gowron;52847;Star Trek - Klingon-Romulan;1;208;0;413;24;;413
24/25;2024-10-02;Arena of Echoes;tournament;Clash of Imaginary Entities;1;Qualifying A;Darth Vader;68024;Star Wars - Sith Empire;1;210;0;450;8;;450
24/25;2024-10-02;Arena of Echoes;tournament;Clash of Imaginary Entities;1;Qualifying A;Kyle Katarn;79439;LucasArts Games - Jedi Knight Era;1;212;0;409;29;;409
24/25;2024-10-02;Arena of Echoes;tournament;Clash of Imaginary Entities;1;Qualifying A;Harry Potter;52082;Harry Potter - Order of the Phoenix;1;224;0;464;4;;464
24/25;2024-10-02;Arena of Echoes;tournament;Clash of Imaginary Entities;1;Qualifying A;The Dagda;143101;Celtic Myth - Tuatha De Danann;1;207;0;423;18;;423
24/25;2024-10-02;Arena of Echoes;tournament;Clash of Imaginary Entities;1;Qualifying A;Indra;124470;Hindu Myth - Devas;1;198;0;410;28;;410
24/25;2024-10-02;Arena of Echoes;tournament;Clash of Imaginary Entities;1;Qualifying A;Balor;139930;Celtic Myth - Fomorians;1;236;0;465;3;;465
24/25;2024-10-02;Arena of Echoes;tournament;Clash of Imaginary Entities;1;Qualifying A;Tiamat;190311;Mesopotamian Myth - Chaos Ancients;1;215;0;423;19;;423
24/25;2024-10-02;Arena of Echoes;tournament;Clash of Imaginary Entities;1;Qualifying A;Mahishasura;137200;Hindu Myth - Asuras;1;243;0;494;1;;494
24/25;2024-10-02;Arena of Echoes;tournament;Clash of Imaginary Entities;1;Qualifying A;Osiris;179670;Egyptian Myth - Underworld Powers;1;220;0;437;12;;437
24/25;2024-10-02;Arena of Echoes;tournament;Clash of Imaginary Entities;1;Qualifying A;Odin;126765;Norse Myth - Aesir;1;228;0;468;2;;468
24/25;2024-10-02;Arena of Echoes;tournament;Clash of Imaginary Entities;1;Qualifying A;Cronus;174393;Greek Myth - Titans & Primordials;1;208;0;395;33;;395
24/25;2024-10-02;Arena of Echoes;tournament;Clash of Imaginary Entities;1;Qualifying A;Ra;143286;Egyptian Myth - Solar Court;1;188;0;382;34;;382
24/25;2024-10-02;Arena of Echoes;tournament;Clash of Imaginary Entities;1;Qualifying A;Zeus;139274;Greek Myth - Olympians;1;221;0;440;11;;440
24/25;2024-10-02;Arena of Echoes;tournament;Clash of Imaginary Entities;1;Qualifying A;Loki;150650;Norse Myth - Giants & Tricksters;1;218;0;423;17;;423
24/25;2024-10-02;Arena of Echoes;tournament;Clash of Imaginary Entities;1;Qualifying A;Vishnu;126083;Hindu Myth - Devas;1;187;0;364;37;;364
24/25;2024-10-02;Arena of Echoes;tournament;Clash of Imaginary Entities;1;Qualifying A;Lugh;174647;Celtic Myth - Tuatha De Danann;1;203;0;407;30;;407
24/25;2024-10-02;Arena of Echoes;tournament;Clash of Imaginary Entities;1;Qualifying A;Anubis;175219;Egyptian Myth - Underworld Powers;1;204;0;412;26;;412
24/25;2024-10-02;Arena of Echoes;tournament;Clash of Imaginary Entities;1;Qualifying A;Ravana;126986;Hindu Myth - Asuras;1;176;0;378;36;;378
24/25;2024-10-02;Arena of Echoes;tournament;Clash of Imaginary Entities;1;Qualifying A;Bres;112221;Celtic Myth - Fomorians;1;212;0;420;21;;420
24/25;2024-10-02;Arena of Echoes;tournament;Clash of Imaginary Entities;1;Qualifying A;Ishtar;172470;Mesopotamian Myth - Sky Kings;1;196;0;353;39;;353
24/25;2024-10-02;Arena of Echoes;tournament;Clash of Imaginary Entities;1;Qualifying A;Marduk;188458;Mesopotamian Myth - Sky Kings;1;221;0;452;7;;452
24/25;2024-10-02;Arena of Echoes;tournament;Clash of Imaginary Entities;1;Qualifying A;Thor;151201;Norse Myth - Aesir;1;212;0;413;25;;413
24/25;2024-10-02;Arena of Echoes;tournament;Clash of Imaginary Entities;1;Qualifying A;Horus;174473;Egyptian Myth - Solar Court;1;202;0;379;35;;379
24/25;2024-10-02;Arena of Echoes;tournament;Clash of Imaginary Entities;1;Qualifying A;Maleficent;74911;Disney Characters - Disney Villains;2;216;0;644;18;;644
24/25;2024-10-02;Arena of Echoes;tournament;Clash of Imaginary Entities;1;Qualifying A;Mickey Mouse;68965;Disney Characters - Disney Heroes;2;230;0;650;12;;650
24/25;2024-10-02;Arena of Echoes;tournament;Clash of Imaginary Entities;1;Qualifying A;Abaddon the Despoiler;54558;Warhammer 40K - Chaos;2;227;0;685;3;;685
24/25;2024-10-02;Arena of Echoes;tournament;Clash of Imaginary Entities;1;Qualifying A;Commander Shepard;85142;Mass Effect - Alliance Crew;2;212;0;624;25;;624
24/25;2024-10-02;Arena of Echoes;tournament;Clash of Imaginary Entities;1;Qualifying A;Worf;67335;Star Trek - Klingon-Romulan;2;205;0;620;27;;620
24/25;2024-10-02;Arena of Echoes;tournament;Clash of Imaginary Entities;1;Qualifying A;Gandalf;98265;Lord of the Rings - Free Peoples;2;213;0;656;10;;656
24/25;2024-10-02;Arena of Echoes;tournament;Clash of Imaginary Entities;1;Qualifying A;Jean-Luc Picard;56338;Star Trek - Federation;2;213;0;636;20;;636
24/25;2024-10-02;Arena of Echoes;tournament;Clash of Imaginary Entities;1;Qualifying A;Sauron;85741;Lord of the Rings - Forces of Mordor;2;194;0;648;15;;648
24/25;2024-10-02;Arena of Echoes;tournament;Clash of Imaginary Entities;1;Qualifying A;Lord Voldemort;65247;Harry Potter - Death Eaters;2;217;0;653;11;;653
24/25;2024-10-02;Arena of Echoes;tournament;Clash of Imaginary Entities;1;Qualifying A;Illusive Man;86178;Mass Effect - Cerberus-Reapers;2;216;0;666;9;;666
24/25;2024-10-02;Arena of Echoes;tournament;Clash of Imaginary Entities;1;Qualifying A;Jon Snow;86781;Game of Thrones - Stark-Targaryen Alliance;2;215;0;643;19;;643
24/25;2024-10-02;Arena of Echoes;tournament;Clash of Imaginary Entities;1;Qualifying A;Harbinger;69213;Mass Effect - Cerberus-Reapers;2;225;0;646;16;;646
24/25;2024-10-02;Arena of Echoes;tournament;Clash of Imaginary Entities;1;Qualifying A;Luke Skywalker;91905;Star Wars - Jedi Order;2;178;0;537;38;;537
24/25;2024-10-02;Arena of Echoes;tournament;Clash of Imaginary Entities;1;Qualifying A;Feyd-Rautha;56698;Dune - Harkonnen-Sardaukar;2;203;0;609;32;;609
24/25;2024-10-02;Arena of Echoes;tournament;Clash of Imaginary Entities;1;Qualifying A;LeChuck;60463;LucasArts Games - Monkey Island & Legacy;2;206;0;610;31;;610
24/25;2024-10-02;Arena of Echoes;tournament;Clash of Imaginary Entities;1;Qualifying A;Spock;73526;Star Trek - Federation;2;173;0;522;40;;522
24/25;2024-10-02;Arena of Echoes;tournament;Clash of Imaginary Entities;1;Qualifying A;Gowron;52847;Star Trek - Klingon-Romulan;2;215;0;628;23;;628
24/25;2024-10-02;Arena of Echoes;tournament;Clash of Imaginary Entities;1;Qualifying A;Darth Vader;68024;Star Wars - Sith Empire;2;235;0;685;4;;685
24/25;2024-10-02;Arena of Echoes;tournament;Clash of Imaginary Entities;1;Qualifying A;Kyle Katarn;79439;LucasArts Games - Jedi Knight Era;2;207;0;616;28;;616
24/25;2024-10-02;Arena of Echoes;tournament;Clash of Imaginary Entities;1;Qualifying A;Harry Potter;52082;Harry Potter - Order of the Phoenix;2;213;0;677;6;;677
24/25;2024-10-02;Arena of Echoes;tournament;Clash of Imaginary Entities;1;Qualifying A;The Dagda;143101;Celtic Myth - Tuatha De Danann;2;208;0;631;21;;631
24/25;2024-10-02;Arena of Echoes;tournament;Clash of Imaginary Entities;1;Qualifying A;Indra;124470;Hindu Myth - Devas;2;214;0;624;26;;624
24/25;2024-10-02;Arena of Echoes;tournament;Clash of Imaginary Entities;1;Qualifying A;Balor;139930;Celtic Myth - Fomorians;2;208;0;673;8;;673
24/25;2024-10-02;Arena of Echoes;tournament;Clash of Imaginary Entities;1;Qualifying A;Tiamat;190311;Mesopotamian Myth - Chaos Ancients;2;226;0;649;14;;649
24/25;2024-10-02;Arena of Echoes;tournament;Clash of Imaginary Entities;1;Qualifying A;Mahishasura;137200;Hindu Myth - Asuras;2;191;0;685;5;;685
24/25;2024-10-02;Arena of Echoes;tournament;Clash of Imaginary Entities;1;Qualifying A;Osiris;179670;Egyptian Myth - Underworld Powers;2;212;0;649;13;;649
24/25;2024-10-02;Arena of Echoes;tournament;Clash of Imaginary Entities;1;Qualifying A;Odin;126765;Norse Myth - Aesir;2;242;0;710;1;;710
24/25;2024-10-02;Arena of Echoes;tournament;Clash of Imaginary Entities;1;Qualifying A;Cronus;174393;Greek Myth - Titans & Primordials;2;197;0;592;36;;592
24/25;2024-10-02;Arena of Echoes;tournament;Clash of Imaginary Entities;1;Qualifying A;Ra;143286;Egyptian Myth - Solar Court;2;233;0;615;29;;615
24/25;2024-10-02;Arena of Echoes;tournament;Clash of Imaginary Entities;1;Qualifying A;Zeus;139274;Greek Myth - Olympians;2;247;0;687;2;;687
24/25;2024-10-02;Arena of Echoes;tournament;Clash of Imaginary Entities;1;Qualifying A;Loki;150650;Norse Myth - Giants & Tricksters;2;221;0;644;17;;644
24/25;2024-10-02;Arena of Echoes;tournament;Clash of Imaginary Entities;1;Qualifying A;Vishnu;126083;Hindu Myth - Devas;2;197;0;561;37;;561
24/25;2024-10-02;Arena of Echoes;tournament;Clash of Imaginary Entities;1;Qualifying A;Lugh;174647;Celtic Myth - Tuatha De Danann;2;221;0;628;24;;628
24/25;2024-10-02;Arena of Echoes;tournament;Clash of Imaginary Entities;1;Qualifying A;Anubis;175219;Egyptian Myth - Underworld Powers;2;217;0;629;22;;629
24/25;2024-10-02;Arena of Echoes;tournament;Clash of Imaginary Entities;1;Qualifying A;Ravana;126986;Hindu Myth - Asuras;2;223;0;601;33;;601
24/25;2024-10-02;Arena of Echoes;tournament;Clash of Imaginary Entities;1;Qualifying A;Bres;112221;Celtic Myth - Fomorians;2;193;0;613;30;;613
24/25;2024-10-02;Arena of Echoes;tournament;Clash of Imaginary Entities;1;Qualifying A;Ishtar;172470;Mesopotamian Myth - Sky Kings;2;171;0;524;39;;524
24/25;2024-10-02;Arena of Echoes;tournament;Clash of Imaginary Entities;1;Qualifying A;Marduk;188458;Mesopotamian Myth - Sky Kings;2;223;0;675;7;;675
24/25;2024-10-02;Arena of Echoes;tournament;Clash of Imaginary Entities;1;Qualifying A;Thor;151201;Norse Myth - Aesir;2;186;0;599;35;;599
24/25;2024-10-02;Arena of Echoes;tournament;Clash of Imaginary Entities;1;Qualifying A;Horus;174473;Egyptian Myth - Solar Court;2;221;0;600;34;;600
24/25;2024-10-02;Arena of Echoes;tournament;Clash of Imaginary Entities;1;Qualifying A;Maleficent;74911;Disney Characters - Disney Villains;3;220;0;864;13;;864
24/25;2024-10-02;Arena of Echoes;tournament;Clash of Imaginary Entities;1;Qualifying A;Mickey Mouse;68965;Disney Characters - Disney Heroes;3;203;0;853;16;;853
24/25;2024-10-02;Arena of Echoes;tournament;Clash of Imaginary Entities;1;Qualifying A;Abaddon the Despoiler;54558;Warhammer 40K - Chaos;3;208;0;893;6;;893
24/25;2024-10-02;Arena of Echoes;tournament;Clash of Imaginary Entities;1;Qualifying A;Commander Shepard;85142;Mass Effect - Alliance Crew;3;217;0;841;21;;841
24/25;2024-10-02;Arena of Echoes;tournament;Clash of Imaginary Entities;1;Qualifying A;Worf;67335;Star Trek - Klingon-Romulan;3;212;0;832;25;;832
24/25;2024-10-02;Arena of Echoes;tournament;Clash of Imaginary Entities;1;Qualifying A;Gandalf;98265;Lord of the Rings - Free Peoples;3;220;0;876;9;;876
24/25;2024-10-02;Arena of Echoes;tournament;Clash of Imaginary Entities;1;Qualifying A;Jean-Luc Picard;56338;Star Trek - Federation;3;204;0;840;22;;840
24/25;2024-10-02;Arena of Echoes;tournament;Clash of Imaginary Entities;1;Qualifying A;Sauron;85741;Lord of the Rings - Forces of Mordor;3;205;0;853;17;;853
24/25;2024-10-02;Arena of Echoes;tournament;Clash of Imaginary Entities;1;Qualifying A;Lord Voldemort;65247;Harry Potter - Death Eaters;3;214;0;867;11;;867
24/25;2024-10-02;Arena of Echoes;tournament;Clash of Imaginary Entities;1;Qualifying A;Illusive Man;86178;Mass Effect - Cerberus-Reapers;3;196;0;862;14;;862
24/25;2024-10-02;Arena of Echoes;tournament;Clash of Imaginary Entities;1;Qualifying A;Jon Snow;86781;Game of Thrones - Stark-Targaryen Alliance;3;216;0;859;15;;859
24/25;2024-10-02;Arena of Echoes;tournament;Clash of Imaginary Entities;1;Qualifying A;Harbinger;69213;Mass Effect - Cerberus-Reapers;3;198;0;844;20;;844
24/25;2024-10-02;Arena of Echoes;tournament;Clash of Imaginary Entities;1;Qualifying A;Luke Skywalker;91905;Star Wars - Jedi Order;3;179;0;716;40;;716
24/25;2024-10-02;Arena of Echoes;tournament;Clash of Imaginary Entities;1;Qualifying A;Feyd-Rautha;56698;Dune - Harkonnen-Sardaukar;3;216;0;825;29;;825
24/25;2024-10-02;Arena of Echoes;tournament;Clash of Imaginary Entities;1;Qualifying A;LeChuck;60463;LucasArts Games - Monkey Island & Legacy;3;205;0;815;32;;815
24/25;2024-10-02;Arena of Echoes;tournament;Clash of Imaginary Entities;1;Qualifying A;Spock;73526;Star Trek - Federation;3;207;0;729;38;;729
24/25;2024-10-02;Arena of Echoes;tournament;Clash of Imaginary Entities;1;Qualifying A;Gowron;52847;Star Trek - Klingon-Romulan;3;206;0;834;24;;834
24/25;2024-10-02;Arena of Echoes;tournament;Clash of Imaginary Entities;1;Qualifying A;Darth Vader;68024;Star Wars - Sith Empire;3;206;0;891;7;;891
24/25;2024-10-02;Arena of Echoes;tournament;Clash of Imaginary Entities;1;Qualifying A;Kyle Katarn;79439;LucasArts Games - Jedi Knight Era;3;214;0;830;27;;830
24/25;2024-10-02;Arena of Echoes;tournament;Clash of Imaginary Entities;1;Qualifying A;Harry Potter;52082;Harry Potter - Order of the Phoenix;3;232;0;909;5;;909
24/25;2024-10-02;Arena of Echoes;tournament;Clash of Imaginary Entities;1;Qualifying A;The Dagda;143101;Celtic Myth - Tuatha De Danann;3;206;0;837;23;;837
24/25;2024-10-02;Arena of Echoes;tournament;Clash of Imaginary Entities;1;Qualifying A;Indra;124470;Hindu Myth - Devas;3;242;0;866;12;;866
24/25;2024-10-02;Arena of Echoes;tournament;Clash of Imaginary Entities;1;Qualifying A;Balor;139930;Celtic Myth - Fomorians;3;205;0;878;8;;878
24/25;2024-10-02;Arena of Echoes;tournament;Clash of Imaginary Entities;1;Qualifying A;Tiamat;190311;Mesopotamian Myth - Chaos Ancients;3;202;0;851;18;;851
24/25;2024-10-02;Arena of Echoes;tournament;Clash of Imaginary Entities;1;Qualifying A;Mahishasura;137200;Hindu Myth - Asuras;3;230;0;915;4;;915
24/25;2024-10-02;Arena of Echoes;tournament;Clash of Imaginary Entities;1;Qualifying A;Osiris;179670;Egyptian Myth - Underworld Powers;3;223;0;872;10;;872
24/25;2024-10-02;Arena of Echoes;tournament;Clash of Imaginary Entities;1;Qualifying A;Odin;126765;Norse Myth - Aesir;3;240;0;950;1;;950
24/25;2024-10-02;Arena of Echoes;tournament;Clash of Imaginary Entities;1;Qualifying A;Cronus;174393;Greek Myth - Titans & Primordials;3;217;0;809;34;;809
24/25;2024-10-02;Arena of Echoes;tournament;Clash of Imaginary Entities;1;Qualifying A;Ra;143286;Egyptian Myth - Solar Court;3;199;0;814;33;;814
24/25;2024-10-02;Arena of Echoes;tournament;Clash of Imaginary Entities;1;Qualifying A;Zeus;139274;Greek Myth - Olympians;3;243;0;930;2;;930
24/25;2024-10-02;Arena of Echoes;tournament;Clash of Imaginary Entities;1;Qualifying A;Loki;150650;Norse Myth - Giants & Tricksters;3;204;0;848;19;;848
24/25;2024-10-02;Arena of Echoes;tournament;Clash of Imaginary Entities;1;Qualifying A;Vishnu;126083;Hindu Myth - Devas;3;188;0;749;37;;749
24/25;2024-10-02;Arena of Echoes;tournament;Clash of Imaginary Entities;1;Qualifying A;Lugh;174647;Celtic Myth - Tuatha De Danann;3;193;0;821;30;;821
24/25;2024-10-02;Arena of Echoes;tournament;Clash of Imaginary Entities;1;Qualifying A;Anubis;175219;Egyptian Myth - Underworld Powers;3;196;0;825;28;;825
24/25;2024-10-02;Arena of Echoes;tournament;Clash of Imaginary Entities;1;Qualifying A;Ravana;126986;Hindu Myth - Asuras;3;192;0;793;36;;793
24/25;2024-10-02;Arena of Echoes;tournament;Clash of Imaginary Entities;1;Qualifying A;Bres;112221;Celtic Myth - Fomorians;3;205;0;818;31;;818
24/25;2024-10-02;Arena of Echoes;tournament;Clash of Imaginary Entities;1;Qualifying A;Ishtar;172470;Mesopotamian Myth - Sky Kings;3;192;0;716;39;;716
24/25;2024-10-02;Arena of Echoes;tournament;Clash of Imaginary Entities;1;Qualifying A;Marduk;188458;Mesopotamian Myth - Sky Kings;3;243;0;918;3;;918
24/25;2024-10-02;Arena of Echoes;tournament;Clash of Imaginary Entities;1;Qualifying A;Thor;151201;Norse Myth - Aesir;3;198;0;797;35;;797
24/25;2024-10-02;Arena of Echoes;tournament;Clash of Imaginary Entities;1;Qualifying A;Horus;174473;Egyptian Myth - Solar Court;3;230;0;830;26;;830
24/25;2024-10-02;Arena of Echoes;tournament;Clash of Imaginary Entities;2;Qualifying B;Maleficent;74911;Disney Characters - Disney Villains;0;249;0;249;1;1060;1113
24/25;2024-10-02;Arena of Echoes;tournament;Clash of Imaginary Entities;2;Qualifying B;Mickey Mouse;68965;Disney Characters - Disney Heroes;0;225;0;225;8;1060;1078
24/25;2024-10-02;Arena of Echoes;tournament;Clash of Imaginary Entities;2;Qualifying B;Abaddon the Despoiler;54558;Warhammer 40K - Chaos;0;243;0;243;3;1060;1136
24/25;2024-10-02;Arena of Echoes;tournament;Clash of Imaginary Entities;2;Qualifying B;Commander Shepard;85142;Mass Effect - Alliance Crew;0;200;0;200;31;1060;1041
24/25;2024-10-02;Arena of Echoes;tournament;Clash of Imaginary Entities;2;Qualifying B;Worf;67335;Star Trek - Klingon-Romulan;0;207;0;207;26;1060;1039
24/25;2024-10-02;Arena of Echoes;tournament;Clash of Imaginary Entities;2;Qualifying B;Gandalf;98265;Lord of the Rings - Free Peoples;0;207;0;207;25;1060;1083
24/25;2024-10-02;Arena of Echoes;tournament;Clash of Imaginary Entities;2;Qualifying B;Jean-Luc Picard;56338;Star Trek - Federation;0;220;0;220;9;1060;1060
24/25;2024-10-02;Arena of Echoes;tournament;Clash of Imaginary Entities;2;Qualifying B;Sauron;85741;Lord of the Rings - Forces of Mordor;0;220;0;220;10;1060;1073
24/25;2024-10-02;Arena of Echoes;tournament;Clash of Imaginary Entities;2;Qualifying B;Lord Voldemort;65247;Harry Potter - Death Eaters;0;195;0;195;33;1060;1062
24/25;2024-10-02;Arena of Echoes;tournament;Clash of Imaginary Entities;2;Qualifying B;Illusive Man;86178;Mass Effect - Cerberus-Reapers;0;235;0;235;4;1060;1097
24/25;2024-10-02;Arena of Echoes;tournament;Clash of Imaginary Entities;2;Qualifying B;Jon Snow;86781;Game of Thrones - Stark-Targaryen Alliance;0;229;0;229;7;1060;1088
24/25;2024-10-02;Arena of Echoes;tournament;Clash of Imaginary Entities;2;Qualifying B;Harbinger;69213;Mass Effect - Cerberus-Reapers;0;208;0;208;23;1060;1052
24/25;2024-10-02;Arena of Echoes;tournament;Clash of Imaginary Entities;2;Qualifying B;Luke Skywalker;91905;Star Wars - Jedi Order;0;212;0;212;16;1060;928
24/25;2024-10-02;Arena of Echoes;tournament;Clash of Imaginary Entities;2;Qualifying B;Feyd-Rautha;56698;Dune - Harkonnen-Sardaukar;0;203;0;203;29;1060;1028
24/25;2024-10-02;Arena of Echoes;tournament;Clash of Imaginary Entities;2;Qualifying B;LeChuck;60463;LucasArts Games - Monkey Island & Legacy;0;213;0;213;14;1060;1028
24/25;2024-10-02;Arena of Echoes;tournament;Clash of Imaginary Entities;2;Qualifying B;Spock;73526;Star Trek - Federation;0;211;0;211;19;1060;940
24/25;2024-10-02;Arena of Echoes;tournament;Clash of Imaginary Entities;2;Qualifying B;Gowron;52847;Star Trek - Klingon-Romulan;0;212;0;212;15;1060;1046
24/25;2024-10-02;Arena of Echoes;tournament;Clash of Imaginary Entities;2;Qualifying B;Darth Vader;68024;Star Wars - Sith Empire;0;231;0;231;6;1060;1122
24/25;2024-10-02;Arena of Echoes;tournament;Clash of Imaginary Entities;2;Qualifying B;Kyle Katarn;79439;LucasArts Games - Jedi Knight Era;0;206;0;206;28;1060;1036
24/25;2024-10-02;Arena of Echoes;tournament;Clash of Imaginary Entities;2;Qualifying B;Harry Potter;52082;Harry Potter - Order of the Phoenix;0;216;0;216;12;1060;1125
24/25;2024-10-02;Arena of Echoes;tournament;Clash of Imaginary Entities;2;Qualifying B;The Dagda;143101;Celtic Myth - Tuatha De Danann;0;217;0;217;11;1060;1054
24/25;2024-10-02;Arena of Echoes;tournament;Clash of Imaginary Entities;2;Qualifying B;Indra;124470;Hindu Myth - Devas;0;203;0;203;30;1060;1069
24/25;2024-10-02;Arena of Echoes;tournament;Clash of Imaginary Entities;2;Qualifying B;Balor;139930;Celtic Myth - Fomorians;0;210;0;210;20;1060;1088
24/25;2024-10-02;Arena of Echoes;tournament;Clash of Imaginary Entities;2;Qualifying B;Tiamat;190311;Mesopotamian Myth - Chaos Ancients;0;215;0;215;13;1060;1066
24/25;2024-10-02;Arena of Echoes;tournament;Clash of Imaginary Entities;2;Qualifying B;Mahishasura;137200;Hindu Myth - Asuras;0;191;0;191;36;1060;1106
24/25;2024-10-02;Arena of Echoes;tournament;Clash of Imaginary Entities;2;Qualifying B;Osiris;179670;Egyptian Myth - Underworld Powers;0;208;0;208;24;1060;1080
24/25;2024-10-02;Arena of Echoes;tournament;Clash of Imaginary Entities;2;Qualifying B;Odin;126765;Norse Myth - Aesir;0;211;0;211;18;1060;1161
24/25;2024-10-02;Arena of Echoes;tournament;Clash of Imaginary Entities;2;Qualifying B;Cronus;174393;Greek Myth - Titans & Primordials;0;164;0;164;40;1060;973
24/25;2024-10-02;Arena of Echoes;tournament;Clash of Imaginary Entities;2;Qualifying B;Ra;143286;Egyptian Myth - Solar Court;0;185;0;185;37;1060;999
24/25;2024-10-02;Arena of Echoes;tournament;Clash of Imaginary Entities;2;Qualifying B;Zeus;139274;Greek Myth - Olympians;0;235;0;235;5;1060;1165
24/25;2024-10-02;Arena of Echoes;tournament;Clash of Imaginary Entities;2;Qualifying B;Loki;150650;Norse Myth - Giants & Tricksters;0;245;0;245;2;1060;1093
24/25;2024-10-02;Arena of Echoes;tournament;Clash of Imaginary Entities;2;Qualifying B;Vishnu;126083;Hindu Myth - Devas;0;192;0;192;35;1060;941
24/25;2024-10-02;Arena of Echoes;tournament;Clash of Imaginary Entities;2;Qualifying B;Lugh;174647;Celtic Myth - Tuatha De Danann;0;211;0;211;17;1060;1032
24/25;2024-10-02;Arena of Echoes;tournament;Clash of Imaginary Entities;2;Qualifying B;Anubis;175219;Egyptian Myth - Underworld Powers;0;209;0;209;21;1060;1034
24/25;2024-10-02;Arena of Echoes;tournament;Clash of Imaginary Entities;2;Qualifying B;Ravana;126986;Hindu Myth - Asuras;0;180;0;180;38;1060;973
24/25;2024-10-02;Arena of Echoes;tournament;Clash of Imaginary Entities;2;Qualifying B;Bres;112221;Celtic Myth - Fomorians;0;206;0;206;27;1060;1024
24/25;2024-10-02;Arena of Echoes;tournament;Clash of Imaginary Entities;2;Qualifying B;Ishtar;172470;Mesopotamian Myth - Sky Kings;0;200;0;200;32;1060;916
24/25;2024-10-02;Arena of Echoes;tournament;Clash of Imaginary Entities;2;Qualifying B;Marduk;188458;Mesopotamian Myth - Sky Kings;0;209;0;209;22;1060;1127
24/25;2024-10-02;Arena of Echoes;tournament;Clash of Imaginary Entities;2;Qualifying B;Thor;151201;Norse Myth - Aesir;0;194;0;194;34;1060;991
24/25;2024-10-02;Arena of Echoes;tournament;Clash of Imaginary Entities;2;Qualifying B;Horus;174473;Egyptian Myth - Solar Court;0;179;0;179;39;1060;1009
24/25;2024-10-02;Arena of Echoes;tournament;Clash of Imaginary Entities;2;Qualifying B;Maleficent;74911;Disney Characters - Disney Villains;1;219;0;468;2;1273;1332
24/25;2024-10-02;Arena of Echoes;tournament;Clash of Imaginary Entities;2;Qualifying B;Mickey Mouse;68965;Disney Characters - Disney Heroes;1;242;0;467;3;1273;1320
24/25;2024-10-02;Arena of Echoes;tournament;Clash of Imaginary Entities;2;Qualifying B;Abaddon the Despoiler;54558;Warhammer 40K - Chaos;1;211;0;454;6;1273;1347
24/25;2024-10-02;Arena of Echoes;tournament;Clash of Imaginary Entities;2;Qualifying B;Commander Shepard;85142;Mass Effect - Alliance Crew;1;210;0;410;28;1273;1251
24/25;2024-10-02;Arena of Echoes;tournament;Clash of Imaginary Entities;2;Qualifying B;Worf;67335;Star Trek - Klingon-Romulan;1;222;0;429;21;1273;1261
24/25;2024-10-02;Arena of Echoes;tournament;Clash of Imaginary Entities;2;Qualifying B;Gandalf;98265;Lord of the Rings - Free Peoples;1;222;0;429;20;1273;1305
24/25;2024-10-02;Arena of Echoes;tournament;Clash of Imaginary Entities;2;Qualifying B;Jean-Luc Picard;56338;Star Trek - Federation;1;224;0;444;8;1273;1284
24/25;2024-10-02;Arena of Echoes;tournament;Clash of Imaginary Entities;2;Qualifying B;Sauron;85741;Lord of the Rings - Forces of Mordor;1;213;0;433;15;1273;1286
24/25;2024-10-02;Arena of Echoes;tournament;Clash of Imaginary Entities;2;Qualifying B;Lord Voldemort;65247;Harry Potter - Death Eaters;1;211;0;406;32;1273;1273
24/25;2024-10-02;Arena of Echoes;tournament;Clash of Imaginary Entities;2;Qualifying B;Illusive Man;86178;Mass Effect - Cerberus-Reapers;1;231;0;466;4;1273;1328
24/25;2024-10-02;Arena of Echoes;tournament;Clash of Imaginary Entities;2;Qualifying B;Jon Snow;86781;Game of Thrones - Stark-Targaryen Alliance;1;207;0;436;13;1273;1295
24/25;2024-10-02;Arena of Echoes;tournament;Clash of Imaginary Entities;2;Qualifying B;Harbinger;69213;Mass Effect - Cerberus-Reapers;1;206;0;414;27;1273;1258
24/25;2024-10-02;Arena of Echoes;tournament;Clash of Imaginary Entities;2;Qualifying B;Luke Skywalker;91905;Star Wars - Jedi Order;1;239;0;451;7;1273;1167
24/25;2024-10-02;Arena of Echoes;tournament;Clash of Imaginary Entities;2;Qualifying B;Feyd-Rautha;56698;Dune - Harkonnen-Sardaukar;1;211;0;414;26;1273;1239
24/25;2024-10-02;Arena of Echoes;tournament;Clash of Imaginary Entities;2;Qualifying B;LeChuck;60463;LucasArts Games - Monkey Island & Legacy;1;214;0;427;22;1273;1242
24/25;2024-10-02;Arena of Echoes;tournament;Clash of Imaginary Entities;2;Qualifying B;Spock;73526;Star Trek - Federation;1;194;0;405;33;1273;1134
24/25;2024-10-02;Arena of Echoes;tournament;Clash of Imaginary Entities;2;Qualifying B;Gowron;52847;Star Trek - Klingon-Romulan;1;207;0;419;23;1273;1253
24/25;2024-10-02;Arena of Echoes;tournament;Clash of Imaginary Entities;2;Qualifying B;Darth Vader;68024;Star Wars - Sith Empire;1;230;0;461;5;1273;1352
24/25;2024-10-02;Arena of Echoes;tournament;Clash of Imaginary Entities;2;Qualifying B;Kyle Katarn;79439;LucasArts Games - Jedi Knight Era;1;225;0;431;17;1273;1261
24/25;2024-10-02;Arena of Echoes;tournament;Clash of Imaginary Entities;2;Qualifying B;Harry Potter;52082;Harry Potter - Order of the Phoenix;1;222;0;438;12;1273;1347
24/25;2024-10-02;Arena of Echoes;tournament;Clash of Imaginary Entities;2;Qualifying B;The Dagda;143101;Celtic Myth - Tuatha De Danann;1;213;0;430;19;1273;1267
24/25;2024-10-02;Arena of Echoes;tournament;Clash of Imaginary Entities;2;Qualifying B;Indra;124470;Hindu Myth - Devas;1;212;0;415;25;1273;1281
24/25;2024-10-02;Arena of Echoes;tournament;Clash of Imaginary Entities;2;Qualifying B;Balor;139930;Celtic Myth - Fomorians;1;229;0;439;11;1273;1317
24/25;2024-10-02;Arena of Echoes;tournament;Clash of Imaginary Entities;2;Qualifying B;Tiamat;190311;Mesopotamian Myth - Chaos Ancients;1;218;0;433;16;1273;1284
24/25;2024-10-02;Arena of Echoes;tournament;Clash of Imaginary Entities;2;Qualifying B;Mahishasura;137200;Hindu Myth - Asuras;1;218;0;409;29;1273;1324
24/25;2024-10-02;Arena of Echoes;tournament;Clash of Imaginary Entities;2;Qualifying B;Osiris;179670;Egyptian Myth - Underworld Powers;1;228;0;436;14;1273;1308
24/25;2024-10-02;Arena of Echoes;tournament;Clash of Imaginary Entities;2;Qualifying B;Odin;126765;Norse Myth - Aesir;1;219;0;430;18;1273;1380
24/25;2024-10-02;Arena of Echoes;tournament;Clash of Imaginary Entities;2;Qualifying B;Cronus;174393;Greek Myth - Titans & Primordials;1;188;0;352;40;1273;1161
24/25;2024-10-02;Arena of Echoes;tournament;Clash of Imaginary Entities;2;Qualifying B;Ra;143286;Egyptian Myth - Solar Court;1;258;0;443;9;1273;1257
24/25;2024-10-02;Arena of Echoes;tournament;Clash of Imaginary Entities;2;Qualifying B;Zeus;139274;Greek Myth - Olympians;1;205;0;440;10;1273;1370
24/25;2024-10-02;Arena of Echoes;tournament;Clash of Imaginary Entities;2;Qualifying B;Loki;150650;Norse Myth - Giants & Tricksters;1;250;0;495;1;1273;1343
24/25;2024-10-02;Arena of Echoes;tournament;Clash of Imaginary Entities;2;Qualifying B;Vishnu;126083;Hindu Myth - Devas;1;216;0;408;31;1273;1157
24/25;2024-10-02;Arena of Echoes;tournament;Clash of Imaginary Entities;2;Qualifying B;Lugh;174647;Celtic Myth - Tuatha De Danann;1;193;0;404;34;1273;1225
24/25;2024-10-02;Arena of Echoes;tournament;Clash of Imaginary Entities;2;Qualifying B;Anubis;175219;Egyptian Myth - Underworld Powers;1;189;0;398;37;1273;1223
24/25;2024-10-02;Arena of Echoes;tournament;Clash of Imaginary Entities;2;Qualifying B;Ravana;126986;Hindu Myth - Asuras;1;180;0;360;39;1273;1153
24/25;2024-10-02;Arena of Echoes;tournament;Clash of Imaginary Entities;2;Qualifying B;Bres;112221;Celtic Myth - Fomorians;1;209;0;415;24;1273;1233
24/25;2024-10-02;Arena of Echoes;tournament;Clash of Imaginary Entities;2;Qualifying B;Ishtar;172470;Mesopotamian Myth - Sky Kings;1;203;0;403;35;1273;1119
24/25;2024-10-02;Arena of Echoes;tournament;Clash of Imaginary Entities;2;Qualifying B;Marduk;188458;Mesopotamian Myth - Sky Kings;1;199;0;408;30;1273;1326
24/25;2024-10-02;Arena of Echoes;tournament;Clash of Imaginary Entities;2;Qualifying B;Thor;151201;Norse Myth - Aesir;1;207;0;401;36;1273;1198
24/25;2024-10-02;Arena of Echoes;tournament;Clash of Imaginary Entities;2;Qualifying B;Horus;174473;Egyptian Myth - Solar Court;1;186;0;365;38;1273;1195
24/25;2024-10-02;Arena of Echoes;tournament;Clash of Imaginary Entities;2;Qualifying B;Maleficent;74911;Disney Characters - Disney Villains;2;219;0;687;5;1479;1551
24/25;2024-10-02;Arena of Echoes;tournament;Clash of Imaginary Entities;2;Qualifying B;Mickey Mouse;68965;Disney Characters - Disney Heroes;2;202;0;669;6;1479;1522
24/25;2024-10-02;Arena of Echoes;tournament;Clash of Imaginary Entities;2;Qualifying B;Abaddon the Despoiler;54558;Warhammer 40K - Chaos;2;235;0;689;4;1479;1582
24/25;2024-10-02;Arena of Echoes;tournament;Clash of Imaginary Entities;2;Qualifying B;Commander Shepard;85142;Mass Effect - Alliance Crew;2;186;0;596;34;1479;1437
24/25;2024-10-02;Arena of Echoes;tournament;Clash of Imaginary Entities;2;Qualifying B;Worf;67335;Star Trek - Klingon-Romulan;2;225;0;654;11;1479;1486
24/25;2024-10-02;Arena of Echoes;tournament;Clash of Imaginary Entities;2;Qualifying B;Gandalf;98265;Lord of the Rings - Free Peoples;2;205;0;634;22;1479;1510
24/25;2024-10-02;Arena of Echoes;tournament;Clash of Imaginary Entities;2;Qualifying B;Jean-Luc Picard;56338;Star Trek - Federation;2;219;0;663;8;1479;1503
24/25;2024-10-02;Arena of Echoes;tournament;Clash of Imaginary Entities;2;Qualifying B;Sauron;85741;Lord of the Rings - Forces of Mordor;2;197;0;630;24;1479;1483
24/25;2024-10-02;Arena of Echoes;tournament;Clash of Imaginary Entities;2;Qualifying B;Lord Voldemort;65247;Harry Potter - Death Eaters;2;204;0;610;31;1479;1477
24/25;2024-10-02;Arena of Echoes;tournament;Clash of Imaginary Entities;2;Qualifying B;Illusive Man;86178;Mass Effect - Cerberus-Reapers;2;234;0;700;2;1479;1562
24/25;2024-10-02;Arena of Echoes;tournament;Clash of Imaginary Entities;2;Qualifying B;Jon Snow;86781;Game of Thrones - Stark-Targaryen Alliance;2;208;0;644;16;1479;1503
24/25;2024-10-02;Arena of Echoes;tournament;Clash of Imaginary Entities;2;Qualifying B;Harbinger;69213;Mass Effect - Cerberus-Reapers;2;200;0;614;27;1479;1458
24/25;2024-10-02;Arena of Echoes;tournament;Clash of Imaginary Entities;2;Qualifying B;Luke Skywalker;91905;Star Wars - Jedi Order;2;211;0;662;9;1479;1378
24/25;2024-10-02;Arena of Echoes;tournament;Clash of Imaginary Entities;2;Qualifying B;Feyd-Rautha;56698;Dune - Harkonnen-Sardaukar;2;222;0;636;21;1479;1461
24/25;2024-10-02;Arena of Echoes;tournament;Clash of Imaginary Entities;2;Qualifying B;LeChuck;60463;LucasArts Games - Monkey Island & Legacy;2;210;0;637;20;1479;1452
24/25;2024-10-02;Arena of Echoes;tournament;Clash of Imaginary Entities;2;Qualifying B;Spock;73526;Star Trek - Federation;2;177;0;582;37;1479;1311
24/25;2024-10-02;Arena of Echoes;tournament;Clash of Imaginary Entities;2;Qualifying B;Gowron;52847;Star Trek - Klingon-Romulan;2;203;0;622;26;1479;1456
24/25;2024-10-02;Arena of Echoes;tournament;Clash of Imaginary Entities;2;Qualifying B;Darth Vader;68024;Star Wars - Sith Empire;2;229;0;690;3;1479;1581
24/25;2024-10-02;Arena of Echoes;tournament;Clash of Imaginary Entities;2;Qualifying B;Kyle Katarn;79439;LucasArts Games - Jedi Knight Era;2;203;0;634;23;1479;1464
24/25;2024-10-02;Arena of Echoes;tournament;Clash of Imaginary Entities;2;Qualifying B;Harry Potter;52082;Harry Potter - Order of the Phoenix;2;217;0;655;10;1479;1564
24/25;2024-10-02;Arena of Echoes;tournament;Clash of Imaginary Entities;2;Qualifying B;The Dagda;143101;Celtic Myth - Tuatha De Danann;2;209;0;639;18;1479;1476
24/25;2024-10-02;Arena of Echoes;tournament;Clash of Imaginary Entities;2;Qualifying B;Indra;124470;Hindu Myth - Devas;2;181;0;596;35;1479;1462
24/25;2024-10-02;Arena of Echoes;tournament;Clash of Imaginary Entities;2;Qualifying B;Balor;139930;Celtic Myth - Fomorians;2;213;0;652;12;1479;1530
24/25;2024-10-02;Arena of Echoes;tournament;Clash of Imaginary Entities;2;Qualifying B;Tiamat;190311;Mesopotamian Myth - Chaos Ancients;2;214;0;647;13;1479;1498
24/25;2024-10-02;Arena of Echoes;tournament;Clash of Imaginary Entities;2;Qualifying B;Mahishasura;137200;Hindu Myth - Asuras;2;202;0;611;29;1479;1526
24/25;2024-10-02;Arena of Echoes;tournament;Clash of Imaginary Entities;2;Qualifying B;Osiris;179670;Egyptian Myth - Underworld Powers;2;190;0;626;25;1479;1498
24/25;2024-10-02;Arena of Echoes;tournament;Clash of Imaginary Entities;2;Qualifying B;Odin;126765;Norse Myth - Aesir;2;208;0;638;19;1479;1588
24/25;2024-10-02;Arena of Echoes;tournament;Clash of Imaginary Entities;2;Qualifying B;Cronus;174393;Greek Myth - Titans & Primordials;2;200;0;552;38;1479;1361
24/25;2024-10-02;Arena of Echoes;tournament;Clash of Imaginary Entities;2;Qualifying B;Ra;143286;Egyptian Myth - Solar Court;2;222;0;665;7;1479;1479
24/25;2024-10-02;Arena of Echoes;tournament;Clash of Imaginary Entities;2;Qualifying B;Zeus;139274;Greek Myth - Olympians;2;207;0;647;14;1479;1577
24/25;2024-10-02;Arena of Echoes;tournament;Clash of Imaginary Entities;2;Qualifying B;Loki;150650;Norse Myth - Giants & Tricksters;2;228;0;723;1;1479;1571
24/25;2024-10-02;Arena of Echoes;tournament;Clash of Imaginary Entities;2;Qualifying B;Vishnu;126083;Hindu Myth - Devas;2;198;0;606;32;1479;1355
24/25;2024-10-02;Arena of Echoes;tournament;Clash of Imaginary Entities;2;Qualifying B;Lugh;174647;Celtic Myth - Tuatha De Danann;2;239;0;643;17;1479;1464
24/25;2024-10-02;Arena of Echoes;tournament;Clash of Imaginary Entities;2;Qualifying B;Anubis;175219;Egyptian Myth - Underworld Powers;2;212;0;610;30;1479;1435
24/25;2024-10-02;Arena of Echoes;tournament;Clash of Imaginary Entities;2;Qualifying B;Ravana;126986;Hindu Myth - Asuras;2;192;0;552;39;1479;1345
24/25;2024-10-02;Arena of Echoes;tournament;Clash of Imaginary Entities;2;Qualifying B;Bres;112221;Celtic Myth - Fomorians;2;197;0;612;28;1479;1430
24/25;2024-10-02;Arena of Echoes;tournament;Clash of Imaginary Entities;2;Qualifying B;Ishtar;172470;Mesopotamian Myth - Sky Kings;2;196;0;599;33;1479;1315
24/25;2024-10-02;Arena of Echoes;tournament;Clash of Imaginary Entities;2;Qualifying B;Marduk;188458;Mesopotamian Myth - Sky Kings;2;237;0;645;15;1479;1563
24/25;2024-10-02;Arena of Echoes;tournament;Clash of Imaginary Entities;2;Qualifying B;Thor;151201;Norse Myth - Aesir;2;191;0;592;36;1479;1389
24/25;2024-10-02;Arena of Echoes;tournament;Clash of Imaginary Entities;2;Qualifying B;Horus;174473;Egyptian Myth - Solar Court;2;175;0;540;40;1479;1370
24/25;2024-10-02;Arena of Echoes;tournament;Clash of Imaginary Entities;2;Qualifying B;Maleficent;74911;Disney Characters - Disney Villains;3;220;0;907;4;1694;1771
24/25;2024-10-02;Arena of Echoes;tournament;Clash of Imaginary Entities;2;Qualifying B;Mickey Mouse;68965;Disney Characters - Disney Heroes;3;195;0;864;12;1694;1717
24/25;2024-10-02;Arena of Echoes;tournament;Clash of Imaginary Entities;2;Qualifying B;Abaddon the Despoiler;54558;Warhammer 40K - Chaos;3;188;0;877;6;1694;1770
24/25;2024-10-02;Arena of Echoes;tournament;Clash of Imaginary Entities;2;Qualifying B;Commander Shepard;85142;Mass Effect - Alliance Crew;3;211;0;807;34;1694;1648
24/25;2024-10-02;Arena of Echoes;tournament;Clash of Imaginary Entities;2;Qualifying B;Worf;67335;Star Trek - Klingon-Romulan;3;215;0;869;8;1694;1701
24/25;2024-10-02;Arena of Echoes;tournament;Clash of Imaginary Entities;2;Qualifying B;Gandalf;98265;Lord of the Rings - Free Peoples;3;214;0;848;21;1694;1724
24/25;2024-10-02;Arena of Echoes;tournament;Clash of Imaginary Entities;2;Qualifying B;Jean-Luc Picard;56338;Star Trek - Federation;3;217;0;880;5;1694;1720
24/25;2024-10-02;Arena of Echoes;tournament;Clash of Imaginary Entities;2;Qualifying B;Sauron;85741;Lord of the Rings - Forces of Mordor;3;238;0;868;9;1694;1721
24/25;2024-10-02;Arena of Echoes;tournament;Clash of Imaginary Entities;2;Qualifying B;Lord Voldemort;65247;Harry Potter - Death Eaters;3;209;0;819;30;1694;1686
24/25;2024-10-02;Arena of Echoes;tournament;Clash of Imaginary Entities;2;Qualifying B;Illusive Man;86178;Mass Effect - Cerberus-Reapers;3;210;0;910;3;1694;1772
24/25;2024-10-02;Arena of Echoes;tournament;Clash of Imaginary Entities;2;Qualifying B;Jon Snow;86781;Game of Thrones - Stark-Targaryen Alliance;3;207;0;851;20;1694;1710
24/25;2024-10-02;Arena of Echoes;tournament;Clash of Imaginary Entities;2;Qualifying B;Harbinger;69213;Mass Effect - Cerberus-Reapers;3;209;0;823;29;1694;1667
24/25;2024-10-02;Arena of Echoes;tournament;Clash of Imaginary Entities;2;Qualifying B;Luke Skywalker;91905;Star Wars - Jedi Order;3;212;0;874;7;1694;1590
24/25;2024-10-02;Arena of Echoes;tournament;Clash of Imaginary Entities;2;Qualifying B;Feyd-Rautha;56698;Dune - Harkonnen-Sardaukar;3;215;0;851;19;1694;1676
24/25;2024-10-02;Arena of Echoes;tournament;Clash of Imaginary Entities;2;Qualifying B;LeChuck;60463;LucasArts Games - Monkey Island & Legacy;3;219;0;856;16;1694;1671
24/25;2024-10-02;Arena of Echoes;tournament;Clash of Imaginary Entities;2;Qualifying B;Spock;73526;Star Trek - Federation;3;177;0;759;38;1694;1488
24/25;2024-10-02;Arena of Echoes;tournament;Clash of Imaginary Entities;2;Qualifying B;Gowron;52847;Star Trek - Klingon-Romulan;3;190;0;812;32;1694;1646
24/25;2024-10-02;Arena of Echoes;tournament;Clash of Imaginary Entities;2;Qualifying B;Darth Vader;68024;Star Wars - Sith Empire;3;233;0;923;2;1694;1814
24/25;2024-10-02;Arena of Echoes;tournament;Clash of Imaginary Entities;2;Qualifying B;Kyle Katarn;79439;LucasArts Games - Jedi Knight Era;3;213;0;847;23;1694;1677
24/25;2024-10-02;Arena of Echoes;tournament;Clash of Imaginary Entities;2;Qualifying B;Harry Potter;52082;Harry Potter - Order of the Phoenix;3;209;0;864;11;1694;1773
24/25;2024-10-02;Arena of Echoes;tournament;Clash of Imaginary Entities;2;Qualifying B;The Dagda;143101;Celtic Myth - Tuatha De Danann;3;218;0;857;15;1694;1694
24/25;2024-10-02;Arena of Echoes;tournament;Clash of Imaginary Entities;2;Qualifying B;Indra;124470;Hindu Myth - Devas;3;231;0;827;28;1694;1693
24/25;2024-10-02;Arena of Echoes;tournament;Clash of Imaginary Entities;2;Qualifying B;Balor;139930;Celtic Myth - Fomorians;3;215;0;867;10;1694;1745
24/25;2024-10-02;Arena of Echoes;tournament;Clash of Imaginary Entities;2;Qualifying B;Tiamat;190311;Mesopotamian Myth - Chaos Ancients;3;216;0;863;13;1694;1714
24/25;2024-10-02;Arena of Echoes;tournament;Clash of Imaginary Entities;2;Qualifying B;Mahishasura;137200;Hindu Myth - Asuras;3;226;0;837;25;1694;1752
24/25;2024-10-02;Arena of Echoes;tournament;Clash of Imaginary Entities;2;Qualifying B;Osiris;179670;Egyptian Myth - Underworld Powers;3;232;0;858;14;1694;1730
24/25;2024-10-02;Arena of Echoes;tournament;Clash of Imaginary Entities;2;Qualifying B;Odin;126765;Norse Myth - Aesir;3;210;0;848;22;1694;1798
24/25;2024-10-02;Arena of Echoes;tournament;Clash of Imaginary Entities;2;Qualifying B;Cronus;174393;Greek Myth - Titans & Primordials;3;233;0;785;36;1694;1594
24/25;2024-10-02;Arena of Echoes;tournament;Clash of Imaginary Entities;2;Qualifying B;Ra;143286;Egyptian Myth - Solar Court;3;171;0;836;26;1694;1650
24/25;2024-10-02;Arena of Echoes;tournament;Clash of Imaginary Entities;2;Qualifying B;Zeus;139274;Greek Myth - Olympians;3;206;0;853;17;1694;1783
24/25;2024-10-02;Arena of Echoes;tournament;Clash of Imaginary Entities;2;Qualifying B;Loki;150650;Norse Myth - Giants & Tricksters;3;234;0;957;1;1694;1805
24/25;2024-10-02;Arena of Echoes;tournament;Clash of Imaginary Entities;2;Qualifying B;Vishnu;126083;Hindu Myth - Devas;3;203;0;809;33;1694;1558
24/25;2024-10-02;Arena of Echoes;tournament;Clash of Imaginary Entities;2;Qualifying B;Lugh;174647;Celtic Myth - Tuatha De Danann;3;209;0;852;18;1694;1673
24/25;2024-10-02;Arena of Echoes;tournament;Clash of Imaginary Entities;2;Qualifying B;Anubis;175219;Egyptian Myth - Underworld Powers;3;221;0;831;27;1694;1656
24/25;2024-10-02;Arena of Echoes;tournament;Clash of Imaginary Entities;2;Qualifying B;Ravana;126986;Hindu Myth - Asuras;3;173;0;725;40;1694;1518
24/25;2024-10-02;Arena of Echoes;tournament;Clash of Imaginary Entities;2;Qualifying B;Bres;112221;Celtic Myth - Fomorians;3;206;0;818;31;1694;1636
24/25;2024-10-02;Arena of Echoes;tournament;Clash of Imaginary Entities;2;Qualifying B;Ishtar;172470;Mesopotamian Myth - Sky Kings;3;206;0;805;35;1694;1521
24/25;2024-10-02;Arena of Echoes;tournament;Clash of Imaginary Entities;2;Qualifying B;Marduk;188458;Mesopotamian Myth - Sky Kings;3;200;0;845;24;1694;1763
24/25;2024-10-02;Arena of Echoes;tournament;Clash of Imaginary Entities;2;Qualifying B;Thor;151201;Norse Myth - Aesir;3;180;0;772;37;1694;1569
24/25;2024-10-02;Arena of Echoes;tournament;Clash of Imaginary Entities;2;Qualifying B;Horus;174473;Egyptian Myth - Solar Court;3;187;0;727;39;1694;1557
24/25;2024-10-03;Arena of Echoes;tournament;Clash of Imaginary Entities;3;Positioning;Darth Vader;68024;Star Wars - Sith Empire;0;226;0;226;5;1993;2040
24/25;2024-10-03;Arena of Echoes;tournament;Clash of Imaginary Entities;3;Positioning;Loki;150650;Norse Myth - Giants & Tricksters;0;231;0;231;3;1993;2036
24/25;2024-10-03;Arena of Echoes;tournament;Clash of Imaginary Entities;3;Positioning;Odin;126765;Norse Myth - Aesir;0;228;0;228;4;1993;2026
24/25;2024-10-03;Arena of Echoes;tournament;Clash of Imaginary Entities;3;Positioning;Zeus;139274;Greek Myth - Olympians;0;210;0;210;12;1993;1993
24/25;2024-10-03;Arena of Echoes;tournament;Clash of Imaginary Entities;3;Positioning;Harry Potter;52082;Harry Potter - Order of the Phoenix;0;196;0;196;19;1993;1969
24/25;2024-10-03;Arena of Echoes;tournament;Clash of Imaginary Entities;3;Positioning;Illusive Man;86178;Mass Effect - Cerberus-Reapers;0;253;0;253;1;1993;2025
24/25;2024-10-03;Arena of Echoes;tournament;Clash of Imaginary Entities;3;Positioning;Maleficent;74911;Disney Characters - Disney Villains;0;221;0;221;8;1993;1992
24/25;2024-10-03;Arena of Echoes;tournament;Clash of Imaginary Entities;3;Positioning;Abaddon the Despoiler;54558;Warhammer 40K - Chaos;0;197;0;197;18;1993;1967
24/25;2024-10-03;Arena of Echoes;tournament;Clash of Imaginary Entities;3;Positioning;Marduk;188458;Mesopotamian Myth - Sky Kings;0;224;0;224;7;1993;1987
24/25;2024-10-03;Arena of Echoes;tournament;Clash of Imaginary Entities;3;Positioning;Mahishasura;137200;Hindu Myth - Asuras;0;216;0;216;11;1993;1968
24/25;2024-10-03;Arena of Echoes;tournament;Clash of Imaginary Entities;3;Positioning;Balor;139930;Celtic Myth - Fomorians;0;206;0;206;15;1993;1951
24/25;2024-10-03;Arena of Echoes;tournament;Clash of Imaginary Entities;3;Positioning;Osiris;179670;Egyptian Myth - Underworld Powers;0;219;0;219;9;1993;1949
24/25;2024-10-03;Arena of Echoes;tournament;Clash of Imaginary Entities;3;Positioning;Gandalf;98265;Lord of the Rings - Free Peoples;0;216;0;216;10;1993;1940
24/25;2024-10-03;Arena of Echoes;tournament;Clash of Imaginary Entities;3;Positioning;Sauron;85741;Lord of the Rings - Forces of Mordor;0;234;0;234;2;1993;1955
24/25;2024-10-03;Arena of Echoes;tournament;Clash of Imaginary Entities;3;Positioning;Jean-Luc Picard;56338;Star Trek - Federation;0;203;0;203;17;1993;1923
24/25;2024-10-03;Arena of Echoes;tournament;Clash of Imaginary Entities;3;Positioning;Mickey Mouse;68965;Disney Characters - Disney Heroes;0;226;0;226;6;1993;1943
24/25;2024-10-03;Arena of Echoes;tournament;Clash of Imaginary Entities;3;Positioning;Tiamat;190311;Mesopotamian Myth - Chaos Ancients;0;193;0;193;20;1993;1907
24/25;2024-10-03;Arena of Echoes;tournament;Clash of Imaginary Entities;3;Positioning;Jon Snow;86781;Game of Thrones - Stark-Targaryen Alliance;0;204;0;204;16;1993;1914
24/25;2024-10-03;Arena of Echoes;tournament;Clash of Imaginary Entities;3;Positioning;Worf;67335;Star Trek - Klingon-Romulan;0;208;0;208;14;1993;1909
24/25;2024-10-03;Arena of Echoes;tournament;Clash of Imaginary Entities;3;Positioning;The Dagda;143101;Celtic Myth - Tuatha De Danann;0;209;0;209;13;1993;1903
24/25;2024-10-03;Arena of Echoes;tournament;Clash of Imaginary Entities;3;Positioning;Darth Vader;68024;Star Wars - Sith Empire;1;211;0;437;6;2210;2251
24/25;2024-10-03;Arena of Echoes;tournament;Clash of Imaginary Entities;3;Positioning;Loki;150650;Norse Myth - Giants & Tricksters;1;174;0;405;20;2210;2210
24/25;2024-10-03;Arena of Echoes;tournament;Clash of Imaginary Entities;3;Positioning;Odin;126765;Norse Myth - Aesir;1;196;0;424;14;2210;2222
24/25;2024-10-03;Arena of Echoes;tournament;Clash of Imaginary Entities;3;Positioning;Zeus;139274;Greek Myth - Olympians;1;238;0;448;3;2210;2231
24/25;2024-10-03;Arena of Echoes;tournament;Clash of Imaginary Entities;3;Positioning;Harry Potter;52082;Harry Potter - Order of the Phoenix;1;225;0;421;16;2210;2194
24/25;2024-10-03;Arena of Echoes;tournament;Clash of Imaginary Entities;3;Positioning;Illusive Man;86178;Mass Effect - Cerberus-Reapers;1;229;0;482;1;2210;2254
24/25;2024-10-03;Arena of Echoes;tournament;Clash of Imaginary Entities;3;Positioning;Maleficent;74911;Disney Characters - Disney Villains;1;215;0;436;7;2210;2207
24/25;2024-10-03;Arena of Echoes;tournament;Clash of Imaginary Entities;3;Positioning;Abaddon the Despoiler;54558;Warhammer 40K - Chaos;1;237;0;434;8;2210;2204
24/25;2024-10-03;Arena of Echoes;tournament;Clash of Imaginary Entities;3;Positioning;Marduk;188458;Mesopotamian Myth - Sky Kings;1;205;0;429;10;2210;2192
24/25;2024-10-03;Arena of Echoes;tournament;Clash of Imaginary Entities;3;Positioning;Mahishasura;137200;Hindu Myth - Asuras;1;224;0;440;5;2210;2192
24/25;2024-10-03;Arena of Echoes;tournament;Clash of Imaginary Entities;3;Positioning;Balor;139930;Celtic Myth - Fomorians;1;216;0;422;15;2210;2167
24/25;2024-10-03;Arena of Echoes;tournament;Clash of Imaginary Entities;3;Positioning;Osiris;179670;Egyptian Myth - Underworld Powers;1;207;0;426;11;2210;2156
24/25;2024-10-03;Arena of Echoes;tournament;Clash of Imaginary Entities;3;Positioning;Gandalf;98265;Lord of the Rings - Free Peoples;1;204;0;420;17;2210;2144
24/25;2024-10-03;Arena of Echoes;tournament;Clash of Imaginary Entities;3;Positioning;Sauron;85741;Lord of the Rings - Forces of Mordor;1;213;0;447;4;2210;2168
24/25;2024-10-03;Arena of Echoes;tournament;Clash of Imaginary Entities;3;Positioning;Jean-Luc Picard;56338;Star Trek - Federation;1;222;0;425;12;2210;2145
24/25;2024-10-03;Arena of Echoes;tournament;Clash of Imaginary Entities;3;Positioning;Mickey Mouse;68965;Disney Characters - Disney Heroes;1;248;0;474;2;2210;2191
24/25;2024-10-03;Arena of Echoes;tournament;Clash of Imaginary Entities;3;Positioning;Tiamat;190311;Mesopotamian Myth - Chaos Ancients;1;219;0;412;18;2210;2126
24/25;2024-10-03;Arena of Echoes;tournament;Clash of Imaginary Entities;3;Positioning;Jon Snow;86781;Game of Thrones - Stark-Targaryen Alliance;1;203;0;407;19;2210;2117
24/25;2024-10-03;Arena of Echoes;tournament;Clash of Imaginary Entities;3;Positioning;Worf;67335;Star Trek - Klingon-Romulan;1;217;0;425;13;2210;2126
24/25;2024-10-03;Arena of Echoes;tournament;Clash of Imaginary Entities;3;Positioning;The Dagda;143101;Celtic Myth - Tuatha De Danann;1;222;0;431;9;2210;2125
24/25;2024-10-03;Arena of Echoes;tournament;Clash of Imaginary Entities;3;Positioning;Darth Vader;68024;Star Wars - Sith Empire;2;222;0;659;5;2425;2473
24/25;2024-10-03;Arena of Echoes;tournament;Clash of Imaginary Entities;3;Positioning;Loki;150650;Norse Myth - Giants & Tricksters;2;215;0;620;18;2425;2425
24/25;2024-10-03;Arena of Echoes;tournament;Clash of Imaginary Entities;3;Positioning;Odin;126765;Norse Myth - Aesir;2;209;0;633;15;2425;2431
24/25;2024-10-03;Arena of Echoes;tournament;Clash of Imaginary Entities;3;Positioning;Zeus;139274;Greek Myth - Olympians;2;230;0;678;4;2425;2461
24/25;2024-10-03;Arena of Echoes;tournament;Clash of Imaginary Entities;3;Positioning;Harry Potter;52082;Harry Potter - Order of the Phoenix;2;200;0;621;17;2425;2394
24/25;2024-10-03;Arena of Echoes;tournament;Clash of Imaginary Entities;3;Positioning;Illusive Man;86178;Mass Effect - Cerberus-Reapers;2;213;0;695;1;2425;2467
24/25;2024-10-03;Arena of Echoes;tournament;Clash of Imaginary Entities;3;Positioning;Maleficent;74911;Disney Characters - Disney Villains;2;215;0;651;9;2425;2422
24/25;2024-10-03;Arena of Echoes;tournament;Clash of Imaginary Entities;3;Positioning;Abaddon the Despoiler;54558;Warhammer 40K - Chaos;2;218;0;652;8;2425;2422
24/25;2024-10-03;Arena of Echoes;tournament;Clash of Imaginary Entities;3;Positioning;Marduk;188458;Mesopotamian Myth - Sky Kings;2;210;0;639;13;2425;2402
24/25;2024-10-03;Arena of Echoes;tournament;Clash of Imaginary Entities;3;Positioning;Mahishasura;137200;Hindu Myth - Asuras;2;218;0;658;6;2425;2410
24/25;2024-10-03;Arena of Echoes;tournament;Clash of Imaginary Entities;3;Positioning;Balor;139930;Celtic Myth - Fomorians;2;191;0;613;19;2425;2358
24/25;2024-10-03;Arena of Echoes;tournament;Clash of Imaginary Entities;3;Positioning;Osiris;179670;Egyptian Myth - Underworld Powers;2;218;0;644;11;2425;2374
24/25;2024-10-03;Arena of Echoes;tournament;Clash of Imaginary Entities;3;Positioning;Gandalf;98265;Lord of the Rings - Free Peoples;2;213;0;633;14;2425;2357
24/25;2024-10-03;Arena of Echoes;tournament;Clash of Imaginary Entities;3;Positioning;Sauron;85741;Lord of the Rings - Forces of Mordor;2;235;0;682;3;2425;2403
24/25;2024-10-03;Arena of Echoes;tournament;Clash of Imaginary Entities;3;Positioning;Jean-Luc Picard;56338;Star Trek - Federation;2;228;0;653;7;2425;2373
24/25;2024-10-03;Arena of Echoes;tournament;Clash of Imaginary Entities;3;Positioning;Mickey Mouse;68965;Disney Characters - Disney Heroes;2;217;0;691;2;2425;2408
24/25;2024-10-03;Arena of Echoes;tournament;Clash of Imaginary Entities;3;Positioning;Tiamat;190311;Mesopotamian Myth - Chaos Ancients;2;214;0;626;16;2425;2340
24/25;2024-10-03;Arena of Echoes;tournament;Clash of Imaginary Entities;3;Positioning;Jon Snow;86781;Game of Thrones - Stark-Targaryen Alliance;2;206;0;613;20;2425;2323
24/25;2024-10-03;Arena of Echoes;tournament;Clash of Imaginary Entities;3;Positioning;Worf;67335;Star Trek - Klingon-Romulan;2;222;0;647;10;2425;2348
24/25;2024-10-03;Arena of Echoes;tournament;Clash of Imaginary Entities;3;Positioning;The Dagda;143101;Celtic Myth - Tuatha De Danann;2;213;0;644;12;2425;2338
24/25;2024-10-03;Arena of Echoes;tournament;Clash of Imaginary Entities;3;Positioning;Darth Vader;68024;Star Wars - Sith Empire;3;231;0;890;4;2647;2704
24/25;2024-10-03;Arena of Echoes;tournament;Clash of Imaginary Entities;3;Positioning;Loki;150650;Norse Myth - Giants & Tricksters;3;204;0;824;19;2647;2629
24/25;2024-10-03;Arena of Echoes;tournament;Clash of Imaginary Entities;3;Positioning;Odin;126765;Norse Myth - Aesir;3;212;0;845;12;2647;2643
24/25;2024-10-03;Arena of Echoes;tournament;Clash of Imaginary Entities;3;Positioning;Zeus;139274;Greek Myth - Olympians;3;199;0;877;8;2647;2660
24/25;2024-10-03;Arena of Echoes;tournament;Clash of Imaginary Entities;3;Positioning;Harry Potter;52082;Harry Potter - Order of the Phoenix;3;214;0;835;16;2647;2608
24/25;2024-10-03;Arena of Echoes;tournament;Clash of Imaginary Entities;3;Positioning;Illusive Man;86178;Mass Effect - Cerberus-Reapers;3;214;0;909;3;2647;2681
24/25;2024-10-03;Arena of Echoes;tournament;Clash of Imaginary Entities;3;Positioning;Maleficent;74911;Disney Characters - Disney Villains;3;239;0;890;5;2647;2661
24/25;2024-10-03;Arena of Echoes;tournament;Clash of Imaginary Entities;3;Positioning;Abaddon the Despoiler;54558;Warhammer 40K - Chaos;3;187;0;839;13;2647;2609
24/25;2024-10-03;Arena of Echoes;tournament;Clash of Imaginary Entities;3;Positioning;Marduk;188458;Mesopotamian Myth - Sky Kings;3;200;0;839;14;2647;2602
24/25;2024-10-03;Arena of Echoes;tournament;Clash of Imaginary Entities;3;Positioning;Mahishasura;137200;Hindu Myth - Asuras;3;229;0;887;6;2647;2639
24/25;2024-10-03;Arena of Echoes;tournament;Clash of Imaginary Entities;3;Positioning;Balor;139930;Celtic Myth - Fomorians;3;220;0;833;17;2647;2578
24/25;2024-10-03;Arena of Echoes;tournament;Clash of Imaginary Entities;3;Positioning;Osiris;179670;Egyptian Myth - Underworld Powers;3;227;0;871;10;2647;2601
24/25;2024-10-03;Arena of Echoes;tournament;Clash of Imaginary Entities;3;Positioning;Gandalf;98265;Lord of the Rings - Free Peoples;3;200;0;833;18;2647;2557
24/25;2024-10-03;Arena of Echoes;tournament;Clash of Imaginary Entities;3;Positioning;Sauron;85741;Lord of the Rings - Forces of Mordor;3;244;0;926;1;2647;2647
24/25;2024-10-03;Arena of Echoes;tournament;Clash of Imaginary Entities;3;Positioning;Jean-Luc Picard;56338;Star Trek - Federation;3;225;0;878;7;2647;2598
24/25;2024-10-03;Arena of Echoes;tournament;Clash of Imaginary Entities;3;Positioning;Mickey Mouse;68965;Disney Characters - Disney Heroes;3;224;0;915;2;2647;2632
24/25;2024-10-03;Arena of Echoes;tournament;Clash of Imaginary Entities;3;Positioning;Tiamat;190311;Mesopotamian Myth - Chaos Ancients;3;213;0;839;15;2647;2553
24/25;2024-10-03;Arena of Echoes;tournament;Clash of Imaginary Entities;3;Positioning;Jon Snow;86781;Game of Thrones - Stark-Targaryen Alliance;3;202;0;815;20;2647;2525
24/25;2024-10-03;Arena of Echoes;tournament;Clash of Imaginary Entities;3;Positioning;Worf;67335;Star Trek - Klingon-Romulan;3;228;0;875;9;2647;2576
24/25;2024-10-03;Arena of Echoes;tournament;Clash of Imaginary Entities;3;Positioning;The Dagda;143101;Celtic Myth - Tuatha De Danann;3;207;0;851;11;2647;2545
24/25;2024-10-03;Arena of Echoes;tournament;Clash of Imaginary Entities;4;Elimination;Darth Vader;68024;Star Wars - Sith Empire;0;222;0;222;4;;2926
24/25;2024-10-03;Arena of Echoes;tournament;Clash of Imaginary Entities;4;Elimination;Illusive Man;86178;Mass Effect - Cerberus-Reapers;0;223;0;223;3;;2904
24/25;2024-10-03;Arena of Echoes;tournament;Clash of Imaginary Entities;4;Elimination;Maleficent;74911;Disney Characters - Disney Villains;0;186;0;186;5;;2847
24/25;2024-10-03;Arena of Echoes;tournament;Clash of Imaginary Entities;4;Elimination;Zeus;139274;Greek Myth - Olympians;0;229;0;229;2;;2889
24/25;2024-10-03;Arena of Echoes;tournament;Clash of Imaginary Entities;4;Elimination;Sauron;85741;Lord of the Rings - Forces of Mordor;0;251;0;251;1;;2898
24/25;2024-10-03;Arena of Echoes;tournament;Clash of Imaginary Entities;4;Elimination;Sauron;85741;Lord of the Rings - Forces of Mordor;1;243;0;494;1;;3141
24/25;2024-10-03;Arena of Echoes;tournament;Clash of Imaginary Entities;4;Elimination;Zeus;139274;Greek Myth - Olympians;1;223;0;452;4;;3112
24/25;2024-10-03;Arena of Echoes;tournament;Clash of Imaginary Entities;4;Elimination;Illusive Man;86178;Mass Effect - Cerberus-Reapers;1;256;0;479;2;;3160
24/25;2024-10-03;Arena of Echoes;tournament;Clash of Imaginary Entities;4;Elimination;Darth Vader;68024;Star Wars - Sith Empire;1;230;0;452;3;;3156
24/25;2024-10-03;Arena of Echoes;tournament;Clash of Imaginary Entities;4;Elimination;Illusive Man;86178;Mass Effect - Cerberus-Reapers;2;218;0;697;2;;3378
24/25;2024-10-03;Arena of Echoes;tournament;Clash of Imaginary Entities;4;Elimination;Sauron;85741;Lord of the Rings - Forces of Mordor;2;233;0;727;1;;3374
24/25;2024-10-03;Arena of Echoes;tournament;Clash of Imaginary Entities;4;Elimination;Darth Vader;68024;Star Wars - Sith Empire;2;223;0;675;3;;3379
24/25;2024-10-03;Arena of Echoes;tournament;Clash of Imaginary Entities;4;Elimination;Sauron;85741;Lord of the Rings - Forces of Mordor;3;206;0;933;1;;3580
24/25;2024-10-03;Arena of Echoes;tournament;Clash of Imaginary Entities;4;Elimination;Darth Vader;68024;Star Wars - Sith Empire;3;210;0;885;2;;3589
25/26;2025-10-02;Arena of Echoes;tournament;Clash of Imaginary Entities;1;Qualifying A;Gandalf;98265;Lord of the Rings - Free Peoples;0;207;0;207;25;;207
25/26;2025-10-02;Arena of Echoes;tournament;Clash of Imaginary Entities;1;Qualifying A;Harry Potter;52082;Harry Potter - Order of the Phoenix;0;238;0;238;4;;238
25/26;2025-10-02;Arena of Echoes;tournament;Clash of Imaginary Entities;1;Qualifying A;Guybrush Threepwood;99729;LucasArts Games - Monkey Island & Legacy;0;240;0;240;3;;240
25/26;2025-10-02;Arena of Echoes;tournament;Clash of Imaginary Entities;1;Qualifying A;Jean-Luc Picard;56338;Star Trek - Federation;0;215;0;215;18;;215
25/26;2025-10-02;Arena of Echoes;tournament;Clash of Imaginary Entities;1;Qualifying A;Illusive Man;86178;Mass Effect - Cerberus-Reapers;0;216;0;216;16;;216
25/26;2025-10-02;Arena of Echoes;tournament;Clash of Imaginary Entities;1;Qualifying A;Lord Voldemort;65247;Harry Potter - Death Eaters;0;213;0;213;19;;213
25/26;2025-10-02;Arena of Echoes;tournament;Clash of Imaginary Entities;1;Qualifying A;Roboute Guilliman;73700;Warhammer 40K - Imperium;0;243;0;243;2;;243
25/26;2025-10-02;Arena of Echoes;tournament;Clash of Imaginary Entities;1;Qualifying A;Worf;67335;Star Trek - Klingon-Romulan;0;234;0;234;5;;234
25/26;2025-10-02;Arena of Echoes;tournament;Clash of Imaginary Entities;1;Qualifying A;Luke Skywalker;91905;Star Wars - Jedi Order;0;221;0;221;12;;221
25/26;2025-10-02;Arena of Echoes;tournament;Clash of Imaginary Entities;1;Qualifying A;Mara Jade;88618;LucasArts Games - Jedi Knight Era;0;203;0;203;30;;203
25/26;2025-10-02;Arena of Echoes;tournament;Clash of Imaginary Entities;1;Qualifying A;Darth Vader;68024;Star Wars - Sith Empire;0;204;0;204;29;;204
25/26;2025-10-02;Arena of Echoes;tournament;Clash of Imaginary Entities;1;Qualifying A;Jon Snow;86781;Game of Thrones - Stark-Targaryen Alliance;0;216;0;216;17;;216
25/26;2025-10-02;Arena of Echoes;tournament;Clash of Imaginary Entities;1;Qualifying A;Cersei Lannister;95962;Game of Thrones - Lannister-Crown;0;219;0;219;13;;219
25/26;2025-10-02;Arena of Echoes;tournament;Clash of Imaginary Entities;1;Qualifying A;LeChuck;60463;LucasArts Games - Monkey Island & Legacy;0;209;0;209;22;;209
25/26;2025-10-02;Arena of Echoes;tournament;Clash of Imaginary Entities;1;Qualifying A;Emperor Palpatine;66049;Star Wars - Sith Empire;0;224;0;224;11;;224
25/26;2025-10-02;Arena of Echoes;tournament;Clash of Imaginary Entities;1;Qualifying A;Harbinger;69213;Mass Effect - Cerberus-Reapers;0;205;0;205;27;;205
25/26;2025-10-02;Arena of Echoes;tournament;Clash of Imaginary Entities;1;Qualifying A;Gowron;52847;Star Trek - Klingon-Romulan;0;217;0;217;14;;217
25/26;2025-10-02;Arena of Echoes;tournament;Clash of Imaginary Entities;1;Qualifying A;Feyd-Rautha;56698;Dune - Harkonnen-Sardaukar;0;211;0;211;21;;211
25/26;2025-10-02;Arena of Echoes;tournament;Clash of Imaginary Entities;1;Qualifying A;Obi-Wan Kenobi;57296;Star Wars - Jedi Order;0;186;0;186;36;;186
25/26;2025-10-02;Arena of Echoes;tournament;Clash of Imaginary Entities;1;Qualifying A;Paul Atreides;72298;Dune - House Atreides;0;203;0;203;31;;203
25/26;2025-10-02;Arena of Echoes;tournament;Clash of Imaginary Entities;1;Qualifying A;Indra;124470;Hindu Myth - Devas;0;252;0;252;1;;252
25/26;2025-10-02;Arena of Echoes;tournament;Clash of Imaginary Entities;1;Qualifying A;Odin;126765;Norse Myth - Aesir;0;225;0;225;9;;225
25/26;2025-10-02;Arena of Echoes;tournament;Clash of Imaginary Entities;1;Qualifying A;Zeus;139274;Greek Myth - Olympians;0;225;0;225;10;;225
25/26;2025-10-02;Arena of Echoes;tournament;Clash of Imaginary Entities;1;Qualifying A;Balor;139930;Celtic Myth - Fomorians;0;193;0;193;33;;193
25/26;2025-10-02;Arena of Echoes;tournament;Clash of Imaginary Entities;1;Qualifying A;Tiamat;190311;Mesopotamian Myth - Chaos Ancients;0;226;0;226;8;;226
25/26;2025-10-02;Arena of Echoes;tournament;Clash of Imaginary Entities;1;Qualifying A;Osiris;179670;Egyptian Myth - Underworld Powers;0;217;0;217;15;;217
25/26;2025-10-02;Arena of Echoes;tournament;Clash of Imaginary Entities;1;Qualifying A;The Dagda;143101;Celtic Myth - Tuatha De Danann;0;229;0;229;6;;229
25/26;2025-10-02;Arena of Echoes;tournament;Clash of Imaginary Entities;1;Qualifying A;Cronus;174393;Greek Myth - Titans & Primordials;0;208;0;208;24;;208
25/26;2025-10-02;Arena of Echoes;tournament;Clash of Imaginary Entities;1;Qualifying A;Loki;150650;Norse Myth - Giants & Tricksters;0;227;0;227;7;;227
25/26;2025-10-02;Arena of Echoes;tournament;Clash of Imaginary Entities;1;Qualifying A;Marduk;188458;Mesopotamian Myth - Sky Kings;0;207;0;207;26;;207
25/26;2025-10-02;Arena of Echoes;tournament;Clash of Imaginary Entities;1;Qualifying A;Mahishasura;137200;Hindu Myth - Asuras;0;154;0;154;40;;154
25/26;2025-10-02;Arena of Echoes;tournament;Clash of Imaginary Entities;1;Qualifying A;Ravana;126986;Hindu Myth - Asuras;0;187;0;187;35;;187
25/26;2025-10-02;Arena of Echoes;tournament;Clash of Imaginary Entities;1;Qualifying A;Anubis;175219;Egyptian Myth - Underworld Powers;0;204;0;204;28;;204
25/26;2025-10-02;Arena of Echoes;tournament;Clash of Imaginary Entities;1;Qualifying A;Thor;151201;Norse Myth - Aesir;0;178;0;178;39;;178
25/26;2025-10-02;Arena of Echoes;tournament;Clash of Imaginary Entities;1;Qualifying A;Bastet;182554;Egyptian Myth - Solar Court;0;183;0;183;37;;183
25/26;2025-10-02;Arena of Echoes;tournament;Clash of Imaginary Entities;1;Qualifying A;Bres;112221;Celtic Myth - Fomorians;0;189;0;189;34;;189
25/26;2025-10-02;Arena of Echoes;tournament;Clash of Imaginary Entities;1;Qualifying A;Lugh;174647;Celtic Myth - Tuatha De Danann;0;209;0;209;23;;209
25/26;2025-10-02;Arena of Echoes;tournament;Clash of Imaginary Entities;1;Qualifying A;Fenrir;162230;Norse Myth - Giants & Tricksters;0;200;0;200;32;;200
25/26;2025-10-02;Arena of Echoes;tournament;Clash of Imaginary Entities;1;Qualifying A;Horus;174473;Egyptian Myth - Solar Court;0;183;0;183;38;;183
25/26;2025-10-02;Arena of Echoes;tournament;Clash of Imaginary Entities;1;Qualifying A;Athena;142739;Greek Myth - Olympians;0;212;0;212;20;;212
25/26;2025-10-02;Arena of Echoes;tournament;Clash of Imaginary Entities;1;Qualifying A;Gandalf;98265;Lord of the Rings - Free Peoples;1;223;0;430;14;;430
25/26;2025-10-02;Arena of Echoes;tournament;Clash of Imaginary Entities;1;Qualifying A;Harry Potter;52082;Harry Potter - Order of the Phoenix;1;215;0;453;8;;453
25/26;2025-10-02;Arena of Echoes;tournament;Clash of Imaginary Entities;1;Qualifying A;Guybrush Threepwood;99729;LucasArts Games - Monkey Island & Legacy;1;227;0;467;3;;467
25/26;2025-10-02;Arena of Echoes;tournament;Clash of Imaginary Entities;1;Qualifying A;Jean-Luc Picard;56338;Star Trek - Federation;1;208;0;423;20;;423
25/26;2025-10-02;Arena of Echoes;tournament;Clash of Imaginary Entities;1;Qualifying A;Illusive Man;86178;Mass Effect - Cerberus-Reapers;1;216;0;432;13;;432
25/26;2025-10-02;Arena of Echoes;tournament;Clash of Imaginary Entities;1;Qualifying A;Lord Voldemort;65247;Harry Potter - Death Eaters;1;201;0;414;28;;414
25/26;2025-10-02;Arena of Echoes;tournament;Clash of Imaginary Entities;1;Qualifying A;Roboute Guilliman;73700;Warhammer 40K - Imperium;1;243;0;486;1;;486
25/26;2025-10-02;Arena of Echoes;tournament;Clash of Imaginary Entities;1;Qualifying A;Worf;67335;Star Trek - Klingon-Romulan;1;220;0;454;7;;454
25/26;2025-10-02;Arena of Echoes;tournament;Clash of Imaginary Entities;1;Qualifying A;Luke Skywalker;91905;Star Wars - Jedi Order;1;198;0;419;24;;419
25/26;2025-10-02;Arena of Echoes;tournament;Clash of Imaginary Entities;1;Qualifying A;Mara Jade;88618;LucasArts Games - Jedi Knight Era;1;219;0;422;21;;422
25/26;2025-10-02;Arena of Echoes;tournament;Clash of Imaginary Entities;1;Qualifying A;Darth Vader;68024;Star Wars - Sith Empire;1;212;0;416;26;;416
25/26;2025-10-02;Arena of Echoes;tournament;Clash of Imaginary Entities;1;Qualifying A;Jon Snow;86781;Game of Thrones - Stark-Targaryen Alliance;1;211;0;427;16;;427
25/26;2025-10-02;Arena of Echoes;tournament;Clash of Imaginary Entities;1;Qualifying A;Cersei Lannister;95962;Game of Thrones - Lannister-Crown;1;237;0;456;6;;456
25/26;2025-10-02;Arena of Echoes;tournament;Clash of Imaginary Entities;1;Qualifying A;LeChuck;60463;LucasArts Games - Monkey Island & Legacy;1;204;0;413;29;;413
25/26;2025-10-02;Arena of Echoes;tournament;Clash of Imaginary Entities;1;Qualifying A;Emperor Palpatine;66049;Star Wars - Sith Empire;1;200;0;424;19;;424
25/26;2025-10-02;Arena of Echoes;tournament;Clash of Imaginary Entities;1;Qualifying A;Harbinger;69213;Mass Effect - Cerberus-Reapers;1;220;0;425;18;;425
25/26;2025-10-02;Arena of Echoes;tournament;Clash of Imaginary Entities;1;Qualifying A;Gowron;52847;Star Trek - Klingon-Romulan;1;216;0;433;12;;433
25/26;2025-10-02;Arena of Echoes;tournament;Clash of Imaginary Entities;1;Qualifying A;Feyd-Rautha;56698;Dune - Harkonnen-Sardaukar;1;214;0;425;17;;425
25/26;2025-10-02;Arena of Echoes;tournament;Clash of Imaginary Entities;1;Qualifying A;Obi-Wan Kenobi;57296;Star Wars - Jedi Order;1;219;0;405;33;;405
25/26;2025-10-02;Arena of Echoes;tournament;Clash of Imaginary Entities;1;Qualifying A;Paul Atreides;72298;Dune - House Atreides;1;204;0;407;32;;407
25/26;2025-10-02;Arena of Echoes;tournament;Clash of Imaginary Entities;1;Qualifying A;Indra;124470;Hindu Myth - Devas;1;217;0;469;2;;469
25/26;2025-10-02;Arena of Echoes;tournament;Clash of Imaginary Entities;1;Qualifying A;Odin;126765;Norse Myth - Aesir;1;240;0;465;4;;465
25/26;2025-10-02;Arena of Echoes;tournament;Clash of Imaginary Entities;1;Qualifying A;Zeus;139274;Greek Myth - Olympians;1;205;0;430;15;;430
25/26;2025-10-02;Arena of Echoes;tournament;Clash of Imaginary Entities;1;Qualifying A;Balor;139930;Celtic Myth - Fomorians;1;221;0;414;27;;414
25/26;2025-10-02;Arena of Echoes;tournament;Clash of Imaginary Entities;1;Qualifying A;Tiamat;190311;Mesopotamian Myth - Chaos Ancients;1;233;0;459;5;;459
25/26;2025-10-02;Arena of Echoes;tournament;Clash of Imaginary Entities;1;Qualifying A;Osiris;179670;Egyptian Myth - Underworld Powers;1;195;0;412;31;;412
25/26;2025-10-02;Arena of Echoes;tournament;Clash of Imaginary Entities;1;Qualifying A;The Dagda;143101;Celtic Myth - Tuatha De Danann;1;212;0;441;10;;441
25/26;2025-10-02;Arena of Echoes;tournament;Clash of Imaginary Entities;1;Qualifying A;Cronus;174393;Greek Myth - Titans & Primordials;1;237;0;445;9;;445
25/26;2025-10-02;Arena of Echoes;tournament;Clash of Imaginary Entities;1;Qualifying A;Loki;150650;Norse Myth - Giants & Tricksters;1;192;0;419;23;;419
25/26;2025-10-02;Arena of Echoes;tournament;Clash of Imaginary Entities;1;Qualifying A;Marduk;188458;Mesopotamian Myth - Sky Kings;1;214;0;421;22;;421
25/26;2025-10-02;Arena of Echoes;tournament;Clash of Imaginary Entities;1;Qualifying A;Mahishasura;137200;Hindu Myth - Asuras;1;259;0;413;30;;413
25/26;2025-10-02;Arena of Echoes;tournament;Clash of Imaginary Entities;1;Qualifying A;Ravana;126986;Hindu Myth - Asuras;1;186;0;373;39;;373
25/26;2025-10-02;Arena of Echoes;tournament;Clash of Imaginary Entities;1;Qualifying A;Anubis;175219;Egyptian Myth - Underworld Powers;1;199;0;403;35;;403
25/26;2025-10-02;Arena of Echoes;tournament;Clash of Imaginary Entities;1;Qualifying A;Thor;151201;Norse Myth - Aesir;1;200;0;378;37;;378
25/26;2025-10-02;Arena of Echoes;tournament;Clash of Imaginary Entities;1;Qualifying A;Bastet;182554;Egyptian Myth - Solar Court;1;177;0;360;40;;360
25/26;2025-10-02;Arena of Echoes;tournament;Clash of Imaginary Entities;1;Qualifying A;Bres;112221;Celtic Myth - Fomorians;1;199;0;388;36;;388
25/26;2025-10-02;Arena of Echoes;tournament;Clash of Imaginary Entities;1;Qualifying A;Lugh;174647;Celtic Myth - Tuatha De Danann;1;209;0;418;25;;418
25/26;2025-10-02;Arena of Echoes;tournament;Clash of Imaginary Entities;1;Qualifying A;Fenrir;162230;Norse Myth - Giants & Tricksters;1;204;0;404;34;;404
25/26;2025-10-02;Arena of Echoes;tournament;Clash of Imaginary Entities;1;Qualifying A;Horus;174473;Egyptian Myth - Solar Court;1;190;0;373;38;;373
25/26;2025-10-02;Arena of Echoes;tournament;Clash of Imaginary Entities;1;Qualifying A;Athena;142739;Greek Myth - Olympians;1;221;0;433;11;;433
25/26;2025-10-02;Arena of Echoes;tournament;Clash of Imaginary Entities;1;Qualifying A;Gandalf;98265;Lord of the Rings - Free Peoples;2;236;0;666;8;;666
25/26;2025-10-02;Arena of Echoes;tournament;Clash of Imaginary Entities;1;Qualifying A;Harry Potter;52082;Harry Potter - Order of the Phoenix;2;222;0;675;6;;675
25/26;2025-10-02;Arena of Echoes;tournament;Clash of Imaginary Entities;1;Qualifying A;Guybrush Threepwood;99729;LucasArts Games - Monkey Island & Legacy;2;223;0;690;3;;690
25/26;2025-10-02;Arena of Echoes;tournament;Clash of Imaginary Entities;1;Qualifying A;Jean-Luc Picard;56338;Star Trek - Federation;2;213;0;636;18;;636
25/26;2025-10-02;Arena of Echoes;tournament;Clash of Imaginary Entities;1;Qualifying A;Illusive Man;86178;Mass Effect - Cerberus-Reapers;2;207;0;639;16;;639
25/26;2025-10-02;Arena of Echoes;tournament;Clash of Imaginary Entities;1;Qualifying A;Lord Voldemort;65247;Harry Potter - Death Eaters;2;193;0;607;34;;607
25/26;2025-10-02;Arena of Echoes;tournament;Clash of Imaginary Entities;1;Qualifying A;Roboute Guilliman;73700;Warhammer 40K - Imperium;2;198;0;684;4;;684
25/26;2025-10-02;Arena of Echoes;tournament;Clash of Imaginary Entities;1;Qualifying A;Worf;67335;Star Trek - Klingon-Romulan;2;203;0;657;9;;657
25/26;2025-10-02;Arena of Echoes;tournament;Clash of Imaginary Entities;1;Qualifying A;Luke Skywalker;91905;Star Wars - Jedi Order;2;203;0;622;27;;622
25/26;2025-10-02;Arena of Echoes;tournament;Clash of Imaginary Entities;1;Qualifying A;Mara Jade;88618;LucasArts Games - Jedi Knight Era;2;214;0;636;19;;636
25/26;2025-10-02;Arena of Echoes;tournament;Clash of Imaginary Entities;1;Qualifying A;Darth Vader;68024;Star Wars - Sith Empire;2;208;0;624;25;;624
25/26;2025-10-02;Arena of Echoes;tournament;Clash of Imaginary Entities;1;Qualifying A;Jon Snow;86781;Game of Thrones - Stark-Targaryen Alliance;2;203;0;630;21;;630
25/26;2025-10-02;Arena of Echoes;tournament;Clash of Imaginary Entities;1;Qualifying A;Cersei Lannister;95962;Game of Thrones - Lannister-Crown;2;257;0;713;1;;713
25/26;2025-10-02;Arena of Echoes;tournament;Clash of Imaginary Entities;1;Qualifying A;LeChuck;60463;LucasArts Games - Monkey Island & Legacy;2;199;0;612;31;;612
25/26;2025-10-02;Arena of Echoes;tournament;Clash of Imaginary Entities;1;Qualifying A;Emperor Palpatine;66049;Star Wars - Sith Empire;2;214;0;638;17;;638
25/26;2025-10-02;Arena of Echoes;tournament;Clash of Imaginary Entities;1;Qualifying A;Harbinger;69213;Mass Effect - Cerberus-Reapers;2;231;0;656;10;;656
25/26;2025-10-02;Arena of Echoes;tournament;Clash of Imaginary Entities;1;Qualifying A;Gowron;52847;Star Trek - Klingon-Romulan;2;217;0;650;11;;650
25/26;2025-10-02;Arena of Echoes;tournament;Clash of Imaginary Entities;1;Qualifying A;Feyd-Rautha;56698;Dune - Harkonnen-Sardaukar;2;223;0;648;12;;648
25/26;2025-10-02;Arena of Echoes;tournament;Clash of Imaginary Entities;1;Qualifying A;Obi-Wan Kenobi;57296;Star Wars - Jedi Order;2;164;0;569;36;;569
25/26;2025-10-02;Arena of Echoes;tournament;Clash of Imaginary Entities;1;Qualifying A;Paul Atreides;72298;Dune - House Atreides;2;204;0;611;32;;611
25/26;2025-10-02;Arena of Echoes;tournament;Clash of Imaginary Entities;1;Qualifying A;Indra;124470;Hindu Myth - Devas;2;209;0;678;5;;678
25/26;2025-10-02;Arena of Echoes;tournament;Clash of Imaginary Entities;1;Qualifying A;Odin;126765;Norse Myth - Aesir;2;227;0;692;2;;692
25/26;2025-10-02;Arena of Echoes;tournament;Clash of Imaginary Entities;1;Qualifying A;Zeus;139274;Greek Myth - Olympians;2;212;0;642;14;;642
25/26;2025-10-02;Arena of Echoes;tournament;Clash of Imaginary Entities;1;Qualifying A;Balor;139930;Celtic Myth - Fomorians;2;216;0;630;20;;630
25/26;2025-10-02;Arena of Echoes;tournament;Clash of Imaginary Entities;1;Qualifying A;Tiamat;190311;Mesopotamian Myth - Chaos Ancients;2;213;0;672;7;;672
25/26;2025-10-02;Arena of Echoes;tournament;Clash of Imaginary Entities;1;Qualifying A;Osiris;179670;Egyptian Myth - Underworld Powers;2;203;0;615;29;;615
25/26;2025-10-02;Arena of Echoes;tournament;Clash of Imaginary Entities;1;Qualifying A;The Dagda;143101;Celtic Myth - Tuatha De Danann;2;206;0;647;13;;647
25/26;2025-10-02;Arena of Echoes;tournament;Clash of Imaginary Entities;1;Qualifying A;Cronus;174393;Greek Myth - Titans & Primordials;2;183;0;628;24;;628
25/26;2025-10-02;Arena of Echoes;tournament;Clash of Imaginary Entities;1;Qualifying A;Loki;150650;Norse Myth - Giants & Tricksters;2;210;0;629;23;;629
25/26;2025-10-02;Arena of Echoes;tournament;Clash of Imaginary Entities;1;Qualifying A;Marduk;188458;Mesopotamian Myth - Sky Kings;2;209;0;630;22;;630
25/26;2025-10-02;Arena of Echoes;tournament;Clash of Imaginary Entities;1;Qualifying A;Mahishasura;137200;Hindu Myth - Asuras;2;197;0;610;33;;610
25/26;2025-10-02;Arena of Echoes;tournament;Clash of Imaginary Entities;1;Qualifying A;Ravana;126986;Hindu Myth - Asuras;2;173;0;546;40;;546
25/26;2025-10-02;Arena of Echoes;tournament;Clash of Imaginary Entities;1;Qualifying A;Anubis;175219;Egyptian Myth - Underworld Powers;2;215;0;618;28;;618
25/26;2025-10-02;Arena of Echoes;tournament;Clash of Imaginary Entities;1;Qualifying A;Thor;151201;Norse Myth - Aesir;2;185;0;563;37;;563
25/26;2025-10-02;Arena of Echoes;tournament;Clash of Imaginary Entities;1;Qualifying A;Bastet;182554;Egyptian Myth - Solar Court;2;194;0;554;38;;554
25/26;2025-10-02;Arena of Echoes;tournament;Clash of Imaginary Entities;1;Qualifying A;Bres;112221;Celtic Myth - Fomorians;2;200;0;588;35;;588
25/26;2025-10-02;Arena of Echoes;tournament;Clash of Imaginary Entities;1;Qualifying A;Lugh;174647;Celtic Myth - Tuatha De Danann;2;205;0;623;26;;623
25/26;2025-10-02;Arena of Echoes;tournament;Clash of Imaginary Entities;1;Qualifying A;Fenrir;162230;Norse Myth - Giants & Tricksters;2;209;0;613;30;;613
25/26;2025-10-02;Arena of Echoes;tournament;Clash of Imaginary Entities;1;Qualifying A;Horus;174473;Egyptian Myth - Solar Court;2;175;0;548;39;;548
25/26;2025-10-02;Arena of Echoes;tournament;Clash of Imaginary Entities;1;Qualifying A;Athena;142739;Greek Myth - Olympians;2;208;0;641;15;;641
25/26;2025-10-02;Arena of Echoes;tournament;Clash of Imaginary Entities;1;Qualifying A;Gandalf;98265;Lord of the Rings - Free Peoples;3;208;0;874;9;;874
25/26;2025-10-02;Arena of Echoes;tournament;Clash of Imaginary Entities;1;Qualifying A;Harry Potter;52082;Harry Potter - Order of the Phoenix;3;214;0;889;5;;889
25/26;2025-10-02;Arena of Echoes;tournament;Clash of Imaginary Entities;1;Qualifying A;Guybrush Threepwood;99729;LucasArts Games - Monkey Island & Legacy;3;223;0;913;2;;913
25/26;2025-10-02;Arena of Echoes;tournament;Clash of Imaginary Entities;1;Qualifying A;Jean-Luc Picard;56338;Star Trek - Federation;3;205;0;841;22;;841
25/26;2025-10-02;Arena of Echoes;tournament;Clash of Imaginary Entities;1;Qualifying A;Illusive Man;86178;Mass Effect - Cerberus-Reapers;3;228;0;867;14;;867
25/26;2025-10-02;Arena of Echoes;tournament;Clash of Imaginary Entities;1;Qualifying A;Lord Voldemort;65247;Harry Potter - Death Eaters;3;199;0;806;33;;806
25/26;2025-10-02;Arena of Echoes;tournament;Clash of Imaginary Entities;1;Qualifying A;Roboute Guilliman;73700;Warhammer 40K - Imperium;3;204;0;888;6;;888
25/26;2025-10-02;Arena of Echoes;tournament;Clash of Imaginary Entities;1;Qualifying A;Worf;67335;Star Trek - Klingon-Romulan;3;216;0;873;10;;873
25/26;2025-10-02;Arena of Echoes;tournament;Clash of Imaginary Entities;1;Qualifying A;Luke Skywalker;91905;Star Wars - Jedi Order;3;213;0;835;27;;835
25/26;2025-10-02;Arena of Echoes;tournament;Clash of Imaginary Entities;1;Qualifying A;Mara Jade;88618;LucasArts Games - Jedi Knight Era;3;215;0;851;19;;851
25/26;2025-10-02;Arena of Echoes;tournament;Clash of Imaginary Entities;1;Qualifying A;Darth Vader;68024;Star Wars - Sith Empire;3;211;0;835;26;;835
25/26;2025-10-02;Arena of Echoes;tournament;Clash of Imaginary Entities;1;Qualifying A;Jon Snow;86781;Game of Thrones - Stark-Targaryen Alliance;3;194;0;824;28;;824
25/26;2025-10-02;Arena of Echoes;tournament;Clash of Imaginary Entities;1;Qualifying A;Cersei Lannister;95962;Game of Thrones - Lannister-Crown;3;236;0;949;1;;949
25/26;2025-10-02;Arena of Echoes;tournament;Clash of Imaginary Entities;1;Qualifying A;LeChuck;60463;LucasArts Games - Monkey Island & Legacy;3;205;0;817;32;;817
25/26;2025-10-02;Arena of Echoes;tournament;Clash of Imaginary Entities;1;Qualifying A;Emperor Palpatine;66049;Star Wars - Sith Empire;3;214;0;852;18;;852
25/26;2025-10-02;Arena of Echoes;tournament;Clash of Imaginary Entities;1;Qualifying A;Harbinger;69213;Mass Effect - Cerberus-Reapers;3;212;0;868;13;;868
25/26;2025-10-02;Arena of Echoes;tournament;Clash of Imaginary Entities;1;Qualifying A;Gowron;52847;Star Trek - Klingon-Romulan;3;220;0;870;11;;870
25/26;2025-10-02;Arena of Echoes;tournament;Clash of Imaginary Entities;1;Qualifying A;Feyd-Rautha;56698;Dune - Harkonnen-Sardaukar;3;214;0;862;16;;862
25/26;2025-10-02;Arena of Echoes;tournament;Clash of Imaginary Entities;1;Qualifying A;Obi-Wan Kenobi;57296;Star Wars - Jedi Order;3;210;0;779;36;;779
25/26;2025-10-02;Arena of Echoes;tournament;Clash of Imaginary Entities;1;Qualifying A;Paul Atreides;72298;Dune - House Atreides;3;207;0;818;31;;818
25/26;2025-10-02;Arena of Echoes;tournament;Clash of Imaginary Entities;1;Qualifying A;Indra;124470;Hindu Myth - Devas;3;223;0;901;4;;901
25/26;2025-10-02;Arena of Echoes;tournament;Clash of Imaginary Entities;1;Qualifying A;Odin;126765;Norse Myth - Aesir;3;211;0;903;3;;903
25/26;2025-10-02;Arena of Echoes;tournament;Clash of Imaginary Entities;1;Qualifying A;Zeus;139274;Greek Myth - Olympians;3;236;0;878;8;;878
25/26;2025-10-02;Arena of Echoes;tournament;Clash of Imaginary Entities;1;Qualifying A;Balor;139930;Celtic Myth - Fomorians;3;211;0;841;21;;841
25/26;2025-10-02;Arena of Echoes;tournament;Clash of Imaginary Entities;1;Qualifying A;Tiamat;190311;Mesopotamian Myth - Chaos Ancients;3;209;0;881;7;;881
25/26;2025-10-02;Arena of Echoes;tournament;Clash of Imaginary Entities;1;Qualifying A;Osiris;179670;Egyptian Myth - Underworld Powers;3;224;0;839;23;;839
25/26;2025-10-02;Arena of Echoes;tournament;Clash of Imaginary Entities;1;Qualifying A;The Dagda;143101;Celtic Myth - Tuatha De Danann;3;201;0;848;20;;848
25/26;2025-10-02;Arena of Echoes;tournament;Clash of Imaginary Entities;1;Qualifying A;Cronus;174393;Greek Myth - Titans & Primordials;3;195;0;823;29;;823
25/26;2025-10-02;Arena of Echoes;tournament;Clash of Imaginary Entities;1;Qualifying A;Loki;150650;Norse Myth - Giants & Tricksters;3;208;0;837;25;;837
25/26;2025-10-02;Arena of Echoes;tournament;Clash of Imaginary Entities;1;Qualifying A;Marduk;188458;Mesopotamian Myth - Sky Kings;3;239;0;869;12;;869
25/26;2025-10-02;Arena of Echoes;tournament;Clash of Imaginary Entities;1;Qualifying A;Mahishasura;137200;Hindu Myth - Asuras;3;210;0;820;30;;820
25/26;2025-10-02;Arena of Echoes;tournament;Clash of Imaginary Entities;1;Qualifying A;Ravana;126986;Hindu Myth - Asuras;3;200;0;746;39;;746
25/26;2025-10-02;Arena of Echoes;tournament;Clash of Imaginary Entities;1;Qualifying A;Anubis;175219;Egyptian Myth - Underworld Powers;3;235;0;853;17;;853
25/26;2025-10-02;Arena of Echoes;tournament;Clash of Imaginary Entities;1;Qualifying A;Thor;151201;Norse Myth - Aesir;3;195;0;758;37;;758
25/26;2025-10-02;Arena of Echoes;tournament;Clash of Imaginary Entities;1;Qualifying A;Bastet;182554;Egyptian Myth - Solar Court;3;188;0;742;40;;742
25/26;2025-10-02;Arena of Echoes;tournament;Clash of Imaginary Entities;1;Qualifying A;Bres;112221;Celtic Myth - Fomorians;3;204;0;792;34;;792
25/26;2025-10-02;Arena of Echoes;tournament;Clash of Imaginary Entities;1;Qualifying A;Lugh;174647;Celtic Myth - Tuatha De Danann;3;215;0;838;24;;838
25/26;2025-10-02;Arena of Echoes;tournament;Clash of Imaginary Entities;1;Qualifying A;Fenrir;162230;Norse Myth - Giants & Tricksters;3;172;0;785;35;;785
25/26;2025-10-02;Arena of Echoes;tournament;Clash of Imaginary Entities;1;Qualifying A;Horus;174473;Egyptian Myth - Solar Court;3;208;0;756;38;;756
25/26;2025-10-02;Arena of Echoes;tournament;Clash of Imaginary Entities;1;Qualifying A;Athena;142739;Greek Myth - Olympians;3;221;0;862;15;;862
25/26;2025-10-02;Arena of Echoes;tournament;Clash of Imaginary Entities;2;Qualifying B;Gandalf;98265;Lord of the Rings - Free Peoples;0;208;0;208;20;1058;1082
25/26;2025-10-02;Arena of Echoes;tournament;Clash of Imaginary Entities;2;Qualifying B;Harry Potter;52082;Harry Potter - Order of the Phoenix;0;207;0;207;22;1058;1096
25/26;2025-10-02;Arena of Echoes;tournament;Clash of Imaginary Entities;2;Qualifying B;Guybrush Threepwood;99729;LucasArts Games - Monkey Island & Legacy;0;188;0;188;34;1058;1101
25/26;2025-10-02;Arena of Echoes;tournament;Clash of Imaginary Entities;2;Qualifying B;Jean-Luc Picard;56338;Star Trek - Federation;0;230;0;230;5;1058;1071
25/26;2025-10-02;Arena of Echoes;tournament;Clash of Imaginary Entities;2;Qualifying B;Illusive Man;86178;Mass Effect - Cerberus-Reapers;0;212;0;212;18;1058;1079
25/26;2025-10-02;Arena of Echoes;tournament;Clash of Imaginary Entities;2;Qualifying B;Lord Voldemort;65247;Harry Potter - Death Eaters;0;217;0;217;12;1058;1023
25/26;2025-10-02;Arena of Echoes;tournament;Clash of Imaginary Entities;2;Qualifying B;Roboute Guilliman;73700;Warhammer 40K - Imperium;0;231;0;231;4;1058;1119
25/26;2025-10-02;Arena of Echoes;tournament;Clash of Imaginary Entities;2;Qualifying B;Worf;67335;Star Trek - Klingon-Romulan;0;223;0;223;9;1058;1096
25/26;2025-10-02;Arena of Echoes;tournament;Clash of Imaginary Entities;2;Qualifying B;Luke Skywalker;91905;Star Wars - Jedi Order;0;225;0;225;7;1058;1060
25/26;2025-10-02;Arena of Echoes;tournament;Clash of Imaginary Entities;2;Qualifying B;Mara Jade;88618;LucasArts Games - Jedi Knight Era;0;196;0;196;30;1058;1047
25/26;2025-10-02;Arena of Echoes;tournament;Clash of Imaginary Entities;2;Qualifying B;Darth Vader;68024;Star Wars - Sith Empire;0;179;0;179;40;1058;1014
25/26;2025-10-02;Arena of Echoes;tournament;Clash of Imaginary Entities;2;Qualifying B;Jon Snow;86781;Game of Thrones - Stark-Targaryen Alliance;0;207;0;207;23;1058;1031
25/26;2025-10-02;Arena of Echoes;tournament;Clash of Imaginary Entities;2;Qualifying B;Cersei Lannister;95962;Game of Thrones - Lannister-Crown;0;220;0;220;11;1058;1169
25/26;2025-10-02;Arena of Echoes;tournament;Clash of Imaginary Entities;2;Qualifying B;LeChuck;60463;LucasArts Games - Monkey Island & Legacy;0;204;0;204;25;1058;1021
25/26;2025-10-02;Arena of Echoes;tournament;Clash of Imaginary Entities;2;Qualifying B;Emperor Palpatine;66049;Star Wars - Sith Empire;0;201;0;201;27;1058;1053
25/26;2025-10-02;Arena of Echoes;tournament;Clash of Imaginary Entities;2;Qualifying B;Harbinger;69213;Mass Effect - Cerberus-Reapers;0;213;0;213;15;1058;1081
25/26;2025-10-02;Arena of Echoes;tournament;Clash of Imaginary Entities;2;Qualifying B;Gowron;52847;Star Trek - Klingon-Romulan;0;216;0;216;13;1058;1086
25/26;2025-10-02;Arena of Echoes;tournament;Clash of Imaginary Entities;2;Qualifying B;Feyd-Rautha;56698;Dune - Harkonnen-Sardaukar;0;196;0;196;29;1058;1058
25/26;2025-10-02;Arena of Echoes;tournament;Clash of Imaginary Entities;2;Qualifying B;Obi-Wan Kenobi;57296;Star Wars - Jedi Order;0;181;0;181;37;1058;960
25/26;2025-10-02;Arena of Echoes;tournament;Clash of Imaginary Entities;2;Qualifying B;Paul Atreides;72298;Dune - House Atreides;0;204;0;204;26;1058;1022
25/26;2025-10-02;Arena of Echoes;tournament;Clash of Imaginary Entities;2;Qualifying B;Indra;124470;Hindu Myth - Devas;0;213;0;213;16;1058;1114
25/26;2025-10-02;Arena of Echoes;tournament;Clash of Imaginary Entities;2;Qualifying B;Odin;126765;Norse Myth - Aesir;0;259;0;259;1;1058;1162
25/26;2025-10-02;Arena of Echoes;tournament;Clash of Imaginary Entities;2;Qualifying B;Zeus;139274;Greek Myth - Olympians;0;221;0;221;10;1058;1099
25/26;2025-10-02;Arena of Echoes;tournament;Clash of Imaginary Entities;2;Qualifying B;Balor;139930;Celtic Myth - Fomorians;0;249;0;249;2;1058;1090
25/26;2025-10-02;Arena of Echoes;tournament;Clash of Imaginary Entities;2;Qualifying B;Tiamat;190311;Mesopotamian Myth - Chaos Ancients;0;208;0;208;21;1058;1089
25/26;2025-10-02;Arena of Echoes;tournament;Clash of Imaginary Entities;2;Qualifying B;Osiris;179670;Egyptian Myth - Underworld Powers;0;184;0;184;35;1058;1023
25/26;2025-10-02;Arena of Echoes;tournament;Clash of Imaginary Entities;2;Qualifying B;The Dagda;143101;Celtic Myth - Tuatha De Danann;0;210;0;210;19;1058;1058
25/26;2025-10-02;Arena of Echoes;tournament;Clash of Imaginary Entities;2;Qualifying B;Cronus;174393;Greek Myth - Titans & Primordials;0;223;0;223;8;1058;1046
25/26;2025-10-02;Arena of Echoes;tournament;Clash of Imaginary Entities;2;Qualifying B;Loki;150650;Norse Myth - Giants & Tricksters;0;214;0;214;14;1058;1051
25/26;2025-10-02;Arena of Echoes;tournament;Clash of Imaginary Entities;2;Qualifying B;Marduk;188458;Mesopotamian Myth - Sky Kings;0;213;0;213;17;1058;1082
25/26;2025-10-02;Arena of Echoes;tournament;Clash of Imaginary Entities;2;Qualifying B;Mahishasura;137200;Hindu Myth - Asuras;0;245;0;245;3;1058;1065
25/26;2025-10-02;Arena of Echoes;tournament;Clash of Imaginary Entities;2;Qualifying B;Ravana;126986;Hindu Myth - Asuras;0;181;0;181;38;1058;927
25/26;2025-10-02;Arena of Echoes;tournament;Clash of Imaginary Entities;2;Qualifying B;Anubis;175219;Egyptian Myth - Underworld Powers;0;180;0;180;39;1058;1033
25/26;2025-10-02;Arena of Echoes;tournament;Clash of Imaginary Entities;2;Qualifying B;Thor;151201;Norse Myth - Aesir;0;226;0;226;6;1058;984
25/26;2025-10-02;Arena of Echoes;tournament;Clash of Imaginary Entities;2;Qualifying B;Bastet;182554;Egyptian Myth - Solar Court;0;195;0;195;31;1058;937
25/26;2025-10-02;Arena of Echoes;tournament;Clash of Imaginary Entities;2;Qualifying B;Bres;112221;Celtic Myth - Fomorians;0;191;0;191;32;1058;983
25/26;2025-10-02;Arena of Echoes;tournament;Clash of Imaginary Entities;2;Qualifying B;Lugh;174647;Celtic Myth - Tuatha De Danann;0;197;0;197;28;1058;1035
25/26;2025-10-02;Arena of Echoes;tournament;Clash of Imaginary Entities;2;Qualifying B;Fenrir;162230;Norse Myth - Giants & Tricksters;0;183;0;183;36;1058;968
25/26;2025-10-02;Arena of Echoes;tournament;Clash of Imaginary Entities;2;Qualifying B;Horus;174473;Egyptian Myth - Solar Court;0;189;0;189;33;1058;945
25/26;2025-10-02;Arena of Echoes;tournament;Clash of Imaginary Entities;2;Qualifying B;Athena;142739;Greek Myth - Olympians;0;204;0;204;24;1058;1066
25/26;2025-10-02;Arena of Echoes;tournament;Clash of Imaginary Entities;2;Qualifying B;Gandalf;98265;Lord of the Rings - Free Peoples;1;200;0;408;25;1266;1282
25/26;2025-10-02;Arena of Echoes;tournament;Clash of Imaginary Entities;2;Qualifying B;Harry Potter;52082;Harry Potter - Order of the Phoenix;1;222;0;429;11;1266;1318
25/26;2025-10-02;Arena of Echoes;tournament;Clash of Imaginary Entities;2;Qualifying B;Guybrush Threepwood;99729;LucasArts Games - Monkey Island & Legacy;1;201;0;389;33;1266;1302
25/26;2025-10-02;Arena of Echoes;tournament;Clash of Imaginary Entities;2;Qualifying B;Jean-Luc Picard;56338;Star Trek - Federation;1;203;0;433;9;1266;1274
25/26;2025-10-02;Arena of Echoes;tournament;Clash of Imaginary Entities;2;Qualifying B;Illusive Man;86178;Mass Effect - Cerberus-Reapers;1;203;0;415;22;1266;1282
25/26;2025-10-02;Arena of Echoes;tournament;Clash of Imaginary Entities;2;Qualifying B;Lord Voldemort;65247;Harry Potter - Death Eaters;1;214;0;431;10;1266;1237
25/26;2025-10-02;Arena of Echoes;tournament;Clash of Imaginary Entities;2;Qualifying B;Roboute Guilliman;73700;Warhammer 40K - Imperium;1;166;0;397;29;1266;1285
25/26;2025-10-02;Arena of Echoes;tournament;Clash of Imaginary Entities;2;Qualifying B;Worf;67335;Star Trek - Klingon-Romulan;1;227;0;450;4;1266;1323
25/26;2025-10-02;Arena of Echoes;tournament;Clash of Imaginary Entities;2;Qualifying B;Luke Skywalker;91905;Star Wars - Jedi Order;1;209;0;434;8;1266;1269
25/26;2025-10-02;Arena of Echoes;tournament;Clash of Imaginary Entities;2;Qualifying B;Mara Jade;88618;LucasArts Games - Jedi Knight Era;1;190;0;386;36;1266;1237
25/26;2025-10-02;Arena of Echoes;tournament;Clash of Imaginary Entities;2;Qualifying B;Darth Vader;68024;Star Wars - Sith Empire;1;230;0;409;24;1266;1244
25/26;2025-10-02;Arena of Echoes;tournament;Clash of Imaginary Entities;2;Qualifying B;Jon Snow;86781;Game of Thrones - Stark-Targaryen Alliance;1;206;0;413;23;1266;1237
25/26;2025-10-02;Arena of Echoes;tournament;Clash of Imaginary Entities;2;Qualifying B;Cersei Lannister;95962;Game of Thrones - Lannister-Crown;1;225;0;445;6;1266;1394
25/26;2025-10-02;Arena of Echoes;tournament;Clash of Imaginary Entities;2;Qualifying B;LeChuck;60463;LucasArts Games - Monkey Island & Legacy;1;215;0;419;18;1266;1236
25/26;2025-10-02;Arena of Echoes;tournament;Clash of Imaginary Entities;2;Qualifying B;Emperor Palpatine;66049;Star Wars - Sith Empire;1;216;0;417;20;1266;1269
25/26;2025-10-02;Arena of Echoes;tournament;Clash of Imaginary Entities;2;Qualifying B;Harbinger;69213;Mass Effect - Cerberus-Reapers;1;207;0;420;16;1266;1288
25/26;2025-10-02;Arena of Echoes;tournament;Clash of Imaginary Entities;2;Qualifying B;Gowron;52847;Star Trek - Klingon-Romulan;1;210;0;426;12;1266;1296
25/26;2025-10-02;Arena of Echoes;tournament;Clash of Imaginary Entities;2;Qualifying B;Feyd-Rautha;56698;Dune - Harkonnen-Sardaukar;1;197;0;393;32;1266;1255
25/26;2025-10-02;Arena of Echoes;tournament;Clash of Imaginary Entities;2;Qualifying B;Obi-Wan Kenobi;57296;Star Wars - Jedi Order;1;217;0;398;28;1266;1177
25/26;2025-10-02;Arena of Echoes;tournament;Clash of Imaginary Entities;2;Qualifying B;Paul Atreides;72298;Dune - House Atreides;1;195;0;399;27;1266;1217
25/26;2025-10-02;Arena of Echoes;tournament;Clash of Imaginary Entities;2;Qualifying B;Indra;124470;Hindu Myth - Devas;1;235;0;448;5;1266;1349
25/26;2025-10-02;Arena of Echoes;tournament;Clash of Imaginary Entities;2;Qualifying B;Odin;126765;Norse Myth - Aesir;1;232;0;491;2;1266;1394
25/26;2025-10-02;Arena of Echoes;tournament;Clash of Imaginary Entities;2;Qualifying B;Zeus;139274;Greek Myth - Olympians;1;199;0;420;17;1266;1298
25/26;2025-10-02;Arena of Echoes;tournament;Clash of Imaginary Entities;2;Qualifying B;Balor;139930;Celtic Myth - Fomorians;1;227;0;476;3;1266;1317
25/26;2025-10-02;Arena of Echoes;tournament;Clash of Imaginary Entities;2;Qualifying B;Tiamat;190311;Mesopotamian Myth - Chaos Ancients;1;208;0;416;21;1266;1297
25/26;2025-10-02;Arena of Echoes;tournament;Clash of Imaginary Entities;2;Qualifying B;Osiris;179670;Egyptian Myth - Underworld Powers;1;212;0;396;30;1266;1235
25/26;2025-10-02;Arena of Echoes;tournament;Clash of Imaginary Entities;2;Qualifying B;The Dagda;143101;Celtic Myth - Tuatha De Danann;1;208;0;418;19;1266;1266
25/26;2025-10-02;Arena of Echoes;tournament;Clash of Imaginary Entities;2;Qualifying B;Cronus;174393;Greek Myth - Titans & Primordials;1;198;0;421;15;1266;1244
25/26;2025-10-02;Arena of Echoes;tournament;Clash of Imaginary Entities;2;Qualifying B;Loki;150650;Norse Myth - Giants & Tricksters;1;212;0;426;13;1266;1263
25/26;2025-10-02;Arena of Echoes;tournament;Clash of Imaginary Entities;2;Qualifying B;Marduk;188458;Mesopotamian Myth - Sky Kings;1;222;0;435;7;1266;1304
25/26;2025-10-02;Arena of Echoes;tournament;Clash of Imaginary Entities;2;Qualifying B;Mahishasura;137200;Hindu Myth - Asuras;1;256;0;501;1;1266;1321
25/26;2025-10-02;Arena of Echoes;tournament;Clash of Imaginary Entities;2;Qualifying B;Ravana;126986;Hindu Myth - Asuras;1;206;0;387;34;1266;1133
25/26;2025-10-02;Arena of Echoes;tournament;Clash of Imaginary Entities;2;Qualifying B;Anubis;175219;Egyptian Myth - Underworld Powers;1;200;0;380;37;1266;1233
25/26;2025-10-02;Arena of Echoes;tournament;Clash of Imaginary Entities;2;Qualifying B;Thor;151201;Norse Myth - Aesir;1;198;0;424;14;1266;1182
25/26;2025-10-02;Arena of Echoes;tournament;Clash of Imaginary Entities;2;Qualifying B;Bastet;182554;Egyptian Myth - Solar Court;1;212;0;407;26;1266;1149
25/26;2025-10-02;Arena of Echoes;tournament;Clash of Imaginary Entities;2;Qualifying B;Bres;112221;Celtic Myth - Fomorians;1;202;0;393;31;1266;1185
25/26;2025-10-02;Arena of Echoes;tournament;Clash of Imaginary Entities;2;Qualifying B;Lugh;174647;Celtic Myth - Tuatha De Danann;1;164;0;361;39;1266;1199
25/26;2025-10-02;Arena of Echoes;tournament;Clash of Imaginary Entities;2;Qualifying B;Fenrir;162230;Norse Myth - Giants & Tricksters;1;180;0;363;38;1266;1148
25/26;2025-10-02;Arena of Echoes;tournament;Clash of Imaginary Entities;2;Qualifying B;Horus;174473;Egyptian Myth - Solar Court;1;158;0;347;40;1266;1103
25/26;2025-10-02;Arena of Echoes;tournament;Clash of Imaginary Entities;2;Qualifying B;Athena;142739;Greek Myth - Olympians;1;182;0;386;35;1266;1248
25/26;2025-10-02;Arena of Echoes;tournament;Clash of Imaginary Entities;2;Qualifying B;Gandalf;98265;Lord of the Rings - Free Peoples;2;207;0;615;25;1465;1489
25/26;2025-10-02;Arena of Echoes;tournament;Clash of Imaginary Entities;2;Qualifying B;Harry Potter;52082;Harry Potter - Order of the Phoenix;2;211;0;640;11;1465;1529
25/26;2025-10-02;Arena of Echoes;tournament;Clash of Imaginary Entities;2;Qualifying B;Guybrush Threepwood;99729;LucasArts Games - Monkey Island & Legacy;2;191;0;580;35;1465;1493
25/26;2025-10-02;Arena of Echoes;tournament;Clash of Imaginary Entities;2;Qualifying B;Jean-Luc Picard;56338;Star Trek - Federation;2;202;0;635;13;1465;1476
25/26;2025-10-02;Arena of Echoes;tournament;Clash of Imaginary Entities;2;Qualifying B;Illusive Man;86178;Mass Effect - Cerberus-Reapers;2;197;0;612;26;1465;1479
25/26;2025-10-02;Arena of Echoes;tournament;Clash of Imaginary Entities;2;Qualifying B;Lord Voldemort;65247;Harry Potter - Death Eaters;2;198;0;629;14;1465;1435
25/26;2025-10-02;Arena of Echoes;tournament;Clash of Imaginary Entities;2;Qualifying B;Roboute Guilliman;73700;Warhammer 40K - Imperium;2;177;0;574;36;1465;1462
25/26;2025-10-02;Arena of Echoes;tournament;Clash of Imaginary Entities;2;Qualifying B;Worf;67335;Star Trek - Klingon-Romulan;2;219;0;669;5;1465;1542
25/26;2025-10-02;Arena of Echoes;tournament;Clash of Imaginary Entities;2;Qualifying B;Luke Skywalker;91905;Star Wars - Jedi Order;2;213;0;647;7;1465;1482
25/26;2025-10-02;Arena of Echoes;tournament;Clash of Imaginary Entities;2;Qualifying B;Mara Jade;88618;LucasArts Games - Jedi Knight Era;2;211;0;597;31;1465;1448
25/26;2025-10-02;Arena of Echoes;tournament;Clash of Imaginary Entities;2;Qualifying B;Darth Vader;68024;Star Wars - Sith Empire;2;207;0;616;22;1465;1451
25/26;2025-10-02;Arena of Echoes;tournament;Clash of Imaginary Entities;2;Qualifying B;Jon Snow;86781;Game of Thrones - Stark-Targaryen Alliance;2;203;0;616;23;1465;1440
25/26;2025-10-02;Arena of Echoes;tournament;Clash of Imaginary Entities;2;Qualifying B;Cersei Lannister;95962;Game of Thrones - Lannister-Crown;2;227;0;672;4;1465;1621
25/26;2025-10-02;Arena of Echoes;tournament;Clash of Imaginary Entities;2;Qualifying B;LeChuck;60463;LucasArts Games - Monkey Island & Legacy;2;204;0;623;18;1465;1440
25/26;2025-10-02;Arena of Echoes;tournament;Clash of Imaginary Entities;2;Qualifying B;Emperor Palpatine;66049;Star Wars - Sith Empire;2;194;0;611;27;1465;1463
25/26;2025-10-02;Arena of Echoes;tournament;Clash of Imaginary Entities;2;Qualifying B;Harbinger;69213;Mass Effect - Cerberus-Reapers;2;221;0;641;10;1465;1509
25/26;2025-10-02;Arena of Echoes;tournament;Clash of Imaginary Entities;2;Qualifying B;Gowron;52847;Star Trek - Klingon-Romulan;2;201;0;627;16;1465;1497
25/26;2025-10-02;Arena of Echoes;tournament;Clash of Imaginary Entities;2;Qualifying B;Feyd-Rautha;56698;Dune - Harkonnen-Sardaukar;2;197;0;590;33;1465;1452
25/26;2025-10-02;Arena of Echoes;tournament;Clash of Imaginary Entities;2;Qualifying B;Obi-Wan Kenobi;57296;Star Wars - Jedi Order;2;183;0;581;34;1465;1360
25/26;2025-10-02;Arena of Echoes;tournament;Clash of Imaginary Entities;2;Qualifying B;Paul Atreides;72298;Dune - House Atreides;2;200;0;599;30;1465;1417
25/26;2025-10-02;Arena of Echoes;tournament;Clash of Imaginary Entities;2;Qualifying B;Indra;124470;Hindu Myth - Devas;2;211;0;659;6;1465;1560
25/26;2025-10-02;Arena of Echoes;tournament;Clash of Imaginary Entities;2;Qualifying B;Odin;126765;Norse Myth - Aesir;2;245;0;736;2;1465;1639
25/26;2025-10-02;Arena of Echoes;tournament;Clash of Imaginary Entities;2;Qualifying B;Zeus;139274;Greek Myth - Olympians;2;205;0;625;17;1465;1503
25/26;2025-10-02;Arena of Echoes;tournament;Clash of Imaginary Entities;2;Qualifying B;Balor;139930;Celtic Myth - Fomorians;2;226;0;702;3;1465;1543
25/26;2025-10-02;Arena of Echoes;tournament;Clash of Imaginary Entities;2;Qualifying B;Tiamat;190311;Mesopotamian Myth - Chaos Ancients;2;200;0;616;24;1465;1497
25/26;2025-10-02;Arena of Echoes;tournament;Clash of Imaginary Entities;2;Qualifying B;Osiris;179670;Egyptian Myth - Underworld Powers;2;227;0;623;19;1465;1462
25/26;2025-10-02;Arena of Echoes;tournament;Clash of Imaginary Entities;2;Qualifying B;The Dagda;143101;Celtic Myth - Tuatha De Danann;2;218;0;636;12;1465;1484
25/26;2025-10-02;Arena of Echoes;tournament;Clash of Imaginary Entities;2;Qualifying B;Cronus;174393;Greek Myth - Titans & Primordials;2;221;0;642;9;1465;1465
25/26;2025-10-02;Arena of Echoes;tournament;Clash of Imaginary Entities;2;Qualifying B;Loki;150650;Norse Myth - Giants & Tricksters;2;202;0;628;15;1465;1465
25/26;2025-10-02;Arena of Echoes;tournament;Clash of Imaginary Entities;2;Qualifying B;Marduk;188458;Mesopotamian Myth - Sky Kings;2;210;0;645;8;1465;1514
25/26;2025-10-02;Arena of Echoes;tournament;Clash of Imaginary Entities;2;Qualifying B;Mahishasura;137200;Hindu Myth - Asuras;2;259;0;760;1;1465;1580
25/26;2025-10-02;Arena of Echoes;tournament;Clash of Imaginary Entities;2;Qualifying B;Ravana;126986;Hindu Myth - Asuras;2;216;0;603;28;1465;1349
25/26;2025-10-02;Arena of Echoes;tournament;Clash of Imaginary Entities;2;Qualifying B;Anubis;175219;Egyptian Myth - Underworld Powers;2;192;0;572;37;1465;1425
25/26;2025-10-02;Arena of Echoes;tournament;Clash of Imaginary Entities;2;Qualifying B;Thor;151201;Norse Myth - Aesir;2;198;0;622;20;1465;1380
25/26;2025-10-02;Arena of Echoes;tournament;Clash of Imaginary Entities;2;Qualifying B;Bastet;182554;Egyptian Myth - Solar Court;2;214;0;621;21;1465;1363
25/26;2025-10-02;Arena of Echoes;tournament;Clash of Imaginary Entities;2;Qualifying B;Bres;112221;Celtic Myth - Fomorians;2;209;0;602;29;1465;1394
25/26;2025-10-02;Arena of Echoes;tournament;Clash of Imaginary Entities;2;Qualifying B;Lugh;174647;Celtic Myth - Tuatha De Danann;2;186;0;547;38;1465;1385
25/26;2025-10-02;Arena of Echoes;tournament;Clash of Imaginary Entities;2;Qualifying B;Fenrir;162230;Norse Myth - Giants & Tricksters;2;171;0;534;39;1465;1319
25/26;2025-10-02;Arena of Echoes;tournament;Clash of Imaginary Entities;2;Qualifying B;Horus;174473;Egyptian Myth - Solar Court;2;185;0;532;40;1465;1288
25/26;2025-10-02;Arena of Echoes;tournament;Clash of Imaginary Entities;2;Qualifying B;Athena;142739;Greek Myth - Olympians;2;206;0;592;32;1465;1454
25/26;2025-10-02;Arena of Echoes;tournament;Clash of Imaginary Entities;2;Qualifying B;Gandalf;98265;Lord of the Rings - Free Peoples;3;210;0;825;23;1687;1699
25/26;2025-10-02;Arena of Echoes;tournament;Clash of Imaginary Entities;2;Qualifying B;Harry Potter;52082;Harry Potter - Order of the Phoenix;3;215;0;855;8;1687;1744
25/26;2025-10-02;Arena of Echoes;tournament;Clash of Imaginary Entities;2;Qualifying B;Guybrush Threepwood;99729;LucasArts Games - Monkey Island & Legacy;3;194;0;774;36;1687;1687
25/26;2025-10-02;Arena of Echoes;tournament;Clash of Imaginary Entities;2;Qualifying B;Jean-Luc Picard;56338;Star Trek - Federation;3;216;0;851;12;1687;1692
25/26;2025-10-02;Arena of Echoes;tournament;Clash of Imaginary Entities;2;Qualifying B;Illusive Man;86178;Mass Effect - Cerberus-Reapers;3;219;0;831;22;1687;1698
25/26;2025-10-02;Arena of Echoes;tournament;Clash of Imaginary Entities;2;Qualifying B;Lord Voldemort;65247;Harry Potter - Death Eaters;3;204;0;833;20;1687;1639
25/26;2025-10-02;Arena of Echoes;tournament;Clash of Imaginary Entities;2;Qualifying B;Roboute Guilliman;73700;Warhammer 40K - Imperium;3;218;0;792;33;1687;1680
25/26;2025-10-02;Arena of Echoes;tournament;Clash of Imaginary Entities;2;Qualifying B;Worf;67335;Star Trek - Klingon-Romulan;3;209;0;878;6;1687;1751
25/26;2025-10-02;Arena of Echoes;tournament;Clash of Imaginary Entities;2;Qualifying B;Luke Skywalker;91905;Star Wars - Jedi Order;3;234;0;881;5;1687;1716
25/26;2025-10-02;Arena of Echoes;tournament;Clash of Imaginary Entities;2;Qualifying B;Mara Jade;88618;LucasArts Games - Jedi Knight Era;3;222;0;819;25;1687;1670
25/26;2025-10-02;Arena of Echoes;tournament;Clash of Imaginary Entities;2;Qualifying B;Darth Vader;68024;Star Wars - Sith Empire;3;205;0;821;24;1687;1656
25/26;2025-10-02;Arena of Echoes;tournament;Clash of Imaginary Entities;2;Qualifying B;Jon Snow;86781;Game of Thrones - Stark-Targaryen Alliance;3;216;0;832;21;1687;1656
25/26;2025-10-02;Arena of Echoes;tournament;Clash of Imaginary Entities;2;Qualifying B;Cersei Lannister;95962;Game of Thrones - Lannister-Crown;3;244;0;916;4;1687;1865
25/26;2025-10-02;Arena of Echoes;tournament;Clash of Imaginary Entities;2;Qualifying B;LeChuck;60463;LucasArts Games - Monkey Island & Legacy;3;215;0;838;19;1687;1655
25/26;2025-10-02;Arena of Echoes;tournament;Clash of Imaginary Entities;2;Qualifying B;Emperor Palpatine;66049;Star Wars - Sith Empire;3;203;0;814;28;1687;1666
25/26;2025-10-02;Arena of Echoes;tournament;Clash of Imaginary Entities;2;Qualifying B;Harbinger;69213;Mass Effect - Cerberus-Reapers;3;202;0;843;16;1687;1711
25/26;2025-10-02;Arena of Echoes;tournament;Clash of Imaginary Entities;2;Qualifying B;Gowron;52847;Star Trek - Klingon-Romulan;3;214;0;841;18;1687;1711
25/26;2025-10-02;Arena of Echoes;tournament;Clash of Imaginary Entities;2;Qualifying B;Feyd-Rautha;56698;Dune - Harkonnen-Sardaukar;3;213;0;803;31;1687;1665
25/26;2025-10-02;Arena of Echoes;tournament;Clash of Imaginary Entities;2;Qualifying B;Obi-Wan Kenobi;57296;Star Wars - Jedi Order;3;195;0;776;34;1687;1555
25/26;2025-10-02;Arena of Echoes;tournament;Clash of Imaginary Entities;2;Qualifying B;Paul Atreides;72298;Dune - House Atreides;3;208;0;807;29;1687;1625
25/26;2025-10-02;Arena of Echoes;tournament;Clash of Imaginary Entities;2;Qualifying B;Indra;124470;Hindu Myth - Devas;3;189;0;848;14;1687;1749
25/26;2025-10-02;Arena of Echoes;tournament;Clash of Imaginary Entities;2;Qualifying B;Odin;126765;Norse Myth - Aesir;3;241;0;977;2;1687;1880
25/26;2025-10-02;Arena of Echoes;tournament;Clash of Imaginary Entities;2;Qualifying B;Zeus;139274;Greek Myth - Olympians;3;227;0;852;11;1687;1730
25/26;2025-10-02;Arena of Echoes;tournament;Clash of Imaginary Entities;2;Qualifying B;Balor;139930;Celtic Myth - Fomorians;3;228;0;930;3;1687;1771
25/26;2025-10-02;Arena of Echoes;tournament;Clash of Imaginary Entities;2;Qualifying B;Tiamat;190311;Mesopotamian Myth - Chaos Ancients;3;234;0;850;13;1687;1731
25/26;2025-10-02;Arena of Echoes;tournament;Clash of Imaginary Entities;2;Qualifying B;Osiris;179670;Egyptian Myth - Underworld Powers;3;194;0;817;26;1687;1656
25/26;2025-10-02;Arena of Echoes;tournament;Clash of Imaginary Entities;2;Qualifying B;The Dagda;143101;Celtic Myth - Tuatha De Danann;3;218;0;854;9;1687;1702
25/26;2025-10-02;Arena of Echoes;tournament;Clash of Imaginary Entities;2;Qualifying B;Cronus;174393;Greek Myth - Titans & Primordials;3;232;0;874;7;1687;1697
25/26;2025-10-02;Arena of Echoes;tournament;Clash of Imaginary Entities;2;Qualifying B;Loki;150650;Norse Myth - Giants & Tricksters;3;224;0;852;10;1687;1689
25/26;2025-10-02;Arena of Echoes;tournament;Clash of Imaginary Entities;2;Qualifying B;Marduk;188458;Mesopotamian Myth - Sky Kings;3;200;0;845;15;1687;1714
25/26;2025-10-02;Arena of Echoes;tournament;Clash of Imaginary Entities;2;Qualifying B;Mahishasura;137200;Hindu Myth - Asuras;3;242;0;1002;1;1687;1822
25/26;2025-10-02;Arena of Echoes;tournament;Clash of Imaginary Entities;2;Qualifying B;Ravana;126986;Hindu Myth - Asuras;3;240;0;843;17;1687;1589
25/26;2025-10-02;Arena of Echoes;tournament;Clash of Imaginary Entities;2;Qualifying B;Anubis;175219;Egyptian Myth - Underworld Powers;3;197;0;769;37;1687;1622
25/26;2025-10-02;Arena of Echoes;tournament;Clash of Imaginary Entities;2;Qualifying B;Thor;151201;Norse Myth - Aesir;3;194;0;816;27;1687;1574
25/26;2025-10-02;Arena of Echoes;tournament;Clash of Imaginary Entities;2;Qualifying B;Bastet;182554;Egyptian Myth - Solar Court;3;185;0;806;30;1687;1548
25/26;2025-10-02;Arena of Echoes;tournament;Clash of Imaginary Entities;2;Qualifying B;Bres;112221;Celtic Myth - Fomorians;3;196;0;798;32;1687;1590
25/26;2025-10-02;Arena of Echoes;tournament;Clash of Imaginary Entities;2;Qualifying B;Lugh;174647;Celtic Myth - Tuatha De Danann;3;184;0;731;38;1687;1569
25/26;2025-10-02;Arena of Echoes;tournament;Clash of Imaginary Entities;2;Qualifying B;Fenrir;162230;Norse Myth - Giants & Tricksters;3;186;0;720;39;1687;1505
25/26;2025-10-02;Arena of Echoes;tournament;Clash of Imaginary Entities;2;Qualifying B;Horus;174473;Egyptian Myth - Solar Court;3;184;0;716;40;1687;1472
25/26;2025-10-02;Arena of Echoes;tournament;Clash of Imaginary Entities;2;Qualifying B;Athena;142739;Greek Myth - Olympians;3;183;0;775;35;1687;1637
25/26;2025-10-03;Arena of Echoes;tournament;Clash of Imaginary Entities;3;Positioning;Odin;126765;Norse Myth - Aesir;0;204;0;204;14;1969;2084
25/26;2025-10-03;Arena of Echoes;tournament;Clash of Imaginary Entities;3;Positioning;Cersei Lannister;95962;Game of Thrones - Lannister-Crown;0;204;0;204;13;1969;2069
25/26;2025-10-03;Arena of Echoes;tournament;Clash of Imaginary Entities;3;Positioning;Mahishasura;137200;Hindu Myth - Asuras;0;199;0;199;16;1969;2021
25/26;2025-10-03;Arena of Echoes;tournament;Clash of Imaginary Entities;3;Positioning;Balor;139930;Celtic Myth - Fomorians;0;198;0;198;17;1969;1969
25/26;2025-10-03;Arena of Echoes;tournament;Clash of Imaginary Entities;3;Positioning;Worf;67335;Star Trek - Klingon-Romulan;0;212;0;212;7;1969;1963
25/26;2025-10-03;Arena of Echoes;tournament;Clash of Imaginary Entities;3;Positioning;Indra;124470;Hindu Myth - Devas;0;157;0;157;20;1969;1906
25/26;2025-10-03;Arena of Echoes;tournament;Clash of Imaginary Entities;3;Positioning;Harry Potter;52082;Harry Potter - Order of the Phoenix;0;228;0;228;2;1969;1972
25/26;2025-10-03;Arena of Echoes;tournament;Clash of Imaginary Entities;3;Positioning;Tiamat;190311;Mesopotamian Myth - Chaos Ancients;0;207;0;207;12;1969;1938
25/26;2025-10-03;Arena of Echoes;tournament;Clash of Imaginary Entities;3;Positioning;Zeus;139274;Greek Myth - Olympians;0;225;0;225;3;1969;1955
25/26;2025-10-03;Arena of Echoes;tournament;Clash of Imaginary Entities;3;Positioning;Luke Skywalker;91905;Star Wars - Jedi Order;0;241;0;241;1;1969;1957
25/26;2025-10-03;Arena of Echoes;tournament;Clash of Imaginary Entities;3;Positioning;Marduk;188458;Mesopotamian Myth - Sky Kings;0;176;0;176;19;1969;1890
25/26;2025-10-03;Arena of Echoes;tournament;Clash of Imaginary Entities;3;Positioning;Gowron;52847;Star Trek - Klingon-Romulan;0;208;0;208;10;1969;1919
25/26;2025-10-03;Arena of Echoes;tournament;Clash of Imaginary Entities;3;Positioning;Harbinger;69213;Mass Effect - Cerberus-Reapers;0;213;0;213;5;1969;1924
25/26;2025-10-03;Arena of Echoes;tournament;Clash of Imaginary Entities;3;Positioning;The Dagda;143101;Celtic Myth - Tuatha De Danann;0;208;0;208;11;1969;1910
25/26;2025-10-03;Arena of Echoes;tournament;Clash of Imaginary Entities;3;Positioning;Gandalf;98265;Lord of the Rings - Free Peoples;0;203;0;203;15;1969;1902
25/26;2025-10-03;Arena of Echoes;tournament;Clash of Imaginary Entities;3;Positioning;Illusive Man;86178;Mass Effect - Cerberus-Reapers;0;210;0;210;8;1969;1908
25/26;2025-10-03;Arena of Echoes;tournament;Clash of Imaginary Entities;3;Positioning;Cronus;174393;Greek Myth - Titans & Primordials;0;186;0;186;18;1969;1883
25/26;2025-10-03;Arena of Echoes;tournament;Clash of Imaginary Entities;3;Positioning;Jean-Luc Picard;56338;Star Trek - Federation;0;213;0;213;6;1969;1905
25/26;2025-10-03;Arena of Echoes;tournament;Clash of Imaginary Entities;3;Positioning;Loki;150650;Norse Myth - Giants & Tricksters;0;209;0;209;9;1969;1898
25/26;2025-10-03;Arena of Echoes;tournament;Clash of Imaginary Entities;3;Positioning;Guybrush Threepwood;99729;LucasArts Games - Monkey Island & Legacy;0;223;0;223;4;1969;1910
25/26;2025-10-03;Arena of Echoes;tournament;Clash of Imaginary Entities;3;Positioning;Odin;126765;Norse Myth - Aesir;1;208;0;412;14;2175;2292
25/26;2025-10-03;Arena of Echoes;tournament;Clash of Imaginary Entities;3;Positioning;Cersei Lannister;95962;Game of Thrones - Lannister-Crown;1;215;0;419;9;2175;2284
25/26;2025-10-03;Arena of Echoes;tournament;Clash of Imaginary Entities;3;Positioning;Mahishasura;137200;Hindu Myth - Asuras;1;213;0;412;13;2175;2234
25/26;2025-10-03;Arena of Echoes;tournament;Clash of Imaginary Entities;3;Positioning;Balor;139930;Celtic Myth - Fomorians;1;206;0;404;17;2175;2175
25/26;2025-10-03;Arena of Echoes;tournament;Clash of Imaginary Entities;3;Positioning;Worf;67335;Star Trek - Klingon-Romulan;1;205;0;417;10;2175;2168
25/26;2025-10-03;Arena of Echoes;tournament;Clash of Imaginary Entities;3;Positioning;Indra;124470;Hindu Myth - Devas;1;198;0;355;19;2175;2104
25/26;2025-10-03;Arena of Echoes;tournament;Clash of Imaginary Entities;3;Positioning;Harry Potter;52082;Harry Potter - Order of the Phoenix;1;247;0;475;1;2175;2219
25/26;2025-10-03;Arena of Echoes;tournament;Clash of Imaginary Entities;3;Positioning;Tiamat;190311;Mesopotamian Myth - Chaos Ancients;1;216;0;423;8;2175;2154
25/26;2025-10-03;Arena of Echoes;tournament;Clash of Imaginary Entities;3;Positioning;Zeus;139274;Greek Myth - Olympians;1;186;0;411;15;2175;2141
25/26;2025-10-03;Arena of Echoes;tournament;Clash of Imaginary Entities;3;Positioning;Luke Skywalker;91905;Star Wars - Jedi Order;1;204;0;445;4;2175;2161
25/26;2025-10-03;Arena of Echoes;tournament;Clash of Imaginary Entities;3;Positioning;Marduk;188458;Mesopotamian Myth - Sky Kings;1;179;0;355;20;2175;2069
25/26;2025-10-03;Arena of Echoes;tournament;Clash of Imaginary Entities;3;Positioning;Gowron;52847;Star Trek - Klingon-Romulan;1;215;0;423;7;2175;2134
25/26;2025-10-03;Arena of Echoes;tournament;Clash of Imaginary Entities;3;Positioning;Harbinger;69213;Mass Effect - Cerberus-Reapers;1;200;0;413;11;2175;2124
25/26;2025-10-03;Arena of Echoes;tournament;Clash of Imaginary Entities;3;Positioning;The Dagda;143101;Celtic Myth - Tuatha De Danann;1;205;0;413;12;2175;2115
25/26;2025-10-03;Arena of Echoes;tournament;Clash of Imaginary Entities;3;Positioning;Gandalf;98265;Lord of the Rings - Free Peoples;1;220;0;423;6;2175;2122
25/26;2025-10-03;Arena of Echoes;tournament;Clash of Imaginary Entities;3;Positioning;Illusive Man;86178;Mass Effect - Cerberus-Reapers;1;237;0;447;3;2175;2145
25/26;2025-10-03;Arena of Echoes;tournament;Clash of Imaginary Entities;3;Positioning;Cronus;174393;Greek Myth - Titans & Primordials;1;223;0;409;16;2175;2106
25/26;2025-10-03;Arena of Echoes;tournament;Clash of Imaginary Entities;3;Positioning;Jean-Luc Picard;56338;Star Trek - Federation;1;224;0;437;5;2175;2129
25/26;2025-10-03;Arena of Echoes;tournament;Clash of Imaginary Entities;3;Positioning;Loki;150650;Norse Myth - Giants & Tricksters;1;185;0;394;18;2175;2083
25/26;2025-10-03;Arena of Echoes;tournament;Clash of Imaginary Entities;3;Positioning;Guybrush Threepwood;99729;LucasArts Games - Monkey Island & Legacy;1;231;0;454;2;2175;2141
25/26;2025-10-03;Arena of Echoes;tournament;Clash of Imaginary Entities;3;Positioning;Odin;126765;Norse Myth - Aesir;2;237;0;649;6;2408;2529
25/26;2025-10-03;Arena of Echoes;tournament;Clash of Imaginary Entities;3;Positioning;Cersei Lannister;95962;Game of Thrones - Lannister-Crown;2;215;0;634;12;2408;2499
25/26;2025-10-03;Arena of Echoes;tournament;Clash of Imaginary Entities;3;Positioning;Mahishasura;137200;Hindu Myth - Asuras;2;188;0;600;18;2408;2422
25/26;2025-10-03;Arena of Echoes;tournament;Clash of Imaginary Entities;3;Positioning;Balor;139930;Celtic Myth - Fomorians;2;229;0;633;13;2408;2404
25/26;2025-10-03;Arena of Echoes;tournament;Clash of Imaginary Entities;3;Positioning;Worf;67335;Star Trek - Klingon-Romulan;2;204;0;621;17;2408;2372
25/26;2025-10-03;Arena of Echoes;tournament;Clash of Imaginary Entities;3;Positioning;Indra;124470;Hindu Myth - Devas;2;188;0;543;19;2408;2292
25/26;2025-10-03;Arena of Echoes;tournament;Clash of Imaginary Entities;3;Positioning;Harry Potter;52082;Harry Potter - Order of the Phoenix;2;206;0;681;2;2408;2425
25/26;2025-10-03;Arena of Echoes;tournament;Clash of Imaginary Entities;3;Positioning;Tiamat;190311;Mesopotamian Myth - Chaos Ancients;2;212;0;635;11;2408;2366
25/26;2025-10-03;Arena of Echoes;tournament;Clash of Imaginary Entities;3;Positioning;Zeus;139274;Greek Myth - Olympians;2;220;0;631;14;2408;2361
25/26;2025-10-03;Arena of Echoes;tournament;Clash of Imaginary Entities;3;Positioning;Luke Skywalker;91905;Star Wars - Jedi Order;2;247;0;692;1;2408;2408
25/26;2025-10-03;Arena of Echoes;tournament;Clash of Imaginary Entities;3;Positioning;Marduk;188458;Mesopotamian Myth - Sky Kings;2;185;0;540;20;2408;2254
25/26;2025-10-03;Arena of Echoes;tournament;Clash of Imaginary Entities;3;Positioning;Gowron;52847;Star Trek - Klingon-Romulan;2;218;0;641;10;2408;2352
25/26;2025-10-03;Arena of Echoes;tournament;Clash of Imaginary Entities;3;Positioning;Harbinger;69213;Mass Effect - Cerberus-Reapers;2;214;0;627;15;2408;2338
25/26;2025-10-03;Arena of Echoes;tournament;Clash of Imaginary Entities;3;Positioning;The Dagda;143101;Celtic Myth - Tuatha De Danann;2;229;0;642;9;2408;2344
25/26;2025-10-03;Arena of Echoes;tournament;Clash of Imaginary Entities;3;Positioning;Gandalf;98265;Lord of the Rings - Free Peoples;2;220;0;643;8;2408;2342
25/26;2025-10-03;Arena of Echoes;tournament;Clash of Imaginary Entities;3;Positioning;Illusive Man;86178;Mass Effect - Cerberus-Reapers;2;228;0;675;3;2408;2373
25/26;2025-10-03;Arena of Echoes;tournament;Clash of Imaginary Entities;3;Positioning;Cronus;174393;Greek Myth - Titans & Primordials;2;241;0;650;5;2408;2347
25/26;2025-10-03;Arena of Echoes;tournament;Clash of Imaginary Entities;3;Positioning;Jean-Luc Picard;56338;Star Trek - Federation;2;208;0;645;7;2408;2337
25/26;2025-10-03;Arena of Echoes;tournament;Clash of Imaginary Entities;3;Positioning;Loki;150650;Norse Myth - Giants & Tricksters;2;227;0;621;16;2408;2310
25/26;2025-10-03;Arena of Echoes;tournament;Clash of Imaginary Entities;3;Positioning;Guybrush Threepwood;99729;LucasArts Games - Monkey Island & Legacy;2;214;0;668;4;2408;2355
25/26;2025-10-03;Arena of Echoes;tournament;Clash of Imaginary Entities;3;Positioning;Odin;126765;Norse Myth - Aesir;3;204;0;853;10;2612;2733
25/26;2025-10-03;Arena of Echoes;tournament;Clash of Imaginary Entities;3;Positioning;Cersei Lannister;95962;Game of Thrones - Lannister-Crown;3;213;0;847;12;2612;2712
25/26;2025-10-03;Arena of Echoes;tournament;Clash of Imaginary Entities;3;Positioning;Mahishasura;137200;Hindu Myth - Asuras;3;188;0;788;18;2612;2610
25/26;2025-10-03;Arena of Echoes;tournament;Clash of Imaginary Entities;3;Positioning;Balor;139930;Celtic Myth - Fomorians;3;208;0;841;13;2612;2612
25/26;2025-10-03;Arena of Echoes;tournament;Clash of Imaginary Entities;3;Positioning;Worf;67335;Star Trek - Klingon-Romulan;3;197;0;818;17;2612;2569
25/26;2025-10-03;Arena of Echoes;tournament;Clash of Imaginary Entities;3;Positioning;Indra;124470;Hindu Myth - Devas;3;192;0;735;20;2612;2484
25/26;2025-10-03;Arena of Echoes;tournament;Clash of Imaginary Entities;3;Positioning;Harry Potter;52082;Harry Potter - Order of the Phoenix;3;207;0;888;4;2612;2632
25/26;2025-10-03;Arena of Echoes;tournament;Clash of Imaginary Entities;3;Positioning;Tiamat;190311;Mesopotamian Myth - Chaos Ancients;3;223;0;858;6;2612;2589
25/26;2025-10-03;Arena of Echoes;tournament;Clash of Imaginary Entities;3;Positioning;Zeus;139274;Greek Myth - Olympians;3;196;0;827;16;2612;2557
25/26;2025-10-03;Arena of Echoes;tournament;Clash of Imaginary Entities;3;Positioning;Luke Skywalker;91905;Star Wars - Jedi Order;3;231;0;923;1;2612;2639
25/26;2025-10-03;Arena of Echoes;tournament;Clash of Imaginary Entities;3;Positioning;Marduk;188458;Mesopotamian Myth - Sky Kings;3;232;0;772;19;2612;2486
25/26;2025-10-03;Arena of Echoes;tournament;Clash of Imaginary Entities;3;Positioning;Gowron;52847;Star Trek - Klingon-Romulan;3;198;0;839;14;2612;2550
25/26;2025-10-03;Arena of Echoes;tournament;Clash of Imaginary Entities;3;Positioning;Harbinger;69213;Mass Effect - Cerberus-Reapers;3;202;0;829;15;2612;2540
25/26;2025-10-03;Arena of Echoes;tournament;Clash of Imaginary Entities;3;Positioning;The Dagda;143101;Celtic Myth - Tuatha De Danann;3;212;0;854;9;2612;2556
25/26;2025-10-03;Arena of Echoes;tournament;Clash of Imaginary Entities;3;Positioning;Gandalf;98265;Lord of the Rings - Free Peoples;3;226;0;869;5;2612;2568
25/26;2025-10-03;Arena of Echoes;tournament;Clash of Imaginary Entities;3;Positioning;Illusive Man;86178;Mass Effect - Cerberus-Reapers;3;224;0;899;3;2612;2597
25/26;2025-10-03;Arena of Echoes;tournament;Clash of Imaginary Entities;3;Positioning;Cronus;174393;Greek Myth - Titans & Primordials;3;207;0;857;7;2612;2554
25/26;2025-10-03;Arena of Echoes;tournament;Clash of Imaginary Entities;3;Positioning;Jean-Luc Picard;56338;Star Trek - Federation;3;210;0;855;8;2612;2547
25/26;2025-10-03;Arena of Echoes;tournament;Clash of Imaginary Entities;3;Positioning;Loki;150650;Norse Myth - Giants & Tricksters;3;229;0;850;11;2612;2539
25/26;2025-10-03;Arena of Echoes;tournament;Clash of Imaginary Entities;3;Positioning;Guybrush Threepwood;99729;LucasArts Games - Monkey Island & Legacy;3;251;0;919;2;2612;2606
25/26;2025-10-03;Arena of Echoes;tournament;Clash of Imaginary Entities;4;Elimination;Odin;126765;Norse Myth - Aesir;0;204;0;204;4;;2937
25/26;2025-10-03;Arena of Echoes;tournament;Clash of Imaginary Entities;4;Elimination;Cersei Lannister;95962;Game of Thrones - Lannister-Crown;0;218;0;218;1;;2930
25/26;2025-10-03;Arena of Echoes;tournament;Clash of Imaginary Entities;4;Elimination;Luke Skywalker;91905;Star Wars - Jedi Order;0;195;0;195;5;;2834
25/26;2025-10-03;Arena of Echoes;tournament;Clash of Imaginary Entities;4;Elimination;Harry Potter;52082;Harry Potter - Order of the Phoenix;0;215;0;215;3;;2847
25/26;2025-10-03;Arena of Echoes;tournament;Clash of Imaginary Entities;4;Elimination;Balor;139930;Celtic Myth - Fomorians;0;215;0;215;2;;2827
25/26;2025-10-03;Arena of Echoes;tournament;Clash of Imaginary Entities;4;Elimination;Cersei Lannister;95962;Game of Thrones - Lannister-Crown;1;222;0;440;1;;3152
25/26;2025-10-03;Arena of Echoes;tournament;Clash of Imaginary Entities;4;Elimination;Harry Potter;52082;Harry Potter - Order of the Phoenix;1;190;0;405;4;;3037
25/26;2025-10-03;Arena of Echoes;tournament;Clash of Imaginary Entities;4;Elimination;Balor;139930;Celtic Myth - Fomorians;1;211;0;426;2;;3038
25/26;2025-10-03;Arena of Echoes;tournament;Clash of Imaginary Entities;4;Elimination;Odin;126765;Norse Myth - Aesir;1;219;0;423;3;;3156
25/26;2025-10-03;Arena of Echoes;tournament;Clash of Imaginary Entities;4;Elimination;Cersei Lannister;95962;Game of Thrones - Lannister-Crown;2;223;0;663;1;;3375
25/26;2025-10-03;Arena of Echoes;tournament;Clash of Imaginary Entities;4;Elimination;Odin;126765;Norse Myth - Aesir;2;197;0;620;3;;3353
25/26;2025-10-03;Arena of Echoes;tournament;Clash of Imaginary Entities;4;Elimination;Balor;139930;Celtic Myth - Fomorians;2;202;0;628;2;;3240
25/26;2025-10-03;Arena of Echoes;tournament;Clash of Imaginary Entities;4;Elimination;Cersei Lannister;95962;Game of Thrones - Lannister-Crown;3;204;0;867;1;;3579
25/26;2025-10-03;Arena of Echoes;tournament;Clash of Imaginary Entities;4;Elimination;Balor;139930;Celtic Myth - Fomorians;3;214;0;842;2;;3454
26/27;2026-10-02;Arena of Echoes;tournament;Clash of Imaginary Entities;1;Qualifying A;Harry Potter;52082;Harry Potter - Order of the Phoenix;0;181;0;181;35;;181
26/27;2026-10-02;Arena of Echoes;tournament;Clash of Imaginary Entities;1;Qualifying A;Maleficent;74911;Disney Characters - Disney Villains;0;181;0;181;38;;181
26/27;2026-10-02;Arena of Echoes;tournament;Clash of Imaginary Entities;1;Qualifying A;Mickey Mouse;68965;Disney Characters - Disney Heroes;0;185;0;185;34;;185
26/27;2026-10-02;Arena of Echoes;tournament;Clash of Imaginary Entities;1;Qualifying A;Worf;67335;Star Trek - Klingon-Romulan;0;213;0;213;11;;213
26/27;2026-10-02;Arena of Echoes;tournament;Clash of Imaginary Entities;1;Qualifying A;Darth Vader;68024;Star Wars - Sith Empire;0;199;0;199;25;;199
26/27;2026-10-02;Arena of Echoes;tournament;Clash of Imaginary Entities;1;Qualifying A;Luke Skywalker;91905;Star Wars - Jedi Order;0;194;0;194;29;;194
26/27;2026-10-02;Arena of Echoes;tournament;Clash of Imaginary Entities;1;Qualifying A;Paul Atreides;72298;Dune - House Atreides;0;206;0;206;22;;206
26/27;2026-10-02;Arena of Echoes;tournament;Clash of Imaginary Entities;1;Qualifying A;Lord Voldemort;65247;Harry Potter - Death Eaters;0;211;0;211;14;;211
26/27;2026-10-02;Arena of Echoes;tournament;Clash of Imaginary Entities;1;Qualifying A;Jean-Luc Picard;56338;Star Trek - Federation;0;208;0;208;19;;208
26/27;2026-10-02;Arena of Echoes;tournament;Clash of Imaginary Entities;1;Qualifying A;Abaddon the Despoiler;54558;Warhammer 40K - Chaos;0;207;0;207;21;;207
26/27;2026-10-02;Arena of Echoes;tournament;Clash of Imaginary Entities;1;Qualifying A;Commander Shepard;85142;Mass Effect - Alliance Crew;0;210;0;210;15;;210
26/27;2026-10-02;Arena of Echoes;tournament;Clash of Imaginary Entities;1;Qualifying A;Feyd-Rautha;56698;Dune - Harkonnen-Sardaukar;0;209;0;209;17;;209
26/27;2026-10-02;Arena of Echoes;tournament;Clash of Imaginary Entities;1;Qualifying A;Emperor Palpatine;66049;Star Wars - Sith Empire;0;221;0;221;6;;221
26/27;2026-10-02;Arena of Echoes;tournament;Clash of Imaginary Entities;1;Qualifying A;Illusive Man;86178;Mass Effect - Cerberus-Reapers;0;211;0;211;13;;211
26/27;2026-10-02;Arena of Echoes;tournament;Clash of Imaginary Entities;1;Qualifying A;Gandalf;98265;Lord of the Rings - Free Peoples;0;224;0;224;5;;224
26/27;2026-10-02;Arena of Echoes;tournament;Clash of Imaginary Entities;1;Qualifying A;Kyle Katarn;79439;LucasArts Games - Jedi Knight Era;0;198;0;198;27;;198
26/27;2026-10-02;Arena of Echoes;tournament;Clash of Imaginary Entities;1;Qualifying A;Cersei Lannister;95962;Game of Thrones - Lannister-Crown;0;240;0;240;1;;240
26/27;2026-10-02;Arena of Echoes;tournament;Clash of Imaginary Entities;1;Qualifying A;Roboute Guilliman;73700;Warhammer 40K - Imperium;0;199;0;199;26;;199
26/27;2026-10-02;Arena of Echoes;tournament;Clash of Imaginary Entities;1;Qualifying A;Sauron;85741;Lord of the Rings - Forces of Mordor;0;221;0;221;7;;221
26/27;2026-10-02;Arena of Echoes;tournament;Clash of Imaginary Entities;1;Qualifying A;Harbinger;69213;Mass Effect - Cerberus-Reapers;0;226;0;226;3;;226
26/27;2026-10-02;Arena of Echoes;tournament;Clash of Imaginary Entities;1;Qualifying A;Zeus;139274;Greek Myth - Olympians;0;217;0;217;8;;217
26/27;2026-10-02;Arena of Echoes;tournament;Clash of Imaginary Entities;1;Qualifying A;Indra;124470;Hindu Myth - Devas;0;215;0;215;9;;215
26/27;2026-10-02;Arena of Echoes;tournament;Clash of Imaginary Entities;1;Qualifying A;The Dagda;143101;Celtic Myth - Tuatha De Danann;0;206;0;206;23;;206
26/27;2026-10-02;Arena of Echoes;tournament;Clash of Imaginary Entities;1;Qualifying A;Loki;150650;Norse Myth - Giants & Tricksters;0;187;0;187;32;;187
26/27;2026-10-02;Arena of Echoes;tournament;Clash of Imaginary Entities;1;Qualifying A;Odin;126765;Norse Myth - Aesir;0;212;0;212;12;;212
26/27;2026-10-02;Arena of Echoes;tournament;Clash of Imaginary Entities;1;Qualifying A;Mahishasura;137200;Hindu Myth - Asuras;0;213;0;213;10;;213
26/27;2026-10-02;Arena of Echoes;tournament;Clash of Imaginary Entities;1;Qualifying A;Marduk;188458;Mesopotamian Myth - Sky Kings;0;193;0;193;30;;193
26/27;2026-10-02;Arena of Echoes;tournament;Clash of Imaginary Entities;1;Qualifying A;Cronus;174393;Greek Myth - Titans & Primordials;0;227;0;227;2;;227
26/27;2026-10-02;Arena of Echoes;tournament;Clash of Imaginary Entities;1;Qualifying A;Tiamat;190311;Mesopotamian Myth - Chaos Ancients;0;226;0;226;4;;226
26/27;2026-10-02;Arena of Echoes;tournament;Clash of Imaginary Entities;1;Qualifying A;Osiris;179670;Egyptian Myth - Underworld Powers;0;208;0;208;20;;208
26/27;2026-10-02;Arena of Echoes;tournament;Clash of Imaginary Entities;1;Qualifying A;Balor;139930;Celtic Myth - Fomorians;0;209;0;209;16;;209
26/27;2026-10-02;Arena of Echoes;tournament;Clash of Imaginary Entities;1;Qualifying A;Rhea;104221;Greek Myth - Titans & Primordials;0;176;0;176;40;;176
26/27;2026-10-02;Arena of Echoes;tournament;Clash of Imaginary Entities;1;Qualifying A;Anubis;175219;Egyptian Myth - Underworld Powers;0;208;0;208;18;;208
26/27;2026-10-02;Arena of Echoes;tournament;Clash of Imaginary Entities;1;Qualifying A;Thor;151201;Norse Myth - Aesir;0;180;0;180;39;;180
26/27;2026-10-02;Arena of Echoes;tournament;Clash of Imaginary Entities;1;Qualifying A;Ishtar;172470;Mesopotamian Myth - Sky Kings;0;181;0;181;37;;181
26/27;2026-10-02;Arena of Echoes;tournament;Clash of Imaginary Entities;1;Qualifying A;Hiranyakashipu;130544;Hindu Myth - Asuras;0;181;0;181;36;;181
26/27;2026-10-02;Arena of Echoes;tournament;Clash of Imaginary Entities;1;Qualifying A;Ravana;126986;Hindu Myth - Asuras;0;202;0;202;24;;202
26/27;2026-10-02;Arena of Echoes;tournament;Clash of Imaginary Entities;1;Qualifying A;Shamash;123283;Mesopotamian Myth - Sky Kings;0;190;0;190;31;;190
26/27;2026-10-02;Arena of Echoes;tournament;Clash of Imaginary Entities;1;Qualifying A;Lugh;174647;Celtic Myth - Tuatha De Danann;0;194;0;194;28;;194
26/27;2026-10-02;Arena of Echoes;tournament;Clash of Imaginary Entities;1;Qualifying A;Athena;142739;Greek Myth - Olympians;0;186;0;186;33;;186
26/27;2026-10-02;Arena of Echoes;tournament;Clash of Imaginary Entities;1;Qualifying A;Harry Potter;52082;Harry Potter - Order of the Phoenix;1;216;0;397;29;;397
26/27;2026-10-02;Arena of Echoes;tournament;Clash of Imaginary Entities;1;Qualifying A;Maleficent;74911;Disney Characters - Disney Villains;1;175;0;356;40;;356
26/27;2026-10-02;Arena of Echoes;tournament;Clash of Imaginary Entities;1;Qualifying A;Mickey Mouse;68965;Disney Characters - Disney Heroes;1;185;0;370;37;;370
26/27;2026-10-02;Arena of Echoes;tournament;Clash of Imaginary Entities;1;Qualifying A;Worf;67335;Star Trek - Klingon-Romulan;1;216;0;429;7;;429
26/27;2026-10-02;Arena of Echoes;tournament;Clash of Imaginary Entities;1;Qualifying A;Darth Vader;68024;Star Wars - Sith Empire;1;223;0;422;16;;422
26/27;2026-10-02;Arena of Echoes;tournament;Clash of Imaginary Entities;1;Qualifying A;Luke Skywalker;91905;Star Wars - Jedi Order;1;193;0;387;33;;387
26/27;2026-10-02;Arena of Echoes;tournament;Clash of Imaginary Entities;1;Qualifying A;Paul Atreides;72298;Dune - House Atreides;1;221;0;427;9;;427
26/27;2026-10-02;Arena of Echoes;tournament;Clash of Imaginary Entities;1;Qualifying A;Lord Voldemort;65247;Harry Potter - Death Eaters;1;202;0;413;22;;413
26/27;2026-10-02;Arena of Echoes;tournament;Clash of Imaginary Entities;1;Qualifying A;Jean-Luc Picard;56338;Star Trek - Federation;1;208;0;416;18;;416
26/27;2026-10-02;Arena of Echoes;tournament;Clash of Imaginary Entities;1;Qualifying A;Abaddon the Despoiler;54558;Warhammer 40K - Chaos;1;217;0;424;12;;424
26/27;2026-10-02;Arena of Echoes;tournament;Clash of Imaginary Entities;1;Qualifying A;Commander Shepard;85142;Mass Effect - Alliance Crew;1;205;0;415;19;;415
26/27;2026-10-02;Arena of Echoes;tournament;Clash of Imaginary Entities;1;Qualifying A;Feyd-Rautha;56698;Dune - Harkonnen-Sardaukar;1;206;0;415;20;;415
26/27;2026-10-02;Arena of Echoes;tournament;Clash of Imaginary Entities;1;Qualifying A;Emperor Palpatine;66049;Star Wars - Sith Empire;1;215;0;436;5;;436
26/27;2026-10-02;Arena of Echoes;tournament;Clash of Imaginary Entities;1;Qualifying A;Illusive Man;86178;Mass Effect - Cerberus-Reapers;1;212;0;423;14;;423
26/27;2026-10-02;Arena of Echoes;tournament;Clash of Imaginary Entities;1;Qualifying A;Gandalf;98265;Lord of the Rings - Free Peoples;1;236;0;460;1;;460
26/27;2026-10-02;Arena of Echoes;tournament;Clash of Imaginary Entities;1;Qualifying A;Kyle Katarn;79439;LucasArts Games - Jedi Knight Era;1;215;0;413;21;;413
26/27;2026-10-02;Arena of Echoes;tournament;Clash of Imaginary Entities;1;Qualifying A;Cersei Lannister;95962;Game of Thrones - Lannister-Crown;1;219;0;459;3;;459
26/27;2026-10-02;Arena of Echoes;tournament;Clash of Imaginary Entities;1;Qualifying A;Roboute Guilliman;73700;Warhammer 40K - Imperium;1;205;0;404;27;;404
26/27;2026-10-02;Arena of Echoes;tournament;Clash of Imaginary Entities;1;Qualifying A;Sauron;85741;Lord of the Rings - Forces of Mordor;1;192;0;413;23;;413
26/27;2026-10-02;Arena of Echoes;tournament;Clash of Imaginary Entities;1;Qualifying A;Harbinger;69213;Mass Effect - Cerberus-Reapers;1;234;0;460;2;;460
26/27;2026-10-02;Arena of Echoes;tournament;Clash of Imaginary Entities;1;Qualifying A;Zeus;139274;Greek Myth - Olympians;1;224;0;441;4;;441
26/27;2026-10-02;Arena of Echoes;tournament;Clash of Imaginary Entities;1;Qualifying A;Indra;124470;Hindu Myth - Devas;1;209;0;424;13;;424
26/27;2026-10-02;Arena of Echoes;tournament;Clash of Imaginary Entities;1;Qualifying A;The Dagda;143101;Celtic Myth - Tuatha De Danann;1;217;0;423;15;;423
26/27;2026-10-02;Arena of Echoes;tournament;Clash of Imaginary Entities;1;Qualifying A;Loki;150650;Norse Myth - Giants & Tricksters;1;190;0;377;34;;377
26/27;2026-10-02;Arena of Echoes;tournament;Clash of Imaginary Entities;1;Qualifying A;Odin;126765;Norse Myth - Aesir;1;214;0;426;10;;426
26/27;2026-10-02;Arena of Echoes;tournament;Clash of Imaginary Entities;1;Qualifying A;Mahishasura;137200;Hindu Myth - Asuras;1;212;0;425;11;;425
26/27;2026-10-02;Arena of Echoes;tournament;Clash of Imaginary Entities;1;Qualifying A;Marduk;188458;Mesopotamian Myth - Sky Kings;1;217;0;410;25;;410
26/27;2026-10-02;Arena of Echoes;tournament;Clash of Imaginary Entities;1;Qualifying A;Cronus;174393;Greek Myth - Titans & Primordials;1;201;0;428;8;;428
26/27;2026-10-02;Arena of Echoes;tournament;Clash of Imaginary Entities;1;Qualifying A;Tiamat;190311;Mesopotamian Myth - Chaos Ancients;1;207;0;433;6;;433
26/27;2026-10-02;Arena of Echoes;tournament;Clash of Imaginary Entities;1;Qualifying A;Osiris;179670;Egyptian Myth - Underworld Powers;1;214;0;422;17;;422
26/27;2026-10-02;Arena of Echoes;tournament;Clash of Imaginary Entities;1;Qualifying A;Balor;139930;Celtic Myth - Fomorians;1;198;0;407;26;;407
26/27;2026-10-02;Arena of Echoes;tournament;Clash of Imaginary Entities;1;Qualifying A;Rhea;104221;Greek Myth - Titans & Primordials;1;186;0;362;39;;362
26/27;2026-10-02;Arena of Echoes;tournament;Clash of Imaginary Entities;1;Qualifying A;Anubis;175219;Egyptian Myth - Underworld Powers;1;204;0;412;24;;412
26/27;2026-10-02;Arena of Echoes;tournament;Clash of Imaginary Entities;1;Qualifying A;Thor;151201;Norse Myth - Aesir;1;208;0;388;32;;388
26/27;2026-10-02;Arena of Echoes;tournament;Clash of Imaginary Entities;1;Qualifying A;Ishtar;172470;Mesopotamian Myth - Sky Kings;1;194;0;375;35;;375
26/27;2026-10-02;Arena of Echoes;tournament;Clash of Imaginary Entities;1;Qualifying A;Hiranyakashipu;130544;Hindu Myth - Asuras;1;191;0;372;36;;372
26/27;2026-10-02;Arena of Echoes;tournament;Clash of Imaginary Entities;1;Qualifying A;Ravana;126986;Hindu Myth - Asuras;1;197;0;399;28;;399
26/27;2026-10-02;Arena of Echoes;tournament;Clash of Imaginary Entities;1;Qualifying A;Shamash;123283;Mesopotamian Myth - Sky Kings;1;204;0;394;30;;394
26/27;2026-10-02;Arena of Echoes;tournament;Clash of Imaginary Entities;1;Qualifying A;Lugh;174647;Celtic Myth - Tuatha De Danann;1;194;0;388;31;;388
26/27;2026-10-02;Arena of Echoes;tournament;Clash of Imaginary Entities;1;Qualifying A;Athena;142739;Greek Myth - Olympians;1;177;0;363;38;;363
26/27;2026-10-02;Arena of Echoes;tournament;Clash of Imaginary Entities;1;Qualifying A;Harry Potter;52082;Harry Potter - Order of the Phoenix;2;225;0;622;21;;622
26/27;2026-10-02;Arena of Echoes;tournament;Clash of Imaginary Entities;1;Qualifying A;Maleficent;74911;Disney Characters - Disney Villains;2;183;0;539;40;;539
26/27;2026-10-02;Arena of Echoes;tournament;Clash of Imaginary Entities;1;Qualifying A;Mickey Mouse;68965;Disney Characters - Disney Heroes;2;244;0;614;25;;614
26/27;2026-10-02;Arena of Echoes;tournament;Clash of Imaginary Entities;1;Qualifying A;Worf;67335;Star Trek - Klingon-Romulan;2;216;0;645;8;;645
26/27;2026-10-02;Arena of Echoes;tournament;Clash of Imaginary Entities;1;Qualifying A;Darth Vader;68024;Star Wars - Sith Empire;2;196;0;618;23;;618
26/27;2026-10-02;Arena of Echoes;tournament;Clash of Imaginary Entities;1;Qualifying A;Luke Skywalker;91905;Star Wars - Jedi Order;2;218;0;605;29;;605
26/27;2026-10-02;Arena of Echoes;tournament;Clash of Imaginary Entities;1;Qualifying A;Paul Atreides;72298;Dune - House Atreides;2;209;0;636;15;;636
26/27;2026-10-02;Arena of Echoes;tournament;Clash of Imaginary Entities;1;Qualifying A;Lord Voldemort;65247;Harry Potter - Death Eaters;2;224;0;637;14;;637
26/27;2026-10-02;Arena of Echoes;tournament;Clash of Imaginary Entities;1;Qualifying A;Jean-Luc Picard;56338;Star Trek - Federation;2;204;0;620;22;;620
26/27;2026-10-02;Arena of Echoes;tournament;Clash of Imaginary Entities;1;Qualifying A;Abaddon the Despoiler;54558;Warhammer 40K - Chaos;2;235;0;659;6;;659
26/27;2026-10-02;Arena of Echoes;tournament;Clash of Imaginary Entities;1;Qualifying A;Commander Shepard;85142;Mass Effect - Alliance Crew;2;192;0;607;28;;607
26/27;2026-10-02;Arena of Echoes;tournament;Clash of Imaginary Entities;1;Qualifying A;Feyd-Rautha;56698;Dune - Harkonnen-Sardaukar;2;217;0;632;17;;632
26/27;2026-10-02;Arena of Echoes;tournament;Clash of Imaginary Entities;1;Qualifying A;Emperor Palpatine;66049;Star Wars - Sith Empire;2;206;0;642;9;;642
26/27;2026-10-02;Arena of Echoes;tournament;Clash of Imaginary Entities;1;Qualifying A;Illusive Man;86178;Mass Effect - Cerberus-Reapers;2;218;0;641;11;;641
26/27;2026-10-02;Arena of Echoes;tournament;Clash of Imaginary Entities;1;Qualifying A;Gandalf;98265;Lord of the Rings - Free Peoples;2;210;0;670;2;;670
26/27;2026-10-02;Arena of Echoes;tournament;Clash of Imaginary Entities;1;Qualifying A;Kyle Katarn;79439;LucasArts Games - Jedi Knight Era;2;219;0;632;18;;632
26/27;2026-10-02;Arena of Echoes;tournament;Clash of Imaginary Entities;1;Qualifying A;Cersei Lannister;95962;Game of Thrones - Lannister-Crown;2;202;0;661;5;;661
26/27;2026-10-02;Arena of Echoes;tournament;Clash of Imaginary Entities;1;Qualifying A;Roboute Guilliman;73700;Warhammer 40K - Imperium;2;238;0;642;10;;642
26/27;2026-10-02;Arena of Echoes;tournament;Clash of Imaginary Entities;1;Qualifying A;Sauron;85741;Lord of the Rings - Forces of Mordor;2;184;0;597;32;;597
26/27;2026-10-02;Arena of Echoes;tournament;Clash of Imaginary Entities;1;Qualifying A;Harbinger;69213;Mass Effect - Cerberus-Reapers;2;199;0;659;7;;659
26/27;2026-10-02;Arena of Echoes;tournament;Clash of Imaginary Entities;1;Qualifying A;Zeus;139274;Greek Myth - Olympians;2;231;0;672;1;;672
26/27;2026-10-02;Arena of Echoes;tournament;Clash of Imaginary Entities;1;Qualifying A;Indra;124470;Hindu Myth - Devas;2;209;0;633;16;;633
26/27;2026-10-02;Arena of Echoes;tournament;Clash of Imaginary Entities;1;Qualifying A;The Dagda;143101;Celtic Myth - Tuatha De Danann;2;201;0;624;20;;624
26/27;2026-10-02;Arena of Echoes;tournament;Clash of Imaginary Entities;1;Qualifying A;Loki;150650;Norse Myth - Giants & Tricksters;2;226;0;603;30;;603
26/27;2026-10-02;Arena of Echoes;tournament;Clash of Imaginary Entities;1;Qualifying A;Odin;126765;Norse Myth - Aesir;2;237;0;663;3;;663
26/27;2026-10-02;Arena of Echoes;tournament;Clash of Imaginary Entities;1;Qualifying A;Mahishasura;137200;Hindu Myth - Asuras;2;203;0;628;19;;628
26/27;2026-10-02;Arena of Echoes;tournament;Clash of Imaginary Entities;1;Qualifying A;Marduk;188458;Mesopotamian Myth - Sky Kings;2;231;0;641;12;;641
26/27;2026-10-02;Arena of Echoes;tournament;Clash of Imaginary Entities;1;Qualifying A;Cronus;174393;Greek Myth - Titans & Primordials;2;212;0;640;13;;640
26/27;2026-10-02;Arena of Echoes;tournament;Clash of Imaginary Entities;1;Qualifying A;Tiamat;190311;Mesopotamian Myth - Chaos Ancients;2;230;0;663;4;;663
26/27;2026-10-02;Arena of Echoes;tournament;Clash of Imaginary Entities;1;Qualifying A;Osiris;179670;Egyptian Myth - Underworld Powers;2;195;0;617;24;;617
26/27;2026-10-02;Arena of Echoes;tournament;Clash of Imaginary Entities;1;Qualifying A;Balor;139930;Celtic Myth - Fomorians;2;205;0;612;26;;612
26/27;2026-10-02;Arena of Echoes;tournament;Clash of Imaginary Entities;1;Qualifying A;Rhea;104221;Greek Myth - Titans & Primordials;2;184;0;546;39;;546
26/27;2026-10-02;Arena of Echoes;tournament;Clash of Imaginary Entities;1;Qualifying A;Anubis;175219;Egyptian Myth - Underworld Powers;2;195;0;607;27;;607
26/27;2026-10-02;Arena of Echoes;tournament;Clash of Imaginary Entities;1;Qualifying A;Thor;151201;Norse Myth - Aesir;2;201;0;589;34;;589
26/27;2026-10-02;Arena of Echoes;tournament;Clash of Imaginary Entities;1;Qualifying A;Ishtar;172470;Mesopotamian Myth - Sky Kings;2;200;0;575;36;;575
26/27;2026-10-02;Arena of Echoes;tournament;Clash of Imaginary Entities;1;Qualifying A;Hiranyakashipu;130544;Hindu Myth - Asuras;2;188;0;560;38;;560
26/27;2026-10-02;Arena of Echoes;tournament;Clash of Imaginary Entities;1;Qualifying A;Ravana;126986;Hindu Myth - Asuras;2;195;0;594;33;;594
26/27;2026-10-02;Arena of Echoes;tournament;Clash of Imaginary Entities;1;Qualifying A;Shamash;123283;Mesopotamian Myth - Sky Kings;2;183;0;577;35;;577
26/27;2026-10-02;Arena of Echoes;tournament;Clash of Imaginary Entities;1;Qualifying A;Lugh;174647;Celtic Myth - Tuatha De Danann;2;212;0;600;31;;600
26/27;2026-10-02;Arena of Echoes;tournament;Clash of Imaginary Entities;1;Qualifying A;Athena;142739;Greek Myth - Olympians;2;200;0;563;37;;563
26/27;2026-10-02;Arena of Echoes;tournament;Clash of Imaginary Entities;1;Qualifying A;Harry Potter;52082;Harry Potter - Order of the Phoenix;3;207;0;829;22;;829
26/27;2026-10-02;Arena of Echoes;tournament;Clash of Imaginary Entities;1;Qualifying A;Maleficent;74911;Disney Characters - Disney Villains;3;192;0;731;40;;731
26/27;2026-10-02;Arena of Echoes;tournament;Clash of Imaginary Entities;1;Qualifying A;Mickey Mouse;68965;Disney Characters - Disney Heroes;3;206;0;820;25;;820
26/27;2026-10-02;Arena of Echoes;tournament;Clash of Imaginary Entities;1;Qualifying A;Worf;67335;Star Trek - Klingon-Romulan;3;217;0;862;10;;862
26/27;2026-10-02;Arena of Echoes;tournament;Clash of Imaginary Entities;1;Qualifying A;Darth Vader;68024;Star Wars - Sith Empire;3;217;0;835;18;;835
26/27;2026-10-02;Arena of Echoes;tournament;Clash of Imaginary Entities;1;Qualifying A;Luke Skywalker;91905;Star Wars - Jedi Order;3;189;0;794;32;;794
26/27;2026-10-02;Arena of Echoes;tournament;Clash of Imaginary Entities;1;Qualifying A;Paul Atreides;72298;Dune - House Atreides;3;217;0;853;13;;853
26/27;2026-10-02;Arena of Echoes;tournament;Clash of Imaginary Entities;1;Qualifying A;Lord Voldemort;65247;Harry Potter - Death Eaters;3;201;0;838;17;;838
26/27;2026-10-02;Arena of Echoes;tournament;Clash of Imaginary Entities;1;Qualifying A;Jean-Luc Picard;56338;Star Trek - Federation;3;206;0;826;23;;826
26/27;2026-10-02;Arena of Echoes;tournament;Clash of Imaginary Entities;1;Qualifying A;Abaddon the Despoiler;54558;Warhammer 40K - Chaos;3;196;0;855;12;;855
26/27;2026-10-02;Arena of Echoes;tournament;Clash of Imaginary Entities;1;Qualifying A;Commander Shepard;85142;Mass Effect - Alliance Crew;3;203;0;810;26;;810
26/27;2026-10-02;Arena of Echoes;tournament;Clash of Imaginary Entities;1;Qualifying A;Feyd-Rautha;56698;Dune - Harkonnen-Sardaukar;3;212;0;844;16;;844
26/27;2026-10-02;Arena of Echoes;tournament;Clash of Imaginary Entities;1;Qualifying A;Emperor Palpatine;66049;Star Wars - Sith Empire;3;232;0;874;6;;874
26/27;2026-10-02;Arena of Echoes;tournament;Clash of Imaginary Entities;1;Qualifying A;Illusive Man;86178;Mass Effect - Cerberus-Reapers;3;222;0;863;9;;863
26/27;2026-10-02;Arena of Echoes;tournament;Clash of Imaginary Entities;1;Qualifying A;Gandalf;98265;Lord of the Rings - Free Peoples;3;213;0;883;4;;883
26/27;2026-10-02;Arena of Echoes;tournament;Clash of Imaginary Entities;1;Qualifying A;Kyle Katarn;79439;LucasArts Games - Jedi Knight Era;3;194;0;826;24;;826
26/27;2026-10-02;Arena of Echoes;tournament;Clash of Imaginary Entities;1;Qualifying A;Cersei Lannister;95962;Game of Thrones - Lannister-Crown;3;242;0;903;1;;903
26/27;2026-10-02;Arena of Echoes;tournament;Clash of Imaginary Entities;1;Qualifying A;Roboute Guilliman;73700;Warhammer 40K - Imperium;3;154;0;796;29;;796
26/27;2026-10-02;Arena of Echoes;tournament;Clash of Imaginary Entities;1;Qualifying A;Sauron;85741;Lord of the Rings - Forces of Mordor;3;201;0;798;28;;798
26/27;2026-10-02;Arena of Echoes;tournament;Clash of Imaginary Entities;1;Qualifying A;Harbinger;69213;Mass Effect - Cerberus-Reapers;3;225;0;884;3;;884
26/27;2026-10-02;Arena of Echoes;tournament;Clash of Imaginary Entities;1;Qualifying A;Zeus;139274;Greek Myth - Olympians;3;219;0;891;2;;891
26/27;2026-10-02;Arena of Echoes;tournament;Clash of Imaginary Entities;1;Qualifying A;Indra;124470;Hindu Myth - Devas;3;223;0;856;11;;856
26/27;2026-10-02;Arena of Echoes;tournament;Clash of Imaginary Entities;1;Qualifying A;The Dagda;143101;Celtic Myth - Tuatha De Danann;3;211;0;835;19;;835
26/27;2026-10-02;Arena of Echoes;tournament;Clash of Imaginary Entities;1;Qualifying A;Loki;150650;Norse Myth - Giants & Tricksters;3;201;0;804;27;;804
26/27;2026-10-02;Arena of Echoes;tournament;Clash of Imaginary Entities;1;Qualifying A;Odin;126765;Norse Myth - Aesir;3;210;0;873;7;;873
26/27;2026-10-02;Arena of Echoes;tournament;Clash of Imaginary Entities;1;Qualifying A;Mahishasura;137200;Hindu Myth - Asuras;3;218;0;846;15;;846
26/27;2026-10-02;Arena of Echoes;tournament;Clash of Imaginary Entities;1;Qualifying A;Marduk;188458;Mesopotamian Myth - Sky Kings;3;225;0;866;8;;866
26/27;2026-10-02;Arena of Echoes;tournament;Clash of Imaginary Entities;1;Qualifying A;Cronus;174393;Greek Myth - Titans & Primordials;3;211;0;851;14;;851
26/27;2026-10-02;Arena of Echoes;tournament;Clash of Imaginary Entities;1;Qualifying A;Tiamat;190311;Mesopotamian Myth - Chaos Ancients;3;216;0;879;5;;879
26/27;2026-10-02;Arena of Echoes;tournament;Clash of Imaginary Entities;1;Qualifying A;Osiris;179670;Egyptian Myth - Underworld Powers;3;217;0;834;20;;834
26/27;2026-10-02;Arena of Echoes;tournament;Clash of Imaginary Entities;1;Qualifying A;Balor;139930;Celtic Myth - Fomorians;3;220;0;832;21;;832
26/27;2026-10-02;Arena of Echoes;tournament;Clash of Imaginary Entities;1;Qualifying A;Rhea;104221;Greek Myth - Titans & Primordials;3;186;0;732;39;;732
26/27;2026-10-02;Arena of Echoes;tournament;Clash of Imaginary Entities;1;Qualifying A;Anubis;175219;Egyptian Myth - Underworld Powers;3;184;0;791;33;;791
26/27;2026-10-02;Arena of Echoes;tournament;Clash of Imaginary Entities;1;Qualifying A;Thor;151201;Norse Myth - Aesir;3;191;0;780;35;;780
26/27;2026-10-02;Arena of Echoes;tournament;Clash of Imaginary Entities;1;Qualifying A;Ishtar;172470;Mesopotamian Myth - Sky Kings;3;189;0;764;37;;764
26/27;2026-10-02;Arena of Echoes;tournament;Clash of Imaginary Entities;1;Qualifying A;Hiranyakashipu;130544;Hindu Myth - Asuras;3;186;0;746;38;;746
26/27;2026-10-02;Arena of Echoes;tournament;Clash of Imaginary Entities;1;Qualifying A;Ravana;126986;Hindu Myth - Asuras;3;182;0;776;36;;776
26/27;2026-10-02;Arena of Echoes;tournament;Clash of Imaginary Entities;1;Qualifying A;Shamash;123283;Mesopotamian Myth - Sky Kings;3;211;0;788;34;;788
26/27;2026-10-02;Arena of Echoes;tournament;Clash of Imaginary Entities;1;Qualifying A;Lugh;174647;Celtic Myth - Tuatha De Danann;3;194;0;794;31;;794
26/27;2026-10-02;Arena of Echoes;tournament;Clash of Imaginary Entities;1;Qualifying A;Athena;142739;Greek Myth - Olympians;3;232;0;795;30;;795
26/27;2026-10-02;Arena of Echoes;tournament;Clash of Imaginary Entities;2;Qualifying B;Harry Potter;52082;Harry Potter - Order of the Phoenix;0;212;0;212;15;1051;1041
26/27;2026-10-02;Arena of Echoes;tournament;Clash of Imaginary Entities;2;Qualifying B;Maleficent;74911;Disney Characters - Disney Villains;0;188;0;188;30;1051;919
26/27;2026-10-02;Arena of Echoes;tournament;Clash of Imaginary Entities;2;Qualifying B;Mickey Mouse;68965;Disney Characters - Disney Heroes;0;211;0;211;17;1051;1031
26/27;2026-10-02;Arena of Echoes;tournament;Clash of Imaginary Entities;2;Qualifying B;Worf;67335;Star Trek - Klingon-Romulan;0;221;0;221;10;1051;1083
26/27;2026-10-02;Arena of Echoes;tournament;Clash of Imaginary Entities;2;Qualifying B;Darth Vader;68024;Star Wars - Sith Empire;0;223;0;223;7;1051;1058
26/27;2026-10-02;Arena of Echoes;tournament;Clash of Imaginary Entities;2;Qualifying B;Luke Skywalker;91905;Star Wars - Jedi Order;0;197;0;197;26;1051;991
26/27;2026-10-02;Arena of Echoes;tournament;Clash of Imaginary Entities;2;Qualifying B;Paul Atreides;72298;Dune - House Atreides;0;200;0;200;25;1051;1053
26/27;2026-10-02;Arena of Echoes;tournament;Clash of Imaginary Entities;2;Qualifying B;Lord Voldemort;65247;Harry Potter - Death Eaters;0;196;0;196;27;1051;1034
26/27;2026-10-02;Arena of Echoes;tournament;Clash of Imaginary Entities;2;Qualifying B;Jean-Luc Picard;56338;Star Trek - Federation;0;204;0;204;22;1051;1030
26/27;2026-10-02;Arena of Echoes;tournament;Clash of Imaginary Entities;2;Qualifying B;Abaddon the Despoiler;54558;Warhammer 40K - Chaos;0;237;0;237;2;1051;1092
26/27;2026-10-02;Arena of Echoes;tournament;Clash of Imaginary Entities;2;Qualifying B;Commander Shepard;85142;Mass Effect - Alliance Crew;0;229;0;229;4;1051;1039
26/27;2026-10-02;Arena of Echoes;tournament;Clash of Imaginary Entities;2;Qualifying B;Feyd-Rautha;56698;Dune - Harkonnen-Sardaukar;0;215;0;215;14;1051;1059
26/27;2026-10-02;Arena of Echoes;tournament;Clash of Imaginary Entities;2;Qualifying B;Emperor Palpatine;66049;Star Wars - Sith Empire;0;204;0;204;21;1051;1078
26/27;2026-10-02;Arena of Echoes;tournament;Clash of Imaginary Entities;2;Qualifying B;Illusive Man;86178;Mass Effect - Cerberus-Reapers;0;209;0;209;19;1051;1072
26/27;2026-10-02;Arena of Echoes;tournament;Clash of Imaginary Entities;2;Qualifying B;Gandalf;98265;Lord of the Rings - Free Peoples;0;210;0;210;18;1051;1093
26/27;2026-10-02;Arena of Echoes;tournament;Clash of Imaginary Entities;2;Qualifying B;Kyle Katarn;79439;LucasArts Games - Jedi Knight Era;0;221;0;221;9;1051;1047
26/27;2026-10-02;Arena of Echoes;tournament;Clash of Imaginary Entities;2;Qualifying B;Cersei Lannister;95962;Game of Thrones - Lannister-Crown;0;178;0;178;37;1051;1081
26/27;2026-10-02;Arena of Echoes;tournament;Clash of Imaginary Entities;2;Qualifying B;Roboute Guilliman;73700;Warhammer 40K - Imperium;0;177;0;177;38;1051;973
26/27;2026-10-02;Arena of Echoes;tournament;Clash of Imaginary Entities;2;Qualifying B;Sauron;85741;Lord of the Rings - Forces of Mordor;0;184;0;184;34;1051;982
26/27;2026-10-02;Arena of Echoes;tournament;Clash of Imaginary Entities;2;Qualifying B;Harbinger;69213;Mass Effect - Cerberus-Reapers;0;187;0;187;32;1051;1071
26/27;2026-10-02;Arena of Echoes;tournament;Clash of Imaginary Entities;2;Qualifying B;Zeus;139274;Greek Myth - Olympians;0;224;0;224;6;1051;1115
26/27;2026-10-02;Arena of Echoes;tournament;Clash of Imaginary Entities;2;Qualifying B;Indra;124470;Hindu Myth - Devas;0;212;0;212;16;1051;1068
26/27;2026-10-02;Arena of Echoes;tournament;Clash of Imaginary Entities;2;Qualifying B;The Dagda;143101;Celtic Myth - Tuatha De Danann;0;243;0;243;1;1051;1078
26/27;2026-10-02;Arena of Echoes;tournament;Clash of Imaginary Entities;2;Qualifying B;Loki;150650;Norse Myth - Giants & Tricksters;0;195;0;195;28;1051;999
26/27;2026-10-02;Arena of Echoes;tournament;Clash of Imaginary Entities;2;Qualifying B;Odin;126765;Norse Myth - Aesir;0;188;0;188;31;1051;1061
26/27;2026-10-02;Arena of Echoes;tournament;Clash of Imaginary Entities;2;Qualifying B;Mahishasura;137200;Hindu Myth - Asuras;0;235;0;235;3;1051;1081
26/27;2026-10-02;Arena of Echoes;tournament;Clash of Imaginary Entities;2;Qualifying B;Marduk;188458;Mesopotamian Myth - Sky Kings;0;208;0;208;20;1051;1074
26/27;2026-10-02;Arena of Echoes;tournament;Clash of Imaginary Entities;2;Qualifying B;Cronus;174393;Greek Myth - Titans & Primordials;0;203;0;203;23;1051;1054
26/27;2026-10-02;Arena of Echoes;tournament;Clash of Imaginary Entities;2;Qualifying B;Tiamat;190311;Mesopotamian Myth - Chaos Ancients;0;222;0;222;8;1051;1101
26/27;2026-10-02;Arena of Echoes;tournament;Clash of Imaginary Entities;2;Qualifying B;Osiris;179670;Egyptian Myth - Underworld Powers;0;228;0;228;5;1051;1062
26/27;2026-10-02;Arena of Echoes;tournament;Clash of Imaginary Entities;2;Qualifying B;Balor;139930;Celtic Myth - Fomorians;0;219;0;219;11;1051;1051
26/27;2026-10-02;Arena of Echoes;tournament;Clash of Imaginary Entities;2;Qualifying B;Rhea;104221;Greek Myth - Titans & Primordials;0;216;0;216;13;1051;948
26/27;2026-10-02;Arena of Echoes;tournament;Clash of Imaginary Entities;2;Qualifying B;Anubis;175219;Egyptian Myth - Underworld Powers;0;218;0;218;12;1051;1009
26/27;2026-10-02;Arena of Echoes;tournament;Clash of Imaginary Entities;2;Qualifying B;Thor;151201;Norse Myth - Aesir;0;182;0;182;35;1051;962
26/27;2026-10-02;Arena of Echoes;tournament;Clash of Imaginary Entities;2;Qualifying B;Ishtar;172470;Mesopotamian Myth - Sky Kings;0;180;0;180;36;1051;944
26/27;2026-10-02;Arena of Echoes;tournament;Clash of Imaginary Entities;2;Qualifying B;Hiranyakashipu;130544;Hindu Myth - Asuras;0;203;0;203;24;1051;949
26/27;2026-10-02;Arena of Echoes;tournament;Clash of Imaginary Entities;2;Qualifying B;Ravana;126986;Hindu Myth - Asuras;0;174;0;174;39;1051;950
26/27;2026-10-02;Arena of Echoes;tournament;Clash of Imaginary Entities;2;Qualifying B;Shamash;123283;Mesopotamian Myth - Sky Kings;0;189;0;189;29;1051;977
26/27;2026-10-02;Arena of Echoes;tournament;Clash of Imaginary Entities;2;Qualifying B;Lugh;174647;Celtic Myth - Tuatha De Danann;0;185;0;185;33;1051;979
26/27;2026-10-02;Arena of Echoes;tournament;Clash of Imaginary Entities;2;Qualifying B;Athena;142739;Greek Myth - Olympians;0;162;0;162;40;1051;957
26/27;2026-10-02;Arena of Echoes;tournament;Clash of Imaginary Entities;2;Qualifying B;Harry Potter;52082;Harry Potter - Order of the Phoenix;1;205;0;417;17;1262;1246
26/27;2026-10-02;Arena of Echoes;tournament;Clash of Imaginary Entities;2;Qualifying B;Maleficent;74911;Disney Characters - Disney Villains;1;198;0;386;32;1262;1117
26/27;2026-10-02;Arena of Echoes;tournament;Clash of Imaginary Entities;2;Qualifying B;Mickey Mouse;68965;Disney Characters - Disney Heroes;1;187;0;398;27;1262;1218
26/27;2026-10-02;Arena of Echoes;tournament;Clash of Imaginary Entities;2;Qualifying B;Worf;67335;Star Trek - Klingon-Romulan;1;220;0;441;8;1262;1303
26/27;2026-10-02;Arena of Echoes;tournament;Clash of Imaginary Entities;2;Qualifying B;Darth Vader;68024;Star Wars - Sith Empire;1;224;0;447;5;1262;1282
26/27;2026-10-02;Arena of Echoes;tournament;Clash of Imaginary Entities;2;Qualifying B;Luke Skywalker;91905;Star Wars - Jedi Order;1;216;0;413;20;1262;1207
26/27;2026-10-02;Arena of Echoes;tournament;Clash of Imaginary Entities;2;Qualifying B;Paul Atreides;72298;Dune - House Atreides;1;211;0;411;22;1262;1264
26/27;2026-10-02;Arena of Echoes;tournament;Clash of Imaginary Entities;2;Qualifying B;Lord Voldemort;65247;Harry Potter - Death Eaters;1;210;0;406;24;1262;1244
26/27;2026-10-02;Arena of Echoes;tournament;Clash of Imaginary Entities;2;Qualifying B;Jean-Luc Picard;56338;Star Trek - Federation;1;232;0;436;10;1262;1262
26/27;2026-10-02;Arena of Echoes;tournament;Clash of Imaginary Entities;2;Qualifying B;Abaddon the Despoiler;54558;Warhammer 40K - Chaos;1;220;0;457;3;1262;1312
26/27;2026-10-02;Arena of Echoes;tournament;Clash of Imaginary Entities;2;Qualifying B;Commander Shepard;85142;Mass Effect - Alliance Crew;1;215;0;444;7;1262;1254
26/27;2026-10-02;Arena of Echoes;tournament;Clash of Imaginary Entities;2;Qualifying B;Feyd-Rautha;56698;Dune - Harkonnen-Sardaukar;1;203;0;418;15;1262;1262
26/27;2026-10-02;Arena of Echoes;tournament;Clash of Imaginary Entities;2;Qualifying B;Emperor Palpatine;66049;Star Wars - Sith Empire;1;194;0;398;26;1262;1272
26/27;2026-10-02;Arena of Echoes;tournament;Clash of Imaginary Entities;2;Qualifying B;Illusive Man;86178;Mass Effect - Cerberus-Reapers;1;209;0;418;16;1262;1281
26/27;2026-10-02;Arena of Echoes;tournament;Clash of Imaginary Entities;2;Qualifying B;Gandalf;98265;Lord of the Rings - Free Peoples;1;201;0;411;21;1262;1294
26/27;2026-10-02;Arena of Echoes;tournament;Clash of Imaginary Entities;2;Qualifying B;Kyle Katarn;79439;LucasArts Games - Jedi Knight Era;1;201;0;422;14;1262;1248
26/27;2026-10-02;Arena of Echoes;tournament;Clash of Imaginary Entities;2;Qualifying B;Cersei Lannister;95962;Game of Thrones - Lannister-Crown;1;209;0;387;30;1262;1290
26/27;2026-10-02;Arena of Echoes;tournament;Clash of Imaginary Entities;2;Qualifying B;Roboute Guilliman;73700;Warhammer 40K - Imperium;1;211;0;388;29;1262;1184
26/27;2026-10-02;Arena of Echoes;tournament;Clash of Imaginary Entities;2;Qualifying B;Sauron;85741;Lord of the Rings - Forces of Mordor;1;200;0;384;36;1262;1182
26/27;2026-10-02;Arena of Echoes;tournament;Clash of Imaginary Entities;2;Qualifying B;Harbinger;69213;Mass Effect - Cerberus-Reapers;1;196;0;383;37;1262;1267
26/27;2026-10-02;Arena of Echoes;tournament;Clash of Imaginary Entities;2;Qualifying B;Zeus;139274;Greek Myth - Olympians;1;239;0;463;1;1262;1354
26/27;2026-10-02;Arena of Echoes;tournament;Clash of Imaginary Entities;2;Qualifying B;Indra;124470;Hindu Myth - Devas;1;201;0;413;19;1262;1269
26/27;2026-10-02;Arena of Echoes;tournament;Clash of Imaginary Entities;2;Qualifying B;The Dagda;143101;Celtic Myth - Tuatha De Danann;1;211;0;454;4;1262;1289
26/27;2026-10-02;Arena of Echoes;tournament;Clash of Imaginary Entities;2;Qualifying B;Loki;150650;Norse Myth - Giants & Tricksters;1;199;0;394;28;1262;1198
26/27;2026-10-02;Arena of Echoes;tournament;Clash of Imaginary Entities;2;Qualifying B;Odin;126765;Norse Myth - Aesir;1;219;0;407;23;1262;1280
26/27;2026-10-02;Arena of Echoes;tournament;Clash of Imaginary Entities;2;Qualifying B;Mahishasura;137200;Hindu Myth - Asuras;1;200;0;435;11;1262;1281
26/27;2026-10-02;Arena of Echoes;tournament;Clash of Imaginary Entities;2;Qualifying B;Marduk;188458;Mesopotamian Myth - Sky Kings;1;206;0;414;18;1262;1280
26/27;2026-10-02;Arena of Echoes;tournament;Clash of Imaginary Entities;2;Qualifying B;Cronus;174393;Greek Myth - Titans & Primordials;1;257;0;460;2;1262;1311
26/27;2026-10-02;Arena of Echoes;tournament;Clash of Imaginary Entities;2;Qualifying B;Tiamat;190311;Mesopotamian Myth - Chaos Ancients;1;206;0;428;12;1262;1307
26/27;2026-10-02;Arena of Echoes;tournament;Clash of Imaginary Entities;2;Qualifying B;Osiris;179670;Egyptian Myth - Underworld Powers;1;210;0;438;9;1262;1272
26/27;2026-10-02;Arena of Echoes;tournament;Clash of Imaginary Entities;2;Qualifying B;Balor;139930;Celtic Myth - Fomorians;1;226;0;445;6;1262;1277
26/27;2026-10-02;Arena of Echoes;tournament;Clash of Imaginary Entities;2;Qualifying B;Rhea;104221;Greek Myth - Titans & Primordials;1;187;0;403;25;1262;1135
26/27;2026-10-02;Arena of Echoes;tournament;Clash of Imaginary Entities;2;Qualifying B;Anubis;175219;Egyptian Myth - Underworld Powers;1;207;0;425;13;1262;1216
26/27;2026-10-02;Arena of Echoes;tournament;Clash of Imaginary Entities;2;Qualifying B;Thor;151201;Norse Myth - Aesir;1;203;0;385;34;1262;1165
26/27;2026-10-02;Arena of Echoes;tournament;Clash of Imaginary Entities;2;Qualifying B;Ishtar;172470;Mesopotamian Myth - Sky Kings;1;204;0;384;35;1262;1148
26/27;2026-10-02;Arena of Echoes;tournament;Clash of Imaginary Entities;2;Qualifying B;Hiranyakashipu;130544;Hindu Myth - Asuras;1;182;0;385;33;1262;1131
26/27;2026-10-02;Arena of Echoes;tournament;Clash of Imaginary Entities;2;Qualifying B;Ravana;126986;Hindu Myth - Asuras;1;176;0;350;40;1262;1126
26/27;2026-10-02;Arena of Echoes;tournament;Clash of Imaginary Entities;2;Qualifying B;Shamash;123283;Mesopotamian Myth - Sky Kings;1;184;0;373;38;1262;1161
26/27;2026-10-02;Arena of Echoes;tournament;Clash of Imaginary Entities;2;Qualifying B;Lugh;174647;Celtic Myth - Tuatha De Danann;1;202;0;387;31;1262;1181
26/27;2026-10-02;Arena of Echoes;tournament;Clash of Imaginary Entities;2;Qualifying B;Athena;142739;Greek Myth - Olympians;1;188;0;350;39;1262;1145
26/27;2026-10-02;Arena of Echoes;tournament;Clash of Imaginary Entities;2;Qualifying B;Harry Potter;52082;Harry Potter - Order of the Phoenix;2;206;0;623;18;1466;1452
26/27;2026-10-02;Arena of Echoes;tournament;Clash of Imaginary Entities;2;Qualifying B;Maleficent;74911;Disney Characters - Disney Villains;2;227;0;613;25;1466;1344
26/27;2026-10-02;Arena of Echoes;tournament;Clash of Imaginary Entities;2;Qualifying B;Mickey Mouse;68965;Disney Characters - Disney Heroes;2;217;0;615;24;1466;1435
26/27;2026-10-02;Arena of Echoes;tournament;Clash of Imaginary Entities;2;Qualifying B;Worf;67335;Star Trek - Klingon-Romulan;2;231;0;672;4;1466;1534
26/27;2026-10-02;Arena of Echoes;tournament;Clash of Imaginary Entities;2;Qualifying B;Darth Vader;68024;Star Wars - Sith Empire;2;208;0;655;9;1466;1490
26/27;2026-10-02;Arena of Echoes;tournament;Clash of Imaginary Entities;2;Qualifying B;Luke Skywalker;91905;Star Wars - Jedi Order;2;258;0;671;5;1466;1465
26/27;2026-10-02;Arena of Echoes;tournament;Clash of Imaginary Entities;2;Qualifying B;Paul Atreides;72298;Dune - House Atreides;2;199;0;610;27;1466;1463
26/27;2026-10-02;Arena of Echoes;tournament;Clash of Imaginary Entities;2;Qualifying B;Lord Voldemort;65247;Harry Potter - Death Eaters;2;214;0;620;19;1466;1458
26/27;2026-10-02;Arena of Echoes;tournament;Clash of Imaginary Entities;2;Qualifying B;Jean-Luc Picard;56338;Star Trek - Federation;2;210;0;646;11;1466;1472
26/27;2026-10-02;Arena of Echoes;tournament;Clash of Imaginary Entities;2;Qualifying B;Abaddon the Despoiler;54558;Warhammer 40K - Chaos;2;231;0;688;1;1466;1543
26/27;2026-10-02;Arena of Echoes;tournament;Clash of Imaginary Entities;2;Qualifying B;Commander Shepard;85142;Mass Effect - Alliance Crew;2;234;0;678;3;1466;1488
26/27;2026-10-02;Arena of Echoes;tournament;Clash of Imaginary Entities;2;Qualifying B;Feyd-Rautha;56698;Dune - Harkonnen-Sardaukar;2;220;0;638;15;1466;1482
26/27;2026-10-02;Arena of Echoes;tournament;Clash of Imaginary Entities;2;Qualifying B;Emperor Palpatine;66049;Star Wars - Sith Empire;2;196;0;594;29;1466;1468
26/27;2026-10-02;Arena of Echoes;tournament;Clash of Imaginary Entities;2;Qualifying B;Illusive Man;86178;Mass Effect - Cerberus-Reapers;2;201;0;619;20;1466;1482
26/27;2026-10-02;Arena of Echoes;tournament;Clash of Imaginary Entities;2;Qualifying B;Gandalf;98265;Lord of the Rings - Free Peoples;2;231;0;642;14;1466;1525
26/27;2026-10-02;Arena of Echoes;tournament;Clash of Imaginary Entities;2;Qualifying B;Kyle Katarn;79439;LucasArts Games - Jedi Knight Era;2;196;0;618;21;1466;1444
26/27;2026-10-02;Arena of Echoes;tournament;Clash of Imaginary Entities;2;Qualifying B;Cersei Lannister;95962;Game of Thrones - Lannister-Crown;2;228;0;615;23;1466;1518
26/27;2026-10-02;Arena of Echoes;tournament;Clash of Imaginary Entities;2;Qualifying B;Roboute Guilliman;73700;Warhammer 40K - Imperium;2;171;0;559;38;1466;1355
26/27;2026-10-02;Arena of Echoes;tournament;Clash of Imaginary Entities;2;Qualifying B;Sauron;85741;Lord of the Rings - Forces of Mordor;2;184;0;568;34;1466;1366
26/27;2026-10-02;Arena of Echoes;tournament;Clash of Imaginary Entities;2;Qualifying B;Harbinger;69213;Mass Effect - Cerberus-Reapers;2;179;0;562;37;1466;1446
26/27;2026-10-02;Arena of Echoes;tournament;Clash of Imaginary Entities;2;Qualifying B;Zeus;139274;Greek Myth - Olympians;2;184;0;647;10;1466;1538
26/27;2026-10-02;Arena of Echoes;tournament;Clash of Imaginary Entities;2;Qualifying B;Indra;124470;Hindu Myth - Devas;2;197;0;610;26;1466;1466
26/27;2026-10-02;Arena of Echoes;tournament;Clash of Imaginary Entities;2;Qualifying B;The Dagda;143101;Celtic Myth - Tuatha De Danann;2;216;0;670;6;1466;1505
26/27;2026-10-02;Arena of Echoes;tournament;Clash of Imaginary Entities;2;Qualifying B;Loki;150650;Norse Myth - Giants & Tricksters;2;185;0;579;33;1466;1383
26/27;2026-10-02;Arena of Echoes;tournament;Clash of Imaginary Entities;2;Qualifying B;Odin;126765;Norse Myth - Aesir;2;217;0;624;17;1466;1497
26/27;2026-10-02;Arena of Echoes;tournament;Clash of Imaginary Entities;2;Qualifying B;Mahishasura;137200;Hindu Myth - Asuras;2;211;0;646;12;1466;1492
26/27;2026-10-02;Arena of Echoes;tournament;Clash of Imaginary Entities;2;Qualifying B;Marduk;188458;Mesopotamian Myth - Sky Kings;2;219;0;633;16;1466;1499
26/27;2026-10-02;Arena of Echoes;tournament;Clash of Imaginary Entities;2;Qualifying B;Cronus;174393;Greek Myth - Titans & Primordials;2;227;0;687;2;1466;1538
26/27;2026-10-02;Arena of Echoes;tournament;Clash of Imaginary Entities;2;Qualifying B;Tiamat;190311;Mesopotamian Myth - Chaos Ancients;2;218;0;646;13;1466;1525
26/27;2026-10-02;Arena of Echoes;tournament;Clash of Imaginary Entities;2;Qualifying B;Osiris;179670;Egyptian Myth - Underworld Powers;2;219;0;657;8;1466;1491
26/27;2026-10-02;Arena of Echoes;tournament;Clash of Imaginary Entities;2;Qualifying B;Balor;139930;Celtic Myth - Fomorians;2;219;0;664;7;1466;1496
26/27;2026-10-02;Arena of Echoes;tournament;Clash of Imaginary Entities;2;Qualifying B;Rhea;104221;Greek Myth - Titans & Primordials;2;187;0;590;31;1466;1322
26/27;2026-10-02;Arena of Echoes;tournament;Clash of Imaginary Entities;2;Qualifying B;Anubis;175219;Egyptian Myth - Underworld Powers;2;190;0;615;22;1466;1406
26/27;2026-10-02;Arena of Echoes;tournament;Clash of Imaginary Entities;2;Qualifying B;Thor;151201;Norse Myth - Aesir;2;182;0;567;35;1466;1347
26/27;2026-10-02;Arena of Echoes;tournament;Clash of Imaginary Entities;2;Qualifying B;Ishtar;172470;Mesopotamian Myth - Sky Kings;2;198;0;582;32;1466;1346
26/27;2026-10-02;Arena of Echoes;tournament;Clash of Imaginary Entities;2;Qualifying B;Hiranyakashipu;130544;Hindu Myth - Asuras;2;213;0;598;28;1466;1344
26/27;2026-10-02;Arena of Echoes;tournament;Clash of Imaginary Entities;2;Qualifying B;Ravana;126986;Hindu Myth - Asuras;2;175;0;525;40;1466;1301
26/27;2026-10-02;Arena of Echoes;tournament;Clash of Imaginary Entities;2;Qualifying B;Shamash;123283;Mesopotamian Myth - Sky Kings;2;182;0;555;39;1466;1343
26/27;2026-10-02;Arena of Echoes;tournament;Clash of Imaginary Entities;2;Qualifying B;Lugh;174647;Celtic Myth - Tuatha De Danann;2;205;0;592;30;1466;1386
26/27;2026-10-02;Arena of Echoes;tournament;Clash of Imaginary Entities;2;Qualifying B;Athena;142739;Greek Myth - Olympians;2;215;0;565;36;1466;1360
26/27;2026-10-02;Arena of Echoes;tournament;Clash of Imaginary Entities;2;Qualifying B;Harry Potter;52082;Harry Potter - Order of the Phoenix;3;227;0;850;15;1679;1679
26/27;2026-10-02;Arena of Echoes;tournament;Clash of Imaginary Entities;2;Qualifying B;Maleficent;74911;Disney Characters - Disney Villains;3;176;0;789;30;1679;1520
26/27;2026-10-02;Arena of Echoes;tournament;Clash of Imaginary Entities;2;Qualifying B;Mickey Mouse;68965;Disney Characters - Disney Heroes;3;186;0;801;27;1679;1621
26/27;2026-10-02;Arena of Echoes;tournament;Clash of Imaginary Entities;2;Qualifying B;Worf;67335;Star Trek - Klingon-Romulan;3;228;0;900;3;1679;1762
26/27;2026-10-02;Arena of Echoes;tournament;Clash of Imaginary Entities;2;Qualifying B;Darth Vader;68024;Star Wars - Sith Empire;3;213;0;868;8;1679;1703
26/27;2026-10-02;Arena of Echoes;tournament;Clash of Imaginary Entities;2;Qualifying B;Luke Skywalker;91905;Star Wars - Jedi Order;3;218;0;889;5;1679;1683
26/27;2026-10-02;Arena of Echoes;tournament;Clash of Imaginary Entities;2;Qualifying B;Paul Atreides;72298;Dune - House Atreides;3;212;0;822;22;1679;1675
26/27;2026-10-02;Arena of Echoes;tournament;Clash of Imaginary Entities;2;Qualifying B;Lord Voldemort;65247;Harry Potter - Death Eaters;3;203;0;823;20;1679;1661
26/27;2026-10-02;Arena of Echoes;tournament;Clash of Imaginary Entities;2;Qualifying B;Jean-Luc Picard;56338;Star Trek - Federation;3;212;0;858;12;1679;1684
26/27;2026-10-02;Arena of Echoes;tournament;Clash of Imaginary Entities;2;Qualifying B;Abaddon the Despoiler;54558;Warhammer 40K - Chaos;3;232;0;920;1;1679;1775
26/27;2026-10-02;Arena of Echoes;tournament;Clash of Imaginary Entities;2;Qualifying B;Commander Shepard;85142;Mass Effect - Alliance Crew;3;212;0;890;4;1679;1700
26/27;2026-10-02;Arena of Echoes;tournament;Clash of Imaginary Entities;2;Qualifying B;Feyd-Rautha;56698;Dune - Harkonnen-Sardaukar;3;210;0;848;16;1679;1692
26/27;2026-10-02;Arena of Echoes;tournament;Clash of Imaginary Entities;2;Qualifying B;Emperor Palpatine;66049;Star Wars - Sith Empire;3;205;0;799;28;1679;1673
26/27;2026-10-02;Arena of Echoes;tournament;Clash of Imaginary Entities;2;Qualifying B;Illusive Man;86178;Mass Effect - Cerberus-Reapers;3;208;0;827;19;1679;1690
26/27;2026-10-02;Arena of Echoes;tournament;Clash of Imaginary Entities;2;Qualifying B;Gandalf;98265;Lord of the Rings - Free Peoples;3;212;0;854;14;1679;1737
26/27;2026-10-02;Arena of Echoes;tournament;Clash of Imaginary Entities;2;Qualifying B;Kyle Katarn;79439;LucasArts Games - Jedi Knight Era;3;222;0;840;17;1679;1666
26/27;2026-10-02;Arena of Echoes;tournament;Clash of Imaginary Entities;2;Qualifying B;Cersei Lannister;95962;Game of Thrones - Lannister-Crown;3;177;0;792;29;1679;1695
26/27;2026-10-02;Arena of Echoes;tournament;Clash of Imaginary Entities;2;Qualifying B;Roboute Guilliman;73700;Warhammer 40K - Imperium;3;227;0;786;31;1679;1582
26/27;2026-10-02;Arena of Echoes;tournament;Clash of Imaginary Entities;2;Qualifying B;Sauron;85741;Lord of the Rings - Forces of Mordor;3;199;0;767;34;1679;1565
26/27;2026-10-02;Arena of Echoes;tournament;Clash of Imaginary Entities;2;Qualifying B;Harbinger;69213;Mass Effect - Cerberus-Reapers;3;188;0;750;36;1679;1634
26/27;2026-10-02;Arena of Echoes;tournament;Clash of Imaginary Entities;2;Qualifying B;Zeus;139274;Greek Myth - Olympians;3;220;0;867;10;1679;1758
26/27;2026-10-02;Arena of Echoes;tournament;Clash of Imaginary Entities;2;Qualifying B;Indra;124470;Hindu Myth - Devas;3;209;0;819;24;1679;1675
26/27;2026-10-02;Arena of Echoes;tournament;Clash of Imaginary Entities;2;Qualifying B;The Dagda;143101;Celtic Myth - Tuatha De Danann;3;217;0;887;6;1679;1722
26/27;2026-10-02;Arena of Echoes;tournament;Clash of Imaginary Entities;2;Qualifying B;Loki;150650;Norse Myth - Giants & Tricksters;3;223;0;802;26;1679;1606
26/27;2026-10-02;Arena of Echoes;tournament;Clash of Imaginary Entities;2;Qualifying B;Odin;126765;Norse Myth - Aesir;3;198;0;822;21;1679;1695
26/27;2026-10-02;Arena of Echoes;tournament;Clash of Imaginary Entities;2;Qualifying B;Mahishasura;137200;Hindu Myth - Asuras;3;230;0;876;7;1679;1722
26/27;2026-10-02;Arena of Echoes;tournament;Clash of Imaginary Entities;2;Qualifying B;Marduk;188458;Mesopotamian Myth - Sky Kings;3;206;0;839;18;1679;1705
26/27;2026-10-02;Arena of Echoes;tournament;Clash of Imaginary Entities;2;Qualifying B;Cronus;174393;Greek Myth - Titans & Primordials;3;218;0;905;2;1679;1756
26/27;2026-10-02;Arena of Echoes;tournament;Clash of Imaginary Entities;2;Qualifying B;Tiamat;190311;Mesopotamian Myth - Chaos Ancients;3;214;0;860;11;1679;1739
26/27;2026-10-02;Arena of Echoes;tournament;Clash of Imaginary Entities;2;Qualifying B;Osiris;179670;Egyptian Myth - Underworld Powers;3;211;0;868;9;1679;1702
26/27;2026-10-02;Arena of Echoes;tournament;Clash of Imaginary Entities;2;Qualifying B;Balor;139930;Celtic Myth - Fomorians;3;193;0;857;13;1679;1689
26/27;2026-10-02;Arena of Echoes;tournament;Clash of Imaginary Entities;2;Qualifying B;Rhea;104221;Greek Myth - Titans & Primordials;3;152;0;742;37;1679;1474
26/27;2026-10-02;Arena of Echoes;tournament;Clash of Imaginary Entities;2;Qualifying B;Anubis;175219;Egyptian Myth - Underworld Powers;3;205;0;820;23;1679;1611
26/27;2026-10-02;Arena of Echoes;tournament;Clash of Imaginary Entities;2;Qualifying B;Thor;151201;Norse Myth - Aesir;3;193;0;760;35;1679;1540
26/27;2026-10-02;Arena of Echoes;tournament;Clash of Imaginary Entities;2;Qualifying B;Ishtar;172470;Mesopotamian Myth - Sky Kings;3;186;0;768;33;1679;1532
26/27;2026-10-02;Arena of Echoes;tournament;Clash of Imaginary Entities;2;Qualifying B;Hiranyakashipu;130544;Hindu Myth - Asuras;3;181;0;779;32;1679;1525
26/27;2026-10-02;Arena of Echoes;tournament;Clash of Imaginary Entities;2;Qualifying B;Ravana;126986;Hindu Myth - Asuras;3;185;0;710;40;1679;1486
26/27;2026-10-02;Arena of Echoes;tournament;Clash of Imaginary Entities;2;Qualifying B;Shamash;123283;Mesopotamian Myth - Sky Kings;3;165;0;720;39;1679;1508
26/27;2026-10-02;Arena of Echoes;tournament;Clash of Imaginary Entities;2;Qualifying B;Lugh;174647;Celtic Myth - Tuatha De Danann;3;217;0;809;25;1679;1603
26/27;2026-10-02;Arena of Echoes;tournament;Clash of Imaginary Entities;2;Qualifying B;Athena;142739;Greek Myth - Olympians;3;176;0;741;38;1679;1536
26/27;2026-10-03;Arena of Echoes;tournament;Clash of Imaginary Entities;3;Positioning;Abaddon the Despoiler;54558;Warhammer 40K - Chaos;0;185;0;185;20;1960;1960
26/27;2026-10-03;Arena of Echoes;tournament;Clash of Imaginary Entities;3;Positioning;Worf;67335;Star Trek - Klingon-Romulan;0;197;0;197;18;1960;1959
26/27;2026-10-03;Arena of Echoes;tournament;Clash of Imaginary Entities;3;Positioning;Zeus;139274;Greek Myth - Olympians;0;242;0;242;3;1960;2000
26/27;2026-10-03;Arena of Echoes;tournament;Clash of Imaginary Entities;3;Positioning;Cronus;174393;Greek Myth - Titans & Primordials;0;227;0;227;7;1960;1983
26/27;2026-10-03;Arena of Echoes;tournament;Clash of Imaginary Entities;3;Positioning;Tiamat;190311;Mesopotamian Myth - Chaos Ancients;0;239;0;239;4;1960;1978
26/27;2026-10-03;Arena of Echoes;tournament;Clash of Imaginary Entities;3;Positioning;Gandalf;98265;Lord of the Rings - Free Peoples;0;223;0;223;10;1960;1960
26/27;2026-10-03;Arena of Echoes;tournament;Clash of Imaginary Entities;3;Positioning;Mahishasura;137200;Hindu Myth - Asuras;0;212;0;212;14;1960;1934
26/27;2026-10-03;Arena of Echoes;tournament;Clash of Imaginary Entities;3;Positioning;The Dagda;143101;Celtic Myth - Tuatha De Danann;0;216;0;216;12;1960;1938
26/27;2026-10-03;Arena of Echoes;tournament;Clash of Imaginary Entities;3;Positioning;Marduk;188458;Mesopotamian Myth - Sky Kings;0;249;0;249;1;1960;1954
26/27;2026-10-03;Arena of Echoes;tournament;Clash of Imaginary Entities;3;Positioning;Darth Vader;68024;Star Wars - Sith Empire;0;212;0;212;13;1960;1915
26/27;2026-10-03;Arena of Echoes;tournament;Clash of Imaginary Entities;3;Positioning;Osiris;179670;Egyptian Myth - Underworld Powers;0;224;0;224;9;1960;1926
26/27;2026-10-03;Arena of Echoes;tournament;Clash of Imaginary Entities;3;Positioning;Commander Shepard;85142;Mass Effect - Alliance Crew;0;221;0;221;11;1960;1921
26/27;2026-10-03;Arena of Echoes;tournament;Clash of Imaginary Entities;3;Positioning;Cersei Lannister;95962;Game of Thrones - Lannister-Crown;0;226;0;226;8;1960;1921
26/27;2026-10-03;Arena of Echoes;tournament;Clash of Imaginary Entities;3;Positioning;Odin;126765;Norse Myth - Aesir;0;233;0;233;5;1960;1928
26/27;2026-10-03;Arena of Echoes;tournament;Clash of Imaginary Entities;3;Positioning;Feyd-Rautha;56698;Dune - Harkonnen-Sardaukar;0;196;0;196;19;1960;1888
26/27;2026-10-03;Arena of Echoes;tournament;Clash of Imaginary Entities;3;Positioning;Illusive Man;86178;Mass Effect - Cerberus-Reapers;0;243;0;243;2;1960;1933
26/27;2026-10-03;Arena of Echoes;tournament;Clash of Imaginary Entities;3;Positioning;Balor;139930;Celtic Myth - Fomorians;0;203;0;203;16;1960;1892
26/27;2026-10-03;Arena of Echoes;tournament;Clash of Imaginary Entities;3;Positioning;Jean-Luc Picard;56338;Star Trek - Federation;0;203;0;203;17;1960;1887
26/27;2026-10-03;Arena of Echoes;tournament;Clash of Imaginary Entities;3;Positioning;Luke Skywalker;91905;Star Wars - Jedi Order;0;228;0;228;6;1960;1911
26/27;2026-10-03;Arena of Echoes;tournament;Clash of Imaginary Entities;3;Positioning;Harry Potter;52082;Harry Potter - Order of the Phoenix;0;210;0;210;15;1960;1889
26/27;2026-10-03;Arena of Echoes;tournament;Clash of Imaginary Entities;3;Positioning;Abaddon the Despoiler;54558;Warhammer 40K - Chaos;1;201;0;386;20;2176;2161
26/27;2026-10-03;Arena of Echoes;tournament;Clash of Imaginary Entities;3;Positioning;Worf;67335;Star Trek - Klingon-Romulan;1;217;0;414;17;2176;2176
26/27;2026-10-03;Arena of Echoes;tournament;Clash of Imaginary Entities;3;Positioning;Zeus;139274;Greek Myth - Olympians;1;232;0;474;2;2176;2232
26/27;2026-10-03;Arena of Echoes;tournament;Clash of Imaginary Entities;3;Positioning;Cronus;174393;Greek Myth - Titans & Primordials;1;195;0;422;13;2176;2178
26/27;2026-10-03;Arena of Echoes;tournament;Clash of Imaginary Entities;3;Positioning;Tiamat;190311;Mesopotamian Myth - Chaos Ancients;1;213;0;452;6;2176;2191
26/27;2026-10-03;Arena of Echoes;tournament;Clash of Imaginary Entities;3;Positioning;Gandalf;98265;Lord of the Rings - Free Peoples;1;206;0;429;11;2176;2166
26/27;2026-10-03;Arena of Echoes;tournament;Clash of Imaginary Entities;3;Positioning;Mahishasura;137200;Hindu Myth - Asuras;1;227;0;439;8;2176;2161
26/27;2026-10-03;Arena of Echoes;tournament;Clash of Imaginary Entities;3;Positioning;The Dagda;143101;Celtic Myth - Tuatha De Danann;1;200;0;416;15;2176;2138
26/27;2026-10-03;Arena of Echoes;tournament;Clash of Imaginary Entities;3;Positioning;Marduk;188458;Mesopotamian Myth - Sky Kings;1;243;0;492;1;2176;2197
26/27;2026-10-03;Arena of Echoes;tournament;Clash of Imaginary Entities;3;Positioning;Darth Vader;68024;Star Wars - Sith Empire;1;213;0;425;12;2176;2128
26/27;2026-10-03;Arena of Echoes;tournament;Clash of Imaginary Entities;3;Positioning;Osiris;179670;Egyptian Myth - Underworld Powers;1;219;0;443;7;2176;2145
26/27;2026-10-03;Arena of Echoes;tournament;Clash of Imaginary Entities;3;Positioning;Commander Shepard;85142;Mass Effect - Alliance Crew;1;209;0;430;10;2176;2130
26/27;2026-10-03;Arena of Echoes;tournament;Clash of Imaginary Entities;3;Positioning;Cersei Lannister;95962;Game of Thrones - Lannister-Crown;1;237;0;463;3;2176;2158
26/27;2026-10-03;Arena of Echoes;tournament;Clash of Imaginary Entities;3;Positioning;Odin;126765;Norse Myth - Aesir;1;201;0;434;9;2176;2129
26/27;2026-10-03;Arena of Echoes;tournament;Clash of Imaginary Entities;3;Positioning;Feyd-Rautha;56698;Dune - Harkonnen-Sardaukar;1;208;0;404;19;2176;2096
26/27;2026-10-03;Arena of Echoes;tournament;Clash of Imaginary Entities;3;Positioning;Illusive Man;86178;Mass Effect - Cerberus-Reapers;1;214;0;457;4;2176;2147
26/27;2026-10-03;Arena of Echoes;tournament;Clash of Imaginary Entities;3;Positioning;Balor;139930;Celtic Myth - Fomorians;1;211;0;414;16;2176;2103
26/27;2026-10-03;Arena of Echoes;tournament;Clash of Imaginary Entities;3;Positioning;Jean-Luc Picard;56338;Star Trek - Federation;1;215;0;418;14;2176;2102
26/27;2026-10-03;Arena of Echoes;tournament;Clash of Imaginary Entities;3;Positioning;Luke Skywalker;91905;Star Wars - Jedi Order;1;227;0;455;5;2176;2138
26/27;2026-10-03;Arena of Echoes;tournament;Clash of Imaginary Entities;3;Positioning;Harry Potter;52082;Harry Potter - Order of the Phoenix;1;202;0;412;18;2176;2091
26/27;2026-10-03;Arena of Echoes;tournament;Clash of Imaginary Entities;3;Positioning;Abaddon the Despoiler;54558;Warhammer 40K - Chaos;2;213;0;599;20;2385;2374
26/27;2026-10-03;Arena of Echoes;tournament;Clash of Imaginary Entities;3;Positioning;Worf;67335;Star Trek - Klingon-Romulan;2;209;0;623;16;2385;2385
26/27;2026-10-03;Arena of Echoes;tournament;Clash of Imaginary Entities;3;Positioning;Zeus;139274;Greek Myth - Olympians;2;205;0;679;2;2385;2437
26/27;2026-10-03;Arena of Echoes;tournament;Clash of Imaginary Entities;3;Positioning;Cronus;174393;Greek Myth - Titans & Primordials;2;195;0;617;17;2385;2373
26/27;2026-10-03;Arena of Echoes;tournament;Clash of Imaginary Entities;3;Positioning;Tiamat;190311;Mesopotamian Myth - Chaos Ancients;2;209;0;661;5;2385;2400
26/27;2026-10-03;Arena of Echoes;tournament;Clash of Imaginary Entities;3;Positioning;Gandalf;98265;Lord of the Rings - Free Peoples;2;213;0;642;11;2385;2379
26/27;2026-10-03;Arena of Echoes;tournament;Clash of Imaginary Entities;3;Positioning;Mahishasura;137200;Hindu Myth - Asuras;2;225;0;664;4;2385;2386
26/27;2026-10-03;Arena of Echoes;tournament;Clash of Imaginary Entities;3;Positioning;The Dagda;143101;Celtic Myth - Tuatha De Danann;2;208;0;624;15;2385;2346
26/27;2026-10-03;Arena of Echoes;tournament;Clash of Imaginary Entities;3;Positioning;Marduk;188458;Mesopotamian Myth - Sky Kings;2;240;0;732;1;2385;2437
26/27;2026-10-03;Arena of Echoes;tournament;Clash of Imaginary Entities;3;Positioning;Darth Vader;68024;Star Wars - Sith Empire;2;201;0;626;14;2385;2329
26/27;2026-10-03;Arena of Echoes;tournament;Clash of Imaginary Entities;3;Positioning;Osiris;179670;Egyptian Myth - Underworld Powers;2;191;0;634;13;2385;2336
26/27;2026-10-03;Arena of Echoes;tournament;Clash of Imaginary Entities;3;Positioning;Commander Shepard;85142;Mass Effect - Alliance Crew;2;221;0;651;9;2385;2351
26/27;2026-10-03;Arena of Echoes;tournament;Clash of Imaginary Entities;3;Positioning;Cersei Lannister;95962;Game of Thrones - Lannister-Crown;2;185;0;648;10;2385;2343
26/27;2026-10-03;Arena of Echoes;tournament;Clash of Imaginary Entities;3;Positioning;Odin;126765;Norse Myth - Aesir;2;226;0;660;6;2385;2355
26/27;2026-10-03;Arena of Echoes;tournament;Clash of Imaginary Entities;3;Positioning;Feyd-Rautha;56698;Dune - Harkonnen-Sardaukar;2;211;0;615;18;2385;2307
26/27;2026-10-03;Arena of Echoes;tournament;Clash of Imaginary Entities;3;Positioning;Illusive Man;86178;Mass Effect - Cerberus-Reapers;2;201;0;658;7;2385;2348
26/27;2026-10-03;Arena of Echoes;tournament;Clash of Imaginary Entities;3;Positioning;Balor;139930;Celtic Myth - Fomorians;2;192;0;606;19;2385;2295
26/27;2026-10-03;Arena of Echoes;tournament;Clash of Imaginary Entities;3;Positioning;Jean-Luc Picard;56338;Star Trek - Federation;2;217;0;635;12;2385;2319
26/27;2026-10-03;Arena of Echoes;tournament;Clash of Imaginary Entities;3;Positioning;Luke Skywalker;91905;Star Wars - Jedi Order;2;222;0;677;3;2385;2360
26/27;2026-10-03;Arena of Echoes;tournament;Clash of Imaginary Entities;3;Positioning;Harry Potter;52082;Harry Potter - Order of the Phoenix;2;241;0;653;8;2385;2332
26/27;2026-10-03;Arena of Echoes;tournament;Clash of Imaginary Entities;3;Positioning;Abaddon the Despoiler;54558;Warhammer 40K - Chaos;3;225;0;824;19;2601;2599
26/27;2026-10-03;Arena of Echoes;tournament;Clash of Imaginary Entities;3;Positioning;Worf;67335;Star Trek - Klingon-Romulan;3;214;0;837;17;2601;2599
26/27;2026-10-03;Arena of Echoes;tournament;Clash of Imaginary Entities;3;Positioning;Zeus;139274;Greek Myth - Olympians;3;227;0;906;3;2601;2664
26/27;2026-10-03;Arena of Echoes;tournament;Clash of Imaginary Entities;3;Positioning;Cronus;174393;Greek Myth - Titans & Primordials;3;221;0;838;15;2601;2594
26/27;2026-10-03;Arena of Echoes;tournament;Clash of Imaginary Entities;3;Positioning;Tiamat;190311;Mesopotamian Myth - Chaos Ancients;3;219;0;880;5;2601;2619
26/27;2026-10-03;Arena of Echoes;tournament;Clash of Imaginary Entities;3;Positioning;Gandalf;98265;Lord of the Rings - Free Peoples;3;222;0;864;9;2601;2601
26/27;2026-10-03;Arena of Echoes;tournament;Clash of Imaginary Entities;3;Positioning;Mahishasura;137200;Hindu Myth - Asuras;3;236;0;900;4;2601;2622
26/27;2026-10-03;Arena of Echoes;tournament;Clash of Imaginary Entities;3;Positioning;The Dagda;143101;Celtic Myth - Tuatha De Danann;3;214;0;838;16;2601;2560
26/27;2026-10-03;Arena of Echoes;tournament;Clash of Imaginary Entities;3;Positioning;Marduk;188458;Mesopotamian Myth - Sky Kings;3;207;0;939;1;2601;2644
26/27;2026-10-03;Arena of Echoes;tournament;Clash of Imaginary Entities;3;Positioning;Darth Vader;68024;Star Wars - Sith Empire;3;217;0;843;14;2601;2546
26/27;2026-10-03;Arena of Echoes;tournament;Clash of Imaginary Entities;3;Positioning;Osiris;179670;Egyptian Myth - Underworld Powers;3;213;0;847;13;2601;2549
26/27;2026-10-03;Arena of Echoes;tournament;Clash of Imaginary Entities;3;Positioning;Commander Shepard;85142;Mass Effect - Alliance Crew;3;218;0;869;7;2601;2569
26/27;2026-10-03;Arena of Echoes;tournament;Clash of Imaginary Entities;3;Positioning;Cersei Lannister;95962;Game of Thrones - Lannister-Crown;3;231;0;879;6;2601;2574
26/27;2026-10-03;Arena of Echoes;tournament;Clash of Imaginary Entities;3;Positioning;Odin;126765;Norse Myth - Aesir;3;196;0;856;11;2601;2551
26/27;2026-10-03;Arena of Echoes;tournament;Clash of Imaginary Entities;3;Positioning;Feyd-Rautha;56698;Dune - Harkonnen-Sardaukar;3;215;0;830;18;2601;2522
26/27;2026-10-03;Arena of Echoes;tournament;Clash of Imaginary Entities;3;Positioning;Illusive Man;86178;Mass Effect - Cerberus-Reapers;3;210;0;868;8;2601;2558
26/27;2026-10-03;Arena of Echoes;tournament;Clash of Imaginary Entities;3;Positioning;Balor;139930;Celtic Myth - Fomorians;3;190;0;796;20;2601;2485
26/27;2026-10-03;Arena of Echoes;tournament;Clash of Imaginary Entities;3;Positioning;Jean-Luc Picard;56338;Star Trek - Federation;3;219;0;854;12;2601;2538
26/27;2026-10-03;Arena of Echoes;tournament;Clash of Imaginary Entities;3;Positioning;Luke Skywalker;91905;Star Wars - Jedi Order;3;240;0;917;2;2601;2600
26/27;2026-10-03;Arena of Echoes;tournament;Clash of Imaginary Entities;3;Positioning;Harry Potter;52082;Harry Potter - Order of the Phoenix;3;203;0;856;10;2601;2535
26/27;2026-10-03;Arena of Echoes;tournament;Clash of Imaginary Entities;4;Elimination;Zeus;139274;Greek Myth - Olympians;0;214;0;214;2;;2878
26/27;2026-10-03;Arena of Echoes;tournament;Clash of Imaginary Entities;4;Elimination;Marduk;188458;Mesopotamian Myth - Sky Kings;0;185;0;185;5;;2829
26/27;2026-10-03;Arena of Echoes;tournament;Clash of Imaginary Entities;4;Elimination;Mahishasura;137200;Hindu Myth - Asuras;0;209;0;209;3;;2831
26/27;2026-10-03;Arena of Echoes;tournament;Clash of Imaginary Entities;4;Elimination;Tiamat;190311;Mesopotamian Myth - Chaos Ancients;0;222;0;222;1;;2841
26/27;2026-10-03;Arena of Echoes;tournament;Clash of Imaginary Entities;4;Elimination;Gandalf;98265;Lord of the Rings - Free Peoples;0;200;0;200;4;;2801
26/27;2026-10-03;Arena of Echoes;tournament;Clash of Imaginary Entities;4;Elimination;Tiamat;190311;Mesopotamian Myth - Chaos Ancients;1;201;0;423;2;;3042
26/27;2026-10-03;Arena of Echoes;tournament;Clash of Imaginary Entities;4;Elimination;Zeus;139274;Greek Myth - Olympians;1;224;0;438;1;;3102
26/27;2026-10-03;Arena of Echoes;tournament;Clash of Imaginary Entities;4;Elimination;Mahishasura;137200;Hindu Myth - Asuras;1;197;0;406;4;;3028
26/27;2026-10-03;Arena of Echoes;tournament;Clash of Imaginary Entities;4;Elimination;Gandalf;98265;Lord of the Rings - Free Peoples;1;222;0;422;3;;3023
26/27;2026-10-03;Arena of Echoes;tournament;Clash of Imaginary Entities;4;Elimination;Zeus;139274;Greek Myth - Olympians;2;224;0;662;1;;3326
26/27;2026-10-03;Arena of Echoes;tournament;Clash of Imaginary Entities;4;Elimination;Gandalf;98265;Lord of the Rings - Free Peoples;2;225;0;647;2;;3248
26/27;2026-10-03;Arena of Echoes;tournament;Clash of Imaginary Entities;4;Elimination;Tiamat;190311;Mesopotamian Myth - Chaos Ancients;2;213;0;636;3;;3255
26/27;2026-10-03;Arena of Echoes;tournament;Clash of Imaginary Entities;4;Elimination;Gandalf;98265;Lord of the Rings - Free Peoples;3;223;0;870;2;;3471
26/27;2026-10-03;Arena of Echoes;tournament;Clash of Imaginary Entities;4;Elimination;Zeus;139274;Greek Myth - Olympians;3;236;0;898;1;;3562
