Season;Date;Location;Event Type;Event Name;Round Number;Round Name;Player;Player ID;Club;Game Number;Score;Handicap;Cumulative Score;Stage Rank;Cut Line;Overall Cumulative Score
24/25;2024-09-18;The Nexus Bowl;tournament;Geek Masters Invitational;1;Qualifying;Luke Skywalker;91905;Star Wars - Jedi Order;0;238;0;238;2;193;238
24/25;2024-09-18;The Nexus Bowl;tournament;Geek Masters Invitational;1;Qualifying;Obi-Wan Kenobi;57296;Star Wars - Jedi Order;0;158;0;158;70;193;158
24/25;2024-09-18;The Nexus Bowl;tournament;Geek Masters Invitational;1;Qualifying;Ahsoka Tano;51639;Star Wars - Jedi Order;0;209;0;209;17;193;209
24/25;2024-09-18;The Nexus Bowl;tournament;Geek Masters Invitational;1;Qualifying;Mace Windu;98598;Star Wars - Jedi Order;0;172;0;172;62;193;172
24/25;2024-09-18;The Nexus Bowl;tournament;Geek Masters Invitational;1;Qualifying;Darth Vader;68024;Star Wars - Sith Empire;0;210;0;210;16;193;210
24/25;2024-09-18;The Nexus Bowl;tournament;Geek Masters Invitational;1;Qualifying;Emperor Palpatine;66049;Star Wars - Sith Empire;0;202;0;202;27;193;202
24/25;2024-09-18;The Nexus Bowl;tournament;Geek Masters Invitational;1;Qualifying;Darth Maul;64628;Star Wars - Sith Empire;0;186;0;186;46;193;186
24/25;2024-09-18;The Nexus Bowl;tournament;Geek Masters Invitational;1;Qualifying;Count Dooku;59144;Star Wars - Sith Empire;0;179;0;179;57;193;179
24/25;2024-09-18;The Nexus Bowl;tournament;Geek Masters Invitational;1;Qualifying;Gandalf;98265;Lord of the Rings - Free Peoples;0;209;0;209;18;193;209
24/25;2024-09-18;The Nexus Bowl;tournament;Geek Masters Invitational;1;Qualifying;Aragorn;56717;Lord of the Rings - Free Peoples;0;183;0;183;50;193;183
24/25;2024-09-18;The Nexus Bowl;tournament;Geek Masters Invitational;1;Qualifying;Legolas;94348;Lord of the Rings - Free Peoples;0;213;0;213;14;193;213
24/25;2024-09-18;The Nexus Bowl;tournament;Geek Masters Invitational;1;Qualifying;Gimli;98540;Lord of the Rings - Free Peoples;0;157;0;157;72;193;157
24/25;2024-09-18;The Nexus Bowl;tournament;Geek Masters Invitational;1;Qualifying;Sauron;85741;Lord of the Rings - Forces of Mordor;0;218;0;218;8;193;218
24/25;2024-09-18;The Nexus Bowl;tournament;Geek Masters Invitational;1;Qualifying;Witch-king;55697;Lord of the Rings - Forces of Mordor;0;193;0;193;40;193;193
24/25;2024-09-18;The Nexus Bowl;tournament;Geek Masters Invitational;1;Qualifying;Saruman;88698;Lord of the Rings - Forces of Mordor;0;203;0;203;26;193;203
24/25;2024-09-18;The Nexus Bowl;tournament;Geek Masters Invitational;1;Qualifying;Uruk-hai Lurtz;77651;Lord of the Rings - Forces of Mordor;0;185;0;185;49;193;185
24/25;2024-09-18;The Nexus Bowl;tournament;Geek Masters Invitational;1;Qualifying;Harry Potter;52082;Harry Potter - Order of the Phoenix;0;195;0;195;35;193;195
24/25;2024-09-18;The Nexus Bowl;tournament;Geek Masters Invitational;1;Qualifying;Hermione Granger;51952;Harry Potter - Order of the Phoenix;0;236;0;236;3;193;236
24/25;2024-09-18;The Nexus Bowl;tournament;Geek Masters Invitational;1;Qualifying;Albus Dumbledore;56140;Harry Potter - Order of the Phoenix;0;144;0;144;78;193;144
24/25;2024-09-18;The Nexus Bowl;tournament;Geek Masters Invitational;1;Qualifying;Severus Snape;64328;Harry Potter - Order of the Phoenix;0;158;0;158;71;193;158
24/25;2024-09-18;The Nexus Bowl;tournament;Geek Masters Invitational;1;Qualifying;Lord Voldemort;65247;Harry Potter - Death Eaters;0;203;0;203;25;193;203
24/25;2024-09-18;The Nexus Bowl;tournament;Geek Masters Invitational;1;Qualifying;Bellatrix Lestrange;83118;Harry Potter - Death Eaters;0;187;0;187;44;193;187
24/25;2024-09-18;The Nexus Bowl;tournament;Geek Masters Invitational;1;Qualifying;Lucius Malfoy;89453;Harry Potter - Death Eaters;0;169;0;169;63;193;169
24/25;2024-09-18;The Nexus Bowl;tournament;Geek Masters Invitational;1;Qualifying;Barty Crouch Jr.;51739;Harry Potter - Death Eaters;0;154;0;154;74;193;154
24/25;2024-09-18;The Nexus Bowl;tournament;Geek Masters Invitational;1;Qualifying;Jon Snow;86781;Game of Thrones - Stark-Targaryen Alliance;0;219;0;219;7;193;219
24/25;2024-09-18;The Nexus Bowl;tournament;Geek Masters Invitational;1;Qualifying;Daenerys Targaryen;63031;Game of Thrones - Stark-Targaryen Alliance;0;181;0;181;55;193;181
24/25;2024-09-18;The Nexus Bowl;tournament;Geek Masters Invitational;1;Qualifying;Arya Stark;96925;Game of Thrones - Stark-Targaryen Alliance;0;160;0;160;69;193;160
24/25;2024-09-18;The Nexus Bowl;tournament;Geek Masters Invitational;1;Qualifying;Bran Stark;92590;Game of Thrones - Stark-Targaryen Alliance;0;145;0;145;77;193;145
24/25;2024-09-18;The Nexus Bowl;tournament;Geek Masters Invitational;1;Qualifying;Cersei Lannister;95962;Game of Thrones - Lannister-Crown;0;206;0;206;19;193;206
24/25;2024-09-18;The Nexus Bowl;tournament;Geek Masters Invitational;1;Qualifying;Jaime Lannister;85713;Game of Thrones - Lannister-Crown;0;196;0;196;32;193;196
24/25;2024-09-18;The Nexus Bowl;tournament;Geek Masters Invitational;1;Qualifying;Tywin Lannister;77493;Game of Thrones - Lannister-Crown;0;193;0;193;39;193;193
24/25;2024-09-18;The Nexus Bowl;tournament;Geek Masters Invitational;1;Qualifying;The Mountain;64446;Game of Thrones - Lannister-Crown;0;169;0;169;64;193;169
24/25;2024-09-18;The Nexus Bowl;tournament;Geek Masters Invitational;1;Qualifying;Kyle Katarn;79439;LucasArts Games - Jedi Knight Era;0;187;0;187;45;193;187
24/25;2024-09-18;The Nexus Bowl;tournament;Geek Masters Invitational;1;Qualifying;Mara Jade;88618;LucasArts Games - Jedi Knight Era;0;201;0;201;29;193;201
24/25;2024-09-18;The Nexus Bowl;tournament;Geek Masters Invitational;1;Qualifying;Jaden Korr;68231;LucasArts Games - Jedi Knight Era;0;165;0;165;67;193;165
24/25;2024-09-18;The Nexus Bowl;tournament;Geek Masters Invitational;1;Qualifying;Jan Ors;50425;LucasArts Games - Jedi Knight Era;0;179;0;179;58;193;179
24/25;2024-09-18;The Nexus Bowl;tournament;Geek Masters Invitational;1;Qualifying;Guybrush Threepwood;99729;LucasArts Games - Monkey Island & Legacy;0;255;0;255;1;193;255
24/25;2024-09-18;The Nexus Bowl;tournament;Geek Masters Invitational;1;Qualifying;LeChuck;60463;LucasArts Games - Monkey Island & Legacy;0;214;0;214;13;193;214
24/25;2024-09-18;The Nexus Bowl;tournament;Geek Masters Invitational;1;Qualifying;Elaine Marley;95753;LucasArts Games - Monkey Island & Legacy;0;183;0;183;51;193;183
24/25;2024-09-18;The Nexus Bowl;tournament;Geek Masters Invitational;1;Qualifying;Manny Calavera;77696;LucasArts Games - Monkey Island & Legacy;0;157;0;157;73;193;157
24/25;2024-09-18;The Nexus Bowl;tournament;Geek Masters Invitational;1;Qualifying;Paul Atreides;72298;Dune - House Atreides;0;191;0;191;43;193;191
24/25;2024-09-18;The Nexus Bowl;tournament;Geek Masters Invitational;1;Qualifying;Lady Jessica;68210;Dune - House Atreides;0;193;0;193;37;193;193
24/25;2024-09-18;The Nexus Bowl;tournament;Geek Masters Invitational;1;Qualifying;Duncan Idaho;60189;Dune - House Atreides;0;194;0;194;36;193;194
24/25;2024-09-18;The Nexus Bowl;tournament;Geek Masters Invitational;1;Qualifying;Gurney Halleck;64110;Dune - House Atreides;0;153;0;153;75;193;153
24/25;2024-09-18;The Nexus Bowl;tournament;Geek Masters Invitational;1;Qualifying;Baron Harkonnen;72059;Dune - Harkonnen-Sardaukar;0;215;0;215;11;193;215
24/25;2024-09-18;The Nexus Bowl;tournament;Geek Masters Invitational;1;Qualifying;Feyd-Rautha;56698;Dune - Harkonnen-Sardaukar;0;199;0;199;31;193;199
24/25;2024-09-18;The Nexus Bowl;tournament;Geek Masters Invitational;1;Qualifying;Count Fenring;56078;Dune - Harkonnen-Sardaukar;0;206;0;206;21;193;206
24/25;2024-09-18;The Nexus Bowl;tournament;Geek Masters Invitational;1;Qualifying;Glossu Rabban;74898;Dune - Harkonnen-Sardaukar;0;148;0;148;76;193;148
24/25;2024-09-18;The Nexus Bowl;tournament;Geek Masters Invitational;1;Qualifying;Jean-Luc Picard;56338;Star Trek - Federation;0;203;0;203;24;193;203
24/25;2024-09-18;The Nexus Bowl;tournament;Geek Masters Invitational;1;Qualifying;Spock;73526;Star Trek - Federation;0;212;0;212;15;193;212
24/25;2024-09-18;The Nexus Bowl;tournament;Geek Masters Invitational;1;Qualifying;Benjamin Sisko;72541;Star Trek - Federation;0;177;0;177;60;193;177
24/25;2024-09-18;The Nexus Bowl;tournament;Geek Masters Invitational;1;Qualifying;Kathryn Janeway;89565;Star Trek - Federation;0;141;0;141;79;193;141
24/25;2024-09-18;The Nexus Bowl;tournament;Geek Masters Invitational;1;Qualifying;Worf;67335;Star Trek - Klingon-Romulan;0;222;0;222;6;193;222
24/25;2024-09-18;The Nexus Bowl;tournament;Geek Masters Invitational;1;Qualifying;Gowron;52847;Star Trek - Klingon-Romulan;0;216;0;216;9;193;216
24/25;2024-09-18;The Nexus Bowl;tournament;Geek Masters Invitational;1;Qualifying;Commander Sela;97823;Star Trek - Klingon-Romulan;0;182;0;182;53;193;182
24/25;2024-09-18;The Nexus Bowl;tournament;Geek Masters Invitational;1;Qualifying;General Chang;80108;Star Trek - Klingon-Romulan;0;200;0;200;30;193;200
24/25;2024-09-18;The Nexus Bowl;tournament;Geek Masters Invitational;1;Qualifying;Commander Shepard;85142;Mass Effect - Alliance Crew;0;206;0;206;20;193;206
24/25;2024-09-18;The Nexus Bowl;tournament;Geek Masters Invitational;1;Qualifying;Garrus Vakarian;58180;Mass Effect - Alliance Crew;0;201;0;201;28;193;201
24/25;2024-09-18;The Nexus Bowl;tournament;Geek Masters Invitational;1;Qualifying;Liara T'Soni;74807;Mass Effect - Alliance Crew;0;192;0;192;41;193;192
24/25;2024-09-18;The Nexus Bowl;tournament;Geek Masters Invitational;1;Qualifying;Tali'Zorah;55164;Mass Effect - Alliance Crew;0;177;0;177;61;193;177
24/25;2024-09-18;The Nexus Bowl;tournament;Geek Masters Invitational;1;Qualifying;Illusive Man;86178;Mass Effect - Cerberus-Reapers;0;222;0;222;5;193;222
24/25;2024-09-18;The Nexus Bowl;tournament;Geek Masters Invitational;1;Qualifying;Harbinger;69213;Mass Effect - Cerberus-Reapers;0;214;0;214;12;193;214
24/25;2024-09-18;The Nexus Bowl;tournament;Geek Masters Invitational;1;Qualifying;Kai Leng;91198;Mass Effect - Cerberus-Reapers;0;182;0;182;54;193;182
24/25;2024-09-18;The Nexus Bowl;tournament;Geek Masters Invitational;1;Qualifying;Saren Arterius;90535;Mass Effect - Cerberus-Reapers;0;183;0;183;52;193;183
24/25;2024-09-18;The Nexus Bowl;tournament;Geek Masters Invitational;1;Qualifying;Roboute Guilliman;73700;Warhammer 40K - Imperium;0;178;0;178;59;193;178
24/25;2024-09-18;The Nexus Bowl;tournament;Geek Masters Invitational;1;Qualifying;Marneus Calgar;87837;Warhammer 40K - Imperium;0;192;0;192;42;193;192
24/25;2024-09-18;The Nexus Bowl;tournament;Geek Masters Invitational;1;Qualifying;Saint Celestine;62601;Warhammer 40K - Imperium;0;185;0;185;47;193;185
24/25;2024-09-18;The Nexus Bowl;tournament;Geek Masters Invitational;1;Qualifying;Inquisitor Eisenhorn;96174;Warhammer 40K - Imperium;0;139;0;139;80;193;139
24/25;2024-09-18;The Nexus Bowl;tournament;Geek Masters Invitational;1;Qualifying;Abaddon the Despoiler;54558;Warhammer 40K - Chaos;0;222;0;222;4;193;222
24/25;2024-09-18;The Nexus Bowl;tournament;Geek Masters Invitational;1;Qualifying;Magnus the Red;53003;Warhammer 40K - Chaos;0;196;0;196;33;193;196
24/25;2024-09-18;The Nexus Bowl;tournament;Geek Masters Invitational;1;Qualifying;Ahriman;93336;Warhammer 40K - Chaos;0;195;0;195;34;193;195
24/25;2024-09-18;The Nexus Bowl;tournament;Geek Masters Invitational;1;Qualifying;Kharn the Betrayer;64935;Warhammer 40K - Chaos;0;168;0;168;65;193;168
24/25;2024-09-18;The Nexus Bowl;tournament;Geek Masters Invitational;1;Qualifying;Mickey Mouse;68965;Disney Characters - Disney Heroes;0;216;0;216;10;193;216
24/25;2024-09-18;The Nexus Bowl;tournament;Geek Masters Invitational;1;Qualifying;Mulan;55229;Disney Characters - Disney Heroes;0;204;0;204;23;193;204
24/25;2024-09-18;The Nexus Bowl;tournament;Geek Masters Invitational;1;Qualifying;Simba;65256;Disney Characters - Disney Heroes;0;185;0;185;48;193;185
24/25;2024-09-18;The Nexus Bowl;tournament;Geek Masters Invitational;1;Qualifying;Moana;56619;Disney Characters - Disney Heroes;0;167;0;167;66;193;167
24/25;2024-09-18;The Nexus Bowl;tournament;Geek Masters Invitational;1;Qualifying;Maleficent;74911;Disney Characters - Disney Villains;0;206;0;206;22;193;206
24/25;2024-09-18;The Nexus Bowl;tournament;Geek Masters Invitational;1;Qualifying;Scar;68217;Disney Characters - Disney Villains;0;193;0;193;38;193;193
24/25;2024-09-18;The Nexus Bowl;tournament;Geek Masters Invitational;1;Qualifying;Ursula;79714;Disney Characters - Disney Villains;0;180;0;180;56;193;180
24/25;2024-09-18;The Nexus Bowl;tournament;Geek Masters Invitational;1;Qualifying;Jafar;91660;Disney Characters - Disney Villains;0;163;0;163;68;193;163
24/25;2024-09-18;The Nexus Bowl;tournament;Geek Masters Invitational;1;Qualifying;Luke Skywalker;91905;Star Wars - Jedi Order;1;230;0;468;2;389;468
24/25;2024-09-18;The Nexus Bowl;tournament;Geek Masters Invitational;1;Qualifying;Obi-Wan Kenobi;57296;Star Wars - Jedi Order;1;192;0;350;62;389;350
24/25;2024-09-18;The Nexus Bowl;tournament;Geek Masters Invitational;1;Qualifying;Ahsoka Tano;51639;Star Wars - Jedi Order;1;206;0;415;18;389;415
24/25;2024-09-18;The Nexus Bowl;tournament;Geek Masters Invitational;1;Qualifying;Mace Windu;98598;Star Wars - Jedi Order;1;174;0;346;63;389;346
24/25;2024-09-18;The Nexus Bowl;tournament;Geek Masters Invitational;1;Qualifying;Darth Vader;68024;Star Wars - Sith Empire;1;182;0;392;35;389;392
24/25;2024-09-18;The Nexus Bowl;tournament;Geek Masters Invitational;1;Qualifying;Emperor Palpatine;66049;Star Wars - Sith Empire;1;198;0;400;27;389;400
24/25;2024-09-18;The Nexus Bowl;tournament;Geek Masters Invitational;1;Qualifying;Darth Maul;64628;Star Wars - Sith Empire;1;208;0;394;32;389;394
24/25;2024-09-18;The Nexus Bowl;tournament;Geek Masters Invitational;1;Qualifying;Count Dooku;59144;Star Wars - Sith Empire;1;158;0;337;67;389;337
24/25;2024-09-18;The Nexus Bowl;tournament;Geek Masters Invitational;1;Qualifying;Gandalf;98265;Lord of the Rings - Free Peoples;1;230;0;439;7;389;439
24/25;2024-09-18;The Nexus Bowl;tournament;Geek Masters Invitational;1;Qualifying;Aragorn;56717;Lord of the Rings - Free Peoples;1;206;0;389;40;389;389
24/25;2024-09-18;The Nexus Bowl;tournament;Geek Masters Invitational;1;Qualifying;Legolas;94348;Lord of the Rings - Free Peoples;1;181;0;394;33;389;394
24/25;2024-09-18;The Nexus Bowl;tournament;Geek Masters Invitational;1;Qualifying;Gimli;98540;Lord of the Rings - Free Peoples;1;154;0;311;76;389;311
24/25;2024-09-18;The Nexus Bowl;tournament;Geek Masters Invitational;1;Qualifying;Sauron;85741;Lord of the Rings - Forces of Mordor;1;221;0;439;9;389;439
24/25;2024-09-18;The Nexus Bowl;tournament;Geek Masters Invitational;1;Qualifying;Witch-king;55697;Lord of the Rings - Forces of Mordor;1;173;0;366;55;389;366
24/25;2024-09-18;The Nexus Bowl;tournament;Geek Masters Invitational;1;Qualifying;Saruman;88698;Lord of the Rings - Forces of Mordor;1;191;0;394;34;389;394
24/25;2024-09-18;The Nexus Bowl;tournament;Geek Masters Invitational;1;Qualifying;Uruk-hai Lurtz;77651;Lord of the Rings - Forces of Mordor;1;149;0;334;68;389;334
24/25;2024-09-18;The Nexus Bowl;tournament;Geek Masters Invitational;1;Qualifying;Harry Potter;52082;Harry Potter - Order of the Phoenix;1;232;0;427;11;389;427
24/25;2024-09-18;The Nexus Bowl;tournament;Geek Masters Invitational;1;Qualifying;Hermione Granger;51952;Harry Potter - Order of the Phoenix;1;209;0;445;5;389;445
24/25;2024-09-18;The Nexus Bowl;tournament;Geek Masters Invitational;1;Qualifying;Albus Dumbledore;56140;Harry Potter - Order of the Phoenix;1;164;0;308;78;389;308
24/25;2024-09-18;The Nexus Bowl;tournament;Geek Masters Invitational;1;Qualifying;Severus Snape;64328;Harry Potter - Order of the Phoenix;1;175;0;333;69;389;333
24/25;2024-09-18;The Nexus Bowl;tournament;Geek Masters Invitational;1;Qualifying;Lord Voldemort;65247;Harry Potter - Death Eaters;1;212;0;415;19;389;415
24/25;2024-09-18;The Nexus Bowl;tournament;Geek Masters Invitational;1;Qualifying;Bellatrix Lestrange;83118;Harry Potter - Death Eaters;1;192;0;379;49;389;379
24/25;2024-09-18;The Nexus Bowl;tournament;Geek Masters Invitational;1;Qualifying;Lucius Malfoy;89453;Harry Potter - Death Eaters;1;173;0;342;64;389;342
24/25;2024-09-18;The Nexus Bowl;tournament;Geek Masters Invitational;1;Qualifying;Barty Crouch Jr.;51739;Harry Potter - Death Eaters;1;156;0;310;77;389;310
24/25;2024-09-18;The Nexus Bowl;tournament;Geek Masters Invitational;1;Qualifying;Jon Snow;86781;Game of Thrones - Stark-Targaryen Alliance;1;224;0;443;6;389;443
24/25;2024-09-18;The Nexus Bowl;tournament;Geek Masters Invitational;1;Qualifying;Daenerys Targaryen;63031;Game of Thrones - Stark-Targaryen Alliance;1;221;0;402;25;389;402
24/25;2024-09-18;The Nexus Bowl;tournament;Geek Masters Invitational;1;Qualifying;Arya Stark;96925;Game of Thrones - Stark-Targaryen Alliance;1;180;0;340;65;389;340
24/25;2024-09-18;The Nexus Bowl;tournament;Geek Masters Invitational;1;Qualifying;Bran Stark;92590;Game of Thrones - Stark-Targaryen Alliance;1;156;0;301;80;389;301
24/25;2024-09-18;The Nexus Bowl;tournament;Geek Masters Invitational;1;Qualifying;Cersei Lannister;95962;Game of Thrones - Lannister-Crown;1;214;0;420;15;389;420
24/25;2024-09-18;The Nexus Bowl;tournament;Geek Masters Invitational;1;Qualifying;Jaime Lannister;85713;Game of Thrones - Lannister-Crown;1;196;0;392;37;389;392
24/25;2024-09-18;The Nexus Bowl;tournament;Geek Masters Invitational;1;Qualifying;Tywin Lannister;77493;Game of Thrones - Lannister-Crown;1;218;0;411;21;389;411
24/25;2024-09-18;The Nexus Bowl;tournament;Geek Masters Invitational;1;Qualifying;The Mountain;64446;Game of Thrones - Lannister-Crown;1;170;0;339;66;389;339
24/25;2024-09-18;The Nexus Bowl;tournament;Geek Masters Invitational;1;Qualifying;Kyle Katarn;79439;LucasArts Games - Jedi Knight Era;1;204;0;391;38;389;391
24/25;2024-09-18;The Nexus Bowl;tournament;Geek Masters Invitational;1;Qualifying;Mara Jade;88618;LucasArts Games - Jedi Knight Era;1;195;0;396;30;389;396
24/25;2024-09-18;The Nexus Bowl;tournament;Geek Masters Invitational;1;Qualifying;Jaden Korr;68231;LucasArts Games - Jedi Knight Era;1;194;0;359;58;389;359
24/25;2024-09-18;The Nexus Bowl;tournament;Geek Masters Invitational;1;Qualifying;Jan Ors;50425;LucasArts Games - Jedi Knight Era;1;182;0;361;57;389;361
24/25;2024-09-18;The Nexus Bowl;tournament;Geek Masters Invitational;1;Qualifying;Guybrush Threepwood;99729;LucasArts Games - Monkey Island & Legacy;1;246;0;501;1;389;501
24/25;2024-09-18;The Nexus Bowl;tournament;Geek Masters Invitational;1;Qualifying;LeChuck;60463;LucasArts Games - Monkey Island & Legacy;1;198;0;412;20;389;412
24/25;2024-09-18;The Nexus Bowl;tournament;Geek Masters Invitational;1;Qualifying;Elaine Marley;95753;LucasArts Games - Monkey Island & Legacy;1;191;0;374;51;389;374
24/25;2024-09-18;The Nexus Bowl;tournament;Geek Masters Invitational;1;Qualifying;Manny Calavera;77696;LucasArts Games - Monkey Island & Legacy;1;150;0;307;79;389;307
24/25;2024-09-18;The Nexus Bowl;tournament;Geek Masters Invitational;1;Qualifying;Paul Atreides;72298;Dune - House Atreides;1;194;0;385;43;389;385
24/25;2024-09-18;The Nexus Bowl;tournament;Geek Masters Invitational;1;Qualifying;Lady Jessica;68210;Dune - House Atreides;1;189;0;382;45;389;382
24/25;2024-09-18;The Nexus Bowl;tournament;Geek Masters Invitational;1;Qualifying;Duncan Idaho;60189;Dune - House Atreides;1;189;0;383;44;389;383
24/25;2024-09-18;The Nexus Bowl;tournament;Geek Masters Invitational;1;Qualifying;Gurney Halleck;64110;Dune - House Atreides;1;170;0;323;70;389;323
24/25;2024-09-18;The Nexus Bowl;tournament;Geek Masters Invitational;1;Qualifying;Baron Harkonnen;72059;Dune - Harkonnen-Sardaukar;1;185;0;400;26;389;400
24/25;2024-09-18;The Nexus Bowl;tournament;Geek Masters Invitational;1;Qualifying;Feyd-Rautha;56698;Dune - Harkonnen-Sardaukar;1;201;0;400;28;389;400
24/25;2024-09-18;The Nexus Bowl;tournament;Geek Masters Invitational;1;Qualifying;Count Fenring;56078;Dune - Harkonnen-Sardaukar;1;202;0;408;22;389;408
24/25;2024-09-18;The Nexus Bowl;tournament;Geek Masters Invitational;1;Qualifying;Glossu Rabban;74898;Dune - Harkonnen-Sardaukar;1;168;0;316;73;389;316
24/25;2024-09-18;The Nexus Bowl;tournament;Geek Masters Invitational;1;Qualifying;Jean-Luc Picard;56338;Star Trek - Federation;1;217;0;420;16;389;420
24/25;2024-09-18;The Nexus Bowl;tournament;Geek Masters Invitational;1;Qualifying;Spock;73526;Star Trek - Federation;1;192;0;404;24;389;404
24/25;2024-09-18;The Nexus Bowl;tournament;Geek Masters Invitational;1;Qualifying;Benjamin Sisko;72541;Star Trek - Federation;1;180;0;357;59;389;357
24/25;2024-09-18;The Nexus Bowl;tournament;Geek Masters Invitational;1;Qualifying;Kathryn Janeway;89565;Star Trek - Federation;1;174;0;315;75;389;315
24/25;2024-09-18;The Nexus Bowl;tournament;Geek Masters Invitational;1;Qualifying;Worf;67335;Star Trek - Klingon-Romulan;1;209;0;431;10;389;431
24/25;2024-09-18;The Nexus Bowl;tournament;Geek Masters Invitational;1;Qualifying;Gowron;52847;Star Trek - Klingon-Romulan;1;223;0;439;8;389;439
24/25;2024-09-18;The Nexus Bowl;tournament;Geek Masters Invitational;1;Qualifying;Commander Sela;97823;Star Trek - Klingon-Romulan;1;197;0;379;50;389;379
24/25;2024-09-18;The Nexus Bowl;tournament;Geek Masters Invitational;1;Qualifying;General Chang;80108;Star Trek - Klingon-Romulan;1;154;0;354;60;389;354
24/25;2024-09-18;The Nexus Bowl;tournament;Geek Masters Invitational;1;Qualifying;Commander Shepard;85142;Mass Effect - Alliance Crew;1;216;0;422;14;389;422
24/25;2024-09-18;The Nexus Bowl;tournament;Geek Masters Invitational;1;Qualifying;Garrus Vakarian;58180;Mass Effect - Alliance Crew;1;191;0;392;36;389;392
24/25;2024-09-18;The Nexus Bowl;tournament;Geek Masters Invitational;1;Qualifying;Liara T'Soni;74807;Mass Effect - Alliance Crew;1;190;0;382;46;389;382
24/25;2024-09-18;The Nexus Bowl;tournament;Geek Masters Invitational;1;Qualifying;Tali'Zorah;55164;Mass Effect - Alliance Crew;1;212;0;389;41;389;389
24/25;2024-09-18;The Nexus Bowl;tournament;Geek Masters Invitational;1;Qualifying;Illusive Man;86178;Mass Effect - Cerberus-Reapers;1;234;0;456;3;389;456
24/25;2024-09-18;The Nexus Bowl;tournament;Geek Masters Invitational;1;Qualifying;Harbinger;69213;Mass Effect - Cerberus-Reapers;1;211;0;425;12;389;425
24/25;2024-09-18;The Nexus Bowl;tournament;Geek Masters Invitational;1;Qualifying;Kai Leng;91198;Mass Effect - Cerberus-Reapers;1;185;0;367;54;389;367
24/25;2024-09-18;The Nexus Bowl;tournament;Geek Masters Invitational;1;Qualifying;Saren Arterius;90535;Mass Effect - Cerberus-Reapers;1;198;0;381;48;389;381
24/25;2024-09-18;The Nexus Bowl;tournament;Geek Masters Invitational;1;Qualifying;Roboute Guilliman;73700;Warhammer 40K - Imperium;1;228;0;406;23;389;406
24/25;2024-09-18;The Nexus Bowl;tournament;Geek Masters Invitational;1;Qualifying;Marneus Calgar;87837;Warhammer 40K - Imperium;1;207;0;399;29;389;399
24/25;2024-09-18;The Nexus Bowl;tournament;Geek Masters Invitational;1;Qualifying;Saint Celestine;62601;Warhammer 40K - Imperium;1;188;0;373;52;389;373
24/25;2024-09-18;The Nexus Bowl;tournament;Geek Masters Invitational;1;Qualifying;Inquisitor Eisenhorn;96174;Warhammer 40K - Imperium;1;176;0;315;74;389;315
24/25;2024-09-18;The Nexus Bowl;tournament;Geek Masters Invitational;1;Qualifying;Abaddon the Despoiler;54558;Warhammer 40K - Chaos;1;226;0;448;4;389;448
24/25;2024-09-18;The Nexus Bowl;tournament;Geek Masters Invitational;1;Qualifying;Magnus the Red;53003;Warhammer 40K - Chaos;1;185;0;381;47;389;381
24/25;2024-09-18;The Nexus Bowl;tournament;Geek Masters Invitational;1;Qualifying;Ahriman;93336;Warhammer 40K - Chaos;1;176;0;371;53;389;371
24/25;2024-09-18;The Nexus Bowl;tournament;Geek Masters Invitational;1;Qualifying;Kharn the Betrayer;64935;Warhammer 40K - Chaos;1;151;0;319;72;389;319
24/25;2024-09-18;The Nexus Bowl;tournament;Geek Masters Invitational;1;Qualifying;Mickey Mouse;68965;Disney Characters - Disney Heroes;1;209;0;425;13;389;425
24/25;2024-09-18;The Nexus Bowl;tournament;Geek Masters Invitational;1;Qualifying;Mulan;55229;Disney Characters - Disney Heroes;1;192;0;396;31;389;396
24/25;2024-09-18;The Nexus Bowl;tournament;Geek Masters Invitational;1;Qualifying;Simba;65256;Disney Characters - Disney Heroes;1;206;0;391;39;389;391
24/25;2024-09-18;The Nexus Bowl;tournament;Geek Masters Invitational;1;Qualifying;Moana;56619;Disney Characters - Disney Heroes;1;184;0;351;61;389;351
24/25;2024-09-18;The Nexus Bowl;tournament;Geek Masters Invitational;1;Qualifying;Maleficent;74911;Disney Characters - Disney Villains;1;211;0;417;17;389;417
24/25;2024-09-18;The Nexus Bowl;tournament;Geek Masters Invitational;1;Qualifying;Scar;68217;Disney Characters - Disney Villains;1;194;0;387;42;389;387
24/25;2024-09-18;The Nexus Bowl;tournament;Geek Masters Invitational;1;Qualifying;Ursula;79714;Disney Characters - Disney Villains;1;183;0;363;56;389;363
24/25;2024-09-18;The Nexus Bowl;tournament;Geek Masters Invitational;1;Qualifying;Jafar;91660;Disney Characters - Disney Villains;1;159;0;322;71;389;322
24/25;2024-09-18;The Nexus Bowl;tournament;Geek Masters Invitational;1;Qualifying;Luke Skywalker;91905;Star Wars - Jedi Order;2;212;0;680;3;581;680
24/25;2024-09-18;The Nexus Bowl;tournament;Geek Masters Invitational;1;Qualifying;Obi-Wan Kenobi;57296;Star Wars - Jedi Order;2;207;0;557;55;581;557
24/25;2024-09-18;The Nexus Bowl;tournament;Geek Masters Invitational;1;Qualifying;Ahsoka Tano;51639;Star Wars - Jedi Order;2;199;0;614;22;581;614
24/25;2024-09-18;The Nexus Bowl;tournament;Geek Masters Invitational;1;Qualifying;Mace Windu;98598;Star Wars - Jedi Order;2;175;0;521;63;581;521
24/25;2024-09-18;The Nexus Bowl;tournament;Geek Masters Invitational;1;Qualifying;Darth Vader;68024;Star Wars - Sith Empire;2;204;0;596;34;581;596
24/25;2024-09-18;The Nexus Bowl;tournament;Geek Masters Invitational;1;Qualifying;Emperor Palpatine;66049;Star Wars - Sith Empire;2;209;0;609;26;581;609
24/25;2024-09-18;The Nexus Bowl;tournament;Geek Masters Invitational;1;Qualifying;Darth Maul;64628;Star Wars - Sith Empire;2;170;0;564;50;581;564
24/25;2024-09-18;The Nexus Bowl;tournament;Geek Masters Invitational;1;Qualifying;Count Dooku;59144;Star Wars - Sith Empire;2;163;0;500;68;581;500
24/25;2024-09-18;The Nexus Bowl;tournament;Geek Masters Invitational;1;Qualifying;Gandalf;98265;Lord of the Rings - Free Peoples;2;222;0;661;6;581;661
24/25;2024-09-18;The Nexus Bowl;tournament;Geek Masters Invitational;1;Qualifying;Aragorn;56717;Lord of the Rings - Free Peoples;2;221;0;610;25;581;610
24/25;2024-09-18;The Nexus Bowl;tournament;Geek Masters Invitational;1;Qualifying;Legolas;94348;Lord of the Rings - Free Peoples;2;169;0;563;51;581;563
24/25;2024-09-18;The Nexus Bowl;tournament;Geek Masters Invitational;1;Qualifying;Gimli;98540;Lord of the Rings - Free Peoples;2;155;0;466;77;581;466
24/25;2024-09-18;The Nexus Bowl;tournament;Geek Masters Invitational;1;Qualifying;Sauron;85741;Lord of the Rings - Forces of Mordor;2;244;0;683;2;581;683
24/25;2024-09-18;The Nexus Bowl;tournament;Geek Masters Invitational;1;Qualifying;Witch-king;55697;Lord of the Rings - Forces of Mordor;2;191;0;557;56;581;557
24/25;2024-09-18;The Nexus Bowl;tournament;Geek Masters Invitational;1;Qualifying;Saruman;88698;Lord of the Rings - Forces of Mordor;2;188;0;582;38;581;582
24/25;2024-09-18;The Nexus Bowl;tournament;Geek Masters Invitational;1;Qualifying;Uruk-hai Lurtz;77651;Lord of the Rings - Forces of Mordor;2;173;0;507;66;581;507
24/25;2024-09-18;The Nexus Bowl;tournament;Geek Masters Invitational;1;Qualifying;Harry Potter;52082;Harry Potter - Order of the Phoenix;2;207;0;634;14;581;634
24/25;2024-09-18;The Nexus Bowl;tournament;Geek Masters Invitational;1;Qualifying;Hermione Granger;51952;Harry Potter - Order of the Phoenix;2;211;0;656;7;581;656
24/25;2024-09-18;The Nexus Bowl;tournament;Geek Masters Invitational;1;Qualifying;Albus Dumbledore;56140;Harry Potter - Order of the Phoenix;2;188;0;496;70;581;496
24/25;2024-09-18;The Nexus Bowl;tournament;Geek Masters Invitational;1;Qualifying;Severus Snape;64328;Harry Potter - Order of the Phoenix;2;154;0;487;71;581;487
24/25;2024-09-18;The Nexus Bowl;tournament;Geek Masters Invitational;1;Qualifying;Lord Voldemort;65247;Harry Potter - Death Eaters;2;232;0;647;11;581;647
24/25;2024-09-18;The Nexus Bowl;tournament;Geek Masters Invitational;1;Qualifying;Bellatrix Lestrange;83118;Harry Potter - Death Eaters;2;188;0;567;48;581;567
24/25;2024-09-18;The Nexus Bowl;tournament;Geek Masters Invitational;1;Qualifying;Lucius Malfoy;89453;Harry Potter - Death Eaters;2;186;0;528;62;581;528
24/25;2024-09-18;The Nexus Bowl;tournament;Geek Masters Invitational;1;Qualifying;Barty Crouch Jr.;51739;Harry Potter - Death Eaters;2;170;0;480;73;581;480
24/25;2024-09-18;The Nexus Bowl;tournament;Geek Masters Invitational;1;Qualifying;Jon Snow;86781;Game of Thrones - Stark-Targaryen Alliance;2;224;0;667;4;581;667
24/25;2024-09-18;The Nexus Bowl;tournament;Geek Masters Invitational;1;Qualifying;Daenerys Targaryen;63031;Game of Thrones - Stark-Targaryen Alliance;2;198;0;600;33;581;600
24/25;2024-09-18;The Nexus Bowl;tournament;Geek Masters Invitational;1;Qualifying;Arya Stark;96925;Game of Thrones - Stark-Targaryen Alliance;2;179;0;519;64;581;519
24/25;2024-09-18;The Nexus Bowl;tournament;Geek Masters Invitational;1;Qualifying;Bran Stark;92590;Game of Thrones - Stark-Targaryen Alliance;2;160;0;461;78;581;461
24/25;2024-09-18;The Nexus Bowl;tournament;Geek Masters Invitational;1;Qualifying;Cersei Lannister;95962;Game of Thrones - Lannister-Crown;2;211;0;631;17;581;631
24/25;2024-09-18;The Nexus Bowl;tournament;Geek Masters Invitational;1;Qualifying;Jaime Lannister;85713;Game of Thrones - Lannister-Crown;2;211;0;603;30;581;603
24/25;2024-09-18;The Nexus Bowl;tournament;Geek Masters Invitational;1;Qualifying;Tywin Lannister;77493;Game of Thrones - Lannister-Crown;2;198;0;609;27;581;609
24/25;2024-09-18;The Nexus Bowl;tournament;Geek Masters Invitational;1;Qualifying;The Mountain;64446;Game of Thrones - Lannister-Crown;2;159;0;498;69;581;498
24/25;2024-09-18;The Nexus Bowl;tournament;Geek Masters Invitational;1;Qualifying;Kyle Katarn;79439;LucasArts Games - Jedi Knight Era;2;229;0;620;19;581;620
24/25;2024-09-18;The Nexus Bowl;tournament;Geek Masters Invitational;1;Qualifying;Mara Jade;88618;LucasArts Games - Jedi Knight Era;2;182;0;578;41;581;578
24/25;2024-09-18;The Nexus Bowl;tournament;Geek Masters Invitational;1;Qualifying;Jaden Korr;68231;LucasArts Games - Jedi Knight Era;2;211;0;570;46;581;570
24/25;2024-09-18;The Nexus Bowl;tournament;Geek Masters Invitational;1;Qualifying;Jan Ors;50425;LucasArts Games - Jedi Knight Era;2;180;0;541;59;581;541
24/25;2024-09-18;The Nexus Bowl;tournament;Geek Masters Invitational;1;Qualifying;Guybrush Threepwood;99729;LucasArts Games - Monkey Island & Legacy;2;215;0;716;1;581;716
24/25;2024-09-18;The Nexus Bowl;tournament;Geek Masters Invitational;1;Qualifying;LeChuck;60463;LucasArts Games - Monkey Island & Legacy;2;207;0;619;20;581;619
24/25;2024-09-18;The Nexus Bowl;tournament;Geek Masters Invitational;1;Qualifying;Elaine Marley;95753;LucasArts Games - Monkey Island & Legacy;2;198;0;572;44;581;572
24/25;2024-09-18;The Nexus Bowl;tournament;Geek Masters Invitational;1;Qualifying;Manny Calavera;77696;LucasArts Games - Monkey Island & Legacy;2;162;0;469;76;581;469
24/25;2024-09-18;The Nexus Bowl;tournament;Geek Masters Invitational;1;Qualifying;Paul Atreides;72298;Dune - House Atreides;2;198;0;583;37;581;583
24/25;2024-09-18;The Nexus Bowl;tournament;Geek Masters Invitational;1;Qualifying;Lady Jessica;68210;Dune - House Atreides;2;199;0;581;39;581;581
24/25;2024-09-18;The Nexus Bowl;tournament;Geek Masters Invitational;1;Qualifying;Duncan Idaho;60189;Dune - House Atreides;2;188;0;571;45;581;571
24/25;2024-09-18;The Nexus Bowl;tournament;Geek Masters Invitational;1;Qualifying;Gurney Halleck;64110;Dune - House Atreides;2;150;0;473;75;581;473
24/25;2024-09-18;The Nexus Bowl;tournament;Geek Masters Invitational;1;Qualifying;Baron Harkonnen;72059;Dune - Harkonnen-Sardaukar;2;202;0;602;31;581;602
24/25;2024-09-18;The Nexus Bowl;tournament;Geek Masters Invitational;1;Qualifying;Feyd-Rautha;56698;Dune - Harkonnen-Sardaukar;2;205;0;605;28;581;605
24/25;2024-09-18;The Nexus Bowl;tournament;Geek Masters Invitational;1;Qualifying;Count Fenring;56078;Dune - Harkonnen-Sardaukar;2;195;0;603;29;581;603
24/25;2024-09-18;The Nexus Bowl;tournament;Geek Masters Invitational;1;Qualifying;Glossu Rabban;74898;Dune - Harkonnen-Sardaukar;2;126;0;442;80;581;442
24/25;2024-09-18;The Nexus Bowl;tournament;Geek Masters Invitational;1;Qualifying;Jean-Luc Picard;56338;Star Trek - Federation;2;213;0;633;15;581;633
24/25;2024-09-18;The Nexus Bowl;tournament;Geek Masters Invitational;1;Qualifying;Spock;73526;Star Trek - Federation;2;210;0;614;23;581;614
24/25;2024-09-18;The Nexus Bowl;tournament;Geek Masters Invitational;1;Qualifying;Benjamin Sisko;72541;Star Trek - Federation;2;179;0;536;60;581;536
24/25;2024-09-18;The Nexus Bowl;tournament;Geek Masters Invitational;1;Qualifying;Kathryn Janeway;89565;Star Trek - Federation;2;135;0;450;79;581;450
24/25;2024-09-18;The Nexus Bowl;tournament;Geek Masters Invitational;1;Qualifying;Worf;67335;Star Trek - Klingon-Romulan;2;219;0;650;10;581;650
24/25;2024-09-18;The Nexus Bowl;tournament;Geek Masters Invitational;1;Qualifying;Gowron;52847;Star Trek - Klingon-Romulan;2;211;0;650;9;581;650
24/25;2024-09-18;The Nexus Bowl;tournament;Geek Masters Invitational;1;Qualifying;Commander Sela;97823;Star Trek - Klingon-Romulan;2;190;0;569;47;581;569
24/25;2024-09-18;The Nexus Bowl;tournament;Geek Masters Invitational;1;Qualifying;General Chang;80108;Star Trek - Klingon-Romulan;2;195;0;549;58;581;549
24/25;2024-09-18;The Nexus Bowl;tournament;Geek Masters Invitational;1;Qualifying;Commander Shepard;85142;Mass Effect - Alliance Crew;2;223;0;645;12;581;645
24/25;2024-09-18;The Nexus Bowl;tournament;Geek Masters Invitational;1;Qualifying;Garrus Vakarian;58180;Mass Effect - Alliance Crew;2;197;0;589;35;581;589
24/25;2024-09-18;The Nexus Bowl;tournament;Geek Masters Invitational;1;Qualifying;Liara T'Soni;74807;Mass Effect - Alliance Crew;2;181;0;563;52;581;563
24/25;2024-09-18;The Nexus Bowl;tournament;Geek Masters Invitational;1;Qualifying;Tali'Zorah;55164;Mass Effect - Alliance Crew;2;173;0;562;54;581;562
24/25;2024-09-18;The Nexus Bowl;tournament;Geek Masters Invitational;1;Qualifying;Illusive Man;86178;Mass Effect - Cerberus-Reapers;2;210;0;666;5;581;666
24/25;2024-09-18;The Nexus Bowl;tournament;Geek Masters Invitational;1;Qualifying;Harbinger;69213;Mass Effect - Cerberus-Reapers;2;207;0;632;16;581;632
24/25;2024-09-18;The Nexus Bowl;tournament;Geek Masters Invitational;1;Qualifying;Kai Leng;91198;Mass Effect - Cerberus-Reapers;2;183;0;550;57;581;550
24/25;2024-09-18;The Nexus Bowl;tournament;Geek Masters Invitational;1;Qualifying;Saren Arterius;90535;Mass Effect - Cerberus-Reapers;2;195;0;576;42;581;576
24/25;2024-09-18;The Nexus Bowl;tournament;Geek Masters Invitational;1;Qualifying;Roboute Guilliman;73700;Warhammer 40K - Imperium;2;212;0;618;21;581;618
24/25;2024-09-18;The Nexus Bowl;tournament;Geek Masters Invitational;1;Qualifying;Marneus Calgar;87837;Warhammer 40K - Imperium;2;213;0;612;24;581;612
24/25;2024-09-18;The Nexus Bowl;tournament;Geek Masters Invitational;1;Qualifying;Saint Celestine;62601;Warhammer 40K - Imperium;2;194;0;567;49;581;567
24/25;2024-09-18;The Nexus Bowl;tournament;Geek Masters Invitational;1;Qualifying;Inquisitor Eisenhorn;96174;Warhammer 40K - Imperium;2;163;0;478;74;581;478
24/25;2024-09-18;The Nexus Bowl;tournament;Geek Masters Invitational;1;Qualifying;Abaddon the Despoiler;54558;Warhammer 40K - Chaos;2;203;0;651;8;581;651
24/25;2024-09-18;The Nexus Bowl;tournament;Geek Masters Invitational;1;Qualifying;Magnus the Red;53003;Warhammer 40K - Chaos;2;194;0;575;43;581;575
24/25;2024-09-18;The Nexus Bowl;tournament;Geek Masters Invitational;1;Qualifying;Ahriman;93336;Warhammer 40K - Chaos;2;191;0;562;53;581;562
24/25;2024-09-18;The Nexus Bowl;tournament;Geek Masters Invitational;1;Qualifying;Kharn the Betrayer;64935;Warhammer 40K - Chaos;2;167;0;486;72;581;486
24/25;2024-09-18;The Nexus Bowl;tournament;Geek Masters Invitational;1;Qualifying;Mickey Mouse;68965;Disney Characters - Disney Heroes;2;198;0;623;18;581;623
24/25;2024-09-18;The Nexus Bowl;tournament;Geek Masters Invitational;1;Qualifying;Mulan;55229;Disney Characters - Disney Heroes;2;185;0;581;40;581;581
24/25;2024-09-18;The Nexus Bowl;tournament;Geek Masters Invitational;1;Qualifying;Simba;65256;Disney Characters - Disney Heroes;2;210;0;601;32;581;601
24/25;2024-09-18;The Nexus Bowl;tournament;Geek Masters Invitational;1;Qualifying;Moana;56619;Disney Characters - Disney Heroes;2;162;0;513;65;581;513
24/25;2024-09-18;The Nexus Bowl;tournament;Geek Masters Invitational;1;Qualifying;Maleficent;74911;Disney Characters - Disney Villains;2;219;0;636;13;581;636
24/25;2024-09-18;The Nexus Bowl;tournament;Geek Masters Invitational;1;Qualifying;Scar;68217;Disney Characters - Disney Villains;2;199;0;586;36;581;586
24/25;2024-09-18;The Nexus Bowl;tournament;Geek Masters Invitational;1;Qualifying;Ursula;79714;Disney Characters - Disney Villains;2;167;0;530;61;581;530
24/25;2024-09-18;The Nexus Bowl;tournament;Geek Masters Invitational;1;Qualifying;Jafar;91660;Disney Characters - Disney Villains;2;183;0;505;67;581;505
24/25;2024-09-18;The Nexus Bowl;tournament;Geek Masters Invitational;1;Qualifying;Luke Skywalker;91905;Star Wars - Jedi Order;3;210;0;890;2;775;890
24/25;2024-09-18;The Nexus Bowl;tournament;Geek Masters Invitational;1;Qualifying;Obi-Wan Kenobi;57296;Star Wars - Jedi Order;3;193;0;750;50;775;750
24/25;2024-09-18;The Nexus Bowl;tournament;Geek Masters Invitational;1;Qualifying;Ahsoka Tano;51639;Star Wars - Jedi Order;3;206;0;820;23;775;820
24/25;2024-09-18;The Nexus Bowl;tournament;Geek Masters Invitational;1;Qualifying;Mace Windu;98598;Star Wars - Jedi Order;3;170;0;691;64;775;691
24/25;2024-09-18;The Nexus Bowl;tournament;Geek Masters Invitational;1;Qualifying;Darth Vader;68024;Star Wars - Sith Empire;3;209;0;805;30;775;805
24/25;2024-09-18;The Nexus Bowl;tournament;Geek Masters Invitational;1;Qualifying;Emperor Palpatine;66049;Star Wars - Sith Empire;3;204;0;813;25;775;813
24/25;2024-09-18;The Nexus Bowl;tournament;Geek Masters Invitational;1;Qualifying;Darth Maul;64628;Star Wars - Sith Empire;3;172;0;736;56;775;736
24/25;2024-09-18;The Nexus Bowl;tournament;Geek Masters Invitational;1;Qualifying;Count Dooku;59144;Star Wars - Sith Empire;3;160;0;660;71;775;660
24/25;2024-09-18;The Nexus Bowl;tournament;Geek Masters Invitational;1;Qualifying;Gandalf;98265;Lord of the Rings - Free Peoples;3;208;0;869;7;775;869
24/25;2024-09-18;The Nexus Bowl;tournament;Geek Masters Invitational;1;Qualifying;Aragorn;56717;Lord of the Rings - Free Peoples;3;199;0;809;26;775;809
24/25;2024-09-18;The Nexus Bowl;tournament;Geek Masters Invitational;1;Qualifying;Legolas;94348;Lord of the Rings - Free Peoples;3;170;0;733;57;775;733
24/25;2024-09-18;The Nexus Bowl;tournament;Geek Masters Invitational;1;Qualifying;Gimli;98540;Lord of the Rings - Free Peoples;3;166;0;632;76;775;632
24/25;2024-09-18;The Nexus Bowl;tournament;Geek Masters Invitational;1;Qualifying;Sauron;85741;Lord of the Rings - Forces of Mordor;3;221;0;904;1;775;904
24/25;2024-09-18;The Nexus Bowl;tournament;Geek Masters Invitational;1;Qualifying;Witch-king;55697;Lord of the Rings - Forces of Mordor;3;185;0;742;54;775;742
24/25;2024-09-18;The Nexus Bowl;tournament;Geek Masters Invitational;1;Qualifying;Saruman;88698;Lord of the Rings - Forces of Mordor;3;192;0;774;42;775;774
24/25;2024-09-18;The Nexus Bowl;tournament;Geek Masters Invitational;1;Qualifying;Uruk-hai Lurtz;77651;Lord of the Rings - Forces of Mordor;3;182;0;689;65;775;689
24/25;2024-09-18;The Nexus Bowl;tournament;Geek Masters Invitational;1;Qualifying;Harry Potter;52082;Harry Potter - Order of the Phoenix;3;235;0;869;9;775;869
24/25;2024-09-18;The Nexus Bowl;tournament;Geek Masters Invitational;1;Qualifying;Hermione Granger;51952;Harry Potter - Order of the Phoenix;3;201;0;857;11;775;857
24/25;2024-09-18;The Nexus Bowl;tournament;Geek Masters Invitational;1;Qualifying;Albus Dumbledore;56140;Harry Potter - Order of the Phoenix;3;192;0;688;66;775;688
24/25;2024-09-18;The Nexus Bowl;tournament;Geek Masters Invitational;1;Qualifying;Severus Snape;64328;Harry Potter - Order of the Phoenix;3;186;0;673;70;775;673
24/25;2024-09-18;The Nexus Bowl;tournament;Geek Masters Invitational;1;Qualifying;Lord Voldemort;65247;Harry Potter - Death Eaters;3;223;0;870;6;775;870
24/25;2024-09-18;The Nexus Bowl;tournament;Geek Masters Invitational;1;Qualifying;Bellatrix Lestrange;83118;Harry Potter - Death Eaters;3;192;0;759;47;775;759
24/25;2024-09-18;The Nexus Bowl;tournament;Geek Masters Invitational;1;Qualifying;Lucius Malfoy;89453;Harry Potter - Death Eaters;3;189;0;717;60;775;717
24/25;2024-09-18;The Nexus Bowl;tournament;Geek Masters Invitational;1;Qualifying;Barty Crouch Jr.;51739;Harry Potter - Death Eaters;3;153;0;633;75;775;633
24/25;2024-09-18;The Nexus Bowl;tournament;Geek Masters Invitational;1;Qualifying;Jon Snow;86781;Game of Thrones - Stark-Targaryen Alliance;3;218;0;885;3;775;885
24/25;2024-09-18;The Nexus Bowl;tournament;Geek Masters Invitational;1;Qualifying;Daenerys Targaryen;63031;Game of Thrones - Stark-Targaryen Alliance;3;199;0;799;31;775;799
24/25;2024-09-18;The Nexus Bowl;tournament;Geek Masters Invitational;1;Qualifying;Arya Stark;96925;Game of Thrones - Stark-Targaryen Alliance;3;192;0;711;62;775;711
24/25;2024-09-18;The Nexus Bowl;tournament;Geek Masters Invitational;1;Qualifying;Bran Stark;92590;Game of Thrones - Stark-Targaryen Alliance;3;158;0;619;78;775;619
24/25;2024-09-18;The Nexus Bowl;tournament;Geek Masters Invitational;1;Qualifying;Cersei Lannister;95962;Game of Thrones - Lannister-Crown;3;212;0;843;14;775;843
24/25;2024-09-18;The Nexus Bowl;tournament;Geek Masters Invitational;1;Qualifying;Jaime Lannister;85713;Game of Thrones - Lannister-Crown;3;203;0;806;28;775;806
24/25;2024-09-18;The Nexus Bowl;tournament;Geek Masters Invitational;1;Qualifying;Tywin Lannister;77493;Game of Thrones - Lannister-Crown;3;189;0;798;33;775;798
24/25;2024-09-18;The Nexus Bowl;tournament;Geek Masters Invitational;1;Qualifying;The Mountain;64446;Game of Thrones - Lannister-Crown;3;184;0;682;68;775;682
24/25;2024-09-18;The Nexus Bowl;tournament;Geek Masters Invitational;1;Qualifying;Kyle Katarn;79439;LucasArts Games - Jedi Knight Era;3;212;0;832;17;775;832
24/25;2024-09-18;The Nexus Bowl;tournament;Geek Masters Invitational;1;Qualifying;Mara Jade;88618;LucasArts Games - Jedi Knight Era;3;209;0;787;35;775;787
24/25;2024-09-18;The Nexus Bowl;tournament;Geek Masters Invitational;1;Qualifying;Jaden Korr;68231;LucasArts Games - Jedi Knight Era;3;196;0;766;45;775;766
24/25;2024-09-18;The Nexus Bowl;tournament;Geek Masters Invitational;1;Qualifying;Jan Ors;50425;LucasArts Games - Jedi Knight Era;3;208;0;749;51;775;749
24/25;2024-09-18;The Nexus Bowl;tournament;Geek Masters Invitational;1;Qualifying;Guybrush Threepwood;99729;LucasArts Games - Monkey Island & Legacy;3;153;0;869;8;775;869
24/25;2024-09-18;The Nexus Bowl;tournament;Geek Masters Invitational;1;Qualifying;LeChuck;60463;LucasArts Games - Monkey Island & Legacy;3;211;0;830;18;775;830
24/25;2024-09-18;The Nexus Bowl;tournament;Geek Masters Invitational;1;Qualifying;Elaine Marley;95753;LucasArts Games - Monkey Island & Legacy;3;185;0;757;48;775;757
24/25;2024-09-18;The Nexus Bowl;tournament;Geek Masters Invitational;1;Qualifying;Manny Calavera;77696;LucasArts Games - Monkey Island & Legacy;3;166;0;635;74;775;635
24/25;2024-09-18;The Nexus Bowl;tournament;Geek Masters Invitational;1;Qualifying;Paul Atreides;72298;Dune - House Atreides;3;204;0;787;36;775;787
24/25;2024-09-18;The Nexus Bowl;tournament;Geek Masters Invitational;1;Qualifying;Lady Jessica;68210;Dune - House Atreides;3;194;0;775;40;775;775
24/25;2024-09-18;The Nexus Bowl;tournament;Geek Masters Invitational;1;Qualifying;Duncan Idaho;60189;Dune - House Atreides;3;204;0;775;39;775;775
24/25;2024-09-18;The Nexus Bowl;tournament;Geek Masters Invitational;1;Qualifying;Gurney Halleck;64110;Dune - House Atreides;3;183;0;656;72;775;656
24/25;2024-09-18;The Nexus Bowl;tournament;Geek Masters Invitational;1;Qualifying;Baron Harkonnen;72059;Dune - Harkonnen-Sardaukar;3;196;0;798;32;775;798
24/25;2024-09-18;The Nexus Bowl;tournament;Geek Masters Invitational;1;Qualifying;Feyd-Rautha;56698;Dune - Harkonnen-Sardaukar;3;202;0;807;27;775;807
24/25;2024-09-18;The Nexus Bowl;tournament;Geek Masters Invitational;1;Qualifying;Count Fenring;56078;Dune - Harkonnen-Sardaukar;3;202;0;805;29;775;805
24/25;2024-09-18;The Nexus Bowl;tournament;Geek Masters Invitational;1;Qualifying;Glossu Rabban;74898;Dune - Harkonnen-Sardaukar;3;166;0;608;79;775;608
24/25;2024-09-18;The Nexus Bowl;tournament;Geek Masters Invitational;1;Qualifying;Jean-Luc Picard;56338;Star Trek - Federation;3;220;0;853;12;775;853
24/25;2024-09-18;The Nexus Bowl;tournament;Geek Masters Invitational;1;Qualifying;Spock;73526;Star Trek - Federation;3;212;0;826;22;775;826
24/25;2024-09-18;The Nexus Bowl;tournament;Geek Masters Invitational;1;Qualifying;Benjamin Sisko;72541;Star Trek - Federation;3;179;0;715;61;775;715
24/25;2024-09-18;The Nexus Bowl;tournament;Geek Masters Invitational;1;Qualifying;Kathryn Janeway;89565;Star Trek - Federation;3;149;0;599;80;775;599
24/25;2024-09-18;The Nexus Bowl;tournament;Geek Masters Invitational;1;Qualifying;Worf;67335;Star Trek - Klingon-Romulan;3;221;0;871;5;775;871
24/25;2024-09-18;The Nexus Bowl;tournament;Geek Masters Invitational;1;Qualifying;Gowron;52847;Star Trek - Klingon-Romulan;3;194;0;844;13;775;844
24/25;2024-09-18;The Nexus Bowl;tournament;Geek Masters Invitational;1;Qualifying;Commander Sela;97823;Star Trek - Klingon-Romulan;3;169;0;738;55;775;738
24/25;2024-09-18;The Nexus Bowl;tournament;Geek Masters Invitational;1;Qualifying;General Chang;80108;Star Trek - Klingon-Romulan;3;202;0;751;49;775;751
24/25;2024-09-18;The Nexus Bowl;tournament;Geek Masters Invitational;1;Qualifying;Commander Shepard;85142;Mass Effect - Alliance Crew;3;213;0;858;10;775;858
24/25;2024-09-18;The Nexus Bowl;tournament;Geek Masters Invitational;1;Qualifying;Garrus Vakarian;58180;Mass Effect - Alliance Crew;3;194;0;783;37;775;783
24/25;2024-09-18;The Nexus Bowl;tournament;Geek Masters Invitational;1;Qualifying;Liara T'Soni;74807;Mass Effect - Alliance Crew;3;183;0;746;52;775;746
24/25;2024-09-18;The Nexus Bowl;tournament;Geek Masters Invitational;1;Qualifying;Tali'Zorah;55164;Mass Effect - Alliance Crew;3;214;0;776;38;775;776
24/25;2024-09-18;The Nexus Bowl;tournament;Geek Masters Invitational;1;Qualifying;Illusive Man;86178;Mass Effect - Cerberus-Reapers;3;211;0;877;4;775;877
24/25;2024-09-18;The Nexus Bowl;tournament;Geek Masters Invitational;1;Qualifying;Harbinger;69213;Mass Effect - Cerberus-Reapers;3;195;0;827;21;775;827
24/25;2024-09-18;The Nexus Bowl;tournament;Geek Masters Invitational;1;Qualifying;Kai Leng;91198;Mass Effect - Cerberus-Reapers;3;179;0;729;59;775;729
24/25;2024-09-18;The Nexus Bowl;tournament;Geek Masters Invitational;1;Qualifying;Saren Arterius;90535;Mass Effect - Cerberus-Reapers;3;168;0;744;53;775;744
24/25;2024-09-18;The Nexus Bowl;tournament;Geek Masters Invitational;1;Qualifying;Roboute Guilliman;73700;Warhammer 40K - Imperium;3;210;0;828;20;775;828
24/25;2024-09-18;The Nexus Bowl;tournament;Geek Masters Invitational;1;Qualifying;Marneus Calgar;87837;Warhammer 40K - Imperium;3;202;0;814;24;775;814
24/25;2024-09-18;The Nexus Bowl;tournament;Geek Masters Invitational;1;Qualifying;Saint Celestine;62601;Warhammer 40K - Imperium;3;197;0;764;46;775;764
24/25;2024-09-18;The Nexus Bowl;tournament;Geek Masters Invitational;1;Qualifying;Inquisitor Eisenhorn;96174;Warhammer 40K - Imperium;3;153;0;631;77;775;631
24/25;2024-09-18;The Nexus Bowl;tournament;Geek Masters Invitational;1;Qualifying;Abaddon the Despoiler;54558;Warhammer 40K - Chaos;3;191;0;842;15;775;842
24/25;2024-09-18;The Nexus Bowl;tournament;Geek Masters Invitational;1;Qualifying;Magnus the Red;53003;Warhammer 40K - Chaos;3;195;0;770;44;775;770
24/25;2024-09-18;The Nexus Bowl;tournament;Geek Masters Invitational;1;Qualifying;Ahriman;93336;Warhammer 40K - Chaos;3;168;0;730;58;775;730
24/25;2024-09-18;The Nexus Bowl;tournament;Geek Masters Invitational;1;Qualifying;Kharn the Betrayer;64935;Warhammer 40K - Chaos;3;154;0;640;73;775;640
24/25;2024-09-18;The Nexus Bowl;tournament;Geek Masters Invitational;1;Qualifying;Mickey Mouse;68965;Disney Characters - Disney Heroes;3;219;0;842;16;775;842
24/25;2024-09-18;The Nexus Bowl;tournament;Geek Masters Invitational;1;Qualifying;Mulan;55229;Disney Characters - Disney Heroes;3;194;0;775;41;775;775
24/25;2024-09-18;The Nexus Bowl;tournament;Geek Masters Invitational;1;Qualifying;Simba;65256;Disney Characters - Disney Heroes;3;193;0;794;34;775;794
24/25;2024-09-18;The Nexus Bowl;tournament;Geek Masters Invitational;1;Qualifying;Moana;56619;Disney Characters - Disney Heroes;3;165;0;678;69;775;678
24/25;2024-09-18;The Nexus Bowl;tournament;Geek Masters Invitational;1;Qualifying;Maleficent;74911;Disney Characters - Disney Villains;3;192;0;828;19;775;828
24/25;2024-09-18;The Nexus Bowl;tournament;Geek Masters Invitational;1;Qualifying;Scar;68217;Disney Characters - Disney Villains;3;186;0;772;43;775;772
24/25;2024-09-18;The Nexus Bowl;tournament;Geek Masters Invitational;1;Qualifying;Ursula;79714;Disney Characters - Disney Villains;3;165;0;695;63;775;695
24/25;2024-09-18;The Nexus Bowl;tournament;Geek Masters Invitational;1;Qualifying;Jafar;91660;Disney Characters - Disney Villains;3;179;0;684;67;775;684
24/25;2024-09-18;The Nexus Bowl;tournament;Geek Masters Invitational;1;Qualifying;Luke Skywalker;91905;Star Wars - Jedi Order;4;230;0;1120;2;976;1120
24/25;2024-09-18;The Nexus Bowl;tournament;Geek Masters Invitational;1;Qualifying;Obi-Wan Kenobi;57296;Star Wars - Jedi Order;4;157;0;907;60;976;907
24/25;2024-09-18;The Nexus Bowl;tournament;Geek Masters Invitational;1;Qualifying;Ahsoka Tano;51639;Star Wars - Jedi Order;4;200;0;1020;22;976;1020
24/25;2024-09-18;The Nexus Bowl;tournament;Geek Masters Invitational;1;Qualifying;Mace Windu;98598;Star Wars - Jedi Order;4;226;0;917;57;976;917
24/25;2024-09-18;The Nexus Bowl;tournament;Geek Masters Invitational;1;Qualifying;Darth Vader;68024;Star Wars - Sith Empire;4;210;0;1015;24;976;1015
24/25;2024-09-18;The Nexus Bowl;tournament;Geek Masters Invitational;1;Qualifying;Emperor Palpatine;66049;Star Wars - Sith Empire;4;197;0;1010;27;976;1010
24/25;2024-09-18;The Nexus Bowl;tournament;Geek Masters Invitational;1;Qualifying;Darth Maul;64628;Star Wars - Sith Empire;4;168;0;904;62;976;904
24/25;2024-09-18;The Nexus Bowl;tournament;Geek Masters Invitational;1;Qualifying;Count Dooku;59144;Star Wars - Sith Empire;4;164;0;824;72;976;824
24/25;2024-09-18;The Nexus Bowl;tournament;Geek Masters Invitational;1;Qualifying;Gandalf;98265;Lord of the Rings - Free Peoples;4;200;0;1069;9;976;1069
24/25;2024-09-18;The Nexus Bowl;tournament;Geek Masters Invitational;1;Qualifying;Aragorn;56717;Lord of the Rings - Free Peoples;4;199;0;1008;28;976;1008
24/25;2024-09-18;The Nexus Bowl;tournament;Geek Masters Invitational;1;Qualifying;Legolas;94348;Lord of the Rings - Free Peoples;4;209;0;942;49;976;942
24/25;2024-09-18;The Nexus Bowl;tournament;Geek Masters Invitational;1;Qualifying;Gimli;98540;Lord of the Rings - Free Peoples;4;157;0;789;78;976;789
24/25;2024-09-18;The Nexus Bowl;tournament;Geek Masters Invitational;1;Qualifying;Sauron;85741;Lord of the Rings - Forces of Mordor;4;221;0;1125;1;976;1125
24/25;2024-09-18;The Nexus Bowl;tournament;Geek Masters Invitational;1;Qualifying;Witch-king;55697;Lord of the Rings - Forces of Mordor;4;189;0;931;53;976;931
24/25;2024-09-18;The Nexus Bowl;tournament;Geek Masters Invitational;1;Qualifying;Saruman;88698;Lord of the Rings - Forces of Mordor;4;198;0;972;41;976;972
24/25;2024-09-18;The Nexus Bowl;tournament;Geek Masters Invitational;1;Qualifying;Uruk-hai Lurtz;77651;Lord of the Rings - Forces of Mordor;4;171;0;860;66;976;860
24/25;2024-09-18;The Nexus Bowl;tournament;Geek Masters Invitational;1;Qualifying;Harry Potter;52082;Harry Potter - Order of the Phoenix;4;237;0;1106;4;976;1106
24/25;2024-09-18;The Nexus Bowl;tournament;Geek Masters Invitational;1;Qualifying;Hermione Granger;51952;Harry Potter - Order of the Phoenix;4;194;0;1051;14;976;1051
24/25;2024-09-18;The Nexus Bowl;tournament;Geek Masters Invitational;1;Qualifying;Albus Dumbledore;56140;Harry Potter - Order of the Phoenix;4;170;0;858;67;976;858
24/25;2024-09-18;The Nexus Bowl;tournament;Geek Masters Invitational;1;Qualifying;Severus Snape;64328;Harry Potter - Order of the Phoenix;4;159;0;832;71;976;832
24/25;2024-09-18;The Nexus Bowl;tournament;Geek Masters Invitational;1;Qualifying;Lord Voldemort;65247;Harry Potter - Death Eaters;4;226;0;1096;6;976;1096
24/25;2024-09-18;The Nexus Bowl;tournament;Geek Masters Invitational;1;Qualifying;Bellatrix Lestrange;83118;Harry Potter - Death Eaters;4;193;0;952;47;976;952
24/25;2024-09-18;The Nexus Bowl;tournament;Geek Masters Invitational;1;Qualifying;Lucius Malfoy;89453;Harry Potter - Death Eaters;4;189;0;906;61;976;906
24/25;2024-09-18;The Nexus Bowl;tournament;Geek Masters Invitational;1;Qualifying;Barty Crouch Jr.;51739;Harry Potter - Death Eaters;4;166;0;799;77;976;799
24/25;2024-09-18;The Nexus Bowl;tournament;Geek Masters Invitational;1;Qualifying;Jon Snow;86781;Game of Thrones - Stark-Targaryen Alliance;4;214;0;1099;5;976;1099
24/25;2024-09-18;The Nexus Bowl;tournament;Geek Masters Invitational;1;Qualifying;Daenerys Targaryen;63031;Game of Thrones - Stark-Targaryen Alliance;4;205;0;1004;29;976;1004
24/25;2024-09-18;The Nexus Bowl;tournament;Geek Masters Invitational;1;Qualifying;Arya Stark;96925;Game of Thrones - Stark-Targaryen Alliance;4;177;0;888;63;976;888
24/25;2024-09-18;The Nexus Bowl;tournament;Geek Masters Invitational;1;Qualifying;Bran Stark;92590;Game of Thrones - Stark-Targaryen Alliance;4;181;0;800;76;976;800
24/25;2024-09-18;The Nexus Bowl;tournament;Geek Masters Invitational;1;Qualifying;Cersei Lannister;95962;Game of Thrones - Lannister-Crown;4;195;0;1038;18;976;1038
24/25;2024-09-18;The Nexus Bowl;tournament;Geek Masters Invitational;1;Qualifying;Jaime Lannister;85713;Game of Thrones - Lannister-Crown;4;195;0;1001;31;976;1001
24/25;2024-09-18;The Nexus Bowl;tournament;Geek Masters Invitational;1;Qualifying;Tywin Lannister;77493;Game of Thrones - Lannister-Crown;4;187;0;985;36;976;985
24/25;2024-09-18;The Nexus Bowl;tournament;Geek Masters Invitational;1;Qualifying;The Mountain;64446;Game of Thrones - Lannister-Crown;4;175;0;857;68;976;857
24/25;2024-09-18;The Nexus Bowl;tournament;Geek Masters Invitational;1;Qualifying;Kyle Katarn;79439;LucasArts Games - Jedi Knight Era;4;190;0;1022;21;976;1022
24/25;2024-09-18;The Nexus Bowl;tournament;Geek Masters Invitational;1;Qualifying;Mara Jade;88618;LucasArts Games - Jedi Knight Era;4;196;0;983;38;976;983
24/25;2024-09-18;The Nexus Bowl;tournament;Geek Masters Invitational;1;Qualifying;Jaden Korr;68231;LucasArts Games - Jedi Knight Era;4;192;0;958;43;976;958
24/25;2024-09-18;The Nexus Bowl;tournament;Geek Masters Invitational;1;Qualifying;Jan Ors;50425;LucasArts Games - Jedi Knight Era;4;179;0;928;54;976;928
24/25;2024-09-18;The Nexus Bowl;tournament;Geek Masters Invitational;1;Qualifying;Guybrush Threepwood;99729;LucasArts Games - Monkey Island & Legacy;4;181;0;1050;15;976;1050
24/25;2024-09-18;The Nexus Bowl;tournament;Geek Masters Invitational;1;Qualifying;LeChuck;60463;LucasArts Games - Monkey Island & Legacy;4;208;0;1038;19;976;1038
24/25;2024-09-18;The Nexus Bowl;tournament;Geek Masters Invitational;1;Qualifying;Elaine Marley;95753;LucasArts Games - Monkey Island & Legacy;4;190;0;947;48;976;947
24/25;2024-09-18;The Nexus Bowl;tournament;Geek Masters Invitational;1;Qualifying;Manny Calavera;77696;LucasArts Games - Monkey Island & Legacy;4;177;0;812;73;976;812
24/25;2024-09-18;The Nexus Bowl;tournament;Geek Masters Invitational;1;Qualifying;Paul Atreides;72298;Dune - House Atreides;4;208;0;995;32;976;995
24/25;2024-09-18;The Nexus Bowl;tournament;Geek Masters Invitational;1;Qualifying;Lady Jessica;68210;Dune - House Atreides;4;208;0;983;37;976;983
24/25;2024-09-18;The Nexus Bowl;tournament;Geek Masters Invitational;1;Qualifying;Duncan Idaho;60189;Dune - House Atreides;4;213;0;988;34;976;988
24/25;2024-09-18;The Nexus Bowl;tournament;Geek Masters Invitational;1;Qualifying;Gurney Halleck;64110;Dune - House Atreides;4;192;0;848;69;976;848
24/25;2024-09-18;The Nexus Bowl;tournament;Geek Masters Invitational;1;Qualifying;Baron Harkonnen;72059;Dune - Harkonnen-Sardaukar;4;212;0;1010;26;976;1010
24/25;2024-09-18;The Nexus Bowl;tournament;Geek Masters Invitational;1;Qualifying;Feyd-Rautha;56698;Dune - Harkonnen-Sardaukar;4;194;0;1001;30;976;1001
24/25;2024-09-18;The Nexus Bowl;tournament;Geek Masters Invitational;1;Qualifying;Count Fenring;56078;Dune - Harkonnen-Sardaukar;4;185;0;990;33;976;990
24/25;2024-09-18;The Nexus Bowl;tournament;Geek Masters Invitational;1;Qualifying;Glossu Rabban;74898;Dune - Harkonnen-Sardaukar;4;174;0;782;79;976;782
24/25;2024-09-18;The Nexus Bowl;tournament;Geek Masters Invitational;1;Qualifying;Jean-Luc Picard;56338;Star Trek - Federation;4;214;0;1067;10;976;1067
24/25;2024-09-18;The Nexus Bowl;tournament;Geek Masters Invitational;1;Qualifying;Spock;73526;Star Trek - Federation;4;193;0;1019;23;976;1019
24/25;2024-09-18;The Nexus Bowl;tournament;Geek Masters Invitational;1;Qualifying;Benjamin Sisko;72541;Star Trek - Federation;4;195;0;910;58;976;910
24/25;2024-09-18;The Nexus Bowl;tournament;Geek Masters Invitational;1;Qualifying;Kathryn Janeway;89565;Star Trek - Federation;4;178;0;777;80;976;777
24/25;2024-09-18;The Nexus Bowl;tournament;Geek Masters Invitational;1;Qualifying;Worf;67335;Star Trek - Klingon-Romulan;4;215;0;1086;7;976;1086
24/25;2024-09-18;The Nexus Bowl;tournament;Geek Masters Invitational;1;Qualifying;Gowron;52847;Star Trek - Klingon-Romulan;4;220;0;1064;11;976;1064
24/25;2024-09-18;The Nexus Bowl;tournament;Geek Masters Invitational;1;Qualifying;Commander Sela;97823;Star Trek - Klingon-Romulan;4;181;0;919;55;976;919
24/25;2024-09-18;The Nexus Bowl;tournament;Geek Masters Invitational;1;Qualifying;General Chang;80108;Star Trek - Klingon-Romulan;4;180;0;931;51;976;931
24/25;2024-09-18;The Nexus Bowl;tournament;Geek Masters Invitational;1;Qualifying;Commander Shepard;85142;Mass Effect - Alliance Crew;4;227;0;1085;8;976;1085
24/25;2024-09-18;The Nexus Bowl;tournament;Geek Masters Invitational;1;Qualifying;Garrus Vakarian;58180;Mass Effect - Alliance Crew;4;197;0;980;39;976;980
24/25;2024-09-18;The Nexus Bowl;tournament;Geek Masters Invitational;1;Qualifying;Liara T'Soni;74807;Mass Effect - Alliance Crew;4;185;0;931;52;976;931
24/25;2024-09-18;The Nexus Bowl;tournament;Geek Masters Invitational;1;Qualifying;Tali'Zorah;55164;Mass Effect - Alliance Crew;4;158;0;934;50;976;934
24/25;2024-09-18;The Nexus Bowl;tournament;Geek Masters Invitational;1;Qualifying;Illusive Man;86178;Mass Effect - Cerberus-Reapers;4;240;0;1117;3;976;1117
24/25;2024-09-18;The Nexus Bowl;tournament;Geek Masters Invitational;1;Qualifying;Harbinger;69213;Mass Effect - Cerberus-Reapers;4;218;0;1045;17;976;1045
24/25;2024-09-18;The Nexus Bowl;tournament;Geek Masters Invitational;1;Qualifying;Kai Leng;91198;Mass Effect - Cerberus-Reapers;4;180;0;909;59;976;909
24/25;2024-09-18;The Nexus Bowl;tournament;Geek Masters Invitational;1;Qualifying;Saren Arterius;90535;Mass Effect - Cerberus-Reapers;4;212;0;956;44;976;956
24/25;2024-09-18;The Nexus Bowl;tournament;Geek Masters Invitational;1;Qualifying;Roboute Guilliman;73700;Warhammer 40K - Imperium;4;186;0;1014;25;976;1014
24/25;2024-09-18;The Nexus Bowl;tournament;Geek Masters Invitational;1;Qualifying;Marneus Calgar;87837;Warhammer 40K - Imperium;4;214;0;1028;20;976;1028
24/25;2024-09-18;The Nexus Bowl;tournament;Geek Masters Invitational;1;Qualifying;Saint Celestine;62601;Warhammer 40K - Imperium;4;191;0;955;46;976;955
24/25;2024-09-18;The Nexus Bowl;tournament;Geek Masters Invitational;1;Qualifying;Inquisitor Eisenhorn;96174;Warhammer 40K - Imperium;4;177;0;808;74;976;808
24/25;2024-09-18;The Nexus Bowl;tournament;Geek Masters Invitational;1;Qualifying;Abaddon the Despoiler;54558;Warhammer 40K - Chaos;4;207;0;1049;16;976;1049
24/25;2024-09-18;The Nexus Bowl;tournament;Geek Masters Invitational;1;Qualifying;Magnus the Red;53003;Warhammer 40K - Chaos;4;206;0;976;40;976;976
24/25;2024-09-18;The Nexus Bowl;tournament;Geek Masters Invitational;1;Qualifying;Ahriman;93336;Warhammer 40K - Chaos;4;187;0;917;56;976;917
24/25;2024-09-18;The Nexus Bowl;tournament;Geek Masters Invitational;1;Qualifying;Kharn the Betrayer;64935;Warhammer 40K - Chaos;4;161;0;801;75;976;801
24/25;2024-09-18;The Nexus Bowl;tournament;Geek Masters Invitational;1;Qualifying;Mickey Mouse;68965;Disney Characters - Disney Heroes;4;220;0;1062;12;976;1062
24/25;2024-09-18;The Nexus Bowl;tournament;Geek Masters Invitational;1;Qualifying;Mulan;55229;Disney Characters - Disney Heroes;4;180;0;955;45;976;955
24/25;2024-09-18;The Nexus Bowl;tournament;Geek Masters Invitational;1;Qualifying;Simba;65256;Disney Characters - Disney Heroes;4;193;0;987;35;976;987
24/25;2024-09-18;The Nexus Bowl;tournament;Geek Masters Invitational;1;Qualifying;Moana;56619;Disney Characters - Disney Heroes;4;160;0;838;70;976;838
24/25;2024-09-18;The Nexus Bowl;tournament;Geek Masters Invitational;1;Qualifying;Maleficent;74911;Disney Characters - Disney Villains;4;231;0;1059;13;976;1059
24/25;2024-09-18;The Nexus Bowl;tournament;Geek Masters Invitational;1;Qualifying;Scar;68217;Disney Characters - Disney Villains;4;190;0;962;42;976;962
24/25;2024-09-18;The Nexus Bowl;tournament;Geek Masters Invitational;1;Qualifying;Ursula;79714;Disney Characters - Disney Villains;4;185;0;880;64;976;880
24/25;2024-09-18;The Nexus Bowl;tournament;Geek Masters Invitational;1;Qualifying;Jafar;91660;Disney Characters - Disney Villains;4;178;0;862;65;976;862
24/25;2024-09-18;The Nexus Bowl;tournament;Geek Masters Invitational;1;Qualifying;Luke Skywalker;91905;Star Wars - Jedi Order;5;229;0;1349;2;1173;1349
24/25;2024-09-18;The Nexus Bowl;tournament;Geek Masters Invitational;1;Qualifying;Obi-Wan Kenobi;57296;Star Wars - Jedi Order;5;207;0;1114;55;1173;1114
24/25;2024-09-18;The Nexus Bowl;tournament;Geek Masters Invitational;1;Qualifying;Ahsoka Tano;51639;Star Wars - Jedi Order;5;210;0;1230;22;1173;1230
24/25;2024-09-18;The Nexus Bowl;tournament;Geek Masters Invitational;1;Qualifying;Mace Windu;98598;Star Wars - Jedi Order;5;189;0;1106;59;1173;1106
24/25;2024-09-18;The Nexus Bowl;tournament;Geek Masters Invitational;1;Qualifying;Darth Vader;68024;Star Wars - Sith Empire;5;214;0;1229;23;1173;1229
24/25;2024-09-18;The Nexus Bowl;tournament;Geek Masters Invitational;1;Qualifying;Emperor Palpatine;66049;Star Wars - Sith Empire;5;191;0;1201;30;1173;1201
24/25;2024-09-18;The Nexus Bowl;tournament;Geek Masters Invitational;1;Qualifying;Darth Maul;64628;Star Wars - Sith Empire;5;211;0;1115;53;1173;1115
24/25;2024-09-18;The Nexus Bowl;tournament;Geek Masters Invitational;1;Qualifying;Count Dooku;59144;Star Wars - Sith Empire;5;166;0;990;71;1173;990
24/25;2024-09-18;The Nexus Bowl;tournament;Geek Masters Invitational;1;Qualifying;Gandalf;98265;Lord of the Rings - Free Peoples;5;234;0;1303;9;1173;1303
24/25;2024-09-18;The Nexus Bowl;tournament;Geek Masters Invitational;1;Qualifying;Aragorn;56717;Lord of the Rings - Free Peoples;5;186;0;1194;33;1173;1194
24/25;2024-09-18;The Nexus Bowl;tournament;Geek Masters Invitational;1;Qualifying;Legolas;94348;Lord of the Rings - Free Peoples;5;165;0;1107;58;1173;1107
24/25;2024-09-18;The Nexus Bowl;tournament;Geek Masters Invitational;1;Qualifying;Gimli;98540;Lord of the Rings - Free Peoples;5;177;0;966;75;1173;966
24/25;2024-09-18;The Nexus Bowl;tournament;Geek Masters Invitational;1;Qualifying;Sauron;85741;Lord of the Rings - Forces of Mordor;5;236;0;1361;1;1173;1361
24/25;2024-09-18;The Nexus Bowl;tournament;Geek Masters Invitational;1;Qualifying;Witch-king;55697;Lord of the Rings - Forces of Mordor;5;177;0;1108;57;1173;1108
24/25;2024-09-18;The Nexus Bowl;tournament;Geek Masters Invitational;1;Qualifying;Saruman;88698;Lord of the Rings - Forces of Mordor;5;201;0;1173;40;1173;1173
24/25;2024-09-18;The Nexus Bowl;tournament;Geek Masters Invitational;1;Qualifying;Uruk-hai Lurtz;77651;Lord of the Rings - Forces of Mordor;5;137;0;997;70;1173;997
24/25;2024-09-18;The Nexus Bowl;tournament;Geek Masters Invitational;1;Qualifying;Harry Potter;52082;Harry Potter - Order of the Phoenix;5;207;0;1313;6;1173;1313
24/25;2024-09-18;The Nexus Bowl;tournament;Geek Masters Invitational;1;Qualifying;Hermione Granger;51952;Harry Potter - Order of the Phoenix;5;195;0;1246;17;1173;1246
24/25;2024-09-18;The Nexus Bowl;tournament;Geek Masters Invitational;1;Qualifying;Albus Dumbledore;56140;Harry Potter - Order of the Phoenix;5;191;0;1049;65;1173;1049
24/25;2024-09-18;The Nexus Bowl;tournament;Geek Masters Invitational;1;Qualifying;Severus Snape;64328;Harry Potter - Order of the Phoenix;5;152;0;984;73;1173;984
24/25;2024-09-18;The Nexus Bowl;tournament;Geek Masters Invitational;1;Qualifying;Lord Voldemort;65247;Harry Potter - Death Eaters;5;234;0;1330;4;1173;1330
24/25;2024-09-18;The Nexus Bowl;tournament;Geek Masters Invitational;1;Qualifying;Bellatrix Lestrange;83118;Harry Potter - Death Eaters;5;195;0;1147;44;1173;1147
24/25;2024-09-18;The Nexus Bowl;tournament;Geek Masters Invitational;1;Qualifying;Lucius Malfoy;89453;Harry Potter - Death Eaters;5;181;0;1087;61;1173;1087
24/25;2024-09-18;The Nexus Bowl;tournament;Geek Masters Invitational;1;Qualifying;Barty Crouch Jr.;51739;Harry Potter - Death Eaters;5;146;0;945;79;1173;945
24/25;2024-09-18;The Nexus Bowl;tournament;Geek Masters Invitational;1;Qualifying;Jon Snow;86781;Game of Thrones - Stark-Targaryen Alliance;5;206;0;1305;8;1173;1305
24/25;2024-09-18;The Nexus Bowl;tournament;Geek Masters Invitational;1;Qualifying;Daenerys Targaryen;63031;Game of Thrones - Stark-Targaryen Alliance;5;205;0;1209;27;1173;1209
24/25;2024-09-18;The Nexus Bowl;tournament;Geek Masters Invitational;1;Qualifying;Arya Stark;96925;Game of Thrones - Stark-Targaryen Alliance;5;169;0;1057;63;1173;1057
24/25;2024-09-18;The Nexus Bowl;tournament;Geek Masters Invitational;1;Qualifying;Bran Stark;92590;Game of Thrones - Stark-Targaryen Alliance;5;165;0;965;76;1173;965
24/25;2024-09-18;The Nexus Bowl;tournament;Geek Masters Invitational;1;Qualifying;Cersei Lannister;95962;Game of Thrones - Lannister-Crown;5;230;0;1268;15;1173;1268
24/25;2024-09-18;The Nexus Bowl;tournament;Geek Masters Invitational;1;Qualifying;Jaime Lannister;85713;Game of Thrones - Lannister-Crown;5;201;0;1202;29;1173;1202
24/25;2024-09-18;The Nexus Bowl;tournament;Geek Masters Invitational;1;Qualifying;Tywin Lannister;77493;Game of Thrones - Lannister-Crown;5;193;0;1178;36;1173;1178
24/25;2024-09-18;The Nexus Bowl;tournament;Geek Masters Invitational;1;Qualifying;The Mountain;64446;Game of Thrones - Lannister-Crown;5;176;0;1033;67;1173;1033
24/25;2024-09-18;The Nexus Bowl;tournament;Geek Masters Invitational;1;Qualifying;Kyle Katarn;79439;LucasArts Games - Jedi Knight Era;5;203;0;1225;25;1173;1225
24/25;2024-09-18;The Nexus Bowl;tournament;Geek Masters Invitational;1;Qualifying;Mara Jade;88618;LucasArts Games - Jedi Knight Era;5;193;0;1176;38;1173;1176
24/25;2024-09-18;The Nexus Bowl;tournament;Geek Masters Invitational;1;Qualifying;Jaden Korr;68231;LucasArts Games - Jedi Knight Era;5;212;0;1170;41;1173;1170
24/25;2024-09-18;The Nexus Bowl;tournament;Geek Masters Invitational;1;Qualifying;Jan Ors;50425;LucasArts Games - Jedi Knight Era;5;197;0;1125;50;1173;1125
24/25;2024-09-18;The Nexus Bowl;tournament;Geek Masters Invitational;1;Qualifying;Guybrush Threepwood;99729;LucasArts Games - Monkey Island & Legacy;5;199;0;1249;16;1173;1249
24/25;2024-09-18;The Nexus Bowl;tournament;Geek Masters Invitational;1;Qualifying;LeChuck;60463;LucasArts Games - Monkey Island & Legacy;5;198;0;1236;19;1173;1236
24/25;2024-09-18;The Nexus Bowl;tournament;Geek Masters Invitational;1;Qualifying;Elaine Marley;95753;LucasArts Games - Monkey Island & Legacy;5;188;0;1135;48;1173;1135
24/25;2024-09-18;The Nexus Bowl;tournament;Geek Masters Invitational;1;Qualifying;Manny Calavera;77696;LucasArts Games - Monkey Island & Legacy;5;177;0;989;72;1173;989
24/25;2024-09-18;The Nexus Bowl;tournament;Geek Masters Invitational;1;Qualifying;Paul Atreides;72298;Dune - House Atreides;5;204;0;1199;31;1173;1199
24/25;2024-09-18;The Nexus Bowl;tournament;Geek Masters Invitational;1;Qualifying;Lady Jessica;68210;Dune - House Atreides;5;215;0;1198;32;1173;1198
24/25;2024-09-18;The Nexus Bowl;tournament;Geek Masters Invitational;1;Qualifying;Duncan Idaho;60189;Dune - House Atreides;5;201;0;1189;34;1173;1189
24/25;2024-09-18;The Nexus Bowl;tournament;Geek Masters Invitational;1;Qualifying;Gurney Halleck;64110;Dune - House Atreides;5;172;0;1020;68;1173;1020
24/25;2024-09-18;The Nexus Bowl;tournament;Geek Masters Invitational;1;Qualifying;Baron Harkonnen;72059;Dune - Harkonnen-Sardaukar;5;218;0;1228;24;1173;1228
24/25;2024-09-18;The Nexus Bowl;tournament;Geek Masters Invitational;1;Qualifying;Feyd-Rautha;56698;Dune - Harkonnen-Sardaukar;5;203;0;1204;28;1173;1204
24/25;2024-09-18;The Nexus Bowl;tournament;Geek Masters Invitational;1;Qualifying;Count Fenring;56078;Dune - Harkonnen-Sardaukar;5;187;0;1177;37;1173;1177
24/25;2024-09-18;The Nexus Bowl;tournament;Geek Masters Invitational;1;Qualifying;Glossu Rabban;74898;Dune - Harkonnen-Sardaukar;5;173;0;955;77;1173;955
24/25;2024-09-18;The Nexus Bowl;tournament;Geek Masters Invitational;1;Qualifying;Jean-Luc Picard;56338;Star Trek - Federation;5;220;0;1287;11;1173;1287
24/25;2024-09-18;The Nexus Bowl;tournament;Geek Masters Invitational;1;Qualifying;Spock;73526;Star Trek - Federation;5;213;0;1232;21;1173;1232
24/25;2024-09-18;The Nexus Bowl;tournament;Geek Masters Invitational;1;Qualifying;Benjamin Sisko;72541;Star Trek - Federation;5;187;0;1097;60;1173;1097
24/25;2024-09-18;The Nexus Bowl;tournament;Geek Masters Invitational;1;Qualifying;Kathryn Janeway;89565;Star Trek - Federation;5;154;0;931;80;1173;931
24/25;2024-09-18;The Nexus Bowl;tournament;Geek Masters Invitational;1;Qualifying;Worf;67335;Star Trek - Klingon-Romulan;5;226;0;1312;7;1173;1312
24/25;2024-09-18;The Nexus Bowl;tournament;Geek Masters Invitational;1;Qualifying;Gowron;52847;Star Trek - Klingon-Romulan;5;206;0;1270;14;1173;1270
24/25;2024-09-18;The Nexus Bowl;tournament;Geek Masters Invitational;1;Qualifying;Commander Sela;97823;Star Trek - Klingon-Romulan;5;191;0;1110;56;1173;1110
24/25;2024-09-18;The Nexus Bowl;tournament;Geek Masters Invitational;1;Qualifying;General Chang;80108;Star Trek - Klingon-Romulan;5;190;0;1121;51;1173;1121
24/25;2024-09-18;The Nexus Bowl;tournament;Geek Masters Invitational;1;Qualifying;Commander Shepard;85142;Mass Effect - Alliance Crew;5;230;0;1315;5;1173;1315
24/25;2024-09-18;The Nexus Bowl;tournament;Geek Masters Invitational;1;Qualifying;Garrus Vakarian;58180;Mass Effect - Alliance Crew;5;205;0;1185;35;1173;1185
24/25;2024-09-18;The Nexus Bowl;tournament;Geek Masters Invitational;1;Qualifying;Liara T'Soni;74807;Mass Effect - Alliance Crew;5;189;0;1120;52;1173;1120
24/25;2024-09-18;The Nexus Bowl;tournament;Geek Masters Invitational;1;Qualifying;Tali'Zorah;55164;Mass Effect - Alliance Crew;5;210;0;1144;46;1173;1144
24/25;2024-09-18;The Nexus Bowl;tournament;Geek Masters Invitational;1;Qualifying;Illusive Man;86178;Mass Effect - Cerberus-Reapers;5;215;0;1332;3;1173;1332
24/25;2024-09-18;The Nexus Bowl;tournament;Geek Masters Invitational;1;Qualifying;Harbinger;69213;Mass Effect - Cerberus-Reapers;5;197;0;1242;18;1173;1242
24/25;2024-09-18;The Nexus Bowl;tournament;Geek Masters Invitational;1;Qualifying;Kai Leng;91198;Mass Effect - Cerberus-Reapers;5;173;0;1082;62;1173;1082
24/25;2024-09-18;The Nexus Bowl;tournament;Geek Masters Invitational;1;Qualifying;Saren Arterius;90535;Mass Effect - Cerberus-Reapers;5;187;0;1143;47;1173;1143
24/25;2024-09-18;The Nexus Bowl;tournament;Geek Masters Invitational;1;Qualifying;Roboute Guilliman;73700;Warhammer 40K - Imperium;5;210;0;1224;26;1173;1224
24/25;2024-09-18;The Nexus Bowl;tournament;Geek Masters Invitational;1;Qualifying;Marneus Calgar;87837;Warhammer 40K - Imperium;5;204;0;1232;20;1173;1232
24/25;2024-09-18;The Nexus Bowl;tournament;Geek Masters Invitational;1;Qualifying;Saint Celestine;62601;Warhammer 40K - Imperium;5;192;0;1147;45;1173;1147
24/25;2024-09-18;The Nexus Bowl;tournament;Geek Masters Invitational;1;Qualifying;Inquisitor Eisenhorn;96174;Warhammer 40K - Imperium;5;165;0;973;74;1173;973
24/25;2024-09-18;The Nexus Bowl;tournament;Geek Masters Invitational;1;Qualifying;Abaddon the Despoiler;54558;Warhammer 40K - Chaos;5;235;0;1284;12;1173;1284
24/25;2024-09-18;The Nexus Bowl;tournament;Geek Masters Invitational;1;Qualifying;Magnus the Red;53003;Warhammer 40K - Chaos;5;189;0;1165;42;1173;1165
24/25;2024-09-18;The Nexus Bowl;tournament;Geek Masters Invitational;1;Qualifying;Ahriman;93336;Warhammer 40K - Chaos;5;197;0;1114;54;1173;1114
24/25;2024-09-18;The Nexus Bowl;tournament;Geek Masters Invitational;1;Qualifying;Kharn the Betrayer;64935;Warhammer 40K - Chaos;5;154;0;955;78;1173;955
24/25;2024-09-18;The Nexus Bowl;tournament;Geek Masters Invitational;1;Qualifying;Mickey Mouse;68965;Disney Characters - Disney Heroes;5;230;0;1292;10;1173;1292
24/25;2024-09-18;The Nexus Bowl;tournament;Geek Masters Invitational;1;Qualifying;Mulan;55229;Disney Characters - Disney Heroes;5;180;0;1135;49;1173;1135
24/25;2024-09-18;The Nexus Bowl;tournament;Geek Masters Invitational;1;Qualifying;Simba;65256;Disney Characters - Disney Heroes;5;189;0;1176;39;1173;1176
24/25;2024-09-18;The Nexus Bowl;tournament;Geek Masters Invitational;1;Qualifying;Moana;56619;Disney Characters - Disney Heroes;5;169;0;1007;69;1173;1007
24/25;2024-09-18;The Nexus Bowl;tournament;Geek Masters Invitational;1;Qualifying;Maleficent;74911;Disney Characters - Disney Villains;5;222;0;1281;13;1173;1281
24/25;2024-09-18;The Nexus Bowl;tournament;Geek Masters Invitational;1;Qualifying;Scar;68217;Disney Characters - Disney Villains;5;193;0;1155;43;1173;1155
24/25;2024-09-18;The Nexus Bowl;tournament;Geek Masters Invitational;1;Qualifying;Ursula;79714;Disney Characters - Disney Villains;5;173;0;1053;64;1173;1053
24/25;2024-09-18;The Nexus Bowl;tournament;Geek Masters Invitational;1;Qualifying;Jafar;91660;Disney Characters - Disney Villains;5;171;0;1033;66;1173;1033
24/25;2024-09-18;The Nexus Bowl;tournament;Geek Masters Invitational;1;Qualifying;Luke Skywalker;91905;Star Wars - Jedi Order;6;201;0;1550;3;1371;1550
24/25;2024-09-18;The Nexus Bowl;tournament;Geek Masters Invitational;1;Qualifying;Obi-Wan Kenobi;57296;Star Wars - Jedi Order;6;185;0;1299;52;1371;1299
24/25;2024-09-18;The Nexus Bowl;tournament;Geek Masters Invitational;1;Qualifying;Ahsoka Tano;51639;Star Wars - Jedi Order;6;195;0;1425;24;1371;1425
24/25;2024-09-18;The Nexus Bowl;tournament;Geek Masters Invitational;1;Qualifying;Mace Windu;98598;Star Wars - Jedi Order;6;191;0;1297;54;1371;1297
24/25;2024-09-18;The Nexus Bowl;tournament;Geek Masters Invitational;1;Qualifying;Darth Vader;68024;Star Wars - Sith Empire;6;217;0;1446;20;1371;1446
24/25;2024-09-18;The Nexus Bowl;tournament;Geek Masters Invitational;1;Qualifying;Emperor Palpatine;66049;Star Wars - Sith Empire;6;221;0;1422;26;1371;1422
24/25;2024-09-18;The Nexus Bowl;tournament;Geek Masters Invitational;1;Qualifying;Darth Maul;64628;Star Wars - Sith Empire;6;162;0;1277;61;1371;1277
24/25;2024-09-18;The Nexus Bowl;tournament;Geek Masters Invitational;1;Qualifying;Count Dooku;59144;Star Wars - Sith Empire;6;170;0;1160;70;1371;1160
24/25;2024-09-18;The Nexus Bowl;tournament;Geek Masters Invitational;1;Qualifying;Gandalf;98265;Lord of the Rings - Free Peoples;6;240;0;1543;4;1371;1543
24/25;2024-09-18;The Nexus Bowl;tournament;Geek Masters Invitational;1;Qualifying;Aragorn;56717;Lord of the Rings - Free Peoples;6;222;0;1416;28;1371;1416
24/25;2024-09-18;The Nexus Bowl;tournament;Geek Masters Invitational;1;Qualifying;Legolas;94348;Lord of the Rings - Free Peoples;6;209;0;1316;49;1371;1316
24/25;2024-09-18;The Nexus Bowl;tournament;Geek Masters Invitational;1;Qualifying;Gimli;98540;Lord of the Rings - Free Peoples;6;166;0;1132;76;1371;1132
24/25;2024-09-18;The Nexus Bowl;tournament;Geek Masters Invitational;1;Qualifying;Sauron;85741;Lord of the Rings - Forces of Mordor;6;234;0;1595;1;1371;1595
24/25;2024-09-18;The Nexus Bowl;tournament;Geek Masters Invitational;1;Qualifying;Witch-king;55697;Lord of the Rings - Forces of Mordor;6;184;0;1292;57;1371;1292
24/25;2024-09-18;The Nexus Bowl;tournament;Geek Masters Invitational;1;Qualifying;Saruman;88698;Lord of the Rings - Forces of Mordor;6;198;0;1371;40;1371;1371
24/25;2024-09-18;The Nexus Bowl;tournament;Geek Masters Invitational;1;Qualifying;Uruk-hai Lurtz;77651;Lord of the Rings - Forces of Mordor;6;171;0;1168;68;1371;1168
24/25;2024-09-18;The Nexus Bowl;tournament;Geek Masters Invitational;1;Qualifying;Harry Potter;52082;Harry Potter - Order of the Phoenix;6;224;0;1537;7;1371;1537
24/25;2024-09-18;The Nexus Bowl;tournament;Geek Masters Invitational;1;Qualifying;Hermione Granger;51952;Harry Potter - Order of the Phoenix;6;197;0;1443;21;1371;1443
24/25;2024-09-18;The Nexus Bowl;tournament;Geek Masters Invitational;1;Qualifying;Albus Dumbledore;56140;Harry Potter - Order of the Phoenix;6;165;0;1214;64;1371;1214
24/25;2024-09-18;The Nexus Bowl;tournament;Geek Masters Invitational;1;Qualifying;Severus Snape;64328;Harry Potter - Order of the Phoenix;6;166;0;1150;72;1371;1150
24/25;2024-09-18;The Nexus Bowl;tournament;Geek Masters Invitational;1;Qualifying;Lord Voldemort;65247;Harry Potter - Death Eaters;6;221;0;1551;2;1371;1551
24/25;2024-09-18;The Nexus Bowl;tournament;Geek Masters Invitational;1;Qualifying;Bellatrix Lestrange;83118;Harry Potter - Death Eaters;6;196;0;1343;43;1371;1343
24/25;2024-09-18;The Nexus Bowl;tournament;Geek Masters Invitational;1;Qualifying;Lucius Malfoy;89453;Harry Potter - Death Eaters;6;194;0;1281;60;1371;1281
24/25;2024-09-18;The Nexus Bowl;tournament;Geek Masters Invitational;1;Qualifying;Barty Crouch Jr.;51739;Harry Potter - Death Eaters;6;144;0;1089;80;1371;1089
24/25;2024-09-18;The Nexus Bowl;tournament;Geek Masters Invitational;1;Qualifying;Jon Snow;86781;Game of Thrones - Stark-Targaryen Alliance;6;222;0;1527;9;1371;1527
24/25;2024-09-18;The Nexus Bowl;tournament;Geek Masters Invitational;1;Qualifying;Daenerys Targaryen;63031;Game of Thrones - Stark-Targaryen Alliance;6;202;0;1411;30;1371;1411
24/25;2024-09-18;The Nexus Bowl;tournament;Geek Masters Invitational;1;Qualifying;Arya Stark;96925;Game of Thrones - Stark-Targaryen Alliance;6;166;0;1223;63;1371;1223
24/25;2024-09-18;The Nexus Bowl;tournament;Geek Masters Invitational;1;Qualifying;Bran Stark;92590;Game of Thrones - Stark-Targaryen Alliance;6;164;0;1129;77;1371;1129
24/25;2024-09-18;The Nexus Bowl;tournament;Geek Masters Invitational;1;Qualifying;Cersei Lannister;95962;Game of Thrones - Lannister-Crown;6;198;0;1466;15;1371;1466
24/25;2024-09-18;The Nexus Bowl;tournament;Geek Masters Invitational;1;Qualifying;Jaime Lannister;85713;Game of Thrones - Lannister-Crown;6;194;0;1396;34;1371;1396
24/25;2024-09-18;The Nexus Bowl;tournament;Geek Masters Invitational;1;Qualifying;Tywin Lannister;77493;Game of Thrones - Lannister-Crown;6;204;0;1382;37;1371;1382
24/25;2024-09-18;The Nexus Bowl;tournament;Geek Masters Invitational;1;Qualifying;The Mountain;64446;Game of Thrones - Lannister-Crown;6;160;0;1193;67;1371;1193
24/25;2024-09-18;The Nexus Bowl;tournament;Geek Masters Invitational;1;Qualifying;Kyle Katarn;79439;LucasArts Games - Jedi Knight Era;6;199;0;1424;25;1371;1424
24/25;2024-09-18;The Nexus Bowl;tournament;Geek Masters Invitational;1;Qualifying;Mara Jade;88618;LucasArts Games - Jedi Knight Era;6;202;0;1378;39;1371;1378
24/25;2024-09-18;The Nexus Bowl;tournament;Geek Masters Invitational;1;Qualifying;Jaden Korr;68231;LucasArts Games - Jedi Knight Era;6;208;0;1378;38;1371;1378
24/25;2024-09-18;The Nexus Bowl;tournament;Geek Masters Invitational;1;Qualifying;Jan Ors;50425;LucasArts Games - Jedi Knight Era;6;167;0;1292;56;1371;1292
24/25;2024-09-18;The Nexus Bowl;tournament;Geek Masters Invitational;1;Qualifying;Guybrush Threepwood;99729;LucasArts Games - Monkey Island & Legacy;6;212;0;1461;16;1371;1461
24/25;2024-09-18;The Nexus Bowl;tournament;Geek Masters Invitational;1;Qualifying;LeChuck;60463;LucasArts Games - Monkey Island & Legacy;6;214;0;1450;19;1371;1450
24/25;2024-09-18;The Nexus Bowl;tournament;Geek Masters Invitational;1;Qualifying;Elaine Marley;95753;LucasArts Games - Monkey Island & Legacy;6;191;0;1326;47;1371;1326
24/25;2024-09-18;The Nexus Bowl;tournament;Geek Masters Invitational;1;Qualifying;Manny Calavera;77696;LucasArts Games - Monkey Island & Legacy;6;157;0;1146;74;1371;1146
24/25;2024-09-18;The Nexus Bowl;tournament;Geek Masters Invitational;1;Qualifying;Paul Atreides;72298;Dune - House Atreides;6;203;0;1402;32;1371;1402
24/25;2024-09-18;The Nexus Bowl;tournament;Geek Masters Invitational;1;Qualifying;Lady Jessica;68210;Dune - House Atreides;6;215;0;1413;29;1371;1413
24/25;2024-09-18;The Nexus Bowl;tournament;Geek Masters Invitational;1;Qualifying;Duncan Idaho;60189;Dune - House Atreides;6;218;0;1407;31;1371;1407
24/25;2024-09-18;The Nexus Bowl;tournament;Geek Masters Invitational;1;Qualifying;Gurney Halleck;64110;Dune - House Atreides;6;140;0;1160;71;1371;1160
24/25;2024-09-18;The Nexus Bowl;tournament;Geek Masters Invitational;1;Qualifying;Baron Harkonnen;72059;Dune - Harkonnen-Sardaukar;6;204;0;1432;22;1371;1432
24/25;2024-09-18;The Nexus Bowl;tournament;Geek Masters Invitational;1;Qualifying;Feyd-Rautha;56698;Dune - Harkonnen-Sardaukar;6;197;0;1401;33;1371;1401
24/25;2024-09-18;The Nexus Bowl;tournament;Geek Masters Invitational;1;Qualifying;Count Fenring;56078;Dune - Harkonnen-Sardaukar;6;192;0;1369;41;1371;1369
24/25;2024-09-18;The Nexus Bowl;tournament;Geek Masters Invitational;1;Qualifying;Glossu Rabban;74898;Dune - Harkonnen-Sardaukar;6;135;0;1090;79;1371;1090
24/25;2024-09-18;The Nexus Bowl;tournament;Geek Masters Invitational;1;Qualifying;Jean-Luc Picard;56338;Star Trek - Federation;6;231;0;1518;12;1371;1518
24/25;2024-09-18;The Nexus Bowl;tournament;Geek Masters Invitational;1;Qualifying;Spock;73526;Star Trek - Federation;6;225;0;1457;17;1371;1457
24/25;2024-09-18;The Nexus Bowl;tournament;Geek Masters Invitational;1;Qualifying;Benjamin Sisko;72541;Star Trek - Federation;6;188;0;1285;59;1371;1285
24/25;2024-09-18;The Nexus Bowl;tournament;Geek Masters Invitational;1;Qualifying;Kathryn Janeway;89565;Star Trek - Federation;6;171;0;1102;78;1371;1102
24/25;2024-09-18;The Nexus Bowl;tournament;Geek Masters Invitational;1;Qualifying;Worf;67335;Star Trek - Klingon-Romulan;6;213;0;1525;10;1371;1525
24/25;2024-09-18;The Nexus Bowl;tournament;Geek Masters Invitational;1;Qualifying;Gowron;52847;Star Trek - Klingon-Romulan;6;222;0;1492;14;1371;1492
24/25;2024-09-18;The Nexus Bowl;tournament;Geek Masters Invitational;1;Qualifying;Commander Sela;97823;Star Trek - Klingon-Romulan;6;176;0;1286;58;1371;1286
24/25;2024-09-18;The Nexus Bowl;tournament;Geek Masters Invitational;1;Qualifying;General Chang;80108;Star Trek - Klingon-Romulan;6;179;0;1300;51;1371;1300
24/25;2024-09-18;The Nexus Bowl;tournament;Geek Masters Invitational;1;Qualifying;Commander Shepard;85142;Mass Effect - Alliance Crew;6;218;0;1533;8;1371;1533
24/25;2024-09-18;The Nexus Bowl;tournament;Geek Masters Invitational;1;Qualifying;Garrus Vakarian;58180;Mass Effect - Alliance Crew;6;208;0;1393;35;1371;1393
24/25;2024-09-18;The Nexus Bowl;tournament;Geek Masters Invitational;1;Qualifying;Liara T'Soni;74807;Mass Effect - Alliance Crew;6;174;0;1294;55;1371;1294
24/25;2024-09-18;The Nexus Bowl;tournament;Geek Masters Invitational;1;Qualifying;Tali'Zorah;55164;Mass Effect - Alliance Crew;6;191;0;1335;45;1371;1335
24/25;2024-09-18;The Nexus Bowl;tournament;Geek Masters Invitational;1;Qualifying;Illusive Man;86178;Mass Effect - Cerberus-Reapers;6;206;0;1538;5;1371;1538
24/25;2024-09-18;The Nexus Bowl;tournament;Geek Masters Invitational;1;Qualifying;Harbinger;69213;Mass Effect - Cerberus-Reapers;6;210;0;1452;18;1371;1452
24/25;2024-09-18;The Nexus Bowl;tournament;Geek Masters Invitational;1;Qualifying;Kai Leng;91198;Mass Effect - Cerberus-Reapers;6;181;0;1263;62;1371;1263
24/25;2024-09-18;The Nexus Bowl;tournament;Geek Masters Invitational;1;Qualifying;Saren Arterius;90535;Mass Effect - Cerberus-Reapers;6;170;0;1313;50;1371;1313
24/25;2024-09-18;The Nexus Bowl;tournament;Geek Masters Invitational;1;Qualifying;Roboute Guilliman;73700;Warhammer 40K - Imperium;6;202;0;1426;23;1371;1426
24/25;2024-09-18;The Nexus Bowl;tournament;Geek Masters Invitational;1;Qualifying;Marneus Calgar;87837;Warhammer 40K - Imperium;6;190;0;1422;27;1371;1422
24/25;2024-09-18;The Nexus Bowl;tournament;Geek Masters Invitational;1;Qualifying;Saint Celestine;62601;Warhammer 40K - Imperium;6;184;0;1331;46;1371;1331
24/25;2024-09-18;The Nexus Bowl;tournament;Geek Masters Invitational;1;Qualifying;Inquisitor Eisenhorn;96174;Warhammer 40K - Imperium;6;175;0;1148;73;1371;1148
24/25;2024-09-18;The Nexus Bowl;tournament;Geek Masters Invitational;1;Qualifying;Abaddon the Despoiler;54558;Warhammer 40K - Chaos;6;232;0;1516;13;1371;1516
24/25;2024-09-18;The Nexus Bowl;tournament;Geek Masters Invitational;1;Qualifying;Magnus the Red;53003;Warhammer 40K - Chaos;6;193;0;1358;42;1371;1358
24/25;2024-09-18;The Nexus Bowl;tournament;Geek Masters Invitational;1;Qualifying;Ahriman;93336;Warhammer 40K - Chaos;6;183;0;1297;53;1371;1297
24/25;2024-09-18;The Nexus Bowl;tournament;Geek Masters Invitational;1;Qualifying;Kharn the Betrayer;64935;Warhammer 40K - Chaos;6;189;0;1144;75;1371;1144
24/25;2024-09-18;The Nexus Bowl;tournament;Geek Masters Invitational;1;Qualifying;Mickey Mouse;68965;Disney Characters - Disney Heroes;6;246;0;1538;6;1371;1538
24/25;2024-09-18;The Nexus Bowl;tournament;Geek Masters Invitational;1;Qualifying;Mulan;55229;Disney Characters - Disney Heroes;6;188;0;1323;48;1371;1323
24/25;2024-09-18;The Nexus Bowl;tournament;Geek Masters Invitational;1;Qualifying;Simba;65256;Disney Characters - Disney Heroes;6;207;0;1383;36;1371;1383
24/25;2024-09-18;The Nexus Bowl;tournament;Geek Masters Invitational;1;Qualifying;Moana;56619;Disney Characters - Disney Heroes;6;156;0;1163;69;1371;1163
24/25;2024-09-18;The Nexus Bowl;tournament;Geek Masters Invitational;1;Qualifying;Maleficent;74911;Disney Characters - Disney Villains;6;243;0;1524;11;1371;1524
24/25;2024-09-18;The Nexus Bowl;tournament;Geek Masters Invitational;1;Qualifying;Scar;68217;Disney Characters - Disney Villains;6;183;0;1338;44;1371;1338
24/25;2024-09-18;The Nexus Bowl;tournament;Geek Masters Invitational;1;Qualifying;Ursula;79714;Disney Characters - Disney Villains;6;151;0;1204;65;1371;1204
24/25;2024-09-18;The Nexus Bowl;tournament;Geek Masters Invitational;1;Qualifying;Jafar;91660;Disney Characters - Disney Villains;6;168;0;1201;66;1371;1201
24/25;2024-09-18;The Nexus Bowl;tournament;Geek Masters Invitational;1;Qualifying;Luke Skywalker;91905;Star Wars - Jedi Order;7;259;0;1809;1;1581;1809
24/25;2024-09-18;The Nexus Bowl;tournament;Geek Masters Invitational;1;Qualifying;Obi-Wan Kenobi;57296;Star Wars - Jedi Order;7;198;0;1497;52;1581;1497
24/25;2024-09-18;The Nexus Bowl;tournament;Geek Masters Invitational;1;Qualifying;Ahsoka Tano;51639;Star Wars - Jedi Order;7;193;0;1618;29;1581;1618
24/25;2024-09-18;The Nexus Bowl;tournament;Geek Masters Invitational;1;Qualifying;Mace Windu;98598;Star Wars - Jedi Order;7;198;0;1495;53;1581;1495
24/25;2024-09-18;The Nexus Bowl;tournament;Geek Masters Invitational;1;Qualifying;Darth Vader;68024;Star Wars - Sith Empire;7;203;0;1649;20;1581;1649
24/25;2024-09-18;The Nexus Bowl;tournament;Geek Masters Invitational;1;Qualifying;Emperor Palpatine;66049;Star Wars - Sith Empire;7;200;0;1622;27;1581;1622
24/25;2024-09-18;The Nexus Bowl;tournament;Geek Masters Invitational;1;Qualifying;Darth Maul;64628;Star Wars - Sith Empire;7;206;0;1483;55;1581;1483
24/25;2024-09-18;The Nexus Bowl;tournament;Geek Masters Invitational;1;Qualifying;Count Dooku;59144;Star Wars - Sith Empire;7;164;0;1324;72;1581;1324
24/25;2024-09-18;The Nexus Bowl;tournament;Geek Masters Invitational;1;Qualifying;Gandalf;98265;Lord of the Rings - Free Peoples;7;216;0;1759;6;1581;1759
24/25;2024-09-18;The Nexus Bowl;tournament;Geek Masters Invitational;1;Qualifying;Aragorn;56717;Lord of the Rings - Free Peoples;7;195;0;1611;31;1581;1611
24/25;2024-09-18;The Nexus Bowl;tournament;Geek Masters Invitational;1;Qualifying;Legolas;94348;Lord of the Rings - Free Peoples;7;197;0;1513;48;1581;1513
24/25;2024-09-18;The Nexus Bowl;tournament;Geek Masters Invitational;1;Qualifying;Gimli;98540;Lord of the Rings - Free Peoples;7;176;0;1308;74;1581;1308
24/25;2024-09-18;The Nexus Bowl;tournament;Geek Masters Invitational;1;Qualifying;Sauron;85741;Lord of the Rings - Forces of Mordor;7;197;0;1792;2;1581;1792
24/25;2024-09-18;The Nexus Bowl;tournament;Geek Masters Invitational;1;Qualifying;Witch-king;55697;Lord of the Rings - Forces of Mordor;7;198;0;1490;54;1581;1490
24/25;2024-09-18;The Nexus Bowl;tournament;Geek Masters Invitational;1;Qualifying;Saruman;88698;Lord of the Rings - Forces of Mordor;7;198;0;1569;41;1581;1569
24/25;2024-09-18;The Nexus Bowl;tournament;Geek Masters Invitational;1;Qualifying;Uruk-hai Lurtz;77651;Lord of the Rings - Forces of Mordor;7;177;0;1345;68;1581;1345
24/25;2024-09-18;The Nexus Bowl;tournament;Geek Masters Invitational;1;Qualifying;Harry Potter;52082;Harry Potter - Order of the Phoenix;7;235;0;1772;3;1581;1772
24/25;2024-09-18;The Nexus Bowl;tournament;Geek Masters Invitational;1;Qualifying;Hermione Granger;51952;Harry Potter - Order of the Phoenix;7;205;0;1648;21;1581;1648
24/25;2024-09-18;The Nexus Bowl;tournament;Geek Masters Invitational;1;Qualifying;Albus Dumbledore;56140;Harry Potter - Order of the Phoenix;7;164;0;1378;65;1581;1378
24/25;2024-09-18;The Nexus Bowl;tournament;Geek Masters Invitational;1;Qualifying;Severus Snape;64328;Harry Potter - Order of the Phoenix;7;140;0;1290;76;1581;1290
24/25;2024-09-18;The Nexus Bowl;tournament;Geek Masters Invitational;1;Qualifying;Lord Voldemort;65247;Harry Potter - Death Eaters;7;221;0;1772;4;1581;1772
24/25;2024-09-18;The Nexus Bowl;tournament;Geek Masters Invitational;1;Qualifying;Bellatrix Lestrange;83118;Harry Potter - Death Eaters;7;206;0;1549;42;1581;1549
24/25;2024-09-18;The Nexus Bowl;tournament;Geek Masters Invitational;1;Qualifying;Lucius Malfoy;89453;Harry Potter - Death Eaters;7;137;0;1418;62;1581;1418
24/25;2024-09-18;The Nexus Bowl;tournament;Geek Masters Invitational;1;Qualifying;Barty Crouch Jr.;51739;Harry Potter - Death Eaters;7;160;0;1249;79;1581;1249
24/25;2024-09-18;The Nexus Bowl;tournament;Geek Masters Invitational;1;Qualifying;Jon Snow;86781;Game of Thrones - Stark-Targaryen Alliance;7;203;0;1730;10;1581;1730
24/25;2024-09-18;The Nexus Bowl;tournament;Geek Masters Invitational;1;Qualifying;Daenerys Targaryen;63031;Game of Thrones - Stark-Targaryen Alliance;7;219;0;1630;25;1581;1630
24/25;2024-09-18;The Nexus Bowl;tournament;Geek Masters Invitational;1;Qualifying;Arya Stark;96925;Game of Thrones - Stark-Targaryen Alliance;7;178;0;1401;63;1581;1401
24/25;2024-09-18;The Nexus Bowl;tournament;Geek Masters Invitational;1;Qualifying;Bran Stark;92590;Game of Thrones - Stark-Targaryen Alliance;7;157;0;1286;77;1581;1286
24/25;2024-09-18;The Nexus Bowl;tournament;Geek Masters Invitational;1;Qualifying;Cersei Lannister;95962;Game of Thrones - Lannister-Crown;7;202;0;1668;18;1581;1668
24/25;2024-09-18;The Nexus Bowl;tournament;Geek Masters Invitational;1;Qualifying;Jaime Lannister;85713;Game of Thrones - Lannister-Crown;7;225;0;1621;28;1581;1621
24/25;2024-09-18;The Nexus Bowl;tournament;Geek Masters Invitational;1;Qualifying;Tywin Lannister;77493;Game of Thrones - Lannister-Crown;7;199;0;1581;40;1581;1581
24/25;2024-09-18;The Nexus Bowl;tournament;Geek Masters Invitational;1;Qualifying;The Mountain;64446;Game of Thrones - Lannister-Crown;7;176;0;1369;67;1581;1369
24/25;2024-09-18;The Nexus Bowl;tournament;Geek Masters Invitational;1;Qualifying;Kyle Katarn;79439;LucasArts Games - Jedi Knight Era;7;214;0;1638;22;1581;1638
24/25;2024-09-18;The Nexus Bowl;tournament;Geek Masters Invitational;1;Qualifying;Mara Jade;88618;LucasArts Games - Jedi Knight Era;7;213;0;1591;36;1581;1591
24/25;2024-09-18;The Nexus Bowl;tournament;Geek Masters Invitational;1;Qualifying;Jaden Korr;68231;LucasArts Games - Jedi Knight Era;7;212;0;1590;37;1581;1590
24/25;2024-09-18;The Nexus Bowl;tournament;Geek Masters Invitational;1;Qualifying;Jan Ors;50425;LucasArts Games - Jedi Knight Era;7;172;0;1464;60;1581;1464
24/25;2024-09-18;The Nexus Bowl;tournament;Geek Masters Invitational;1;Qualifying;Guybrush Threepwood;99729;LucasArts Games - Monkey Island & Legacy;7;255;0;1716;12;1581;1716
24/25;2024-09-18;The Nexus Bowl;tournament;Geek Masters Invitational;1;Qualifying;LeChuck;60463;LucasArts Games - Monkey Island & Legacy;7;205;0;1655;19;1581;1655
24/25;2024-09-18;The Nexus Bowl;tournament;Geek Masters Invitational;1;Qualifying;Elaine Marley;95753;LucasArts Games - Monkey Island & Legacy;7;190;0;1516;47;1581;1516
24/25;2024-09-18;The Nexus Bowl;tournament;Geek Masters Invitational;1;Qualifying;Manny Calavera;77696;LucasArts Games - Monkey Island & Legacy;7;182;0;1328;71;1581;1328
24/25;2024-09-18;The Nexus Bowl;tournament;Geek Masters Invitational;1;Qualifying;Paul Atreides;72298;Dune - House Atreides;7;197;0;1599;34;1581;1599
24/25;2024-09-18;The Nexus Bowl;tournament;Geek Masters Invitational;1;Qualifying;Lady Jessica;68210;Dune - House Atreides;7;198;0;1611;32;1581;1611
24/25;2024-09-18;The Nexus Bowl;tournament;Geek Masters Invitational;1;Qualifying;Duncan Idaho;60189;Dune - House Atreides;7;198;0;1605;33;1581;1605
24/25;2024-09-18;The Nexus Bowl;tournament;Geek Masters Invitational;1;Qualifying;Gurney Halleck;64110;Dune - House Atreides;7;169;0;1329;70;1581;1329
24/25;2024-09-18;The Nexus Bowl;tournament;Geek Masters Invitational;1;Qualifying;Baron Harkonnen;72059;Dune - Harkonnen-Sardaukar;7;200;0;1632;24;1581;1632
24/25;2024-09-18;The Nexus Bowl;tournament;Geek Masters Invitational;1;Qualifying;Feyd-Rautha;56698;Dune - Harkonnen-Sardaukar;7;214;0;1615;30;1581;1615
24/25;2024-09-18;The Nexus Bowl;tournament;Geek Masters Invitational;1;Qualifying;Count Fenring;56078;Dune - Harkonnen-Sardaukar;7;216;0;1585;39;1581;1585
24/25;2024-09-18;The Nexus Bowl;tournament;Geek Masters Invitational;1;Qualifying;Glossu Rabban;74898;Dune - Harkonnen-Sardaukar;7;153;0;1243;80;1581;1243
24/25;2024-09-18;The Nexus Bowl;tournament;Geek Masters Invitational;1;Qualifying;Jean-Luc Picard;56338;Star Trek - Federation;7;210;0;1728;11;1581;1728
24/25;2024-09-18;The Nexus Bowl;tournament;Geek Masters Invitational;1;Qualifying;Spock;73526;Star Trek - Federation;7;224;0;1681;16;1581;1681
24/25;2024-09-18;The Nexus Bowl;tournament;Geek Masters Invitational;1;Qualifying;Benjamin Sisko;72541;Star Trek - Federation;7;179;0;1464;58;1581;1464
24/25;2024-09-18;The Nexus Bowl;tournament;Geek Masters Invitational;1;Qualifying;Kathryn Janeway;89565;Star Trek - Federation;7;161;0;1263;78;1581;1263
24/25;2024-09-18;The Nexus Bowl;tournament;Geek Masters Invitational;1;Qualifying;Worf;67335;Star Trek - Klingon-Romulan;7;226;0;1751;7;1581;1751
24/25;2024-09-18;The Nexus Bowl;tournament;Geek Masters Invitational;1;Qualifying;Gowron;52847;Star Trek - Klingon-Romulan;7;218;0;1710;14;1581;1710
24/25;2024-09-18;The Nexus Bowl;tournament;Geek Masters Invitational;1;Qualifying;Commander Sela;97823;Star Trek - Klingon-Romulan;7;178;0;1464;59;1581;1464
24/25;2024-09-18;The Nexus Bowl;tournament;Geek Masters Invitational;1;Qualifying;General Chang;80108;Star Trek - Klingon-Romulan;7;201;0;1501;50;1581;1501
24/25;2024-09-18;The Nexus Bowl;tournament;Geek Masters Invitational;1;Qualifying;Commander Shepard;85142;Mass Effect - Alliance Crew;7;226;0;1759;5;1581;1759
24/25;2024-09-18;The Nexus Bowl;tournament;Geek Masters Invitational;1;Qualifying;Garrus Vakarian;58180;Mass Effect - Alliance Crew;7;201;0;1594;35;1581;1594
24/25;2024-09-18;The Nexus Bowl;tournament;Geek Masters Invitational;1;Qualifying;Liara T'Soni;74807;Mass Effect - Alliance Crew;7;184;0;1478;56;1581;1478
24/25;2024-09-18;The Nexus Bowl;tournament;Geek Masters Invitational;1;Qualifying;Tali'Zorah;55164;Mass Effect - Alliance Crew;7;168;0;1503;49;1581;1503
24/25;2024-09-18;The Nexus Bowl;tournament;Geek Masters Invitational;1;Qualifying;Illusive Man;86178;Mass Effect - Cerberus-Reapers;7;203;0;1741;9;1581;1741
24/25;2024-09-18;The Nexus Bowl;tournament;Geek Masters Invitational;1;Qualifying;Harbinger;69213;Mass Effect - Cerberus-Reapers;7;218;0;1670;17;1581;1670
24/25;2024-09-18;The Nexus Bowl;tournament;Geek Masters Invitational;1;Qualifying;Kai Leng;91198;Mass Effect - Cerberus-Reapers;7;183;0;1446;61;1581;1446
24/25;2024-09-18;The Nexus Bowl;tournament;Geek Masters Invitational;1;Qualifying;Saren Arterius;90535;Mass Effect - Cerberus-Reapers;7;165;0;1478;57;1581;1478
24/25;2024-09-18;The Nexus Bowl;tournament;Geek Masters Invitational;1;Qualifying;Roboute Guilliman;73700;Warhammer 40K - Imperium;7;208;0;1634;23;1581;1634
24/25;2024-09-18;The Nexus Bowl;tournament;Geek Masters Invitational;1;Qualifying;Marneus Calgar;87837;Warhammer 40K - Imperium;7;205;0;1627;26;1581;1627
24/25;2024-09-18;The Nexus Bowl;tournament;Geek Masters Invitational;1;Qualifying;Saint Celestine;62601;Warhammer 40K - Imperium;7;189;0;1520;45;1581;1520
24/25;2024-09-18;The Nexus Bowl;tournament;Geek Masters Invitational;1;Qualifying;Inquisitor Eisenhorn;96174;Warhammer 40K - Imperium;7;171;0;1319;73;1581;1319
24/25;2024-09-18;The Nexus Bowl;tournament;Geek Masters Invitational;1;Qualifying;Abaddon the Despoiler;54558;Warhammer 40K - Chaos;7;199;0;1715;13;1581;1715
24/25;2024-09-18;The Nexus Bowl;tournament;Geek Masters Invitational;1;Qualifying;Magnus the Red;53003;Warhammer 40K - Chaos;7;188;0;1546;43;1581;1546
24/25;2024-09-18;The Nexus Bowl;tournament;Geek Masters Invitational;1;Qualifying;Ahriman;93336;Warhammer 40K - Chaos;7;219;0;1516;46;1581;1516
24/25;2024-09-18;The Nexus Bowl;tournament;Geek Masters Invitational;1;Qualifying;Kharn the Betrayer;64935;Warhammer 40K - Chaos;7;148;0;1292;75;1581;1292
24/25;2024-09-18;The Nexus Bowl;tournament;Geek Masters Invitational;1;Qualifying;Mickey Mouse;68965;Disney Characters - Disney Heroes;7;208;0;1746;8;1581;1746
24/25;2024-09-18;The Nexus Bowl;tournament;Geek Masters Invitational;1;Qualifying;Mulan;55229;Disney Characters - Disney Heroes;7;177;0;1500;51;1581;1500
24/25;2024-09-18;The Nexus Bowl;tournament;Geek Masters Invitational;1;Qualifying;Simba;65256;Disney Characters - Disney Heroes;7;204;0;1587;38;1581;1587
24/25;2024-09-18;The Nexus Bowl;tournament;Geek Masters Invitational;1;Qualifying;Moana;56619;Disney Characters - Disney Heroes;7;171;0;1334;69;1581;1334
24/25;2024-09-18;The Nexus Bowl;tournament;Geek Masters Invitational;1;Qualifying;Maleficent;74911;Disney Characters - Disney Villains;7;185;0;1709;15;1581;1709
24/25;2024-09-18;The Nexus Bowl;tournament;Geek Masters Invitational;1;Qualifying;Scar;68217;Disney Characters - Disney Villains;7;197;0;1535;44;1581;1535
24/25;2024-09-18;The Nexus Bowl;tournament;Geek Masters Invitational;1;Qualifying;Ursula;79714;Disney Characters - Disney Villains;7;183;0;1387;64;1581;1387
24/25;2024-09-18;The Nexus Bowl;tournament;Geek Masters Invitational;1;Qualifying;Jafar;91660;Disney Characters - Disney Villains;7;174;0;1375;66;1581;1375
24/25;2024-09-19;The Nexus Bowl;tournament;Geek Masters Invitational;2;Round 2;Luke Skywalker;91905;Star Wars - Jedi Order;0;213;0;213;9;206;2022
24/25;2024-09-19;The Nexus Bowl;tournament;Geek Masters Invitational;2;Round 2;Sauron;85741;Lord of the Rings - Forces of Mordor;0;202;0;202;26;206;1994
24/25;2024-09-19;The Nexus Bowl;tournament;Geek Masters Invitational;2;Round 2;Harry Potter;52082;Harry Potter - Order of the Phoenix;0;192;0;192;34;206;1964
24/25;2024-09-19;The Nexus Bowl;tournament;Geek Masters Invitational;2;Round 2;Lord Voldemort;65247;Harry Potter - Death Eaters;0;209;0;209;15;206;1981
24/25;2024-09-19;The Nexus Bowl;tournament;Geek Masters Invitational;2;Round 2;Commander Shepard;85142;Mass Effect - Alliance Crew;0;211;0;211;11;206;1970
24/25;2024-09-19;The Nexus Bowl;tournament;Geek Masters Invitational;2;Round 2;Gandalf;98265;Lord of the Rings - Free Peoples;0;208;0;208;17;206;1967
24/25;2024-09-19;The Nexus Bowl;tournament;Geek Masters Invitational;2;Round 2;Worf;67335;Star Trek - Klingon-Romulan;0;209;0;209;16;206;1960
24/25;2024-09-19;The Nexus Bowl;tournament;Geek Masters Invitational;2;Round 2;Mickey Mouse;68965;Disney Characters - Disney Heroes;0;201;0;201;27;206;1947
24/25;2024-09-19;The Nexus Bowl;tournament;Geek Masters Invitational;2;Round 2;Illusive Man;86178;Mass Effect - Cerberus-Reapers;0;234;0;234;2;206;1975
24/25;2024-09-19;The Nexus Bowl;tournament;Geek Masters Invitational;2;Round 2;Jon Snow;86781;Game of Thrones - Stark-Targaryen Alliance;0;203;0;203;25;206;1933
24/25;2024-09-19;The Nexus Bowl;tournament;Geek Masters Invitational;2;Round 2;Jean-Luc Picard;56338;Star Trek - Federation;0;206;0;206;20;206;1934
24/25;2024-09-19;The Nexus Bowl;tournament;Geek Masters Invitational;2;Round 2;Guybrush Threepwood;99729;LucasArts Games - Monkey Island & Legacy;0;192;0;192;33;206;1908
24/25;2024-09-19;The Nexus Bowl;tournament;Geek Masters Invitational;2;Round 2;Abaddon the Despoiler;54558;Warhammer 40K - Chaos;0;212;0;212;10;206;1927
24/25;2024-09-19;The Nexus Bowl;tournament;Geek Masters Invitational;2;Round 2;Gowron;52847;Star Trek - Klingon-Romulan;0;214;0;214;5;206;1924
24/25;2024-09-19;The Nexus Bowl;tournament;Geek Masters Invitational;2;Round 2;Maleficent;74911;Disney Characters - Disney Villains;0;253;0;253;1;206;1962
24/25;2024-09-19;The Nexus Bowl;tournament;Geek Masters Invitational;2;Round 2;Spock;73526;Star Trek - Federation;0;196;0;196;30;206;1877
24/25;2024-09-19;The Nexus Bowl;tournament;Geek Masters Invitational;2;Round 2;Harbinger;69213;Mass Effect - Cerberus-Reapers;0;217;0;217;4;206;1887
24/25;2024-09-19;The Nexus Bowl;tournament;Geek Masters Invitational;2;Round 2;Cersei Lannister;95962;Game of Thrones - Lannister-Crown;0;203;0;203;24;206;1871
24/25;2024-09-19;The Nexus Bowl;tournament;Geek Masters Invitational;2;Round 2;LeChuck;60463;LucasArts Games - Monkey Island & Legacy;0;209;0;209;14;206;1864
24/25;2024-09-19;The Nexus Bowl;tournament;Geek Masters Invitational;2;Round 2;Darth Vader;68024;Star Wars - Sith Empire;0;213;0;213;7;206;1862
24/25;2024-09-19;The Nexus Bowl;tournament;Geek Masters Invitational;2;Round 2;Hermione Granger;51952;Harry Potter - Order of the Phoenix;0;185;0;185;38;206;1833
24/25;2024-09-19;The Nexus Bowl;tournament;Geek Masters Invitational;2;Round 2;Kyle Katarn;79439;LucasArts Games - Jedi Knight Era;0;204;0;204;23;206;1842
24/25;2024-09-19;The Nexus Bowl;tournament;Geek Masters Invitational;2;Round 2;Roboute Guilliman;73700;Warhammer 40K - Imperium;0;211;0;211;12;206;1845
24/25;2024-09-19;The Nexus Bowl;tournament;Geek Masters Invitational;2;Round 2;Baron Harkonnen;72059;Dune - Harkonnen-Sardaukar;0;217;0;217;3;206;1849
24/25;2024-09-19;The Nexus Bowl;tournament;Geek Masters Invitational;2;Round 2;Daenerys Targaryen;63031;Game of Thrones - Stark-Targaryen Alliance;0;193;0;193;32;206;1823
24/25;2024-09-19;The Nexus Bowl;tournament;Geek Masters Invitational;2;Round 2;Marneus Calgar;87837;Warhammer 40K - Imperium;0;210;0;210;13;206;1837
24/25;2024-09-19;The Nexus Bowl;tournament;Geek Masters Invitational;2;Round 2;Emperor Palpatine;66049;Star Wars - Sith Empire;0;213;0;213;8;206;1835
24/25;2024-09-19;The Nexus Bowl;tournament;Geek Masters Invitational;2;Round 2;Jaime Lannister;85713;Game of Thrones - Lannister-Crown;0;204;0;204;22;206;1825
24/25;2024-09-19;The Nexus Bowl;tournament;Geek Masters Invitational;2;Round 2;Ahsoka Tano;51639;Star Wars - Jedi Order;0;206;0;206;19;206;1824
24/25;2024-09-19;The Nexus Bowl;tournament;Geek Masters Invitational;2;Round 2;Feyd-Rautha;56698;Dune - Harkonnen-Sardaukar;0;196;0;196;29;206;1811
24/25;2024-09-19;The Nexus Bowl;tournament;Geek Masters Invitational;2;Round 2;Aragorn;56717;Lord of the Rings - Free Peoples;0;180;0;180;40;206;1791
24/25;2024-09-19;The Nexus Bowl;tournament;Geek Masters Invitational;2;Round 2;Lady Jessica;68210;Dune - House Atreides;0;207;0;207;18;206;1818
24/25;2024-09-19;The Nexus Bowl;tournament;Geek Masters Invitational;2;Round 2;Duncan Idaho;60189;Dune - House Atreides;0;205;0;205;21;206;1810
24/25;2024-09-19;The Nexus Bowl;tournament;Geek Masters Invitational;2;Round 2;Paul Atreides;72298;Dune - House Atreides;0;201;0;201;28;206;1800
24/25;2024-09-19;The Nexus Bowl;tournament;Geek Masters Invitational;2;Round 2;Garrus Vakarian;58180;Mass Effect - Alliance Crew;0;195;0;195;31;206;1789
24/25;2024-09-19;The Nexus Bowl;tournament;Geek Masters Invitational;2;Round 2;Mara Jade;88618;LucasArts Games - Jedi Knight Era;0;214;0;214;6;206;1805
24/25;2024-09-19;The Nexus Bowl;tournament;Geek Masters Invitational;2;Round 2;Jaden Korr;68231;LucasArts Games - Jedi Knight Era;0;188;0;188;37;206;1778
24/25;2024-09-19;The Nexus Bowl;tournament;Geek Masters Invitational;2;Round 2;Simba;65256;Disney Characters - Disney Heroes;0;185;0;185;39;206;1772
24/25;2024-09-19;The Nexus Bowl;tournament;Geek Masters Invitational;2;Round 2;Count Fenring;56078;Dune - Harkonnen-Sardaukar;0;191;0;191;35;206;1776
24/25;2024-09-19;The Nexus Bowl;tournament;Geek Masters Invitational;2;Round 2;Tywin Lannister;77493;Game of Thrones - Lannister-Crown;0;189;0;189;36;206;1770
24/25;2024-09-19;The Nexus Bowl;tournament;Geek Masters Invitational;2;Round 2;Luke Skywalker;91905;Star Wars - Jedi Order;1;192;0;405;20;405;2214
24/25;2024-09-19;The Nexus Bowl;tournament;Geek Masters Invitational;2;Round 2;Sauron;85741;Lord of the Rings - Forces of Mordor;1;241;0;443;3;405;2235
24/25;2024-09-19;The Nexus Bowl;tournament;Geek Masters Invitational;2;Round 2;Harry Potter;52082;Harry Potter - Order of the Phoenix;1;184;0;376;38;405;2148
24/25;2024-09-19;The Nexus Bowl;tournament;Geek Masters Invitational;2;Round 2;Lord Voldemort;65247;Harry Potter - Death Eaters;1;204;0;413;18;405;2185
24/25;2024-09-19;The Nexus Bowl;tournament;Geek Masters Invitational;2;Round 2;Commander Shepard;85142;Mass Effect - Alliance Crew;1;212;0;423;13;405;2182
24/25;2024-09-19;The Nexus Bowl;tournament;Geek Masters Invitational;2;Round 2;Gandalf;98265;Lord of the Rings - Free Peoples;1;222;0;430;9;405;2189
24/25;2024-09-19;The Nexus Bowl;tournament;Geek Masters Invitational;2;Round 2;Worf;67335;Star Trek - Klingon-Romulan;1;226;0;435;4;405;2186
24/25;2024-09-19;The Nexus Bowl;tournament;Geek Masters Invitational;2;Round 2;Mickey Mouse;68965;Disney Characters - Disney Heroes;1;203;0;404;23;405;2150
24/25;2024-09-19;The Nexus Bowl;tournament;Geek Masters Invitational;2;Round 2;Illusive Man;86178;Mass Effect - Cerberus-Reapers;1;219;0;453;2;405;2194
24/25;2024-09-19;The Nexus Bowl;tournament;Geek Masters Invitational;2;Round 2;Jon Snow;86781;Game of Thrones - Stark-Targaryen Alliance;1;187;0;390;33;405;2120
24/25;2024-09-19;The Nexus Bowl;tournament;Geek Masters Invitational;2;Round 2;Jean-Luc Picard;56338;Star Trek - Federation;1;221;0;427;11;405;2155
24/25;2024-09-19;The Nexus Bowl;tournament;Geek Masters Invitational;2;Round 2;Guybrush Threepwood;99729;LucasArts Games - Monkey Island & Legacy;1;202;0;394;30;405;2110
24/25;2024-09-19;The Nexus Bowl;tournament;Geek Masters Invitational;2;Round 2;Abaddon the Despoiler;54558;Warhammer 40K - Chaos;1;183;0;395;29;405;2110
24/25;2024-09-19;The Nexus Bowl;tournament;Geek Masters Invitational;2;Round 2;Gowron;52847;Star Trek - Klingon-Romulan;1;215;0;429;10;405;2139
24/25;2024-09-19;The Nexus Bowl;tournament;Geek Masters Invitational;2;Round 2;Maleficent;74911;Disney Characters - Disney Villains;1;259;0;512;1;405;2221
24/25;2024-09-19;The Nexus Bowl;tournament;Geek Masters Invitational;2;Round 2;Spock;73526;Star Trek - Federation;1;201;0;397;27;405;2078
24/25;2024-09-19;The Nexus Bowl;tournament;Geek Masters Invitational;2;Round 2;Harbinger;69213;Mass Effect - Cerberus-Reapers;1;215;0;432;7;405;2102
24/25;2024-09-19;The Nexus Bowl;tournament;Geek Masters Invitational;2;Round 2;Cersei Lannister;95962;Game of Thrones - Lannister-Crown;1;201;0;404;21;405;2072
24/25;2024-09-19;The Nexus Bowl;tournament;Geek Masters Invitational;2;Round 2;LeChuck;60463;LucasArts Games - Monkey Island & Legacy;1;208;0;417;14;405;2072
24/25;2024-09-19;The Nexus Bowl;tournament;Geek Masters Invitational;2;Round 2;Darth Vader;68024;Star Wars - Sith Empire;1;220;0;433;5;405;2082
24/25;2024-09-19;The Nexus Bowl;tournament;Geek Masters Invitational;2;Round 2;Hermione Granger;51952;Harry Potter - Order of the Phoenix;1;191;0;376;39;405;2024
24/25;2024-09-19;The Nexus Bowl;tournament;Geek Masters Invitational;2;Round 2;Kyle Katarn;79439;LucasArts Games - Jedi Knight Era;1;222;0;426;12;405;2064
24/25;2024-09-19;The Nexus Bowl;tournament;Geek Masters Invitational;2;Round 2;Roboute Guilliman;73700;Warhammer 40K - Imperium;1;222;0;433;6;405;2067
24/25;2024-09-19;The Nexus Bowl;tournament;Geek Masters Invitational;2;Round 2;Baron Harkonnen;72059;Dune - Harkonnen-Sardaukar;1;198;0;415;16;405;2047
24/25;2024-09-19;The Nexus Bowl;tournament;Geek Masters Invitational;2;Round 2;Daenerys Targaryen;63031;Game of Thrones - Stark-Targaryen Alliance;1;199;0;392;31;405;2022
24/25;2024-09-19;The Nexus Bowl;tournament;Geek Masters Invitational;2;Round 2;Marneus Calgar;87837;Warhammer 40K - Imperium;1;194;0;404;22;405;2031
24/25;2024-09-19;The Nexus Bowl;tournament;Geek Masters Invitational;2;Round 2;Emperor Palpatine;66049;Star Wars - Sith Empire;1;203;0;416;15;405;2038
24/25;2024-09-19;The Nexus Bowl;tournament;Geek Masters Invitational;2;Round 2;Jaime Lannister;85713;Game of Thrones - Lannister-Crown;1;197;0;401;24;405;2022
24/25;2024-09-19;The Nexus Bowl;tournament;Geek Masters Invitational;2;Round 2;Ahsoka Tano;51639;Star Wars - Jedi Order;1;182;0;388;34;405;2006
24/25;2024-09-19;The Nexus Bowl;tournament;Geek Masters Invitational;2;Round 2;Feyd-Rautha;56698;Dune - Harkonnen-Sardaukar;1;216;0;412;19;405;2027
24/25;2024-09-19;The Nexus Bowl;tournament;Geek Masters Invitational;2;Round 2;Aragorn;56717;Lord of the Rings - Free Peoples;1;196;0;376;36;405;1987
24/25;2024-09-19;The Nexus Bowl;tournament;Geek Masters Invitational;2;Round 2;Lady Jessica;68210;Dune - House Atreides;1;206;0;413;17;405;2024
24/25;2024-09-19;The Nexus Bowl;tournament;Geek Masters Invitational;2;Round 2;Duncan Idaho;60189;Dune - House Atreides;1;187;0;392;32;405;1997
24/25;2024-09-19;The Nexus Bowl;tournament;Geek Masters Invitational;2;Round 2;Paul Atreides;72298;Dune - House Atreides;1;200;0;401;25;405;2000
24/25;2024-09-19;The Nexus Bowl;tournament;Geek Masters Invitational;2;Round 2;Garrus Vakarian;58180;Mass Effect - Alliance Crew;1;204;0;399;26;405;1993
24/25;2024-09-19;The Nexus Bowl;tournament;Geek Masters Invitational;2;Round 2;Mara Jade;88618;LucasArts Games - Jedi Knight Era;1;218;0;432;8;405;2023
24/25;2024-09-19;The Nexus Bowl;tournament;Geek Masters Invitational;2;Round 2;Jaden Korr;68231;LucasArts Games - Jedi Knight Era;1;208;0;396;28;405;1986
24/25;2024-09-19;The Nexus Bowl;tournament;Geek Masters Invitational;2;Round 2;Simba;65256;Disney Characters - Disney Heroes;1;181;0;366;40;405;1953
24/25;2024-09-19;The Nexus Bowl;tournament;Geek Masters Invitational;2;Round 2;Count Fenring;56078;Dune - Harkonnen-Sardaukar;1;185;0;376;37;405;1961
24/25;2024-09-19;The Nexus Bowl;tournament;Geek Masters Invitational;2;Round 2;Tywin Lannister;77493;Game of Thrones - Lannister-Crown;1;193;0;382;35;405;1963
24/25;2024-09-19;The Nexus Bowl;tournament;Geek Masters Invitational;2;Round 2;Luke Skywalker;91905;Star Wars - Jedi Order;2;195;0;600;27;621;2409
24/25;2024-09-19;The Nexus Bowl;tournament;Geek Masters Invitational;2;Round 2;Sauron;85741;Lord of the Rings - Forces of Mordor;2;212;0;655;4;621;2447
24/25;2024-09-19;The Nexus Bowl;tournament;Geek Masters Invitational;2;Round 2;Harry Potter;52082;Harry Potter - Order of the Phoenix;2;203;0;579;35;621;2351
24/25;2024-09-19;The Nexus Bowl;tournament;Geek Masters Invitational;2;Round 2;Lord Voldemort;65247;Harry Potter - Death Eaters;2;206;0;619;22;621;2391
24/25;2024-09-19;The Nexus Bowl;tournament;Geek Masters Invitational;2;Round 2;Commander Shepard;85142;Mass Effect - Alliance Crew;2;217;0;640;8;621;2399
24/25;2024-09-19;The Nexus Bowl;tournament;Geek Masters Invitational;2;Round 2;Gandalf;98265;Lord of the Rings - Free Peoples;2;213;0;643;6;621;2402
24/25;2024-09-19;The Nexus Bowl;tournament;Geek Masters Invitational;2;Round 2;Worf;67335;Star Trek - Klingon-Romulan;2;223;0;658;3;621;2409
24/25;2024-09-19;The Nexus Bowl;tournament;Geek Masters Invitational;2;Round 2;Mickey Mouse;68965;Disney Characters - Disney Heroes;2;193;0;597;28;621;2343
24/25;2024-09-19;The Nexus Bowl;tournament;Geek Masters Invitational;2;Round 2;Illusive Man;86178;Mass Effect - Cerberus-Reapers;2;235;0;688;2;621;2429
24/25;2024-09-19;The Nexus Bowl;tournament;Geek Masters Invitational;2;Round 2;Jon Snow;86781;Game of Thrones - Stark-Targaryen Alliance;2;199;0;589;29;621;2319
24/25;2024-09-19;The Nexus Bowl;tournament;Geek Masters Invitational;2;Round 2;Jean-Luc Picard;56338;Star Trek - Federation;2;206;0;633;11;621;2361
24/25;2024-09-19;The Nexus Bowl;tournament;Geek Masters Invitational;2;Round 2;Guybrush Threepwood;99729;LucasArts Games - Monkey Island & Legacy;2;192;0;586;31;621;2302
24/25;2024-09-19;The Nexus Bowl;tournament;Geek Masters Invitational;2;Round 2;Abaddon the Despoiler;54558;Warhammer 40K - Chaos;2;233;0;628;16;621;2343
24/25;2024-09-19;The Nexus Bowl;tournament;Geek Masters Invitational;2;Round 2;Gowron;52847;Star Trek - Klingon-Romulan;2;209;0;638;9;621;2348
24/25;2024-09-19;The Nexus Bowl;tournament;Geek Masters Invitational;2;Round 2;Maleficent;74911;Disney Characters - Disney Villains;2;225;0;737;1;621;2446
24/25;2024-09-19;The Nexus Bowl;tournament;Geek Masters Invitational;2;Round 2;Spock;73526;Star Trek - Federation;2;238;0;635;10;621;2316
24/25;2024-09-19;The Nexus Bowl;tournament;Geek Masters Invitational;2;Round 2;Harbinger;69213;Mass Effect - Cerberus-Reapers;2;210;0;642;7;621;2312
24/25;2024-09-19;The Nexus Bowl;tournament;Geek Masters Invitational;2;Round 2;Cersei Lannister;95962;Game of Thrones - Lannister-Crown;2;241;0;645;5;621;2313
24/25;2024-09-19;The Nexus Bowl;tournament;Geek Masters Invitational;2;Round 2;LeChuck;60463;LucasArts Games - Monkey Island & Legacy;2;213;0;630;14;621;2285
24/25;2024-09-19;The Nexus Bowl;tournament;Geek Masters Invitational;2;Round 2;Darth Vader;68024;Star Wars - Sith Empire;2;198;0;631;13;621;2280
24/25;2024-09-19;The Nexus Bowl;tournament;Geek Masters Invitational;2;Round 2;Hermione Granger;51952;Harry Potter - Order of the Phoenix;2;241;0;617;23;621;2265
24/25;2024-09-19;The Nexus Bowl;tournament;Geek Masters Invitational;2;Round 2;Kyle Katarn;79439;LucasArts Games - Jedi Knight Era;2;203;0;629;15;621;2267
24/25;2024-09-19;The Nexus Bowl;tournament;Geek Masters Invitational;2;Round 2;Roboute Guilliman;73700;Warhammer 40K - Imperium;2;190;0;623;18;621;2257
24/25;2024-09-19;The Nexus Bowl;tournament;Geek Masters Invitational;2;Round 2;Baron Harkonnen;72059;Dune - Harkonnen-Sardaukar;2;204;0;619;21;621;2251
24/25;2024-09-19;The Nexus Bowl;tournament;Geek Masters Invitational;2;Round 2;Daenerys Targaryen;63031;Game of Thrones - Stark-Targaryen Alliance;2;182;0;574;36;621;2204
24/25;2024-09-19;The Nexus Bowl;tournament;Geek Masters Invitational;2;Round 2;Marneus Calgar;87837;Warhammer 40K - Imperium;2;176;0;580;34;621;2207
24/25;2024-09-19;The Nexus Bowl;tournament;Geek Masters Invitational;2;Round 2;Emperor Palpatine;66049;Star Wars - Sith Empire;2;205;0;621;19;621;2243
24/25;2024-09-19;The Nexus Bowl;tournament;Geek Masters Invitational;2;Round 2;Jaime Lannister;85713;Game of Thrones - Lannister-Crown;2;187;0;588;30;621;2209
24/25;2024-09-19;The Nexus Bowl;tournament;Geek Masters Invitational;2;Round 2;Ahsoka Tano;51639;Star Wars - Jedi Order;2;181;0;569;38;621;2187
24/25;2024-09-19;The Nexus Bowl;tournament;Geek Masters Invitational;2;Round 2;Feyd-Rautha;56698;Dune - Harkonnen-Sardaukar;2;220;0;632;12;621;2247
24/25;2024-09-19;The Nexus Bowl;tournament;Geek Masters Invitational;2;Round 2;Aragorn;56717;Lord of the Rings - Free Peoples;2;190;0;566;39;621;2177
24/25;2024-09-19;The Nexus Bowl;tournament;Geek Masters Invitational;2;Round 2;Lady Jessica;68210;Dune - House Atreides;2;208;0;621;20;621;2232
24/25;2024-09-19;The Nexus Bowl;tournament;Geek Masters Invitational;2;Round 2;Duncan Idaho;60189;Dune - House Atreides;2;191;0;583;33;621;2188
24/25;2024-09-19;The Nexus Bowl;tournament;Geek Masters Invitational;2;Round 2;Paul Atreides;72298;Dune - House Atreides;2;207;0;608;24;621;2207
24/25;2024-09-19;The Nexus Bowl;tournament;Geek Masters Invitational;2;Round 2;Garrus Vakarian;58180;Mass Effect - Alliance Crew;2;208;0;607;25;621;2201
24/25;2024-09-19;The Nexus Bowl;tournament;Geek Masters Invitational;2;Round 2;Mara Jade;88618;LucasArts Games - Jedi Knight Era;2;196;0;628;17;621;2219
24/25;2024-09-19;The Nexus Bowl;tournament;Geek Masters Invitational;2;Round 2;Jaden Korr;68231;LucasArts Games - Jedi Knight Era;2;188;0;584;32;621;2174
24/25;2024-09-19;The Nexus Bowl;tournament;Geek Masters Invitational;2;Round 2;Simba;65256;Disney Characters - Disney Heroes;2;193;0;559;40;621;2146
24/25;2024-09-19;The Nexus Bowl;tournament;Geek Masters Invitational;2;Round 2;Count Fenring;56078;Dune - Harkonnen-Sardaukar;2;225;0;601;26;621;2186
24/25;2024-09-19;The Nexus Bowl;tournament;Geek Masters Invitational;2;Round 2;Tywin Lannister;77493;Game of Thrones - Lannister-Crown;2;190;0;572;37;621;2153
24/25;2024-09-19;The Nexus Bowl;tournament;Geek Masters Invitational;2;Round 2;Luke Skywalker;91905;Star Wars - Jedi Order;3;203;0;803;28;823;2612
24/25;2024-09-19;The Nexus Bowl;tournament;Geek Masters Invitational;2;Round 2;Sauron;85741;Lord of the Rings - Forces of Mordor;3;200;0;855;9;823;2647
24/25;2024-09-19;The Nexus Bowl;tournament;Geek Masters Invitational;2;Round 2;Harry Potter;52082;Harry Potter - Order of the Phoenix;3;200;0;779;32;823;2551
24/25;2024-09-19;The Nexus Bowl;tournament;Geek Masters Invitational;2;Round 2;Lord Voldemort;65247;Harry Potter - Death Eaters;3;214;0;833;16;823;2605
24/25;2024-09-19;The Nexus Bowl;tournament;Geek Masters Invitational;2;Round 2;Commander Shepard;85142;Mass Effect - Alliance Crew;3;229;0;869;5;823;2628
24/25;2024-09-19;The Nexus Bowl;tournament;Geek Masters Invitational;2;Round 2;Gandalf;98265;Lord of the Rings - Free Peoples;3;228;0;871;4;823;2630
24/25;2024-09-19;The Nexus Bowl;tournament;Geek Masters Invitational;2;Round 2;Worf;67335;Star Trek - Klingon-Romulan;3;227;0;885;3;823;2636
24/25;2024-09-19;The Nexus Bowl;tournament;Geek Masters Invitational;2;Round 2;Mickey Mouse;68965;Disney Characters - Disney Heroes;3;208;0;805;26;823;2551
24/25;2024-09-19;The Nexus Bowl;tournament;Geek Masters Invitational;2;Round 2;Illusive Man;86178;Mass Effect - Cerberus-Reapers;3;203;0;891;2;823;2632
24/25;2024-09-19;The Nexus Bowl;tournament;Geek Masters Invitational;2;Round 2;Jon Snow;86781;Game of Thrones - Stark-Targaryen Alliance;3;197;0;786;30;823;2516
24/25;2024-09-19;The Nexus Bowl;tournament;Geek Masters Invitational;2;Round 2;Jean-Luc Picard;56338;Star Trek - Federation;3;219;0;852;10;823;2580
24/25;2024-09-19;The Nexus Bowl;tournament;Geek Masters Invitational;2;Round 2;Guybrush Threepwood;99729;LucasArts Games - Monkey Island & Legacy;3;177;0;763;37;823;2479
24/25;2024-09-19;The Nexus Bowl;tournament;Geek Masters Invitational;2;Round 2;Abaddon the Despoiler;54558;Warhammer 40K - Chaos;3;229;0;857;7;823;2572
24/25;2024-09-19;The Nexus Bowl;tournament;Geek Masters Invitational;2;Round 2;Gowron;52847;Star Trek - Klingon-Romulan;3;207;0;845;13;823;2555
24/25;2024-09-19;The Nexus Bowl;tournament;Geek Masters Invitational;2;Round 2;Maleficent;74911;Disney Characters - Disney Villains;3;213;0;950;1;823;2659
24/25;2024-09-19;The Nexus Bowl;tournament;Geek Masters Invitational;2;Round 2;Spock;73526;Star Trek - Federation;3;193;0;828;18;823;2509
24/25;2024-09-19;The Nexus Bowl;tournament;Geek Masters Invitational;2;Round 2;Harbinger;69213;Mass Effect - Cerberus-Reapers;3;220;0;862;6;823;2532
24/25;2024-09-19;The Nexus Bowl;tournament;Geek Masters Invitational;2;Round 2;Cersei Lannister;95962;Game of Thrones - Lannister-Crown;3;189;0;834;15;823;2502
24/25;2024-09-19;The Nexus Bowl;tournament;Geek Masters Invitational;2;Round 2;LeChuck;60463;LucasArts Games - Monkey Island & Legacy;3;208;0;838;14;823;2493
24/25;2024-09-19;The Nexus Bowl;tournament;Geek Masters Invitational;2;Round 2;Darth Vader;68024;Star Wars - Sith Empire;3;220;0;851;12;823;2500
24/25;2024-09-19;The Nexus Bowl;tournament;Geek Masters Invitational;2;Round 2;Hermione Granger;51952;Harry Potter - Order of the Phoenix;3;204;0;821;21;823;2469
24/25;2024-09-19;The Nexus Bowl;tournament;Geek Masters Invitational;2;Round 2;Kyle Katarn;79439;LucasArts Games - Jedi Knight Era;3;223;0;852;11;823;2490
24/25;2024-09-19;The Nexus Bowl;tournament;Geek Masters Invitational;2;Round 2;Roboute Guilliman;73700;Warhammer 40K - Imperium;3;191;0;814;24;823;2448
24/25;2024-09-19;The Nexus Bowl;tournament;Geek Masters Invitational;2;Round 2;Baron Harkonnen;72059;Dune - Harkonnen-Sardaukar;3;196;0;815;23;823;2447
24/25;2024-09-19;The Nexus Bowl;tournament;Geek Masters Invitational;2;Round 2;Daenerys Targaryen;63031;Game of Thrones - Stark-Targaryen Alliance;3;195;0;769;35;823;2399
24/25;2024-09-19;The Nexus Bowl;tournament;Geek Masters Invitational;2;Round 2;Marneus Calgar;87837;Warhammer 40K - Imperium;3;194;0;774;33;823;2401
24/25;2024-09-19;The Nexus Bowl;tournament;Geek Masters Invitational;2;Round 2;Emperor Palpatine;66049;Star Wars - Sith Empire;3;206;0;827;19;823;2449
24/25;2024-09-19;The Nexus Bowl;tournament;Geek Masters Invitational;2;Round 2;Jaime Lannister;85713;Game of Thrones - Lannister-Crown;3;224;0;812;25;823;2433
24/25;2024-09-19;The Nexus Bowl;tournament;Geek Masters Invitational;2;Round 2;Ahsoka Tano;51639;Star Wars - Jedi Order;3;178;0;747;40;823;2365
24/25;2024-09-19;The Nexus Bowl;tournament;Geek Masters Invitational;2;Round 2;Feyd-Rautha;56698;Dune - Harkonnen-Sardaukar;3;223;0;855;8;823;2470
24/25;2024-09-19;The Nexus Bowl;tournament;Geek Masters Invitational;2;Round 2;Aragorn;56717;Lord of the Rings - Free Peoples;3;187;0;753;39;823;2364
24/25;2024-09-19;The Nexus Bowl;tournament;Geek Masters Invitational;2;Round 2;Lady Jessica;68210;Dune - House Atreides;3;210;0;831;17;823;2442
24/25;2024-09-19;The Nexus Bowl;tournament;Geek Masters Invitational;2;Round 2;Duncan Idaho;60189;Dune - House Atreides;3;207;0;790;29;823;2395
24/25;2024-09-19;The Nexus Bowl;tournament;Geek Masters Invitational;2;Round 2;Paul Atreides;72298;Dune - House Atreides;3;208;0;816;22;823;2415
24/25;2024-09-19;The Nexus Bowl;tournament;Geek Masters Invitational;2;Round 2;Garrus Vakarian;58180;Mass Effect - Alliance Crew;3;197;0;804;27;823;2398
24/25;2024-09-19;The Nexus Bowl;tournament;Geek Masters Invitational;2;Round 2;Mara Jade;88618;LucasArts Games - Jedi Knight Era;3;195;0;823;20;823;2414
24/25;2024-09-19;The Nexus Bowl;tournament;Geek Masters Invitational;2;Round 2;Jaden Korr;68231;LucasArts Games - Jedi Knight Era;3;188;0;772;34;823;2362
24/25;2024-09-19;The Nexus Bowl;tournament;Geek Masters Invitational;2;Round 2;Simba;65256;Disney Characters - Disney Heroes;3;199;0;758;38;823;2345
24/25;2024-09-19;The Nexus Bowl;tournament;Geek Masters Invitational;2;Round 2;Count Fenring;56078;Dune - Harkonnen-Sardaukar;3;179;0;780;31;823;2365
24/25;2024-09-19;The Nexus Bowl;tournament;Geek Masters Invitational;2;Round 2;Tywin Lannister;77493;Game of Thrones - Lannister-Crown;3;193;0;765;36;823;2346
24/25;2024-09-19;The Nexus Bowl;tournament;Geek Masters Invitational;2;Round 2;Luke Skywalker;91905;Star Wars - Jedi Order;4;189;0;992;29;1031;2801
24/25;2024-09-19;The Nexus Bowl;tournament;Geek Masters Invitational;2;Round 2;Sauron;85741;Lord of the Rings - Forces of Mordor;4;211;0;1066;10;1031;2858
24/25;2024-09-19;The Nexus Bowl;tournament;Geek Masters Invitational;2;Round 2;Harry Potter;52082;Harry Potter - Order of the Phoenix;4;202;0;981;33;1031;2753
24/25;2024-09-19;The Nexus Bowl;tournament;Geek Masters Invitational;2;Round 2;Lord Voldemort;65247;Harry Potter - Death Eaters;4;204;0;1037;17;1031;2809
24/25;2024-09-19;The Nexus Bowl;tournament;Geek Masters Invitational;2;Round 2;Commander Shepard;85142;Mass Effect - Alliance Crew;4;207;0;1076;6;1031;2835
24/25;2024-09-19;The Nexus Bowl;tournament;Geek Masters Invitational;2;Round 2;Gandalf;98265;Lord of the Rings - Free Peoples;4;202;0;1073;7;1031;2832
24/25;2024-09-19;The Nexus Bowl;tournament;Geek Masters Invitational;2;Round 2;Worf;67335;Star Trek - Klingon-Romulan;4;217;0;1102;3;1031;2853
24/25;2024-09-19;The Nexus Bowl;tournament;Geek Masters Invitational;2;Round 2;Mickey Mouse;68965;Disney Characters - Disney Heroes;4;245;0;1050;15;1031;2796
24/25;2024-09-19;The Nexus Bowl;tournament;Geek Masters Invitational;2;Round 2;Illusive Man;86178;Mass Effect - Cerberus-Reapers;4;217;0;1108;2;1031;2849
24/25;2024-09-19;The Nexus Bowl;tournament;Geek Masters Invitational;2;Round 2;Jon Snow;86781;Game of Thrones - Stark-Targaryen Alliance;4;223;0;1009;26;1031;2739
24/25;2024-09-19;The Nexus Bowl;tournament;Geek Masters Invitational;2;Round 2;Jean-Luc Picard;56338;Star Trek - Federation;4;210;0;1062;12;1031;2790
24/25;2024-09-19;The Nexus Bowl;tournament;Geek Masters Invitational;2;Round 2;Guybrush Threepwood;99729;LucasArts Games - Monkey Island & Legacy;4;207;0;970;34;1031;2686
24/25;2024-09-19;The Nexus Bowl;tournament;Geek Masters Invitational;2;Round 2;Abaddon the Despoiler;54558;Warhammer 40K - Chaos;4;222;0;1079;5;1031;2794
24/25;2024-09-19;The Nexus Bowl;tournament;Geek Masters Invitational;2;Round 2;Gowron;52847;Star Trek - Klingon-Romulan;4;221;0;1066;9;1031;2776
24/25;2024-09-19;The Nexus Bowl;tournament;Geek Masters Invitational;2;Round 2;Maleficent;74911;Disney Characters - Disney Villains;4;211;0;1161;1;1031;2870
24/25;2024-09-19;The Nexus Bowl;tournament;Geek Masters Invitational;2;Round 2;Spock;73526;Star Trek - Federation;4;237;0;1065;11;1031;2746
24/25;2024-09-19;The Nexus Bowl;tournament;Geek Masters Invitational;2;Round 2;Harbinger;69213;Mass Effect - Cerberus-Reapers;4;199;0;1061;13;1031;2731
24/25;2024-09-19;The Nexus Bowl;tournament;Geek Masters Invitational;2;Round 2;Cersei Lannister;95962;Game of Thrones - Lannister-Crown;4;173;0;1007;27;1031;2675
24/25;2024-09-19;The Nexus Bowl;tournament;Geek Masters Invitational;2;Round 2;LeChuck;60463;LucasArts Games - Monkey Island & Legacy;4;203;0;1041;16;1031;2696
24/25;2024-09-19;The Nexus Bowl;tournament;Geek Masters Invitational;2;Round 2;Darth Vader;68024;Star Wars - Sith Empire;4;201;0;1052;14;1031;2701
24/25;2024-09-19;The Nexus Bowl;tournament;Geek Masters Invitational;2;Round 2;Hermione Granger;51952;Harry Potter - Order of the Phoenix;4;178;0;999;28;1031;2647
24/25;2024-09-19;The Nexus Bowl;tournament;Geek Masters Invitational;2;Round 2;Kyle Katarn;79439;LucasArts Games - Jedi Knight Era;4;228;0;1080;4;1031;2718
24/25;2024-09-19;The Nexus Bowl;tournament;Geek Masters Invitational;2;Round 2;Roboute Guilliman;73700;Warhammer 40K - Imperium;4;217;0;1031;20;1031;2665
24/25;2024-09-19;The Nexus Bowl;tournament;Geek Masters Invitational;2;Round 2;Baron Harkonnen;72059;Dune - Harkonnen-Sardaukar;4;216;0;1031;19;1031;2663
24/25;2024-09-19;The Nexus Bowl;tournament;Geek Masters Invitational;2;Round 2;Daenerys Targaryen;63031;Game of Thrones - Stark-Targaryen Alliance;4;195;0;964;36;1031;2594
24/25;2024-09-19;The Nexus Bowl;tournament;Geek Masters Invitational;2;Round 2;Marneus Calgar;87837;Warhammer 40K - Imperium;4;194;0;968;35;1031;2595
24/25;2024-09-19;The Nexus Bowl;tournament;Geek Masters Invitational;2;Round 2;Emperor Palpatine;66049;Star Wars - Sith Empire;4;193;0;1020;23;1031;2642
24/25;2024-09-19;The Nexus Bowl;tournament;Geek Masters Invitational;2;Round 2;Jaime Lannister;85713;Game of Thrones - Lannister-Crown;4;205;0;1017;24;1031;2638
24/25;2024-09-19;The Nexus Bowl;tournament;Geek Masters Invitational;2;Round 2;Ahsoka Tano;51639;Star Wars - Jedi Order;4;179;0;926;40;1031;2544
24/25;2024-09-19;The Nexus Bowl;tournament;Geek Masters Invitational;2;Round 2;Feyd-Rautha;56698;Dune - Harkonnen-Sardaukar;4;211;0;1066;8;1031;2681
24/25;2024-09-19;The Nexus Bowl;tournament;Geek Masters Invitational;2;Round 2;Aragorn;56717;Lord of the Rings - Free Peoples;4;194;0;947;38;1031;2558
24/25;2024-09-19;The Nexus Bowl;tournament;Geek Masters Invitational;2;Round 2;Lady Jessica;68210;Dune - House Atreides;4;199;0;1030;21;1031;2641
24/25;2024-09-19;The Nexus Bowl;tournament;Geek Masters Invitational;2;Round 2;Duncan Idaho;60189;Dune - House Atreides;4;198;0;988;32;1031;2593
24/25;2024-09-19;The Nexus Bowl;tournament;Geek Masters Invitational;2;Round 2;Paul Atreides;72298;Dune - House Atreides;4;207;0;1023;22;1031;2622
24/25;2024-09-19;The Nexus Bowl;tournament;Geek Masters Invitational;2;Round 2;Garrus Vakarian;58180;Mass Effect - Alliance Crew;4;212;0;1016;25;1031;2610
24/25;2024-09-19;The Nexus Bowl;tournament;Geek Masters Invitational;2;Round 2;Mara Jade;88618;LucasArts Games - Jedi Knight Era;4;210;0;1033;18;1031;2624
24/25;2024-09-19;The Nexus Bowl;tournament;Geek Masters Invitational;2;Round 2;Jaden Korr;68231;LucasArts Games - Jedi Knight Era;4;217;0;989;30;1031;2579
24/25;2024-09-19;The Nexus Bowl;tournament;Geek Masters Invitational;2;Round 2;Simba;65256;Disney Characters - Disney Heroes;4;186;0;944;39;1031;2531
24/25;2024-09-19;The Nexus Bowl;tournament;Geek Masters Invitational;2;Round 2;Count Fenring;56078;Dune - Harkonnen-Sardaukar;4;208;0;988;31;1031;2573
24/25;2024-09-19;The Nexus Bowl;tournament;Geek Masters Invitational;2;Round 2;Tywin Lannister;77493;Game of Thrones - Lannister-Crown;4;198;0;963;37;1031;2544
24/25;2024-09-19;The Nexus Bowl;tournament;Geek Masters Invitational;2;Round 2;Luke Skywalker;91905;Star Wars - Jedi Order;5;188;0;1180;32;1239;2989
24/25;2024-09-19;The Nexus Bowl;tournament;Geek Masters Invitational;2;Round 2;Sauron;85741;Lord of the Rings - Forces of Mordor;5;212;0;1278;10;1239;3070
24/25;2024-09-19;The Nexus Bowl;tournament;Geek Masters Invitational;2;Round 2;Harry Potter;52082;Harry Potter - Order of the Phoenix;5;241;0;1222;23;1239;2994
24/25;2024-09-19;The Nexus Bowl;tournament;Geek Masters Invitational;2;Round 2;Lord Voldemort;65247;Harry Potter - Death Eaters;5;219;0;1256;17;1239;3028
24/25;2024-09-19;The Nexus Bowl;tournament;Geek Masters Invitational;2;Round 2;Commander Shepard;85142;Mass Effect - Alliance Crew;5;218;0;1294;5;1239;3053
24/25;2024-09-19;The Nexus Bowl;tournament;Geek Masters Invitational;2;Round 2;Gandalf;98265;Lord of the Rings - Free Peoples;5;218;0;1291;6;1239;3050
24/25;2024-09-19;The Nexus Bowl;tournament;Geek Masters Invitational;2;Round 2;Worf;67335;Star Trek - Klingon-Romulan;5;206;0;1308;4;1239;3059
24/25;2024-09-19;The Nexus Bowl;tournament;Geek Masters Invitational;2;Round 2;Mickey Mouse;68965;Disney Characters - Disney Heroes;5;202;0;1252;18;1239;2998
24/25;2024-09-19;The Nexus Bowl;tournament;Geek Masters Invitational;2;Round 2;Illusive Man;86178;Mass Effect - Cerberus-Reapers;5;228;0;1336;2;1239;3077
24/25;2024-09-19;The Nexus Bowl;tournament;Geek Masters Invitational;2;Round 2;Jon Snow;86781;Game of Thrones - Stark-Targaryen Alliance;5;211;0;1220;24;1239;2950
24/25;2024-09-19;The Nexus Bowl;tournament;Geek Masters Invitational;2;Round 2;Jean-Luc Picard;56338;Star Trek - Federation;5;221;0;1283;8;1239;3011
24/25;2024-09-19;The Nexus Bowl;tournament;Geek Masters Invitational;2;Round 2;Guybrush Threepwood;99729;LucasArts Games - Monkey Island & Legacy;5;187;0;1157;35;1239;2873
24/25;2024-09-19;The Nexus Bowl;tournament;Geek Masters Invitational;2;Round 2;Abaddon the Despoiler;54558;Warhammer 40K - Chaos;5;231;0;1310;3;1239;3025
24/25;2024-09-19;The Nexus Bowl;tournament;Geek Masters Invitational;2;Round 2;Gowron;52847;Star Trek - Klingon-Romulan;5;220;0;1286;7;1239;2996
24/25;2024-09-19;The Nexus Bowl;tournament;Geek Masters Invitational;2;Round 2;Maleficent;74911;Disney Characters - Disney Villains;5;231;0;1392;1;1239;3101
24/25;2024-09-19;The Nexus Bowl;tournament;Geek Masters Invitational;2;Round 2;Spock;73526;Star Trek - Federation;5;213;0;1278;11;1239;2959
24/25;2024-09-19;The Nexus Bowl;tournament;Geek Masters Invitational;2;Round 2;Harbinger;69213;Mass Effect - Cerberus-Reapers;5;211;0;1272;13;1239;2942
24/25;2024-09-19;The Nexus Bowl;tournament;Geek Masters Invitational;2;Round 2;Cersei Lannister;95962;Game of Thrones - Lannister-Crown;5;204;0;1211;29;1239;2879
24/25;2024-09-19;The Nexus Bowl;tournament;Geek Masters Invitational;2;Round 2;LeChuck;60463;LucasArts Games - Monkey Island & Legacy;5;223;0;1264;14;1239;2919
24/25;2024-09-19;The Nexus Bowl;tournament;Geek Masters Invitational;2;Round 2;Darth Vader;68024;Star Wars - Sith Empire;5;206;0;1258;16;1239;2907
24/25;2024-09-19;The Nexus Bowl;tournament;Geek Masters Invitational;2;Round 2;Hermione Granger;51952;Harry Potter - Order of the Phoenix;5;218;0;1217;25;1239;2865
24/25;2024-09-19;The Nexus Bowl;tournament;Geek Masters Invitational;2;Round 2;Kyle Katarn;79439;LucasArts Games - Jedi Knight Era;5;198;0;1278;9;1239;2916
24/25;2024-09-19;The Nexus Bowl;tournament;Geek Masters Invitational;2;Round 2;Roboute Guilliman;73700;Warhammer 40K - Imperium;5;186;0;1217;26;1239;2851
24/25;2024-09-19;The Nexus Bowl;tournament;Geek Masters Invitational;2;Round 2;Baron Harkonnen;72059;Dune - Harkonnen-Sardaukar;5;197;0;1228;22;1239;2860
24/25;2024-09-19;The Nexus Bowl;tournament;Geek Masters Invitational;2;Round 2;Daenerys Targaryen;63031;Game of Thrones - Stark-Targaryen Alliance;5;186;0;1150;37;1239;2780
24/25;2024-09-19;The Nexus Bowl;tournament;Geek Masters Invitational;2;Round 2;Marneus Calgar;87837;Warhammer 40K - Imperium;5;198;0;1166;34;1239;2793
24/25;2024-09-19;The Nexus Bowl;tournament;Geek Masters Invitational;2;Round 2;Emperor Palpatine;66049;Star Wars - Sith Empire;5;213;0;1233;21;1239;2855
24/25;2024-09-19;The Nexus Bowl;tournament;Geek Masters Invitational;2;Round 2;Jaime Lannister;85713;Game of Thrones - Lannister-Crown;5;222;0;1239;20;1239;2860
24/25;2024-09-19;The Nexus Bowl;tournament;Geek Masters Invitational;2;Round 2;Ahsoka Tano;51639;Star Wars - Jedi Order;5;193;0;1119;40;1239;2737
24/25;2024-09-19;The Nexus Bowl;tournament;Geek Masters Invitational;2;Round 2;Feyd-Rautha;56698;Dune - Harkonnen-Sardaukar;5;210;0;1276;12;1239;2891
24/25;2024-09-19;The Nexus Bowl;tournament;Geek Masters Invitational;2;Round 2;Aragorn;56717;Lord of the Rings - Free Peoples;5;185;0;1132;39;1239;2743
24/25;2024-09-19;The Nexus Bowl;tournament;Geek Masters Invitational;2;Round 2;Lady Jessica;68210;Dune - House Atreides;5;214;0;1244;19;1239;2855
24/25;2024-09-19;The Nexus Bowl;tournament;Geek Masters Invitational;2;Round 2;Duncan Idaho;60189;Dune - House Atreides;5;166;0;1154;36;1239;2759
24/25;2024-09-19;The Nexus Bowl;tournament;Geek Masters Invitational;2;Round 2;Paul Atreides;72298;Dune - House Atreides;5;191;0;1214;27;1239;2813
24/25;2024-09-19;The Nexus Bowl;tournament;Geek Masters Invitational;2;Round 2;Garrus Vakarian;58180;Mass Effect - Alliance Crew;5;196;0;1212;28;1239;2806
24/25;2024-09-19;The Nexus Bowl;tournament;Geek Masters Invitational;2;Round 2;Mara Jade;88618;LucasArts Games - Jedi Knight Era;5;228;0;1261;15;1239;2852
24/25;2024-09-19;The Nexus Bowl;tournament;Geek Masters Invitational;2;Round 2;Jaden Korr;68231;LucasArts Games - Jedi Knight Era;5;180;0;1169;33;1239;2759
24/25;2024-09-19;The Nexus Bowl;tournament;Geek Masters Invitational;2;Round 2;Simba;65256;Disney Characters - Disney Heroes;5;191;0;1135;38;1239;2722
24/25;2024-09-19;The Nexus Bowl;tournament;Geek Masters Invitational;2;Round 2;Count Fenring;56078;Dune - Harkonnen-Sardaukar;5;204;0;1192;30;1239;2777
24/25;2024-09-19;The Nexus Bowl;tournament;Geek Masters Invitational;2;Round 2;Tywin Lannister;77493;Game of Thrones - Lannister-Crown;5;223;0;1186;31;1239;2767
24/25;2024-09-20;The Nexus Bowl;tournament;Geek Masters Invitational;3;Final;Maleficent;74911;Disney Characters - Disney Villains;0;228;0;228;4;;3329
24/25;2024-09-20;The Nexus Bowl;tournament;Geek Masters Invitational;3;Final;Illusive Man;86178;Mass Effect - Cerberus-Reapers;0;194;0;194;18;;3271
24/25;2024-09-20;The Nexus Bowl;tournament;Geek Masters Invitational;3;Final;Sauron;85741;Lord of the Rings - Forces of Mordor;0;200;0;200;17;;3270
24/25;2024-09-20;The Nexus Bowl;tournament;Geek Masters Invitational;3;Final;Worf;67335;Star Trek - Klingon-Romulan;0;206;0;206;14;;3265
24/25;2024-09-20;The Nexus Bowl;tournament;Geek Masters Invitational;3;Final;Commander Shepard;85142;Mass Effect - Alliance Crew;0;225;0;225;5;;3278
24/25;2024-09-20;The Nexus Bowl;tournament;Geek Masters Invitational;3;Final;Gandalf;98265;Lord of the Rings - Free Peoples;0;232;0;232;3;;3282
24/25;2024-09-20;The Nexus Bowl;tournament;Geek Masters Invitational;3;Final;Lord Voldemort;65247;Harry Potter - Death Eaters;0;207;0;207;13;;3235
24/25;2024-09-20;The Nexus Bowl;tournament;Geek Masters Invitational;3;Final;Abaddon the Despoiler;54558;Warhammer 40K - Chaos;0;237;0;237;2;;3262
24/25;2024-09-20;The Nexus Bowl;tournament;Geek Masters Invitational;3;Final;Jean-Luc Picard;56338;Star Trek - Federation;0;225;0;225;6;;3236
24/25;2024-09-20;The Nexus Bowl;tournament;Geek Masters Invitational;3;Final;Mickey Mouse;68965;Disney Characters - Disney Heroes;0;247;0;247;1;;3245
24/25;2024-09-20;The Nexus Bowl;tournament;Geek Masters Invitational;3;Final;Gowron;52847;Star Trek - Klingon-Romulan;0;189;0;189;19;;3185
24/25;2024-09-20;The Nexus Bowl;tournament;Geek Masters Invitational;3;Final;Harry Potter;52082;Harry Potter - Order of the Phoenix;0;179;0;179;20;;3173
24/25;2024-09-20;The Nexus Bowl;tournament;Geek Masters Invitational;3;Final;Luke Skywalker;91905;Star Wars - Jedi Order;0;208;0;208;11;;3197
24/25;2024-09-20;The Nexus Bowl;tournament;Geek Masters Invitational;3;Final;Spock;73526;Star Trek - Federation;0;201;0;201;16;;3160
24/25;2024-09-20;The Nexus Bowl;tournament;Geek Masters Invitational;3;Final;Jon Snow;86781;Game of Thrones - Stark-Targaryen Alliance;0;207;0;207;12;;3157
24/25;2024-09-20;The Nexus Bowl;tournament;Geek Masters Invitational;3;Final;Harbinger;69213;Mass Effect - Cerberus-Reapers;0;209;0;209;10;;3151
24/25;2024-09-20;The Nexus Bowl;tournament;Geek Masters Invitational;3;Final;LeChuck;60463;LucasArts Games - Monkey Island & Legacy;0;202;0;202;15;;3121
24/25;2024-09-20;The Nexus Bowl;tournament;Geek Masters Invitational;3;Final;Kyle Katarn;79439;LucasArts Games - Jedi Knight Era;0;210;0;210;9;;3126
24/25;2024-09-20;The Nexus Bowl;tournament;Geek Masters Invitational;3;Final;Darth Vader;68024;Star Wars - Sith Empire;0;211;0;211;8;;3118
24/25;2024-09-20;The Nexus Bowl;tournament;Geek Masters Invitational;3;Final;Feyd-Rautha;56698;Dune - Harkonnen-Sardaukar;0;224;0;224;7;;3115
24/25;2024-09-20;The Nexus Bowl;tournament;Geek Masters Invitational;3;Final;Maleficent;74911;Disney Characters - Disney Villains;1;199;0;427;10;;3528
24/25;2024-09-20;The Nexus Bowl;tournament;Geek Masters Invitational;3;Final;Illusive Man;86178;Mass Effect - Cerberus-Reapers;1;203;0;397;17;;3474
24/25;2024-09-20;The Nexus Bowl;tournament;Geek Masters Invitational;3;Final;Sauron;85741;Lord of the Rings - Forces of Mordor;1;211;0;411;15;;3481
24/25;2024-09-20;The Nexus Bowl;tournament;Geek Masters Invitational;3;Final;Worf;67335;Star Trek - Klingon-Romulan;1;209;0;415;13;;3474
24/25;2024-09-20;The Nexus Bowl;tournament;Geek Masters Invitational;3;Final;Commander Shepard;85142;Mass Effect - Alliance Crew;1;218;0;443;6;;3496
24/25;2024-09-20;The Nexus Bowl;tournament;Geek Masters Invitational;3;Final;Gandalf;98265;Lord of the Rings - Free Peoples;1;213;0;445;5;;3495
24/25;2024-09-20;The Nexus Bowl;tournament;Geek Masters Invitational;3;Final;Lord Voldemort;65247;Harry Potter - Death Eaters;1;213;0;420;11;;3448
24/25;2024-09-20;The Nexus Bowl;tournament;Geek Masters Invitational;3;Final;Abaddon the Despoiler;54558;Warhammer 40K - Chaos;1;229;0;466;1;;3491
24/25;2024-09-20;The Nexus Bowl;tournament;Geek Masters Invitational;3;Final;Jean-Luc Picard;56338;Star Trek - Federation;1;206;0;431;8;;3442
24/25;2024-09-20;The Nexus Bowl;tournament;Geek Masters Invitational;3;Final;Mickey Mouse;68965;Disney Characters - Disney Heroes;1;218;0;465;2;;3463
24/25;2024-09-20;The Nexus Bowl;tournament;Geek Masters Invitational;3;Final;Gowron;52847;Star Trek - Klingon-Romulan;1;200;0;389;18;;3385
24/25;2024-09-20;The Nexus Bowl;tournament;Geek Masters Invitational;3;Final;Harry Potter;52082;Harry Potter - Order of the Phoenix;1;190;0;369;20;;3363
24/25;2024-09-20;The Nexus Bowl;tournament;Geek Masters Invitational;3;Final;Luke Skywalker;91905;Star Wars - Jedi Order;1;227;0;435;7;;3424
24/25;2024-09-20;The Nexus Bowl;tournament;Geek Masters Invitational;3;Final;Spock;73526;Star Trek - Federation;1;187;0;388;19;;3347
24/25;2024-09-20;The Nexus Bowl;tournament;Geek Masters Invitational;3;Final;Jon Snow;86781;Game of Thrones - Stark-Targaryen Alliance;1;220;0;427;9;;3377
24/25;2024-09-20;The Nexus Bowl;tournament;Geek Masters Invitational;3;Final;Harbinger;69213;Mass Effect - Cerberus-Reapers;1;202;0;411;14;;3353
24/25;2024-09-20;The Nexus Bowl;tournament;Geek Masters Invitational;3;Final;LeChuck;60463;LucasArts Games - Monkey Island & Legacy;1;215;0;417;12;;3336
24/25;2024-09-20;The Nexus Bowl;tournament;Geek Masters Invitational;3;Final;Kyle Katarn;79439;LucasArts Games - Jedi Knight Era;1;200;0;410;16;;3326
24/25;2024-09-20;The Nexus Bowl;tournament;Geek Masters Invitational;3;Final;Darth Vader;68024;Star Wars - Sith Empire;1;242;0;453;3;;3360
24/25;2024-09-20;The Nexus Bowl;tournament;Geek Masters Invitational;3;Final;Feyd-Rautha;56698;Dune - Harkonnen-Sardaukar;1;222;0;446;4;;3337
24/25;2024-09-20;The Nexus Bowl;tournament;Geek Masters Invitational;3;Final;Maleficent;74911;Disney Characters - Disney Villains;2;220;0;647;9;;3748
24/25;2024-09-20;The Nexus Bowl;tournament;Geek Masters Invitational;3;Final;Illusive Man;86178;Mass Effect - Cerberus-Reapers;2;214;0;611;17;;3688
24/25;2024-09-20;The Nexus Bowl;tournament;Geek Masters Invitational;3;Final;Sauron;85741;Lord of the Rings - Forces of Mordor;2;212;0;623;14;;3693
24/25;2024-09-20;The Nexus Bowl;tournament;Geek Masters Invitational;3;Final;Worf;67335;Star Trek - Klingon-Romulan;2;218;0;633;13;;3692
24/25;2024-09-20;The Nexus Bowl;tournament;Geek Masters Invitational;3;Final;Commander Shepard;85142;Mass Effect - Alliance Crew;2;225;0;668;3;;3721
24/25;2024-09-20;The Nexus Bowl;tournament;Geek Masters Invitational;3;Final;Gandalf;98265;Lord of the Rings - Free Peoples;2;204;0;649;8;;3699
24/25;2024-09-20;The Nexus Bowl;tournament;Geek Masters Invitational;3;Final;Lord Voldemort;65247;Harry Potter - Death Eaters;2;218;0;638;12;;3666
24/25;2024-09-20;The Nexus Bowl;tournament;Geek Masters Invitational;3;Final;Abaddon the Despoiler;54558;Warhammer 40K - Chaos;2;208;0;674;2;;3699
24/25;2024-09-20;The Nexus Bowl;tournament;Geek Masters Invitational;3;Final;Jean-Luc Picard;56338;Star Trek - Federation;2;220;0;651;7;;3662
24/25;2024-09-20;The Nexus Bowl;tournament;Geek Masters Invitational;3;Final;Mickey Mouse;68965;Disney Characters - Disney Heroes;2;229;0;694;1;;3692
24/25;2024-09-20;The Nexus Bowl;tournament;Geek Masters Invitational;3;Final;Gowron;52847;Star Trek - Klingon-Romulan;2;203;0;592;19;;3588
24/25;2024-09-20;The Nexus Bowl;tournament;Geek Masters Invitational;3;Final;Harry Potter;52082;Harry Potter - Order of the Phoenix;2;197;0;566;20;;3560
24/25;2024-09-20;The Nexus Bowl;tournament;Geek Masters Invitational;3;Final;Luke Skywalker;91905;Star Wars - Jedi Order;2;180;0;615;16;;3604
24/25;2024-09-20;The Nexus Bowl;tournament;Geek Masters Invitational;3;Final;Spock;73526;Star Trek - Federation;2;210;0;598;18;;3557
24/25;2024-09-20;The Nexus Bowl;tournament;Geek Masters Invitational;3;Final;Jon Snow;86781;Game of Thrones - Stark-Targaryen Alliance;2;233;0;660;4;;3610
24/25;2024-09-20;The Nexus Bowl;tournament;Geek Masters Invitational;3;Final;Harbinger;69213;Mass Effect - Cerberus-Reapers;2;228;0;639;11;;3581
24/25;2024-09-20;The Nexus Bowl;tournament;Geek Masters Invitational;3;Final;LeChuck;60463;LucasArts Games - Monkey Island & Legacy;2;227;0;644;10;;3563
24/25;2024-09-20;The Nexus Bowl;tournament;Geek Masters Invitational;3;Final;Kyle Katarn;79439;LucasArts Games - Jedi Knight Era;2;208;0;618;15;;3534
24/25;2024-09-20;The Nexus Bowl;tournament;Geek Masters Invitational;3;Final;Darth Vader;68024;Star Wars - Sith Empire;2;203;0;656;6;;3563
24/25;2024-09-20;The Nexus Bowl;tournament;Geek Masters Invitational;3;Final;Feyd-Rautha;56698;Dune - Harkonnen-Sardaukar;2;211;0;657;5;;3548
24/25;2024-09-20;The Nexus Bowl;tournament;Geek Masters Invitational;3;Final;Maleficent;74911;Disney Characters - Disney Villains;3;209;0;856;11;;3957
24/25;2024-09-20;The Nexus Bowl;tournament;Geek Masters Invitational;3;Final;Illusive Man;86178;Mass Effect - Cerberus-Reapers;3;190;0;801;18;;3878
24/25;2024-09-20;The Nexus Bowl;tournament;Geek Masters Invitational;3;Final;Sauron;85741;Lord of the Rings - Forces of Mordor;3;202;0;825;16;;3895
24/25;2024-09-20;The Nexus Bowl;tournament;Geek Masters Invitational;3;Final;Worf;67335;Star Trek - Klingon-Romulan;3;203;0;836;14;;3895
24/25;2024-09-20;The Nexus Bowl;tournament;Geek Masters Invitational;3;Final;Commander Shepard;85142;Mass Effect - Alliance Crew;3;205;0;873;5;;3926
24/25;2024-09-20;The Nexus Bowl;tournament;Geek Masters Invitational;3;Final;Gandalf;98265;Lord of the Rings - Free Peoples;3;212;0;861;9;;3911
24/25;2024-09-20;The Nexus Bowl;tournament;Geek Masters Invitational;3;Final;Lord Voldemort;65247;Harry Potter - Death Eaters;3;206;0;844;12;;3872
24/25;2024-09-20;The Nexus Bowl;tournament;Geek Masters Invitational;3;Final;Abaddon the Despoiler;54558;Warhammer 40K - Chaos;3;259;0;933;1;;3958
24/25;2024-09-20;The Nexus Bowl;tournament;Geek Masters Invitational;3;Final;Jean-Luc Picard;56338;Star Trek - Federation;3;219;0;870;7;;3881
24/25;2024-09-20;The Nexus Bowl;tournament;Geek Masters Invitational;3;Final;Mickey Mouse;68965;Disney Characters - Disney Heroes;3;218;0;912;2;;3910
24/25;2024-09-20;The Nexus Bowl;tournament;Geek Masters Invitational;3;Final;Gowron;52847;Star Trek - Klingon-Romulan;3;195;0;787;19;;3783
24/25;2024-09-20;The Nexus Bowl;tournament;Geek Masters Invitational;3;Final;Harry Potter;52082;Harry Potter - Order of the Phoenix;3;189;0;755;20;;3749
24/25;2024-09-20;The Nexus Bowl;tournament;Geek Masters Invitational;3;Final;Luke Skywalker;91905;Star Wars - Jedi Order;3;223;0;838;13;;3827
24/25;2024-09-20;The Nexus Bowl;tournament;Geek Masters Invitational;3;Final;Spock;73526;Star Trek - Federation;3;215;0;813;17;;3772
24/25;2024-09-20;The Nexus Bowl;tournament;Geek Masters Invitational;3;Final;Jon Snow;86781;Game of Thrones - Stark-Targaryen Alliance;3;224;0;884;3;;3834
24/25;2024-09-20;The Nexus Bowl;tournament;Geek Masters Invitational;3;Final;Harbinger;69213;Mass Effect - Cerberus-Reapers;3;231;0;870;6;;3812
24/25;2024-09-20;The Nexus Bowl;tournament;Geek Masters Invitational;3;Final;LeChuck;60463;LucasArts Games - Monkey Island & Legacy;3;213;0;857;10;;3776
24/25;2024-09-20;The Nexus Bowl;tournament;Geek Masters Invitational;3;Final;Kyle Katarn;79439;LucasArts Games - Jedi Knight Era;3;207;0;825;15;;3741
24/25;2024-09-20;The Nexus Bowl;tournament;Geek Masters Invitational;3;Final;Darth Vader;68024;Star Wars - Sith Empire;3;219;0;875;4;;3782
24/25;2024-09-20;The Nexus Bowl;tournament;Geek Masters Invitational;3;Final;Feyd-Rautha;56698;Dune - Harkonnen-Sardaukar;3;211;0;868;8;;3759
24/25;2024-09-20;The Nexus Bowl;tournament;Geek Masters Invitational;3;Final;Maleficent;74911;Disney Characters - Disney Villains;4;255;0;1111;3;;4212
24/25;2024-09-20;The Nexus Bowl;tournament;Geek Masters Invitational;3;Final;Illusive Man;86178;Mass Effect - Cerberus-Reapers;4;191;0;992;18;;4069
24/25;2024-09-20;The Nexus Bowl;tournament;Geek Masters Invitational;3;Final;Sauron;85741;Lord of the Rings - Forces of Mordor;4;227;0;1052;14;;4122
24/25;2024-09-20;The Nexus Bowl;tournament;Geek Masters Invitational;3;Final;Worf;67335;Star Trek - Klingon-Romulan;4;219;0;1055;13;;4114
24/25;2024-09-20;The Nexus Bowl;tournament;Geek Masters Invitational;3;Final;Commander Shepard;85142;Mass Effect - Alliance Crew;4;200;0;1073;10;;4126
24/25;2024-09-20;The Nexus Bowl;tournament;Geek Masters Invitational;3;Final;Gandalf;98265;Lord of the Rings - Free Peoples;4;216;0;1077;9;;4127
24/25;2024-09-20;The Nexus Bowl;tournament;Geek Masters Invitational;3;Final;Lord Voldemort;65247;Harry Potter - Death Eaters;4;217;0;1061;12;;4089
24/25;2024-09-20;The Nexus Bowl;tournament;Geek Masters Invitational;3;Final;Abaddon the Despoiler;54558;Warhammer 40K - Chaos;4;240;0;1173;1;;4198
24/25;2024-09-20;The Nexus Bowl;tournament;Geek Masters Invitational;3;Final;Jean-Luc Picard;56338;Star Trek - Federation;4;208;0;1078;8;;4089
24/25;2024-09-20;The Nexus Bowl;tournament;Geek Masters Invitational;3;Final;Mickey Mouse;68965;Disney Characters - Disney Heroes;4;254;0;1166;2;;4164
24/25;2024-09-20;The Nexus Bowl;tournament;Geek Masters Invitational;3;Final;Gowron;52847;Star Trek - Klingon-Romulan;4;203;0;990;19;;3986
24/25;2024-09-20;The Nexus Bowl;tournament;Geek Masters Invitational;3;Final;Harry Potter;52082;Harry Potter - Order of the Phoenix;4;177;0;932;20;;3926
24/25;2024-09-20;The Nexus Bowl;tournament;Geek Masters Invitational;3;Final;Luke Skywalker;91905;Star Wars - Jedi Order;4;191;0;1029;16;;4018
24/25;2024-09-20;The Nexus Bowl;tournament;Geek Masters Invitational;3;Final;Spock;73526;Star Trek - Federation;4;215;0;1028;17;;3987
24/25;2024-09-20;The Nexus Bowl;tournament;Geek Masters Invitational;3;Final;Jon Snow;86781;Game of Thrones - Stark-Targaryen Alliance;4;224;0;1108;4;;4058
24/25;2024-09-20;The Nexus Bowl;tournament;Geek Masters Invitational;3;Final;Harbinger;69213;Mass Effect - Cerberus-Reapers;4;223;0;1093;5;;4035
24/25;2024-09-20;The Nexus Bowl;tournament;Geek Masters Invitational;3;Final;LeChuck;60463;LucasArts Games - Monkey Island & Legacy;4;208;0;1065;11;;3984
24/25;2024-09-20;The Nexus Bowl;tournament;Geek Masters Invitational;3;Final;Kyle Katarn;79439;LucasArts Games - Jedi Knight Era;4;214;0;1039;15;;3955
24/25;2024-09-20;The Nexus Bowl;tournament;Geek Masters Invitational;3;Final;Darth Vader;68024;Star Wars - Sith Empire;4;205;0;1080;7;;3987
24/25;2024-09-20;The Nexus Bowl;tournament;Geek Masters Invitational;3;Final;Feyd-Rautha;56698;Dune - Harkonnen-Sardaukar;4;224;0;1092;6;;3983
24/25;2024-09-20;The Nexus Bowl;tournament;Geek Masters Invitational;3;Final;Maleficent;74911;Disney Characters - Disney Villains;5;215;0;1326;3;;4427
24/25;2024-09-20;The Nexus Bowl;tournament;Geek Masters Invitational;3;Final;Illusive Man;86178;Mass Effect - Cerberus-Reapers;5;217;0;1209;18;;4286
24/25;2024-09-20;The Nexus Bowl;tournament;Geek Masters Invitational;3;Final;Sauron;85741;Lord of the Rings - Forces of Mordor;5;189;0;1241;15;;4311
24/25;2024-09-20;The Nexus Bowl;tournament;Geek Masters Invitational;3;Final;Worf;67335;Star Trek - Klingon-Romulan;5;224;0;1279;11;;4338
24/25;2024-09-20;The Nexus Bowl;tournament;Geek Masters Invitational;3;Final;Commander Shepard;85142;Mass Effect - Alliance Crew;5;228;0;1301;8;;4354
24/25;2024-09-20;The Nexus Bowl;tournament;Geek Masters Invitational;3;Final;Gandalf;98265;Lord of the Rings - Free Peoples;5;209;0;1286;9;;4336
24/25;2024-09-20;The Nexus Bowl;tournament;Geek Masters Invitational;3;Final;Lord Voldemort;65247;Harry Potter - Death Eaters;5;200;0;1261;13;;4289
24/25;2024-09-20;The Nexus Bowl;tournament;Geek Masters Invitational;3;Final;Abaddon the Despoiler;54558;Warhammer 40K - Chaos;5;208;0;1381;2;;4406
24/25;2024-09-20;The Nexus Bowl;tournament;Geek Masters Invitational;3;Final;Jean-Luc Picard;56338;Star Trek - Federation;5;227;0;1305;6;;4316
24/25;2024-09-20;The Nexus Bowl;tournament;Geek Masters Invitational;3;Final;Mickey Mouse;68965;Disney Characters - Disney Heroes;5;255;0;1421;1;;4419
24/25;2024-09-20;The Nexus Bowl;tournament;Geek Masters Invitational;3;Final;Gowron;52847;Star Trek - Klingon-Romulan;5;202;0;1192;19;;4188
24/25;2024-09-20;The Nexus Bowl;tournament;Geek Masters Invitational;3;Final;Harry Potter;52082;Harry Potter - Order of the Phoenix;5;229;0;1161;20;;4155
24/25;2024-09-20;The Nexus Bowl;tournament;Geek Masters Invitational;3;Final;Luke Skywalker;91905;Star Wars - Jedi Order;5;210;0;1239;16;;4228
24/25;2024-09-20;The Nexus Bowl;tournament;Geek Masters Invitational;3;Final;Spock;73526;Star Trek - Federation;5;207;0;1235;17;;4194
24/25;2024-09-20;The Nexus Bowl;tournament;Geek Masters Invitational;3;Final;Jon Snow;86781;Game of Thrones - Stark-Targaryen Alliance;5;213;0;1321;4;;4271
24/25;2024-09-20;The Nexus Bowl;tournament;Geek Masters Invitational;3;Final;Harbinger;69213;Mass Effect - Cerberus-Reapers;5;209;0;1302;7;;4244
24/25;2024-09-20;The Nexus Bowl;tournament;Geek Masters Invitational;3;Final;LeChuck;60463;LucasArts Games - Monkey Island & Legacy;5;215;0;1280;10;;4199
24/25;2024-09-20;The Nexus Bowl;tournament;Geek Masters Invitational;3;Final;Kyle Katarn;79439;LucasArts Games - Jedi Knight Era;5;212;0;1251;14;;4167
24/25;2024-09-20;The Nexus Bowl;tournament;Geek Masters Invitational;3;Final;Darth Vader;68024;Star Wars - Sith Empire;5;184;0;1264;12;;4171
24/25;2024-09-20;The Nexus Bowl;tournament;Geek Masters Invitational;3;Final;Feyd-Rautha;56698;Dune - Harkonnen-Sardaukar;5;222;0;1314;5;;4205
25/26;2025-09-18;The Nexus Bowl;tournament;Geek Masters Invitational;1;Qualifying;Luke Skywalker;91905;Star Wars - Jedi Order;0;226;0;226;3;192;226
25/26;2025-09-18;The Nexus Bowl;tournament;Geek Masters Invitational;1;Qualifying;Obi-Wan Kenobi;57296;Star Wars - Jedi Order;0;215;0;215;9;192;215
25/26;2025-09-18;The Nexus Bowl;tournament;Geek Masters Invitational;1;Qualifying;Ahsoka Tano;51639;Star Wars - Jedi Order;0;188;0;188;44;192;188
25/26;2025-09-18;The Nexus Bowl;tournament;Geek Masters Invitational;1;Qualifying;Mace Windu;98598;Star Wars - Jedi Order;0;197;0;197;30;192;197
25/26;2025-09-18;The Nexus Bowl;tournament;Geek Masters Invitational;1;Qualifying;Darth Vader;68024;Star Wars - Sith Empire;0;210;0;210;12;192;210
25/26;2025-09-18;The Nexus Bowl;tournament;Geek Masters Invitational;1;Qualifying;Emperor Palpatine;66049;Star Wars - Sith Empire;0;202;0;202;23;192;202
25/26;2025-09-18;The Nexus Bowl;tournament;Geek Masters Invitational;1;Qualifying;Darth Maul;64628;Star Wars - Sith Empire;0;166;0;166;72;192;166
25/26;2025-09-18;The Nexus Bowl;tournament;Geek Masters Invitational;1;Qualifying;Count Dooku;59144;Star Wars - Sith Empire;0;172;0;172;65;192;172
25/26;2025-09-18;The Nexus Bowl;tournament;Geek Masters Invitational;1;Qualifying;Gandalf;98265;Lord of the Rings - Free Peoples;0;219;0;219;6;192;219
25/26;2025-09-18;The Nexus Bowl;tournament;Geek Masters Invitational;1;Qualifying;Aragorn;56717;Lord of the Rings - Free Peoples;0;191;0;191;42;192;191
25/26;2025-09-18;The Nexus Bowl;tournament;Geek Masters Invitational;1;Qualifying;Legolas;94348;Lord of the Rings - Free Peoples;0;196;0;196;32;192;196
25/26;2025-09-18;The Nexus Bowl;tournament;Geek Masters Invitational;1;Qualifying;Gimli;98540;Lord of the Rings - Free Peoples;0;157;0;157;76;192;157
25/26;2025-09-18;The Nexus Bowl;tournament;Geek Masters Invitational;1;Qualifying;Sauron;85741;Lord of the Rings - Forces of Mordor;0;229;0;229;1;192;229
25/26;2025-09-18;The Nexus Bowl;tournament;Geek Masters Invitational;1;Qualifying;Witch-king;55697;Lord of the Rings - Forces of Mordor;0;186;0;186;46;192;186
25/26;2025-09-18;The Nexus Bowl;tournament;Geek Masters Invitational;1;Qualifying;Saruman;88698;Lord of the Rings - Forces of Mordor;0;195;0;195;35;192;195
25/26;2025-09-18;The Nexus Bowl;tournament;Geek Masters Invitational;1;Qualifying;Uruk-hai Lurtz;77651;Lord of the Rings - Forces of Mordor;0;173;0;173;64;192;173
25/26;2025-09-18;The Nexus Bowl;tournament;Geek Masters Invitational;1;Qualifying;Harry Potter;52082;Harry Potter - Order of the Phoenix;0;205;0;205;20;192;205
25/26;2025-09-18;The Nexus Bowl;tournament;Geek Masters Invitational;1;Qualifying;Hermione Granger;51952;Harry Potter - Order of the Phoenix;0;184;0;184;50;192;184
25/26;2025-09-18;The Nexus Bowl;tournament;Geek Masters Invitational;1;Qualifying;Albus Dumbledore;56140;Harry Potter - Order of the Phoenix;0;184;0;184;49;192;184
25/26;2025-09-18;The Nexus Bowl;tournament;Geek Masters Invitational;1;Qualifying;Severus Snape;64328;Harry Potter - Order of the Phoenix;0;185;0;185;48;192;185
25/26;2025-09-18;The Nexus Bowl;tournament;Geek Masters Invitational;1;Qualifying;Lord Voldemort;65247;Harry Potter - Death Eaters;0;203;0;203;22;192;203
25/26;2025-09-18;The Nexus Bowl;tournament;Geek Masters Invitational;1;Qualifying;Bellatrix Lestrange;83118;Harry Potter - Death Eaters;0;195;0;195;33;192;195
25/26;2025-09-18;The Nexus Bowl;tournament;Geek Masters Invitational;1;Qualifying;Lucius Malfoy;89453;Harry Potter - Death Eaters;0;194;0;194;38;192;194
25/26;2025-09-18;The Nexus Bowl;tournament;Geek Masters Invitational;1;Qualifying;Barty Crouch Jr.;51739;Harry Potter - Death Eaters;0;171;0;171;66;192;171
25/26;2025-09-18;The Nexus Bowl;tournament;Geek Masters Invitational;1;Qualifying;Jon Snow;86781;Game of Thrones - Stark-Targaryen Alliance;0;223;0;223;5;192;223
25/26;2025-09-18;The Nexus Bowl;tournament;Geek Masters Invitational;1;Qualifying;Daenerys Targaryen;63031;Game of Thrones - Stark-Targaryen Alliance;0;180;0;180;56;192;180
25/26;2025-09-18;The Nexus Bowl;tournament;Geek Masters Invitational;1;Qualifying;Arya Stark;96925;Game of Thrones - Stark-Targaryen Alliance;0;178;0;178;58;192;178
25/26;2025-09-18;The Nexus Bowl;tournament;Geek Masters Invitational;1;Qualifying;Bran Stark;92590;Game of Thrones - Stark-Targaryen Alliance;0;166;0;166;71;192;166
25/26;2025-09-18;The Nexus Bowl;tournament;Geek Masters Invitational;1;Qualifying;Cersei Lannister;95962;Game of Thrones - Lannister-Crown;0;181;0;181;55;192;181
25/26;2025-09-18;The Nexus Bowl;tournament;Geek Masters Invitational;1;Qualifying;Jaime Lannister;85713;Game of Thrones - Lannister-Crown;0;192;0;192;40;192;192
25/26;2025-09-18;The Nexus Bowl;tournament;Geek Masters Invitational;1;Qualifying;Tywin Lannister;77493;Game of Thrones - Lannister-Crown;0;194;0;194;39;192;194
25/26;2025-09-18;The Nexus Bowl;tournament;Geek Masters Invitational;1;Qualifying;The Mountain;64446;Game of Thrones - Lannister-Crown;0;151;0;151;78;192;151
25/26;2025-09-18;The Nexus Bowl;tournament;Geek Masters Invitational;1;Qualifying;Kyle Katarn;79439;LucasArts Games - Jedi Knight Era;0;194;0;194;36;192;194
25/26;2025-09-18;The Nexus Bowl;tournament;Geek Masters Invitational;1;Qualifying;Mara Jade;88618;LucasArts Games - Jedi Knight Era;0;214;0;214;10;192;214
25/26;2025-09-18;The Nexus Bowl;tournament;Geek Masters Invitational;1;Qualifying;Jaden Korr;68231;LucasArts Games - Jedi Knight Era;0;177;0;177;61;192;177
25/26;2025-09-18;The Nexus Bowl;tournament;Geek Masters Invitational;1;Qualifying;Jan Ors;50425;LucasArts Games - Jedi Knight Era;0;156;0;156;77;192;156
25/26;2025-09-18;The Nexus Bowl;tournament;Geek Masters Invitational;1;Qualifying;Guybrush Threepwood;99729;LucasArts Games - Monkey Island & Legacy;0;185;0;185;47;192;185
25/26;2025-09-18;The Nexus Bowl;tournament;Geek Masters Invitational;1;Qualifying;LeChuck;60463;LucasArts Games - Monkey Island & Legacy;0;201;0;201;24;192;201
25/26;2025-09-18;The Nexus Bowl;tournament;Geek Masters Invitational;1;Qualifying;Elaine Marley;95753;LucasArts Games - Monkey Island & Legacy;0;183;0;183;51;192;183
25/26;2025-09-18;The Nexus Bowl;tournament;Geek Masters Invitational;1;Qualifying;Manny Calavera;77696;LucasArts Games - Monkey Island & Legacy;0;164;0;164;74;192;164
25/26;2025-09-18;The Nexus Bowl;tournament;Geek Masters Invitational;1;Qualifying;Paul Atreides;72298;Dune - House Atreides;0;207;0;207;16;192;207
25/26;2025-09-18;The Nexus Bowl;tournament;Geek Masters Invitational;1;Qualifying;Lady Jessica;68210;Dune - House Atreides;0;199;0;199;26;192;199
25/26;2025-09-18;The Nexus Bowl;tournament;Geek Masters Invitational;1;Qualifying;Duncan Idaho;60189;Dune - House Atreides;0;180;0;180;57;192;180
25/26;2025-09-18;The Nexus Bowl;tournament;Geek Masters Invitational;1;Qualifying;Gurney Halleck;64110;Dune - House Atreides;0;177;0;177;60;192;177
25/26;2025-09-18;The Nexus Bowl;tournament;Geek Masters Invitational;1;Qualifying;Baron Harkonnen;72059;Dune - Harkonnen-Sardaukar;0;199;0;199;25;192;199
25/26;2025-09-18;The Nexus Bowl;tournament;Geek Masters Invitational;1;Qualifying;Feyd-Rautha;56698;Dune - Harkonnen-Sardaukar;0;218;0;218;7;192;218
25/26;2025-09-18;The Nexus Bowl;tournament;Geek Masters Invitational;1;Qualifying;Count Fenring;56078;Dune - Harkonnen-Sardaukar;0;191;0;191;43;192;191
25/26;2025-09-18;The Nexus Bowl;tournament;Geek Masters Invitational;1;Qualifying;Glossu Rabban;74898;Dune - Harkonnen-Sardaukar;0;168;0;168;69;192;168
25/26;2025-09-18;The Nexus Bowl;tournament;Geek Masters Invitational;1;Qualifying;Jean-Luc Picard;56338;Star Trek - Federation;0;207;0;207;15;192;207
25/26;2025-09-18;The Nexus Bowl;tournament;Geek Masters Invitational;1;Qualifying;Spock;73526;Star Trek - Federation;0;199;0;199;27;192;199
25/26;2025-09-18;The Nexus Bowl;tournament;Geek Masters Invitational;1;Qualifying;Benjamin Sisko;72541;Star Trek - Federation;0;186;0;186;45;192;186
25/26;2025-09-18;The Nexus Bowl;tournament;Geek Masters Invitational;1;Qualifying;Kathryn Janeway;89565;Star Trek - Federation;0;170;0;170;68;192;170
25/26;2025-09-18;The Nexus Bowl;tournament;Geek Masters Invitational;1;Qualifying;Worf;67335;Star Trek - Klingon-Romulan;0;226;0;226;4;192;226
25/26;2025-09-18;The Nexus Bowl;tournament;Geek Masters Invitational;1;Qualifying;Gowron;52847;Star Trek - Klingon-Romulan;0;206;0;206;19;192;206
25/26;2025-09-18;The Nexus Bowl;tournament;Geek Masters Invitational;1;Qualifying;Commander Sela;97823;Star Trek - Klingon-Romulan;0;174;0;174;62;192;174
25/26;2025-09-18;The Nexus Bowl;tournament;Geek Masters Invitational;1;Qualifying;General Chang;80108;Star Trek - Klingon-Romulan;0;162;0;162;75;192;162
25/26;2025-09-18;The Nexus Bowl;tournament;Geek Masters Invitational;1;Qualifying;Commander Shepard;85142;Mass Effect - Alliance Crew;0;206;0;206;18;192;206
25/26;2025-09-18;The Nexus Bowl;tournament;Geek Masters Invitational;1;Qualifying;Garrus Vakarian;58180;Mass Effect - Alliance Crew;0;183;0;183;52;192;183
25/26;2025-09-18;The Nexus Bowl;tournament;Geek Masters Invitational;1;Qualifying;Liara T'Soni;74807;Mass Effect - Alliance Crew;0;194;0;194;37;192;194
25/26;2025-09-18;The Nexus Bowl;tournament;Geek Masters Invitational;1;Qualifying;Tali'Zorah;55164;Mass Effect - Alliance Crew;0;147;0;147;79;192;147
25/26;2025-09-18;The Nexus Bowl;tournament;Geek Masters Invitational;1;Qualifying;Illusive Man;86178;Mass Effect - Cerberus-Reapers;0;197;0;197;29;192;197
25/26;2025-09-18;The Nexus Bowl;tournament;Geek Masters Invitational;1;Qualifying;Harbinger;69213;Mass Effect - Cerberus-Reapers;0;208;0;208;14;192;208
25/26;2025-09-18;The Nexus Bowl;tournament;Geek Masters Invitational;1;Qualifying;Kai Leng;91198;Mass Effect - Cerberus-Reapers;0;183;0;183;53;192;183
25/26;2025-09-18;The Nexus Bowl;tournament;Geek Masters Invitational;1;Qualifying;Saren Arterius;90535;Mass Effect - Cerberus-Reapers;0;207;0;207;17;192;207
25/26;2025-09-18;The Nexus Bowl;tournament;Geek Masters Invitational;1;Qualifying;Roboute Guilliman;73700;Warhammer 40K - Imperium;0;227;0;227;2;192;227
25/26;2025-09-18;The Nexus Bowl;tournament;Geek Masters Invitational;1;Qualifying;Marneus Calgar;87837;Warhammer 40K - Imperium;0;182;0;182;54;192;182
25/26;2025-09-18;The Nexus Bowl;tournament;Geek Masters Invitational;1;Qualifying;Saint Celestine;62601;Warhammer 40K - Imperium;0;165;0;165;73;192;165
25/26;2025-09-18;The Nexus Bowl;tournament;Geek Masters Invitational;1;Qualifying;Inquisitor Eisenhorn;96174;Warhammer 40K - Imperium;0;167;0;167;70;192;167
25/26;2025-09-18;The Nexus Bowl;tournament;Geek Masters Invitational;1;Qualifying;Abaddon the Despoiler;54558;Warhammer 40K - Chaos;0;191;0;191;41;192;191
25/26;2025-09-18;The Nexus Bowl;tournament;Geek Masters Invitational;1;Qualifying;Magnus the Red;53003;Warhammer 40K - Chaos;0;205;0;205;21;192;205
25/26;2025-09-18;The Nexus Bowl;tournament;Geek Masters Invitational;1;Qualifying;Ahriman;93336;Warhammer 40K - Chaos;0;210;0;210;11;192;210
25/26;2025-09-18;The Nexus Bowl;tournament;Geek Masters Invitational;1;Qualifying;Kharn the Betrayer;64935;Warhammer 40K - Chaos;0;136;0;136;80;192;136
25/26;2025-09-18;The Nexus Bowl;tournament;Geek Masters Invitational;1;Qualifying;Mickey Mouse;68965;Disney Characters - Disney Heroes;0;195;0;195;34;192;195
25/26;2025-09-18;The Nexus Bowl;tournament;Geek Masters Invitational;1;Qualifying;Mulan;55229;Disney Characters - Disney Heroes;0;198;0;198;28;192;198
25/26;2025-09-18;The Nexus Bowl;tournament;Geek Masters Invitational;1;Qualifying;Simba;65256;Disney Characters - Disney Heroes;0;197;0;197;31;192;197
25/26;2025-09-18;The Nexus Bowl;tournament;Geek Masters Invitational;1;Qualifying;Moana;56619;Disney Characters - Disney Heroes;0;178;0;178;59;192;178
25/26;2025-09-18;The Nexus Bowl;tournament;Geek Masters Invitational;1;Qualifying;Maleficent;74911;Disney Characters - Disney Villains;0;209;0;209;13;192;209
25/26;2025-09-18;The Nexus Bowl;tournament;Geek Masters Invitational;1;Qualifying;Scar;68217;Disney Characters - Disney Villains;0;216;0;216;8;192;216
25/26;2025-09-18;The Nexus Bowl;tournament;Geek Masters Invitational;1;Qualifying;Ursula;79714;Disney Characters - Disney Villains;0;171;0;171;67;192;171
25/26;2025-09-18;The Nexus Bowl;tournament;Geek Masters Invitational;1;Qualifying;Jafar;91660;Disney Characters - Disney Villains;0;173;0;173;63;192;173
25/26;2025-09-18;The Nexus Bowl;tournament;Geek Masters Invitational;1;Qualifying;Luke Skywalker;91905;Star Wars - Jedi Order;1;195;0;421;13;386;421
25/26;2025-09-18;The Nexus Bowl;tournament;Geek Masters Invitational;1;Qualifying;Obi-Wan Kenobi;57296;Star Wars - Jedi Order;1;214;0;429;9;386;429
25/26;2025-09-18;The Nexus Bowl;tournament;Geek Masters Invitational;1;Qualifying;Ahsoka Tano;51639;Star Wars - Jedi Order;1;190;0;378;46;386;378
25/26;2025-09-18;The Nexus Bowl;tournament;Geek Masters Invitational;1;Qualifying;Mace Windu;98598;Star Wars - Jedi Order;1;174;0;371;51;386;371
25/26;2025-09-18;The Nexus Bowl;tournament;Geek Masters Invitational;1;Qualifying;Darth Vader;68024;Star Wars - Sith Empire;1;217;0;427;10;386;427
25/26;2025-09-18;The Nexus Bowl;tournament;Geek Masters Invitational;1;Qualifying;Emperor Palpatine;66049;Star Wars - Sith Empire;1;197;0;399;33;386;399
25/26;2025-09-18;The Nexus Bowl;tournament;Geek Masters Invitational;1;Qualifying;Darth Maul;64628;Star Wars - Sith Empire;1;192;0;358;59;386;358
25/26;2025-09-18;The Nexus Bowl;tournament;Geek Masters Invitational;1;Qualifying;Count Dooku;59144;Star Wars - Sith Empire;1;176;0;348;64;386;348
25/26;2025-09-18;The Nexus Bowl;tournament;Geek Masters Invitational;1;Qualifying;Gandalf;98265;Lord of the Rings - Free Peoples;1;235;0;454;1;386;454
25/26;2025-09-18;The Nexus Bowl;tournament;Geek Masters Invitational;1;Qualifying;Aragorn;56717;Lord of the Rings - Free Peoples;1;215;0;406;23;386;406
25/26;2025-09-18;The Nexus Bowl;tournament;Geek Masters Invitational;1;Qualifying;Legolas;94348;Lord of the Rings - Free Peoples;1;169;0;365;55;386;365
25/26;2025-09-18;The Nexus Bowl;tournament;Geek Masters Invitational;1;Qualifying;Gimli;98540;Lord of the Rings - Free Peoples;1;149;0;306;78;386;306
25/26;2025-09-18;The Nexus Bowl;tournament;Geek Masters Invitational;1;Qualifying;Sauron;85741;Lord of the Rings - Forces of Mordor;1;218;0;447;2;386;447
25/26;2025-09-18;The Nexus Bowl;tournament;Geek Masters Invitational;1;Qualifying;Witch-king;55697;Lord of the Rings - Forces of Mordor;1;196;0;382;44;386;382
25/26;2025-09-18;The Nexus Bowl;tournament;Geek Masters Invitational;1;Qualifying;Saruman;88698;Lord of the Rings - Forces of Mordor;1;209;0;404;29;386;404
25/26;2025-09-18;The Nexus Bowl;tournament;Geek Masters Invitational;1;Qualifying;Uruk-hai Lurtz;77651;Lord of the Rings - Forces of Mordor;1;152;0;325;74;386;325
25/26;2025-09-18;The Nexus Bowl;tournament;Geek Masters Invitational;1;Qualifying;Harry Potter;52082;Harry Potter - Order of the Phoenix;1;226;0;431;8;386;431
25/26;2025-09-18;The Nexus Bowl;tournament;Geek Masters Invitational;1;Qualifying;Hermione Granger;51952;Harry Potter - Order of the Phoenix;1;221;0;405;26;386;405
25/26;2025-09-18;The Nexus Bowl;tournament;Geek Masters Invitational;1;Qualifying;Albus Dumbledore;56140;Harry Potter - Order of the Phoenix;1;179;0;363;57;386;363
25/26;2025-09-18;The Nexus Bowl;tournament;Geek Masters Invitational;1;Qualifying;Severus Snape;64328;Harry Potter - Order of the Phoenix;1;193;0;378;48;386;378
25/26;2025-09-18;The Nexus Bowl;tournament;Geek Masters Invitational;1;Qualifying;Lord Voldemort;65247;Harry Potter - Death Eaters;1;220;0;423;12;386;423
25/26;2025-09-18;The Nexus Bowl;tournament;Geek Masters Invitational;1;Qualifying;Bellatrix Lestrange;83118;Harry Potter - Death Eaters;1;188;0;383;43;386;383
25/26;2025-09-18;The Nexus Bowl;tournament;Geek Masters Invitational;1;Qualifying;Lucius Malfoy;89453;Harry Potter - Death Eaters;1;195;0;389;38;386;389
25/26;2025-09-18;The Nexus Bowl;tournament;Geek Masters Invitational;1;Qualifying;Barty Crouch Jr.;51739;Harry Potter - Death Eaters;1;175;0;346;65;386;346
25/26;2025-09-18;The Nexus Bowl;tournament;Geek Masters Invitational;1;Qualifying;Jon Snow;86781;Game of Thrones - Stark-Targaryen Alliance;1;218;0;441;3;386;441
25/26;2025-09-18;The Nexus Bowl;tournament;Geek Masters Invitational;1;Qualifying;Daenerys Targaryen;63031;Game of Thrones - Stark-Targaryen Alliance;1;182;0;362;58;386;362
25/26;2025-09-18;The Nexus Bowl;tournament;Geek Masters Invitational;1;Qualifying;Arya Stark;96925;Game of Thrones - Stark-Targaryen Alliance;1;189;0;367;54;386;367
25/26;2025-09-18;The Nexus Bowl;tournament;Geek Masters Invitational;1;Qualifying;Bran Stark;92590;Game of Thrones - Stark-Targaryen Alliance;1;176;0;342;66;386;342
25/26;2025-09-18;The Nexus Bowl;tournament;Geek Masters Invitational;1;Qualifying;Cersei Lannister;95962;Game of Thrones - Lannister-Crown;1;225;0;406;24;386;406
25/26;2025-09-18;The Nexus Bowl;tournament;Geek Masters Invitational;1;Qualifying;Jaime Lannister;85713;Game of Thrones - Lannister-Crown;1;206;0;398;35;386;398
25/26;2025-09-18;The Nexus Bowl;tournament;Geek Masters Invitational;1;Qualifying;Tywin Lannister;77493;Game of Thrones - Lannister-Crown;1;217;0;411;19;386;411
25/26;2025-09-18;The Nexus Bowl;tournament;Geek Masters Invitational;1;Qualifying;The Mountain;64446;Game of Thrones - Lannister-Crown;1;158;0;309;75;386;309
25/26;2025-09-18;The Nexus Bowl;tournament;Geek Masters Invitational;1;Qualifying;Kyle Katarn;79439;LucasArts Games - Jedi Knight Era;1;205;0;399;34;386;399
25/26;2025-09-18;The Nexus Bowl;tournament;Geek Masters Invitational;1;Qualifying;Mara Jade;88618;LucasArts Games - Jedi Knight Era;1;219;0;433;7;386;433
25/26;2025-09-18;The Nexus Bowl;tournament;Geek Masters Invitational;1;Qualifying;Jaden Korr;68231;LucasArts Games - Jedi Knight Era;1;191;0;368;53;386;368
25/26;2025-09-18;The Nexus Bowl;tournament;Geek Masters Invitational;1;Qualifying;Jan Ors;50425;LucasArts Games - Jedi Knight Era;1;147;0;303;79;386;303
25/26;2025-09-18;The Nexus Bowl;tournament;Geek Masters Invitational;1;Qualifying;Guybrush Threepwood;99729;LucasArts Games - Monkey Island & Legacy;1;189;0;374;50;386;374
25/26;2025-09-18;The Nexus Bowl;tournament;Geek Masters Invitational;1;Qualifying;LeChuck;60463;LucasArts Games - Monkey Island & Legacy;1;212;0;413;16;386;413
25/26;2025-09-18;The Nexus Bowl;tournament;Geek Masters Invitational;1;Qualifying;Elaine Marley;95753;LucasArts Games - Monkey Island & Legacy;1;203;0;386;40;386;386
25/26;2025-09-18;The Nexus Bowl;tournament;Geek Masters Invitational;1;Qualifying;Manny Calavera;77696;LucasArts Games - Monkey Island & Legacy;1;162;0;326;73;386;326
25/26;2025-09-18;The Nexus Bowl;tournament;Geek Masters Invitational;1;Qualifying;Paul Atreides;72298;Dune - House Atreides;1;205;0;412;17;386;412
25/26;2025-09-18;The Nexus Bowl;tournament;Geek Masters Invitational;1;Qualifying;Lady Jessica;68210;Dune - House Atreides;1;201;0;400;31;386;400
25/26;2025-09-18;The Nexus Bowl;tournament;Geek Masters Invitational;1;Qualifying;Duncan Idaho;60189;Dune - House Atreides;1;184;0;364;56;386;364
25/26;2025-09-18;The Nexus Bowl;tournament;Geek Masters Invitational;1;Qualifying;Gurney Halleck;64110;Dune - House Atreides;1;159;0;336;70;386;336
25/26;2025-09-18;The Nexus Bowl;tournament;Geek Masters Invitational;1;Qualifying;Baron Harkonnen;72059;Dune - Harkonnen-Sardaukar;1;200;0;399;32;386;399
25/26;2025-09-18;The Nexus Bowl;tournament;Geek Masters Invitational;1;Qualifying;Feyd-Rautha;56698;Dune - Harkonnen-Sardaukar;1;218;0;436;5;386;436
25/26;2025-09-18;The Nexus Bowl;tournament;Geek Masters Invitational;1;Qualifying;Count Fenring;56078;Dune - Harkonnen-Sardaukar;1;158;0;349;63;386;349
25/26;2025-09-18;The Nexus Bowl;tournament;Geek Masters Invitational;1;Qualifying;Glossu Rabban;74898;Dune - Harkonnen-Sardaukar;1;170;0;338;68;386;338
25/26;2025-09-18;The Nexus Bowl;tournament;Geek Masters Invitational;1;Qualifying;Jean-Luc Picard;56338;Star Trek - Federation;1;206;0;413;15;386;413
25/26;2025-09-18;The Nexus Bowl;tournament;Geek Masters Invitational;1;Qualifying;Spock;73526;Star Trek - Federation;1;190;0;389;39;386;389
25/26;2025-09-18;The Nexus Bowl;tournament;Geek Masters Invitational;1;Qualifying;Benjamin Sisko;72541;Star Trek - Federation;1;169;0;355;62;386;355
25/26;2025-09-18;The Nexus Bowl;tournament;Geek Masters Invitational;1;Qualifying;Kathryn Janeway;89565;Star Trek - Federation;1;160;0;330;72;386;330
25/26;2025-09-18;The Nexus Bowl;tournament;Geek Masters Invitational;1;Qualifying;Worf;67335;Star Trek - Klingon-Romulan;1;209;0;435;6;386;435
25/26;2025-09-18;The Nexus Bowl;tournament;Geek Masters Invitational;1;Qualifying;Gowron;52847;Star Trek - Klingon-Romulan;1;232;0;438;4;386;438
25/26;2025-09-18;The Nexus Bowl;tournament;Geek Masters Invitational;1;Qualifying;Commander Sela;97823;Star Trek - Klingon-Romulan;1;203;0;377;49;386;377
25/26;2025-09-18;The Nexus Bowl;tournament;Geek Masters Invitational;1;Qualifying;General Chang;80108;Star Trek - Klingon-Romulan;1;146;0;308;76;386;308
25/26;2025-09-18;The Nexus Bowl;tournament;Geek Masters Invitational;1;Qualifying;Commander Shepard;85142;Mass Effect - Alliance Crew;1;205;0;411;18;386;411
25/26;2025-09-18;The Nexus Bowl;tournament;Geek Masters Invitational;1;Qualifying;Garrus Vakarian;58180;Mass Effect - Alliance Crew;1;202;0;385;41;386;385
25/26;2025-09-18;The Nexus Bowl;tournament;Geek Masters Invitational;1;Qualifying;Liara T'Soni;74807;Mass Effect - Alliance Crew;1;198;0;392;37;386;392
25/26;2025-09-18;The Nexus Bowl;tournament;Geek Masters Invitational;1;Qualifying;Tali'Zorah;55164;Mass Effect - Alliance Crew;1;161;0;308;77;386;308
25/26;2025-09-18;The Nexus Bowl;tournament;Geek Masters Invitational;1;Qualifying;Illusive Man;86178;Mass Effect - Cerberus-Reapers;1;218;0;415;14;386;415
25/26;2025-09-18;The Nexus Bowl;tournament;Geek Masters Invitational;1;Qualifying;Harbinger;69213;Mass Effect - Cerberus-Reapers;1;201;0;409;20;386;409
25/26;2025-09-18;The Nexus Bowl;tournament;Geek Masters Invitational;1;Qualifying;Kai Leng;91198;Mass Effect - Cerberus-Reapers;1;195;0;378;47;386;378
25/26;2025-09-18;The Nexus Bowl;tournament;Geek Masters Invitational;1;Qualifying;Saren Arterius;90535;Mass Effect - Cerberus-Reapers;1;173;0;380;45;386;380
25/26;2025-09-18;The Nexus Bowl;tournament;Geek Masters Invitational;1;Qualifying;Roboute Guilliman;73700;Warhammer 40K - Imperium;1;199;0;426;11;386;426
25/26;2025-09-18;The Nexus Bowl;tournament;Geek Masters Invitational;1;Qualifying;Marneus Calgar;87837;Warhammer 40K - Imperium;1;189;0;371;52;386;371
25/26;2025-09-18;The Nexus Bowl;tournament;Geek Masters Invitational;1;Qualifying;Saint Celestine;62601;Warhammer 40K - Imperium;1;169;0;334;71;386;334
25/26;2025-09-18;The Nexus Bowl;tournament;Geek Masters Invitational;1;Qualifying;Inquisitor Eisenhorn;96174;Warhammer 40K - Imperium;1;189;0;356;60;386;356
25/26;2025-09-18;The Nexus Bowl;tournament;Geek Masters Invitational;1;Qualifying;Abaddon the Despoiler;54558;Warhammer 40K - Chaos;1;216;0;407;22;386;407
25/26;2025-09-18;The Nexus Bowl;tournament;Geek Masters Invitational;1;Qualifying;Magnus the Red;53003;Warhammer 40K - Chaos;1;197;0;402;30;386;402
25/26;2025-09-18;The Nexus Bowl;tournament;Geek Masters Invitational;1;Qualifying;Ahriman;93336;Warhammer 40K - Chaos;1;174;0;384;42;386;384
25/26;2025-09-18;The Nexus Bowl;tournament;Geek Masters Invitational;1;Qualifying;Kharn the Betrayer;64935;Warhammer 40K - Chaos;1;139;0;275;80;386;275
25/26;2025-09-18;The Nexus Bowl;tournament;Geek Masters Invitational;1;Qualifying;Mickey Mouse;68965;Disney Characters - Disney Heroes;1;210;0;405;27;386;405
25/26;2025-09-18;The Nexus Bowl;tournament;Geek Masters Invitational;1;Qualifying;Mulan;55229;Disney Characters - Disney Heroes;1;207;0;405;28;386;405
25/26;2025-09-18;The Nexus Bowl;tournament;Geek Masters Invitational;1;Qualifying;Simba;65256;Disney Characters - Disney Heroes;1;201;0;398;36;386;398
25/26;2025-09-18;The Nexus Bowl;tournament;Geek Masters Invitational;1;Qualifying;Moana;56619;Disney Characters - Disney Heroes;1;178;0;356;61;386;356
25/26;2025-09-18;The Nexus Bowl;tournament;Geek Masters Invitational;1;Qualifying;Maleficent;74911;Disney Characters - Disney Villains;1;199;0;408;21;386;408
25/26;2025-09-18;The Nexus Bowl;tournament;Geek Masters Invitational;1;Qualifying;Scar;68217;Disney Characters - Disney Villains;1;190;0;406;25;386;406
25/26;2025-09-18;The Nexus Bowl;tournament;Geek Masters Invitational;1;Qualifying;Ursula;79714;Disney Characters - Disney Villains;1;168;0;339;67;386;339
25/26;2025-09-18;The Nexus Bowl;tournament;Geek Masters Invitational;1;Qualifying;Jafar;91660;Disney Characters - Disney Villains;1;165;0;338;69;386;338
25/26;2025-09-18;The Nexus Bowl;tournament;Geek Masters Invitational;1;Qualifying;Luke Skywalker;91905;Star Wars - Jedi Order;2;209;0;630;15;580;630
25/26;2025-09-18;The Nexus Bowl;tournament;Geek Masters Invitational;1;Qualifying;Obi-Wan Kenobi;57296;Star Wars - Jedi Order;2;216;0;645;6;580;645
25/26;2025-09-18;The Nexus Bowl;tournament;Geek Masters Invitational;1;Qualifying;Ahsoka Tano;51639;Star Wars - Jedi Order;2;186;0;564;47;580;564
25/26;2025-09-18;The Nexus Bowl;tournament;Geek Masters Invitational;1;Qualifying;Mace Windu;98598;Star Wars - Jedi Order;2;169;0;540;58;580;540
25/26;2025-09-18;The Nexus Bowl;tournament;Geek Masters Invitational;1;Qualifying;Darth Vader;68024;Star Wars - Sith Empire;2;235;0;662;2;580;662
25/26;2025-09-18;The Nexus Bowl;tournament;Geek Masters Invitational;1;Qualifying;Emperor Palpatine;66049;Star Wars - Sith Empire;2;214;0;613;23;580;613
25/26;2025-09-18;The Nexus Bowl;tournament;Geek Masters Invitational;1;Qualifying;Darth Maul;64628;Star Wars - Sith Empire;2;182;0;540;57;580;540
25/26;2025-09-18;The Nexus Bowl;tournament;Geek Masters Invitational;1;Qualifying;Count Dooku;59144;Star Wars - Sith Empire;2;169;0;517;65;580;517
25/26;2025-09-18;The Nexus Bowl;tournament;Geek Masters Invitational;1;Qualifying;Gandalf;98265;Lord of the Rings - Free Peoples;2;216;0;670;1;580;670
25/26;2025-09-18;The Nexus Bowl;tournament;Geek Masters Invitational;1;Qualifying;Aragorn;56717;Lord of the Rings - Free Peoples;2;183;0;589;33;580;589
25/26;2025-09-18;The Nexus Bowl;tournament;Geek Masters Invitational;1;Qualifying;Legolas;94348;Lord of the Rings - Free Peoples;2;172;0;537;61;580;537
25/26;2025-09-18;The Nexus Bowl;tournament;Geek Masters Invitational;1;Qualifying;Gimli;98540;Lord of the Rings - Free Peoples;2;156;0;462;78;580;462
25/26;2025-09-18;The Nexus Bowl;tournament;Geek Masters Invitational;1;Qualifying;Sauron;85741;Lord of the Rings - Forces of Mordor;2;187;0;634;13;580;634
25/26;2025-09-18;The Nexus Bowl;tournament;Geek Masters Invitational;1;Qualifying;Witch-king;55697;Lord of the Rings - Forces of Mordor;2;187;0;569;46;580;569
25/26;2025-09-18;The Nexus Bowl;tournament;Geek Masters Invitational;1;Qualifying;Saruman;88698;Lord of the Rings - Forces of Mordor;2;198;0;602;31;580;602
25/26;2025-09-18;The Nexus Bowl;tournament;Geek Masters Invitational;1;Qualifying;Uruk-hai Lurtz;77651;Lord of the Rings - Forces of Mordor;2;168;0;493;72;580;493
25/26;2025-09-18;The Nexus Bowl;tournament;Geek Masters Invitational;1;Qualifying;Harry Potter;52082;Harry Potter - Order of the Phoenix;2;207;0;638;11;580;638
25/26;2025-09-18;The Nexus Bowl;tournament;Geek Masters Invitational;1;Qualifying;Hermione Granger;51952;Harry Potter - Order of the Phoenix;2;219;0;624;18;580;624
25/26;2025-09-18;The Nexus Bowl;tournament;Geek Masters Invitational;1;Qualifying;Albus Dumbledore;56140;Harry Potter - Order of the Phoenix;2;174;0;537;60;580;537
25/26;2025-09-18;The Nexus Bowl;tournament;Geek Masters Invitational;1;Qualifying;Severus Snape;64328;Harry Potter - Order of the Phoenix;2;182;0;560;51;580;560
25/26;2025-09-18;The Nexus Bowl;tournament;Geek Masters Invitational;1;Qualifying;Lord Voldemort;65247;Harry Potter - Death Eaters;2;214;0;637;12;580;637
25/26;2025-09-18;The Nexus Bowl;tournament;Geek Masters Invitational;1;Qualifying;Bellatrix Lestrange;83118;Harry Potter - Death Eaters;2;191;0;574;44;580;574
25/26;2025-09-18;The Nexus Bowl;tournament;Geek Masters Invitational;1;Qualifying;Lucius Malfoy;89453;Harry Potter - Death Eaters;2;200;0;589;35;580;589
25/26;2025-09-18;The Nexus Bowl;tournament;Geek Masters Invitational;1;Qualifying;Barty Crouch Jr.;51739;Harry Potter - Death Eaters;2;153;0;499;70;580;499
25/26;2025-09-18;The Nexus Bowl;tournament;Geek Masters Invitational;1;Qualifying;Jon Snow;86781;Game of Thrones - Stark-Targaryen Alliance;2;212;0;653;3;580;653
25/26;2025-09-18;The Nexus Bowl;tournament;Geek Masters Invitational;1;Qualifying;Daenerys Targaryen;63031;Game of Thrones - Stark-Targaryen Alliance;2;179;0;541;54;580;541
25/26;2025-09-18;The Nexus Bowl;tournament;Geek Masters Invitational;1;Qualifying;Arya Stark;96925;Game of Thrones - Stark-Targaryen Alliance;2;173;0;540;55;580;540
25/26;2025-09-18;The Nexus Bowl;tournament;Geek Masters Invitational;1;Qualifying;Bran Stark;92590;Game of Thrones - Stark-Targaryen Alliance;2;157;0;499;71;580;499
25/26;2025-09-18;The Nexus Bowl;tournament;Geek Masters Invitational;1;Qualifying;Cersei Lannister;95962;Game of Thrones - Lannister-Crown;2;187;0;593;32;580;593
25/26;2025-09-18;The Nexus Bowl;tournament;Geek Masters Invitational;1;Qualifying;Jaime Lannister;85713;Game of Thrones - Lannister-Crown;2;182;0;580;40;580;580
25/26;2025-09-18;The Nexus Bowl;tournament;Geek Masters Invitational;1;Qualifying;Tywin Lannister;77493;Game of Thrones - Lannister-Crown;2;195;0;606;29;580;606
25/26;2025-09-18;The Nexus Bowl;tournament;Geek Masters Invitational;1;Qualifying;The Mountain;64446;Game of Thrones - Lannister-Crown;2;174;0;483;75;580;483
25/26;2025-09-18;The Nexus Bowl;tournament;Geek Masters Invitational;1;Qualifying;Kyle Katarn;79439;LucasArts Games - Jedi Knight Era;2;213;0;612;25;580;612
25/26;2025-09-18;The Nexus Bowl;tournament;Geek Masters Invitational;1;Qualifying;Mara Jade;88618;LucasArts Games - Jedi Knight Era;2;209;0;642;8;580;642
25/26;2025-09-18;The Nexus Bowl;tournament;Geek Masters Invitational;1;Qualifying;Jaden Korr;68231;LucasArts Games - Jedi Knight Era;2;184;0;552;53;580;552
25/26;2025-09-18;The Nexus Bowl;tournament;Geek Masters Invitational;1;Qualifying;Jan Ors;50425;LucasArts Games - Jedi Knight Era;2;167;0;470;77;580;470
25/26;2025-09-18;The Nexus Bowl;tournament;Geek Masters Invitational;1;Qualifying;Guybrush Threepwood;99729;LucasArts Games - Monkey Island & Legacy;2;204;0;578;42;580;578
25/26;2025-09-18;The Nexus Bowl;tournament;Geek Masters Invitational;1;Qualifying;LeChuck;60463;LucasArts Games - Monkey Island & Legacy;2;219;0;632;14;580;632
25/26;2025-09-18;The Nexus Bowl;tournament;Geek Masters Invitational;1;Qualifying;Elaine Marley;95753;LucasArts Games - Monkey Island & Legacy;2;194;0;580;39;580;580
25/26;2025-09-18;The Nexus Bowl;tournament;Geek Masters Invitational;1;Qualifying;Manny Calavera;77696;LucasArts Games - Monkey Island & Legacy;2;151;0;477;76;580;477
25/26;2025-09-18;The Nexus Bowl;tournament;Geek Masters Invitational;1;Qualifying;Paul Atreides;72298;Dune - House Atreides;2;208;0;620;20;580;620
25/26;2025-09-18;The Nexus Bowl;tournament;Geek Masters Invitational;1;Qualifying;Lady Jessica;68210;Dune - House Atreides;2;218;0;618;22;580;618
25/26;2025-09-18;The Nexus Bowl;tournament;Geek Masters Invitational;1;Qualifying;Duncan Idaho;60189;Dune - House Atreides;2;200;0;564;48;580;564
25/26;2025-09-18;The Nexus Bowl;tournament;Geek Masters Invitational;1;Qualifying;Gurney Halleck;64110;Dune - House Atreides;2;155;0;491;73;580;491
25/26;2025-09-18;The Nexus Bowl;tournament;Geek Masters Invitational;1;Qualifying;Baron Harkonnen;72059;Dune - Harkonnen-Sardaukar;2;228;0;627;16;580;627
25/26;2025-09-18;The Nexus Bowl;tournament;Geek Masters Invitational;1;Qualifying;Feyd-Rautha;56698;Dune - Harkonnen-Sardaukar;2;212;0;648;5;580;648
25/26;2025-09-18;The Nexus Bowl;tournament;Geek Masters Invitational;1;Qualifying;Count Fenring;56078;Dune - Harkonnen-Sardaukar;2;191;0;540;56;580;540
25/26;2025-09-18;The Nexus Bowl;tournament;Geek Masters Invitational;1;Qualifying;Glossu Rabban;74898;Dune - Harkonnen-Sardaukar;2;148;0;486;74;580;486
25/26;2025-09-18;The Nexus Bowl;tournament;Geek Masters Invitational;1;Qualifying;Jean-Luc Picard;56338;Star Trek - Federation;2;199;0;612;24;580;612
25/26;2025-09-18;The Nexus Bowl;tournament;Geek Masters Invitational;1;Qualifying;Spock;73526;Star Trek - Federation;2;214;0;603;30;580;603
25/26;2025-09-18;The Nexus Bowl;tournament;Geek Masters Invitational;1;Qualifying;Benjamin Sisko;72541;Star Trek - Federation;2;180;0;535;62;580;535
25/26;2025-09-18;The Nexus Bowl;tournament;Geek Masters Invitational;1;Qualifying;Kathryn Janeway;89565;Star Trek - Federation;2;174;0;504;69;580;504
25/26;2025-09-18;The Nexus Bowl;tournament;Geek Masters Invitational;1;Qualifying;Worf;67335;Star Trek - Klingon-Romulan;2;207;0;642;9;580;642
25/26;2025-09-18;The Nexus Bowl;tournament;Geek Masters Invitational;1;Qualifying;Gowron;52847;Star Trek - Klingon-Romulan;2;200;0;638;10;580;638
25/26;2025-09-18;The Nexus Bowl;tournament;Geek Masters Invitational;1;Qualifying;Commander Sela;97823;Star Trek - Klingon-Romulan;2;178;0;555;52;580;555
25/26;2025-09-18;The Nexus Bowl;tournament;Geek Masters Invitational;1;Qualifying;General Chang;80108;Star Trek - Klingon-Romulan;2;198;0;506;67;580;506
25/26;2025-09-18;The Nexus Bowl;tournament;Geek Masters Invitational;1;Qualifying;Commander Shepard;85142;Mass Effect - Alliance Crew;2;214;0;625;17;580;625
25/26;2025-09-18;The Nexus Bowl;tournament;Geek Masters Invitational;1;Qualifying;Garrus Vakarian;58180;Mass Effect - Alliance Crew;2;201;0;586;38;580;586
25/26;2025-09-18;The Nexus Bowl;tournament;Geek Masters Invitational;1;Qualifying;Liara T'Soni;74807;Mass Effect - Alliance Crew;2;197;0;589;34;580;589
25/26;2025-09-18;The Nexus Bowl;tournament;Geek Masters Invitational;1;Qualifying;Tali'Zorah;55164;Mass Effect - Alliance Crew;2;125;0;433;79;580;433
25/26;2025-09-18;The Nexus Bowl;tournament;Geek Masters Invitational;1;Qualifying;Illusive Man;86178;Mass Effect - Cerberus-Reapers;2;208;0;623;19;580;623
25/26;2025-09-18;The Nexus Bowl;tournament;Geek Masters Invitational;1;Qualifying;Harbinger;69213;Mass Effect - Cerberus-Reapers;2;209;0;618;21;580;618
25/26;2025-09-18;The Nexus Bowl;tournament;Geek Masters Invitational;1;Qualifying;Kai Leng;91198;Mass Effect - Cerberus-Reapers;2;183;0;561;50;580;561
25/26;2025-09-18;The Nexus Bowl;tournament;Geek Masters Invitational;1;Qualifying;Saren Arterius;90535;Mass Effect - Cerberus-Reapers;2;184;0;564;49;580;564
25/26;2025-09-18;The Nexus Bowl;tournament;Geek Masters Invitational;1;Qualifying;Roboute Guilliman;73700;Warhammer 40K - Imperium;2;226;0;652;4;580;652
25/26;2025-09-18;The Nexus Bowl;tournament;Geek Masters Invitational;1;Qualifying;Marneus Calgar;87837;Warhammer 40K - Imperium;2;198;0;569;45;580;569
25/26;2025-09-18;The Nexus Bowl;tournament;Geek Masters Invitational;1;Qualifying;Saint Celestine;62601;Warhammer 40K - Imperium;2;172;0;506;68;580;506
25/26;2025-09-18;The Nexus Bowl;tournament;Geek Masters Invitational;1;Qualifying;Inquisitor Eisenhorn;96174;Warhammer 40K - Imperium;2;164;0;520;64;580;520
25/26;2025-09-18;The Nexus Bowl;tournament;Geek Masters Invitational;1;Qualifying;Abaddon the Despoiler;54558;Warhammer 40K - Chaos;2;236;0;643;7;580;643
25/26;2025-09-18;The Nexus Bowl;tournament;Geek Masters Invitational;1;Qualifying;Magnus the Red;53003;Warhammer 40K - Chaos;2;205;0;607;28;580;607
25/26;2025-09-18;The Nexus Bowl;tournament;Geek Masters Invitational;1;Qualifying;Ahriman;93336;Warhammer 40K - Chaos;2;193;0;577;43;580;577
25/26;2025-09-18;The Nexus Bowl;tournament;Geek Masters Invitational;1;Qualifying;Kharn the Betrayer;64935;Warhammer 40K - Chaos;2;148;0;423;80;580;423
25/26;2025-09-18;The Nexus Bowl;tournament;Geek Masters Invitational;1;Qualifying;Mickey Mouse;68965;Disney Characters - Disney Heroes;2;175;0;580;41;580;580
25/26;2025-09-18;The Nexus Bowl;tournament;Geek Masters Invitational;1;Qualifying;Mulan;55229;Disney Characters - Disney Heroes;2;205;0;610;26;580;610
25/26;2025-09-18;The Nexus Bowl;tournament;Geek Masters Invitational;1;Qualifying;Simba;65256;Disney Characters - Disney Heroes;2;190;0;588;36;580;588
25/26;2025-09-18;The Nexus Bowl;tournament;Geek Masters Invitational;1;Qualifying;Moana;56619;Disney Characters - Disney Heroes;2;174;0;530;63;580;530
25/26;2025-09-18;The Nexus Bowl;tournament;Geek Masters Invitational;1;Qualifying;Maleficent;74911;Disney Characters - Disney Villains;2;179;0;587;37;580;587
25/26;2025-09-18;The Nexus Bowl;tournament;Geek Masters Invitational;1;Qualifying;Scar;68217;Disney Characters - Disney Villains;2;204;0;610;27;580;610
25/26;2025-09-18;The Nexus Bowl;tournament;Geek Masters Invitational;1;Qualifying;Ursula;79714;Disney Characters - Disney Villains;2;199;0;538;59;580;538
25/26;2025-09-18;The Nexus Bowl;tournament;Geek Masters Invitational;1;Qualifying;Jafar;91660;Disney Characters - Disney Villains;2;173;0;511;66;580;511
25/26;2025-09-18;The Nexus Bowl;tournament;Geek Masters Invitational;1;Qualifying;Luke Skywalker;91905;Star Wars - Jedi Order;3;210;0;840;12;776;840
25/26;2025-09-18;The Nexus Bowl;tournament;Geek Masters Invitational;1;Qualifying;Obi-Wan Kenobi;57296;Star Wars - Jedi Order;3;191;0;836;13;776;836
25/26;2025-09-18;The Nexus Bowl;tournament;Geek Masters Invitational;1;Qualifying;Ahsoka Tano;51639;Star Wars - Jedi Order;3;196;0;760;46;776;760
25/26;2025-09-18;The Nexus Bowl;tournament;Geek Masters Invitational;1;Qualifying;Mace Windu;98598;Star Wars - Jedi Order;3;192;0;732;57;776;732
25/26;2025-09-18;The Nexus Bowl;tournament;Geek Masters Invitational;1;Qualifying;Darth Vader;68024;Star Wars - Sith Empire;3;199;0;861;3;776;861
25/26;2025-09-18;The Nexus Bowl;tournament;Geek Masters Invitational;1;Qualifying;Emperor Palpatine;66049;Star Wars - Sith Empire;3;232;0;845;8;776;845
25/26;2025-09-18;The Nexus Bowl;tournament;Geek Masters Invitational;1;Qualifying;Darth Maul;64628;Star Wars - Sith Empire;3;193;0;733;55;776;733
25/26;2025-09-18;The Nexus Bowl;tournament;Geek Masters Invitational;1;Qualifying;Count Dooku;59144;Star Wars - Sith Empire;3;177;0;694;63;776;694
25/26;2025-09-18;The Nexus Bowl;tournament;Geek Masters Invitational;1;Qualifying;Gandalf;98265;Lord of the Rings - Free Peoples;3;226;0;896;1;776;896
25/26;2025-09-18;The Nexus Bowl;tournament;Geek Masters Invitational;1;Qualifying;Aragorn;56717;Lord of the Rings - Free Peoples;3;186;0;775;41;776;775
25/26;2025-09-18;The Nexus Bowl;tournament;Geek Masters Invitational;1;Qualifying;Legolas;94348;Lord of the Rings - Free Peoples;3;202;0;739;53;776;739
25/26;2025-09-18;The Nexus Bowl;tournament;Geek Masters Invitational;1;Qualifying;Gimli;98540;Lord of the Rings - Free Peoples;3;159;0;621;78;776;621
25/26;2025-09-18;The Nexus Bowl;tournament;Geek Masters Invitational;1;Qualifying;Sauron;85741;Lord of the Rings - Forces of Mordor;3;217;0;851;6;776;851
25/26;2025-09-18;The Nexus Bowl;tournament;Geek Masters Invitational;1;Qualifying;Witch-king;55697;Lord of the Rings - Forces of Mordor;3;182;0;751;49;776;751
25/26;2025-09-18;The Nexus Bowl;tournament;Geek Masters Invitational;1;Qualifying;Saruman;88698;Lord of the Rings - Forces of Mordor;3;206;0;808;27;776;808
25/26;2025-09-18;The Nexus Bowl;tournament;Geek Masters Invitational;1;Qualifying;Uruk-hai Lurtz;77651;Lord of the Rings - Forces of Mordor;3;170;0;663;72;776;663
25/26;2025-09-18;The Nexus Bowl;tournament;Geek Masters Invitational;1;Qualifying;Harry Potter;52082;Harry Potter - Order of the Phoenix;3;202;0;840;11;776;840
25/26;2025-09-18;The Nexus Bowl;tournament;Geek Masters Invitational;1;Qualifying;Hermione Granger;51952;Harry Potter - Order of the Phoenix;3;189;0;813;25;776;813
25/26;2025-09-18;The Nexus Bowl;tournament;Geek Masters Invitational;1;Qualifying;Albus Dumbledore;56140;Harry Potter - Order of the Phoenix;3;188;0;725;58;776;725
25/26;2025-09-18;The Nexus Bowl;tournament;Geek Masters Invitational;1;Qualifying;Severus Snape;64328;Harry Potter - Order of the Phoenix;3;177;0;737;54;776;737
25/26;2025-09-18;The Nexus Bowl;tournament;Geek Masters Invitational;1;Qualifying;Lord Voldemort;65247;Harry Potter - Death Eaters;3;207;0;844;10;776;844
25/26;2025-09-18;The Nexus Bowl;tournament;Geek Masters Invitational;1;Qualifying;Bellatrix Lestrange;83118;Harry Potter - Death Eaters;3;217;0;791;33;776;791
25/26;2025-09-18;The Nexus Bowl;tournament;Geek Masters Invitational;1;Qualifying;Lucius Malfoy;89453;Harry Potter - Death Eaters;3;187;0;776;40;776;776
25/26;2025-09-18;The Nexus Bowl;tournament;Geek Masters Invitational;1;Qualifying;Barty Crouch Jr.;51739;Harry Potter - Death Eaters;3;161;0;660;73;776;660
25/26;2025-09-18;The Nexus Bowl;tournament;Geek Masters Invitational;1;Qualifying;Jon Snow;86781;Game of Thrones - Stark-Targaryen Alliance;3;202;0;855;5;776;855
25/26;2025-09-18;The Nexus Bowl;tournament;Geek Masters Invitational;1;Qualifying;Daenerys Targaryen;63031;Game of Thrones - Stark-Targaryen Alliance;3;158;0;699;61;776;699
25/26;2025-09-18;The Nexus Bowl;tournament;Geek Masters Invitational;1;Qualifying;Arya Stark;96925;Game of Thrones - Stark-Targaryen Alliance;3;168;0;708;60;776;708
25/26;2025-09-18;The Nexus Bowl;tournament;Geek Masters Invitational;1;Qualifying;Bran Stark;92590;Game of Thrones - Stark-Targaryen Alliance;3;160;0;659;74;776;659
25/26;2025-09-18;The Nexus Bowl;tournament;Geek Masters Invitational;1;Qualifying;Cersei Lannister;95962;Game of Thrones - Lannister-Crown;3;199;0;792;32;776;792
25/26;2025-09-18;The Nexus Bowl;tournament;Geek Masters Invitational;1;Qualifying;Jaime Lannister;85713;Game of Thrones - Lannister-Crown;3;174;0;754;48;776;754
25/26;2025-09-18;The Nexus Bowl;tournament;Geek Masters Invitational;1;Qualifying;Tywin Lannister;77493;Game of Thrones - Lannister-Crown;3;192;0;798;29;776;798
25/26;2025-09-18;The Nexus Bowl;tournament;Geek Masters Invitational;1;Qualifying;The Mountain;64446;Game of Thrones - Lannister-Crown;3;181;0;664;71;776;664
25/26;2025-09-18;The Nexus Bowl;tournament;Geek Masters Invitational;1;Qualifying;Kyle Katarn;79439;LucasArts Games - Jedi Knight Era;3;206;0;818;23;776;818
25/26;2025-09-18;The Nexus Bowl;tournament;Geek Masters Invitational;1;Qualifying;Mara Jade;88618;LucasArts Games - Jedi Knight Era;3;191;0;833;17;776;833
25/26;2025-09-18;The Nexus Bowl;tournament;Geek Masters Invitational;1;Qualifying;Jaden Korr;68231;LucasArts Games - Jedi Knight Era;3;190;0;742;51;776;742
25/26;2025-09-18;The Nexus Bowl;tournament;Geek Masters Invitational;1;Qualifying;Jan Ors;50425;LucasArts Games - Jedi Knight Era;3;157;0;627;77;776;627
25/26;2025-09-18;The Nexus Bowl;tournament;Geek Masters Invitational;1;Qualifying;Guybrush Threepwood;99729;LucasArts Games - Monkey Island & Legacy;3;200;0;778;38;776;778
25/26;2025-09-18;The Nexus Bowl;tournament;Geek Masters Invitational;1;Qualifying;LeChuck;60463;LucasArts Games - Monkey Island & Legacy;3;212;0;844;9;776;844
25/26;2025-09-18;The Nexus Bowl;tournament;Geek Masters Invitational;1;Qualifying;Elaine Marley;95753;LucasArts Games - Monkey Island & Legacy;3;186;0;766;44;776;766
25/26;2025-09-18;The Nexus Bowl;tournament;Geek Masters Invitational;1;Qualifying;Manny Calavera;77696;LucasArts Games - Monkey Island & Legacy;3;158;0;635;76;776;635
25/26;2025-09-18;The Nexus Bowl;tournament;Geek Masters Invitational;1;Qualifying;Paul Atreides;72298;Dune - House Atreides;3;209;0;829;18;776;829
25/26;2025-09-18;The Nexus Bowl;tournament;Geek Masters Invitational;1;Qualifying;Lady Jessica;68210;Dune - House Atreides;3;200;0;818;24;776;818
25/26;2025-09-18;The Nexus Bowl;tournament;Geek Masters Invitational;1;Qualifying;Duncan Idaho;60189;Dune - House Atreides;3;194;0;758;47;776;758
25/26;2025-09-18;The Nexus Bowl;tournament;Geek Masters Invitational;1;Qualifying;Gurney Halleck;64110;Dune - House Atreides;3;164;0;655;75;776;655
25/26;2025-09-18;The Nexus Bowl;tournament;Geek Masters Invitational;1;Qualifying;Baron Harkonnen;72059;Dune - Harkonnen-Sardaukar;3;197;0;824;20;776;824
25/26;2025-09-18;The Nexus Bowl;tournament;Geek Masters Invitational;1;Qualifying;Feyd-Rautha;56698;Dune - Harkonnen-Sardaukar;3;216;0;864;2;776;864
25/26;2025-09-18;The Nexus Bowl;tournament;Geek Masters Invitational;1;Qualifying;Count Fenring;56078;Dune - Harkonnen-Sardaukar;3;192;0;732;56;776;732
25/26;2025-09-18;The Nexus Bowl;tournament;Geek Masters Invitational;1;Qualifying;Glossu Rabban;74898;Dune - Harkonnen-Sardaukar;3;184;0;670;68;776;670
25/26;2025-09-18;The Nexus Bowl;tournament;Geek Masters Invitational;1;Qualifying;Jean-Luc Picard;56338;Star Trek - Federation;3;221;0;833;16;776;833
25/26;2025-09-18;The Nexus Bowl;tournament;Geek Masters Invitational;1;Qualifying;Spock;73526;Star Trek - Federation;3;180;0;783;37;776;783
25/26;2025-09-18;The Nexus Bowl;tournament;Geek Masters Invitational;1;Qualifying;Benjamin Sisko;72541;Star Trek - Federation;3;177;0;712;59;776;712
25/26;2025-09-18;The Nexus Bowl;tournament;Geek Masters Invitational;1;Qualifying;Kathryn Janeway;89565;Star Trek - Federation;3;184;0;688;64;776;688
25/26;2025-09-18;The Nexus Bowl;tournament;Geek Masters Invitational;1;Qualifying;Worf;67335;Star Trek - Klingon-Romulan;3;216;0;858;4;776;858
25/26;2025-09-18;The Nexus Bowl;tournament;Geek Masters Invitational;1;Qualifying;Gowron;52847;Star Trek - Klingon-Romulan;3;208;0;846;7;776;846
25/26;2025-09-18;The Nexus Bowl;tournament;Geek Masters Invitational;1;Qualifying;Commander Sela;97823;Star Trek - Klingon-Romulan;3;185;0;740;52;776;740
25/26;2025-09-18;The Nexus Bowl;tournament;Geek Masters Invitational;1;Qualifying;General Chang;80108;Star Trek - Klingon-Romulan;3;158;0;664;70;776;664
25/26;2025-09-18;The Nexus Bowl;tournament;Geek Masters Invitational;1;Qualifying;Commander Shepard;85142;Mass Effect - Alliance Crew;3;209;0;834;15;776;834
25/26;2025-09-18;The Nexus Bowl;tournament;Geek Masters Invitational;1;Qualifying;Garrus Vakarian;58180;Mass Effect - Alliance Crew;3;202;0;788;34;776;788
25/26;2025-09-18;The Nexus Bowl;tournament;Geek Masters Invitational;1;Qualifying;Liara T'Soni;74807;Mass Effect - Alliance Crew;3;199;0;788;35;776;788
25/26;2025-09-18;The Nexus Bowl;tournament;Geek Masters Invitational;1;Qualifying;Tali'Zorah;55164;Mass Effect - Alliance Crew;3;142;0;575;79;776;575
25/26;2025-09-18;The Nexus Bowl;tournament;Geek Masters Invitational;1;Qualifying;Illusive Man;86178;Mass Effect - Cerberus-Reapers;3;184;0;807;28;776;807
25/26;2025-09-18;The Nexus Bowl;tournament;Geek Masters Invitational;1;Qualifying;Harbinger;69213;Mass Effect - Cerberus-Reapers;3;208;0;826;19;776;826
25/26;2025-09-18;The Nexus Bowl;tournament;Geek Masters Invitational;1;Qualifying;Kai Leng;91198;Mass Effect - Cerberus-Reapers;3;187;0;748;50;776;748
25/26;2025-09-18;The Nexus Bowl;tournament;Geek Masters Invitational;1;Qualifying;Saren Arterius;90535;Mass Effect - Cerberus-Reapers;3;207;0;771;42;776;771
25/26;2025-09-18;The Nexus Bowl;tournament;Geek Masters Invitational;1;Qualifying;Roboute Guilliman;73700;Warhammer 40K - Imperium;3;184;0;836;14;776;836
25/26;2025-09-18;The Nexus Bowl;tournament;Geek Masters Invitational;1;Qualifying;Marneus Calgar;87837;Warhammer 40K - Imperium;3;197;0;766;45;776;766
25/26;2025-09-18;The Nexus Bowl;tournament;Geek Masters Invitational;1;Qualifying;Saint Celestine;62601;Warhammer 40K - Imperium;3;179;0;685;66;776;685
25/26;2025-09-18;The Nexus Bowl;tournament;Geek Masters Invitational;1;Qualifying;Inquisitor Eisenhorn;96174;Warhammer 40K - Imperium;3;149;0;669;69;776;669
25/26;2025-09-18;The Nexus Bowl;tournament;Geek Masters Invitational;1;Qualifying;Abaddon the Despoiler;54558;Warhammer 40K - Chaos;3;168;0;811;26;776;811
25/26;2025-09-18;The Nexus Bowl;tournament;Geek Masters Invitational;1;Qualifying;Magnus the Red;53003;Warhammer 40K - Chaos;3;187;0;794;31;776;794
25/26;2025-09-18;The Nexus Bowl;tournament;Geek Masters Invitational;1;Qualifying;Ahriman;93336;Warhammer 40K - Chaos;3;200;0;777;39;776;777
25/26;2025-09-18;The Nexus Bowl;tournament;Geek Masters Invitational;1;Qualifying;Kharn the Betrayer;64935;Warhammer 40K - Chaos;3;131;0;554;80;776;554
25/26;2025-09-18;The Nexus Bowl;tournament;Geek Masters Invitational;1;Qualifying;Mickey Mouse;68965;Disney Characters - Disney Heroes;3;216;0;796;30;776;796
25/26;2025-09-18;The Nexus Bowl;tournament;Geek Masters Invitational;1;Qualifying;Mulan;55229;Disney Characters - Disney Heroes;3;209;0;819;22;776;819
25/26;2025-09-18;The Nexus Bowl;tournament;Geek Masters Invitational;1;Qualifying;Simba;65256;Disney Characters - Disney Heroes;3;198;0;786;36;776;786
25/26;2025-09-18;The Nexus Bowl;tournament;Geek Masters Invitational;1;Qualifying;Moana;56619;Disney Characters - Disney Heroes;3;167;0;697;62;776;697
25/26;2025-09-18;The Nexus Bowl;tournament;Geek Masters Invitational;1;Qualifying;Maleficent;74911;Disney Characters - Disney Villains;3;183;0;770;43;776;770
25/26;2025-09-18;The Nexus Bowl;tournament;Geek Masters Invitational;1;Qualifying;Scar;68217;Disney Characters - Disney Villains;3;211;0;821;21;776;821
25/26;2025-09-18;The Nexus Bowl;tournament;Geek Masters Invitational;1;Qualifying;Ursula;79714;Disney Characters - Disney Villains;3;142;0;680;67;776;680
25/26;2025-09-18;The Nexus Bowl;tournament;Geek Masters Invitational;1;Qualifying;Jafar;91660;Disney Characters - Disney Villains;3;174;0;685;65;776;685
25/26;2025-09-18;The Nexus Bowl;tournament;Geek Masters Invitational;1;Qualifying;Luke Skywalker;91905;Star Wars - Jedi Order;4;208;0;1048;10;973;1048
25/26;2025-09-18;The Nexus Bowl;tournament;Geek Masters Invitational;1;Qualifying;Obi-Wan Kenobi;57296;Star Wars - Jedi Order;4;203;0;1039;15;973;1039
25/26;2025-09-18;The Nexus Bowl;tournament;Geek Masters Invitational;1;Qualifying;Ahsoka Tano;51639;Star Wars - Jedi Order;4;192;0;952;46;973;952
25/26;2025-09-18;The Nexus Bowl;tournament;Geek Masters Invitational;1;Qualifying;Mace Windu;98598;Star Wars - Jedi Order;4;202;0;934;52;973;934
25/26;2025-09-18;The Nexus Bowl;tournament;Geek Masters Invitational;1;Qualifying;Darth Vader;68024;Star Wars - Sith Empire;4;235;0;1096;2;973;1096
25/26;2025-09-18;The Nexus Bowl;tournament;Geek Masters Invitational;1;Qualifying;Emperor Palpatine;66049;Star Wars - Sith Empire;4;202;0;1047;12;973;1047
25/26;2025-09-18;The Nexus Bowl;tournament;Geek Masters Invitational;1;Qualifying;Darth Maul;64628;Star Wars - Sith Empire;4;152;0;885;60;973;885
25/26;2025-09-18;The Nexus Bowl;tournament;Geek Masters Invitational;1;Qualifying;Count Dooku;59144;Star Wars - Sith Empire;4;182;0;876;62;973;876
25/26;2025-09-18;The Nexus Bowl;tournament;Geek Masters Invitational;1;Qualifying;Gandalf;98265;Lord of the Rings - Free Peoples;4;226;0;1122;1;973;1122
25/26;2025-09-18;The Nexus Bowl;tournament;Geek Masters Invitational;1;Qualifying;Aragorn;56717;Lord of the Rings - Free Peoples;4;198;0;973;40;973;973
25/26;2025-09-18;The Nexus Bowl;tournament;Geek Masters Invitational;1;Qualifying;Legolas;94348;Lord of the Rings - Free Peoples;4;183;0;922;54;973;922
25/26;2025-09-18;The Nexus Bowl;tournament;Geek Masters Invitational;1;Qualifying;Gimli;98540;Lord of the Rings - Free Peoples;4;187;0;808;75;973;808
25/26;2025-09-18;The Nexus Bowl;tournament;Geek Masters Invitational;1;Qualifying;Sauron;85741;Lord of the Rings - Forces of Mordor;4;204;0;1055;8;973;1055
25/26;2025-09-18;The Nexus Bowl;tournament;Geek Masters Invitational;1;Qualifying;Witch-king;55697;Lord of the Rings - Forces of Mordor;4;186;0;937;50;973;937
25/26;2025-09-18;The Nexus Bowl;tournament;Geek Masters Invitational;1;Qualifying;Saruman;88698;Lord of the Rings - Forces of Mordor;4;194;0;1002;32;973;1002
25/26;2025-09-18;The Nexus Bowl;tournament;Geek Masters Invitational;1;Qualifying;Uruk-hai Lurtz;77651;Lord of the Rings - Forces of Mordor;4;186;0;849;70;973;849
25/26;2025-09-18;The Nexus Bowl;tournament;Geek Masters Invitational;1;Qualifying;Harry Potter;52082;Harry Potter - Order of the Phoenix;4;193;0;1033;18;973;1033
25/26;2025-09-18;The Nexus Bowl;tournament;Geek Masters Invitational;1;Qualifying;Hermione Granger;51952;Harry Potter - Order of the Phoenix;4;212;0;1025;24;973;1025
25/26;2025-09-18;The Nexus Bowl;tournament;Geek Masters Invitational;1;Qualifying;Albus Dumbledore;56140;Harry Potter - Order of the Phoenix;4;196;0;921;55;973;921
25/26;2025-09-18;The Nexus Bowl;tournament;Geek Masters Invitational;1;Qualifying;Severus Snape;64328;Harry Potter - Order of the Phoenix;4;176;0;913;57;973;913
25/26;2025-09-18;The Nexus Bowl;tournament;Geek Masters Invitational;1;Qualifying;Lord Voldemort;65247;Harry Potter - Death Eaters;4;211;0;1055;7;973;1055
25/26;2025-09-18;The Nexus Bowl;tournament;Geek Masters Invitational;1;Qualifying;Bellatrix Lestrange;83118;Harry Potter - Death Eaters;4;190;0;981;36;973;981
25/26;2025-09-18;The Nexus Bowl;tournament;Geek Masters Invitational;1;Qualifying;Lucius Malfoy;89453;Harry Potter - Death Eaters;4;180;0;956;45;973;956
25/26;2025-09-18;The Nexus Bowl;tournament;Geek Masters Invitational;1;Qualifying;Barty Crouch Jr.;51739;Harry Potter - Death Eaters;4;157;0;817;74;973;817
25/26;2025-09-18;The Nexus Bowl;tournament;Geek Masters Invitational;1;Qualifying;Jon Snow;86781;Game of Thrones - Stark-Targaryen Alliance;4;224;0;1079;4;973;1079
25/26;2025-09-18;The Nexus Bowl;tournament;Geek Masters Invitational;1;Qualifying;Daenerys Targaryen;63031;Game of Thrones - Stark-Targaryen Alliance;4;178;0;877;61;973;877
25/26;2025-09-18;The Nexus Bowl;tournament;Geek Masters Invitational;1;Qualifying;Arya Stark;96925;Game of Thrones - Stark-Targaryen Alliance;4;180;0;888;59;973;888
25/26;2025-09-18;The Nexus Bowl;tournament;Geek Masters Invitational;1;Qualifying;Bran Stark;92590;Game of Thrones - Stark-Targaryen Alliance;4;193;0;852;68;973;852
25/26;2025-09-18;The Nexus Bowl;tournament;Geek Masters Invitational;1;Qualifying;Cersei Lannister;95962;Game of Thrones - Lannister-Crown;4;222;0;1014;28;973;1014
25/26;2025-09-18;The Nexus Bowl;tournament;Geek Masters Invitational;1;Qualifying;Jaime Lannister;85713;Game of Thrones - Lannister-Crown;4;191;0;945;47;973;945
25/26;2025-09-18;The Nexus Bowl;tournament;Geek Masters Invitational;1;Qualifying;Tywin Lannister;77493;Game of Thrones - Lannister-Crown;4;187;0;985;35;973;985
25/26;2025-09-18;The Nexus Bowl;tournament;Geek Masters Invitational;1;Qualifying;The Mountain;64446;Game of Thrones - Lannister-Crown;4;182;0;846;71;973;846
25/26;2025-09-18;The Nexus Bowl;tournament;Geek Masters Invitational;1;Qualifying;Kyle Katarn;79439;LucasArts Games - Jedi Knight Era;4;213;0;1031;19;973;1031
25/26;2025-09-18;The Nexus Bowl;tournament;Geek Masters Invitational;1;Qualifying;Mara Jade;88618;LucasArts Games - Jedi Knight Era;4;198;0;1031;20;973;1031
25/26;2025-09-18;The Nexus Bowl;tournament;Geek Masters Invitational;1;Qualifying;Jaden Korr;68231;LucasArts Games - Jedi Knight Era;4;193;0;935;51;973;935
25/26;2025-09-18;The Nexus Bowl;tournament;Geek Masters Invitational;1;Qualifying;Jan Ors;50425;LucasArts Games - Jedi Knight Era;4;171;0;798;76;973;798
25/26;2025-09-18;The Nexus Bowl;tournament;Geek Masters Invitational;1;Qualifying;Guybrush Threepwood;99729;LucasArts Games - Monkey Island & Legacy;4;200;0;978;37;973;978
25/26;2025-09-18;The Nexus Bowl;tournament;Geek Masters Invitational;1;Qualifying;LeChuck;60463;LucasArts Games - Monkey Island & Legacy;4;199;0;1043;13;973;1043
25/26;2025-09-18;The Nexus Bowl;tournament;Geek Masters Invitational;1;Qualifying;Elaine Marley;95753;LucasArts Games - Monkey Island & Legacy;4;194;0;960;44;973;960
25/26;2025-09-18;The Nexus Bowl;tournament;Geek Masters Invitational;1;Qualifying;Manny Calavera;77696;LucasArts Games - Monkey Island & Legacy;4;145;0;780;78;973;780
25/26;2025-09-18;The Nexus Bowl;tournament;Geek Masters Invitational;1;Qualifying;Paul Atreides;72298;Dune - House Atreides;4;199;0;1028;21;973;1028
25/26;2025-09-18;The Nexus Bowl;tournament;Geek Masters Invitational;1;Qualifying;Lady Jessica;68210;Dune - House Atreides;4;199;0;1017;26;973;1017
25/26;2025-09-18;The Nexus Bowl;tournament;Geek Masters Invitational;1;Qualifying;Duncan Idaho;60189;Dune - House Atreides;4;207;0;965;41;973;965
25/26;2025-09-18;The Nexus Bowl;tournament;Geek Masters Invitational;1;Qualifying;Gurney Halleck;64110;Dune - House Atreides;4;142;0;797;77;973;797
25/26;2025-09-18;The Nexus Bowl;tournament;Geek Masters Invitational;1;Qualifying;Baron Harkonnen;72059;Dune - Harkonnen-Sardaukar;4;223;0;1047;11;973;1047
25/26;2025-09-18;The Nexus Bowl;tournament;Geek Masters Invitational;1;Qualifying;Feyd-Rautha;56698;Dune - Harkonnen-Sardaukar;4;225;0;1089;3;973;1089
25/26;2025-09-18;The Nexus Bowl;tournament;Geek Masters Invitational;1;Qualifying;Count Fenring;56078;Dune - Harkonnen-Sardaukar;4;186;0;918;56;973;918
25/26;2025-09-18;The Nexus Bowl;tournament;Geek Masters Invitational;1;Qualifying;Glossu Rabban;74898;Dune - Harkonnen-Sardaukar;4;182;0;852;69;973;852
25/26;2025-09-18;The Nexus Bowl;tournament;Geek Masters Invitational;1;Qualifying;Jean-Luc Picard;56338;Star Trek - Federation;4;208;0;1041;14;973;1041
25/26;2025-09-18;The Nexus Bowl;tournament;Geek Masters Invitational;1;Qualifying;Spock;73526;Star Trek - Federation;4;231;0;1014;29;973;1014
25/26;2025-09-18;The Nexus Bowl;tournament;Geek Masters Invitational;1;Qualifying;Benjamin Sisko;72541;Star Trek - Federation;4;177;0;889;58;973;889
25/26;2025-09-18;The Nexus Bowl;tournament;Geek Masters Invitational;1;Qualifying;Kathryn Janeway;89565;Star Trek - Federation;4;153;0;841;72;973;841
25/26;2025-09-18;The Nexus Bowl;tournament;Geek Masters Invitational;1;Qualifying;Worf;67335;Star Trek - Klingon-Romulan;4;209;0;1067;5;973;1067
25/26;2025-09-18;The Nexus Bowl;tournament;Geek Masters Invitational;1;Qualifying;Gowron;52847;Star Trek - Klingon-Romulan;4;203;0;1049;9;973;1049
25/26;2025-09-18;The Nexus Bowl;tournament;Geek Masters Invitational;1;Qualifying;Commander Sela;97823;Star Trek - Klingon-Romulan;4;185;0;925;53;973;925
25/26;2025-09-18;The Nexus Bowl;tournament;Geek Masters Invitational;1;Qualifying;General Chang;80108;Star Trek - Klingon-Romulan;4;202;0;866;63;973;866
25/26;2025-09-18;The Nexus Bowl;tournament;Geek Masters Invitational;1;Qualifying;Commander Shepard;85142;Mass Effect - Alliance Crew;4;204;0;1038;16;973;1038
25/26;2025-09-18;The Nexus Bowl;tournament;Geek Masters Invitational;1;Qualifying;Garrus Vakarian;58180;Mass Effect - Alliance Crew;4;202;0;990;34;973;990
25/26;2025-09-18;The Nexus Bowl;tournament;Geek Masters Invitational;1;Qualifying;Liara T'Soni;74807;Mass Effect - Alliance Crew;4;214;0;1002;31;973;1002
25/26;2025-09-18;The Nexus Bowl;tournament;Geek Masters Invitational;1;Qualifying;Tali'Zorah;55164;Mass Effect - Alliance Crew;4;164;0;739;79;973;739
25/26;2025-09-18;The Nexus Bowl;tournament;Geek Masters Invitational;1;Qualifying;Illusive Man;86178;Mass Effect - Cerberus-Reapers;4;220;0;1027;22;973;1027
25/26;2025-09-18;The Nexus Bowl;tournament;Geek Masters Invitational;1;Qualifying;Harbinger;69213;Mass Effect - Cerberus-Reapers;4;195;0;1021;25;973;1021
25/26;2025-09-18;The Nexus Bowl;tournament;Geek Masters Invitational;1;Qualifying;Kai Leng;91198;Mass Effect - Cerberus-Reapers;4;190;0;938;49;973;938
25/26;2025-09-18;The Nexus Bowl;tournament;Geek Masters Invitational;1;Qualifying;Saren Arterius;90535;Mass Effect - Cerberus-Reapers;4;170;0;941;48;973;941
25/26;2025-09-18;The Nexus Bowl;tournament;Geek Masters Invitational;1;Qualifying;Roboute Guilliman;73700;Warhammer 40K - Imperium;4;224;0;1060;6;973;1060
25/26;2025-09-18;The Nexus Bowl;tournament;Geek Masters Invitational;1;Qualifying;Marneus Calgar;87837;Warhammer 40K - Imperium;4;198;0;964;42;973;964
25/26;2025-09-18;The Nexus Bowl;tournament;Geek Masters Invitational;1;Qualifying;Saint Celestine;62601;Warhammer 40K - Imperium;4;179;0;864;66;973;864
25/26;2025-09-18;The Nexus Bowl;tournament;Geek Masters Invitational;1;Qualifying;Inquisitor Eisenhorn;96174;Warhammer 40K - Imperium;4;157;0;826;73;973;826
25/26;2025-09-18;The Nexus Bowl;tournament;Geek Masters Invitational;1;Qualifying;Abaddon the Despoiler;54558;Warhammer 40K - Chaos;4;203;0;1014;27;973;1014
25/26;2025-09-18;The Nexus Bowl;tournament;Geek Masters Invitational;1;Qualifying;Magnus the Red;53003;Warhammer 40K - Chaos;4;197;0;991;33;973;991
25/26;2025-09-18;The Nexus Bowl;tournament;Geek Masters Invitational;1;Qualifying;Ahriman;93336;Warhammer 40K - Chaos;4;197;0;974;38;973;974
25/26;2025-09-18;The Nexus Bowl;tournament;Geek Masters Invitational;1;Qualifying;Kharn the Betrayer;64935;Warhammer 40K - Chaos;4;156;0;710;80;973;710
25/26;2025-09-18;The Nexus Bowl;tournament;Geek Masters Invitational;1;Qualifying;Mickey Mouse;68965;Disney Characters - Disney Heroes;4;213;0;1009;30;973;1009
25/26;2025-09-18;The Nexus Bowl;tournament;Geek Masters Invitational;1;Qualifying;Mulan;55229;Disney Characters - Disney Heroes;4;208;0;1027;23;973;1027
25/26;2025-09-18;The Nexus Bowl;tournament;Geek Masters Invitational;1;Qualifying;Simba;65256;Disney Characters - Disney Heroes;4;178;0;964;43;973;964
25/26;2025-09-18;The Nexus Bowl;tournament;Geek Masters Invitational;1;Qualifying;Moana;56619;Disney Characters - Disney Heroes;4;168;0;865;65;973;865
25/26;2025-09-18;The Nexus Bowl;tournament;Geek Masters Invitational;1;Qualifying;Maleficent;74911;Disney Characters - Disney Villains;4;204;0;974;39;973;974
25/26;2025-09-18;The Nexus Bowl;tournament;Geek Masters Invitational;1;Qualifying;Scar;68217;Disney Characters - Disney Villains;4;214;0;1035;17;973;1035
25/26;2025-09-18;The Nexus Bowl;tournament;Geek Masters Invitational;1;Qualifying;Ursula;79714;Disney Characters - Disney Villains;4;178;0;858;67;973;858
25/26;2025-09-18;The Nexus Bowl;tournament;Geek Masters Invitational;1;Qualifying;Jafar;91660;Disney Characters - Disney Villains;4;180;0;865;64;973;865
25/26;2025-09-18;The Nexus Bowl;tournament;Geek Masters Invitational;1;Qualifying;Luke Skywalker;91905;Star Wars - Jedi Order;5;218;0;1266;9;1160;1266
25/26;2025-09-18;The Nexus Bowl;tournament;Geek Masters Invitational;1;Qualifying;Obi-Wan Kenobi;57296;Star Wars - Jedi Order;5;206;0;1245;18;1160;1245
25/26;2025-09-18;The Nexus Bowl;tournament;Geek Masters Invitational;1;Qualifying;Ahsoka Tano;51639;Star Wars - Jedi Order;5;190;0;1142;45;1160;1142
25/26;2025-09-18;The Nexus Bowl;tournament;Geek Masters Invitational;1;Qualifying;Mace Windu;98598;Star Wars - Jedi Order;5;201;0;1135;49;1160;1135
25/26;2025-09-18;The Nexus Bowl;tournament;Geek Masters Invitational;1;Qualifying;Darth Vader;68024;Star Wars - Sith Empire;5;202;0;1298;3;1160;1298
25/26;2025-09-18;The Nexus Bowl;tournament;Geek Masters Invitational;1;Qualifying;Emperor Palpatine;66049;Star Wars - Sith Empire;5;197;0;1244;19;1160;1244
25/26;2025-09-18;The Nexus Bowl;tournament;Geek Masters Invitational;1;Qualifying;Darth Maul;64628;Star Wars - Sith Empire;5;171;0;1056;63;1160;1056
25/26;2025-09-18;The Nexus Bowl;tournament;Geek Masters Invitational;1;Qualifying;Count Dooku;59144;Star Wars - Sith Empire;5;184;0;1060;62;1160;1060
25/26;2025-09-18;The Nexus Bowl;tournament;Geek Masters Invitational;1;Qualifying;Gandalf;98265;Lord of the Rings - Free Peoples;5;240;0;1362;1;1160;1362
25/26;2025-09-18;The Nexus Bowl;tournament;Geek Masters Invitational;1;Qualifying;Aragorn;56717;Lord of the Rings - Free Peoples;5;187;0;1160;40;1160;1160
25/26;2025-09-18;The Nexus Bowl;tournament;Geek Masters Invitational;1;Qualifying;Legolas;94348;Lord of the Rings - Free Peoples;5;200;0;1122;53;1160;1122
25/26;2025-09-18;The Nexus Bowl;tournament;Geek Masters Invitational;1;Qualifying;Gimli;98540;Lord of the Rings - Free Peoples;5;168;0;976;74;1160;976
25/26;2025-09-18;The Nexus Bowl;tournament;Geek Masters Invitational;1;Qualifying;Sauron;85741;Lord of the Rings - Forces of Mordor;5;201;0;1256;10;1160;1256
25/26;2025-09-18;The Nexus Bowl;tournament;Geek Masters Invitational;1;Qualifying;Witch-king;55697;Lord of the Rings - Forces of Mordor;5;192;0;1129;50;1160;1129
25/26;2025-09-18;The Nexus Bowl;tournament;Geek Masters Invitational;1;Qualifying;Saruman;88698;Lord of the Rings - Forces of Mordor;5;190;0;1192;32;1160;1192
25/26;2025-09-18;The Nexus Bowl;tournament;Geek Masters Invitational;1;Qualifying;Uruk-hai Lurtz;77651;Lord of the Rings - Forces of Mordor;5;147;0;996;72;1160;996
25/26;2025-09-18;The Nexus Bowl;tournament;Geek Masters Invitational;1;Qualifying;Harry Potter;52082;Harry Potter - Order of the Phoenix;5;219;0;1252;13;1160;1252
25/26;2025-09-18;The Nexus Bowl;tournament;Geek Masters Invitational;1;Qualifying;Hermione Granger;51952;Harry Potter - Order of the Phoenix;5;225;0;1250;15;1160;1250
25/26;2025-09-18;The Nexus Bowl;tournament;Geek Masters Invitational;1;Qualifying;Albus Dumbledore;56140;Harry Potter - Order of the Phoenix;5;178;0;1099;56;1160;1099
25/26;2025-09-18;The Nexus Bowl;tournament;Geek Masters Invitational;1;Qualifying;Severus Snape;64328;Harry Potter - Order of the Phoenix;5;168;0;1081;57;1160;1081
25/26;2025-09-18;The Nexus Bowl;tournament;Geek Masters Invitational;1;Qualifying;Lord Voldemort;65247;Harry Potter - Death Eaters;5;216;0;1271;7;1160;1271
25/26;2025-09-18;The Nexus Bowl;tournament;Geek Masters Invitational;1;Qualifying;Bellatrix Lestrange;83118;Harry Potter - Death Eaters;5;195;0;1176;36;1160;1176
25/26;2025-09-18;The Nexus Bowl;tournament;Geek Masters Invitational;1;Qualifying;Lucius Malfoy;89453;Harry Potter - Death Eaters;5;197;0;1153;43;1160;1153
25/26;2025-09-18;The Nexus Bowl;tournament;Geek Masters Invitational;1;Qualifying;Barty Crouch Jr.;51739;Harry Potter - Death Eaters;5;175;0;992;73;1160;992
25/26;2025-09-18;The Nexus Bowl;tournament;Geek Masters Invitational;1;Qualifying;Jon Snow;86781;Game of Thrones - Stark-Targaryen Alliance;5;220;0;1299;2;1160;1299
25/26;2025-09-18;The Nexus Bowl;tournament;Geek Masters Invitational;1;Qualifying;Daenerys Targaryen;63031;Game of Thrones - Stark-Targaryen Alliance;5;188;0;1065;61;1160;1065
25/26;2025-09-18;The Nexus Bowl;tournament;Geek Masters Invitational;1;Qualifying;Arya Stark;96925;Game of Thrones - Stark-Targaryen Alliance;5;178;0;1066;59;1160;1066
25/26;2025-09-18;The Nexus Bowl;tournament;Geek Masters Invitational;1;Qualifying;Bran Stark;92590;Game of Thrones - Stark-Targaryen Alliance;5;177;0;1029;68;1160;1029
25/26;2025-09-18;The Nexus Bowl;tournament;Geek Masters Invitational;1;Qualifying;Cersei Lannister;95962;Game of Thrones - Lannister-Crown;5;259;0;1273;6;1160;1273
25/26;2025-09-18;The Nexus Bowl;tournament;Geek Masters Invitational;1;Qualifying;Jaime Lannister;85713;Game of Thrones - Lannister-Crown;5;207;0;1152;44;1160;1152
25/26;2025-09-18;The Nexus Bowl;tournament;Geek Masters Invitational;1;Qualifying;Tywin Lannister;77493;Game of Thrones - Lannister-Crown;5;178;0;1163;38;1160;1163
25/26;2025-09-18;The Nexus Bowl;tournament;Geek Masters Invitational;1;Qualifying;The Mountain;64446;Game of Thrones - Lannister-Crown;5;169;0;1015;70;1160;1015
25/26;2025-09-18;The Nexus Bowl;tournament;Geek Masters Invitational;1;Qualifying;Kyle Katarn;79439;LucasArts Games - Jedi Knight Era;5;210;0;1241;22;1160;1241
25/26;2025-09-18;The Nexus Bowl;tournament;Geek Masters Invitational;1;Qualifying;Mara Jade;88618;LucasArts Games - Jedi Knight Era;5;211;0;1242;21;1160;1242
25/26;2025-09-18;The Nexus Bowl;tournament;Geek Masters Invitational;1;Qualifying;Jaden Korr;68231;LucasArts Games - Jedi Knight Era;5;193;0;1128;51;1160;1128
25/26;2025-09-18;The Nexus Bowl;tournament;Geek Masters Invitational;1;Qualifying;Jan Ors;50425;LucasArts Games - Jedi Knight Era;5;176;0;974;75;1160;974
25/26;2025-09-18;The Nexus Bowl;tournament;Geek Masters Invitational;1;Qualifying;Guybrush Threepwood;99729;LucasArts Games - Monkey Island & Legacy;5;210;0;1188;34;1160;1188
25/26;2025-09-18;The Nexus Bowl;tournament;Geek Masters Invitational;1;Qualifying;LeChuck;60463;LucasArts Games - Monkey Island & Legacy;5;210;0;1253;12;1160;1253
25/26;2025-09-18;The Nexus Bowl;tournament;Geek Masters Invitational;1;Qualifying;Elaine Marley;95753;LucasArts Games - Monkey Island & Legacy;5;196;0;1156;41;1160;1156
25/26;2025-09-18;The Nexus Bowl;tournament;Geek Masters Invitational;1;Qualifying;Manny Calavera;77696;LucasArts Games - Monkey Island & Legacy;5;190;0;970;78;1160;970
25/26;2025-09-18;The Nexus Bowl;tournament;Geek Masters Invitational;1;Qualifying;Paul Atreides;72298;Dune - House Atreides;5;207;0;1235;23;1160;1235
25/26;2025-09-18;The Nexus Bowl;tournament;Geek Masters Invitational;1;Qualifying;Lady Jessica;68210;Dune - House Atreides;5;200;0;1217;27;1160;1217
25/26;2025-09-18;The Nexus Bowl;tournament;Geek Masters Invitational;1;Qualifying;Duncan Idaho;60189;Dune - House Atreides;5;189;0;1154;42;1160;1154
25/26;2025-09-18;The Nexus Bowl;tournament;Geek Masters Invitational;1;Qualifying;Gurney Halleck;64110;Dune - House Atreides;5;173;0;970;76;1160;970
25/26;2025-09-18;The Nexus Bowl;tournament;Geek Masters Invitational;1;Qualifying;Baron Harkonnen;72059;Dune - Harkonnen-Sardaukar;5;207;0;1254;11;1160;1254
25/26;2025-09-18;The Nexus Bowl;tournament;Geek Masters Invitational;1;Qualifying;Feyd-Rautha;56698;Dune - Harkonnen-Sardaukar;5;205;0;1294;4;1160;1294
25/26;2025-09-18;The Nexus Bowl;tournament;Geek Masters Invitational;1;Qualifying;Count Fenring;56078;Dune - Harkonnen-Sardaukar;5;208;0;1126;52;1160;1126
25/26;2025-09-18;The Nexus Bowl;tournament;Geek Masters Invitational;1;Qualifying;Glossu Rabban;74898;Dune - Harkonnen-Sardaukar;5;148;0;1000;71;1160;1000
25/26;2025-09-18;The Nexus Bowl;tournament;Geek Masters Invitational;1;Qualifying;Jean-Luc Picard;56338;Star Trek - Federation;5;201;0;1242;20;1160;1242
25/26;2025-09-18;The Nexus Bowl;tournament;Geek Masters Invitational;1;Qualifying;Spock;73526;Star Trek - Federation;5;218;0;1232;25;1160;1232
25/26;2025-09-18;The Nexus Bowl;tournament;Geek Masters Invitational;1;Qualifying;Benjamin Sisko;72541;Star Trek - Federation;5;186;0;1075;58;1160;1075
25/26;2025-09-18;The Nexus Bowl;tournament;Geek Masters Invitational;1;Qualifying;Kathryn Janeway;89565;Star Trek - Federation;5;186;0;1027;69;1160;1027
25/26;2025-09-18;The Nexus Bowl;tournament;Geek Masters Invitational;1;Qualifying;Worf;67335;Star Trek - Klingon-Romulan;5;225;0;1292;5;1160;1292
25/26;2025-09-18;The Nexus Bowl;tournament;Geek Masters Invitational;1;Qualifying;Gowron;52847;Star Trek - Klingon-Romulan;5;221;0;1270;8;1160;1270
25/26;2025-09-18;The Nexus Bowl;tournament;Geek Masters Invitational;1;Qualifying;Commander Sela;97823;Star Trek - Klingon-Romulan;5;194;0;1119;54;1160;1119
25/26;2025-09-18;The Nexus Bowl;tournament;Geek Masters Invitational;1;Qualifying;General Chang;80108;Star Trek - Klingon-Romulan;5;200;0;1066;60;1160;1066
25/26;2025-09-18;The Nexus Bowl;tournament;Geek Masters Invitational;1;Qualifying;Commander Shepard;85142;Mass Effect - Alliance Crew;5;212;0;1250;14;1160;1250
25/26;2025-09-18;The Nexus Bowl;tournament;Geek Masters Invitational;1;Qualifying;Garrus Vakarian;58180;Mass Effect - Alliance Crew;5;199;0;1189;33;1160;1189
25/26;2025-09-18;The Nexus Bowl;tournament;Geek Masters Invitational;1;Qualifying;Liara T'Soni;74807;Mass Effect - Alliance Crew;5;201;0;1203;30;1160;1203
25/26;2025-09-18;The Nexus Bowl;tournament;Geek Masters Invitational;1;Qualifying;Tali'Zorah;55164;Mass Effect - Alliance Crew;5;183;0;922;79;1160;922
25/26;2025-09-18;The Nexus Bowl;tournament;Geek Masters Invitational;1;Qualifying;Illusive Man;86178;Mass Effect - Cerberus-Reapers;5;221;0;1248;16;1160;1248
25/26;2025-09-18;The Nexus Bowl;tournament;Geek Masters Invitational;1;Qualifying;Harbinger;69213;Mass Effect - Cerberus-Reapers;5;194;0;1215;28;1160;1215
25/26;2025-09-18;The Nexus Bowl;tournament;Geek Masters Invitational;1;Qualifying;Kai Leng;91198;Mass Effect - Cerberus-Reapers;5;203;0;1141;46;1160;1141
25/26;2025-09-18;The Nexus Bowl;tournament;Geek Masters Invitational;1;Qualifying;Saren Arterius;90535;Mass Effect - Cerberus-Reapers;5;163;0;1104;55;1160;1104
25/26;2025-09-18;The Nexus Bowl;tournament;Geek Masters Invitational;1;Qualifying;Roboute Guilliman;73700;Warhammer 40K - Imperium;5;174;0;1234;24;1160;1234
25/26;2025-09-18;The Nexus Bowl;tournament;Geek Masters Invitational;1;Qualifying;Marneus Calgar;87837;Warhammer 40K - Imperium;5;177;0;1141;47;1160;1141
25/26;2025-09-18;The Nexus Bowl;tournament;Geek Masters Invitational;1;Qualifying;Saint Celestine;62601;Warhammer 40K - Imperium;5;185;0;1049;64;1160;1049
25/26;2025-09-18;The Nexus Bowl;tournament;Geek Masters Invitational;1;Qualifying;Inquisitor Eisenhorn;96174;Warhammer 40K - Imperium;5;144;0;970;77;1160;970
25/26;2025-09-18;The Nexus Bowl;tournament;Geek Masters Invitational;1;Qualifying;Abaddon the Despoiler;54558;Warhammer 40K - Chaos;5;172;0;1186;35;1160;1186
25/26;2025-09-18;The Nexus Bowl;tournament;Geek Masters Invitational;1;Qualifying;Magnus the Red;53003;Warhammer 40K - Chaos;5;204;0;1195;31;1160;1195
25/26;2025-09-18;The Nexus Bowl;tournament;Geek Masters Invitational;1;Qualifying;Ahriman;93336;Warhammer 40K - Chaos;5;162;0;1136;48;1160;1136
25/26;2025-09-18;The Nexus Bowl;tournament;Geek Masters Invitational;1;Qualifying;Kharn the Betrayer;64935;Warhammer 40K - Chaos;5;140;0;850;80;1160;850
25/26;2025-09-18;The Nexus Bowl;tournament;Geek Masters Invitational;1;Qualifying;Mickey Mouse;68965;Disney Characters - Disney Heroes;5;201;0;1210;29;1160;1210
25/26;2025-09-18;The Nexus Bowl;tournament;Geek Masters Invitational;1;Qualifying;Mulan;55229;Disney Characters - Disney Heroes;5;218;0;1245;17;1160;1245
25/26;2025-09-18;The Nexus Bowl;tournament;Geek Masters Invitational;1;Qualifying;Simba;65256;Disney Characters - Disney Heroes;5;203;0;1167;37;1160;1167
25/26;2025-09-18;The Nexus Bowl;tournament;Geek Masters Invitational;1;Qualifying;Moana;56619;Disney Characters - Disney Heroes;5;175;0;1040;66;1160;1040
25/26;2025-09-18;The Nexus Bowl;tournament;Geek Masters Invitational;1;Qualifying;Maleficent;74911;Disney Characters - Disney Villains;5;188;0;1162;39;1160;1162
25/26;2025-09-18;The Nexus Bowl;tournament;Geek Masters Invitational;1;Qualifying;Scar;68217;Disney Characters - Disney Villains;5;189;0;1224;26;1160;1224
25/26;2025-09-18;The Nexus Bowl;tournament;Geek Masters Invitational;1;Qualifying;Ursula;79714;Disney Characters - Disney Villains;5;182;0;1040;67;1160;1040
25/26;2025-09-18;The Nexus Bowl;tournament;Geek Masters Invitational;1;Qualifying;Jafar;91660;Disney Characters - Disney Villains;5;179;0;1044;65;1160;1044
25/26;2025-09-18;The Nexus Bowl;tournament;Geek Masters Invitational;1;Qualifying;Luke Skywalker;91905;Star Wars - Jedi Order;6;217;0;1483;8;1354;1483
25/26;2025-09-18;The Nexus Bowl;tournament;Geek Masters Invitational;1;Qualifying;Obi-Wan Kenobi;57296;Star Wars - Jedi Order;6;221;0;1466;14;1354;1466
25/26;2025-09-18;The Nexus Bowl;tournament;Geek Masters Invitational;1;Qualifying;Ahsoka Tano;51639;Star Wars - Jedi Order;6;204;0;1346;45;1354;1346
25/26;2025-09-18;The Nexus Bowl;tournament;Geek Masters Invitational;1;Qualifying;Mace Windu;98598;Star Wars - Jedi Order;6;212;0;1347;44;1354;1347
25/26;2025-09-18;The Nexus Bowl;tournament;Geek Masters Invitational;1;Qualifying;Darth Vader;68024;Star Wars - Sith Empire;6;215;0;1513;2;1354;1513
25/26;2025-09-18;The Nexus Bowl;tournament;Geek Masters Invitational;1;Qualifying;Emperor Palpatine;66049;Star Wars - Sith Empire;6;217;0;1461;16;1354;1461
25/26;2025-09-18;The Nexus Bowl;tournament;Geek Masters Invitational;1;Qualifying;Darth Maul;64628;Star Wars - Sith Empire;6;191;0;1247;60;1354;1247
25/26;2025-09-18;The Nexus Bowl;tournament;Geek Masters Invitational;1;Qualifying;Count Dooku;59144;Star Wars - Sith Empire;6;179;0;1239;62;1354;1239
25/26;2025-09-18;The Nexus Bowl;tournament;Geek Masters Invitational;1;Qualifying;Gandalf;98265;Lord of the Rings - Free Peoples;6;231;0;1593;1;1354;1593
25/26;2025-09-18;The Nexus Bowl;tournament;Geek Masters Invitational;1;Qualifying;Aragorn;56717;Lord of the Rings - Free Peoples;6;194;0;1354;40;1354;1354
25/26;2025-09-18;The Nexus Bowl;tournament;Geek Masters Invitational;1;Qualifying;Legolas;94348;Lord of the Rings - Free Peoples;6;222;0;1344;48;1354;1344
25/26;2025-09-18;The Nexus Bowl;tournament;Geek Masters Invitational;1;Qualifying;Gimli;98540;Lord of the Rings - Free Peoples;6;181;0;1157;71;1354;1157
25/26;2025-09-18;The Nexus Bowl;tournament;Geek Masters Invitational;1;Qualifying;Sauron;85741;Lord of the Rings - Forces of Mordor;6;189;0;1445;24;1354;1445
25/26;2025-09-18;The Nexus Bowl;tournament;Geek Masters Invitational;1;Qualifying;Witch-king;55697;Lord of the Rings - Forces of Mordor;6;193;0;1322;51;1354;1322
25/26;2025-09-18;The Nexus Bowl;tournament;Geek Masters Invitational;1;Qualifying;Saruman;88698;Lord of the Rings - Forces of Mordor;6;197;0;1389;33;1354;1389
25/26;2025-09-18;The Nexus Bowl;tournament;Geek Masters Invitational;1;Qualifying;Uruk-hai Lurtz;77651;Lord of the Rings - Forces of Mordor;6;158;0;1154;75;1354;1154
25/26;2025-09-18;The Nexus Bowl;tournament;Geek Masters Invitational;1;Qualifying;Harry Potter;52082;Harry Potter - Order of the Phoenix;6;220;0;1472;10;1354;1472
25/26;2025-09-18;The Nexus Bowl;tournament;Geek Masters Invitational;1;Qualifying;Hermione Granger;51952;Harry Potter - Order of the Phoenix;6;201;0;1451;22;1354;1451
25/26;2025-09-18;The Nexus Bowl;tournament;Geek Masters Invitational;1;Qualifying;Albus Dumbledore;56140;Harry Potter - Order of the Phoenix;6;168;0;1267;57;1354;1267
25/26;2025-09-18;The Nexus Bowl;tournament;Geek Masters Invitational;1;Qualifying;Severus Snape;64328;Harry Potter - Order of the Phoenix;6;176;0;1257;58;1354;1257
25/26;2025-09-18;The Nexus Bowl;tournament;Geek Masters Invitational;1;Qualifying;Lord Voldemort;65247;Harry Potter - Death Eaters;6;215;0;1486;7;1354;1486
25/26;2025-09-18;The Nexus Bowl;tournament;Geek Masters Invitational;1;Qualifying;Bellatrix Lestrange;83118;Harry Potter - Death Eaters;6;212;0;1388;34;1354;1388
25/26;2025-09-18;The Nexus Bowl;tournament;Geek Masters Invitational;1;Qualifying;Lucius Malfoy;89453;Harry Potter - Death Eaters;6;169;0;1322;50;1354;1322
25/26;2025-09-18;The Nexus Bowl;tournament;Geek Masters Invitational;1;Qualifying;Barty Crouch Jr.;51739;Harry Potter - Death Eaters;6;163;0;1155;72;1354;1155
25/26;2025-09-18;The Nexus Bowl;tournament;Geek Masters Invitational;1;Qualifying;Jon Snow;86781;Game of Thrones - Stark-Targaryen Alliance;6;197;0;1496;6;1354;1496
25/26;2025-09-18;The Nexus Bowl;tournament;Geek Masters Invitational;1;Qualifying;Daenerys Targaryen;63031;Game of Thrones - Stark-Targaryen Alliance;6;213;0;1278;56;1354;1278
25/26;2025-09-18;The Nexus Bowl;tournament;Geek Masters Invitational;1;Qualifying;Arya Stark;96925;Game of Thrones - Stark-Targaryen Alliance;6;175;0;1241;61;1354;1241
25/26;2025-09-18;The Nexus Bowl;tournament;Geek Masters Invitational;1;Qualifying;Bran Stark;92590;Game of Thrones - Stark-Targaryen Alliance;6;171;0;1200;69;1354;1200
25/26;2025-09-18;The Nexus Bowl;tournament;Geek Masters Invitational;1;Qualifying;Cersei Lannister;95962;Game of Thrones - Lannister-Crown;6;203;0;1476;9;1354;1476
25/26;2025-09-18;The Nexus Bowl;tournament;Geek Masters Invitational;1;Qualifying;Jaime Lannister;85713;Game of Thrones - Lannister-Crown;6;198;0;1350;43;1354;1350
25/26;2025-09-18;The Nexus Bowl;tournament;Geek Masters Invitational;1;Qualifying;Tywin Lannister;77493;Game of Thrones - Lannister-Crown;6;197;0;1360;37;1354;1360
25/26;2025-09-18;The Nexus Bowl;tournament;Geek Masters Invitational;1;Qualifying;The Mountain;64446;Game of Thrones - Lannister-Crown;6;178;0;1193;70;1354;1193
25/26;2025-09-18;The Nexus Bowl;tournament;Geek Masters Invitational;1;Qualifying;Kyle Katarn;79439;LucasArts Games - Jedi Knight Era;6;220;0;1461;17;1354;1461
25/26;2025-09-18;The Nexus Bowl;tournament;Geek Masters Invitational;1;Qualifying;Mara Jade;88618;LucasArts Games - Jedi Knight Era;6;219;0;1461;18;1354;1461
25/26;2025-09-18;The Nexus Bowl;tournament;Geek Masters Invitational;1;Qualifying;Jaden Korr;68231;LucasArts Games - Jedi Knight Era;6;223;0;1351;42;1354;1351
25/26;2025-09-18;The Nexus Bowl;tournament;Geek Masters Invitational;1;Qualifying;Jan Ors;50425;LucasArts Games - Jedi Knight Era;6;174;0;1148;76;1354;1148
25/26;2025-09-18;The Nexus Bowl;tournament;Geek Masters Invitational;1;Qualifying;Guybrush Threepwood;99729;LucasArts Games - Monkey Island & Legacy;6;241;0;1429;27;1354;1429
25/26;2025-09-18;The Nexus Bowl;tournament;Geek Masters Invitational;1;Qualifying;LeChuck;60463;LucasArts Games - Monkey Island & Legacy;6;215;0;1468;12;1354;1468
25/26;2025-09-18;The Nexus Bowl;tournament;Geek Masters Invitational;1;Qualifying;Elaine Marley;95753;LucasArts Games - Monkey Island & Legacy;6;190;0;1346;46;1354;1346
25/26;2025-09-18;The Nexus Bowl;tournament;Geek Masters Invitational;1;Qualifying;Manny Calavera;77696;LucasArts Games - Monkey Island & Legacy;6;185;0;1155;74;1354;1155
25/26;2025-09-18;The Nexus Bowl;tournament;Geek Masters Invitational;1;Qualifying;Paul Atreides;72298;Dune - House Atreides;6;195;0;1430;26;1354;1430
25/26;2025-09-18;The Nexus Bowl;tournament;Geek Masters Invitational;1;Qualifying;Lady Jessica;68210;Dune - House Atreides;6;200;0;1417;29;1354;1417
25/26;2025-09-18;The Nexus Bowl;tournament;Geek Masters Invitational;1;Qualifying;Duncan Idaho;60189;Dune - House Atreides;6;197;0;1351;41;1354;1351
25/26;2025-09-18;The Nexus Bowl;tournament;Geek Masters Invitational;1;Qualifying;Gurney Halleck;64110;Dune - House Atreides;6;171;0;1141;77;1354;1141
25/26;2025-09-18;The Nexus Bowl;tournament;Geek Masters Invitational;1;Qualifying;Baron Harkonnen;72059;Dune - Harkonnen-Sardaukar;6;209;0;1463;15;1354;1463
25/26;2025-09-18;The Nexus Bowl;tournament;Geek Masters Invitational;1;Qualifying;Feyd-Rautha;56698;Dune - Harkonnen-Sardaukar;6;204;0;1498;4;1354;1498
25/26;2025-09-18;The Nexus Bowl;tournament;Geek Masters Invitational;1;Qualifying;Count Fenring;56078;Dune - Harkonnen-Sardaukar;6;183;0;1309;54;1354;1309
25/26;2025-09-18;The Nexus Bowl;tournament;Geek Masters Invitational;1;Qualifying;Glossu Rabban;74898;Dune - Harkonnen-Sardaukar;6;155;0;1155;73;1354;1155
25/26;2025-09-18;The Nexus Bowl;tournament;Geek Masters Invitational;1;Qualifying;Jean-Luc Picard;56338;Star Trek - Federation;6;226;0;1468;11;1354;1468
25/26;2025-09-18;The Nexus Bowl;tournament;Geek Masters Invitational;1;Qualifying;Spock;73526;Star Trek - Federation;6;221;0;1453;21;1354;1453
25/26;2025-09-18;The Nexus Bowl;tournament;Geek Masters Invitational;1;Qualifying;Benjamin Sisko;72541;Star Trek - Federation;6;160;0;1235;63;1354;1235
25/26;2025-09-18;The Nexus Bowl;tournament;Geek Masters Invitational;1;Qualifying;Kathryn Janeway;89565;Star Trek - Federation;6;175;0;1202;68;1354;1202
25/26;2025-09-18;The Nexus Bowl;tournament;Geek Masters Invitational;1;Qualifying;Worf;67335;Star Trek - Klingon-Romulan;6;221;0;1513;3;1354;1513
25/26;2025-09-18;The Nexus Bowl;tournament;Geek Masters Invitational;1;Qualifying;Gowron;52847;Star Trek - Klingon-Romulan;6;228;0;1498;5;1354;1498
25/26;2025-09-18;The Nexus Bowl;tournament;Geek Masters Invitational;1;Qualifying;Commander Sela;97823;Star Trek - Klingon-Romulan;6;185;0;1304;55;1354;1304
25/26;2025-09-18;The Nexus Bowl;tournament;Geek Masters Invitational;1;Qualifying;General Chang;80108;Star Trek - Klingon-Romulan;6;185;0;1251;59;1354;1251
25/26;2025-09-18;The Nexus Bowl;tournament;Geek Masters Invitational;1;Qualifying;Commander Shepard;85142;Mass Effect - Alliance Crew;6;207;0;1457;19;1354;1457
25/26;2025-09-18;The Nexus Bowl;tournament;Geek Masters Invitational;1;Qualifying;Garrus Vakarian;58180;Mass Effect - Alliance Crew;6;183;0;1372;36;1354;1372
25/26;2025-09-18;The Nexus Bowl;tournament;Geek Masters Invitational;1;Qualifying;Liara T'Soni;74807;Mass Effect - Alliance Crew;6;208;0;1411;30;1354;1411
25/26;2025-09-18;The Nexus Bowl;tournament;Geek Masters Invitational;1;Qualifying;Tali'Zorah;55164;Mass Effect - Alliance Crew;6;142;0;1064;79;1354;1064
25/26;2025-09-18;The Nexus Bowl;tournament;Geek Masters Invitational;1;Qualifying;Illusive Man;86178;Mass Effect - Cerberus-Reapers;6;200;0;1448;23;1354;1448
25/26;2025-09-18;The Nexus Bowl;tournament;Geek Masters Invitational;1;Qualifying;Harbinger;69213;Mass Effect - Cerberus-Reapers;6;209;0;1424;28;1354;1424
25/26;2025-09-18;The Nexus Bowl;tournament;Geek Masters Invitational;1;Qualifying;Kai Leng;91198;Mass Effect - Cerberus-Reapers;6;182;0;1323;49;1354;1323
25/26;2025-09-18;The Nexus Bowl;tournament;Geek Masters Invitational;1;Qualifying;Saren Arterius;90535;Mass Effect - Cerberus-Reapers;6;215;0;1319;52;1354;1319
25/26;2025-09-18;The Nexus Bowl;tournament;Geek Masters Invitational;1;Qualifying;Roboute Guilliman;73700;Warhammer 40K - Imperium;6;234;0;1468;13;1354;1468
25/26;2025-09-18;The Nexus Bowl;tournament;Geek Masters Invitational;1;Qualifying;Marneus Calgar;87837;Warhammer 40K - Imperium;6;205;0;1346;47;1354;1346
25/26;2025-09-18;The Nexus Bowl;tournament;Geek Masters Invitational;1;Qualifying;Saint Celestine;62601;Warhammer 40K - Imperium;6;175;0;1224;64;1354;1224
25/26;2025-09-18;The Nexus Bowl;tournament;Geek Masters Invitational;1;Qualifying;Inquisitor Eisenhorn;96174;Warhammer 40K - Imperium;6;164;0;1134;78;1354;1134
25/26;2025-09-18;The Nexus Bowl;tournament;Geek Masters Invitational;1;Qualifying;Abaddon the Despoiler;54558;Warhammer 40K - Chaos;6;171;0;1357;38;1354;1357
25/26;2025-09-18;The Nexus Bowl;tournament;Geek Masters Invitational;1;Qualifying;Magnus the Red;53003;Warhammer 40K - Chaos;6;196;0;1391;31;1354;1391
25/26;2025-09-18;The Nexus Bowl;tournament;Geek Masters Invitational;1;Qualifying;Ahriman;93336;Warhammer 40K - Chaos;6;181;0;1317;53;1354;1317
25/26;2025-09-18;The Nexus Bowl;tournament;Geek Masters Invitational;1;Qualifying;Kharn the Betrayer;64935;Warhammer 40K - Chaos;6;161;0;1011;80;1354;1011
25/26;2025-09-18;The Nexus Bowl;tournament;Geek Masters Invitational;1;Qualifying;Mickey Mouse;68965;Disney Characters - Disney Heroes;6;169;0;1379;35;1354;1379
25/26;2025-09-18;The Nexus Bowl;tournament;Geek Masters Invitational;1;Qualifying;Mulan;55229;Disney Characters - Disney Heroes;6;212;0;1457;20;1354;1457
25/26;2025-09-18;The Nexus Bowl;tournament;Geek Masters Invitational;1;Qualifying;Simba;65256;Disney Characters - Disney Heroes;6;188;0;1355;39;1354;1355
25/26;2025-09-18;The Nexus Bowl;tournament;Geek Masters Invitational;1;Qualifying;Moana;56619;Disney Characters - Disney Heroes;6;168;0;1208;67;1354;1208
25/26;2025-09-18;The Nexus Bowl;tournament;Geek Masters Invitational;1;Qualifying;Maleficent;74911;Disney Characters - Disney Villains;6;228;0;1390;32;1354;1390
25/26;2025-09-18;The Nexus Bowl;tournament;Geek Masters Invitational;1;Qualifying;Scar;68217;Disney Characters - Disney Villains;6;209;0;1433;25;1354;1433
25/26;2025-09-18;The Nexus Bowl;tournament;Geek Masters Invitational;1;Qualifying;Ursula;79714;Disney Characters - Disney Villains;6;176;0;1216;66;1354;1216
25/26;2025-09-18;The Nexus Bowl;tournament;Geek Masters Invitational;1;Qualifying;Jafar;91660;Disney Characters - Disney Villains;6;175;0;1219;65;1354;1219
25/26;2025-09-18;The Nexus Bowl;tournament;Geek Masters Invitational;1;Qualifying;Luke Skywalker;91905;Star Wars - Jedi Order;7;212;0;1695;10;1560;1695
25/26;2025-09-18;The Nexus Bowl;tournament;Geek Masters Invitational;1;Qualifying;Obi-Wan Kenobi;57296;Star Wars - Jedi Order;7;188;0;1654;22;1560;1654
25/26;2025-09-18;The Nexus Bowl;tournament;Geek Masters Invitational;1;Qualifying;Ahsoka Tano;51639;Star Wars - Jedi Order;7;181;0;1527;48;1560;1527
25/26;2025-09-18;The Nexus Bowl;tournament;Geek Masters Invitational;1;Qualifying;Mace Windu;98598;Star Wars - Jedi Order;7;191;0;1538;47;1560;1538
25/26;2025-09-18;The Nexus Bowl;tournament;Geek Masters Invitational;1;Qualifying;Darth Vader;68024;Star Wars - Sith Empire;7;218;0;1731;3;1560;1731
25/26;2025-09-18;The Nexus Bowl;tournament;Geek Masters Invitational;1;Qualifying;Emperor Palpatine;66049;Star Wars - Sith Empire;7;204;0;1665;20;1560;1665
25/26;2025-09-18;The Nexus Bowl;tournament;Geek Masters Invitational;1;Qualifying;Darth Maul;64628;Star Wars - Sith Empire;7;177;0;1424;60;1560;1424
25/26;2025-09-18;The Nexus Bowl;tournament;Geek Masters Invitational;1;Qualifying;Count Dooku;59144;Star Wars - Sith Empire;7;176;0;1415;62;1560;1415
25/26;2025-09-18;The Nexus Bowl;tournament;Geek Masters Invitational;1;Qualifying;Gandalf;98265;Lord of the Rings - Free Peoples;7;213;0;1806;1;1560;1806
25/26;2025-09-18;The Nexus Bowl;tournament;Geek Masters Invitational;1;Qualifying;Aragorn;56717;Lord of the Rings - Free Peoples;7;198;0;1552;41;1560;1552
25/26;2025-09-18;The Nexus Bowl;tournament;Geek Masters Invitational;1;Qualifying;Legolas;94348;Lord of the Rings - Free Peoples;7;200;0;1544;45;1560;1544
25/26;2025-09-18;The Nexus Bowl;tournament;Geek Masters Invitational;1;Qualifying;Gimli;98540;Lord of the Rings - Free Peoples;7;169;0;1326;74;1560;1326
25/26;2025-09-18;The Nexus Bowl;tournament;Geek Masters Invitational;1;Qualifying;Sauron;85741;Lord of the Rings - Forces of Mordor;7;206;0;1651;24;1560;1651
25/26;2025-09-18;The Nexus Bowl;tournament;Geek Masters Invitational;1;Qualifying;Witch-king;55697;Lord of the Rings - Forces of Mordor;7;192;0;1514;49;1560;1514
25/26;2025-09-18;The Nexus Bowl;tournament;Geek Masters Invitational;1;Qualifying;Saruman;88698;Lord of the Rings - Forces of Mordor;7;205;0;1594;34;1560;1594
25/26;2025-09-18;The Nexus Bowl;tournament;Geek Masters Invitational;1;Qualifying;Uruk-hai Lurtz;77651;Lord of the Rings - Forces of Mordor;7;199;0;1353;71;1560;1353
25/26;2025-09-18;The Nexus Bowl;tournament;Geek Masters Invitational;1;Qualifying;Harry Potter;52082;Harry Potter - Order of the Phoenix;7;234;0;1706;7;1560;1706
25/26;2025-09-18;The Nexus Bowl;tournament;Geek Masters Invitational;1;Qualifying;Hermione Granger;51952;Harry Potter - Order of the Phoenix;7;246;0;1697;9;1560;1697
25/26;2025-09-18;The Nexus Bowl;tournament;Geek Masters Invitational;1;Qualifying;Albus Dumbledore;56140;Harry Potter - Order of the Phoenix;7;193;0;1460;57;1560;1460
25/26;2025-09-18;The Nexus Bowl;tournament;Geek Masters Invitational;1;Qualifying;Severus Snape;64328;Harry Potter - Order of the Phoenix;7;198;0;1455;58;1560;1455
25/26;2025-09-18;The Nexus Bowl;tournament;Geek Masters Invitational;1;Qualifying;Lord Voldemort;65247;Harry Potter - Death Eaters;7;223;0;1709;6;1560;1709
25/26;2025-09-18;The Nexus Bowl;tournament;Geek Masters Invitational;1;Qualifying;Bellatrix Lestrange;83118;Harry Potter - Death Eaters;7;216;0;1604;33;1560;1604
25/26;2025-09-18;The Nexus Bowl;tournament;Geek Masters Invitational;1;Qualifying;Lucius Malfoy;89453;Harry Potter - Death Eaters;7;175;0;1497;53;1560;1497
25/26;2025-09-18;The Nexus Bowl;tournament;Geek Masters Invitational;1;Qualifying;Barty Crouch Jr.;51739;Harry Potter - Death Eaters;7;164;0;1319;76;1560;1319
25/26;2025-09-18;The Nexus Bowl;tournament;Geek Masters Invitational;1;Qualifying;Jon Snow;86781;Game of Thrones - Stark-Targaryen Alliance;7;222;0;1718;4;1560;1718
25/26;2025-09-18;The Nexus Bowl;tournament;Geek Masters Invitational;1;Qualifying;Daenerys Targaryen;63031;Game of Thrones - Stark-Targaryen Alliance;7;217;0;1495;54;1560;1495
25/26;2025-09-18;The Nexus Bowl;tournament;Geek Masters Invitational;1;Qualifying;Arya Stark;96925;Game of Thrones - Stark-Targaryen Alliance;7;179;0;1420;61;1560;1420
25/26;2025-09-18;The Nexus Bowl;tournament;Geek Masters Invitational;1;Qualifying;Bran Stark;92590;Game of Thrones - Stark-Targaryen Alliance;7;170;0;1370;69;1560;1370
25/26;2025-09-18;The Nexus Bowl;tournament;Geek Masters Invitational;1;Qualifying;Cersei Lannister;95962;Game of Thrones - Lannister-Crown;7;198;0;1674;15;1560;1674
25/26;2025-09-18;The Nexus Bowl;tournament;Geek Masters Invitational;1;Qualifying;Jaime Lannister;85713;Game of Thrones - Lannister-Crown;7;215;0;1565;38;1560;1565
25/26;2025-09-18;The Nexus Bowl;tournament;Geek Masters Invitational;1;Qualifying;Tywin Lannister;77493;Game of Thrones - Lannister-Crown;7;200;0;1560;40;1560;1560
25/26;2025-09-18;The Nexus Bowl;tournament;Geek Masters Invitational;1;Qualifying;The Mountain;64446;Game of Thrones - Lannister-Crown;7;179;0;1372;68;1560;1372
25/26;2025-09-18;The Nexus Bowl;tournament;Geek Masters Invitational;1;Qualifying;Kyle Katarn;79439;LucasArts Games - Jedi Knight Era;7;208;0;1669;18;1560;1669
25/26;2025-09-18;The Nexus Bowl;tournament;Geek Masters Invitational;1;Qualifying;Mara Jade;88618;LucasArts Games - Jedi Knight Era;7;223;0;1684;14;1560;1684
25/26;2025-09-18;The Nexus Bowl;tournament;Geek Masters Invitational;1;Qualifying;Jaden Korr;68231;LucasArts Games - Jedi Knight Era;7;237;0;1588;35;1560;1588
25/26;2025-09-18;The Nexus Bowl;tournament;Geek Masters Invitational;1;Qualifying;Jan Ors;50425;LucasArts Games - Jedi Knight Era;7;187;0;1335;72;1560;1335
25/26;2025-09-18;The Nexus Bowl;tournament;Geek Masters Invitational;1;Qualifying;Guybrush Threepwood;99729;LucasArts Games - Monkey Island & Legacy;7;240;0;1669;17;1560;1669
25/26;2025-09-18;The Nexus Bowl;tournament;Geek Masters Invitational;1;Qualifying;LeChuck;60463;LucasArts Games - Monkey Island & Legacy;7;221;0;1689;11;1560;1689
25/26;2025-09-18;The Nexus Bowl;tournament;Geek Masters Invitational;1;Qualifying;Elaine Marley;95753;LucasArts Games - Monkey Island & Legacy;7;203;0;1549;43;1560;1549
25/26;2025-09-18;The Nexus Bowl;tournament;Geek Masters Invitational;1;Qualifying;Manny Calavera;77696;LucasArts Games - Monkey Island & Legacy;7;155;0;1310;77;1560;1310
25/26;2025-09-18;The Nexus Bowl;tournament;Geek Masters Invitational;1;Qualifying;Paul Atreides;72298;Dune - House Atreides;7;216;0;1646;25;1560;1646
25/26;2025-09-18;The Nexus Bowl;tournament;Geek Masters Invitational;1;Qualifying;Lady Jessica;68210;Dune - House Atreides;7;198;0;1615;30;1560;1615
25/26;2025-09-18;The Nexus Bowl;tournament;Geek Masters Invitational;1;Qualifying;Duncan Idaho;60189;Dune - House Atreides;7;211;0;1562;39;1560;1562
25/26;2025-09-18;The Nexus Bowl;tournament;Geek Masters Invitational;1;Qualifying;Gurney Halleck;64110;Dune - House Atreides;7;159;0;1300;78;1560;1300
25/26;2025-09-18;The Nexus Bowl;tournament;Geek Masters Invitational;1;Qualifying;Baron Harkonnen;72059;Dune - Harkonnen-Sardaukar;7;208;0;1671;16;1560;1671
25/26;2025-09-18;The Nexus Bowl;tournament;Geek Masters Invitational;1;Qualifying;Feyd-Rautha;56698;Dune - Harkonnen-Sardaukar;7;201;0;1699;8;1560;1699
25/26;2025-09-18;The Nexus Bowl;tournament;Geek Masters Invitational;1;Qualifying;Count Fenring;56078;Dune - Harkonnen-Sardaukar;7;188;0;1497;52;1560;1497
25/26;2025-09-18;The Nexus Bowl;tournament;Geek Masters Invitational;1;Qualifying;Glossu Rabban;74898;Dune - Harkonnen-Sardaukar;7;176;0;1331;73;1560;1331
25/26;2025-09-18;The Nexus Bowl;tournament;Geek Masters Invitational;1;Qualifying;Jean-Luc Picard;56338;Star Trek - Federation;7;217;0;1685;13;1560;1685
25/26;2025-09-18;The Nexus Bowl;tournament;Geek Masters Invitational;1;Qualifying;Spock;73526;Star Trek - Federation;7;184;0;1637;26;1560;1637
25/26;2025-09-18;The Nexus Bowl;tournament;Geek Masters Invitational;1;Qualifying;Benjamin Sisko;72541;Star Trek - Federation;7;173;0;1408;64;1560;1408
25/26;2025-09-18;The Nexus Bowl;tournament;Geek Masters Invitational;1;Qualifying;Kathryn Janeway;89565;Star Trek - Federation;7;193;0;1395;67;1560;1395
25/26;2025-09-18;The Nexus Bowl;tournament;Geek Masters Invitational;1;Qualifying;Worf;67335;Star Trek - Klingon-Romulan;7;222;0;1735;2;1560;1735
25/26;2025-09-18;The Nexus Bowl;tournament;Geek Masters Invitational;1;Qualifying;Gowron;52847;Star Trek - Klingon-Romulan;7;213;0;1711;5;1560;1711
25/26;2025-09-18;The Nexus Bowl;tournament;Geek Masters Invitational;1;Qualifying;Commander Sela;97823;Star Trek - Klingon-Romulan;7;186;0;1490;56;1560;1490
25/26;2025-09-18;The Nexus Bowl;tournament;Geek Masters Invitational;1;Qualifying;General Chang;80108;Star Trek - Klingon-Romulan;7;183;0;1434;59;1560;1434
25/26;2025-09-18;The Nexus Bowl;tournament;Geek Masters Invitational;1;Qualifying;Commander Shepard;85142;Mass Effect - Alliance Crew;7;210;0;1667;19;1560;1667
25/26;2025-09-18;The Nexus Bowl;tournament;Geek Masters Invitational;1;Qualifying;Garrus Vakarian;58180;Mass Effect - Alliance Crew;7;198;0;1570;37;1560;1570
25/26;2025-09-18;The Nexus Bowl;tournament;Geek Masters Invitational;1;Qualifying;Liara T'Soni;74807;Mass Effect - Alliance Crew;7;212;0;1623;29;1560;1623
25/26;2025-09-18;The Nexus Bowl;tournament;Geek Masters Invitational;1;Qualifying;Tali'Zorah;55164;Mass Effect - Alliance Crew;7;172;0;1236;79;1560;1236
25/26;2025-09-18;The Nexus Bowl;tournament;Geek Masters Invitational;1;Qualifying;Illusive Man;86178;Mass Effect - Cerberus-Reapers;7;203;0;1651;23;1560;1651
25/26;2025-09-18;The Nexus Bowl;tournament;Geek Masters Invitational;1;Qualifying;Harbinger;69213;Mass Effect - Cerberus-Reapers;7;212;0;1636;27;1560;1636
25/26;2025-09-18;The Nexus Bowl;tournament;Geek Masters Invitational;1;Qualifying;Kai Leng;91198;Mass Effect - Cerberus-Reapers;7;185;0;1508;50;1560;1508
25/26;2025-09-18;The Nexus Bowl;tournament;Geek Masters Invitational;1;Qualifying;Saren Arterius;90535;Mass Effect - Cerberus-Reapers;7;174;0;1493;55;1560;1493
25/26;2025-09-18;The Nexus Bowl;tournament;Geek Masters Invitational;1;Qualifying;Roboute Guilliman;73700;Warhammer 40K - Imperium;7;220;0;1688;12;1560;1688
25/26;2025-09-18;The Nexus Bowl;tournament;Geek Masters Invitational;1;Qualifying;Marneus Calgar;87837;Warhammer 40K - Imperium;7;204;0;1550;42;1560;1550
25/26;2025-09-18;The Nexus Bowl;tournament;Geek Masters Invitational;1;Qualifying;Saint Celestine;62601;Warhammer 40K - Imperium;7;190;0;1414;63;1560;1414
25/26;2025-09-18;The Nexus Bowl;tournament;Geek Masters Invitational;1;Qualifying;Inquisitor Eisenhorn;96174;Warhammer 40K - Imperium;7;186;0;1320;75;1560;1320
25/26;2025-09-18;The Nexus Bowl;tournament;Geek Masters Invitational;1;Qualifying;Abaddon the Despoiler;54558;Warhammer 40K - Chaos;7;184;0;1541;46;1560;1541
25/26;2025-09-18;The Nexus Bowl;tournament;Geek Masters Invitational;1;Qualifying;Magnus the Red;53003;Warhammer 40K - Chaos;7;216;0;1607;32;1560;1607
25/26;2025-09-18;The Nexus Bowl;tournament;Geek Masters Invitational;1;Qualifying;Ahriman;93336;Warhammer 40K - Chaos;7;181;0;1498;51;1560;1498
25/26;2025-09-18;The Nexus Bowl;tournament;Geek Masters Invitational;1;Qualifying;Kharn the Betrayer;64935;Warhammer 40K - Chaos;7;174;0;1185;80;1560;1185
25/26;2025-09-18;The Nexus Bowl;tournament;Geek Masters Invitational;1;Qualifying;Mickey Mouse;68965;Disney Characters - Disney Heroes;7;198;0;1577;36;1560;1577
25/26;2025-09-18;The Nexus Bowl;tournament;Geek Masters Invitational;1;Qualifying;Mulan;55229;Disney Characters - Disney Heroes;7;208;0;1665;21;1560;1665
25/26;2025-09-18;The Nexus Bowl;tournament;Geek Masters Invitational;1;Qualifying;Simba;65256;Disney Characters - Disney Heroes;7;192;0;1547;44;1560;1547
25/26;2025-09-18;The Nexus Bowl;tournament;Geek Masters Invitational;1;Qualifying;Moana;56619;Disney Characters - Disney Heroes;7;160;0;1368;70;1560;1368
25/26;2025-09-18;The Nexus Bowl;tournament;Geek Masters Invitational;1;Qualifying;Maleficent;74911;Disney Characters - Disney Villains;7;219;0;1609;31;1560;1609
25/26;2025-09-18;The Nexus Bowl;tournament;Geek Masters Invitational;1;Qualifying;Scar;68217;Disney Characters - Disney Villains;7;202;0;1635;28;1560;1635
25/26;2025-09-18;The Nexus Bowl;tournament;Geek Masters Invitational;1;Qualifying;Ursula;79714;Disney Characters - Disney Villains;7;187;0;1403;65;1560;1403
25/26;2025-09-18;The Nexus Bowl;tournament;Geek Masters Invitational;1;Qualifying;Jafar;91660;Disney Characters - Disney Villains;7;176;0;1395;66;1560;1395
25/26;2025-09-19;The Nexus Bowl;tournament;Geek Masters Invitational;2;Round 2;Gandalf;98265;Lord of the Rings - Free Peoples;0;223;0;223;6;207;2029
25/26;2025-09-19;The Nexus Bowl;tournament;Geek Masters Invitational;2;Round 2;Worf;67335;Star Trek - Klingon-Romulan;0;218;0;218;9;207;1953
25/26;2025-09-19;The Nexus Bowl;tournament;Geek Masters Invitational;2;Round 2;Darth Vader;68024;Star Wars - Sith Empire;0;203;0;203;23;207;1934
25/26;2025-09-19;The Nexus Bowl;tournament;Geek Masters Invitational;2;Round 2;Jon Snow;86781;Game of Thrones - Stark-Targaryen Alliance;0;210;0;210;13;207;1928
25/26;2025-09-19;The Nexus Bowl;tournament;Geek Masters Invitational;2;Round 2;Gowron;52847;Star Trek - Klingon-Romulan;0;200;0;200;26;207;1911
25/26;2025-09-19;The Nexus Bowl;tournament;Geek Masters Invitational;2;Round 2;Lord Voldemort;65247;Harry Potter - Death Eaters;0;224;0;224;5;207;1933
25/26;2025-09-19;The Nexus Bowl;tournament;Geek Masters Invitational;2;Round 2;Harry Potter;52082;Harry Potter - Order of the Phoenix;0;210;0;210;12;207;1916
25/26;2025-09-19;The Nexus Bowl;tournament;Geek Masters Invitational;2;Round 2;Feyd-Rautha;56698;Dune - Harkonnen-Sardaukar;0;202;0;202;24;207;1901
25/26;2025-09-19;The Nexus Bowl;tournament;Geek Masters Invitational;2;Round 2;Hermione Granger;51952;Harry Potter - Order of the Phoenix;0;194;0;194;31;207;1891
25/26;2025-09-19;The Nexus Bowl;tournament;Geek Masters Invitational;2;Round 2;Luke Skywalker;91905;Star Wars - Jedi Order;0;210;0;210;14;207;1905
25/26;2025-09-19;The Nexus Bowl;tournament;Geek Masters Invitational;2;Round 2;LeChuck;60463;LucasArts Games - Monkey Island & Legacy;0;208;0;208;18;207;1897
25/26;2025-09-19;The Nexus Bowl;tournament;Geek Masters Invitational;2;Round 2;Roboute Guilliman;73700;Warhammer 40K - Imperium;0;207;0;207;20;207;1895
25/26;2025-09-19;The Nexus Bowl;tournament;Geek Masters Invitational;2;Round 2;Jean-Luc Picard;56338;Star Trek - Federation;0;221;0;221;8;207;1906
25/26;2025-09-19;The Nexus Bowl;tournament;Geek Masters Invitational;2;Round 2;Mara Jade;88618;LucasArts Games - Jedi Knight Era;0;236;0;236;1;207;1920
25/26;2025-09-19;The Nexus Bowl;tournament;Geek Masters Invitational;2;Round 2;Cersei Lannister;95962;Game of Thrones - Lannister-Crown;0;222;0;222;7;207;1896
25/26;2025-09-19;The Nexus Bowl;tournament;Geek Masters Invitational;2;Round 2;Baron Harkonnen;72059;Dune - Harkonnen-Sardaukar;0;208;0;208;16;207;1879
25/26;2025-09-19;The Nexus Bowl;tournament;Geek Masters Invitational;2;Round 2;Guybrush Threepwood;99729;LucasArts Games - Monkey Island & Legacy;0;233;0;233;2;207;1902
25/26;2025-09-19;The Nexus Bowl;tournament;Geek Masters Invitational;2;Round 2;Kyle Katarn;79439;LucasArts Games - Jedi Knight Era;0;190;0;190;35;207;1859
25/26;2025-09-19;The Nexus Bowl;tournament;Geek Masters Invitational;2;Round 2;Commander Shepard;85142;Mass Effect - Alliance Crew;0;201;0;201;25;207;1868
25/26;2025-09-19;The Nexus Bowl;tournament;Geek Masters Invitational;2;Round 2;Emperor Palpatine;66049;Star Wars - Sith Empire;0;193;0;193;33;207;1858
25/26;2025-09-19;The Nexus Bowl;tournament;Geek Masters Invitational;2;Round 2;Mulan;55229;Disney Characters - Disney Heroes;0;200;0;200;27;207;1865
25/26;2025-09-19;The Nexus Bowl;tournament;Geek Masters Invitational;2;Round 2;Obi-Wan Kenobi;57296;Star Wars - Jedi Order;0;225;0;225;4;207;1879
25/26;2025-09-19;The Nexus Bowl;tournament;Geek Masters Invitational;2;Round 2;Illusive Man;86178;Mass Effect - Cerberus-Reapers;0;208;0;208;17;207;1859
25/26;2025-09-19;The Nexus Bowl;tournament;Geek Masters Invitational;2;Round 2;Sauron;85741;Lord of the Rings - Forces of Mordor;0;208;0;208;19;207;1859
25/26;2025-09-19;The Nexus Bowl;tournament;Geek Masters Invitational;2;Round 2;Paul Atreides;72298;Dune - House Atreides;0;215;0;215;10;207;1861
25/26;2025-09-19;The Nexus Bowl;tournament;Geek Masters Invitational;2;Round 2;Spock;73526;Star Trek - Federation;0;230;0;230;3;207;1867
25/26;2025-09-19;The Nexus Bowl;tournament;Geek Masters Invitational;2;Round 2;Harbinger;69213;Mass Effect - Cerberus-Reapers;0;214;0;214;11;207;1850
25/26;2025-09-19;The Nexus Bowl;tournament;Geek Masters Invitational;2;Round 2;Scar;68217;Disney Characters - Disney Villains;0;210;0;210;15;207;1845
25/26;2025-09-19;The Nexus Bowl;tournament;Geek Masters Invitational;2;Round 2;Liara T'Soni;74807;Mass Effect - Alliance Crew;0;190;0;190;36;207;1813
25/26;2025-09-19;The Nexus Bowl;tournament;Geek Masters Invitational;2;Round 2;Lady Jessica;68210;Dune - House Atreides;0;205;0;205;21;207;1820
25/26;2025-09-19;The Nexus Bowl;tournament;Geek Masters Invitational;2;Round 2;Maleficent;74911;Disney Characters - Disney Villains;0;189;0;189;37;207;1798
25/26;2025-09-19;The Nexus Bowl;tournament;Geek Masters Invitational;2;Round 2;Magnus the Red;53003;Warhammer 40K - Chaos;0;194;0;194;32;207;1801
25/26;2025-09-19;The Nexus Bowl;tournament;Geek Masters Invitational;2;Round 2;Bellatrix Lestrange;83118;Harry Potter - Death Eaters;0;196;0;196;28;207;1800
25/26;2025-09-19;The Nexus Bowl;tournament;Geek Masters Invitational;2;Round 2;Saruman;88698;Lord of the Rings - Forces of Mordor;0;196;0;196;30;207;1790
25/26;2025-09-19;The Nexus Bowl;tournament;Geek Masters Invitational;2;Round 2;Jaden Korr;68231;LucasArts Games - Jedi Knight Era;0;185;0;185;39;207;1773
25/26;2025-09-19;The Nexus Bowl;tournament;Geek Masters Invitational;2;Round 2;Mickey Mouse;68965;Disney Characters - Disney Heroes;0;204;0;204;22;207;1781
25/26;2025-09-19;The Nexus Bowl;tournament;Geek Masters Invitational;2;Round 2;Garrus Vakarian;58180;Mass Effect - Alliance Crew;0;196;0;196;29;207;1766
25/26;2025-09-19;The Nexus Bowl;tournament;Geek Masters Invitational;2;Round 2;Jaime Lannister;85713;Game of Thrones - Lannister-Crown;0;191;0;191;34;207;1756
25/26;2025-09-19;The Nexus Bowl;tournament;Geek Masters Invitational;2;Round 2;Duncan Idaho;60189;Dune - House Atreides;0;188;0;188;38;207;1750
25/26;2025-09-19;The Nexus Bowl;tournament;Geek Masters Invitational;2;Round 2;Tywin Lannister;77493;Game of Thrones - Lannister-Crown;0;184;0;184;40;207;1744
25/26;2025-09-19;The Nexus Bowl;tournament;Geek Masters Invitational;2;Round 2;Gandalf;98265;Lord of the Rings - Free Peoples;1;203;0;426;10;408;2232
25/26;2025-09-19;The Nexus Bowl;tournament;Geek Masters Invitational;2;Round 2;Worf;67335;Star Trek - Klingon-Romulan;1;211;0;429;7;408;2164
25/26;2025-09-19;The Nexus Bowl;tournament;Geek Masters Invitational;2;Round 2;Darth Vader;68024;Star Wars - Sith Empire;1;211;0;414;15;408;2145
25/26;2025-09-19;The Nexus Bowl;tournament;Geek Masters Invitational;2;Round 2;Jon Snow;86781;Game of Thrones - Stark-Targaryen Alliance;1;203;0;413;17;408;2131
25/26;2025-09-19;The Nexus Bowl;tournament;Geek Masters Invitational;2;Round 2;Gowron;52847;Star Trek - Klingon-Romulan;1;212;0;412;18;408;2123
25/26;2025-09-19;The Nexus Bowl;tournament;Geek Masters Invitational;2;Round 2;Lord Voldemort;65247;Harry Potter - Death Eaters;1;213;0;437;5;408;2146
25/26;2025-09-19;The Nexus Bowl;tournament;Geek Masters Invitational;2;Round 2;Harry Potter;52082;Harry Potter - Order of the Phoenix;1;214;0;424;11;408;2130
25/26;2025-09-19;The Nexus Bowl;tournament;Geek Masters Invitational;2;Round 2;Feyd-Rautha;56698;Dune - Harkonnen-Sardaukar;1;204;0;406;22;408;2105
25/26;2025-09-19;The Nexus Bowl;tournament;Geek Masters Invitational;2;Round 2;Hermione Granger;51952;Harry Potter - Order of the Phoenix;1;178;0;372;39;408;2069
25/26;2025-09-19;The Nexus Bowl;tournament;Geek Masters Invitational;2;Round 2;Luke Skywalker;91905;Star Wars - Jedi Order;1;176;0;386;34;408;2081
25/26;2025-09-19;The Nexus Bowl;tournament;Geek Masters Invitational;2;Round 2;LeChuck;60463;LucasArts Games - Monkey Island & Legacy;1;216;0;424;12;408;2113
25/26;2025-09-19;The Nexus Bowl;tournament;Geek Masters Invitational;2;Round 2;Roboute Guilliman;73700;Warhammer 40K - Imperium;1;238;0;445;3;408;2133
25/26;2025-09-19;The Nexus Bowl;tournament;Geek Masters Invitational;2;Round 2;Jean-Luc Picard;56338;Star Trek - Federation;1;223;0;444;4;408;2129
25/26;2025-09-19;The Nexus Bowl;tournament;Geek Masters Invitational;2;Round 2;Mara Jade;88618;LucasArts Games - Jedi Knight Era;1;214;0;450;2;408;2134
25/26;2025-09-19;The Nexus Bowl;tournament;Geek Masters Invitational;2;Round 2;Cersei Lannister;95962;Game of Thrones - Lannister-Crown;1;196;0;418;13;408;2092
25/26;2025-09-19;The Nexus Bowl;tournament;Geek Masters Invitational;2;Round 2;Baron Harkonnen;72059;Dune - Harkonnen-Sardaukar;1;200;0;408;20;408;2079
25/26;2025-09-19;The Nexus Bowl;tournament;Geek Masters Invitational;2;Round 2;Guybrush Threepwood;99729;LucasArts Games - Monkey Island & Legacy;1;233;0;466;1;408;2135
25/26;2025-09-19;The Nexus Bowl;tournament;Geek Masters Invitational;2;Round 2;Kyle Katarn;79439;LucasArts Games - Jedi Knight Era;1;198;0;388;33;408;2057
25/26;2025-09-19;The Nexus Bowl;tournament;Geek Masters Invitational;2;Round 2;Commander Shepard;85142;Mass Effect - Alliance Crew;1;201;0;402;24;408;2069
25/26;2025-09-19;The Nexus Bowl;tournament;Geek Masters Invitational;2;Round 2;Emperor Palpatine;66049;Star Wars - Sith Empire;1;202;0;395;28;408;2060
25/26;2025-09-19;The Nexus Bowl;tournament;Geek Masters Invitational;2;Round 2;Mulan;55229;Disney Characters - Disney Heroes;1;195;0;395;29;408;2060
25/26;2025-09-19;The Nexus Bowl;tournament;Geek Masters Invitational;2;Round 2;Obi-Wan Kenobi;57296;Star Wars - Jedi Order;1;182;0;407;21;408;2061
25/26;2025-09-19;The Nexus Bowl;tournament;Geek Masters Invitational;2;Round 2;Illusive Man;86178;Mass Effect - Cerberus-Reapers;1;220;0;428;9;408;2079
25/26;2025-09-19;The Nexus Bowl;tournament;Geek Masters Invitational;2;Round 2;Sauron;85741;Lord of the Rings - Forces of Mordor;1;203;0;411;19;408;2062
25/26;2025-09-19;The Nexus Bowl;tournament;Geek Masters Invitational;2;Round 2;Paul Atreides;72298;Dune - House Atreides;1;202;0;417;14;408;2063
25/26;2025-09-19;The Nexus Bowl;tournament;Geek Masters Invitational;2;Round 2;Spock;73526;Star Trek - Federation;1;172;0;402;25;408;2039
25/26;2025-09-19;The Nexus Bowl;tournament;Geek Masters Invitational;2;Round 2;Harbinger;69213;Mass Effect - Cerberus-Reapers;1;214;0;428;8;408;2064
25/26;2025-09-19;The Nexus Bowl;tournament;Geek Masters Invitational;2;Round 2;Scar;68217;Disney Characters - Disney Villains;1;194;0;404;23;408;2039
25/26;2025-09-19;The Nexus Bowl;tournament;Geek Masters Invitational;2;Round 2;Liara T'Soni;74807;Mass Effect - Alliance Crew;1;186;0;376;38;408;1999
25/26;2025-09-19;The Nexus Bowl;tournament;Geek Masters Invitational;2;Round 2;Lady Jessica;68210;Dune - House Atreides;1;209;0;414;16;408;2029
25/26;2025-09-19;The Nexus Bowl;tournament;Geek Masters Invitational;2;Round 2;Maleficent;74911;Disney Characters - Disney Villains;1;189;0;378;36;408;1987
25/26;2025-09-19;The Nexus Bowl;tournament;Geek Masters Invitational;2;Round 2;Magnus the Red;53003;Warhammer 40K - Chaos;1;183;0;377;37;408;1984
25/26;2025-09-19;The Nexus Bowl;tournament;Geek Masters Invitational;2;Round 2;Bellatrix Lestrange;83118;Harry Potter - Death Eaters;1;201;0;397;27;408;2001
25/26;2025-09-19;The Nexus Bowl;tournament;Geek Masters Invitational;2;Round 2;Saruman;88698;Lord of the Rings - Forces of Mordor;1;194;0;390;31;408;1984
25/26;2025-09-19;The Nexus Bowl;tournament;Geek Masters Invitational;2;Round 2;Jaden Korr;68231;LucasArts Games - Jedi Knight Era;1;195;0;380;35;408;1968
25/26;2025-09-19;The Nexus Bowl;tournament;Geek Masters Invitational;2;Round 2;Mickey Mouse;68965;Disney Characters - Disney Heroes;1;227;0;431;6;408;2008
25/26;2025-09-19;The Nexus Bowl;tournament;Geek Masters Invitational;2;Round 2;Garrus Vakarian;58180;Mass Effect - Alliance Crew;1;192;0;388;32;408;1958
25/26;2025-09-19;The Nexus Bowl;tournament;Geek Masters Invitational;2;Round 2;Jaime Lannister;85713;Game of Thrones - Lannister-Crown;1;200;0;391;30;408;1956
25/26;2025-09-19;The Nexus Bowl;tournament;Geek Masters Invitational;2;Round 2;Duncan Idaho;60189;Dune - House Atreides;1;211;0;399;26;408;1961
25/26;2025-09-19;The Nexus Bowl;tournament;Geek Masters Invitational;2;Round 2;Tywin Lannister;77493;Game of Thrones - Lannister-Crown;1;184;0;368;40;408;1928
25/26;2025-09-19;The Nexus Bowl;tournament;Geek Masters Invitational;2;Round 2;Gandalf;98265;Lord of the Rings - Free Peoples;2;211;0;637;8;613;2443
25/26;2025-09-19;The Nexus Bowl;tournament;Geek Masters Invitational;2;Round 2;Worf;67335;Star Trek - Klingon-Romulan;2;190;0;619;17;613;2354
25/26;2025-09-19;The Nexus Bowl;tournament;Geek Masters Invitational;2;Round 2;Darth Vader;68024;Star Wars - Sith Empire;2;216;0;630;9;613;2361
25/26;2025-09-19;The Nexus Bowl;tournament;Geek Masters Invitational;2;Round 2;Jon Snow;86781;Game of Thrones - Stark-Targaryen Alliance;2;206;0;619;16;613;2337
25/26;2025-09-19;The Nexus Bowl;tournament;Geek Masters Invitational;2;Round 2;Gowron;52847;Star Trek - Klingon-Romulan;2;210;0;622;14;613;2333
25/26;2025-09-19;The Nexus Bowl;tournament;Geek Masters Invitational;2;Round 2;Lord Voldemort;65247;Harry Potter - Death Eaters;2;226;0;663;4;613;2372
25/26;2025-09-19;The Nexus Bowl;tournament;Geek Masters Invitational;2;Round 2;Harry Potter;52082;Harry Potter - Order of the Phoenix;2;202;0;626;11;613;2332
25/26;2025-09-19;The Nexus Bowl;tournament;Geek Masters Invitational;2;Round 2;Feyd-Rautha;56698;Dune - Harkonnen-Sardaukar;2;183;0;589;29;613;2288
25/26;2025-09-19;The Nexus Bowl;tournament;Geek Masters Invitational;2;Round 2;Hermione Granger;51952;Harry Potter - Order of the Phoenix;2;196;0;568;37;613;2265
25/26;2025-09-19;The Nexus Bowl;tournament;Geek Masters Invitational;2;Round 2;Luke Skywalker;91905;Star Wars - Jedi Order;2;197;0;583;31;613;2278
25/26;2025-09-19;The Nexus Bowl;tournament;Geek Masters Invitational;2;Round 2;LeChuck;60463;LucasArts Games - Monkey Island & Legacy;2;199;0;623;13;613;2312
25/26;2025-09-19;The Nexus Bowl;tournament;Geek Masters Invitational;2;Round 2;Roboute Guilliman;73700;Warhammer 40K - Imperium;2;220;0;665;3;613;2353
25/26;2025-09-19;The Nexus Bowl;tournament;Geek Masters Invitational;2;Round 2;Jean-Luc Picard;56338;Star Trek - Federation;2;215;0;659;6;613;2344
25/26;2025-09-19;The Nexus Bowl;tournament;Geek Masters Invitational;2;Round 2;Mara Jade;88618;LucasArts Games - Jedi Knight Era;2;220;0;670;2;613;2354
25/26;2025-09-19;The Nexus Bowl;tournament;Geek Masters Invitational;2;Round 2;Cersei Lannister;95962;Game of Thrones - Lannister-Crown;2;199;0;617;18;613;2291
25/26;2025-09-19;The Nexus Bowl;tournament;Geek Masters Invitational;2;Round 2;Baron Harkonnen;72059;Dune - Harkonnen-Sardaukar;2;191;0;599;26;613;2270
25/26;2025-09-19;The Nexus Bowl;tournament;Geek Masters Invitational;2;Round 2;Guybrush Threepwood;99729;LucasArts Games - Monkey Island & Legacy;2;259;0;725;1;613;2394
25/26;2025-09-19;The Nexus Bowl;tournament;Geek Masters Invitational;2;Round 2;Kyle Katarn;79439;LucasArts Games - Jedi Knight Era;2;194;0;582;32;613;2251
25/26;2025-09-19;The Nexus Bowl;tournament;Geek Masters Invitational;2;Round 2;Commander Shepard;85142;Mass Effect - Alliance Crew;2;196;0;598;27;613;2265
25/26;2025-09-19;The Nexus Bowl;tournament;Geek Masters Invitational;2;Round 2;Emperor Palpatine;66049;Star Wars - Sith Empire;2;215;0;610;21;613;2275
25/26;2025-09-19;The Nexus Bowl;tournament;Geek Masters Invitational;2;Round 2;Mulan;55229;Disney Characters - Disney Heroes;2;197;0;592;28;613;2257
25/26;2025-09-19;The Nexus Bowl;tournament;Geek Masters Invitational;2;Round 2;Obi-Wan Kenobi;57296;Star Wars - Jedi Order;2;210;0;617;19;613;2271
25/26;2025-09-19;The Nexus Bowl;tournament;Geek Masters Invitational;2;Round 2;Illusive Man;86178;Mass Effect - Cerberus-Reapers;2;232;0;660;5;613;2311
25/26;2025-09-19;The Nexus Bowl;tournament;Geek Masters Invitational;2;Round 2;Sauron;85741;Lord of the Rings - Forces of Mordor;2;162;0;573;36;613;2224
25/26;2025-09-19;The Nexus Bowl;tournament;Geek Masters Invitational;2;Round 2;Paul Atreides;72298;Dune - House Atreides;2;209;0;626;12;613;2272
25/26;2025-09-19;The Nexus Bowl;tournament;Geek Masters Invitational;2;Round 2;Spock;73526;Star Trek - Federation;2;200;0;602;25;613;2239
25/26;2025-09-19;The Nexus Bowl;tournament;Geek Masters Invitational;2;Round 2;Harbinger;69213;Mass Effect - Cerberus-Reapers;2;211;0;639;7;613;2275
25/26;2025-09-19;The Nexus Bowl;tournament;Geek Masters Invitational;2;Round 2;Scar;68217;Disney Characters - Disney Villains;2;204;0;608;22;613;2243
25/26;2025-09-19;The Nexus Bowl;tournament;Geek Masters Invitational;2;Round 2;Liara T'Soni;74807;Mass Effect - Alliance Crew;2;205;0;581;34;613;2204
25/26;2025-09-19;The Nexus Bowl;tournament;Geek Masters Invitational;2;Round 2;Lady Jessica;68210;Dune - House Atreides;2;192;0;606;23;613;2221
25/26;2025-09-19;The Nexus Bowl;tournament;Geek Masters Invitational;2;Round 2;Maleficent;74911;Disney Characters - Disney Villains;2;244;0;622;15;613;2231
25/26;2025-09-19;The Nexus Bowl;tournament;Geek Masters Invitational;2;Round 2;Magnus the Red;53003;Warhammer 40K - Chaos;2;189;0;566;39;613;2173
25/26;2025-09-19;The Nexus Bowl;tournament;Geek Masters Invitational;2;Round 2;Bellatrix Lestrange;83118;Harry Potter - Death Eaters;2;216;0;613;20;613;2217
25/26;2025-09-19;The Nexus Bowl;tournament;Geek Masters Invitational;2;Round 2;Saruman;88698;Lord of the Rings - Forces of Mordor;2;192;0;582;33;613;2176
25/26;2025-09-19;The Nexus Bowl;tournament;Geek Masters Invitational;2;Round 2;Jaden Korr;68231;LucasArts Games - Jedi Knight Era;2;187;0;567;38;613;2155
25/26;2025-09-19;The Nexus Bowl;tournament;Geek Masters Invitational;2;Round 2;Mickey Mouse;68965;Disney Characters - Disney Heroes;2;199;0;630;10;613;2207
25/26;2025-09-19;The Nexus Bowl;tournament;Geek Masters Invitational;2;Round 2;Garrus Vakarian;58180;Mass Effect - Alliance Crew;2;189;0;577;35;613;2147
25/26;2025-09-19;The Nexus Bowl;tournament;Geek Masters Invitational;2;Round 2;Jaime Lannister;85713;Game of Thrones - Lannister-Crown;2;195;0;586;30;613;2151
25/26;2025-09-19;The Nexus Bowl;tournament;Geek Masters Invitational;2;Round 2;Duncan Idaho;60189;Dune - House Atreides;2;205;0;604;24;613;2166
25/26;2025-09-19;The Nexus Bowl;tournament;Geek Masters Invitational;2;Round 2;Tywin Lannister;77493;Game of Thrones - Lannister-Crown;2;194;0;562;40;613;2122
25/26;2025-09-19;The Nexus Bowl;tournament;Geek Masters Invitational;2;Round 2;Gandalf;98265;Lord of the Rings - Free Peoples;3;223;0;860;8;820;2666
25/26;2025-09-19;The Nexus Bowl;tournament;Geek Masters Invitational;2;Round 2;Worf;67335;Star Trek - Klingon-Romulan;3;210;0;829;17;820;2564
25/26;2025-09-19;The Nexus Bowl;tournament;Geek Masters Invitational;2;Round 2;Darth Vader;68024;Star Wars - Sith Empire;3;196;0;826;18;820;2557
25/26;2025-09-19;The Nexus Bowl;tournament;Geek Masters Invitational;2;Round 2;Jon Snow;86781;Game of Thrones - Stark-Targaryen Alliance;3;204;0;823;19;820;2541
25/26;2025-09-19;The Nexus Bowl;tournament;Geek Masters Invitational;2;Round 2;Gowron;52847;Star Trek - Klingon-Romulan;3;207;0;829;15;820;2540
25/26;2025-09-19;The Nexus Bowl;tournament;Geek Masters Invitational;2;Round 2;Lord Voldemort;65247;Harry Potter - Death Eaters;3;223;0;886;2;820;2595
25/26;2025-09-19;The Nexus Bowl;tournament;Geek Masters Invitational;2;Round 2;Harry Potter;52082;Harry Potter - Order of the Phoenix;3;214;0;840;11;820;2546
25/26;2025-09-19;The Nexus Bowl;tournament;Geek Masters Invitational;2;Round 2;Feyd-Rautha;56698;Dune - Harkonnen-Sardaukar;3;213;0;802;28;820;2501
25/26;2025-09-19;The Nexus Bowl;tournament;Geek Masters Invitational;2;Round 2;Hermione Granger;51952;Harry Potter - Order of the Phoenix;3;202;0;770;36;820;2467
25/26;2025-09-19;The Nexus Bowl;tournament;Geek Masters Invitational;2;Round 2;Luke Skywalker;91905;Star Wars - Jedi Order;3;198;0;781;32;820;2476
25/26;2025-09-19;The Nexus Bowl;tournament;Geek Masters Invitational;2;Round 2;LeChuck;60463;LucasArts Games - Monkey Island & Legacy;3;206;0;829;16;820;2518
25/26;2025-09-19;The Nexus Bowl;tournament;Geek Masters Invitational;2;Round 2;Roboute Guilliman;73700;Warhammer 40K - Imperium;3;206;0;871;5;820;2559
25/26;2025-09-19;The Nexus Bowl;tournament;Geek Masters Invitational;2;Round 2;Jean-Luc Picard;56338;Star Trek - Federation;3;226;0;885;3;820;2570
25/26;2025-09-19;The Nexus Bowl;tournament;Geek Masters Invitational;2;Round 2;Mara Jade;88618;LucasArts Games - Jedi Knight Era;3;208;0;878;4;820;2562
25/26;2025-09-19;The Nexus Bowl;tournament;Geek Masters Invitational;2;Round 2;Cersei Lannister;95962;Game of Thrones - Lannister-Crown;3;222;0;839;12;820;2513
25/26;2025-09-19;The Nexus Bowl;tournament;Geek Masters Invitational;2;Round 2;Baron Harkonnen;72059;Dune - Harkonnen-Sardaukar;3;200;0;799;29;820;2470
25/26;2025-09-19;The Nexus Bowl;tournament;Geek Masters Invitational;2;Round 2;Guybrush Threepwood;99729;LucasArts Games - Monkey Island & Legacy;3;235;0;960;1;820;2629
25/26;2025-09-19;The Nexus Bowl;tournament;Geek Masters Invitational;2;Round 2;Kyle Katarn;79439;LucasArts Games - Jedi Knight Era;3;201;0;783;31;820;2452
25/26;2025-09-19;The Nexus Bowl;tournament;Geek Masters Invitational;2;Round 2;Commander Shepard;85142;Mass Effect - Alliance Crew;3;206;0;804;27;820;2471
25/26;2025-09-19;The Nexus Bowl;tournament;Geek Masters Invitational;2;Round 2;Emperor Palpatine;66049;Star Wars - Sith Empire;3;219;0;829;14;820;2494
25/26;2025-09-19;The Nexus Bowl;tournament;Geek Masters Invitational;2;Round 2;Mulan;55229;Disney Characters - Disney Heroes;3;220;0;812;22;820;2477
25/26;2025-09-19;The Nexus Bowl;tournament;Geek Masters Invitational;2;Round 2;Obi-Wan Kenobi;57296;Star Wars - Jedi Order;3;214;0;831;13;820;2485
25/26;2025-09-19;The Nexus Bowl;tournament;Geek Masters Invitational;2;Round 2;Illusive Man;86178;Mass Effect - Cerberus-Reapers;3;202;0;862;7;820;2513
25/26;2025-09-19;The Nexus Bowl;tournament;Geek Masters Invitational;2;Round 2;Sauron;85741;Lord of the Rings - Forces of Mordor;3;204;0;777;34;820;2428
25/26;2025-09-19;The Nexus Bowl;tournament;Geek Masters Invitational;2;Round 2;Paul Atreides;72298;Dune - House Atreides;3;217;0;843;10;820;2489
25/26;2025-09-19;The Nexus Bowl;tournament;Geek Masters Invitational;2;Round 2;Spock;73526;Star Trek - Federation;3;204;0;806;26;820;2443
25/26;2025-09-19;The Nexus Bowl;tournament;Geek Masters Invitational;2;Round 2;Harbinger;69213;Mass Effect - Cerberus-Reapers;3;221;0;860;9;820;2496
25/26;2025-09-19;The Nexus Bowl;tournament;Geek Masters Invitational;2;Round 2;Scar;68217;Disney Characters - Disney Villains;3;198;0;806;25;820;2441
25/26;2025-09-19;The Nexus Bowl;tournament;Geek Masters Invitational;2;Round 2;Liara T'Soni;74807;Mass Effect - Alliance Crew;3;217;0;798;30;820;2421
25/26;2025-09-19;The Nexus Bowl;tournament;Geek Masters Invitational;2;Round 2;Lady Jessica;68210;Dune - House Atreides;3;203;0;809;23;820;2424
25/26;2025-09-19;The Nexus Bowl;tournament;Geek Masters Invitational;2;Round 2;Maleficent;74911;Disney Characters - Disney Villains;3;193;0;815;21;820;2424
25/26;2025-09-19;The Nexus Bowl;tournament;Geek Masters Invitational;2;Round 2;Magnus the Red;53003;Warhammer 40K - Chaos;3;199;0;765;37;820;2372
25/26;2025-09-19;The Nexus Bowl;tournament;Geek Masters Invitational;2;Round 2;Bellatrix Lestrange;83118;Harry Potter - Death Eaters;3;207;0;820;20;820;2424
25/26;2025-09-19;The Nexus Bowl;tournament;Geek Masters Invitational;2;Round 2;Saruman;88698;Lord of the Rings - Forces of Mordor;3;193;0;775;35;820;2369
25/26;2025-09-19;The Nexus Bowl;tournament;Geek Masters Invitational;2;Round 2;Jaden Korr;68231;LucasArts Games - Jedi Knight Era;3;180;0;747;40;820;2335
25/26;2025-09-19;The Nexus Bowl;tournament;Geek Masters Invitational;2;Round 2;Mickey Mouse;68965;Disney Characters - Disney Heroes;3;233;0;863;6;820;2440
25/26;2025-09-19;The Nexus Bowl;tournament;Geek Masters Invitational;2;Round 2;Garrus Vakarian;58180;Mass Effect - Alliance Crew;3;182;0;759;38;820;2329
25/26;2025-09-19;The Nexus Bowl;tournament;Geek Masters Invitational;2;Round 2;Jaime Lannister;85713;Game of Thrones - Lannister-Crown;3;192;0;778;33;820;2343
25/26;2025-09-19;The Nexus Bowl;tournament;Geek Masters Invitational;2;Round 2;Duncan Idaho;60189;Dune - House Atreides;3;203;0;807;24;820;2369
25/26;2025-09-19;The Nexus Bowl;tournament;Geek Masters Invitational;2;Round 2;Tywin Lannister;77493;Game of Thrones - Lannister-Crown;3;187;0;749;39;820;2309
25/26;2025-09-19;The Nexus Bowl;tournament;Geek Masters Invitational;2;Round 2;Gandalf;98265;Lord of the Rings - Free Peoples;4;222;0;1082;5;1022;2888
25/26;2025-09-19;The Nexus Bowl;tournament;Geek Masters Invitational;2;Round 2;Worf;67335;Star Trek - Klingon-Romulan;4;203;0;1032;16;1022;2767
25/26;2025-09-19;The Nexus Bowl;tournament;Geek Masters Invitational;2;Round 2;Darth Vader;68024;Star Wars - Sith Empire;4;218;0;1044;14;1022;2775
25/26;2025-09-19;The Nexus Bowl;tournament;Geek Masters Invitational;2;Round 2;Jon Snow;86781;Game of Thrones - Stark-Targaryen Alliance;4;203;0;1026;17;1022;2744
25/26;2025-09-19;The Nexus Bowl;tournament;Geek Masters Invitational;2;Round 2;Gowron;52847;Star Trek - Klingon-Romulan;4;216;0;1045;13;1022;2756
25/26;2025-09-19;The Nexus Bowl;tournament;Geek Masters Invitational;2;Round 2;Lord Voldemort;65247;Harry Potter - Death Eaters;4;220;0;1106;2;1022;2815
25/26;2025-09-19;The Nexus Bowl;tournament;Geek Masters Invitational;2;Round 2;Harry Potter;52082;Harry Potter - Order of the Phoenix;4;226;0;1066;8;1022;2772
25/26;2025-09-19;The Nexus Bowl;tournament;Geek Masters Invitational;2;Round 2;Feyd-Rautha;56698;Dune - Harkonnen-Sardaukar;4;201;0;1003;29;1022;2702
25/26;2025-09-19;The Nexus Bowl;tournament;Geek Masters Invitational;2;Round 2;Hermione Granger;51952;Harry Potter - Order of the Phoenix;4;219;0;989;33;1022;2686
25/26;2025-09-19;The Nexus Bowl;tournament;Geek Masters Invitational;2;Round 2;Luke Skywalker;91905;Star Wars - Jedi Order;4;224;0;1005;27;1022;2700
25/26;2025-09-19;The Nexus Bowl;tournament;Geek Masters Invitational;2;Round 2;LeChuck;60463;LucasArts Games - Monkey Island & Legacy;4;195;0;1024;19;1022;2713
25/26;2025-09-19;The Nexus Bowl;tournament;Geek Masters Invitational;2;Round 2;Roboute Guilliman;73700;Warhammer 40K - Imperium;4;207;0;1078;6;1022;2766
25/26;2025-09-19;The Nexus Bowl;tournament;Geek Masters Invitational;2;Round 2;Jean-Luc Picard;56338;Star Trek - Federation;4;210;0;1095;3;1022;2780
25/26;2025-09-19;The Nexus Bowl;tournament;Geek Masters Invitational;2;Round 2;Mara Jade;88618;LucasArts Games - Jedi Knight Era;4;216;0;1094;4;1022;2778
25/26;2025-09-19;The Nexus Bowl;tournament;Geek Masters Invitational;2;Round 2;Cersei Lannister;95962;Game of Thrones - Lannister-Crown;4;183;0;1022;20;1022;2696
25/26;2025-09-19;The Nexus Bowl;tournament;Geek Masters Invitational;2;Round 2;Baron Harkonnen;72059;Dune - Harkonnen-Sardaukar;4;198;0;997;31;1022;2668
25/26;2025-09-19;The Nexus Bowl;tournament;Geek Masters Invitational;2;Round 2;Guybrush Threepwood;99729;LucasArts Games - Monkey Island & Legacy;4;208;0;1168;1;1022;2837
25/26;2025-09-19;The Nexus Bowl;tournament;Geek Masters Invitational;2;Round 2;Kyle Katarn;79439;LucasArts Games - Jedi Knight Era;4;188;0;971;35;1022;2640
25/26;2025-09-19;The Nexus Bowl;tournament;Geek Masters Invitational;2;Round 2;Commander Shepard;85142;Mass Effect - Alliance Crew;4;201;0;1005;26;1022;2672
25/26;2025-09-19;The Nexus Bowl;tournament;Geek Masters Invitational;2;Round 2;Emperor Palpatine;66049;Star Wars - Sith Empire;4;212;0;1041;15;1022;2706
25/26;2025-09-19;The Nexus Bowl;tournament;Geek Masters Invitational;2;Round 2;Mulan;55229;Disney Characters - Disney Heroes;4;202;0;1014;23;1022;2679
25/26;2025-09-19;The Nexus Bowl;tournament;Geek Masters Invitational;2;Round 2;Obi-Wan Kenobi;57296;Star Wars - Jedi Order;4;216;0;1047;12;1022;2701
25/26;2025-09-19;The Nexus Bowl;tournament;Geek Masters Invitational;2;Round 2;Illusive Man;86178;Mass Effect - Cerberus-Reapers;4;202;0;1064;9;1022;2715
25/26;2025-09-19;The Nexus Bowl;tournament;Geek Masters Invitational;2;Round 2;Sauron;85741;Lord of the Rings - Forces of Mordor;4;201;0;978;34;1022;2629
25/26;2025-09-19;The Nexus Bowl;tournament;Geek Masters Invitational;2;Round 2;Paul Atreides;72298;Dune - House Atreides;4;208;0;1051;11;1022;2697
25/26;2025-09-19;The Nexus Bowl;tournament;Geek Masters Invitational;2;Round 2;Spock;73526;Star Trek - Federation;4;204;0;1010;24;1022;2647
25/26;2025-09-19;The Nexus Bowl;tournament;Geek Masters Invitational;2;Round 2;Harbinger;69213;Mass Effect - Cerberus-Reapers;4;199;0;1059;10;1022;2695
25/26;2025-09-19;The Nexus Bowl;tournament;Geek Masters Invitational;2;Round 2;Scar;68217;Disney Characters - Disney Villains;4;214;0;1020;22;1022;2655
25/26;2025-09-19;The Nexus Bowl;tournament;Geek Masters Invitational;2;Round 2;Liara T'Soni;74807;Mass Effect - Alliance Crew;4;194;0;992;32;1022;2615
25/26;2025-09-19;The Nexus Bowl;tournament;Geek Masters Invitational;2;Round 2;Lady Jessica;68210;Dune - House Atreides;4;195;0;1004;28;1022;2619
25/26;2025-09-19;The Nexus Bowl;tournament;Geek Masters Invitational;2;Round 2;Maleficent;74911;Disney Characters - Disney Villains;4;210;0;1025;18;1022;2634
25/26;2025-09-19;The Nexus Bowl;tournament;Geek Masters Invitational;2;Round 2;Magnus the Red;53003;Warhammer 40K - Chaos;4;195;0;960;37;1022;2567
25/26;2025-09-19;The Nexus Bowl;tournament;Geek Masters Invitational;2;Round 2;Bellatrix Lestrange;83118;Harry Potter - Death Eaters;4;200;0;1020;21;1022;2624
25/26;2025-09-19;The Nexus Bowl;tournament;Geek Masters Invitational;2;Round 2;Saruman;88698;Lord of the Rings - Forces of Mordor;4;196;0;971;36;1022;2565
25/26;2025-09-19;The Nexus Bowl;tournament;Geek Masters Invitational;2;Round 2;Jaden Korr;68231;LucasArts Games - Jedi Knight Era;4;188;0;935;40;1022;2523
25/26;2025-09-19;The Nexus Bowl;tournament;Geek Masters Invitational;2;Round 2;Mickey Mouse;68965;Disney Characters - Disney Heroes;4;206;0;1069;7;1022;2646
25/26;2025-09-19;The Nexus Bowl;tournament;Geek Masters Invitational;2;Round 2;Garrus Vakarian;58180;Mass Effect - Alliance Crew;4;178;0;937;39;1022;2507
25/26;2025-09-19;The Nexus Bowl;tournament;Geek Masters Invitational;2;Round 2;Jaime Lannister;85713;Game of Thrones - Lannister-Crown;4;221;0;999;30;1022;2564
25/26;2025-09-19;The Nexus Bowl;tournament;Geek Masters Invitational;2;Round 2;Duncan Idaho;60189;Dune - House Atreides;4;202;0;1009;25;1022;2571
25/26;2025-09-19;The Nexus Bowl;tournament;Geek Masters Invitational;2;Round 2;Tywin Lannister;77493;Game of Thrones - Lannister-Crown;4;190;0;939;38;1022;2499
25/26;2025-09-19;The Nexus Bowl;tournament;Geek Masters Invitational;2;Round 2;Gandalf;98265;Lord of the Rings - Free Peoples;5;214;0;1296;5;1231;3102
25/26;2025-09-19;The Nexus Bowl;tournament;Geek Masters Invitational;2;Round 2;Worf;67335;Star Trek - Klingon-Romulan;5;209;0;1241;16;1231;2976
25/26;2025-09-19;The Nexus Bowl;tournament;Geek Masters Invitational;2;Round 2;Darth Vader;68024;Star Wars - Sith Empire;5;199;0;1243;15;1231;2974
25/26;2025-09-19;The Nexus Bowl;tournament;Geek Masters Invitational;2;Round 2;Jon Snow;86781;Game of Thrones - Stark-Targaryen Alliance;5;203;0;1229;21;1231;2947
25/26;2025-09-19;The Nexus Bowl;tournament;Geek Masters Invitational;2;Round 2;Gowron;52847;Star Trek - Klingon-Romulan;5;194;0;1239;18;1231;2950
25/26;2025-09-19;The Nexus Bowl;tournament;Geek Masters Invitational;2;Round 2;Lord Voldemort;65247;Harry Potter - Death Eaters;5;234;0;1340;2;1231;3049
25/26;2025-09-19;The Nexus Bowl;tournament;Geek Masters Invitational;2;Round 2;Harry Potter;52082;Harry Potter - Order of the Phoenix;5;217;0;1283;8;1231;2989
25/26;2025-09-19;The Nexus Bowl;tournament;Geek Masters Invitational;2;Round 2;Feyd-Rautha;56698;Dune - Harkonnen-Sardaukar;5;204;0;1207;25;1231;2906
25/26;2025-09-19;The Nexus Bowl;tournament;Geek Masters Invitational;2;Round 2;Hermione Granger;51952;Harry Potter - Order of the Phoenix;5;202;0;1191;31;1231;2888
25/26;2025-09-19;The Nexus Bowl;tournament;Geek Masters Invitational;2;Round 2;Luke Skywalker;91905;Star Wars - Jedi Order;5;235;0;1240;17;1231;2935
25/26;2025-09-19;The Nexus Bowl;tournament;Geek Masters Invitational;2;Round 2;LeChuck;60463;LucasArts Games - Monkey Island & Legacy;5;210;0;1234;19;1231;2923
25/26;2025-09-19;The Nexus Bowl;tournament;Geek Masters Invitational;2;Round 2;Roboute Guilliman;73700;Warhammer 40K - Imperium;5;184;0;1262;11;1231;2950
25/26;2025-09-19;The Nexus Bowl;tournament;Geek Masters Invitational;2;Round 2;Jean-Luc Picard;56338;Star Trek - Federation;5;231;0;1326;3;1231;3011
25/26;2025-09-19;The Nexus Bowl;tournament;Geek Masters Invitational;2;Round 2;Mara Jade;88618;LucasArts Games - Jedi Knight Era;5;198;0;1292;6;1231;2976
25/26;2025-09-19;The Nexus Bowl;tournament;Geek Masters Invitational;2;Round 2;Cersei Lannister;95962;Game of Thrones - Lannister-Crown;5;209;0;1231;20;1231;2905
25/26;2025-09-19;The Nexus Bowl;tournament;Geek Masters Invitational;2;Round 2;Baron Harkonnen;72059;Dune - Harkonnen-Sardaukar;5;184;0;1181;33;1231;2852
25/26;2025-09-19;The Nexus Bowl;tournament;Geek Masters Invitational;2;Round 2;Guybrush Threepwood;99729;LucasArts Games - Monkey Island & Legacy;5;222;0;1390;1;1231;3059
25/26;2025-09-19;The Nexus Bowl;tournament;Geek Masters Invitational;2;Round 2;Kyle Katarn;79439;LucasArts Games - Jedi Knight Era;5;193;0;1164;35;1231;2833
25/26;2025-09-19;The Nexus Bowl;tournament;Geek Masters Invitational;2;Round 2;Commander Shepard;85142;Mass Effect - Alliance Crew;5;200;0;1205;26;1231;2872
25/26;2025-09-19;The Nexus Bowl;tournament;Geek Masters Invitational;2;Round 2;Emperor Palpatine;66049;Star Wars - Sith Empire;5;209;0;1250;13;1231;2915
25/26;2025-09-19;The Nexus Bowl;tournament;Geek Masters Invitational;2;Round 2;Mulan;55229;Disney Characters - Disney Heroes;5;184;0;1198;29;1231;2863
25/26;2025-09-19;The Nexus Bowl;tournament;Geek Masters Invitational;2;Round 2;Obi-Wan Kenobi;57296;Star Wars - Jedi Order;5;202;0;1249;14;1231;2903
25/26;2025-09-19;The Nexus Bowl;tournament;Geek Masters Invitational;2;Round 2;Illusive Man;86178;Mass Effect - Cerberus-Reapers;5;233;0;1297;4;1231;2948
25/26;2025-09-19;The Nexus Bowl;tournament;Geek Masters Invitational;2;Round 2;Sauron;85741;Lord of the Rings - Forces of Mordor;5;200;0;1178;34;1231;2829
25/26;2025-09-19;The Nexus Bowl;tournament;Geek Masters Invitational;2;Round 2;Paul Atreides;72298;Dune - House Atreides;5;223;0;1274;9;1231;2920
25/26;2025-09-19;The Nexus Bowl;tournament;Geek Masters Invitational;2;Round 2;Spock;73526;Star Trek - Federation;5;243;0;1253;12;1231;2890
25/26;2025-09-19;The Nexus Bowl;tournament;Geek Masters Invitational;2;Round 2;Harbinger;69213;Mass Effect - Cerberus-Reapers;5;213;0;1272;10;1231;2908
25/26;2025-09-19;The Nexus Bowl;tournament;Geek Masters Invitational;2;Round 2;Scar;68217;Disney Characters - Disney Villains;5;183;0;1203;28;1231;2838
25/26;2025-09-19;The Nexus Bowl;tournament;Geek Masters Invitational;2;Round 2;Liara T'Soni;74807;Mass Effect - Alliance Crew;5;203;0;1195;30;1231;2818
25/26;2025-09-19;The Nexus Bowl;tournament;Geek Masters Invitational;2;Round 2;Lady Jessica;68210;Dune - House Atreides;5;201;0;1205;27;1231;2820
25/26;2025-09-19;The Nexus Bowl;tournament;Geek Masters Invitational;2;Round 2;Maleficent;74911;Disney Characters - Disney Villains;5;203;0;1228;22;1231;2837
25/26;2025-09-19;The Nexus Bowl;tournament;Geek Masters Invitational;2;Round 2;Magnus the Red;53003;Warhammer 40K - Chaos;5;191;0;1151;37;1231;2758
25/26;2025-09-19;The Nexus Bowl;tournament;Geek Masters Invitational;2;Round 2;Bellatrix Lestrange;83118;Harry Potter - Death Eaters;5;199;0;1219;23;1231;2823
25/26;2025-09-19;The Nexus Bowl;tournament;Geek Masters Invitational;2;Round 2;Saruman;88698;Lord of the Rings - Forces of Mordor;5;181;0;1152;36;1231;2746
25/26;2025-09-19;The Nexus Bowl;tournament;Geek Masters Invitational;2;Round 2;Jaden Korr;68231;LucasArts Games - Jedi Knight Era;5;193;0;1128;39;1231;2716
25/26;2025-09-19;The Nexus Bowl;tournament;Geek Masters Invitational;2;Round 2;Mickey Mouse;68965;Disney Characters - Disney Heroes;5;221;0;1290;7;1231;2867
25/26;2025-09-19;The Nexus Bowl;tournament;Geek Masters Invitational;2;Round 2;Garrus Vakarian;58180;Mass Effect - Alliance Crew;5;183;0;1120;40;1231;2690
25/26;2025-09-19;The Nexus Bowl;tournament;Geek Masters Invitational;2;Round 2;Jaime Lannister;85713;Game of Thrones - Lannister-Crown;5;185;0;1184;32;1231;2749
25/26;2025-09-19;The Nexus Bowl;tournament;Geek Masters Invitational;2;Round 2;Duncan Idaho;60189;Dune - House Atreides;5;203;0;1212;24;1231;2774
25/26;2025-09-19;The Nexus Bowl;tournament;Geek Masters Invitational;2;Round 2;Tywin Lannister;77493;Game of Thrones - Lannister-Crown;5;193;0;1132;38;1231;2692
25/26;2025-09-20;The Nexus Bowl;tournament;Geek Masters Invitational;3;Final;Gandalf;98265;Lord of the Rings - Free Peoples;0;203;0;203;15;;3305
25/26;2025-09-20;The Nexus Bowl;tournament;Geek Masters Invitational;3;Final;Guybrush Threepwood;99729;LucasArts Games - Monkey Island & Legacy;0;209;0;209;11;;3268
25/26;2025-09-20;The Nexus Bowl;tournament;Geek Masters Invitational;3;Final;Lord Voldemort;65247;Harry Potter - Death Eaters;0;195;0;195;19;;3244
25/26;2025-09-20;The Nexus Bowl;tournament;Geek Masters Invitational;3;Final;Jean-Luc Picard;56338;Star Trek - Federation;0;214;0;214;8;;3225
25/26;2025-09-20;The Nexus Bowl;tournament;Geek Masters Invitational;3;Final;Harry Potter;52082;Harry Potter - Order of the Phoenix;0;240;0;240;1;;3229
25/26;2025-09-20;The Nexus Bowl;tournament;Geek Masters Invitational;3;Final;Mara Jade;88618;LucasArts Games - Jedi Knight Era;0;223;0;223;4;;3199
25/26;2025-09-20;The Nexus Bowl;tournament;Geek Masters Invitational;3;Final;Worf;67335;Star Trek - Klingon-Romulan;0;213;0;213;9;;3189
25/26;2025-09-20;The Nexus Bowl;tournament;Geek Masters Invitational;3;Final;Darth Vader;68024;Star Wars - Sith Empire;0;206;0;206;13;;3180
25/26;2025-09-20;The Nexus Bowl;tournament;Geek Masters Invitational;3;Final;Gowron;52847;Star Trek - Klingon-Romulan;0;200;0;200;17;;3150
25/26;2025-09-20;The Nexus Bowl;tournament;Geek Masters Invitational;3;Final;Roboute Guilliman;73700;Warhammer 40K - Imperium;0;210;0;210;10;;3160
25/26;2025-09-20;The Nexus Bowl;tournament;Geek Masters Invitational;3;Final;Illusive Man;86178;Mass Effect - Cerberus-Reapers;0;226;0;226;3;;3174
25/26;2025-09-20;The Nexus Bowl;tournament;Geek Masters Invitational;3;Final;Jon Snow;86781;Game of Thrones - Stark-Targaryen Alliance;0;201;0;201;16;;3148
25/26;2025-09-20;The Nexus Bowl;tournament;Geek Masters Invitational;3;Final;Luke Skywalker;91905;Star Wars - Jedi Order;0;234;0;234;2;;3169
25/26;2025-09-20;The Nexus Bowl;tournament;Geek Masters Invitational;3;Final;LeChuck;60463;LucasArts Games - Monkey Island & Legacy;0;216;0;216;5;;3139
25/26;2025-09-20;The Nexus Bowl;tournament;Geek Masters Invitational;3;Final;Paul Atreides;72298;Dune - House Atreides;0;196;0;196;18;;3116
25/26;2025-09-20;The Nexus Bowl;tournament;Geek Masters Invitational;3;Final;Emperor Palpatine;66049;Star Wars - Sith Empire;0;215;0;215;7;;3130
25/26;2025-09-20;The Nexus Bowl;tournament;Geek Masters Invitational;3;Final;Harbinger;69213;Mass Effect - Cerberus-Reapers;0;205;0;205;14;;3113
25/26;2025-09-20;The Nexus Bowl;tournament;Geek Masters Invitational;3;Final;Feyd-Rautha;56698;Dune - Harkonnen-Sardaukar;0;191;0;191;20;;3097
25/26;2025-09-20;The Nexus Bowl;tournament;Geek Masters Invitational;3;Final;Cersei Lannister;95962;Game of Thrones - Lannister-Crown;0;215;0;215;6;;3120
25/26;2025-09-20;The Nexus Bowl;tournament;Geek Masters Invitational;3;Final;Obi-Wan Kenobi;57296;Star Wars - Jedi Order;0;207;0;207;12;;3110
25/26;2025-09-20;The Nexus Bowl;tournament;Geek Masters Invitational;3;Final;Gandalf;98265;Lord of the Rings - Free Peoples;1;200;0;403;15;;3505
25/26;2025-09-20;The Nexus Bowl;tournament;Geek Masters Invitational;3;Final;Guybrush Threepwood;99729;LucasArts Games - Monkey Island & Legacy;1;219;0;428;9;;3487
25/26;2025-09-20;The Nexus Bowl;tournament;Geek Masters Invitational;3;Final;Lord Voldemort;65247;Harry Potter - Death Eaters;1;198;0;393;20;;3442
25/26;2025-09-20;The Nexus Bowl;tournament;Geek Masters Invitational;3;Final;Jean-Luc Picard;56338;Star Trek - Federation;1;215;0;429;8;;3440
25/26;2025-09-20;The Nexus Bowl;tournament;Geek Masters Invitational;3;Final;Harry Potter;52082;Harry Potter - Order of the Phoenix;1;248;0;488;1;;3477
25/26;2025-09-20;The Nexus Bowl;tournament;Geek Masters Invitational;3;Final;Mara Jade;88618;LucasArts Games - Jedi Knight Era;1;202;0;425;12;;3401
25/26;2025-09-20;The Nexus Bowl;tournament;Geek Masters Invitational;3;Final;Worf;67335;Star Trek - Klingon-Romulan;1;219;0;432;6;;3408
25/26;2025-09-20;The Nexus Bowl;tournament;Geek Masters Invitational;3;Final;Darth Vader;68024;Star Wars - Sith Empire;1;211;0;417;13;;3391
25/26;2025-09-20;The Nexus Bowl;tournament;Geek Masters Invitational;3;Final;Gowron;52847;Star Trek - Klingon-Romulan;1;203;0;403;16;;3353
25/26;2025-09-20;The Nexus Bowl;tournament;Geek Masters Invitational;3;Final;Roboute Guilliman;73700;Warhammer 40K - Imperium;1;204;0;414;14;;3364
25/26;2025-09-20;The Nexus Bowl;tournament;Geek Masters Invitational;3;Final;Illusive Man;86178;Mass Effect - Cerberus-Reapers;1;238;0;464;2;;3412
25/26;2025-09-20;The Nexus Bowl;tournament;Geek Masters Invitational;3;Final;Jon Snow;86781;Game of Thrones - Stark-Targaryen Alliance;1;225;0;426;11;;3373
25/26;2025-09-20;The Nexus Bowl;tournament;Geek Masters Invitational;3;Final;Luke Skywalker;91905;Star Wars - Jedi Order;1;218;0;452;3;;3387
25/26;2025-09-20;The Nexus Bowl;tournament;Geek Masters Invitational;3;Final;LeChuck;60463;LucasArts Games - Monkey Island & Legacy;1;214;0;430;7;;3353
25/26;2025-09-20;The Nexus Bowl;tournament;Geek Masters Invitational;3;Final;Paul Atreides;72298;Dune - House Atreides;1;205;0;401;17;;3321
25/26;2025-09-20;The Nexus Bowl;tournament;Geek Masters Invitational;3;Final;Emperor Palpatine;66049;Star Wars - Sith Empire;1;225;0;440;4;;3355
25/26;2025-09-20;The Nexus Bowl;tournament;Geek Masters Invitational;3;Final;Harbinger;69213;Mass Effect - Cerberus-Reapers;1;221;0;426;10;;3334
25/26;2025-09-20;The Nexus Bowl;tournament;Geek Masters Invitational;3;Final;Feyd-Rautha;56698;Dune - Harkonnen-Sardaukar;1;204;0;395;18;;3301
25/26;2025-09-20;The Nexus Bowl;tournament;Geek Masters Invitational;3;Final;Cersei Lannister;95962;Game of Thrones - Lannister-Crown;1;223;0;438;5;;3343
25/26;2025-09-20;The Nexus Bowl;tournament;Geek Masters Invitational;3;Final;Obi-Wan Kenobi;57296;Star Wars - Jedi Order;1;187;0;394;19;;3297
25/26;2025-09-20;The Nexus Bowl;tournament;Geek Masters Invitational;3;Final;Gandalf;98265;Lord of the Rings - Free Peoples;2;204;0;607;16;;3709
25/26;2025-09-20;The Nexus Bowl;tournament;Geek Masters Invitational;3;Final;Guybrush Threepwood;99729;LucasArts Games - Monkey Island & Legacy;2;215;0;643;9;;3702
25/26;2025-09-20;The Nexus Bowl;tournament;Geek Masters Invitational;3;Final;Lord Voldemort;65247;Harry Potter - Death Eaters;2;214;0;607;17;;3656
25/26;2025-09-20;The Nexus Bowl;tournament;Geek Masters Invitational;3;Final;Jean-Luc Picard;56338;Star Trek - Federation;2;213;0;642;11;;3653
25/26;2025-09-20;The Nexus Bowl;tournament;Geek Masters Invitational;3;Final;Harry Potter;52082;Harry Potter - Order of the Phoenix;2;212;0;700;1;;3689
25/26;2025-09-20;The Nexus Bowl;tournament;Geek Masters Invitational;3;Final;Mara Jade;88618;LucasArts Games - Jedi Knight Era;2;218;0;643;10;;3619
25/26;2025-09-20;The Nexus Bowl;tournament;Geek Masters Invitational;3;Final;Worf;67335;Star Trek - Klingon-Romulan;2;206;0;638;13;;3614
25/26;2025-09-20;The Nexus Bowl;tournament;Geek Masters Invitational;3;Final;Darth Vader;68024;Star Wars - Sith Empire;2;217;0;634;14;;3608
25/26;2025-09-20;The Nexus Bowl;tournament;Geek Masters Invitational;3;Final;Gowron;52847;Star Trek - Klingon-Romulan;2;200;0;603;19;;3553
25/26;2025-09-20;The Nexus Bowl;tournament;Geek Masters Invitational;3;Final;Roboute Guilliman;73700;Warhammer 40K - Imperium;2;231;0;645;8;;3595
25/26;2025-09-20;The Nexus Bowl;tournament;Geek Masters Invitational;3;Final;Illusive Man;86178;Mass Effect - Cerberus-Reapers;2;233;0;697;2;;3645
25/26;2025-09-20;The Nexus Bowl;tournament;Geek Masters Invitational;3;Final;Jon Snow;86781;Game of Thrones - Stark-Targaryen Alliance;2;222;0;648;6;;3595
25/26;2025-09-20;The Nexus Bowl;tournament;Geek Masters Invitational;3;Final;Luke Skywalker;91905;Star Wars - Jedi Order;2;212;0;664;3;;3599
25/26;2025-09-20;The Nexus Bowl;tournament;Geek Masters Invitational;3;Final;LeChuck;60463;LucasArts Games - Monkey Island & Legacy;2;217;0;647;7;;3570
25/26;2025-09-20;The Nexus Bowl;tournament;Geek Masters Invitational;3;Final;Paul Atreides;72298;Dune - House Atreides;2;204;0;605;18;;3525
25/26;2025-09-20;The Nexus Bowl;tournament;Geek Masters Invitational;3;Final;Emperor Palpatine;66049;Star Wars - Sith Empire;2;211;0;651;5;;3566
25/26;2025-09-20;The Nexus Bowl;tournament;Geek Masters Invitational;3;Final;Harbinger;69213;Mass Effect - Cerberus-Reapers;2;213;0;639;12;;3547
25/26;2025-09-20;The Nexus Bowl;tournament;Geek Masters Invitational;3;Final;Feyd-Rautha;56698;Dune - Harkonnen-Sardaukar;2;219;0;614;15;;3520
25/26;2025-09-20;The Nexus Bowl;tournament;Geek Masters Invitational;3;Final;Cersei Lannister;95962;Game of Thrones - Lannister-Crown;2;215;0;653;4;;3558
25/26;2025-09-20;The Nexus Bowl;tournament;Geek Masters Invitational;3;Final;Obi-Wan Kenobi;57296;Star Wars - Jedi Order;2;189;0;583;20;;3486
25/26;2025-09-20;The Nexus Bowl;tournament;Geek Masters Invitational;3;Final;Gandalf;98265;Lord of the Rings - Free Peoples;3;209;0;816;17;;3918
25/26;2025-09-20;The Nexus Bowl;tournament;Geek Masters Invitational;3;Final;Guybrush Threepwood;99729;LucasArts Games - Monkey Island & Legacy;3;190;0;833;13;;3892
25/26;2025-09-20;The Nexus Bowl;tournament;Geek Masters Invitational;3;Final;Lord Voldemort;65247;Harry Potter - Death Eaters;3;202;0;809;19;;3858
25/26;2025-09-20;The Nexus Bowl;tournament;Geek Masters Invitational;3;Final;Jean-Luc Picard;56338;Star Trek - Federation;3;230;0;872;5;;3883
25/26;2025-09-20;The Nexus Bowl;tournament;Geek Masters Invitational;3;Final;Harry Potter;52082;Harry Potter - Order of the Phoenix;3;213;0;913;1;;3902
25/26;2025-09-20;The Nexus Bowl;tournament;Geek Masters Invitational;3;Final;Mara Jade;88618;LucasArts Games - Jedi Knight Era;3;218;0;861;10;;3837
25/26;2025-09-20;The Nexus Bowl;tournament;Geek Masters Invitational;3;Final;Worf;67335;Star Trek - Klingon-Romulan;3;218;0;856;11;;3832
25/26;2025-09-20;The Nexus Bowl;tournament;Geek Masters Invitational;3;Final;Darth Vader;68024;Star Wars - Sith Empire;3;213;0;847;12;;3821
25/26;2025-09-20;The Nexus Bowl;tournament;Geek Masters Invitational;3;Final;Gowron;52847;Star Trek - Klingon-Romulan;3;219;0;822;15;;3772
25/26;2025-09-20;The Nexus Bowl;tournament;Geek Masters Invitational;3;Final;Roboute Guilliman;73700;Warhammer 40K - Imperium;3;217;0;862;9;;3812
25/26;2025-09-20;The Nexus Bowl;tournament;Geek Masters Invitational;3;Final;Illusive Man;86178;Mass Effect - Cerberus-Reapers;3;196;0;893;3;;3841
25/26;2025-09-20;The Nexus Bowl;tournament;Geek Masters Invitational;3;Final;Jon Snow;86781;Game of Thrones - Stark-Targaryen Alliance;3;215;0;863;8;;3810
25/26;2025-09-20;The Nexus Bowl;tournament;Geek Masters Invitational;3;Final;Luke Skywalker;91905;Star Wars - Jedi Order;3;237;0;901;2;;3836
25/26;2025-09-20;The Nexus Bowl;tournament;Geek Masters Invitational;3;Final;LeChuck;60463;LucasArts Games - Monkey Island & Legacy;3;217;0;864;7;;3787
25/26;2025-09-20;The Nexus Bowl;tournament;Geek Masters Invitational;3;Final;Paul Atreides;72298;Dune - House Atreides;3;206;0;811;18;;3731
25/26;2025-09-20;The Nexus Bowl;tournament;Geek Masters Invitational;3;Final;Emperor Palpatine;66049;Star Wars - Sith Empire;3;215;0;866;6;;3781
25/26;2025-09-20;The Nexus Bowl;tournament;Geek Masters Invitational;3;Final;Harbinger;69213;Mass Effect - Cerberus-Reapers;3;187;0;826;14;;3734
25/26;2025-09-20;The Nexus Bowl;tournament;Geek Masters Invitational;3;Final;Feyd-Rautha;56698;Dune - Harkonnen-Sardaukar;3;206;0;820;16;;3726
25/26;2025-09-20;The Nexus Bowl;tournament;Geek Masters Invitational;3;Final;Cersei Lannister;95962;Game of Thrones - Lannister-Crown;3;234;0;887;4;;3792
25/26;2025-09-20;The Nexus Bowl;tournament;Geek Masters Invitational;3;Final;Obi-Wan Kenobi;57296;Star Wars - Jedi Order;3;219;0;802;20;;3705
25/26;2025-09-20;The Nexus Bowl;tournament;Geek Masters Invitational;3;Final;Gandalf;98265;Lord of the Rings - Free Peoples;4;215;0;1031;18;;4133
25/26;2025-09-20;The Nexus Bowl;tournament;Geek Masters Invitational;3;Final;Guybrush Threepwood;99729;LucasArts Games - Monkey Island & Legacy;4;208;0;1041;14;;4100
25/26;2025-09-20;The Nexus Bowl;tournament;Geek Masters Invitational;3;Final;Lord Voldemort;65247;Harry Potter - Death Eaters;4;228;0;1037;16;;4086
25/26;2025-09-20;The Nexus Bowl;tournament;Geek Masters Invitational;3;Final;Jean-Luc Picard;56338;Star Trek - Federation;4;217;0;1089;7;;4100
25/26;2025-09-20;The Nexus Bowl;tournament;Geek Masters Invitational;3;Final;Harry Potter;52082;Harry Potter - Order of the Phoenix;4;224;0;1137;1;;4126
25/26;2025-09-20;The Nexus Bowl;tournament;Geek Masters Invitational;3;Final;Mara Jade;88618;LucasArts Games - Jedi Knight Era;4;201;0;1062;11;;4038
25/26;2025-09-20;The Nexus Bowl;tournament;Geek Masters Invitational;3;Final;Worf;67335;Star Trek - Klingon-Romulan;4;216;0;1072;9;;4048
25/26;2025-09-20;The Nexus Bowl;tournament;Geek Masters Invitational;3;Final;Darth Vader;68024;Star Wars - Sith Empire;4;213;0;1060;12;;4034
25/26;2025-09-20;The Nexus Bowl;tournament;Geek Masters Invitational;3;Final;Gowron;52847;Star Trek - Klingon-Romulan;4;208;0;1030;19;;3980
25/26;2025-09-20;The Nexus Bowl;tournament;Geek Masters Invitational;3;Final;Roboute Guilliman;73700;Warhammer 40K - Imperium;4;237;0;1099;5;;4049
25/26;2025-09-20;The Nexus Bowl;tournament;Geek Masters Invitational;3;Final;Illusive Man;86178;Mass Effect - Cerberus-Reapers;4;215;0;1108;3;;4056
25/26;2025-09-20;The Nexus Bowl;tournament;Geek Masters Invitational;3;Final;Jon Snow;86781;Game of Thrones - Stark-Targaryen Alliance;4;203;0;1066;10;;4013
25/26;2025-09-20;The Nexus Bowl;tournament;Geek Masters Invitational;3;Final;Luke Skywalker;91905;Star Wars - Jedi Order;4;219;0;1120;2;;4055
25/26;2025-09-20;The Nexus Bowl;tournament;Geek Masters Invitational;3;Final;LeChuck;60463;LucasArts Games - Monkey Island & Legacy;4;226;0;1090;6;;4013
25/26;2025-09-20;The Nexus Bowl;tournament;Geek Masters Invitational;3;Final;Paul Atreides;72298;Dune - House Atreides;4;205;0;1016;20;;3936
25/26;2025-09-20;The Nexus Bowl;tournament;Geek Masters Invitational;3;Final;Emperor Palpatine;66049;Star Wars - Sith Empire;4;206;0;1072;8;;3987
25/26;2025-09-20;The Nexus Bowl;tournament;Geek Masters Invitational;3;Final;Harbinger;69213;Mass Effect - Cerberus-Reapers;4;220;0;1046;13;;3954
25/26;2025-09-20;The Nexus Bowl;tournament;Geek Masters Invitational;3;Final;Feyd-Rautha;56698;Dune - Harkonnen-Sardaukar;4;220;0;1040;15;;3946
25/26;2025-09-20;The Nexus Bowl;tournament;Geek Masters Invitational;3;Final;Cersei Lannister;95962;Game of Thrones - Lannister-Crown;4;213;0;1100;4;;4005
25/26;2025-09-20;The Nexus Bowl;tournament;Geek Masters Invitational;3;Final;Obi-Wan Kenobi;57296;Star Wars - Jedi Order;4;230;0;1032;17;;3935
25/26;2025-09-20;The Nexus Bowl;tournament;Geek Masters Invitational;3;Final;Gandalf;98265;Lord of the Rings - Free Peoples;5;240;0;1271;14;;4373
25/26;2025-09-20;The Nexus Bowl;tournament;Geek Masters Invitational;3;Final;Guybrush Threepwood;99729;LucasArts Games - Monkey Island & Legacy;5;238;0;1279;12;;4338
25/26;2025-09-20;The Nexus Bowl;tournament;Geek Masters Invitational;3;Final;Lord Voldemort;65247;Harry Potter - Death Eaters;5;207;0;1244;18;;4293
25/26;2025-09-20;The Nexus Bowl;tournament;Geek Masters Invitational;3;Final;Jean-Luc Picard;56338;Star Trek - Federation;5;217;0;1306;6;;4317
25/26;2025-09-20;The Nexus Bowl;tournament;Geek Masters Invitational;3;Final;Harry Potter;52082;Harry Potter - Order of the Phoenix;5;227;0;1364;1;;4353
25/26;2025-09-20;The Nexus Bowl;tournament;Geek Masters Invitational;3;Final;Mara Jade;88618;LucasArts Games - Jedi Knight Era;5;223;0;1285;10;;4261
25/26;2025-09-20;The Nexus Bowl;tournament;Geek Masters Invitational;3;Final;Worf;67335;Star Trek - Klingon-Romulan;5;225;0;1297;8;;4273
25/26;2025-09-20;The Nexus Bowl;tournament;Geek Masters Invitational;3;Final;Darth Vader;68024;Star Wars - Sith Empire;5;210;0;1270;15;;4244
25/26;2025-09-20;The Nexus Bowl;tournament;Geek Masters Invitational;3;Final;Gowron;52847;Star Trek - Klingon-Romulan;5;199;0;1229;19;;4179
25/26;2025-09-20;The Nexus Bowl;tournament;Geek Masters Invitational;3;Final;Roboute Guilliman;73700;Warhammer 40K - Imperium;5;227;0;1326;4;;4276
25/26;2025-09-20;The Nexus Bowl;tournament;Geek Masters Invitational;3;Final;Illusive Man;86178;Mass Effect - Cerberus-Reapers;5;245;0;1353;2;;4301
25/26;2025-09-20;The Nexus Bowl;tournament;Geek Masters Invitational;3;Final;Jon Snow;86781;Game of Thrones - Stark-Targaryen Alliance;5;215;0;1281;11;;4228
25/26;2025-09-20;The Nexus Bowl;tournament;Geek Masters Invitational;3;Final;Luke Skywalker;91905;Star Wars - Jedi Order;5;218;0;1338;3;;4273
25/26;2025-09-20;The Nexus Bowl;tournament;Geek Masters Invitational;3;Final;LeChuck;60463;LucasArts Games - Monkey Island & Legacy;5;211;0;1301;7;;4224
25/26;2025-09-20;The Nexus Bowl;tournament;Geek Masters Invitational;3;Final;Paul Atreides;72298;Dune - House Atreides;5;209;0;1225;20;;4145
25/26;2025-09-20;The Nexus Bowl;tournament;Geek Masters Invitational;3;Final;Emperor Palpatine;66049;Star Wars - Sith Empire;5;223;0;1295;9;;4210
25/26;2025-09-20;The Nexus Bowl;tournament;Geek Masters Invitational;3;Final;Harbinger;69213;Mass Effect - Cerberus-Reapers;5;227;0;1273;13;;4181
25/26;2025-09-20;The Nexus Bowl;tournament;Geek Masters Invitational;3;Final;Feyd-Rautha;56698;Dune - Harkonnen-Sardaukar;5;222;0;1262;16;;4168
25/26;2025-09-20;The Nexus Bowl;tournament;Geek Masters Invitational;3;Final;Cersei Lannister;95962;Game of Thrones - Lannister-Crown;5;220;0;1320;5;;4225
25/26;2025-09-20;The Nexus Bowl;tournament;Geek Masters Invitational;3;Final;Obi-Wan Kenobi;57296;Star Wars - Jedi Order;5;227;0;1259;17;;4162
26/27;2026-09-18;The Nexus Bowl;tournament;Geek Masters Invitational;1;Qualifying;Luke Skywalker;91905;Star Wars - Jedi Order;0;231;0;231;4;189;231
26/27;2026-09-18;The Nexus Bowl;tournament;Geek Masters Invitational;1;Qualifying;Obi-Wan Kenobi;57296;Star Wars - Jedi Order;0;176;0;176;58;189;176
26/27;2026-09-18;The Nexus Bowl;tournament;Geek Masters Invitational;1;Qualifying;Ahsoka Tano;51639;Star Wars - Jedi Order;0;185;0;185;46;189;185
26/27;2026-09-18;The Nexus Bowl;tournament;Geek Masters Invitational;1;Qualifying;Mace Windu;98598;Star Wars - Jedi Order;0;166;0;166;68;189;166
26/27;2026-09-18;The Nexus Bowl;tournament;Geek Masters Invitational;1;Qualifying;Darth Vader;68024;Star Wars - Sith Empire;0;205;0;205;20;189;205
26/27;2026-09-18;The Nexus Bowl;tournament;Geek Masters Invitational;1;Qualifying;Emperor Palpatine;66049;Star Wars - Sith Empire;0;228;0;228;6;189;228
26/27;2026-09-18;The Nexus Bowl;tournament;Geek Masters Invitational;1;Qualifying;Darth Maul;64628;Star Wars - Sith Empire;0;149;0;149;79;189;149
26/27;2026-09-18;The Nexus Bowl;tournament;Geek Masters Invitational;1;Qualifying;Count Dooku;59144;Star Wars - Sith Empire;0;166;0;166;67;189;166
26/27;2026-09-18;The Nexus Bowl;tournament;Geek Masters Invitational;1;Qualifying;Gandalf;98265;Lord of the Rings - Free Peoples;0;219;0;219;11;189;219
26/27;2026-09-18;The Nexus Bowl;tournament;Geek Masters Invitational;1;Qualifying;Aragorn;56717;Lord of the Rings - Free Peoples;0;204;0;204;22;189;204
26/27;2026-09-18;The Nexus Bowl;tournament;Geek Masters Invitational;1;Qualifying;Legolas;94348;Lord of the Rings - Free Peoples;0;155;0;155;75;189;155
26/27;2026-09-18;The Nexus Bowl;tournament;Geek Masters Invitational;1;Qualifying;Gimli;98540;Lord of the Rings - Free Peoples;0;164;0;164;69;189;164
26/27;2026-09-18;The Nexus Bowl;tournament;Geek Masters Invitational;1;Qualifying;Sauron;85741;Lord of the Rings - Forces of Mordor;0;205;0;205;21;189;205
26/27;2026-09-18;The Nexus Bowl;tournament;Geek Masters Invitational;1;Qualifying;Witch-king;55697;Lord of the Rings - Forces of Mordor;0;189;0;189;41;189;189
26/27;2026-09-18;The Nexus Bowl;tournament;Geek Masters Invitational;1;Qualifying;Saruman;88698;Lord of the Rings - Forces of Mordor;0;188;0;188;43;189;188
26/27;2026-09-18;The Nexus Bowl;tournament;Geek Masters Invitational;1;Qualifying;Uruk-hai Lurtz;77651;Lord of the Rings - Forces of Mordor;0;181;0;181;52;189;181
26/27;2026-09-18;The Nexus Bowl;tournament;Geek Masters Invitational;1;Qualifying;Harry Potter;52082;Harry Potter - Order of the Phoenix;0;230;0;230;5;189;230
26/27;2026-09-18;The Nexus Bowl;tournament;Geek Masters Invitational;1;Qualifying;Hermione Granger;51952;Harry Potter - Order of the Phoenix;0;190;0;190;36;189;190
26/27;2026-09-18;The Nexus Bowl;tournament;Geek Masters Invitational;1;Qualifying;Albus Dumbledore;56140;Harry Potter - Order of the Phoenix;0;213;0;213;12;189;213
26/27;2026-09-18;The Nexus Bowl;tournament;Geek Masters Invitational;1;Qualifying;Severus Snape;64328;Harry Potter - Order of the Phoenix;0;173;0;173;62;189;173
26/27;2026-09-18;The Nexus Bowl;tournament;Geek Masters Invitational;1;Qualifying;Lord Voldemort;65247;Harry Potter - Death Eaters;0;221;0;221;10;189;221
26/27;2026-09-18;The Nexus Bowl;tournament;Geek Masters Invitational;1;Qualifying;Bellatrix Lestrange;83118;Harry Potter - Death Eaters;0;202;0;202;24;189;202
26/27;2026-09-18;The Nexus Bowl;tournament;Geek Masters Invitational;1;Qualifying;Lucius Malfoy;89453;Harry Potter - Death Eaters;0;202;0;202;26;189;202
26/27;2026-09-18;The Nexus Bowl;tournament;Geek Masters Invitational;1;Qualifying;Barty Crouch Jr.;51739;Harry Potter - Death Eaters;0;149;0;149;78;189;149
26/27;2026-09-18;The Nexus Bowl;tournament;Geek Masters Invitational;1;Qualifying;Jon Snow;86781;Game of Thrones - Stark-Targaryen Alliance;0;190;0;190;37;189;190
26/27;2026-09-18;The Nexus Bowl;tournament;Geek Masters Invitational;1;Qualifying;Daenerys Targaryen;63031;Game of Thrones - Stark-Targaryen Alliance;0;162;0;162;71;189;162
26/27;2026-09-18;The Nexus Bowl;tournament;Geek Masters Invitational;1;Qualifying;Arya Stark;96925;Game of Thrones - Stark-Targaryen Alliance;0;193;0;193;33;189;193
26/27;2026-09-18;The Nexus Bowl;tournament;Geek Masters Invitational;1;Qualifying;Bran Stark;92590;Game of Thrones - Stark-Targaryen Alliance;0;183;0;183;50;189;183
26/27;2026-09-18;The Nexus Bowl;tournament;Geek Masters Invitational;1;Qualifying;Cersei Lannister;95962;Game of Thrones - Lannister-Crown;0;205;0;205;19;189;205
26/27;2026-09-18;The Nexus Bowl;tournament;Geek Masters Invitational;1;Qualifying;Jaime Lannister;85713;Game of Thrones - Lannister-Crown;0;203;0;203;23;189;203
26/27;2026-09-18;The Nexus Bowl;tournament;Geek Masters Invitational;1;Qualifying;Tywin Lannister;77493;Game of Thrones - Lannister-Crown;0;189;0;189;40;189;189
26/27;2026-09-18;The Nexus Bowl;tournament;Geek Masters Invitational;1;Qualifying;The Mountain;64446;Game of Thrones - Lannister-Crown;0;156;0;156;74;189;156
26/27;2026-09-18;The Nexus Bowl;tournament;Geek Masters Invitational;1;Qualifying;Kyle Katarn;79439;LucasArts Games - Jedi Knight Era;0;228;0;228;7;189;228
26/27;2026-09-18;The Nexus Bowl;tournament;Geek Masters Invitational;1;Qualifying;Mara Jade;88618;LucasArts Games - Jedi Knight Era;0;202;0;202;27;189;202
26/27;2026-09-18;The Nexus Bowl;tournament;Geek Masters Invitational;1;Qualifying;Jaden Korr;68231;LucasArts Games - Jedi Knight Era;0;184;0;184;48;189;184
26/27;2026-09-18;The Nexus Bowl;tournament;Geek Masters Invitational;1;Qualifying;Jan Ors;50425;LucasArts Games - Jedi Knight Era;0;189;0;189;38;189;189
26/27;2026-09-18;The Nexus Bowl;tournament;Geek Masters Invitational;1;Qualifying;Guybrush Threepwood;99729;LucasArts Games - Monkey Island & Legacy;0;196;0;196;30;189;196
26/27;2026-09-18;The Nexus Bowl;tournament;Geek Masters Invitational;1;Qualifying;LeChuck;60463;LucasArts Games - Monkey Island & Legacy;0;187;0;187;45;189;187
26/27;2026-09-18;The Nexus Bowl;tournament;Geek Masters Invitational;1;Qualifying;Elaine Marley;95753;LucasArts Games - Monkey Island & Legacy;0;193;0;193;34;189;193
26/27;2026-09-18;The Nexus Bowl;tournament;Geek Masters Invitational;1;Qualifying;Manny Calavera;77696;LucasArts Games - Monkey Island & Legacy;0;174;0;174;61;189;174
26/27;2026-09-18;The Nexus Bowl;tournament;Geek Masters Invitational;1;Qualifying;Paul Atreides;72298;Dune - House Atreides;0;210;0;210;17;189;210
26/27;2026-09-18;The Nexus Bowl;tournament;Geek Masters Invitational;1;Qualifying;Lady Jessica;68210;Dune - House Atreides;0;197;0;197;29;189;197
26/27;2026-09-18;The Nexus Bowl;tournament;Geek Masters Invitational;1;Qualifying;Duncan Idaho;60189;Dune - House Atreides;0;195;0;195;31;189;195
26/27;2026-09-18;The Nexus Bowl;tournament;Geek Masters Invitational;1;Qualifying;Gurney Halleck;64110;Dune - House Atreides;0;157;0;157;73;189;157
26/27;2026-09-18;The Nexus Bowl;tournament;Geek Masters Invitational;1;Qualifying;Baron Harkonnen;72059;Dune - Harkonnen-Sardaukar;0;166;0;166;66;189;166
26/27;2026-09-18;The Nexus Bowl;tournament;Geek Masters Invitational;1;Qualifying;Feyd-Rautha;56698;Dune - Harkonnen-Sardaukar;0;213;0;213;13;189;213
26/27;2026-09-18;The Nexus Bowl;tournament;Geek Masters Invitational;1;Qualifying;Count Fenring;56078;Dune - Harkonnen-Sardaukar;0;185;0;185;47;189;185
26/27;2026-09-18;The Nexus Bowl;tournament;Geek Masters Invitational;1;Qualifying;Glossu Rabban;74898;Dune - Harkonnen-Sardaukar;0;177;0;177;55;189;177
26/27;2026-09-18;The Nexus Bowl;tournament;Geek Masters Invitational;1;Qualifying;Jean-Luc Picard;56338;Star Trek - Federation;0;210;0;210;16;189;210
26/27;2026-09-18;The Nexus Bowl;tournament;Geek Masters Invitational;1;Qualifying;Spock;73526;Star Trek - Federation;0;177;0;177;56;189;177
26/27;2026-09-18;The Nexus Bowl;tournament;Geek Masters Invitational;1;Qualifying;Benjamin Sisko;72541;Star Trek - Federation;0;174;0;174;59;189;174
26/27;2026-09-18;The Nexus Bowl;tournament;Geek Masters Invitational;1;Qualifying;Kathryn Janeway;89565;Star Trek - Federation;0;133;0;133;80;189;133
26/27;2026-09-18;The Nexus Bowl;tournament;Geek Masters Invitational;1;Qualifying;Worf;67335;Star Trek - Klingon-Romulan;0;225;0;225;9;189;225
26/27;2026-09-18;The Nexus Bowl;tournament;Geek Masters Invitational;1;Qualifying;Gowron;52847;Star Trek - Klingon-Romulan;0;213;0;213;14;189;213
26/27;2026-09-18;The Nexus Bowl;tournament;Geek Masters Invitational;1;Qualifying;Commander Sela;97823;Star Trek - Klingon-Romulan;0;174;0;174;60;189;174
26/27;2026-09-18;The Nexus Bowl;tournament;Geek Masters Invitational;1;Qualifying;General Chang;80108;Star Trek - Klingon-Romulan;0;163;0;163;70;189;163
26/27;2026-09-18;The Nexus Bowl;tournament;Geek Masters Invitational;1;Qualifying;Commander Shepard;85142;Mass Effect - Alliance Crew;0;201;0;201;28;189;201
26/27;2026-09-18;The Nexus Bowl;tournament;Geek Masters Invitational;1;Qualifying;Garrus Vakarian;58180;Mass Effect - Alliance Crew;0;211;0;211;15;189;211
26/27;2026-09-18;The Nexus Bowl;tournament;Geek Masters Invitational;1;Qualifying;Liara T'Soni;74807;Mass Effect - Alliance Crew;0;202;0;202;25;189;202
26/27;2026-09-18;The Nexus Bowl;tournament;Geek Masters Invitational;1;Qualifying;Tali'Zorah;55164;Mass Effect - Alliance Crew;0;228;0;228;8;189;228
26/27;2026-09-18;The Nexus Bowl;tournament;Geek Masters Invitational;1;Qualifying;Illusive Man;86178;Mass Effect - Cerberus-Reapers;0;207;0;207;18;189;207
26/27;2026-09-18;The Nexus Bowl;tournament;Geek Masters Invitational;1;Qualifying;Harbinger;69213;Mass Effect - Cerberus-Reapers;0;191;0;191;35;189;191
26/27;2026-09-18;The Nexus Bowl;tournament;Geek Masters Invitational;1;Qualifying;Kai Leng;91198;Mass Effect - Cerberus-Reapers;0;178;0;178;54;189;178
26/27;2026-09-18;The Nexus Bowl;tournament;Geek Masters Invitational;1;Qualifying;Saren Arterius;90535;Mass Effect - Cerberus-Reapers;0;160;0;160;72;189;160
26/27;2026-09-18;The Nexus Bowl;tournament;Geek Masters Invitational;1;Qualifying;Roboute Guilliman;73700;Warhammer 40K - Imperium;0;232;0;232;3;189;232
26/27;2026-09-18;The Nexus Bowl;tournament;Geek Masters Invitational;1;Qualifying;Marneus Calgar;87837;Warhammer 40K - Imperium;0;180;0;180;53;189;180
26/27;2026-09-18;The Nexus Bowl;tournament;Geek Masters Invitational;1;Qualifying;Saint Celestine;62601;Warhammer 40K - Imperium;0;151;0;151;76;189;151
26/27;2026-09-18;The Nexus Bowl;tournament;Geek Masters Invitational;1;Qualifying;Inquisitor Eisenhorn;96174;Warhammer 40K - Imperium;0;172;0;172;63;189;172
26/27;2026-09-18;The Nexus Bowl;tournament;Geek Masters Invitational;1;Qualifying;Abaddon the Despoiler;54558;Warhammer 40K - Chaos;0;188;0;188;42;189;188
26/27;2026-09-18;The Nexus Bowl;tournament;Geek Masters Invitational;1;Qualifying;Magnus the Red;53003;Warhammer 40K - Chaos;0;183;0;183;51;189;183
26/27;2026-09-18;The Nexus Bowl;tournament;Geek Masters Invitational;1;Qualifying;Ahriman;93336;Warhammer 40K - Chaos;0;187;0;187;44;189;187
26/27;2026-09-18;The Nexus Bowl;tournament;Geek Masters Invitational;1;Qualifying;Kharn the Betrayer;64935;Warhammer 40K - Chaos;0;189;0;189;39;189;189
26/27;2026-09-18;The Nexus Bowl;tournament;Geek Masters Invitational;1;Qualifying;Mickey Mouse;68965;Disney Characters - Disney Heroes;0;236;0;236;2;189;236
26/27;2026-09-18;The Nexus Bowl;tournament;Geek Masters Invitational;1;Qualifying;Mulan;55229;Disney Characters - Disney Heroes;0;184;0;184;49;189;184
26/27;2026-09-18;The Nexus Bowl;tournament;Geek Masters Invitational;1;Qualifying;Simba;65256;Disney Characters - Disney Heroes;0;195;0;195;32;189;195
26/27;2026-09-18;The Nexus Bowl;tournament;Geek Masters Invitational;1;Qualifying;Moana;56619;Disney Characters - Disney Heroes;0;170;0;170;65;189;170
26/27;2026-09-18;The Nexus Bowl;tournament;Geek Masters Invitational;1;Qualifying;Maleficent;74911;Disney Characters - Disney Villains;0;248;0;248;1;189;248
26/27;2026-09-18;The Nexus Bowl;tournament;Geek Masters Invitational;1;Qualifying;Scar;68217;Disney Characters - Disney Villains;0;172;0;172;64;189;172
26/27;2026-09-18;The Nexus Bowl;tournament;Geek Masters Invitational;1;Qualifying;Ursula;79714;Disney Characters - Disney Villains;0;150;0;150;77;189;150
26/27;2026-09-18;The Nexus Bowl;tournament;Geek Masters Invitational;1;Qualifying;Jafar;91660;Disney Characters - Disney Villains;0;176;0;176;57;189;176
26/27;2026-09-18;The Nexus Bowl;tournament;Geek Masters Invitational;1;Qualifying;Luke Skywalker;91905;Star Wars - Jedi Order;1;203;0;434;7;387;434
26/27;2026-09-18;The Nexus Bowl;tournament;Geek Masters Invitational;1;Qualifying;Obi-Wan Kenobi;57296;Star Wars - Jedi Order;1;217;0;393;35;387;393
26/27;2026-09-18;The Nexus Bowl;tournament;Geek Masters Invitational;1;Qualifying;Ahsoka Tano;51639;Star Wars - Jedi Order;1;188;0;373;48;387;373
26/27;2026-09-18;The Nexus Bowl;tournament;Geek Masters Invitational;1;Qualifying;Mace Windu;98598;Star Wars - Jedi Order;1;163;0;329;70;387;329
26/27;2026-09-18;The Nexus Bowl;tournament;Geek Masters Invitational;1;Qualifying;Darth Vader;68024;Star Wars - Sith Empire;1;215;0;420;16;387;420
26/27;2026-09-18;The Nexus Bowl;tournament;Geek Masters Invitational;1;Qualifying;Emperor Palpatine;66049;Star Wars - Sith Empire;1;201;0;429;10;387;429
26/27;2026-09-18;The Nexus Bowl;tournament;Geek Masters Invitational;1;Qualifying;Darth Maul;64628;Star Wars - Sith Empire;1;178;0;327;71;387;327
26/27;2026-09-18;The Nexus Bowl;tournament;Geek Masters Invitational;1;Qualifying;Count Dooku;59144;Star Wars - Sith Empire;1;171;0;337;68;387;337
26/27;2026-09-18;The Nexus Bowl;tournament;Geek Masters Invitational;1;Qualifying;Gandalf;98265;Lord of the Rings - Free Peoples;1;203;0;422;13;387;422
26/27;2026-09-18;The Nexus Bowl;tournament;Geek Masters Invitational;1;Qualifying;Aragorn;56717;Lord of the Rings - Free Peoples;1;191;0;395;33;387;395
26/27;2026-09-18;The Nexus Bowl;tournament;Geek Masters Invitational;1;Qualifying;Legolas;94348;Lord of the Rings - Free Peoples;1;153;0;308;78;387;308
26/27;2026-09-18;The Nexus Bowl;tournament;Geek Masters Invitational;1;Qualifying;Gimli;98540;Lord of the Rings - Free Peoples;1;166;0;330;69;387;330
26/27;2026-09-18;The Nexus Bowl;tournament;Geek Masters Invitational;1;Qualifying;Sauron;85741;Lord of the Rings - Forces of Mordor;1;190;0;395;34;387;395
26/27;2026-09-18;The Nexus Bowl;tournament;Geek Masters Invitational;1;Qualifying;Witch-king;55697;Lord of the Rings - Forces of Mordor;1;186;0;375;47;387;375
26/27;2026-09-18;The Nexus Bowl;tournament;Geek Masters Invitational;1;Qualifying;Saruman;88698;Lord of the Rings - Forces of Mordor;1;184;0;372;50;387;372
26/27;2026-09-18;The Nexus Bowl;tournament;Geek Masters Invitational;1;Qualifying;Uruk-hai Lurtz;77651;Lord of the Rings - Forces of Mordor;1;206;0;387;41;387;387
26/27;2026-09-18;The Nexus Bowl;tournament;Geek Masters Invitational;1;Qualifying;Harry Potter;52082;Harry Potter - Order of the Phoenix;1;246;0;476;2;387;476
26/27;2026-09-18;The Nexus Bowl;tournament;Geek Masters Invitational;1;Qualifying;Hermione Granger;51952;Harry Potter - Order of the Phoenix;1;186;0;376;46;387;376
26/27;2026-09-18;The Nexus Bowl;tournament;Geek Masters Invitational;1;Qualifying;Albus Dumbledore;56140;Harry Potter - Order of the Phoenix;1;219;0;432;9;387;432
26/27;2026-09-18;The Nexus Bowl;tournament;Geek Masters Invitational;1;Qualifying;Severus Snape;64328;Harry Potter - Order of the Phoenix;1;199;0;372;51;387;372
26/27;2026-09-18;The Nexus Bowl;tournament;Geek Masters Invitational;1;Qualifying;Lord Voldemort;65247;Harry Potter - Death Eaters;1;207;0;428;11;387;428
26/27;2026-09-18;The Nexus Bowl;tournament;Geek Masters Invitational;1;Qualifying;Bellatrix Lestrange;83118;Harry Potter - Death Eaters;1;199;0;401;26;387;401
26/27;2026-09-18;The Nexus Bowl;tournament;Geek Masters Invitational;1;Qualifying;Lucius Malfoy;89453;Harry Potter - Death Eaters;1;219;0;421;14;387;421
26/27;2026-09-18;The Nexus Bowl;tournament;Geek Masters Invitational;1;Qualifying;Barty Crouch Jr.;51739;Harry Potter - Death Eaters;1;166;0;315;75;387;315
26/27;2026-09-18;The Nexus Bowl;tournament;Geek Masters Invitational;1;Qualifying;Jon Snow;86781;Game of Thrones - Stark-Targaryen Alliance;1;208;0;398;30;387;398
26/27;2026-09-18;The Nexus Bowl;tournament;Geek Masters Invitational;1;Qualifying;Daenerys Targaryen;63031;Game of Thrones - Stark-Targaryen Alliance;1;220;0;382;43;387;382
26/27;2026-09-18;The Nexus Bowl;tournament;Geek Masters Invitational;1;Qualifying;Arya Stark;96925;Game of Thrones - Stark-Targaryen Alliance;1;184;0;377;44;387;377
26/27;2026-09-18;The Nexus Bowl;tournament;Geek Masters Invitational;1;Qualifying;Bran Stark;92590;Game of Thrones - Stark-Targaryen Alliance;1;178;0;361;60;387;361
26/27;2026-09-18;The Nexus Bowl;tournament;Geek Masters Invitational;1;Qualifying;Cersei Lannister;95962;Game of Thrones - Lannister-Crown;1;209;0;414;21;387;414
26/27;2026-09-18;The Nexus Bowl;tournament;Geek Masters Invitational;1;Qualifying;Jaime Lannister;85713;Game of Thrones - Lannister-Crown;1;159;0;362;59;387;362
26/27;2026-09-18;The Nexus Bowl;tournament;Geek Masters Invitational;1;Qualifying;Tywin Lannister;77493;Game of Thrones - Lannister-Crown;1;210;0;399;29;387;399
26/27;2026-09-18;The Nexus Bowl;tournament;Geek Masters Invitational;1;Qualifying;The Mountain;64446;Game of Thrones - Lannister-Crown;1;170;0;326;72;387;326
26/27;2026-09-18;The Nexus Bowl;tournament;Geek Masters Invitational;1;Qualifying;Kyle Katarn;79439;LucasArts Games - Jedi Knight Era;1;208;0;436;6;387;436
26/27;2026-09-18;The Nexus Bowl;tournament;Geek Masters Invitational;1;Qualifying;Mara Jade;88618;LucasArts Games - Jedi Knight Era;1;195;0;397;32;387;397
26/27;2026-09-18;The Nexus Bowl;tournament;Geek Masters Invitational;1;Qualifying;Jaden Korr;68231;LucasArts Games - Jedi Knight Era;1;204;0;388;39;387;388
26/27;2026-09-18;The Nexus Bowl;tournament;Geek Masters Invitational;1;Qualifying;Jan Ors;50425;LucasArts Games - Jedi Knight Era;1;183;0;372;49;387;372
26/27;2026-09-18;The Nexus Bowl;tournament;Geek Masters Invitational;1;Qualifying;Guybrush Threepwood;99729;LucasArts Games - Monkey Island & Legacy;1;222;0;418;18;387;418
26/27;2026-09-18;The Nexus Bowl;tournament;Geek Masters Invitational;1;Qualifying;LeChuck;60463;LucasArts Games - Monkey Island & Legacy;1;200;0;387;40;387;387
26/27;2026-09-18;The Nexus Bowl;tournament;Geek Masters Invitational;1;Qualifying;Elaine Marley;95753;LucasArts Games - Monkey Island & Legacy;1;198;0;391;37;387;391
26/27;2026-09-18;The Nexus Bowl;tournament;Geek Masters Invitational;1;Qualifying;Manny Calavera;77696;LucasArts Games - Monkey Island & Legacy;1;183;0;357;62;387;357
26/27;2026-09-18;The Nexus Bowl;tournament;Geek Masters Invitational;1;Qualifying;Paul Atreides;72298;Dune - House Atreides;1;211;0;421;15;387;421
26/27;2026-09-18;The Nexus Bowl;tournament;Geek Masters Invitational;1;Qualifying;Lady Jessica;68210;Dune - House Atreides;1;209;0;406;23;387;406
26/27;2026-09-18;The Nexus Bowl;tournament;Geek Masters Invitational;1;Qualifying;Duncan Idaho;60189;Dune - House Atreides;1;168;0;363;58;387;363
26/27;2026-09-18;The Nexus Bowl;tournament;Geek Masters Invitational;1;Qualifying;Gurney Halleck;64110;Dune - House Atreides;1;157;0;314;77;387;314
26/27;2026-09-18;The Nexus Bowl;tournament;Geek Masters Invitational;1;Qualifying;Baron Harkonnen;72059;Dune - Harkonnen-Sardaukar;1;200;0;366;55;387;366
26/27;2026-09-18;The Nexus Bowl;tournament;Geek Masters Invitational;1;Qualifying;Feyd-Rautha;56698;Dune - Harkonnen-Sardaukar;1;211;0;424;12;387;424
26/27;2026-09-18;The Nexus Bowl;tournament;Geek Masters Invitational;1;Qualifying;Count Fenring;56078;Dune - Harkonnen-Sardaukar;1;198;0;383;42;387;383
26/27;2026-09-18;The Nexus Bowl;tournament;Geek Masters Invitational;1;Qualifying;Glossu Rabban;74898;Dune - Harkonnen-Sardaukar;1;127;0;304;79;387;304
26/27;2026-09-18;The Nexus Bowl;tournament;Geek Masters Invitational;1;Qualifying;Jean-Luc Picard;56338;Star Trek - Federation;1;227;0;437;4;387;437
26/27;2026-09-18;The Nexus Bowl;tournament;Geek Masters Invitational;1;Qualifying;Spock;73526;Star Trek - Federation;1;229;0;406;24;387;406
26/27;2026-09-18;The Nexus Bowl;tournament;Geek Masters Invitational;1;Qualifying;Benjamin Sisko;72541;Star Trek - Federation;1;191;0;365;57;387;365
26/27;2026-09-18;The Nexus Bowl;tournament;Geek Masters Invitational;1;Qualifying;Kathryn Janeway;89565;Star Trek - Federation;1;171;0;304;80;387;304
26/27;2026-09-18;The Nexus Bowl;tournament;Geek Masters Invitational;1;Qualifying;Worf;67335;Star Trek - Klingon-Romulan;1;208;0;433;8;387;433
26/27;2026-09-18;The Nexus Bowl;tournament;Geek Masters Invitational;1;Qualifying;Gowron;52847;Star Trek - Klingon-Romulan;1;199;0;412;22;387;412
26/27;2026-09-18;The Nexus Bowl;tournament;Geek Masters Invitational;1;Qualifying;Commander Sela;97823;Star Trek - Klingon-Romulan;1;193;0;367;54;387;367
26/27;2026-09-18;The Nexus Bowl;tournament;Geek Masters Invitational;1;Qualifying;General Chang;80108;Star Trek - Klingon-Romulan;1;189;0;352;63;387;352
26/27;2026-09-18;The Nexus Bowl;tournament;Geek Masters Invitational;1;Qualifying;Commander Shepard;85142;Mass Effect - Alliance Crew;1;204;0;405;25;387;405
26/27;2026-09-18;The Nexus Bowl;tournament;Geek Masters Invitational;1;Qualifying;Garrus Vakarian;58180;Mass Effect - Alliance Crew;1;205;0;416;19;387;416
26/27;2026-09-18;The Nexus Bowl;tournament;Geek Masters Invitational;1;Qualifying;Liara T'Soni;74807;Mass Effect - Alliance Crew;1;187;0;389;38;387;389
26/27;2026-09-18;The Nexus Bowl;tournament;Geek Masters Invitational;1;Qualifying;Tali'Zorah;55164;Mass Effect - Alliance Crew;1;192;0;420;17;387;420
26/27;2026-09-18;The Nexus Bowl;tournament;Geek Masters Invitational;1;Qualifying;Illusive Man;86178;Mass Effect - Cerberus-Reapers;1;208;0;415;20;387;415
26/27;2026-09-18;The Nexus Bowl;tournament;Geek Masters Invitational;1;Qualifying;Harbinger;69213;Mass Effect - Cerberus-Reapers;1;210;0;401;27;387;401
26/27;2026-09-18;The Nexus Bowl;tournament;Geek Masters Invitational;1;Qualifying;Kai Leng;91198;Mass Effect - Cerberus-Reapers;1;191;0;369;53;387;369
26/27;2026-09-18;The Nexus Bowl;tournament;Geek Masters Invitational;1;Qualifying;Saren Arterius;90535;Mass Effect - Cerberus-Reapers;1;155;0;315;76;387;315
26/27;2026-09-18;The Nexus Bowl;tournament;Geek Masters Invitational;1;Qualifying;Roboute Guilliman;73700;Warhammer 40K - Imperium;1;205;0;437;5;387;437
26/27;2026-09-18;The Nexus Bowl;tournament;Geek Masters Invitational;1;Qualifying;Marneus Calgar;87837;Warhammer 40K - Imperium;1;186;0;366;56;387;366
26/27;2026-09-18;The Nexus Bowl;tournament;Geek Masters Invitational;1;Qualifying;Saint Celestine;62601;Warhammer 40K - Imperium;1;165;0;316;74;387;316
26/27;2026-09-18;The Nexus Bowl;tournament;Geek Masters Invitational;1;Qualifying;Inquisitor Eisenhorn;96174;Warhammer 40K - Imperium;1;179;0;351;66;387;351
26/27;2026-09-18;The Nexus Bowl;tournament;Geek Masters Invitational;1;Qualifying;Abaddon the Despoiler;54558;Warhammer 40K - Chaos;1;209;0;397;31;387;397
26/27;2026-09-18;The Nexus Bowl;tournament;Geek Masters Invitational;1;Qualifying;Magnus the Red;53003;Warhammer 40K - Chaos;1;178;0;361;61;387;361
26/27;2026-09-18;The Nexus Bowl;tournament;Geek Masters Invitational;1;Qualifying;Ahriman;93336;Warhammer 40K - Chaos;1;205;0;392;36;387;392
26/27;2026-09-18;The Nexus Bowl;tournament;Geek Masters Invitational;1;Qualifying;Kharn the Betrayer;64935;Warhammer 40K - Chaos;1;188;0;377;45;387;377
26/27;2026-09-18;The Nexus Bowl;tournament;Geek Masters Invitational;1;Qualifying;Mickey Mouse;68965;Disney Characters - Disney Heroes;1;208;0;444;3;387;444
26/27;2026-09-18;The Nexus Bowl;tournament;Geek Masters Invitational;1;Qualifying;Mulan;55229;Disney Characters - Disney Heroes;1;187;0;371;52;387;371
26/27;2026-09-18;The Nexus Bowl;tournament;Geek Masters Invitational;1;Qualifying;Simba;65256;Disney Characters - Disney Heroes;1;205;0;400;28;387;400
26/27;2026-09-18;The Nexus Bowl;tournament;Geek Masters Invitational;1;Qualifying;Moana;56619;Disney Characters - Disney Heroes;1;155;0;325;73;387;325
26/27;2026-09-18;The Nexus Bowl;tournament;Geek Masters Invitational;1;Qualifying;Maleficent;74911;Disney Characters - Disney Villains;1;235;0;483;1;387;483
26/27;2026-09-18;The Nexus Bowl;tournament;Geek Masters Invitational;1;Qualifying;Scar;68217;Disney Characters - Disney Villains;1;180;0;352;65;387;352
26/27;2026-09-18;The Nexus Bowl;tournament;Geek Masters Invitational;1;Qualifying;Ursula;79714;Disney Characters - Disney Villains;1;189;0;339;67;387;339
26/27;2026-09-18;The Nexus Bowl;tournament;Geek Masters Invitational;1;Qualifying;Jafar;91660;Disney Characters - Disney Villains;1;176;0;352;64;387;352
26/27;2026-09-18;The Nexus Bowl;tournament;Geek Masters Invitational;1;Qualifying;Luke Skywalker;91905;Star Wars - Jedi Order;2;215;0;649;6;581;649
26/27;2026-09-18;The Nexus Bowl;tournament;Geek Masters Invitational;1;Qualifying;Obi-Wan Kenobi;57296;Star Wars - Jedi Order;2;145;0;538;63;581;538
26/27;2026-09-18;The Nexus Bowl;tournament;Geek Masters Invitational;1;Qualifying;Ahsoka Tano;51639;Star Wars - Jedi Order;2;199;0;572;42;581;572
26/27;2026-09-18;The Nexus Bowl;tournament;Geek Masters Invitational;1;Qualifying;Mace Windu;98598;Star Wars - Jedi Order;2;166;0;495;72;581;495
26/27;2026-09-18;The Nexus Bowl;tournament;Geek Masters Invitational;1;Qualifying;Darth Vader;68024;Star Wars - Sith Empire;2;208;0;628;16;581;628
26/27;2026-09-18;The Nexus Bowl;tournament;Geek Masters Invitational;1;Qualifying;Emperor Palpatine;66049;Star Wars - Sith Empire;2;215;0;644;7;581;644
26/27;2026-09-18;The Nexus Bowl;tournament;Geek Masters Invitational;1;Qualifying;Darth Maul;64628;Star Wars - Sith Empire;2;179;0;506;69;581;506
26/27;2026-09-18;The Nexus Bowl;tournament;Geek Masters Invitational;1;Qualifying;Count Dooku;59144;Star Wars - Sith Empire;2;165;0;502;70;581;502
26/27;2026-09-18;The Nexus Bowl;tournament;Geek Masters Invitational;1;Qualifying;Gandalf;98265;Lord of the Rings - Free Peoples;2;215;0;637;10;581;637
26/27;2026-09-18;The Nexus Bowl;tournament;Geek Masters Invitational;1;Qualifying;Aragorn;56717;Lord of the Rings - Free Peoples;2;204;0;599;30;581;599
26/27;2026-09-18;The Nexus Bowl;tournament;Geek Masters Invitational;1;Qualifying;Legolas;94348;Lord of the Rings - Free Peoples;2;155;0;463;79;581;463
26/27;2026-09-18;The Nexus Bowl;tournament;Geek Masters Invitational;1;Qualifying;Gimli;98540;Lord of the Rings - Free Peoples;2;191;0;521;65;581;521
26/27;2026-09-18;The Nexus Bowl;tournament;Geek Masters Invitational;1;Qualifying;Sauron;85741;Lord of the Rings - Forces of Mordor;2;228;0;623;17;581;623
26/27;2026-09-18;The Nexus Bowl;tournament;Geek Masters Invitational;1;Qualifying;Witch-king;55697;Lord of the Rings - Forces of Mordor;2;196;0;571;43;581;571
26/27;2026-09-18;The Nexus Bowl;tournament;Geek Masters Invitational;1;Qualifying;Saruman;88698;Lord of the Rings - Forces of Mordor;2;193;0;565;47;581;565
26/27;2026-09-18;The Nexus Bowl;tournament;Geek Masters Invitational;1;Qualifying;Uruk-hai Lurtz;77651;Lord of the Rings - Forces of Mordor;2;158;0;545;60;581;545
26/27;2026-09-18;The Nexus Bowl;tournament;Geek Masters Invitational;1;Qualifying;Harry Potter;52082;Harry Potter - Order of the Phoenix;2;221;0;697;2;581;697
26/27;2026-09-18;The Nexus Bowl;tournament;Geek Masters Invitational;1;Qualifying;Hermione Granger;51952;Harry Potter - Order of the Phoenix;2;207;0;583;39;581;583
26/27;2026-09-18;The Nexus Bowl;tournament;Geek Masters Invitational;1;Qualifying;Albus Dumbledore;56140;Harry Potter - Order of the Phoenix;2;185;0;617;19;581;617
26/27;2026-09-18;The Nexus Bowl;tournament;Geek Masters Invitational;1;Qualifying;Severus Snape;64328;Harry Potter - Order of the Phoenix;2;223;0;595;33;581;595
26/27;2026-09-18;The Nexus Bowl;tournament;Geek Masters Invitational;1;Qualifying;Lord Voldemort;65247;Harry Potter - Death Eaters;2;215;0;643;8;581;643
26/27;2026-09-18;The Nexus Bowl;tournament;Geek Masters Invitational;1;Qualifying;Bellatrix Lestrange;83118;Harry Potter - Death Eaters;2;200;0;601;28;581;601
26/27;2026-09-18;The Nexus Bowl;tournament;Geek Masters Invitational;1;Qualifying;Lucius Malfoy;89453;Harry Potter - Death Eaters;2;191;0;612;24;581;612
26/27;2026-09-18;The Nexus Bowl;tournament;Geek Masters Invitational;1;Qualifying;Barty Crouch Jr.;51739;Harry Potter - Death Eaters;2;179;0;494;73;581;494
26/27;2026-09-18;The Nexus Bowl;tournament;Geek Masters Invitational;1;Qualifying;Jon Snow;86781;Game of Thrones - Stark-Targaryen Alliance;2;194;0;592;36;581;592
26/27;2026-09-18;The Nexus Bowl;tournament;Geek Masters Invitational;1;Qualifying;Daenerys Targaryen;63031;Game of Thrones - Stark-Targaryen Alliance;2;199;0;581;40;581;581
26/27;2026-09-18;The Nexus Bowl;tournament;Geek Masters Invitational;1;Qualifying;Arya Stark;96925;Game of Thrones - Stark-Targaryen Alliance;2;162;0;539;62;581;539
26/27;2026-09-18;The Nexus Bowl;tournament;Geek Masters Invitational;1;Qualifying;Bran Stark;92590;Game of Thrones - Stark-Targaryen Alliance;2;163;0;524;64;581;524
26/27;2026-09-18;The Nexus Bowl;tournament;Geek Masters Invitational;1;Qualifying;Cersei Lannister;95962;Game of Thrones - Lannister-Crown;2;216;0;630;14;581;630
26/27;2026-09-18;The Nexus Bowl;tournament;Geek Masters Invitational;1;Qualifying;Jaime Lannister;85713;Game of Thrones - Lannister-Crown;2;212;0;574;41;581;574
26/27;2026-09-18;The Nexus Bowl;tournament;Geek Masters Invitational;1;Qualifying;Tywin Lannister;77493;Game of Thrones - Lannister-Crown;2;202;0;601;29;581;601
26/27;2026-09-18;The Nexus Bowl;tournament;Geek Masters Invitational;1;Qualifying;The Mountain;64446;Game of Thrones - Lannister-Crown;2;170;0;496;71;581;496
26/27;2026-09-18;The Nexus Bowl;tournament;Geek Masters Invitational;1;Qualifying;Kyle Katarn;79439;LucasArts Games - Jedi Knight Era;2;201;0;637;11;581;637
26/27;2026-09-18;The Nexus Bowl;tournament;Geek Masters Invitational;1;Qualifying;Mara Jade;88618;LucasArts Games - Jedi Knight Era;2;201;0;598;32;581;598
26/27;2026-09-18;The Nexus Bowl;tournament;Geek Masters Invitational;1;Qualifying;Jaden Korr;68231;LucasArts Games - Jedi Knight Era;2;182;0;570;44;581;570
26/27;2026-09-18;The Nexus Bowl;tournament;Geek Masters Invitational;1;Qualifying;Jan Ors;50425;LucasArts Games - Jedi Knight Era;2;181;0;553;53;581;553
26/27;2026-09-18;The Nexus Bowl;tournament;Geek Masters Invitational;1;Qualifying;Guybrush Threepwood;99729;LucasArts Games - Monkey Island & Legacy;2;195;0;613;22;581;613
26/27;2026-09-18;The Nexus Bowl;tournament;Geek Masters Invitational;1;Qualifying;LeChuck;60463;LucasArts Games - Monkey Island & Legacy;2;211;0;598;31;581;598
26/27;2026-09-18;The Nexus Bowl;tournament;Geek Masters Invitational;1;Qualifying;Elaine Marley;95753;LucasArts Games - Monkey Island & Legacy;2;172;0;563;49;581;563
26/27;2026-09-18;The Nexus Bowl;tournament;Geek Masters Invitational;1;Qualifying;Manny Calavera;77696;LucasArts Games - Monkey Island & Legacy;2;161;0;518;67;581;518
26/27;2026-09-18;The Nexus Bowl;tournament;Geek Masters Invitational;1;Qualifying;Paul Atreides;72298;Dune - House Atreides;2;215;0;636;12;581;636
26/27;2026-09-18;The Nexus Bowl;tournament;Geek Masters Invitational;1;Qualifying;Lady Jessica;68210;Dune - House Atreides;2;215;0;621;18;581;621
26/27;2026-09-18;The Nexus Bowl;tournament;Geek Masters Invitational;1;Qualifying;Duncan Idaho;60189;Dune - House Atreides;2;181;0;544;61;581;544
26/27;2026-09-18;The Nexus Bowl;tournament;Geek Masters Invitational;1;Qualifying;Gurney Halleck;64110;Dune - House Atreides;2;177;0;491;75;581;491
26/27;2026-09-18;The Nexus Bowl;tournament;Geek Masters Invitational;1;Qualifying;Baron Harkonnen;72059;Dune - Harkonnen-Sardaukar;2;197;0;563;48;581;563
26/27;2026-09-18;The Nexus Bowl;tournament;Geek Masters Invitational;1;Qualifying;Feyd-Rautha;56698;Dune - Harkonnen-Sardaukar;2;210;0;634;13;581;634
26/27;2026-09-18;The Nexus Bowl;tournament;Geek Masters Invitational;1;Qualifying;Count Fenring;56078;Dune - Harkonnen-Sardaukar;2;162;0;545;59;581;545
26/27;2026-09-18;The Nexus Bowl;tournament;Geek Masters Invitational;1;Qualifying;Glossu Rabban;74898;Dune - Harkonnen-Sardaukar;2;147;0;451;80;581;451
26/27;2026-09-18;The Nexus Bowl;tournament;Geek Masters Invitational;1;Qualifying;Jean-Luc Picard;56338;Star Trek - Federation;2;216;0;653;4;581;653
26/27;2026-09-18;The Nexus Bowl;tournament;Geek Masters Invitational;1;Qualifying;Spock;73526;Star Trek - Federation;2;198;0;604;26;581;604
26/27;2026-09-18;The Nexus Bowl;tournament;Geek Masters Invitational;1;Qualifying;Benjamin Sisko;72541;Star Trek - Federation;2;183;0;548;57;581;548
26/27;2026-09-18;The Nexus Bowl;tournament;Geek Masters Invitational;1;Qualifying;Kathryn Janeway;89565;Star Trek - Federation;2;167;0;471;78;581;471
26/27;2026-09-18;The Nexus Bowl;tournament;Geek Masters Invitational;1;Qualifying;Worf;67335;Star Trek - Klingon-Romulan;2;196;0;629;15;581;629
26/27;2026-09-18;The Nexus Bowl;tournament;Geek Masters Invitational;1;Qualifying;Gowron;52847;Star Trek - Klingon-Romulan;2;205;0;617;20;581;617
26/27;2026-09-18;The Nexus Bowl;tournament;Geek Masters Invitational;1;Qualifying;Commander Sela;97823;Star Trek - Klingon-Romulan;2;202;0;569;45;581;569
26/27;2026-09-18;The Nexus Bowl;tournament;Geek Masters Invitational;1;Qualifying;General Chang;80108;Star Trek - Klingon-Romulan;2;201;0;553;52;581;553
26/27;2026-09-18;The Nexus Bowl;tournament;Geek Masters Invitational;1;Qualifying;Commander Shepard;85142;Mass Effect - Alliance Crew;2;211;0;616;21;581;616
26/27;2026-09-18;The Nexus Bowl;tournament;Geek Masters Invitational;1;Qualifying;Garrus Vakarian;58180;Mass Effect - Alliance Crew;2;196;0;612;23;581;612
26/27;2026-09-18;The Nexus Bowl;tournament;Geek Masters Invitational;1;Qualifying;Liara T'Soni;74807;Mass Effect - Alliance Crew;2;204;0;593;35;581;593
26/27;2026-09-18;The Nexus Bowl;tournament;Geek Masters Invitational;1;Qualifying;Tali'Zorah;55164;Mass Effect - Alliance Crew;2;175;0;595;34;581;595
26/27;2026-09-18;The Nexus Bowl;tournament;Geek Masters Invitational;1;Qualifying;Illusive Man;86178;Mass Effect - Cerberus-Reapers;2;226;0;641;9;581;641
26/27;2026-09-18;The Nexus Bowl;tournament;Geek Masters Invitational;1;Qualifying;Harbinger;69213;Mass Effect - Cerberus-Reapers;2;201;0;602;27;581;602
26/27;2026-09-18;The Nexus Bowl;tournament;Geek Masters Invitational;1;Qualifying;Kai Leng;91198;Mass Effect - Cerberus-Reapers;2;191;0;560;51;581;560
26/27;2026-09-18;The Nexus Bowl;tournament;Geek Masters Invitational;1;Qualifying;Saren Arterius;90535;Mass Effect - Cerberus-Reapers;2;193;0;508;68;581;508
26/27;2026-09-18;The Nexus Bowl;tournament;Geek Masters Invitational;1;Qualifying;Roboute Guilliman;73700;Warhammer 40K - Imperium;2;214;0;651;5;581;651
26/27;2026-09-18;The Nexus Bowl;tournament;Geek Masters Invitational;1;Qualifying;Marneus Calgar;87837;Warhammer 40K - Imperium;2;184;0;550;56;581;550
26/27;2026-09-18;The Nexus Bowl;tournament;Geek Masters Invitational;1;Qualifying;Saint Celestine;62601;Warhammer 40K - Imperium;2;166;0;482;77;581;482
26/27;2026-09-18;The Nexus Bowl;tournament;Geek Masters Invitational;1;Qualifying;Inquisitor Eisenhorn;96174;Warhammer 40K - Imperium;2;142;0;493;74;581;493
26/27;2026-09-18;The Nexus Bowl;tournament;Geek Masters Invitational;1;Qualifying;Abaddon the Despoiler;54558;Warhammer 40K - Chaos;2;194;0;591;37;581;591
26/27;2026-09-18;The Nexus Bowl;tournament;Geek Masters Invitational;1;Qualifying;Magnus the Red;53003;Warhammer 40K - Chaos;2;189;0;550;55;581;550
26/27;2026-09-18;The Nexus Bowl;tournament;Geek Masters Invitational;1;Qualifying;Ahriman;93336;Warhammer 40K - Chaos;2;199;0;591;38;581;591
26/27;2026-09-18;The Nexus Bowl;tournament;Geek Masters Invitational;1;Qualifying;Kharn the Betrayer;64935;Warhammer 40K - Chaos;2;174;0;551;54;581;551
26/27;2026-09-18;The Nexus Bowl;tournament;Geek Masters Invitational;1;Qualifying;Mickey Mouse;68965;Disney Characters - Disney Heroes;2;224;0;668;3;581;668
26/27;2026-09-18;The Nexus Bowl;tournament;Geek Masters Invitational;1;Qualifying;Mulan;55229;Disney Characters - Disney Heroes;2;196;0;567;46;581;567
26/27;2026-09-18;The Nexus Bowl;tournament;Geek Masters Invitational;1;Qualifying;Simba;65256;Disney Characters - Disney Heroes;2;209;0;609;25;581;609
26/27;2026-09-18;The Nexus Bowl;tournament;Geek Masters Invitational;1;Qualifying;Moana;56619;Disney Characters - Disney Heroes;2;166;0;491;76;581;491
26/27;2026-09-18;The Nexus Bowl;tournament;Geek Masters Invitational;1;Qualifying;Maleficent;74911;Disney Characters - Disney Villains;2;244;0;727;1;581;727
26/27;2026-09-18;The Nexus Bowl;tournament;Geek Masters Invitational;1;Qualifying;Scar;68217;Disney Characters - Disney Villains;2;211;0;563;50;581;563
26/27;2026-09-18;The Nexus Bowl;tournament;Geek Masters Invitational;1;Qualifying;Ursula;79714;Disney Characters - Disney Villains;2;209;0;548;58;581;548
26/27;2026-09-18;The Nexus Bowl;tournament;Geek Masters Invitational;1;Qualifying;Jafar;91660;Disney Characters - Disney Villains;2;167;0;519;66;581;519
26/27;2026-09-18;The Nexus Bowl;tournament;Geek Masters Invitational;1;Qualifying;Luke Skywalker;91905;Star Wars - Jedi Order;3;204;0;853;8;780;853
26/27;2026-09-18;The Nexus Bowl;tournament;Geek Masters Invitational;1;Qualifying;Obi-Wan Kenobi;57296;Star Wars - Jedi Order;3;181;0;719;61;780;719
26/27;2026-09-18;The Nexus Bowl;tournament;Geek Masters Invitational;1;Qualifying;Ahsoka Tano;51639;Star Wars - Jedi Order;3;176;0;748;50;780;748
26/27;2026-09-18;The Nexus Bowl;tournament;Geek Masters Invitational;1;Qualifying;Mace Windu;98598;Star Wars - Jedi Order;3;186;0;681;70;780;681
26/27;2026-09-18;The Nexus Bowl;tournament;Geek Masters Invitational;1;Qualifying;Darth Vader;68024;Star Wars - Sith Empire;3;223;0;851;10;780;851
26/27;2026-09-18;The Nexus Bowl;tournament;Geek Masters Invitational;1;Qualifying;Emperor Palpatine;66049;Star Wars - Sith Empire;3;207;0;851;11;780;851
26/27;2026-09-18;The Nexus Bowl;tournament;Geek Masters Invitational;1;Qualifying;Darth Maul;64628;Star Wars - Sith Empire;3;191;0;697;64;780;697
26/27;2026-09-18;The Nexus Bowl;tournament;Geek Masters Invitational;1;Qualifying;Count Dooku;59144;Star Wars - Sith Empire;3;183;0;685;68;780;685
26/27;2026-09-18;The Nexus Bowl;tournament;Geek Masters Invitational;1;Qualifying;Gandalf;98265;Lord of the Rings - Free Peoples;3;212;0;849;12;780;849
26/27;2026-09-18;The Nexus Bowl;tournament;Geek Masters Invitational;1;Qualifying;Aragorn;56717;Lord of the Rings - Free Peoples;3;193;0;792;34;780;792
26/27;2026-09-18;The Nexus Bowl;tournament;Geek Masters Invitational;1;Qualifying;Legolas;94348;Lord of the Rings - Free Peoples;3;155;0;618;80;780;618
26/27;2026-09-18;The Nexus Bowl;tournament;Geek Masters Invitational;1;Qualifying;Gimli;98540;Lord of the Rings - Free Peoples;3;176;0;697;65;780;697
26/27;2026-09-18;The Nexus Bowl;tournament;Geek Masters Invitational;1;Qualifying;Sauron;85741;Lord of the Rings - Forces of Mordor;3;190;0;813;23;780;813
26/27;2026-09-18;The Nexus Bowl;tournament;Geek Masters Invitational;1;Qualifying;Witch-king;55697;Lord of the Rings - Forces of Mordor;3;193;0;764;43;780;764
26/27;2026-09-18;The Nexus Bowl;tournament;Geek Masters Invitational;1;Qualifying;Saruman;88698;Lord of the Rings - Forces of Mordor;3;194;0;759;47;780;759
26/27;2026-09-18;The Nexus Bowl;tournament;Geek Masters Invitational;1;Qualifying;Uruk-hai Lurtz;77651;Lord of the Rings - Forces of Mordor;3;134;0;679;71;780;679
26/27;2026-09-18;The Nexus Bowl;tournament;Geek Masters Invitational;1;Qualifying;Harry Potter;52082;Harry Potter - Order of the Phoenix;3;250;0;947;2;780;947
26/27;2026-09-18;The Nexus Bowl;tournament;Geek Masters Invitational;1;Qualifying;Hermione Granger;51952;Harry Potter - Order of the Phoenix;3;202;0;785;37;780;785
26/27;2026-09-18;The Nexus Bowl;tournament;Geek Masters Invitational;1;Qualifying;Albus Dumbledore;56140;Harry Potter - Order of the Phoenix;3;205;0;822;19;780;822
26/27;2026-09-18;The Nexus Bowl;tournament;Geek Masters Invitational;1;Qualifying;Severus Snape;64328;Harry Potter - Order of the Phoenix;3;191;0;786;36;780;786
26/27;2026-09-18;The Nexus Bowl;tournament;Geek Masters Invitational;1;Qualifying;Lord Voldemort;65247;Harry Potter - Death Eaters;3;206;0;849;13;780;849
26/27;2026-09-18;The Nexus Bowl;tournament;Geek Masters Invitational;1;Qualifying;Bellatrix Lestrange;83118;Harry Potter - Death Eaters;3;187;0;788;35;780;788
26/27;2026-09-18;The Nexus Bowl;tournament;Geek Masters Invitational;1;Qualifying;Lucius Malfoy;89453;Harry Potter - Death Eaters;3;187;0;799;31;780;799
26/27;2026-09-18;The Nexus Bowl;tournament;Geek Masters Invitational;1;Qualifying;Barty Crouch Jr.;51739;Harry Potter - Death Eaters;3;179;0;673;72;780;673
26/27;2026-09-18;The Nexus Bowl;tournament;Geek Masters Invitational;1;Qualifying;Jon Snow;86781;Game of Thrones - Stark-Targaryen Alliance;3;209;0;801;30;780;801
26/27;2026-09-18;The Nexus Bowl;tournament;Geek Masters Invitational;1;Qualifying;Daenerys Targaryen;63031;Game of Thrones - Stark-Targaryen Alliance;3;182;0;763;44;780;763
26/27;2026-09-18;The Nexus Bowl;tournament;Geek Masters Invitational;1;Qualifying;Arya Stark;96925;Game of Thrones - Stark-Targaryen Alliance;3;191;0;730;59;780;730
26/27;2026-09-18;The Nexus Bowl;tournament;Geek Masters Invitational;1;Qualifying;Bran Stark;92590;Game of Thrones - Stark-Targaryen Alliance;3;166;0;690;67;780;690
26/27;2026-09-18;The Nexus Bowl;tournament;Geek Masters Invitational;1;Qualifying;Cersei Lannister;95962;Game of Thrones - Lannister-Crown;3;197;0;827;16;780;827
26/27;2026-09-18;The Nexus Bowl;tournament;Geek Masters Invitational;1;Qualifying;Jaime Lannister;85713;Game of Thrones - Lannister-Crown;3;209;0;783;38;780;783
26/27;2026-09-18;The Nexus Bowl;tournament;Geek Masters Invitational;1;Qualifying;Tywin Lannister;77493;Game of Thrones - Lannister-Crown;3;194;0;795;32;780;795
26/27;2026-09-18;The Nexus Bowl;tournament;Geek Masters Invitational;1;Qualifying;The Mountain;64446;Game of Thrones - Lannister-Crown;3;168;0;664;74;780;664
26/27;2026-09-18;The Nexus Bowl;tournament;Geek Masters Invitational;1;Qualifying;Kyle Katarn;79439;LucasArts Games - Jedi Knight Era;3;209;0;846;14;780;846
26/27;2026-09-18;The Nexus Bowl;tournament;Geek Masters Invitational;1;Qualifying;Mara Jade;88618;LucasArts Games - Jedi Knight Era;3;217;0;815;22;780;815
26/27;2026-09-18;The Nexus Bowl;tournament;Geek Masters Invitational;1;Qualifying;Jaden Korr;68231;LucasArts Games - Jedi Knight Era;3;210;0;780;39;780;780
26/27;2026-09-18;The Nexus Bowl;tournament;Geek Masters Invitational;1;Qualifying;Jan Ors;50425;LucasArts Games - Jedi Knight Era;3;179;0;732;57;780;732
26/27;2026-09-18;The Nexus Bowl;tournament;Geek Masters Invitational;1;Qualifying;Guybrush Threepwood;99729;LucasArts Games - Monkey Island & Legacy;3;197;0;810;26;780;810
26/27;2026-09-18;The Nexus Bowl;tournament;Geek Masters Invitational;1;Qualifying;LeChuck;60463;LucasArts Games - Monkey Island & Legacy;3;195;0;793;33;780;793
26/27;2026-09-18;The Nexus Bowl;tournament;Geek Masters Invitational;1;Qualifying;Elaine Marley;95753;LucasArts Games - Monkey Island & Legacy;3;193;0;756;49;780;756
26/27;2026-09-18;The Nexus Bowl;tournament;Geek Masters Invitational;1;Qualifying;Manny Calavera;77696;LucasArts Games - Monkey Island & Legacy;3;177;0;695;66;780;695
26/27;2026-09-18;The Nexus Bowl;tournament;Geek Masters Invitational;1;Qualifying;Paul Atreides;72298;Dune - House Atreides;3;220;0;856;7;780;856
26/27;2026-09-18;The Nexus Bowl;tournament;Geek Masters Invitational;1;Qualifying;Lady Jessica;68210;Dune - House Atreides;3;199;0;820;20;780;820
26/27;2026-09-18;The Nexus Bowl;tournament;Geek Masters Invitational;1;Qualifying;Duncan Idaho;60189;Dune - House Atreides;3;188;0;732;56;780;732
26/27;2026-09-18;The Nexus Bowl;tournament;Geek Masters Invitational;1;Qualifying;Gurney Halleck;64110;Dune - House Atreides;3;193;0;684;69;780;684
26/27;2026-09-18;The Nexus Bowl;tournament;Geek Masters Invitational;1;Qualifying;Baron Harkonnen;72059;Dune - Harkonnen-Sardaukar;3;194;0;757;48;780;757
26/27;2026-09-18;The Nexus Bowl;tournament;Geek Masters Invitational;1;Qualifying;Feyd-Rautha;56698;Dune - Harkonnen-Sardaukar;3;198;0;832;15;780;832
26/27;2026-09-18;The Nexus Bowl;tournament;Geek Masters Invitational;1;Qualifying;Count Fenring;56078;Dune - Harkonnen-Sardaukar;3;214;0;759;46;780;759
26/27;2026-09-18;The Nexus Bowl;tournament;Geek Masters Invitational;1;Qualifying;Glossu Rabban;74898;Dune - Harkonnen-Sardaukar;3;192;0;643;78;780;643
26/27;2026-09-18;The Nexus Bowl;tournament;Geek Masters Invitational;1;Qualifying;Jean-Luc Picard;56338;Star Trek - Federation;3;216;0;869;4;780;869
26/27;2026-09-18;The Nexus Bowl;tournament;Geek Masters Invitational;1;Qualifying;Spock;73526;Star Trek - Federation;3;204;0;808;27;780;808
26/27;2026-09-18;The Nexus Bowl;tournament;Geek Masters Invitational;1;Qualifying;Benjamin Sisko;72541;Star Trek - Federation;3;183;0;731;58;780;731
26/27;2026-09-18;The Nexus Bowl;tournament;Geek Masters Invitational;1;Qualifying;Kathryn Janeway;89565;Star Trek - Federation;3;176;0;647;76;780;647
26/27;2026-09-18;The Nexus Bowl;tournament;Geek Masters Invitational;1;Qualifying;Worf;67335;Star Trek - Klingon-Romulan;3;231;0;860;6;780;860
26/27;2026-09-18;The Nexus Bowl;tournament;Geek Masters Invitational;1;Qualifying;Gowron;52847;Star Trek - Klingon-Romulan;3;207;0;824;18;780;824
26/27;2026-09-18;The Nexus Bowl;tournament;Geek Masters Invitational;1;Qualifying;Commander Sela;97823;Star Trek - Klingon-Romulan;3;175;0;744;52;780;744
26/27;2026-09-18;The Nexus Bowl;tournament;Geek Masters Invitational;1;Qualifying;General Chang;80108;Star Trek - Klingon-Romulan;3;185;0;738;54;780;738
26/27;2026-09-18;The Nexus Bowl;tournament;Geek Masters Invitational;1;Qualifying;Commander Shepard;85142;Mass Effect - Alliance Crew;3;199;0;815;21;780;815
26/27;2026-09-18;The Nexus Bowl;tournament;Geek Masters Invitational;1;Qualifying;Garrus Vakarian;58180;Mass Effect - Alliance Crew;3;191;0;803;29;780;803
26/27;2026-09-18;The Nexus Bowl;tournament;Geek Masters Invitational;1;Qualifying;Liara T'Soni;74807;Mass Effect - Alliance Crew;3;187;0;780;40;780;780
26/27;2026-09-18;The Nexus Bowl;tournament;Geek Masters Invitational;1;Qualifying;Tali'Zorah;55164;Mass Effect - Alliance Crew;3;169;0;764;42;780;764
26/27;2026-09-18;The Nexus Bowl;tournament;Geek Masters Invitational;1;Qualifying;Illusive Man;86178;Mass Effect - Cerberus-Reapers;3;224;0;865;5;780;865
26/27;2026-09-18;The Nexus Bowl;tournament;Geek Masters Invitational;1;Qualifying;Harbinger;69213;Mass Effect - Cerberus-Reapers;3;210;0;812;24;780;812
26/27;2026-09-18;The Nexus Bowl;tournament;Geek Masters Invitational;1;Qualifying;Kai Leng;91198;Mass Effect - Cerberus-Reapers;3;181;0;741;53;780;741
26/27;2026-09-18;The Nexus Bowl;tournament;Geek Masters Invitational;1;Qualifying;Saren Arterius;90535;Mass Effect - Cerberus-Reapers;3;139;0;647;77;780;647
26/27;2026-09-18;The Nexus Bowl;tournament;Geek Masters Invitational;1;Qualifying;Roboute Guilliman;73700;Warhammer 40K - Imperium;3;201;0;852;9;780;852
26/27;2026-09-18;The Nexus Bowl;tournament;Geek Masters Invitational;1;Qualifying;Marneus Calgar;87837;Warhammer 40K - Imperium;3;195;0;745;51;780;745
26/27;2026-09-18;The Nexus Bowl;tournament;Geek Masters Invitational;1;Qualifying;Saint Celestine;62601;Warhammer 40K - Imperium;3;183;0;665;73;780;665
26/27;2026-09-18;The Nexus Bowl;tournament;Geek Masters Invitational;1;Qualifying;Inquisitor Eisenhorn;96174;Warhammer 40K - Imperium;3;136;0;629;79;780;629
26/27;2026-09-18;The Nexus Bowl;tournament;Geek Masters Invitational;1;Qualifying;Abaddon the Despoiler;54558;Warhammer 40K - Chaos;3;220;0;811;25;780;811
26/27;2026-09-18;The Nexus Bowl;tournament;Geek Masters Invitational;1;Qualifying;Magnus the Red;53003;Warhammer 40K - Chaos;3;185;0;735;55;780;735
26/27;2026-09-18;The Nexus Bowl;tournament;Geek Masters Invitational;1;Qualifying;Ahriman;93336;Warhammer 40K - Chaos;3;214;0;805;28;780;805
26/27;2026-09-18;The Nexus Bowl;tournament;Geek Masters Invitational;1;Qualifying;Kharn the Betrayer;64935;Warhammer 40K - Chaos;3;159;0;710;62;780;710
26/27;2026-09-18;The Nexus Bowl;tournament;Geek Masters Invitational;1;Qualifying;Mickey Mouse;68965;Disney Characters - Disney Heroes;3;219;0;887;3;780;887
26/27;2026-09-18;The Nexus Bowl;tournament;Geek Masters Invitational;1;Qualifying;Mulan;55229;Disney Characters - Disney Heroes;3;196;0;763;45;780;763
26/27;2026-09-18;The Nexus Bowl;tournament;Geek Masters Invitational;1;Qualifying;Simba;65256;Disney Characters - Disney Heroes;3;216;0;825;17;780;825
26/27;2026-09-18;The Nexus Bowl;tournament;Geek Masters Invitational;1;Qualifying;Moana;56619;Disney Characters - Disney Heroes;3;163;0;654;75;780;654
26/27;2026-09-18;The Nexus Bowl;tournament;Geek Masters Invitational;1;Qualifying;Maleficent;74911;Disney Characters - Disney Villains;3;233;0;960;1;780;960
26/27;2026-09-18;The Nexus Bowl;tournament;Geek Masters Invitational;1;Qualifying;Scar;68217;Disney Characters - Disney Villains;3;204;0;767;41;780;767
26/27;2026-09-18;The Nexus Bowl;tournament;Geek Masters Invitational;1;Qualifying;Ursula;79714;Disney Characters - Disney Villains;3;181;0;729;60;780;729
26/27;2026-09-18;The Nexus Bowl;tournament;Geek Masters Invitational;1;Qualifying;Jafar;91660;Disney Characters - Disney Villains;3;182;0;701;63;780;701
26/27;2026-09-18;The Nexus Bowl;tournament;Geek Masters Invitational;1;Qualifying;Luke Skywalker;91905;Star Wars - Jedi Order;4;224;0;1077;7;974;1077
26/27;2026-09-18;The Nexus Bowl;tournament;Geek Masters Invitational;1;Qualifying;Obi-Wan Kenobi;57296;Star Wars - Jedi Order;4;212;0;931;55;974;931
26/27;2026-09-18;The Nexus Bowl;tournament;Geek Masters Invitational;1;Qualifying;Ahsoka Tano;51639;Star Wars - Jedi Order;4;195;0;943;49;974;943
26/27;2026-09-18;The Nexus Bowl;tournament;Geek Masters Invitational;1;Qualifying;Mace Windu;98598;Star Wars - Jedi Order;4;179;0;860;69;974;860
26/27;2026-09-18;The Nexus Bowl;tournament;Geek Masters Invitational;1;Qualifying;Darth Vader;68024;Star Wars - Sith Empire;4;221;0;1072;8;974;1072
26/27;2026-09-18;The Nexus Bowl;tournament;Geek Masters Invitational;1;Qualifying;Emperor Palpatine;66049;Star Wars - Sith Empire;4;210;0;1061;13;974;1061
26/27;2026-09-18;The Nexus Bowl;tournament;Geek Masters Invitational;1;Qualifying;Darth Maul;64628;Star Wars - Sith Empire;4;179;0;876;64;974;876
26/27;2026-09-18;The Nexus Bowl;tournament;Geek Masters Invitational;1;Qualifying;Count Dooku;59144;Star Wars - Sith Empire;4;183;0;868;65;974;868
26/27;2026-09-18;The Nexus Bowl;tournament;Geek Masters Invitational;1;Qualifying;Gandalf;98265;Lord of the Rings - Free Peoples;4;219;0;1068;10;974;1068
26/27;2026-09-18;The Nexus Bowl;tournament;Geek Masters Invitational;1;Qualifying;Aragorn;56717;Lord of the Rings - Free Peoples;4;205;0;997;32;974;997
26/27;2026-09-18;The Nexus Bowl;tournament;Geek Masters Invitational;1;Qualifying;Legolas;94348;Lord of the Rings - Free Peoples;4;179;0;797;79;974;797
26/27;2026-09-18;The Nexus Bowl;tournament;Geek Masters Invitational;1;Qualifying;Gimli;98540;Lord of the Rings - Free Peoples;4;169;0;866;67;974;866
26/27;2026-09-18;The Nexus Bowl;tournament;Geek Masters Invitational;1;Qualifying;Sauron;85741;Lord of the Rings - Forces of Mordor;4;222;0;1035;19;974;1035
26/27;2026-09-18;The Nexus Bowl;tournament;Geek Masters Invitational;1;Qualifying;Witch-king;55697;Lord of the Rings - Forces of Mordor;4;195;0;959;43;974;959
26/27;2026-09-18;The Nexus Bowl;tournament;Geek Masters Invitational;1;Qualifying;Saruman;88698;Lord of the Rings - Forces of Mordor;4;178;0;937;51;974;937
26/27;2026-09-18;The Nexus Bowl;tournament;Geek Masters Invitational;1;Qualifying;Uruk-hai Lurtz;77651;Lord of the Rings - Forces of Mordor;4;188;0;867;66;974;867
26/27;2026-09-18;The Nexus Bowl;tournament;Geek Masters Invitational;1;Qualifying;Harry Potter;52082;Harry Potter - Order of the Phoenix;4;236;0;1183;2;974;1183
26/27;2026-09-18;The Nexus Bowl;tournament;Geek Masters Invitational;1;Qualifying;Hermione Granger;51952;Harry Potter - Order of the Phoenix;4;237;0;1022;24;974;1022
26/27;2026-09-18;The Nexus Bowl;tournament;Geek Masters Invitational;1;Qualifying;Albus Dumbledore;56140;Harry Potter - Order of the Phoenix;4;212;0;1034;20;974;1034
26/27;2026-09-18;The Nexus Bowl;tournament;Geek Masters Invitational;1;Qualifying;Severus Snape;64328;Harry Potter - Order of the Phoenix;4;166;0;952;44;974;952
26/27;2026-09-18;The Nexus Bowl;tournament;Geek Masters Invitational;1;Qualifying;Lord Voldemort;65247;Harry Potter - Death Eaters;4;214;0;1063;11;974;1063
26/27;2026-09-18;The Nexus Bowl;tournament;Geek Masters Invitational;1;Qualifying;Bellatrix Lestrange;83118;Harry Potter - Death Eaters;4;192;0;980;37;974;980
26/27;2026-09-18;The Nexus Bowl;tournament;Geek Masters Invitational;1;Qualifying;Lucius Malfoy;89453;Harry Potter - Death Eaters;4;187;0;986;35;974;986
26/27;2026-09-18;The Nexus Bowl;tournament;Geek Masters Invitational;1;Qualifying;Barty Crouch Jr.;51739;Harry Potter - Death Eaters;4;175;0;848;72;974;848
26/27;2026-09-18;The Nexus Bowl;tournament;Geek Masters Invitational;1;Qualifying;Jon Snow;86781;Game of Thrones - Stark-Targaryen Alliance;4;208;0;1009;28;974;1009
26/27;2026-09-18;The Nexus Bowl;tournament;Geek Masters Invitational;1;Qualifying;Daenerys Targaryen;63031;Game of Thrones - Stark-Targaryen Alliance;4;213;0;976;38;974;976
26/27;2026-09-18;The Nexus Bowl;tournament;Geek Masters Invitational;1;Qualifying;Arya Stark;96925;Game of Thrones - Stark-Targaryen Alliance;4;204;0;934;53;974;934
26/27;2026-09-18;The Nexus Bowl;tournament;Geek Masters Invitational;1;Qualifying;Bran Stark;92590;Game of Thrones - Stark-Targaryen Alliance;4;164;0;854;71;974;854
26/27;2026-09-18;The Nexus Bowl;tournament;Geek Masters Invitational;1;Qualifying;Cersei Lannister;95962;Game of Thrones - Lannister-Crown;4;214;0;1041;16;974;1041
26/27;2026-09-18;The Nexus Bowl;tournament;Geek Masters Invitational;1;Qualifying;Jaime Lannister;85713;Game of Thrones - Lannister-Crown;4;177;0;960;42;974;960
26/27;2026-09-18;The Nexus Bowl;tournament;Geek Masters Invitational;1;Qualifying;Tywin Lannister;77493;Game of Thrones - Lannister-Crown;4;212;0;1007;30;974;1007
26/27;2026-09-18;The Nexus Bowl;tournament;Geek Masters Invitational;1;Qualifying;The Mountain;64446;Game of Thrones - Lannister-Crown;4;178;0;842;74;974;842
26/27;2026-09-18;The Nexus Bowl;tournament;Geek Masters Invitational;1;Qualifying;Kyle Katarn;79439;LucasArts Games - Jedi Knight Era;4;202;0;1048;14;974;1048
26/27;2026-09-18;The Nexus Bowl;tournament;Geek Masters Invitational;1;Qualifying;Mara Jade;88618;LucasArts Games - Jedi Knight Era;4;209;0;1024;21;974;1024
26/27;2026-09-18;The Nexus Bowl;tournament;Geek Masters Invitational;1;Qualifying;Jaden Korr;68231;LucasArts Games - Jedi Knight Era;4;188;0;968;41;974;968
26/27;2026-09-18;The Nexus Bowl;tournament;Geek Masters Invitational;1;Qualifying;Jan Ors;50425;LucasArts Games - Jedi Knight Era;4;194;0;926;58;974;926
26/27;2026-09-18;The Nexus Bowl;tournament;Geek Masters Invitational;1;Qualifying;Guybrush Threepwood;99729;LucasArts Games - Monkey Island & Legacy;4;213;0;1023;22;974;1023
26/27;2026-09-18;The Nexus Bowl;tournament;Geek Masters Invitational;1;Qualifying;LeChuck;60463;LucasArts Games - Monkey Island & Legacy;4;202;0;995;33;974;995
26/27;2026-09-18;The Nexus Bowl;tournament;Geek Masters Invitational;1;Qualifying;Elaine Marley;95753;LucasArts Games - Monkey Island & Legacy;4;189;0;945;47;974;945
26/27;2026-09-18;The Nexus Bowl;tournament;Geek Masters Invitational;1;Qualifying;Manny Calavera;77696;LucasArts Games - Monkey Island & Legacy;4;170;0;865;68;974;865
26/27;2026-09-18;The Nexus Bowl;tournament;Geek Masters Invitational;1;Qualifying;Paul Atreides;72298;Dune - House Atreides;4;215;0;1071;9;974;1071
26/27;2026-09-18;The Nexus Bowl;tournament;Geek Masters Invitational;1;Qualifying;Lady Jessica;68210;Dune - House Atreides;4;203;0;1023;23;974;1023
26/27;2026-09-18;The Nexus Bowl;tournament;Geek Masters Invitational;1;Qualifying;Duncan Idaho;60189;Dune - House Atreides;4;204;0;936;52;974;936
26/27;2026-09-18;The Nexus Bowl;tournament;Geek Masters Invitational;1;Qualifying;Gurney Halleck;64110;Dune - House Atreides;4;133;0;817;75;974;817
26/27;2026-09-18;The Nexus Bowl;tournament;Geek Masters Invitational;1;Qualifying;Baron Harkonnen;72059;Dune - Harkonnen-Sardaukar;4;194;0;951;45;974;951
26/27;2026-09-18;The Nexus Bowl;tournament;Geek Masters Invitational;1;Qualifying;Feyd-Rautha;56698;Dune - Harkonnen-Sardaukar;4;206;0;1038;17;974;1038
26/27;2026-09-18;The Nexus Bowl;tournament;Geek Masters Invitational;1;Qualifying;Count Fenring;56078;Dune - Harkonnen-Sardaukar;4;178;0;937;50;974;937
26/27;2026-09-18;The Nexus Bowl;tournament;Geek Masters Invitational;1;Qualifying;Glossu Rabban;74898;Dune - Harkonnen-Sardaukar;4;171;0;814;76;974;814
26/27;2026-09-18;The Nexus Bowl;tournament;Geek Masters Invitational;1;Qualifying;Jean-Luc Picard;56338;Star Trek - Federation;4;214;0;1083;6;974;1083
26/27;2026-09-18;The Nexus Bowl;tournament;Geek Masters Invitational;1;Qualifying;Spock;73526;Star Trek - Federation;4;180;0;988;34;974;988
26/27;2026-09-18;The Nexus Bowl;tournament;Geek Masters Invitational;1;Qualifying;Benjamin Sisko;72541;Star Trek - Federation;4;182;0;913;59;974;913
26/27;2026-09-18;The Nexus Bowl;tournament;Geek Masters Invitational;1;Qualifying;Kathryn Janeway;89565;Star Trek - Federation;4;198;0;845;73;974;845
26/27;2026-09-18;The Nexus Bowl;tournament;Geek Masters Invitational;1;Qualifying;Worf;67335;Star Trek - Klingon-Romulan;4;226;0;1086;5;974;1086
26/27;2026-09-18;The Nexus Bowl;tournament;Geek Masters Invitational;1;Qualifying;Gowron;52847;Star Trek - Klingon-Romulan;4;213;0;1037;18;974;1037
26/27;2026-09-18;The Nexus Bowl;tournament;Geek Masters Invitational;1;Qualifying;Commander Sela;97823;Star Trek - Klingon-Romulan;4;186;0;930;56;974;930
26/27;2026-09-18;The Nexus Bowl;tournament;Geek Masters Invitational;1;Qualifying;General Chang;80108;Star Trek - Klingon-Romulan;4;175;0;913;60;974;913
26/27;2026-09-18;The Nexus Bowl;tournament;Geek Masters Invitational;1;Qualifying;Commander Shepard;85142;Mass Effect - Alliance Crew;4;202;0;1017;25;974;1017
26/27;2026-09-18;The Nexus Bowl;tournament;Geek Masters Invitational;1;Qualifying;Garrus Vakarian;58180;Mass Effect - Alliance Crew;4;205;0;1008;29;974;1008
26/27;2026-09-18;The Nexus Bowl;tournament;Geek Masters Invitational;1;Qualifying;Liara T'Soni;74807;Mass Effect - Alliance Crew;4;204;0;984;36;974;984
26/27;2026-09-18;The Nexus Bowl;tournament;Geek Masters Invitational;1;Qualifying;Tali'Zorah;55164;Mass Effect - Alliance Crew;4;180;0;944;48;974;944
26/27;2026-09-18;The Nexus Bowl;tournament;Geek Masters Invitational;1;Qualifying;Illusive Man;86178;Mass Effect - Cerberus-Reapers;4;197;0;1062;12;974;1062
26/27;2026-09-18;The Nexus Bowl;tournament;Geek Masters Invitational;1;Qualifying;Harbinger;69213;Mass Effect - Cerberus-Reapers;4;203;0;1015;26;974;1015
26/27;2026-09-18;The Nexus Bowl;tournament;Geek Masters Invitational;1;Qualifying;Kai Leng;91198;Mass Effect - Cerberus-Reapers;4;191;0;932;54;974;932
26/27;2026-09-18;The Nexus Bowl;tournament;Geek Masters Invitational;1;Qualifying;Saren Arterius;90535;Mass Effect - Cerberus-Reapers;4;164;0;811;78;974;811
26/27;2026-09-18;The Nexus Bowl;tournament;Geek Masters Invitational;1;Qualifying;Roboute Guilliman;73700;Warhammer 40K - Imperium;4;249;0;1101;4;974;1101
26/27;2026-09-18;The Nexus Bowl;tournament;Geek Masters Invitational;1;Qualifying;Marneus Calgar;87837;Warhammer 40K - Imperium;4;202;0;947;46;974;947
26/27;2026-09-18;The Nexus Bowl;tournament;Geek Masters Invitational;1;Qualifying;Saint Celestine;62601;Warhammer 40K - Imperium;4;192;0;857;70;974;857
26/27;2026-09-18;The Nexus Bowl;tournament;Geek Masters Invitational;1;Qualifying;Inquisitor Eisenhorn;96174;Warhammer 40K - Imperium;4;151;0;780;80;974;780
26/27;2026-09-18;The Nexus Bowl;tournament;Geek Masters Invitational;1;Qualifying;Abaddon the Despoiler;54558;Warhammer 40K - Chaos;4;231;0;1042;15;974;1042
26/27;2026-09-18;The Nexus Bowl;tournament;Geek Masters Invitational;1;Qualifying;Magnus the Red;53003;Warhammer 40K - Chaos;4;192;0;927;57;974;927
26/27;2026-09-18;The Nexus Bowl;tournament;Geek Masters Invitational;1;Qualifying;Ahriman;93336;Warhammer 40K - Chaos;4;198;0;1003;31;974;1003
26/27;2026-09-18;The Nexus Bowl;tournament;Geek Masters Invitational;1;Qualifying;Kharn the Betrayer;64935;Warhammer 40K - Chaos;4;186;0;896;62;974;896
26/27;2026-09-18;The Nexus Bowl;tournament;Geek Masters Invitational;1;Qualifying;Mickey Mouse;68965;Disney Characters - Disney Heroes;4;254;0;1141;3;974;1141
26/27;2026-09-18;The Nexus Bowl;tournament;Geek Masters Invitational;1;Qualifying;Mulan;55229;Disney Characters - Disney Heroes;4;211;0;974;40;974;974
26/27;2026-09-18;The Nexus Bowl;tournament;Geek Masters Invitational;1;Qualifying;Simba;65256;Disney Characters - Disney Heroes;4;185;0;1010;27;974;1010
26/27;2026-09-18;The Nexus Bowl;tournament;Geek Masters Invitational;1;Qualifying;Moana;56619;Disney Characters - Disney Heroes;4;158;0;812;77;974;812
26/27;2026-09-18;The Nexus Bowl;tournament;Geek Masters Invitational;1;Qualifying;Maleficent;74911;Disney Characters - Disney Villains;4;259;0;1219;1;974;1219
26/27;2026-09-18;The Nexus Bowl;tournament;Geek Masters Invitational;1;Qualifying;Scar;68217;Disney Characters - Disney Villains;4;209;0;976;39;974;976
26/27;2026-09-18;The Nexus Bowl;tournament;Geek Masters Invitational;1;Qualifying;Ursula;79714;Disney Characters - Disney Villains;4;183;0;912;61;974;912
26/27;2026-09-18;The Nexus Bowl;tournament;Geek Masters Invitational;1;Qualifying;Jafar;91660;Disney Characters - Disney Villains;4;177;0;878;63;974;878
26/27;2026-09-18;The Nexus Bowl;tournament;Geek Masters Invitational;1;Qualifying;Luke Skywalker;91905;Star Wars - Jedi Order;5;226;0;1303;7;1168;1303
26/27;2026-09-18;The Nexus Bowl;tournament;Geek Masters Invitational;1;Qualifying;Obi-Wan Kenobi;57296;Star Wars - Jedi Order;5;207;0;1138;48;1168;1138
26/27;2026-09-18;The Nexus Bowl;tournament;Geek Masters Invitational;1;Qualifying;Ahsoka Tano;51639;Star Wars - Jedi Order;5;176;0;1119;53;1168;1119
26/27;2026-09-18;The Nexus Bowl;tournament;Geek Masters Invitational;1;Qualifying;Mace Windu;98598;Star Wars - Jedi Order;5;183;0;1043;68;1168;1043
26/27;2026-09-18;The Nexus Bowl;tournament;Geek Masters Invitational;1;Qualifying;Darth Vader;68024;Star Wars - Sith Empire;5;202;0;1274;11;1168;1274
26/27;2026-09-18;The Nexus Bowl;tournament;Geek Masters Invitational;1;Qualifying;Emperor Palpatine;66049;Star Wars - Sith Empire;5;219;0;1280;9;1168;1280
26/27;2026-09-18;The Nexus Bowl;tournament;Geek Masters Invitational;1;Qualifying;Darth Maul;64628;Star Wars - Sith Empire;5;190;0;1066;62;1168;1066
26/27;2026-09-18;The Nexus Bowl;tournament;Geek Masters Invitational;1;Qualifying;Count Dooku;59144;Star Wars - Sith Empire;5;176;0;1044;66;1168;1044
26/27;2026-09-18;The Nexus Bowl;tournament;Geek Masters Invitational;1;Qualifying;Gandalf;98265;Lord of the Rings - Free Peoples;5;213;0;1281;8;1168;1281
26/27;2026-09-18;The Nexus Bowl;tournament;Geek Masters Invitational;1;Qualifying;Aragorn;56717;Lord of the Rings - Free Peoples;5;183;0;1180;37;1168;1180
26/27;2026-09-18;The Nexus Bowl;tournament;Geek Masters Invitational;1;Qualifying;Legolas;94348;Lord of the Rings - Free Peoples;5;139;0;936;80;1168;936
26/27;2026-09-18;The Nexus Bowl;tournament;Geek Masters Invitational;1;Qualifying;Gimli;98540;Lord of the Rings - Free Peoples;5;173;0;1039;70;1168;1039
26/27;2026-09-18;The Nexus Bowl;tournament;Geek Masters Invitational;1;Qualifying;Sauron;85741;Lord of the Rings - Forces of Mordor;5;228;0;1263;13;1168;1263
26/27;2026-09-18;The Nexus Bowl;tournament;Geek Masters Invitational;1;Qualifying;Witch-king;55697;Lord of the Rings - Forces of Mordor;5;196;0;1155;43;1168;1155
26/27;2026-09-18;The Nexus Bowl;tournament;Geek Masters Invitational;1;Qualifying;Saruman;88698;Lord of the Rings - Forces of Mordor;5;188;0;1125;52;1168;1125
26/27;2026-09-18;The Nexus Bowl;tournament;Geek Masters Invitational;1;Qualifying;Uruk-hai Lurtz;77651;Lord of the Rings - Forces of Mordor;5;185;0;1052;63;1168;1052
26/27;2026-09-18;The Nexus Bowl;tournament;Geek Masters Invitational;1;Qualifying;Harry Potter;52082;Harry Potter - Order of the Phoenix;5;232;0;1415;2;1168;1415
26/27;2026-09-18;The Nexus Bowl;tournament;Geek Masters Invitational;1;Qualifying;Hermione Granger;51952;Harry Potter - Order of the Phoenix;5;219;0;1241;22;1168;1241
26/27;2026-09-18;The Nexus Bowl;tournament;Geek Masters Invitational;1;Qualifying;Albus Dumbledore;56140;Harry Potter - Order of the Phoenix;5;203;0;1237;23;1168;1237
26/27;2026-09-18;The Nexus Bowl;tournament;Geek Masters Invitational;1;Qualifying;Severus Snape;64328;Harry Potter - Order of the Phoenix;5;181;0;1133;49;1168;1133
26/27;2026-09-18;The Nexus Bowl;tournament;Geek Masters Invitational;1;Qualifying;Lord Voldemort;65247;Harry Potter - Death Eaters;5;193;0;1256;15;1168;1256
26/27;2026-09-18;The Nexus Bowl;tournament;Geek Masters Invitational;1;Qualifying;Bellatrix Lestrange;83118;Harry Potter - Death Eaters;5;207;0;1187;33;1168;1187
26/27;2026-09-18;The Nexus Bowl;tournament;Geek Masters Invitational;1;Qualifying;Lucius Malfoy;89453;Harry Potter - Death Eaters;5;177;0;1163;41;1168;1163
26/27;2026-09-18;The Nexus Bowl;tournament;Geek Masters Invitational;1;Qualifying;Barty Crouch Jr.;51739;Harry Potter - Death Eaters;5;171;0;1019;73;1168;1019
26/27;2026-09-18;The Nexus Bowl;tournament;Geek Masters Invitational;1;Qualifying;Jon Snow;86781;Game of Thrones - Stark-Targaryen Alliance;5;202;0;1211;29;1168;1211
26/27;2026-09-18;The Nexus Bowl;tournament;Geek Masters Invitational;1;Qualifying;Daenerys Targaryen;63031;Game of Thrones - Stark-Targaryen Alliance;5;209;0;1185;34;1168;1185
26/27;2026-09-18;The Nexus Bowl;tournament;Geek Masters Invitational;1;Qualifying;Arya Stark;96925;Game of Thrones - Stark-Targaryen Alliance;5;176;0;1110;56;1168;1110
26/27;2026-09-18;The Nexus Bowl;tournament;Geek Masters Invitational;1;Qualifying;Bran Stark;92590;Game of Thrones - Stark-Targaryen Alliance;5;190;0;1044;65;1168;1044
26/27;2026-09-18;The Nexus Bowl;tournament;Geek Masters Invitational;1;Qualifying;Cersei Lannister;95962;Game of Thrones - Lannister-Crown;5;221;0;1262;14;1168;1262
26/27;2026-09-18;The Nexus Bowl;tournament;Geek Masters Invitational;1;Qualifying;Jaime Lannister;85713;Game of Thrones - Lannister-Crown;5;208;0;1168;40;1168;1168
26/27;2026-09-18;The Nexus Bowl;tournament;Geek Masters Invitational;1;Qualifying;Tywin Lannister;77493;Game of Thrones - Lannister-Crown;5;213;0;1220;26;1168;1220
26/27;2026-09-18;The Nexus Bowl;tournament;Geek Masters Invitational;1;Qualifying;The Mountain;64446;Game of Thrones - Lannister-Crown;5;165;0;1007;74;1168;1007
26/27;2026-09-18;The Nexus Bowl;tournament;Geek Masters Invitational;1;Qualifying;Kyle Katarn;79439;LucasArts Games - Jedi Knight Era;5;221;0;1269;12;1168;1269
26/27;2026-09-18;The Nexus Bowl;tournament;Geek Masters Invitational;1;Qualifying;Mara Jade;88618;LucasArts Games - Jedi Knight Era;5;191;0;1215;27;1168;1215
26/27;2026-09-18;The Nexus Bowl;tournament;Geek Masters Invitational;1;Qualifying;Jaden Korr;68231;LucasArts Games - Jedi Knight Era;5;184;0;1152;44;1168;1152
26/27;2026-09-18;The Nexus Bowl;tournament;Geek Masters Invitational;1;Qualifying;Jan Ors;50425;LucasArts Games - Jedi Knight Era;5;174;0;1100;59;1168;1100
26/27;2026-09-18;The Nexus Bowl;tournament;Geek Masters Invitational;1;Qualifying;Guybrush Threepwood;99729;LucasArts Games - Monkey Island & Legacy;5;221;0;1244;20;1168;1244
26/27;2026-09-18;The Nexus Bowl;tournament;Geek Masters Invitational;1;Qualifying;LeChuck;60463;LucasArts Games - Monkey Island & Legacy;5;200;0;1195;32;1168;1195
26/27;2026-09-18;The Nexus Bowl;tournament;Geek Masters Invitational;1;Qualifying;Elaine Marley;95753;LucasArts Games - Monkey Island & Legacy;5;203;0;1148;46;1168;1148
26/27;2026-09-18;The Nexus Bowl;tournament;Geek Masters Invitational;1;Qualifying;Manny Calavera;77696;LucasArts Games - Monkey Island & Legacy;5;169;0;1034;71;1168;1034
26/27;2026-09-18;The Nexus Bowl;tournament;Geek Masters Invitational;1;Qualifying;Paul Atreides;72298;Dune - House Atreides;5;206;0;1277;10;1168;1277
26/27;2026-09-18;The Nexus Bowl;tournament;Geek Masters Invitational;1;Qualifying;Lady Jessica;68210;Dune - House Atreides;5;205;0;1228;25;1168;1228
26/27;2026-09-18;The Nexus Bowl;tournament;Geek Masters Invitational;1;Qualifying;Duncan Idaho;60189;Dune - House Atreides;5;182;0;1118;54;1168;1118
26/27;2026-09-18;The Nexus Bowl;tournament;Geek Masters Invitational;1;Qualifying;Gurney Halleck;64110;Dune - House Atreides;5;167;0;984;75;1168;984
26/27;2026-09-18;The Nexus Bowl;tournament;Geek Masters Invitational;1;Qualifying;Baron Harkonnen;72059;Dune - Harkonnen-Sardaukar;5;209;0;1160;42;1168;1160
26/27;2026-09-18;The Nexus Bowl;tournament;Geek Masters Invitational;1;Qualifying;Feyd-Rautha;56698;Dune - Harkonnen-Sardaukar;5;205;0;1243;21;1168;1243
26/27;2026-09-18;The Nexus Bowl;tournament;Geek Masters Invitational;1;Qualifying;Count Fenring;56078;Dune - Harkonnen-Sardaukar;5;193;0;1130;50;1168;1130
26/27;2026-09-18;The Nexus Bowl;tournament;Geek Masters Invitational;1;Qualifying;Glossu Rabban;74898;Dune - Harkonnen-Sardaukar;5;157;0;971;76;1168;971
26/27;2026-09-18;The Nexus Bowl;tournament;Geek Masters Invitational;1;Qualifying;Jean-Luc Picard;56338;Star Trek - Federation;5;223;0;1306;6;1168;1306
26/27;2026-09-18;The Nexus Bowl;tournament;Geek Masters Invitational;1;Qualifying;Spock;73526;Star Trek - Federation;5;196;0;1184;35;1168;1184
26/27;2026-09-18;The Nexus Bowl;tournament;Geek Masters Invitational;1;Qualifying;Benjamin Sisko;72541;Star Trek - Federation;5;176;0;1089;60;1168;1089
26/27;2026-09-18;The Nexus Bowl;tournament;Geek Masters Invitational;1;Qualifying;Kathryn Janeway;89565;Star Trek - Federation;5;181;0;1026;72;1168;1026
26/27;2026-09-18;The Nexus Bowl;tournament;Geek Masters Invitational;1;Qualifying;Worf;67335;Star Trek - Klingon-Romulan;5;222;0;1308;5;1168;1308
26/27;2026-09-18;The Nexus Bowl;tournament;Geek Masters Invitational;1;Qualifying;Gowron;52847;Star Trek - Klingon-Romulan;5;210;0;1247;19;1168;1247
26/27;2026-09-18;The Nexus Bowl;tournament;Geek Masters Invitational;1;Qualifying;Commander Sela;97823;Star Trek - Klingon-Romulan;5;176;0;1106;57;1168;1106
26/27;2026-09-18;The Nexus Bowl;tournament;Geek Masters Invitational;1;Qualifying;General Chang;80108;Star Trek - Klingon-Romulan;5;162;0;1075;61;1168;1075
26/27;2026-09-18;The Nexus Bowl;tournament;Geek Masters Invitational;1;Qualifying;Commander Shepard;85142;Mass Effect - Alliance Crew;5;234;0;1251;17;1168;1251
26/27;2026-09-18;The Nexus Bowl;tournament;Geek Masters Invitational;1;Qualifying;Garrus Vakarian;58180;Mass Effect - Alliance Crew;5;205;0;1213;28;1168;1213
26/27;2026-09-18;The Nexus Bowl;tournament;Geek Masters Invitational;1;Qualifying;Liara T'Soni;74807;Mass Effect - Alliance Crew;5;197;0;1181;36;1168;1181
26/27;2026-09-18;The Nexus Bowl;tournament;Geek Masters Invitational;1;Qualifying;Tali'Zorah;55164;Mass Effect - Alliance Crew;5;199;0;1143;47;1168;1143
26/27;2026-09-18;The Nexus Bowl;tournament;Geek Masters Invitational;1;Qualifying;Illusive Man;86178;Mass Effect - Cerberus-Reapers;5;191;0;1253;16;1168;1253
26/27;2026-09-18;The Nexus Bowl;tournament;Geek Masters Invitational;1;Qualifying;Harbinger;69213;Mass Effect - Cerberus-Reapers;5;217;0;1232;24;1168;1232
26/27;2026-09-18;The Nexus Bowl;tournament;Geek Masters Invitational;1;Qualifying;Kai Leng;91198;Mass Effect - Cerberus-Reapers;5;194;0;1126;51;1168;1126
26/27;2026-09-18;The Nexus Bowl;tournament;Geek Masters Invitational;1;Qualifying;Saren Arterius;90535;Mass Effect - Cerberus-Reapers;5;154;0;965;78;1168;965
26/27;2026-09-18;The Nexus Bowl;tournament;Geek Masters Invitational;1;Qualifying;Roboute Guilliman;73700;Warhammer 40K - Imperium;5;214;0;1315;4;1168;1315
26/27;2026-09-18;The Nexus Bowl;tournament;Geek Masters Invitational;1;Qualifying;Marneus Calgar;87837;Warhammer 40K - Imperium;5;205;0;1152;45;1168;1152
26/27;2026-09-18;The Nexus Bowl;tournament;Geek Masters Invitational;1;Qualifying;Saint Celestine;62601;Warhammer 40K - Imperium;5;186;0;1043;69;1168;1043
26/27;2026-09-18;The Nexus Bowl;tournament;Geek Masters Invitational;1;Qualifying;Inquisitor Eisenhorn;96174;Warhammer 40K - Imperium;5;168;0;948;79;1168;948
26/27;2026-09-18;The Nexus Bowl;tournament;Geek Masters Invitational;1;Qualifying;Abaddon the Despoiler;54558;Warhammer 40K - Chaos;5;206;0;1248;18;1168;1248
26/27;2026-09-18;The Nexus Bowl;tournament;Geek Masters Invitational;1;Qualifying;Magnus the Red;53003;Warhammer 40K - Chaos;5;187;0;1114;55;1168;1114
26/27;2026-09-18;The Nexus Bowl;tournament;Geek Masters Invitational;1;Qualifying;Ahriman;93336;Warhammer 40K - Chaos;5;201;0;1204;30;1168;1204
26/27;2026-09-18;The Nexus Bowl;tournament;Geek Masters Invitational;1;Qualifying;Kharn the Betrayer;64935;Warhammer 40K - Chaos;5;151;0;1047;64;1168;1047
26/27;2026-09-18;The Nexus Bowl;tournament;Geek Masters Invitational;1;Qualifying;Mickey Mouse;68965;Disney Characters - Disney Heroes;5;224;0;1365;3;1168;1365
26/27;2026-09-18;The Nexus Bowl;tournament;Geek Masters Invitational;1;Qualifying;Mulan;55229;Disney Characters - Disney Heroes;5;196;0;1170;39;1168;1170
26/27;2026-09-18;The Nexus Bowl;tournament;Geek Masters Invitational;1;Qualifying;Simba;65256;Disney Characters - Disney Heroes;5;187;0;1197;31;1168;1197
26/27;2026-09-18;The Nexus Bowl;tournament;Geek Masters Invitational;1;Qualifying;Moana;56619;Disney Characters - Disney Heroes;5;157;0;969;77;1168;969
26/27;2026-09-18;The Nexus Bowl;tournament;Geek Masters Invitational;1;Qualifying;Maleficent;74911;Disney Characters - Disney Villains;5;239;0;1458;1;1168;1458
26/27;2026-09-18;The Nexus Bowl;tournament;Geek Masters Invitational;1;Qualifying;Scar;68217;Disney Characters - Disney Villains;5;197;0;1173;38;1168;1173
26/27;2026-09-18;The Nexus Bowl;tournament;Geek Masters Invitational;1;Qualifying;Ursula;79714;Disney Characters - Disney Villains;5;189;0;1101;58;1168;1101
26/27;2026-09-18;The Nexus Bowl;tournament;Geek Masters Invitational;1;Qualifying;Jafar;91660;Disney Characters - Disney Villains;5;166;0;1044;67;1168;1044
26/27;2026-09-18;The Nexus Bowl;tournament;Geek Masters Invitational;1;Qualifying;Luke Skywalker;91905;Star Wars - Jedi Order;6;226;0;1529;4;1358;1529
26/27;2026-09-18;The Nexus Bowl;tournament;Geek Masters Invitational;1;Qualifying;Obi-Wan Kenobi;57296;Star Wars - Jedi Order;6;188;0;1326;46;1358;1326
26/27;2026-09-18;The Nexus Bowl;tournament;Geek Masters Invitational;1;Qualifying;Ahsoka Tano;51639;Star Wars - Jedi Order;6;184;0;1303;54;1358;1303
26/27;2026-09-18;The Nexus Bowl;tournament;Geek Masters Invitational;1;Qualifying;Mace Windu;98598;Star Wars - Jedi Order;6;194;0;1237;62;1358;1237
26/27;2026-09-18;The Nexus Bowl;tournament;Geek Masters Invitational;1;Qualifying;Darth Vader;68024;Star Wars - Sith Empire;6;206;0;1480;12;1358;1480
26/27;2026-09-18;The Nexus Bowl;tournament;Geek Masters Invitational;1;Qualifying;Emperor Palpatine;66049;Star Wars - Sith Empire;6;221;0;1501;7;1358;1501
26/27;2026-09-18;The Nexus Bowl;tournament;Geek Masters Invitational;1;Qualifying;Darth Maul;64628;Star Wars - Sith Empire;6;154;0;1220;67;1358;1220
26/27;2026-09-18;The Nexus Bowl;tournament;Geek Masters Invitational;1;Qualifying;Count Dooku;59144;Star Wars - Sith Empire;6;188;0;1232;63;1358;1232
26/27;2026-09-18;The Nexus Bowl;tournament;Geek Masters Invitational;1;Qualifying;Gandalf;98265;Lord of the Rings - Free Peoples;6;216;0;1497;9;1358;1497
26/27;2026-09-18;The Nexus Bowl;tournament;Geek Masters Invitational;1;Qualifying;Aragorn;56717;Lord of the Rings - Free Peoples;6;183;0;1363;38;1358;1363
26/27;2026-09-18;The Nexus Bowl;tournament;Geek Masters Invitational;1;Qualifying;Legolas;94348;Lord of the Rings - Free Peoples;6;197;0;1133;80;1358;1133
26/27;2026-09-18;The Nexus Bowl;tournament;Geek Masters Invitational;1;Qualifying;Gimli;98540;Lord of the Rings - Free Peoples;6;170;0;1209;70;1358;1209
26/27;2026-09-18;The Nexus Bowl;tournament;Geek Masters Invitational;1;Qualifying;Sauron;85741;Lord of the Rings - Forces of Mordor;6;220;0;1483;11;1358;1483
26/27;2026-09-18;The Nexus Bowl;tournament;Geek Masters Invitational;1;Qualifying;Witch-king;55697;Lord of the Rings - Forces of Mordor;6;188;0;1343;43;1358;1343
26/27;2026-09-18;The Nexus Bowl;tournament;Geek Masters Invitational;1;Qualifying;Saruman;88698;Lord of the Rings - Forces of Mordor;6;187;0;1312;50;1358;1312
26/27;2026-09-18;The Nexus Bowl;tournament;Geek Masters Invitational;1;Qualifying;Uruk-hai Lurtz;77651;Lord of the Rings - Forces of Mordor;6;168;0;1220;68;1358;1220
26/27;2026-09-18;The Nexus Bowl;tournament;Geek Masters Invitational;1;Qualifying;Harry Potter;52082;Harry Potter - Order of the Phoenix;6;236;0;1651;2;1358;1651
26/27;2026-09-18;The Nexus Bowl;tournament;Geek Masters Invitational;1;Qualifying;Hermione Granger;51952;Harry Potter - Order of the Phoenix;6;178;0;1419;28;1358;1419
26/27;2026-09-18;The Nexus Bowl;tournament;Geek Masters Invitational;1;Qualifying;Albus Dumbledore;56140;Harry Potter - Order of the Phoenix;6;199;0;1436;24;1358;1436
26/27;2026-09-18;The Nexus Bowl;tournament;Geek Masters Invitational;1;Qualifying;Severus Snape;64328;Harry Potter - Order of the Phoenix;6;179;0;1312;51;1358;1312
26/27;2026-09-18;The Nexus Bowl;tournament;Geek Masters Invitational;1;Qualifying;Lord Voldemort;65247;Harry Potter - Death Eaters;6;214;0;1470;16;1358;1470
26/27;2026-09-18;The Nexus Bowl;tournament;Geek Masters Invitational;1;Qualifying;Bellatrix Lestrange;83118;Harry Potter - Death Eaters;6;194;0;1381;35;1358;1381
26/27;2026-09-18;The Nexus Bowl;tournament;Geek Masters Invitational;1;Qualifying;Lucius Malfoy;89453;Harry Potter - Death Eaters;6;193;0;1356;41;1358;1356
26/27;2026-09-18;The Nexus Bowl;tournament;Geek Masters Invitational;1;Qualifying;Barty Crouch Jr.;51739;Harry Potter - Death Eaters;6;173;0;1192;73;1358;1192
26/27;2026-09-18;The Nexus Bowl;tournament;Geek Masters Invitational;1;Qualifying;Jon Snow;86781;Game of Thrones - Stark-Targaryen Alliance;6;204;0;1415;29;1358;1415
26/27;2026-09-18;The Nexus Bowl;tournament;Geek Masters Invitational;1;Qualifying;Daenerys Targaryen;63031;Game of Thrones - Stark-Targaryen Alliance;6;174;0;1359;39;1358;1359
26/27;2026-09-18;The Nexus Bowl;tournament;Geek Masters Invitational;1;Qualifying;Arya Stark;96925;Game of Thrones - Stark-Targaryen Alliance;6;187;0;1297;56;1358;1297
26/27;2026-09-18;The Nexus Bowl;tournament;Geek Masters Invitational;1;Qualifying;Bran Stark;92590;Game of Thrones - Stark-Targaryen Alliance;6;176;0;1220;66;1358;1220
26/27;2026-09-18;The Nexus Bowl;tournament;Geek Masters Invitational;1;Qualifying;Cersei Lannister;95962;Game of Thrones - Lannister-Crown;6;209;0;1471;15;1358;1471
26/27;2026-09-18;The Nexus Bowl;tournament;Geek Masters Invitational;1;Qualifying;Jaime Lannister;85713;Game of Thrones - Lannister-Crown;6;200;0;1368;37;1358;1368
26/27;2026-09-18;The Nexus Bowl;tournament;Geek Masters Invitational;1;Qualifying;Tywin Lannister;77493;Game of Thrones - Lannister-Crown;6;224;0;1444;23;1358;1444
26/27;2026-09-18;The Nexus Bowl;tournament;Geek Masters Invitational;1;Qualifying;The Mountain;64446;Game of Thrones - Lannister-Crown;6;159;0;1166;74;1358;1166
26/27;2026-09-18;The Nexus Bowl;tournament;Geek Masters Invitational;1;Qualifying;Kyle Katarn;79439;LucasArts Games - Jedi Knight Era;6;207;0;1476;14;1358;1476
26/27;2026-09-18;The Nexus Bowl;tournament;Geek Masters Invitational;1;Qualifying;Mara Jade;88618;LucasArts Games - Jedi Knight Era;6;210;0;1425;27;1358;1425
26/27;2026-09-18;The Nexus Bowl;tournament;Geek Masters Invitational;1;Qualifying;Jaden Korr;68231;LucasArts Games - Jedi Knight Era;6;156;0;1308;52;1358;1308
26/27;2026-09-18;The Nexus Bowl;tournament;Geek Masters Invitational;1;Qualifying;Jan Ors;50425;LucasArts Games - Jedi Knight Era;6;190;0;1290;58;1358;1290
26/27;2026-09-18;The Nexus Bowl;tournament;Geek Masters Invitational;1;Qualifying;Guybrush Threepwood;99729;LucasArts Games - Monkey Island & Legacy;6;234;0;1478;13;1358;1478
26/27;2026-09-18;The Nexus Bowl;tournament;Geek Masters Invitational;1;Qualifying;LeChuck;60463;LucasArts Games - Monkey Island & Legacy;6;201;0;1396;32;1358;1396
26/27;2026-09-18;The Nexus Bowl;tournament;Geek Masters Invitational;1;Qualifying;Elaine Marley;95753;LucasArts Games - Monkey Island & Legacy;6;184;0;1332;44;1358;1332
26/27;2026-09-18;The Nexus Bowl;tournament;Geek Masters Invitational;1;Qualifying;Manny Calavera;77696;LucasArts Games - Monkey Island & Legacy;6;173;0;1207;72;1358;1207
26/27;2026-09-18;The Nexus Bowl;tournament;Geek Masters Invitational;1;Qualifying;Paul Atreides;72298;Dune - House Atreides;6;222;0;1499;8;1358;1499
26/27;2026-09-18;The Nexus Bowl;tournament;Geek Masters Invitational;1;Qualifying;Lady Jessica;68210;Dune - House Atreides;6;203;0;1431;25;1358;1431
26/27;2026-09-18;The Nexus Bowl;tournament;Geek Masters Invitational;1;Qualifying;Duncan Idaho;60189;Dune - House Atreides;6;187;0;1305;53;1358;1305
26/27;2026-09-18;The Nexus Bowl;tournament;Geek Masters Invitational;1;Qualifying;Gurney Halleck;64110;Dune - House Atreides;6;151;0;1135;79;1358;1135
26/27;2026-09-18;The Nexus Bowl;tournament;Geek Masters Invitational;1;Qualifying;Baron Harkonnen;72059;Dune - Harkonnen-Sardaukar;6;194;0;1354;42;1358;1354
26/27;2026-09-18;The Nexus Bowl;tournament;Geek Masters Invitational;1;Qualifying;Feyd-Rautha;56698;Dune - Harkonnen-Sardaukar;6;216;0;1459;19;1358;1459
26/27;2026-09-18;The Nexus Bowl;tournament;Geek Masters Invitational;1;Qualifying;Count Fenring;56078;Dune - Harkonnen-Sardaukar;6;169;0;1299;55;1358;1299
26/27;2026-09-18;The Nexus Bowl;tournament;Geek Masters Invitational;1;Qualifying;Glossu Rabban;74898;Dune - Harkonnen-Sardaukar;6;171;0;1142;76;1358;1142
26/27;2026-09-18;The Nexus Bowl;tournament;Geek Masters Invitational;1;Qualifying;Jean-Luc Picard;56338;Star Trek - Federation;6;201;0;1507;6;1358;1507
26/27;2026-09-18;The Nexus Bowl;tournament;Geek Masters Invitational;1;Qualifying;Spock;73526;Star Trek - Federation;6;225;0;1409;30;1358;1409
26/27;2026-09-18;The Nexus Bowl;tournament;Geek Masters Invitational;1;Qualifying;Benjamin Sisko;72541;Star Trek - Federation;6;183;0;1272;60;1358;1272
26/27;2026-09-18;The Nexus Bowl;tournament;Geek Masters Invitational;1;Qualifying;Kathryn Janeway;89565;Star Trek - Federation;6;196;0;1222;65;1358;1222
26/27;2026-09-18;The Nexus Bowl;tournament;Geek Masters Invitational;1;Qualifying;Worf;67335;Star Trek - Klingon-Romulan;6;218;0;1526;5;1358;1526
26/27;2026-09-18;The Nexus Bowl;tournament;Geek Masters Invitational;1;Qualifying;Gowron;52847;Star Trek - Klingon-Romulan;6;211;0;1458;20;1358;1458
26/27;2026-09-18;The Nexus Bowl;tournament;Geek Masters Invitational;1;Qualifying;Commander Sela;97823;Star Trek - Klingon-Romulan;6;189;0;1295;57;1358;1295
26/27;2026-09-18;The Nexus Bowl;tournament;Geek Masters Invitational;1;Qualifying;General Chang;80108;Star Trek - Klingon-Romulan;6;174;0;1249;61;1358;1249
26/27;2026-09-18;The Nexus Bowl;tournament;Geek Masters Invitational;1;Qualifying;Commander Shepard;85142;Mass Effect - Alliance Crew;6;218;0;1469;17;1358;1469
26/27;2026-09-18;The Nexus Bowl;tournament;Geek Masters Invitational;1;Qualifying;Garrus Vakarian;58180;Mass Effect - Alliance Crew;6;217;0;1430;26;1358;1430
26/27;2026-09-18;The Nexus Bowl;tournament;Geek Masters Invitational;1;Qualifying;Liara T'Soni;74807;Mass Effect - Alliance Crew;6;226;0;1407;31;1358;1407
26/27;2026-09-18;The Nexus Bowl;tournament;Geek Masters Invitational;1;Qualifying;Tali'Zorah;55164;Mass Effect - Alliance Crew;6;174;0;1317;49;1358;1317
26/27;2026-09-18;The Nexus Bowl;tournament;Geek Masters Invitational;1;Qualifying;Illusive Man;86178;Mass Effect - Cerberus-Reapers;6;212;0;1465;18;1358;1465
26/27;2026-09-18;The Nexus Bowl;tournament;Geek Masters Invitational;1;Qualifying;Harbinger;69213;Mass Effect - Cerberus-Reapers;6;214;0;1446;22;1358;1446
26/27;2026-09-18;The Nexus Bowl;tournament;Geek Masters Invitational;1;Qualifying;Kai Leng;91198;Mass Effect - Cerberus-Reapers;6;192;0;1318;47;1358;1318
26/27;2026-09-18;The Nexus Bowl;tournament;Geek Masters Invitational;1;Qualifying;Saren Arterius;90535;Mass Effect - Cerberus-Reapers;6;172;0;1137;78;1358;1137
26/27;2026-09-18;The Nexus Bowl;tournament;Geek Masters Invitational;1;Qualifying;Roboute Guilliman;73700;Warhammer 40K - Imperium;6;172;0;1487;10;1358;1487
26/27;2026-09-18;The Nexus Bowl;tournament;Geek Masters Invitational;1;Qualifying;Marneus Calgar;87837;Warhammer 40K - Imperium;6;180;0;1332;45;1358;1332
26/27;2026-09-18;The Nexus Bowl;tournament;Geek Masters Invitational;1;Qualifying;Saint Celestine;62601;Warhammer 40K - Imperium;6;166;0;1209;71;1358;1209
26/27;2026-09-18;The Nexus Bowl;tournament;Geek Masters Invitational;1;Qualifying;Inquisitor Eisenhorn;96174;Warhammer 40K - Imperium;6;190;0;1138;77;1358;1138
26/27;2026-09-18;The Nexus Bowl;tournament;Geek Masters Invitational;1;Qualifying;Abaddon the Despoiler;54558;Warhammer 40K - Chaos;6;207;0;1455;21;1358;1455
26/27;2026-09-18;The Nexus Bowl;tournament;Geek Masters Invitational;1;Qualifying;Magnus the Red;53003;Warhammer 40K - Chaos;6;203;0;1317;48;1358;1317
26/27;2026-09-18;The Nexus Bowl;tournament;Geek Masters Invitational;1;Qualifying;Ahriman;93336;Warhammer 40K - Chaos;6;188;0;1392;34;1358;1392
26/27;2026-09-18;The Nexus Bowl;tournament;Geek Masters Invitational;1;Qualifying;Kharn the Betrayer;64935;Warhammer 40K - Chaos;6;178;0;1225;64;1358;1225
26/27;2026-09-18;The Nexus Bowl;tournament;Geek Masters Invitational;1;Qualifying;Mickey Mouse;68965;Disney Characters - Disney Heroes;6;206;0;1571;3;1358;1571
26/27;2026-09-18;The Nexus Bowl;tournament;Geek Masters Invitational;1;Qualifying;Mulan;55229;Disney Characters - Disney Heroes;6;188;0;1358;40;1358;1358
26/27;2026-09-18;The Nexus Bowl;tournament;Geek Masters Invitational;1;Qualifying;Simba;65256;Disney Characters - Disney Heroes;6;196;0;1393;33;1358;1393
26/27;2026-09-18;The Nexus Bowl;tournament;Geek Masters Invitational;1;Qualifying;Moana;56619;Disney Characters - Disney Heroes;6;180;0;1149;75;1358;1149
26/27;2026-09-18;The Nexus Bowl;tournament;Geek Masters Invitational;1;Qualifying;Maleficent;74911;Disney Characters - Disney Villains;6;222;0;1680;1;1358;1680
26/27;2026-09-18;The Nexus Bowl;tournament;Geek Masters Invitational;1;Qualifying;Scar;68217;Disney Characters - Disney Villains;6;206;0;1379;36;1358;1379
26/27;2026-09-18;The Nexus Bowl;tournament;Geek Masters Invitational;1;Qualifying;Ursula;79714;Disney Characters - Disney Villains;6;180;0;1281;59;1358;1281
26/27;2026-09-18;The Nexus Bowl;tournament;Geek Masters Invitational;1;Qualifying;Jafar;91660;Disney Characters - Disney Villains;6;166;0;1210;69;1358;1210
26/27;2026-09-18;The Nexus Bowl;tournament;Geek Masters Invitational;1;Qualifying;Luke Skywalker;91905;Star Wars - Jedi Order;7;204;0;1733;5;1558;1733
26/27;2026-09-18;The Nexus Bowl;tournament;Geek Masters Invitational;1;Qualifying;Obi-Wan Kenobi;57296;Star Wars - Jedi Order;7;169;0;1495;53;1558;1495
26/27;2026-09-18;The Nexus Bowl;tournament;Geek Masters Invitational;1;Qualifying;Ahsoka Tano;51639;Star Wars - Jedi Order;7;186;0;1489;56;1558;1489
26/27;2026-09-18;The Nexus Bowl;tournament;Geek Masters Invitational;1;Qualifying;Mace Windu;98598;Star Wars - Jedi Order;7;180;0;1417;65;1558;1417
26/27;2026-09-18;The Nexus Bowl;tournament;Geek Masters Invitational;1;Qualifying;Darth Vader;68024;Star Wars - Sith Empire;7;209;0;1689;15;1558;1689
26/27;2026-09-18;The Nexus Bowl;tournament;Geek Masters Invitational;1;Qualifying;Emperor Palpatine;66049;Star Wars - Sith Empire;7;198;0;1699;12;1558;1699
26/27;2026-09-18;The Nexus Bowl;tournament;Geek Masters Invitational;1;Qualifying;Darth Maul;64628;Star Wars - Sith Empire;7;165;0;1385;71;1558;1385
26/27;2026-09-18;The Nexus Bowl;tournament;Geek Masters Invitational;1;Qualifying;Count Dooku;59144;Star Wars - Sith Empire;7;186;0;1418;64;1558;1418
26/27;2026-09-18;The Nexus Bowl;tournament;Geek Masters Invitational;1;Qualifying;Gandalf;98265;Lord of the Rings - Free Peoples;7;215;0;1712;9;1558;1712
26/27;2026-09-18;The Nexus Bowl;tournament;Geek Masters Invitational;1;Qualifying;Aragorn;56717;Lord of the Rings - Free Peoples;7;195;0;1558;40;1558;1558
26/27;2026-09-18;The Nexus Bowl;tournament;Geek Masters Invitational;1;Qualifying;Legolas;94348;Lord of the Rings - Free Peoples;7;214;0;1347;74;1558;1347
26/27;2026-09-18;The Nexus Bowl;tournament;Geek Masters Invitational;1;Qualifying;Gimli;98540;Lord of the Rings - Free Peoples;7;176;0;1385;72;1558;1385
26/27;2026-09-18;The Nexus Bowl;tournament;Geek Masters Invitational;1;Qualifying;Sauron;85741;Lord of the Rings - Forces of Mordor;7;222;0;1705;11;1558;1705
26/27;2026-09-18;The Nexus Bowl;tournament;Geek Masters Invitational;1;Qualifying;Witch-king;55697;Lord of the Rings - Forces of Mordor;7;193;0;1536;43;1558;1536
26/27;2026-09-18;The Nexus Bowl;tournament;Geek Masters Invitational;1;Qualifying;Saruman;88698;Lord of the Rings - Forces of Mordor;7;192;0;1504;49;1558;1504
26/27;2026-09-18;The Nexus Bowl;tournament;Geek Masters Invitational;1;Qualifying;Uruk-hai Lurtz;77651;Lord of the Rings - Forces of Mordor;7;206;0;1426;63;1558;1426
26/27;2026-09-18;The Nexus Bowl;tournament;Geek Masters Invitational;1;Qualifying;Harry Potter;52082;Harry Potter - Order of the Phoenix;7;228;0;1879;2;1558;1879
26/27;2026-09-18;The Nexus Bowl;tournament;Geek Masters Invitational;1;Qualifying;Hermione Granger;51952;Harry Potter - Order of the Phoenix;7;210;0;1629;25;1558;1629
26/27;2026-09-18;The Nexus Bowl;tournament;Geek Masters Invitational;1;Qualifying;Albus Dumbledore;56140;Harry Potter - Order of the Phoenix;7;191;0;1627;26;1558;1627
26/27;2026-09-18;The Nexus Bowl;tournament;Geek Masters Invitational;1;Qualifying;Severus Snape;64328;Harry Potter - Order of the Phoenix;7;199;0;1511;48;1558;1511
26/27;2026-09-18;The Nexus Bowl;tournament;Geek Masters Invitational;1;Qualifying;Lord Voldemort;65247;Harry Potter - Death Eaters;7;215;0;1685;17;1558;1685
26/27;2026-09-18;The Nexus Bowl;tournament;Geek Masters Invitational;1;Qualifying;Bellatrix Lestrange;83118;Harry Potter - Death Eaters;7;185;0;1566;38;1558;1566
26/27;2026-09-18;The Nexus Bowl;tournament;Geek Masters Invitational;1;Qualifying;Lucius Malfoy;89453;Harry Potter - Death Eaters;7;205;0;1561;39;1558;1561
26/27;2026-09-18;The Nexus Bowl;tournament;Geek Masters Invitational;1;Qualifying;Barty Crouch Jr.;51739;Harry Potter - Death Eaters;7;174;0;1366;73;1558;1366
26/27;2026-09-18;The Nexus Bowl;tournament;Geek Masters Invitational;1;Qualifying;Jon Snow;86781;Game of Thrones - Stark-Targaryen Alliance;7;204;0;1619;29;1558;1619
26/27;2026-09-18;The Nexus Bowl;tournament;Geek Masters Invitational;1;Qualifying;Daenerys Targaryen;63031;Game of Thrones - Stark-Targaryen Alliance;7;225;0;1584;34;1558;1584
26/27;2026-09-18;The Nexus Bowl;tournament;Geek Masters Invitational;1;Qualifying;Arya Stark;96925;Game of Thrones - Stark-Targaryen Alliance;7;197;0;1494;54;1558;1494
26/27;2026-09-18;The Nexus Bowl;tournament;Geek Masters Invitational;1;Qualifying;Bran Stark;92590;Game of Thrones - Stark-Targaryen Alliance;7;174;0;1394;70;1558;1394
26/27;2026-09-18;The Nexus Bowl;tournament;Geek Masters Invitational;1;Qualifying;Cersei Lannister;95962;Game of Thrones - Lannister-Crown;7;213;0;1684;18;1558;1684
26/27;2026-09-18;The Nexus Bowl;tournament;Geek Masters Invitational;1;Qualifying;Jaime Lannister;85713;Game of Thrones - Lannister-Crown;7;211;0;1579;35;1558;1579
26/27;2026-09-18;The Nexus Bowl;tournament;Geek Masters Invitational;1;Qualifying;Tywin Lannister;77493;Game of Thrones - Lannister-Crown;7;208;0;1652;23;1558;1652
26/27;2026-09-18;The Nexus Bowl;tournament;Geek Masters Invitational;1;Qualifying;The Mountain;64446;Game of Thrones - Lannister-Crown;7;176;0;1342;75;1558;1342
26/27;2026-09-18;The Nexus Bowl;tournament;Geek Masters Invitational;1;Qualifying;Kyle Katarn;79439;LucasArts Games - Jedi Knight Era;7;214;0;1690;14;1558;1690
26/27;2026-09-18;The Nexus Bowl;tournament;Geek Masters Invitational;1;Qualifying;Mara Jade;88618;LucasArts Games - Jedi Knight Era;7;195;0;1620;28;1558;1620
26/27;2026-09-18;The Nexus Bowl;tournament;Geek Masters Invitational;1;Qualifying;Jaden Korr;68231;LucasArts Games - Jedi Knight Era;7;206;0;1514;46;1558;1514
26/27;2026-09-18;The Nexus Bowl;tournament;Geek Masters Invitational;1;Qualifying;Jan Ors;50425;LucasArts Games - Jedi Knight Era;7;188;0;1478;58;1558;1478
26/27;2026-09-18;The Nexus Bowl;tournament;Geek Masters Invitational;1;Qualifying;Guybrush Threepwood;99729;LucasArts Games - Monkey Island & Legacy;7;227;0;1705;10;1558;1705
26/27;2026-09-18;The Nexus Bowl;tournament;Geek Masters Invitational;1;Qualifying;LeChuck;60463;LucasArts Games - Monkey Island & Legacy;7;190;0;1586;33;1558;1586
26/27;2026-09-18;The Nexus Bowl;tournament;Geek Masters Invitational;1;Qualifying;Elaine Marley;95753;LucasArts Games - Monkey Island & Legacy;7;189;0;1521;44;1558;1521
26/27;2026-09-18;The Nexus Bowl;tournament;Geek Masters Invitational;1;Qualifying;Manny Calavera;77696;LucasArts Games - Monkey Island & Legacy;7;197;0;1404;68;1558;1404
26/27;2026-09-18;The Nexus Bowl;tournament;Geek Masters Invitational;1;Qualifying;Paul Atreides;72298;Dune - House Atreides;7;227;0;1726;7;1558;1726
26/27;2026-09-18;The Nexus Bowl;tournament;Geek Masters Invitational;1;Qualifying;Lady Jessica;68210;Dune - House Atreides;7;202;0;1633;24;1558;1633
26/27;2026-09-18;The Nexus Bowl;tournament;Geek Masters Invitational;1;Qualifying;Duncan Idaho;60189;Dune - House Atreides;7;196;0;1501;52;1558;1501
26/27;2026-09-18;The Nexus Bowl;tournament;Geek Masters Invitational;1;Qualifying;Gurney Halleck;64110;Dune - House Atreides;7;169;0;1304;79;1558;1304
26/27;2026-09-18;The Nexus Bowl;tournament;Geek Masters Invitational;1;Qualifying;Baron Harkonnen;72059;Dune - Harkonnen-Sardaukar;7;214;0;1568;37;1558;1568
26/27;2026-09-18;The Nexus Bowl;tournament;Geek Masters Invitational;1;Qualifying;Feyd-Rautha;56698;Dune - Harkonnen-Sardaukar;7;210;0;1669;20;1558;1669
26/27;2026-09-18;The Nexus Bowl;tournament;Geek Masters Invitational;1;Qualifying;Count Fenring;56078;Dune - Harkonnen-Sardaukar;7;204;0;1503;50;1558;1503
26/27;2026-09-18;The Nexus Bowl;tournament;Geek Masters Invitational;1;Qualifying;Glossu Rabban;74898;Dune - Harkonnen-Sardaukar;7;172;0;1314;77;1558;1314
26/27;2026-09-18;The Nexus Bowl;tournament;Geek Masters Invitational;1;Qualifying;Jean-Luc Picard;56338;Star Trek - Federation;7;211;0;1718;8;1558;1718
26/27;2026-09-18;The Nexus Bowl;tournament;Geek Masters Invitational;1;Qualifying;Spock;73526;Star Trek - Federation;7;200;0;1609;32;1558;1609
26/27;2026-09-18;The Nexus Bowl;tournament;Geek Masters Invitational;1;Qualifying;Benjamin Sisko;72541;Star Trek - Federation;7;185;0;1457;60;1558;1457
26/27;2026-09-18;The Nexus Bowl;tournament;Geek Masters Invitational;1;Qualifying;Kathryn Janeway;89565;Star Trek - Federation;7;229;0;1451;61;1558;1451
26/27;2026-09-18;The Nexus Bowl;tournament;Geek Masters Invitational;1;Qualifying;Worf;67335;Star Trek - Klingon-Romulan;7;217;0;1743;4;1558;1743
26/27;2026-09-18;The Nexus Bowl;tournament;Geek Masters Invitational;1;Qualifying;Gowron;52847;Star Trek - Klingon-Romulan;7;216;0;1674;19;1558;1674
26/27;2026-09-18;The Nexus Bowl;tournament;Geek Masters Invitational;1;Qualifying;Commander Sela;97823;Star Trek - Klingon-Romulan;7;188;0;1483;57;1558;1483
26/27;2026-09-18;The Nexus Bowl;tournament;Geek Masters Invitational;1;Qualifying;General Chang;80108;Star Trek - Klingon-Romulan;7;184;0;1433;62;1558;1433
26/27;2026-09-18;The Nexus Bowl;tournament;Geek Masters Invitational;1;Qualifying;Commander Shepard;85142;Mass Effect - Alliance Crew;7;229;0;1698;13;1558;1698
26/27;2026-09-18;The Nexus Bowl;tournament;Geek Masters Invitational;1;Qualifying;Garrus Vakarian;58180;Mass Effect - Alliance Crew;7;193;0;1623;27;1558;1623
26/27;2026-09-18;The Nexus Bowl;tournament;Geek Masters Invitational;1;Qualifying;Liara T'Soni;74807;Mass Effect - Alliance Crew;7;209;0;1616;30;1558;1616
26/27;2026-09-18;The Nexus Bowl;tournament;Geek Masters Invitational;1;Qualifying;Tali'Zorah;55164;Mass Effect - Alliance Crew;7;185;0;1502;51;1558;1502
26/27;2026-09-18;The Nexus Bowl;tournament;Geek Masters Invitational;1;Qualifying;Illusive Man;86178;Mass Effect - Cerberus-Reapers;7;223;0;1688;16;1558;1688
26/27;2026-09-18;The Nexus Bowl;tournament;Geek Masters Invitational;1;Qualifying;Harbinger;69213;Mass Effect - Cerberus-Reapers;7;211;0;1657;22;1558;1657
26/27;2026-09-18;The Nexus Bowl;tournament;Geek Masters Invitational;1;Qualifying;Kai Leng;91198;Mass Effect - Cerberus-Reapers;7;195;0;1513;47;1558;1513
26/27;2026-09-18;The Nexus Bowl;tournament;Geek Masters Invitational;1;Qualifying;Saren Arterius;90535;Mass Effect - Cerberus-Reapers;7;194;0;1331;76;1558;1331
26/27;2026-09-18;The Nexus Bowl;tournament;Geek Masters Invitational;1;Qualifying;Roboute Guilliman;73700;Warhammer 40K - Imperium;7;243;0;1730;6;1558;1730
26/27;2026-09-18;The Nexus Bowl;tournament;Geek Masters Invitational;1;Qualifying;Marneus Calgar;87837;Warhammer 40K - Imperium;7;186;0;1518;45;1558;1518
26/27;2026-09-18;The Nexus Bowl;tournament;Geek Masters Invitational;1;Qualifying;Saint Celestine;62601;Warhammer 40K - Imperium;7;196;0;1405;67;1558;1405
26/27;2026-09-18;The Nexus Bowl;tournament;Geek Masters Invitational;1;Qualifying;Inquisitor Eisenhorn;96174;Warhammer 40K - Imperium;7;141;0;1279;80;1558;1279
26/27;2026-09-18;The Nexus Bowl;tournament;Geek Masters Invitational;1;Qualifying;Abaddon the Despoiler;54558;Warhammer 40K - Chaos;7;207;0;1662;21;1558;1662
26/27;2026-09-18;The Nexus Bowl;tournament;Geek Masters Invitational;1;Qualifying;Magnus the Red;53003;Warhammer 40K - Chaos;7;177;0;1494;55;1558;1494
26/27;2026-09-18;The Nexus Bowl;tournament;Geek Masters Invitational;1;Qualifying;Ahriman;93336;Warhammer 40K - Chaos;7;160;0;1552;42;1558;1552
26/27;2026-09-18;The Nexus Bowl;tournament;Geek Masters Invitational;1;Qualifying;Kharn the Betrayer;64935;Warhammer 40K - Chaos;7;184;0;1409;66;1558;1409
26/27;2026-09-18;The Nexus Bowl;tournament;Geek Masters Invitational;1;Qualifying;Mickey Mouse;68965;Disney Characters - Disney Heroes;7;259;0;1830;3;1558;1830
26/27;2026-09-18;The Nexus Bowl;tournament;Geek Masters Invitational;1;Qualifying;Mulan;55229;Disney Characters - Disney Heroes;7;196;0;1554;41;1558;1554
26/27;2026-09-18;The Nexus Bowl;tournament;Geek Masters Invitational;1;Qualifying;Simba;65256;Disney Characters - Disney Heroes;7;217;0;1610;31;1558;1610
26/27;2026-09-18;The Nexus Bowl;tournament;Geek Masters Invitational;1;Qualifying;Moana;56619;Disney Characters - Disney Heroes;7;164;0;1313;78;1558;1313
26/27;2026-09-18;The Nexus Bowl;tournament;Geek Masters Invitational;1;Qualifying;Maleficent;74911;Disney Characters - Disney Villains;7;259;0;1939;1;1558;1939
26/27;2026-09-18;The Nexus Bowl;tournament;Geek Masters Invitational;1;Qualifying;Scar;68217;Disney Characters - Disney Villains;7;195;0;1574;36;1558;1574
26/27;2026-09-18;The Nexus Bowl;tournament;Geek Masters Invitational;1;Qualifying;Ursula;79714;Disney Characters - Disney Villains;7;191;0;1472;59;1558;1472
26/27;2026-09-18;The Nexus Bowl;tournament;Geek Masters Invitational;1;Qualifying;Jafar;91660;Disney Characters - Disney Villains;7;191;0;1401;69;1558;1401
26/27;2026-09-19;The Nexus Bowl;tournament;Geek Masters Invitational;2;Round 2;Maleficent;74911;Disney Characters - Disney Villains;0;194;0;194;32;206;2133
26/27;2026-09-19;The Nexus Bowl;tournament;Geek Masters Invitational;2;Round 2;Harry Potter;52082;Harry Potter - Order of the Phoenix;0;238;0;238;1;206;2117
26/27;2026-09-19;The Nexus Bowl;tournament;Geek Masters Invitational;2;Round 2;Mickey Mouse;68965;Disney Characters - Disney Heroes;0;180;0;180;40;206;2010
26/27;2026-09-19;The Nexus Bowl;tournament;Geek Masters Invitational;2;Round 2;Worf;67335;Star Trek - Klingon-Romulan;0;219;0;219;3;206;1962
26/27;2026-09-19;The Nexus Bowl;tournament;Geek Masters Invitational;2;Round 2;Luke Skywalker;91905;Star Wars - Jedi Order;0;224;0;224;2;206;1957
26/27;2026-09-19;The Nexus Bowl;tournament;Geek Masters Invitational;2;Round 2;Roboute Guilliman;73700;Warhammer 40K - Imperium;0;208;0;208;17;206;1938
26/27;2026-09-19;The Nexus Bowl;tournament;Geek Masters Invitational;2;Round 2;Paul Atreides;72298;Dune - House Atreides;0;210;0;210;12;206;1936
26/27;2026-09-19;The Nexus Bowl;tournament;Geek Masters Invitational;2;Round 2;Jean-Luc Picard;56338;Star Trek - Federation;0;206;0;206;19;206;1924
26/27;2026-09-19;The Nexus Bowl;tournament;Geek Masters Invitational;2;Round 2;Gandalf;98265;Lord of the Rings - Free Peoples;0;200;0;200;24;206;1912
26/27;2026-09-19;The Nexus Bowl;tournament;Geek Masters Invitational;2;Round 2;Guybrush Threepwood;99729;LucasArts Games - Monkey Island & Legacy;0;196;0;196;27;206;1901
26/27;2026-09-19;The Nexus Bowl;tournament;Geek Masters Invitational;2;Round 2;Sauron;85741;Lord of the Rings - Forces of Mordor;0;218;0;218;5;206;1923
26/27;2026-09-19;The Nexus Bowl;tournament;Geek Masters Invitational;2;Round 2;Emperor Palpatine;66049;Star Wars - Sith Empire;0;196;0;196;26;206;1895
26/27;2026-09-19;The Nexus Bowl;tournament;Geek Masters Invitational;2;Round 2;Commander Shepard;85142;Mass Effect - Alliance Crew;0;200;0;200;23;206;1898
26/27;2026-09-19;The Nexus Bowl;tournament;Geek Masters Invitational;2;Round 2;Kyle Katarn;79439;LucasArts Games - Jedi Knight Era;0;207;0;207;18;206;1897
26/27;2026-09-19;The Nexus Bowl;tournament;Geek Masters Invitational;2;Round 2;Darth Vader;68024;Star Wars - Sith Empire;0;214;0;214;9;206;1903
26/27;2026-09-19;The Nexus Bowl;tournament;Geek Masters Invitational;2;Round 2;Illusive Man;86178;Mass Effect - Cerberus-Reapers;0;204;0;204;22;206;1892
26/27;2026-09-19;The Nexus Bowl;tournament;Geek Masters Invitational;2;Round 2;Lord Voldemort;65247;Harry Potter - Death Eaters;0;217;0;217;6;206;1902
26/27;2026-09-19;The Nexus Bowl;tournament;Geek Masters Invitational;2;Round 2;Cersei Lannister;95962;Game of Thrones - Lannister-Crown;0;208;0;208;14;206;1892
26/27;2026-09-19;The Nexus Bowl;tournament;Geek Masters Invitational;2;Round 2;Gowron;52847;Star Trek - Klingon-Romulan;0;181;0;181;38;206;1855
26/27;2026-09-19;The Nexus Bowl;tournament;Geek Masters Invitational;2;Round 2;Feyd-Rautha;56698;Dune - Harkonnen-Sardaukar;0;212;0;212;11;206;1881
26/27;2026-09-19;The Nexus Bowl;tournament;Geek Masters Invitational;2;Round 2;Abaddon the Despoiler;54558;Warhammer 40K - Chaos;0;218;0;218;4;206;1880
26/27;2026-09-19;The Nexus Bowl;tournament;Geek Masters Invitational;2;Round 2;Harbinger;69213;Mass Effect - Cerberus-Reapers;0;208;0;208;15;206;1865
26/27;2026-09-19;The Nexus Bowl;tournament;Geek Masters Invitational;2;Round 2;Tywin Lannister;77493;Game of Thrones - Lannister-Crown;0;195;0;195;31;206;1847
26/27;2026-09-19;The Nexus Bowl;tournament;Geek Masters Invitational;2;Round 2;Lady Jessica;68210;Dune - House Atreides;0;196;0;196;28;206;1829
26/27;2026-09-19;The Nexus Bowl;tournament;Geek Masters Invitational;2;Round 2;Hermione Granger;51952;Harry Potter - Order of the Phoenix;0;208;0;208;16;206;1837
26/27;2026-09-19;The Nexus Bowl;tournament;Geek Masters Invitational;2;Round 2;Albus Dumbledore;56140;Harry Potter - Order of the Phoenix;0;215;0;215;7;206;1842
26/27;2026-09-19;The Nexus Bowl;tournament;Geek Masters Invitational;2;Round 2;Garrus Vakarian;58180;Mass Effect - Alliance Crew;0;198;0;198;25;206;1821
26/27;2026-09-19;The Nexus Bowl;tournament;Geek Masters Invitational;2;Round 2;Mara Jade;88618;LucasArts Games - Jedi Knight Era;0;205;0;205;21;206;1825
26/27;2026-09-19;The Nexus Bowl;tournament;Geek Masters Invitational;2;Round 2;Jon Snow;86781;Game of Thrones - Stark-Targaryen Alliance;0;209;0;209;13;206;1828
26/27;2026-09-19;The Nexus Bowl;tournament;Geek Masters Invitational;2;Round 2;Liara T'Soni;74807;Mass Effect - Alliance Crew;0;213;0;213;10;206;1829
26/27;2026-09-19;The Nexus Bowl;tournament;Geek Masters Invitational;2;Round 2;Simba;65256;Disney Characters - Disney Heroes;0;194;0;194;33;206;1804
26/27;2026-09-19;The Nexus Bowl;tournament;Geek Masters Invitational;2;Round 2;Spock;73526;Star Trek - Federation;0;191;0;191;34;206;1800
26/27;2026-09-19;The Nexus Bowl;tournament;Geek Masters Invitational;2;Round 2;LeChuck;60463;LucasArts Games - Monkey Island & Legacy;0;206;0;206;20;206;1792
26/27;2026-09-19;The Nexus Bowl;tournament;Geek Masters Invitational;2;Round 2;Daenerys Targaryen;63031;Game of Thrones - Stark-Targaryen Alliance;0;215;0;215;8;206;1799
26/27;2026-09-19;The Nexus Bowl;tournament;Geek Masters Invitational;2;Round 2;Jaime Lannister;85713;Game of Thrones - Lannister-Crown;0;180;0;180;39;206;1759
26/27;2026-09-19;The Nexus Bowl;tournament;Geek Masters Invitational;2;Round 2;Scar;68217;Disney Characters - Disney Villains;0;196;0;196;29;206;1770
26/27;2026-09-19;The Nexus Bowl;tournament;Geek Masters Invitational;2;Round 2;Baron Harkonnen;72059;Dune - Harkonnen-Sardaukar;0;185;0;185;36;206;1753
26/27;2026-09-19;The Nexus Bowl;tournament;Geek Masters Invitational;2;Round 2;Bellatrix Lestrange;83118;Harry Potter - Death Eaters;0;195;0;195;30;206;1761
26/27;2026-09-19;The Nexus Bowl;tournament;Geek Masters Invitational;2;Round 2;Lucius Malfoy;89453;Harry Potter - Death Eaters;0;184;0;184;37;206;1745
26/27;2026-09-19;The Nexus Bowl;tournament;Geek Masters Invitational;2;Round 2;Aragorn;56717;Lord of the Rings - Free Peoples;0;188;0;188;35;206;1746
26/27;2026-09-19;The Nexus Bowl;tournament;Geek Masters Invitational;2;Round 2;Maleficent;74911;Disney Characters - Disney Villains;1;248;0;442;5;416;2381
26/27;2026-09-19;The Nexus Bowl;tournament;Geek Masters Invitational;2;Round 2;Harry Potter;52082;Harry Potter - Order of the Phoenix;1;239;0;477;1;416;2356
26/27;2026-09-19;The Nexus Bowl;tournament;Geek Masters Invitational;2;Round 2;Mickey Mouse;68965;Disney Characters - Disney Heroes;1;239;0;419;15;416;2249
26/27;2026-09-19;The Nexus Bowl;tournament;Geek Masters Invitational;2;Round 2;Worf;67335;Star Trek - Klingon-Romulan;1;206;0;425;10;416;2168
26/27;2026-09-19;The Nexus Bowl;tournament;Geek Masters Invitational;2;Round 2;Luke Skywalker;91905;Star Wars - Jedi Order;1;221;0;445;4;416;2178
26/27;2026-09-19;The Nexus Bowl;tournament;Geek Masters Invitational;2;Round 2;Roboute Guilliman;73700;Warhammer 40K - Imperium;1;208;0;416;20;416;2146
26/27;2026-09-19;The Nexus Bowl;tournament;Geek Masters Invitational;2;Round 2;Paul Atreides;72298;Dune - House Atreides;1;209;0;419;16;416;2145
26/27;2026-09-19;The Nexus Bowl;tournament;Geek Masters Invitational;2;Round 2;Jean-Luc Picard;56338;Star Trek - Federation;1;216;0;422;12;416;2140
26/27;2026-09-19;The Nexus Bowl;tournament;Geek Masters Invitational;2;Round 2;Gandalf;98265;Lord of the Rings - Free Peoples;1;212;0;412;22;416;2124
26/27;2026-09-19;The Nexus Bowl;tournament;Geek Masters Invitational;2;Round 2;Guybrush Threepwood;99729;LucasArts Games - Monkey Island & Legacy;1;173;0;369;39;416;2074
26/27;2026-09-19;The Nexus Bowl;tournament;Geek Masters Invitational;2;Round 2;Sauron;85741;Lord of the Rings - Forces of Mordor;1;205;0;423;11;416;2128
26/27;2026-09-19;The Nexus Bowl;tournament;Geek Masters Invitational;2;Round 2;Emperor Palpatine;66049;Star Wars - Sith Empire;1;201;0;397;29;416;2096
26/27;2026-09-19;The Nexus Bowl;tournament;Geek Masters Invitational;2;Round 2;Commander Shepard;85142;Mass Effect - Alliance Crew;1;205;0;405;24;416;2103
26/27;2026-09-19;The Nexus Bowl;tournament;Geek Masters Invitational;2;Round 2;Kyle Katarn;79439;LucasArts Games - Jedi Knight Era;1;209;0;416;19;416;2106
26/27;2026-09-19;The Nexus Bowl;tournament;Geek Masters Invitational;2;Round 2;Darth Vader;68024;Star Wars - Sith Empire;1;220;0;434;7;416;2123
26/27;2026-09-19;The Nexus Bowl;tournament;Geek Masters Invitational;2;Round 2;Illusive Man;86178;Mass Effect - Cerberus-Reapers;1;226;0;430;8;416;2118
26/27;2026-09-19;The Nexus Bowl;tournament;Geek Masters Invitational;2;Round 2;Lord Voldemort;65247;Harry Potter - Death Eaters;1;221;0;438;6;416;2123
26/27;2026-09-19;The Nexus Bowl;tournament;Geek Masters Invitational;2;Round 2;Cersei Lannister;95962;Game of Thrones - Lannister-Crown;1;206;0;414;21;416;2098
26/27;2026-09-19;The Nexus Bowl;tournament;Geek Masters Invitational;2;Round 2;Gowron;52847;Star Trek - Klingon-Romulan;1;202;0;383;38;416;2057
26/27;2026-09-19;The Nexus Bowl;tournament;Geek Masters Invitational;2;Round 2;Feyd-Rautha;56698;Dune - Harkonnen-Sardaukar;1;206;0;418;17;416;2087
26/27;2026-09-19;The Nexus Bowl;tournament;Geek Masters Invitational;2;Round 2;Abaddon the Despoiler;54558;Warhammer 40K - Chaos;1;236;0;454;2;416;2116
26/27;2026-09-19;The Nexus Bowl;tournament;Geek Masters Invitational;2;Round 2;Harbinger;69213;Mass Effect - Cerberus-Reapers;1;217;0;425;9;416;2082
26/27;2026-09-19;The Nexus Bowl;tournament;Geek Masters Invitational;2;Round 2;Tywin Lannister;77493;Game of Thrones - Lannister-Crown;1;196;0;391;33;416;2043
26/27;2026-09-19;The Nexus Bowl;tournament;Geek Masters Invitational;2;Round 2;Lady Jessica;68210;Dune - House Atreides;1;192;0;388;34;416;2021
26/27;2026-09-19;The Nexus Bowl;tournament;Geek Masters Invitational;2;Round 2;Hermione Granger;51952;Harry Potter - Order of the Phoenix;1;209;0;417;18;416;2046
26/27;2026-09-19;The Nexus Bowl;tournament;Geek Masters Invitational;2;Round 2;Albus Dumbledore;56140;Harry Potter - Order of the Phoenix;1;189;0;404;25;416;2031
26/27;2026-09-19;The Nexus Bowl;tournament;Geek Masters Invitational;2;Round 2;Garrus Vakarian;58180;Mass Effect - Alliance Crew;1;200;0;398;27;416;2021
26/27;2026-09-19;The Nexus Bowl;tournament;Geek Masters Invitational;2;Round 2;Mara Jade;88618;LucasArts Games - Jedi Knight Era;1;188;0;393;31;416;2013
26/27;2026-09-19;The Nexus Bowl;tournament;Geek Masters Invitational;2;Round 2;Jon Snow;86781;Game of Thrones - Stark-Targaryen Alliance;1;212;0;421;13;416;2040
26/27;2026-09-19;The Nexus Bowl;tournament;Geek Masters Invitational;2;Round 2;Liara T'Soni;74807;Mass Effect - Alliance Crew;1;207;0;420;14;416;2036
26/27;2026-09-19;The Nexus Bowl;tournament;Geek Masters Invitational;2;Round 2;Simba;65256;Disney Characters - Disney Heroes;1;190;0;384;37;416;1994
26/27;2026-09-19;The Nexus Bowl;tournament;Geek Masters Invitational;2;Round 2;Spock;73526;Star Trek - Federation;1;204;0;395;30;416;2004
26/27;2026-09-19;The Nexus Bowl;tournament;Geek Masters Invitational;2;Round 2;LeChuck;60463;LucasArts Games - Monkey Island & Legacy;1;198;0;404;26;416;1990
26/27;2026-09-19;The Nexus Bowl;tournament;Geek Masters Invitational;2;Round 2;Daenerys Targaryen;63031;Game of Thrones - Stark-Targaryen Alliance;1;233;0;448;3;416;2032
26/27;2026-09-19;The Nexus Bowl;tournament;Geek Masters Invitational;2;Round 2;Jaime Lannister;85713;Game of Thrones - Lannister-Crown;1;205;0;385;36;416;1964
26/27;2026-09-19;The Nexus Bowl;tournament;Geek Masters Invitational;2;Round 2;Scar;68217;Disney Characters - Disney Villains;1;202;0;398;28;416;1972
26/27;2026-09-19;The Nexus Bowl;tournament;Geek Masters Invitational;2;Round 2;Baron Harkonnen;72059;Dune - Harkonnen-Sardaukar;1;206;0;391;32;416;1959
26/27;2026-09-19;The Nexus Bowl;tournament;Geek Masters Invitational;2;Round 2;Bellatrix Lestrange;83118;Harry Potter - Death Eaters;1;191;0;386;35;416;1952
26/27;2026-09-19;The Nexus Bowl;tournament;Geek Masters Invitational;2;Round 2;Lucius Malfoy;89453;Harry Potter - Death Eaters;1;161;0;345;40;416;1906
26/27;2026-09-19;The Nexus Bowl;tournament;Geek Masters Invitational;2;Round 2;Aragorn;56717;Lord of the Rings - Free Peoples;1;220;0;408;23;416;1966
26/27;2026-09-19;The Nexus Bowl;tournament;Geek Masters Invitational;2;Round 2;Maleficent;74911;Disney Characters - Disney Villains;2;213;0;655;7;621;2594
26/27;2026-09-19;The Nexus Bowl;tournament;Geek Masters Invitational;2;Round 2;Harry Potter;52082;Harry Potter - Order of the Phoenix;2;217;0;694;1;621;2573
26/27;2026-09-19;The Nexus Bowl;tournament;Geek Masters Invitational;2;Round 2;Mickey Mouse;68965;Disney Characters - Disney Heroes;2;215;0;634;12;621;2464
26/27;2026-09-19;The Nexus Bowl;tournament;Geek Masters Invitational;2;Round 2;Worf;67335;Star Trek - Klingon-Romulan;2;237;0;662;5;621;2405
26/27;2026-09-19;The Nexus Bowl;tournament;Geek Masters Invitational;2;Round 2;Luke Skywalker;91905;Star Wars - Jedi Order;2;195;0;640;10;621;2373
26/27;2026-09-19;The Nexus Bowl;tournament;Geek Masters Invitational;2;Round 2;Roboute Guilliman;73700;Warhammer 40K - Imperium;2;202;0;618;23;621;2348
26/27;2026-09-19;The Nexus Bowl;tournament;Geek Masters Invitational;2;Round 2;Paul Atreides;72298;Dune - House Atreides;2;211;0;630;18;621;2356
26/27;2026-09-19;The Nexus Bowl;tournament;Geek Masters Invitational;2;Round 2;Jean-Luc Picard;56338;Star Trek - Federation;2;205;0;627;19;621;2345
26/27;2026-09-19;The Nexus Bowl;tournament;Geek Masters Invitational;2;Round 2;Gandalf;98265;Lord of the Rings - Free Peoples;2;218;0;630;17;621;2342
26/27;2026-09-19;The Nexus Bowl;tournament;Geek Masters Invitational;2;Round 2;Guybrush Threepwood;99729;LucasArts Games - Monkey Island & Legacy;2;175;0;544;39;621;2249
26/27;2026-09-19;The Nexus Bowl;tournament;Geek Masters Invitational;2;Round 2;Sauron;85741;Lord of the Rings - Forces of Mordor;2;182;0;605;26;621;2310
26/27;2026-09-19;The Nexus Bowl;tournament;Geek Masters Invitational;2;Round 2;Emperor Palpatine;66049;Star Wars - Sith Empire;2;209;0;606;24;621;2305
26/27;2026-09-19;The Nexus Bowl;tournament;Geek Masters Invitational;2;Round 2;Commander Shepard;85142;Mass Effect - Alliance Crew;2;213;0;618;22;621;2316
26/27;2026-09-19;The Nexus Bowl;tournament;Geek Masters Invitational;2;Round 2;Kyle Katarn;79439;LucasArts Games - Jedi Knight Era;2;204;0;620;21;621;2310
26/27;2026-09-19;The Nexus Bowl;tournament;Geek Masters Invitational;2;Round 2;Darth Vader;68024;Star Wars - Sith Empire;2;237;0;671;3;621;2360
26/27;2026-09-19;The Nexus Bowl;tournament;Geek Masters Invitational;2;Round 2;Illusive Man;86178;Mass Effect - Cerberus-Reapers;2;216;0;646;8;621;2334
26/27;2026-09-19;The Nexus Bowl;tournament;Geek Masters Invitational;2;Round 2;Lord Voldemort;65247;Harry Potter - Death Eaters;2;217;0;655;6;621;2340
26/27;2026-09-19;The Nexus Bowl;tournament;Geek Masters Invitational;2;Round 2;Cersei Lannister;95962;Game of Thrones - Lannister-Crown;2;227;0;641;9;621;2325
26/27;2026-09-19;The Nexus Bowl;tournament;Geek Masters Invitational;2;Round 2;Gowron;52847;Star Trek - Klingon-Romulan;2;201;0;584;34;621;2258
26/27;2026-09-19;The Nexus Bowl;tournament;Geek Masters Invitational;2;Round 2;Feyd-Rautha;56698;Dune - Harkonnen-Sardaukar;2;212;0;630;16;621;2299
26/27;2026-09-19;The Nexus Bowl;tournament;Geek Masters Invitational;2;Round 2;Abaddon the Despoiler;54558;Warhammer 40K - Chaos;2;210;0;664;4;621;2326
26/27;2026-09-19;The Nexus Bowl;tournament;Geek Masters Invitational;2;Round 2;Harbinger;69213;Mass Effect - Cerberus-Reapers;2;206;0;631;14;621;2288
26/27;2026-09-19;The Nexus Bowl;tournament;Geek Masters Invitational;2;Round 2;Tywin Lannister;77493;Game of Thrones - Lannister-Crown;2;180;0;571;36;621;2223
26/27;2026-09-19;The Nexus Bowl;tournament;Geek Masters Invitational;2;Round 2;Lady Jessica;68210;Dune - House Atreides;2;206;0;594;29;621;2227
26/27;2026-09-19;The Nexus Bowl;tournament;Geek Masters Invitational;2;Round 2;Hermione Granger;51952;Harry Potter - Order of the Phoenix;2;214;0;631;15;621;2260
26/27;2026-09-19;The Nexus Bowl;tournament;Geek Masters Invitational;2;Round 2;Albus Dumbledore;56140;Harry Potter - Order of the Phoenix;2;229;0;633;13;621;2260
26/27;2026-09-19;The Nexus Bowl;tournament;Geek Masters Invitational;2;Round 2;Garrus Vakarian;58180;Mass Effect - Alliance Crew;2;191;0;589;32;621;2212
26/27;2026-09-19;The Nexus Bowl;tournament;Geek Masters Invitational;2;Round 2;Mara Jade;88618;LucasArts Games - Jedi Knight Era;2;197;0;590;31;621;2210
26/27;2026-09-19;The Nexus Bowl;tournament;Geek Masters Invitational;2;Round 2;Jon Snow;86781;Game of Thrones - Stark-Targaryen Alliance;2;214;0;635;11;621;2254
26/27;2026-09-19;The Nexus Bowl;tournament;Geek Masters Invitational;2;Round 2;Liara T'Soni;74807;Mass Effect - Alliance Crew;2;201;0;621;20;621;2237
26/27;2026-09-19;The Nexus Bowl;tournament;Geek Masters Invitational;2;Round 2;Simba;65256;Disney Characters - Disney Heroes;2;205;0;589;33;621;2199
26/27;2026-09-19;The Nexus Bowl;tournament;Geek Masters Invitational;2;Round 2;Spock;73526;Star Trek - Federation;2;208;0;603;27;621;2212
26/27;2026-09-19;The Nexus Bowl;tournament;Geek Masters Invitational;2;Round 2;LeChuck;60463;LucasArts Games - Monkey Island & Legacy;2;202;0;606;25;621;2192
26/27;2026-09-19;The Nexus Bowl;tournament;Geek Masters Invitational;2;Round 2;Daenerys Targaryen;63031;Game of Thrones - Stark-Targaryen Alliance;2;224;0;672;2;621;2256
26/27;2026-09-19;The Nexus Bowl;tournament;Geek Masters Invitational;2;Round 2;Jaime Lannister;85713;Game of Thrones - Lannister-Crown;2;165;0;550;38;621;2129
26/27;2026-09-19;The Nexus Bowl;tournament;Geek Masters Invitational;2;Round 2;Scar;68217;Disney Characters - Disney Villains;2;200;0;598;28;621;2172
26/27;2026-09-19;The Nexus Bowl;tournament;Geek Masters Invitational;2;Round 2;Baron Harkonnen;72059;Dune - Harkonnen-Sardaukar;2;178;0;569;37;621;2137
26/27;2026-09-19;The Nexus Bowl;tournament;Geek Masters Invitational;2;Round 2;Bellatrix Lestrange;83118;Harry Potter - Death Eaters;2;192;0;578;35;621;2144
26/27;2026-09-19;The Nexus Bowl;tournament;Geek Masters Invitational;2;Round 2;Lucius Malfoy;89453;Harry Potter - Death Eaters;2;181;0;526;40;621;2087
26/27;2026-09-19;The Nexus Bowl;tournament;Geek Masters Invitational;2;Round 2;Aragorn;56717;Lord of the Rings - Free Peoples;2;182;0;590;30;621;2148
26/27;2026-09-19;The Nexus Bowl;tournament;Geek Masters Invitational;2;Round 2;Maleficent;74911;Disney Characters - Disney Villains;3;237;0;892;3;819;2831
26/27;2026-09-19;The Nexus Bowl;tournament;Geek Masters Invitational;2;Round 2;Harry Potter;52082;Harry Potter - Order of the Phoenix;3;227;0;921;1;819;2800
26/27;2026-09-19;The Nexus Bowl;tournament;Geek Masters Invitational;2;Round 2;Mickey Mouse;68965;Disney Characters - Disney Heroes;3;215;0;849;9;819;2679
26/27;2026-09-19;The Nexus Bowl;tournament;Geek Masters Invitational;2;Round 2;Worf;67335;Star Trek - Klingon-Romulan;3;229;0;891;4;819;2634
26/27;2026-09-19;The Nexus Bowl;tournament;Geek Masters Invitational;2;Round 2;Luke Skywalker;91905;Star Wars - Jedi Order;3;204;0;844;14;819;2577
26/27;2026-09-19;The Nexus Bowl;tournament;Geek Masters Invitational;2;Round 2;Roboute Guilliman;73700;Warhammer 40K - Imperium;3;198;0;816;22;819;2546
26/27;2026-09-19;The Nexus Bowl;tournament;Geek Masters Invitational;2;Round 2;Paul Atreides;72298;Dune - House Atreides;3;208;0;838;17;819;2564
26/27;2026-09-19;The Nexus Bowl;tournament;Geek Masters Invitational;2;Round 2;Jean-Luc Picard;56338;Star Trek - Federation;3;218;0;845;11;819;2563
26/27;2026-09-19;The Nexus Bowl;tournament;Geek Masters Invitational;2;Round 2;Gandalf;98265;Lord of the Rings - Free Peoples;3;198;0;828;19;819;2540
26/27;2026-09-19;The Nexus Bowl;tournament;Geek Masters Invitational;2;Round 2;Guybrush Threepwood;99729;LucasArts Games - Monkey Island & Legacy;3;224;0;768;38;819;2473
26/27;2026-09-19;The Nexus Bowl;tournament;Geek Masters Invitational;2;Round 2;Sauron;85741;Lord of the Rings - Forces of Mordor;3;201;0;806;26;819;2511
26/27;2026-09-19;The Nexus Bowl;tournament;Geek Masters Invitational;2;Round 2;Emperor Palpatine;66049;Star Wars - Sith Empire;3;204;0;810;25;819;2509
26/27;2026-09-19;The Nexus Bowl;tournament;Geek Masters Invitational;2;Round 2;Commander Shepard;85142;Mass Effect - Alliance Crew;3;220;0;838;16;819;2536
26/27;2026-09-19;The Nexus Bowl;tournament;Geek Masters Invitational;2;Round 2;Kyle Katarn;79439;LucasArts Games - Jedi Knight Era;3;191;0;811;24;819;2501
26/27;2026-09-19;The Nexus Bowl;tournament;Geek Masters Invitational;2;Round 2;Darth Vader;68024;Star Wars - Sith Empire;3;209;0;880;5;819;2569
26/27;2026-09-19;The Nexus Bowl;tournament;Geek Masters Invitational;2;Round 2;Illusive Man;86178;Mass Effect - Cerberus-Reapers;3;222;0;868;8;819;2556
26/27;2026-09-19;The Nexus Bowl;tournament;Geek Masters Invitational;2;Round 2;Lord Voldemort;65247;Harry Potter - Death Eaters;3;214;0;869;7;819;2554
26/27;2026-09-19;The Nexus Bowl;tournament;Geek Masters Invitational;2;Round 2;Cersei Lannister;95962;Game of Thrones - Lannister-Crown;3;198;0;839;15;819;2523
26/27;2026-09-19;The Nexus Bowl;tournament;Geek Masters Invitational;2;Round 2;Gowron;52847;Star Trek - Klingon-Romulan;3;218;0;802;27;819;2476
26/27;2026-09-19;The Nexus Bowl;tournament;Geek Masters Invitational;2;Round 2;Feyd-Rautha;56698;Dune - Harkonnen-Sardaukar;3;216;0;846;10;819;2515
26/27;2026-09-19;The Nexus Bowl;tournament;Geek Masters Invitational;2;Round 2;Abaddon the Despoiler;54558;Warhammer 40K - Chaos;3;229;0;893;2;819;2555
26/27;2026-09-19;The Nexus Bowl;tournament;Geek Masters Invitational;2;Round 2;Harbinger;69213;Mass Effect - Cerberus-Reapers;3;213;0;844;12;819;2501
26/27;2026-09-19;The Nexus Bowl;tournament;Geek Masters Invitational;2;Round 2;Tywin Lannister;77493;Game of Thrones - Lannister-Crown;3;206;0;777;34;819;2429
26/27;2026-09-19;The Nexus Bowl;tournament;Geek Masters Invitational;2;Round 2;Lady Jessica;68210;Dune - House Atreides;3;203;0;797;29;819;2430
26/27;2026-09-19;The Nexus Bowl;tournament;Geek Masters Invitational;2;Round 2;Hermione Granger;51952;Harry Potter - Order of the Phoenix;3;185;0;816;21;819;2445
26/27;2026-09-19;The Nexus Bowl;tournament;Geek Masters Invitational;2;Round 2;Albus Dumbledore;56140;Harry Potter - Order of the Phoenix;3;186;0;819;20;819;2446
26/27;2026-09-19;The Nexus Bowl;tournament;Geek Masters Invitational;2;Round 2;Garrus Vakarian;58180;Mass Effect - Alliance Crew;3;194;0;783;33;819;2406
26/27;2026-09-19;The Nexus Bowl;tournament;Geek Masters Invitational;2;Round 2;Mara Jade;88618;LucasArts Games - Jedi Knight Era;3;201;0;791;30;819;2411
26/27;2026-09-19;The Nexus Bowl;tournament;Geek Masters Invitational;2;Round 2;Jon Snow;86781;Game of Thrones - Stark-Targaryen Alliance;3;209;0;844;13;819;2463
26/27;2026-09-19;The Nexus Bowl;tournament;Geek Masters Invitational;2;Round 2;Liara T'Soni;74807;Mass Effect - Alliance Crew;3;209;0;830;18;819;2446
26/27;2026-09-19;The Nexus Bowl;tournament;Geek Masters Invitational;2;Round 2;Simba;65256;Disney Characters - Disney Heroes;3;201;0;790;31;819;2400
26/27;2026-09-19;The Nexus Bowl;tournament;Geek Masters Invitational;2;Round 2;Spock;73526;Star Trek - Federation;3;181;0;784;32;819;2393
26/27;2026-09-19;The Nexus Bowl;tournament;Geek Masters Invitational;2;Round 2;LeChuck;60463;LucasArts Games - Monkey Island & Legacy;3;195;0;801;28;819;2387
26/27;2026-09-19;The Nexus Bowl;tournament;Geek Masters Invitational;2;Round 2;Daenerys Targaryen;63031;Game of Thrones - Stark-Targaryen Alliance;3;205;0;877;6;819;2461
26/27;2026-09-19;The Nexus Bowl;tournament;Geek Masters Invitational;2;Round 2;Jaime Lannister;85713;Game of Thrones - Lannister-Crown;3;199;0;749;39;819;2328
26/27;2026-09-19;The Nexus Bowl;tournament;Geek Masters Invitational;2;Round 2;Scar;68217;Disney Characters - Disney Villains;3;215;0;813;23;819;2387
26/27;2026-09-19;The Nexus Bowl;tournament;Geek Masters Invitational;2;Round 2;Baron Harkonnen;72059;Dune - Harkonnen-Sardaukar;3;201;0;770;37;819;2338
26/27;2026-09-19;The Nexus Bowl;tournament;Geek Masters Invitational;2;Round 2;Bellatrix Lestrange;83118;Harry Potter - Death Eaters;3;193;0;771;35;819;2337
26/27;2026-09-19;The Nexus Bowl;tournament;Geek Masters Invitational;2;Round 2;Lucius Malfoy;89453;Harry Potter - Death Eaters;3;174;0;700;40;819;2261
26/27;2026-09-19;The Nexus Bowl;tournament;Geek Masters Invitational;2;Round 2;Aragorn;56717;Lord of the Rings - Free Peoples;3;180;0;770;36;819;2328
26/27;2026-09-19;The Nexus Bowl;tournament;Geek Masters Invitational;2;Round 2;Maleficent;74911;Disney Characters - Disney Villains;4;210;0;1102;5;1024;3041
26/27;2026-09-19;The Nexus Bowl;tournament;Geek Masters Invitational;2;Round 2;Harry Potter;52082;Harry Potter - Order of the Phoenix;4;205;0;1126;1;1024;3005
26/27;2026-09-19;The Nexus Bowl;tournament;Geek Masters Invitational;2;Round 2;Mickey Mouse;68965;Disney Characters - Disney Heroes;4;209;0;1058;11;1024;2888
26/27;2026-09-19;The Nexus Bowl;tournament;Geek Masters Invitational;2;Round 2;Worf;67335;Star Trek - Klingon-Romulan;4;218;0;1109;3;1024;2852
26/27;2026-09-19;The Nexus Bowl;tournament;Geek Masters Invitational;2;Round 2;Luke Skywalker;91905;Star Wars - Jedi Order;4;197;0;1041;17;1024;2774
26/27;2026-09-19;The Nexus Bowl;tournament;Geek Masters Invitational;2;Round 2;Roboute Guilliman;73700;Warhammer 40K - Imperium;4;221;0;1037;19;1024;2767
26/27;2026-09-19;The Nexus Bowl;tournament;Geek Masters Invitational;2;Round 2;Paul Atreides;72298;Dune - House Atreides;4;225;0;1063;9;1024;2789
26/27;2026-09-19;The Nexus Bowl;tournament;Geek Masters Invitational;2;Round 2;Jean-Luc Picard;56338;Star Trek - Federation;4;213;0;1058;10;1024;2776
26/27;2026-09-19;The Nexus Bowl;tournament;Geek Masters Invitational;2;Round 2;Gandalf;98265;Lord of the Rings - Free Peoples;4;218;0;1046;15;1024;2758
26/27;2026-09-19;The Nexus Bowl;tournament;Geek Masters Invitational;2;Round 2;Guybrush Threepwood;99729;LucasArts Games - Monkey Island & Legacy;4;176;0;944;38;1024;2649
26/27;2026-09-19;The Nexus Bowl;tournament;Geek Masters Invitational;2;Round 2;Sauron;85741;Lord of the Rings - Forces of Mordor;4;203;0;1009;26;1024;2714
26/27;2026-09-19;The Nexus Bowl;tournament;Geek Masters Invitational;2;Round 2;Emperor Palpatine;66049;Star Wars - Sith Empire;4;209;0;1019;24;1024;2718
26/27;2026-09-19;The Nexus Bowl;tournament;Geek Masters Invitational;2;Round 2;Commander Shepard;85142;Mass Effect - Alliance Crew;4;199;0;1037;18;1024;2735
26/27;2026-09-19;The Nexus Bowl;tournament;Geek Masters Invitational;2;Round 2;Kyle Katarn;79439;LucasArts Games - Jedi Knight Era;4;211;0;1022;22;1024;2712
26/27;2026-09-19;The Nexus Bowl;tournament;Geek Masters Invitational;2;Round 2;Darth Vader;68024;Star Wars - Sith Empire;4;230;0;1110;2;1024;2799
26/27;2026-09-19;The Nexus Bowl;tournament;Geek Masters Invitational;2;Round 2;Illusive Man;86178;Mass Effect - Cerberus-Reapers;4;233;0;1101;7;1024;2789
26/27;2026-09-19;The Nexus Bowl;tournament;Geek Masters Invitational;2;Round 2;Lord Voldemort;65247;Harry Potter - Death Eaters;4;211;0;1080;8;1024;2765
26/27;2026-09-19;The Nexus Bowl;tournament;Geek Masters Invitational;2;Round 2;Cersei Lannister;95962;Game of Thrones - Lannister-Crown;4;185;0;1024;20;1024;2708
26/27;2026-09-19;The Nexus Bowl;tournament;Geek Masters Invitational;2;Round 2;Gowron;52847;Star Trek - Klingon-Romulan;4;219;0;1021;23;1024;2695
26/27;2026-09-19;The Nexus Bowl;tournament;Geek Masters Invitational;2;Round 2;Feyd-Rautha;56698;Dune - Harkonnen-Sardaukar;4;207;0;1053;13;1024;2722
26/27;2026-09-19;The Nexus Bowl;tournament;Geek Masters Invitational;2;Round 2;Abaddon the Despoiler;54558;Warhammer 40K - Chaos;4;211;0;1104;4;1024;2766
26/27;2026-09-19;The Nexus Bowl;tournament;Geek Masters Invitational;2;Round 2;Harbinger;69213;Mass Effect - Cerberus-Reapers;4;213;0;1057;12;1024;2714
26/27;2026-09-19;The Nexus Bowl;tournament;Geek Masters Invitational;2;Round 2;Tywin Lannister;77493;Game of Thrones - Lannister-Crown;4;186;0;963;35;1024;2615
26/27;2026-09-19;The Nexus Bowl;tournament;Geek Masters Invitational;2;Round 2;Lady Jessica;68210;Dune - House Atreides;4;193;0;990;31;1024;2623
26/27;2026-09-19;The Nexus Bowl;tournament;Geek Masters Invitational;2;Round 2;Hermione Granger;51952;Harry Potter - Order of the Phoenix;4;227;0;1043;16;1024;2672
26/27;2026-09-19;The Nexus Bowl;tournament;Geek Masters Invitational;2;Round 2;Albus Dumbledore;56140;Harry Potter - Order of the Phoenix;4;181;0;1000;30;1024;2627
26/27;2026-09-19;The Nexus Bowl;tournament;Geek Masters Invitational;2;Round 2;Garrus Vakarian;58180;Mass Effect - Alliance Crew;4;197;0;980;33;1024;2603
26/27;2026-09-19;The Nexus Bowl;tournament;Geek Masters Invitational;2;Round 2;Mara Jade;88618;LucasArts Games - Jedi Knight Era;4;214;0;1005;28;1024;2625
26/27;2026-09-19;The Nexus Bowl;tournament;Geek Masters Invitational;2;Round 2;Jon Snow;86781;Game of Thrones - Stark-Targaryen Alliance;4;208;0;1052;14;1024;2671
26/27;2026-09-19;The Nexus Bowl;tournament;Geek Masters Invitational;2;Round 2;Liara T'Soni;74807;Mass Effect - Alliance Crew;4;193;0;1023;21;1024;2639
26/27;2026-09-19;The Nexus Bowl;tournament;Geek Masters Invitational;2;Round 2;Simba;65256;Disney Characters - Disney Heroes;4;215;0;1005;29;1024;2615
26/27;2026-09-19;The Nexus Bowl;tournament;Geek Masters Invitational;2;Round 2;Spock;73526;Star Trek - Federation;4;202;0;986;32;1024;2595
26/27;2026-09-19;The Nexus Bowl;tournament;Geek Masters Invitational;2;Round 2;LeChuck;60463;LucasArts Games - Monkey Island & Legacy;4;204;0;1005;27;1024;2591
26/27;2026-09-19;The Nexus Bowl;tournament;Geek Masters Invitational;2;Round 2;Daenerys Targaryen;63031;Game of Thrones - Stark-Targaryen Alliance;4;224;0;1101;6;1024;2685
26/27;2026-09-19;The Nexus Bowl;tournament;Geek Masters Invitational;2;Round 2;Jaime Lannister;85713;Game of Thrones - Lannister-Crown;4;186;0;935;39;1024;2514
26/27;2026-09-19;The Nexus Bowl;tournament;Geek Masters Invitational;2;Round 2;Scar;68217;Disney Characters - Disney Villains;4;201;0;1014;25;1024;2588
26/27;2026-09-19;The Nexus Bowl;tournament;Geek Masters Invitational;2;Round 2;Baron Harkonnen;72059;Dune - Harkonnen-Sardaukar;4;188;0;958;36;1024;2526
26/27;2026-09-19;The Nexus Bowl;tournament;Geek Masters Invitational;2;Round 2;Bellatrix Lestrange;83118;Harry Potter - Death Eaters;4;204;0;975;34;1024;2541
26/27;2026-09-19;The Nexus Bowl;tournament;Geek Masters Invitational;2;Round 2;Lucius Malfoy;89453;Harry Potter - Death Eaters;4;170;0;870;40;1024;2431
26/27;2026-09-19;The Nexus Bowl;tournament;Geek Masters Invitational;2;Round 2;Aragorn;56717;Lord of the Rings - Free Peoples;4;179;0;949;37;1024;2507
26/27;2026-09-19;The Nexus Bowl;tournament;Geek Masters Invitational;2;Round 2;Maleficent;74911;Disney Characters - Disney Villains;5;192;0;1294;8;1234;3233
26/27;2026-09-19;The Nexus Bowl;tournament;Geek Masters Invitational;2;Round 2;Harry Potter;52082;Harry Potter - Order of the Phoenix;5;219;0;1345;1;1234;3224
26/27;2026-09-19;The Nexus Bowl;tournament;Geek Masters Invitational;2;Round 2;Mickey Mouse;68965;Disney Characters - Disney Heroes;5;203;0;1261;17;1234;3091
26/27;2026-09-19;The Nexus Bowl;tournament;Geek Masters Invitational;2;Round 2;Worf;67335;Star Trek - Klingon-Romulan;5;221;0;1330;3;1234;3073
26/27;2026-09-19;The Nexus Bowl;tournament;Geek Masters Invitational;2;Round 2;Luke Skywalker;91905;Star Wars - Jedi Order;5;222;0;1263;16;1234;2996
26/27;2026-09-19;The Nexus Bowl;tournament;Geek Masters Invitational;2;Round 2;Roboute Guilliman;73700;Warhammer 40K - Imperium;5;231;0;1268;10;1234;2998
26/27;2026-09-19;The Nexus Bowl;tournament;Geek Masters Invitational;2;Round 2;Paul Atreides;72298;Dune - House Atreides;5;224;0;1287;9;1234;3013
26/27;2026-09-19;The Nexus Bowl;tournament;Geek Masters Invitational;2;Round 2;Jean-Luc Picard;56338;Star Trek - Federation;5;208;0;1266;11;1234;2984
26/27;2026-09-19;The Nexus Bowl;tournament;Geek Masters Invitational;2;Round 2;Gandalf;98265;Lord of the Rings - Free Peoples;5;205;0;1251;18;1234;2963
26/27;2026-09-19;The Nexus Bowl;tournament;Geek Masters Invitational;2;Round 2;Guybrush Threepwood;99729;LucasArts Games - Monkey Island & Legacy;5;241;0;1185;32;1234;2890
26/27;2026-09-19;The Nexus Bowl;tournament;Geek Masters Invitational;2;Round 2;Sauron;85741;Lord of the Rings - Forces of Mordor;5;204;0;1213;27;1234;2918
26/27;2026-09-19;The Nexus Bowl;tournament;Geek Masters Invitational;2;Round 2;Emperor Palpatine;66049;Star Wars - Sith Empire;5;215;0;1234;20;1234;2933
26/27;2026-09-19;The Nexus Bowl;tournament;Geek Masters Invitational;2;Round 2;Commander Shepard;85142;Mass Effect - Alliance Crew;5;213;0;1250;19;1234;2948
26/27;2026-09-19;The Nexus Bowl;tournament;Geek Masters Invitational;2;Round 2;Kyle Katarn;79439;LucasArts Games - Jedi Knight Era;5;204;0;1226;24;1234;2916
26/27;2026-09-19;The Nexus Bowl;tournament;Geek Masters Invitational;2;Round 2;Darth Vader;68024;Star Wars - Sith Empire;5;205;0;1315;6;1234;3004
26/27;2026-09-19;The Nexus Bowl;tournament;Geek Masters Invitational;2;Round 2;Illusive Man;86178;Mass Effect - Cerberus-Reapers;5;218;0;1319;5;1234;3007
26/27;2026-09-19;The Nexus Bowl;tournament;Geek Masters Invitational;2;Round 2;Lord Voldemort;65247;Harry Potter - Death Eaters;5;216;0;1296;7;1234;2981
26/27;2026-09-19;The Nexus Bowl;tournament;Geek Masters Invitational;2;Round 2;Cersei Lannister;95962;Game of Thrones - Lannister-Crown;5;203;0;1227;22;1234;2911
26/27;2026-09-19;The Nexus Bowl;tournament;Geek Masters Invitational;2;Round 2;Gowron;52847;Star Trek - Klingon-Romulan;5;206;0;1227;23;1234;2901
26/27;2026-09-19;The Nexus Bowl;tournament;Geek Masters Invitational;2;Round 2;Feyd-Rautha;56698;Dune - Harkonnen-Sardaukar;5;211;0;1264;13;1234;2933
26/27;2026-09-19;The Nexus Bowl;tournament;Geek Masters Invitational;2;Round 2;Abaddon the Despoiler;54558;Warhammer 40K - Chaos;5;233;0;1337;2;1234;2999
26/27;2026-09-19;The Nexus Bowl;tournament;Geek Masters Invitational;2;Round 2;Harbinger;69213;Mass Effect - Cerberus-Reapers;5;206;0;1263;14;1234;2920
26/27;2026-09-19;The Nexus Bowl;tournament;Geek Masters Invitational;2;Round 2;Tywin Lannister;77493;Game of Thrones - Lannister-Crown;5;193;0;1156;37;1234;2808
26/27;2026-09-19;The Nexus Bowl;tournament;Geek Masters Invitational;2;Round 2;Lady Jessica;68210;Dune - House Atreides;5;199;0;1189;30;1234;2822
26/27;2026-09-19;The Nexus Bowl;tournament;Geek Masters Invitational;2;Round 2;Hermione Granger;51952;Harry Potter - Order of the Phoenix;5;222;0;1265;12;1234;2894
26/27;2026-09-19;The Nexus Bowl;tournament;Geek Masters Invitational;2;Round 2;Albus Dumbledore;56140;Harry Potter - Order of the Phoenix;5;187;0;1187;31;1234;2814
26/27;2026-09-19;The Nexus Bowl;tournament;Geek Masters Invitational;2;Round 2;Garrus Vakarian;58180;Mass Effect - Alliance Crew;5;194;0;1174;35;1234;2797
26/27;2026-09-19;The Nexus Bowl;tournament;Geek Masters Invitational;2;Round 2;Mara Jade;88618;LucasArts Games - Jedi Knight Era;5;208;0;1213;26;1234;2833
26/27;2026-09-19;The Nexus Bowl;tournament;Geek Masters Invitational;2;Round 2;Jon Snow;86781;Game of Thrones - Stark-Targaryen Alliance;5;211;0;1263;15;1234;2882
26/27;2026-09-19;The Nexus Bowl;tournament;Geek Masters Invitational;2;Round 2;Liara T'Soni;74807;Mass Effect - Alliance Crew;5;207;0;1230;21;1234;2846
26/27;2026-09-19;The Nexus Bowl;tournament;Geek Masters Invitational;2;Round 2;Simba;65256;Disney Characters - Disney Heroes;5;197;0;1202;29;1234;2812
26/27;2026-09-19;The Nexus Bowl;tournament;Geek Masters Invitational;2;Round 2;Spock;73526;Star Trek - Federation;5;193;0;1179;34;1234;2788
26/27;2026-09-19;The Nexus Bowl;tournament;Geek Masters Invitational;2;Round 2;LeChuck;60463;LucasArts Games - Monkey Island & Legacy;5;200;0;1205;28;1234;2791
26/27;2026-09-19;The Nexus Bowl;tournament;Geek Masters Invitational;2;Round 2;Daenerys Targaryen;63031;Game of Thrones - Stark-Targaryen Alliance;5;221;0;1322;4;1234;2906
26/27;2026-09-19;The Nexus Bowl;tournament;Geek Masters Invitational;2;Round 2;Jaime Lannister;85713;Game of Thrones - Lannister-Crown;5;201;0;1136;38;1234;2715
26/27;2026-09-19;The Nexus Bowl;tournament;Geek Masters Invitational;2;Round 2;Scar;68217;Disney Characters - Disney Villains;5;207;0;1221;25;1234;2795
26/27;2026-09-19;The Nexus Bowl;tournament;Geek Masters Invitational;2;Round 2;Baron Harkonnen;72059;Dune - Harkonnen-Sardaukar;5;201;0;1159;36;1234;2727
26/27;2026-09-19;The Nexus Bowl;tournament;Geek Masters Invitational;2;Round 2;Bellatrix Lestrange;83118;Harry Potter - Death Eaters;5;205;0;1180;33;1234;2746
26/27;2026-09-19;The Nexus Bowl;tournament;Geek Masters Invitational;2;Round 2;Lucius Malfoy;89453;Harry Potter - Death Eaters;5;206;0;1076;40;1234;2637
26/27;2026-09-19;The Nexus Bowl;tournament;Geek Masters Invitational;2;Round 2;Aragorn;56717;Lord of the Rings - Free Peoples;5;182;0;1131;39;1234;2689
26/27;2026-09-20;The Nexus Bowl;tournament;Geek Masters Invitational;3;Final;Maleficent;74911;Disney Characters - Disney Villains;0;237;0;237;2;;3470
26/27;2026-09-20;The Nexus Bowl;tournament;Geek Masters Invitational;3;Final;Harry Potter;52082;Harry Potter - Order of the Phoenix;0;241;0;241;1;;3465
26/27;2026-09-20;The Nexus Bowl;tournament;Geek Masters Invitational;3;Final;Mickey Mouse;68965;Disney Characters - Disney Heroes;0;221;0;221;8;;3312
26/27;2026-09-20;The Nexus Bowl;tournament;Geek Masters Invitational;3;Final;Worf;67335;Star Trek - Klingon-Romulan;0;222;0;222;7;;3295
26/27;2026-09-20;The Nexus Bowl;tournament;Geek Masters Invitational;3;Final;Paul Atreides;72298;Dune - House Atreides;0;223;0;223;6;;3236
26/27;2026-09-20;The Nexus Bowl;tournament;Geek Masters Invitational;3;Final;Illusive Man;86178;Mass Effect - Cerberus-Reapers;0;186;0;186;20;;3193
26/27;2026-09-20;The Nexus Bowl;tournament;Geek Masters Invitational;3;Final;Darth Vader;68024;Star Wars - Sith Empire;0;230;0;230;3;;3234
26/27;2026-09-20;The Nexus Bowl;tournament;Geek Masters Invitational;3;Final;Abaddon the Despoiler;54558;Warhammer 40K - Chaos;0;196;0;196;18;;3195
26/27;2026-09-20;The Nexus Bowl;tournament;Geek Masters Invitational;3;Final;Roboute Guilliman;73700;Warhammer 40K - Imperium;0;192;0;192;19;;3190
26/27;2026-09-20;The Nexus Bowl;tournament;Geek Masters Invitational;3;Final;Luke Skywalker;91905;Star Wars - Jedi Order;0;225;0;225;4;;3221
26/27;2026-09-20;The Nexus Bowl;tournament;Geek Masters Invitational;3;Final;Jean-Luc Picard;56338;Star Trek - Federation;0;211;0;211;11;;3195
26/27;2026-09-20;The Nexus Bowl;tournament;Geek Masters Invitational;3;Final;Lord Voldemort;65247;Harry Potter - Death Eaters;0;211;0;211;12;;3192
26/27;2026-09-20;The Nexus Bowl;tournament;Geek Masters Invitational;3;Final;Gandalf;98265;Lord of the Rings - Free Peoples;0;197;0;197;17;;3160
26/27;2026-09-20;The Nexus Bowl;tournament;Geek Masters Invitational;3;Final;Commander Shepard;85142;Mass Effect - Alliance Crew;0;211;0;211;10;;3159
26/27;2026-09-20;The Nexus Bowl;tournament;Geek Masters Invitational;3;Final;Emperor Palpatine;66049;Star Wars - Sith Empire;0;201;0;201;15;;3134
26/27;2026-09-20;The Nexus Bowl;tournament;Geek Masters Invitational;3;Final;Feyd-Rautha;56698;Dune - Harkonnen-Sardaukar;0;207;0;207;13;;3140
26/27;2026-09-20;The Nexus Bowl;tournament;Geek Masters Invitational;3;Final;Harbinger;69213;Mass Effect - Cerberus-Reapers;0;200;0;200;16;;3120
26/27;2026-09-20;The Nexus Bowl;tournament;Geek Masters Invitational;3;Final;Sauron;85741;Lord of the Rings - Forces of Mordor;0;202;0;202;14;;3120
26/27;2026-09-20;The Nexus Bowl;tournament;Geek Masters Invitational;3;Final;Kyle Katarn;79439;LucasArts Games - Jedi Knight Era;0;223;0;223;5;;3139
26/27;2026-09-20;The Nexus Bowl;tournament;Geek Masters Invitational;3;Final;Cersei Lannister;95962;Game of Thrones - Lannister-Crown;0;212;0;212;9;;3123
26/27;2026-09-20;The Nexus Bowl;tournament;Geek Masters Invitational;3;Final;Maleficent;74911;Disney Characters - Disney Villains;1;188;0;425;9;;3658
26/27;2026-09-20;The Nexus Bowl;tournament;Geek Masters Invitational;3;Final;Harry Potter;52082;Harry Potter - Order of the Phoenix;1;210;0;451;2;;3675
26/27;2026-09-20;The Nexus Bowl;tournament;Geek Masters Invitational;3;Final;Mickey Mouse;68965;Disney Characters - Disney Heroes;1;207;0;428;8;;3519
26/27;2026-09-20;The Nexus Bowl;tournament;Geek Masters Invitational;3;Final;Worf;67335;Star Trek - Klingon-Romulan;1;223;0;445;3;;3518
26/27;2026-09-20;The Nexus Bowl;tournament;Geek Masters Invitational;3;Final;Paul Atreides;72298;Dune - House Atreides;1;199;0;422;12;;3435
26/27;2026-09-20;The Nexus Bowl;tournament;Geek Masters Invitational;3;Final;Illusive Man;86178;Mass Effect - Cerberus-Reapers;1;199;0;385;20;;3392
26/27;2026-09-20;The Nexus Bowl;tournament;Geek Masters Invitational;3;Final;Darth Vader;68024;Star Wars - Sith Empire;1;205;0;435;4;;3439
26/27;2026-09-20;The Nexus Bowl;tournament;Geek Masters Invitational;3;Final;Abaddon the Despoiler;54558;Warhammer 40K - Chaos;1;236;0;432;6;;3431
26/27;2026-09-20;The Nexus Bowl;tournament;Geek Masters Invitational;3;Final;Roboute Guilliman;73700;Warhammer 40K - Imperium;1;197;0;389;19;;3387
26/27;2026-09-20;The Nexus Bowl;tournament;Geek Masters Invitational;3;Final;Luke Skywalker;91905;Star Wars - Jedi Order;1;228;0;453;1;;3449
26/27;2026-09-20;The Nexus Bowl;tournament;Geek Masters Invitational;3;Final;Jean-Luc Picard;56338;Star Trek - Federation;1;224;0;435;5;;3419
26/27;2026-09-20;The Nexus Bowl;tournament;Geek Masters Invitational;3;Final;Lord Voldemort;65247;Harry Potter - Death Eaters;1;203;0;414;14;;3395
26/27;2026-09-20;The Nexus Bowl;tournament;Geek Masters Invitational;3;Final;Gandalf;98265;Lord of the Rings - Free Peoples;1;202;0;399;16;;3362
26/27;2026-09-20;The Nexus Bowl;tournament;Geek Masters Invitational;3;Final;Commander Shepard;85142;Mass Effect - Alliance Crew;1;210;0;421;13;;3369
26/27;2026-09-20;The Nexus Bowl;tournament;Geek Masters Invitational;3;Final;Emperor Palpatine;66049;Star Wars - Sith Empire;1;209;0;410;15;;3343
26/27;2026-09-20;The Nexus Bowl;tournament;Geek Masters Invitational;3;Final;Feyd-Rautha;56698;Dune - Harkonnen-Sardaukar;1;217;0;424;11;;3357
26/27;2026-09-20;The Nexus Bowl;tournament;Geek Masters Invitational;3;Final;Harbinger;69213;Mass Effect - Cerberus-Reapers;1;189;0;389;18;;3309
26/27;2026-09-20;The Nexus Bowl;tournament;Geek Masters Invitational;3;Final;Sauron;85741;Lord of the Rings - Forces of Mordor;1;192;0;394;17;;3312
26/27;2026-09-20;The Nexus Bowl;tournament;Geek Masters Invitational;3;Final;Kyle Katarn;79439;LucasArts Games - Jedi Knight Era;1;209;0;432;7;;3348
26/27;2026-09-20;The Nexus Bowl;tournament;Geek Masters Invitational;3;Final;Cersei Lannister;95962;Game of Thrones - Lannister-Crown;1;212;0;424;10;;3335
26/27;2026-09-20;The Nexus Bowl;tournament;Geek Masters Invitational;3;Final;Maleficent;74911;Disney Characters - Disney Villains;2;219;0;644;7;;3877
26/27;2026-09-20;The Nexus Bowl;tournament;Geek Masters Invitational;3;Final;Harry Potter;52082;Harry Potter - Order of the Phoenix;2;237;0;688;1;;3912
26/27;2026-09-20;The Nexus Bowl;tournament;Geek Masters Invitational;3;Final;Mickey Mouse;68965;Disney Characters - Disney Heroes;2;221;0;649;6;;3740
26/27;2026-09-20;The Nexus Bowl;tournament;Geek Masters Invitational;3;Final;Worf;67335;Star Trek - Klingon-Romulan;2;221;0;666;3;;3739
26/27;2026-09-20;The Nexus Bowl;tournament;Geek Masters Invitational;3;Final;Paul Atreides;72298;Dune - House Atreides;2;221;0;643;8;;3656
26/27;2026-09-20;The Nexus Bowl;tournament;Geek Masters Invitational;3;Final;Illusive Man;86178;Mass Effect - Cerberus-Reapers;2;204;0;589;19;;3596
26/27;2026-09-20;The Nexus Bowl;tournament;Geek Masters Invitational;3;Final;Darth Vader;68024;Star Wars - Sith Empire;2;228;0;663;4;;3667
26/27;2026-09-20;The Nexus Bowl;tournament;Geek Masters Invitational;3;Final;Abaddon the Despoiler;54558;Warhammer 40K - Chaos;2;191;0;623;14;;3622
26/27;2026-09-20;The Nexus Bowl;tournament;Geek Masters Invitational;3;Final;Roboute Guilliman;73700;Warhammer 40K - Imperium;2;214;0;603;17;;3601
26/27;2026-09-20;The Nexus Bowl;tournament;Geek Masters Invitational;3;Final;Luke Skywalker;91905;Star Wars - Jedi Order;2;213;0;666;2;;3662
26/27;2026-09-20;The Nexus Bowl;tournament;Geek Masters Invitational;3;Final;Jean-Luc Picard;56338;Star Trek - Federation;2;219;0;654;5;;3638
26/27;2026-09-20;The Nexus Bowl;tournament;Geek Masters Invitational;3;Final;Lord Voldemort;65247;Harry Potter - Death Eaters;2;217;0;631;12;;3612
26/27;2026-09-20;The Nexus Bowl;tournament;Geek Masters Invitational;3;Final;Gandalf;98265;Lord of the Rings - Free Peoples;2;203;0;602;18;;3565
26/27;2026-09-20;The Nexus Bowl;tournament;Geek Masters Invitational;3;Final;Commander Shepard;85142;Mass Effect - Alliance Crew;2;214;0;635;11;;3583
26/27;2026-09-20;The Nexus Bowl;tournament;Geek Masters Invitational;3;Final;Emperor Palpatine;66049;Star Wars - Sith Empire;2;212;0;622;15;;3555
26/27;2026-09-20;The Nexus Bowl;tournament;Geek Masters Invitational;3;Final;Feyd-Rautha;56698;Dune - Harkonnen-Sardaukar;2;212;0;636;10;;3569
26/27;2026-09-20;The Nexus Bowl;tournament;Geek Masters Invitational;3;Final;Harbinger;69213;Mass Effect - Cerberus-Reapers;2;196;0;585;20;;3505
26/27;2026-09-20;The Nexus Bowl;tournament;Geek Masters Invitational;3;Final;Sauron;85741;Lord of the Rings - Forces of Mordor;2;210;0;604;16;;3522
26/27;2026-09-20;The Nexus Bowl;tournament;Geek Masters Invitational;3;Final;Kyle Katarn;79439;LucasArts Games - Jedi Knight Era;2;193;0;625;13;;3541
26/27;2026-09-20;The Nexus Bowl;tournament;Geek Masters Invitational;3;Final;Cersei Lannister;95962;Game of Thrones - Lannister-Crown;2;213;0;637;9;;3548
26/27;2026-09-20;The Nexus Bowl;tournament;Geek Masters Invitational;3;Final;Maleficent;74911;Disney Characters - Disney Villains;3;207;0;851;10;;4084
26/27;2026-09-20;The Nexus Bowl;tournament;Geek Masters Invitational;3;Final;Harry Potter;52082;Harry Potter - Order of the Phoenix;3;235;0;923;1;;4147
26/27;2026-09-20;The Nexus Bowl;tournament;Geek Masters Invitational;3;Final;Mickey Mouse;68965;Disney Characters - Disney Heroes;3;217;0;866;5;;3957
26/27;2026-09-20;The Nexus Bowl;tournament;Geek Masters Invitational;3;Final;Worf;67335;Star Trek - Klingon-Romulan;3;215;0;881;3;;3954
26/27;2026-09-20;The Nexus Bowl;tournament;Geek Masters Invitational;3;Final;Paul Atreides;72298;Dune - House Atreides;3;199;0;842;13;;3855
26/27;2026-09-20;The Nexus Bowl;tournament;Geek Masters Invitational;3;Final;Illusive Man;86178;Mass Effect - Cerberus-Reapers;3;214;0;803;15;;3810
26/27;2026-09-20;The Nexus Bowl;tournament;Geek Masters Invitational;3;Final;Darth Vader;68024;Star Wars - Sith Empire;3;217;0;880;4;;3884
26/27;2026-09-20;The Nexus Bowl;tournament;Geek Masters Invitational;3;Final;Abaddon the Despoiler;54558;Warhammer 40K - Chaos;3;178;0;801;18;;3800
26/27;2026-09-20;The Nexus Bowl;tournament;Geek Masters Invitational;3;Final;Roboute Guilliman;73700;Warhammer 40K - Imperium;3;200;0;803;16;;3801
26/27;2026-09-20;The Nexus Bowl;tournament;Geek Masters Invitational;3;Final;Luke Skywalker;91905;Star Wars - Jedi Order;3;216;0;882;2;;3878
26/27;2026-09-20;The Nexus Bowl;tournament;Geek Masters Invitational;3;Final;Jean-Luc Picard;56338;Star Trek - Federation;3;206;0;860;6;;3844
26/27;2026-09-20;The Nexus Bowl;tournament;Geek Masters Invitational;3;Final;Lord Voldemort;65247;Harry Potter - Death Eaters;3;222;0;853;9;;3834
26/27;2026-09-20;The Nexus Bowl;tournament;Geek Masters Invitational;3;Final;Gandalf;98265;Lord of the Rings - Free Peoples;3;200;0;802;17;;3765
26/27;2026-09-20;The Nexus Bowl;tournament;Geek Masters Invitational;3;Final;Commander Shepard;85142;Mass Effect - Alliance Crew;3;224;0;859;7;;3807
26/27;2026-09-20;The Nexus Bowl;tournament;Geek Masters Invitational;3;Final;Emperor Palpatine;66049;Star Wars - Sith Empire;3;220;0;842;12;;3775
26/27;2026-09-20;The Nexus Bowl;tournament;Geek Masters Invitational;3;Final;Feyd-Rautha;56698;Dune - Harkonnen-Sardaukar;3;221;0;857;8;;3790
26/27;2026-09-20;The Nexus Bowl;tournament;Geek Masters Invitational;3;Final;Harbinger;69213;Mass Effect - Cerberus-Reapers;3;199;0;784;20;;3704
26/27;2026-09-20;The Nexus Bowl;tournament;Geek Masters Invitational;3;Final;Sauron;85741;Lord of the Rings - Forces of Mordor;3;191;0;795;19;;3713
26/27;2026-09-20;The Nexus Bowl;tournament;Geek Masters Invitational;3;Final;Kyle Katarn;79439;LucasArts Games - Jedi Knight Era;3;207;0;832;14;;3748
26/27;2026-09-20;The Nexus Bowl;tournament;Geek Masters Invitational;3;Final;Cersei Lannister;95962;Game of Thrones - Lannister-Crown;3;209;0;846;11;;3757
26/27;2026-09-20;The Nexus Bowl;tournament;Geek Masters Invitational;3;Final;Maleficent;74911;Disney Characters - Disney Villains;4;228;0;1079;6;;4312
26/27;2026-09-20;The Nexus Bowl;tournament;Geek Masters Invitational;3;Final;Harry Potter;52082;Harry Potter - Order of the Phoenix;4;204;0;1127;1;;4351
26/27;2026-09-20;The Nexus Bowl;tournament;Geek Masters Invitational;3;Final;Mickey Mouse;68965;Disney Characters - Disney Heroes;4;192;0;1058;11;;4149
26/27;2026-09-20;The Nexus Bowl;tournament;Geek Masters Invitational;3;Final;Worf;67335;Star Trek - Klingon-Romulan;4;209;0;1090;4;;4163
26/27;2026-09-20;The Nexus Bowl;tournament;Geek Masters Invitational;3;Final;Paul Atreides;72298;Dune - House Atreides;4;211;0;1053;13;;4066
26/27;2026-09-20;The Nexus Bowl;tournament;Geek Masters Invitational;3;Final;Illusive Man;86178;Mass Effect - Cerberus-Reapers;4;170;0;973;19;;3980
26/27;2026-09-20;The Nexus Bowl;tournament;Geek Masters Invitational;3;Final;Darth Vader;68024;Star Wars - Sith Empire;4;219;0;1099;3;;4103
26/27;2026-09-20;The Nexus Bowl;tournament;Geek Masters Invitational;3;Final;Abaddon the Despoiler;54558;Warhammer 40K - Chaos;4;209;0;1010;15;;4009
26/27;2026-09-20;The Nexus Bowl;tournament;Geek Masters Invitational;3;Final;Roboute Guilliman;73700;Warhammer 40K - Imperium;4;177;0;980;18;;3978
26/27;2026-09-20;The Nexus Bowl;tournament;Geek Masters Invitational;3;Final;Luke Skywalker;91905;Star Wars - Jedi Order;4;237;0;1119;2;;4115
26/27;2026-09-20;The Nexus Bowl;tournament;Geek Masters Invitational;3;Final;Jean-Luc Picard;56338;Star Trek - Federation;4;221;0;1081;5;;4065
26/27;2026-09-20;The Nexus Bowl;tournament;Geek Masters Invitational;3;Final;Lord Voldemort;65247;Harry Potter - Death Eaters;4;221;0;1074;7;;4055
26/27;2026-09-20;The Nexus Bowl;tournament;Geek Masters Invitational;3;Final;Gandalf;98265;Lord of the Rings - Free Peoples;4;204;0;1006;16;;3969
26/27;2026-09-20;The Nexus Bowl;tournament;Geek Masters Invitational;3;Final;Commander Shepard;85142;Mass Effect - Alliance Crew;4;213;0;1072;8;;4020
26/27;2026-09-20;The Nexus Bowl;tournament;Geek Masters Invitational;3;Final;Emperor Palpatine;66049;Star Wars - Sith Empire;4;215;0;1057;12;;3990
26/27;2026-09-20;The Nexus Bowl;tournament;Geek Masters Invitational;3;Final;Feyd-Rautha;56698;Dune - Harkonnen-Sardaukar;4;212;0;1069;9;;4002
26/27;2026-09-20;The Nexus Bowl;tournament;Geek Masters Invitational;3;Final;Harbinger;69213;Mass Effect - Cerberus-Reapers;4;182;0;966;20;;3886
26/27;2026-09-20;The Nexus Bowl;tournament;Geek Masters Invitational;3;Final;Sauron;85741;Lord of the Rings - Forces of Mordor;4;208;0;1003;17;;3921
26/27;2026-09-20;The Nexus Bowl;tournament;Geek Masters Invitational;3;Final;Kyle Katarn;79439;LucasArts Games - Jedi Knight Era;4;216;0;1048;14;;3964
26/27;2026-09-20;The Nexus Bowl;tournament;Geek Masters Invitational;3;Final;Cersei Lannister;95962;Game of Thrones - Lannister-Crown;4;222;0;1068;10;;3979
26/27;2026-09-20;The Nexus Bowl;tournament;Geek Masters Invitational;3;Final;Maleficent;74911;Disney Characters - Disney Villains;5;198;0;1277;10;;4510
26/27;2026-09-20;The Nexus Bowl;tournament;Geek Masters Invitational;3;Final;Harry Potter;52082;Harry Potter - Order of the Phoenix;5;211;0;1338;1;;4562
26/27;2026-09-20;The Nexus Bowl;tournament;Geek Masters Invitational;3;Final;Mickey Mouse;68965;Disney Characters - Disney Heroes;5;235;0;1293;6;;4384
26/27;2026-09-20;The Nexus Bowl;tournament;Geek Masters Invitational;3;Final;Worf;67335;Star Trek - Klingon-Romulan;5;214;0;1304;4;;4377
26/27;2026-09-20;The Nexus Bowl;tournament;Geek Masters Invitational;3;Final;Paul Atreides;72298;Dune - House Atreides;5;216;0;1269;11;;4282
26/27;2026-09-20;The Nexus Bowl;tournament;Geek Masters Invitational;3;Final;Illusive Man;86178;Mass Effect - Cerberus-Reapers;5;217;0;1190;18;;4197
26/27;2026-09-20;The Nexus Bowl;tournament;Geek Masters Invitational;3;Final;Darth Vader;68024;Star Wars - Sith Empire;5;223;0;1322;2;;4326
26/27;2026-09-20;The Nexus Bowl;tournament;Geek Masters Invitational;3;Final;Abaddon the Despoiler;54558;Warhammer 40K - Chaos;5;235;0;1245;15;;4244
26/27;2026-09-20;The Nexus Bowl;tournament;Geek Masters Invitational;3;Final;Roboute Guilliman;73700;Warhammer 40K - Imperium;5;197;0;1177;19;;4175
26/27;2026-09-20;The Nexus Bowl;tournament;Geek Masters Invitational;3;Final;Luke Skywalker;91905;Star Wars - Jedi Order;5;198;0;1317;3;;4313
26/27;2026-09-20;The Nexus Bowl;tournament;Geek Masters Invitational;3;Final;Jean-Luc Picard;56338;Star Trek - Federation;5;208;0;1289;9;;4273
26/27;2026-09-20;The Nexus Bowl;tournament;Geek Masters Invitational;3;Final;Lord Voldemort;65247;Harry Potter - Death Eaters;5;223;0;1297;5;;4278
26/27;2026-09-20;The Nexus Bowl;tournament;Geek Masters Invitational;3;Final;Gandalf;98265;Lord of the Rings - Free Peoples;5;214;0;1220;16;;4183
26/27;2026-09-20;The Nexus Bowl;tournament;Geek Masters Invitational;3;Final;Commander Shepard;85142;Mass Effect - Alliance Crew;5;219;0;1291;7;;4239
26/27;2026-09-20;The Nexus Bowl;tournament;Geek Masters Invitational;3;Final;Emperor Palpatine;66049;Star Wars - Sith Empire;5;211;0;1268;12;;4201
26/27;2026-09-20;The Nexus Bowl;tournament;Geek Masters Invitational;3;Final;Feyd-Rautha;56698;Dune - Harkonnen-Sardaukar;5;220;0;1289;8;;4222
26/27;2026-09-20;The Nexus Bowl;tournament;Geek Masters Invitational;3;Final;Harbinger;69213;Mass Effect - Cerberus-Reapers;5;196;0;1162;20;;4082
26/27;2026-09-20;The Nexus Bowl;tournament;Geek Masters Invitational;3;Final;Sauron;85741;Lord of the Rings - Forces of Mordor;5;199;0;1202;17;;4120
26/27;2026-09-20;The Nexus Bowl;tournament;Geek Masters Invitational;3;Final;Kyle Katarn;79439;LucasArts Games - Jedi Knight Era;5;213;0;1261;14;;4177
26/27;2026-09-20;The Nexus Bowl;tournament;Geek Masters Invitational;3;Final;Cersei Lannister;95962;Game of Thrones - Lannister-Crown;5;198;0;1266;13;;4177
