Season;Date;Location;Event Type;Event Name;Round Number;Round Name;Player;Player ID;Club;Game Number;Score;Handicap;Cumulative Score;Stage Rank;Cut Line;Cut Basis;Overall Cumulative Score
25/26;2026-05-09;Rottendorf;tournament;Bayerische Meisterschaft - Frauen Einzel;1;Vorlauf;Alexandra Mareiser;7083;;0;215;0;215;1;;;215
25/26;2026-05-09;Rottendorf;tournament;Bayerische Meisterschaft - Frauen Einzel;1;Vorlauf;Anika Kristof;38045;;0;201;0;201;2;;;201
25/26;2026-05-09;Rottendorf;tournament;Bayerische Meisterschaft - Frauen Einzel;1;Vorlauf;Bianca Leinemann;38876;;0;125;0;125;21;;;125
25/26;2026-05-09;Rottendorf;tournament;Bayerische Meisterschaft - Frauen Einzel;1;Vorlauf;Denise Schwertfeger;38934;;0;134;0;134;19;;;134
25/26;2026-05-09;Rottendorf;tournament;Bayerische Meisterschaft - Frauen Einzel;1;Vorlauf;Else Schuster;7709;;0;131;0;131;20;;;131
25/26;2026-05-09;Rottendorf;tournament;Bayerische Meisterschaft - Frauen Einzel;1;Vorlauf;Helene Schick;38931;;0;153;0;153;14;;;153
25/26;2026-05-09;Rottendorf;tournament;Bayerische Meisterschaft - Frauen Einzel;1;Vorlauf;Ingeborg Schmitt;7974;;0;142;0;142;17;;;142
25/26;2026-05-09;Rottendorf;tournament;Bayerische Meisterschaft - Frauen Einzel;1;Vorlauf;Jana Witthinrich;38355;;0;151;0;151;15;;;151
25/26;2026-05-09;Rottendorf;tournament;Bayerische Meisterschaft - Frauen Einzel;1;Vorlauf;Johanna Groll;25630;;0;155;0;155;13;;;155
25/26;2026-05-09;Rottendorf;tournament;Bayerische Meisterschaft - Frauen Einzel;1;Vorlauf;Julia Völlmerk;16093;;0;199;0;199;4;;;199
25/26;2026-05-09;Rottendorf;tournament;Bayerische Meisterschaft - Frauen Einzel;1;Vorlauf;Katharina Mang;25329;;0;176;0;176;7;;;176
25/26;2026-05-09;Rottendorf;tournament;Bayerische Meisterschaft - Frauen Einzel;1;Vorlauf;Laura Piros;36696;;0;169;0;169;10;;;169
25/26;2026-05-09;Rottendorf;tournament;Bayerische Meisterschaft - Frauen Einzel;1;Vorlauf;Marina Weiske;7154;;0;162;0;162;12;;;162
25/26;2026-05-09;Rottendorf;tournament;Bayerische Meisterschaft - Frauen Einzel;1;Vorlauf;Monika Schott;16594;;0;200;0;200;3;;;200
25/26;2026-05-09;Rottendorf;tournament;Bayerische Meisterschaft - Frauen Einzel;1;Vorlauf;Nadja Seidlein;38173;;0;175;0;175;8;;;175
25/26;2026-05-09;Rottendorf;tournament;Bayerische Meisterschaft - Frauen Einzel;1;Vorlauf;Natalie Groll;25857;;0;196;0;196;5;;;196
25/26;2026-05-09;Rottendorf;tournament;Bayerische Meisterschaft - Frauen Einzel;1;Vorlauf;Nicole Schott;16595;;0;177;0;177;6;;;177
25/26;2026-05-09;Rottendorf;tournament;Bayerische Meisterschaft - Frauen Einzel;1;Vorlauf;Regina Gahr;38555;;0;170;0;170;9;;;170
25/26;2026-05-09;Rottendorf;tournament;Bayerische Meisterschaft - Frauen Einzel;1;Vorlauf;Rica Jahre;38980;;0;166;0;166;11;;;166
25/26;2026-05-09;Rottendorf;tournament;Bayerische Meisterschaft - Frauen Einzel;1;Vorlauf;Roswitha Schulz-Burkert;25347;;0;149;0;149;16;;;149
25/26;2026-05-09;Rottendorf;tournament;Bayerische Meisterschaft - Frauen Einzel;1;Vorlauf;Sabaithip Mekjinda;38780;;0;140;0;140;18;;;140
25/26;2026-05-09;Rottendorf;tournament;Bayerische Meisterschaft - Frauen Einzel;1;Vorlauf;Stephanie Fischer;38789;;0;118;0;118;22;;;118
25/26;2026-05-09;Rottendorf;tournament;Bayerische Meisterschaft - Frauen Einzel;1;Vorlauf;Alexandra Mareiser;7083;;1;134;0;349;9;;;349
25/26;2026-05-09;Rottendorf;tournament;Bayerische Meisterschaft - Frauen Einzel;1;Vorlauf;Anika Kristof;38045;;1;223;0;424;1;;;424
25/26;2026-05-09;Rottendorf;tournament;Bayerische Meisterschaft - Frauen Einzel;1;Vorlauf;Bianca Leinemann;38876;;1;140;0;265;20;;;265
25/26;2026-05-09;Rottendorf;tournament;Bayerische Meisterschaft - Frauen Einzel;1;Vorlauf;Denise Schwertfeger;38934;;1;132;0;266;19;;;266
25/26;2026-05-09;Rottendorf;tournament;Bayerische Meisterschaft - Frauen Einzel;1;Vorlauf;Else Schuster;7709;;1;156;0;287;16;;;287
25/26;2026-05-09;Rottendorf;tournament;Bayerische Meisterschaft - Frauen Einzel;1;Vorlauf;Helene Schick;38931;;1;202;0;355;7;;;355
25/26;2026-05-09;Rottendorf;tournament;Bayerische Meisterschaft - Frauen Einzel;1;Vorlauf;Ingeborg Schmitt;7974;;1;104;0;246;22;;;246
25/26;2026-05-09;Rottendorf;tournament;Bayerische Meisterschaft - Frauen Einzel;1;Vorlauf;Jana Witthinrich;38355;;1;135;0;286;17;;;286
25/26;2026-05-09;Rottendorf;tournament;Bayerische Meisterschaft - Frauen Einzel;1;Vorlauf;Johanna Groll;25630;;1;202;0;357;5;;;357
25/26;2026-05-09;Rottendorf;tournament;Bayerische Meisterschaft - Frauen Einzel;1;Vorlauf;Julia Völlmerk;16093;;1;186;0;385;3;;;385
25/26;2026-05-09;Rottendorf;tournament;Bayerische Meisterschaft - Frauen Einzel;1;Vorlauf;Katharina Mang;25329;;1;207;0;383;4;;;383
25/26;2026-05-09;Rottendorf;tournament;Bayerische Meisterschaft - Frauen Einzel;1;Vorlauf;Laura Piros;36696;;1;227;0;396;2;;;396
25/26;2026-05-09;Rottendorf;tournament;Bayerische Meisterschaft - Frauen Einzel;1;Vorlauf;Marina Weiske;7154;;1;194;0;356;6;;;356
25/26;2026-05-09;Rottendorf;tournament;Bayerische Meisterschaft - Frauen Einzel;1;Vorlauf;Monika Schott;16594;;1;152;0;352;8;;;352
25/26;2026-05-09;Rottendorf;tournament;Bayerische Meisterschaft - Frauen Einzel;1;Vorlauf;Nadja Seidlein;38173;;1;147;0;322;12;;;322
25/26;2026-05-09;Rottendorf;tournament;Bayerische Meisterschaft - Frauen Einzel;1;Vorlauf;Natalie Groll;25857;;1;138;0;334;11;;;334
25/26;2026-05-09;Rottendorf;tournament;Bayerische Meisterschaft - Frauen Einzel;1;Vorlauf;Nicole Schott;16595;;1;162;0;339;10;;;339
25/26;2026-05-09;Rottendorf;tournament;Bayerische Meisterschaft - Frauen Einzel;1;Vorlauf;Regina Gahr;38555;;1;146;0;316;13;;;316
25/26;2026-05-09;Rottendorf;tournament;Bayerische Meisterschaft - Frauen Einzel;1;Vorlauf;Rica Jahre;38980;;1;116;0;282;18;;;282
25/26;2026-05-09;Rottendorf;tournament;Bayerische Meisterschaft - Frauen Einzel;1;Vorlauf;Roswitha Schulz-Burkert;25347;;1;140;0;289;15;;;289
25/26;2026-05-09;Rottendorf;tournament;Bayerische Meisterschaft - Frauen Einzel;1;Vorlauf;Sabaithip Mekjinda;38780;;1;165;0;305;14;;;305
25/26;2026-05-09;Rottendorf;tournament;Bayerische Meisterschaft - Frauen Einzel;1;Vorlauf;Stephanie Fischer;38789;;1;144;0;262;21;;;262
25/26;2026-05-09;Rottendorf;tournament;Bayerische Meisterschaft - Frauen Einzel;1;Vorlauf;Alexandra Mareiser;7083;;2;182;0;531;7;;;531
25/26;2026-05-09;Rottendorf;tournament;Bayerische Meisterschaft - Frauen Einzel;1;Vorlauf;Anika Kristof;38045;;2;196;0;620;1;;;620
25/26;2026-05-09;Rottendorf;tournament;Bayerische Meisterschaft - Frauen Einzel;1;Vorlauf;Bianca Leinemann;38876;;2;157;0;422;17;;;422
25/26;2026-05-09;Rottendorf;tournament;Bayerische Meisterschaft - Frauen Einzel;1;Vorlauf;Denise Schwertfeger;38934;;2;120;0;386;22;;;386
25/26;2026-05-09;Rottendorf;tournament;Bayerische Meisterschaft - Frauen Einzel;1;Vorlauf;Else Schuster;7709;;2;123;0;410;19;;;410
25/26;2026-05-09;Rottendorf;tournament;Bayerische Meisterschaft - Frauen Einzel;1;Vorlauf;Helene Schick;38931;;2;141;0;496;11;;;496
25/26;2026-05-09;Rottendorf;tournament;Bayerische Meisterschaft - Frauen Einzel;1;Vorlauf;Ingeborg Schmitt;7974;;2;159;0;405;20;;;405
25/26;2026-05-09;Rottendorf;tournament;Bayerische Meisterschaft - Frauen Einzel;1;Vorlauf;Jana Witthinrich;38355;;2;164;0;450;14;;;450
25/26;2026-05-09;Rottendorf;tournament;Bayerische Meisterschaft - Frauen Einzel;1;Vorlauf;Johanna Groll;25630;;2;168;0;525;9;;;525
25/26;2026-05-09;Rottendorf;tournament;Bayerische Meisterschaft - Frauen Einzel;1;Vorlauf;Julia Völlmerk;16093;;2;207;0;592;3;;;592
25/26;2026-05-09;Rottendorf;tournament;Bayerische Meisterschaft - Frauen Einzel;1;Vorlauf;Katharina Mang;25329;;2;158;0;541;5;;;541
25/26;2026-05-09;Rottendorf;tournament;Bayerische Meisterschaft - Frauen Einzel;1;Vorlauf;Laura Piros;36696;;2;202;0;598;2;;;598
25/26;2026-05-09;Rottendorf;tournament;Bayerische Meisterschaft - Frauen Einzel;1;Vorlauf;Marina Weiske;7154;;2;187;0;543;4;;;543
25/26;2026-05-09;Rottendorf;tournament;Bayerische Meisterschaft - Frauen Einzel;1;Vorlauf;Monika Schott;16594;;2;161;0;513;10;;;513
25/26;2026-05-09;Rottendorf;tournament;Bayerische Meisterschaft - Frauen Einzel;1;Vorlauf;Nadja Seidlein;38173;;2;132;0;454;13;;;454
25/26;2026-05-09;Rottendorf;tournament;Bayerische Meisterschaft - Frauen Einzel;1;Vorlauf;Natalie Groll;25857;;2;194;0;528;8;;;528
25/26;2026-05-09;Rottendorf;tournament;Bayerische Meisterschaft - Frauen Einzel;1;Vorlauf;Nicole Schott;16595;;2;196;0;535;6;;;535
25/26;2026-05-09;Rottendorf;tournament;Bayerische Meisterschaft - Frauen Einzel;1;Vorlauf;Regina Gahr;38555;;2;151;0;467;12;;;467
25/26;2026-05-09;Rottendorf;tournament;Bayerische Meisterschaft - Frauen Einzel;1;Vorlauf;Rica Jahre;38980;;2;164;0;446;16;;;446
25/26;2026-05-09;Rottendorf;tournament;Bayerische Meisterschaft - Frauen Einzel;1;Vorlauf;Roswitha Schulz-Burkert;25347;;2;127;0;416;18;;;416
25/26;2026-05-09;Rottendorf;tournament;Bayerische Meisterschaft - Frauen Einzel;1;Vorlauf;Sabaithip Mekjinda;38780;;2;144;0;449;15;;;449
25/26;2026-05-09;Rottendorf;tournament;Bayerische Meisterschaft - Frauen Einzel;1;Vorlauf;Stephanie Fischer;38789;;2;128;0;390;21;;;390
25/26;2026-05-09;Rottendorf;tournament;Bayerische Meisterschaft - Frauen Einzel;1;Vorlauf;Alexandra Mareiser;7083;;3;247;0;778;4;;;778
25/26;2026-05-09;Rottendorf;tournament;Bayerische Meisterschaft - Frauen Einzel;1;Vorlauf;Anika Kristof;38045;;3;191;0;811;2;;;811
25/26;2026-05-09;Rottendorf;tournament;Bayerische Meisterschaft - Frauen Einzel;1;Vorlauf;Bianca Leinemann;38876;;3;211;0;633;12;;;633
25/26;2026-05-09;Rottendorf;tournament;Bayerische Meisterschaft - Frauen Einzel;1;Vorlauf;Denise Schwertfeger;38934;;3;136;0;522;21;;;522
25/26;2026-05-09;Rottendorf;tournament;Bayerische Meisterschaft - Frauen Einzel;1;Vorlauf;Else Schuster;7709;;3;174;0;584;18;;;584
25/26;2026-05-09;Rottendorf;tournament;Bayerische Meisterschaft - Frauen Einzel;1;Vorlauf;Helene Schick;38931;;3;141;0;637;11;;;637
25/26;2026-05-09;Rottendorf;tournament;Bayerische Meisterschaft - Frauen Einzel;1;Vorlauf;Ingeborg Schmitt;7974;;3;119;0;524;20;;;524
25/26;2026-05-09;Rottendorf;tournament;Bayerische Meisterschaft - Frauen Einzel;1;Vorlauf;Jana Witthinrich;38355;;3;171;0;621;13;;;621
25/26;2026-05-09;Rottendorf;tournament;Bayerische Meisterschaft - Frauen Einzel;1;Vorlauf;Johanna Groll;25630;;3;171;0;696;6;;;696
25/26;2026-05-09;Rottendorf;tournament;Bayerische Meisterschaft - Frauen Einzel;1;Vorlauf;Julia Völlmerk;16093;;3;187;0;779;3;;;779
25/26;2026-05-09;Rottendorf;tournament;Bayerische Meisterschaft - Frauen Einzel;1;Vorlauf;Katharina Mang;25329;;3;152;0;693;7;;;693
25/26;2026-05-09;Rottendorf;tournament;Bayerische Meisterschaft - Frauen Einzel;1;Vorlauf;Laura Piros;36696;;3;245;0;843;1;;;843
25/26;2026-05-09;Rottendorf;tournament;Bayerische Meisterschaft - Frauen Einzel;1;Vorlauf;Marina Weiske;7154;;3;146;0;689;9;;;689
25/26;2026-05-09;Rottendorf;tournament;Bayerische Meisterschaft - Frauen Einzel;1;Vorlauf;Monika Schott;16594;;3;178;0;691;8;;;691
25/26;2026-05-09;Rottendorf;tournament;Bayerische Meisterschaft - Frauen Einzel;1;Vorlauf;Nadja Seidlein;38173;;3;136;0;590;17;;;590
25/26;2026-05-09;Rottendorf;tournament;Bayerische Meisterschaft - Frauen Einzel;1;Vorlauf;Natalie Groll;25857;;3;190;0;718;5;;;718
25/26;2026-05-09;Rottendorf;tournament;Bayerische Meisterschaft - Frauen Einzel;1;Vorlauf;Nicole Schott;16595;;3;136;0;671;10;;;671
25/26;2026-05-09;Rottendorf;tournament;Bayerische Meisterschaft - Frauen Einzel;1;Vorlauf;Regina Gahr;38555;;3;139;0;606;15;;;606
25/26;2026-05-09;Rottendorf;tournament;Bayerische Meisterschaft - Frauen Einzel;1;Vorlauf;Rica Jahre;38980;;3;150;0;596;16;;;596
25/26;2026-05-09;Rottendorf;tournament;Bayerische Meisterschaft - Frauen Einzel;1;Vorlauf;Roswitha Schulz-Burkert;25347;;3;163;0;579;19;;;579
25/26;2026-05-09;Rottendorf;tournament;Bayerische Meisterschaft - Frauen Einzel;1;Vorlauf;Sabaithip Mekjinda;38780;;3;165;0;614;14;;;614
25/26;2026-05-09;Rottendorf;tournament;Bayerische Meisterschaft - Frauen Einzel;1;Vorlauf;Stephanie Fischer;38789;;3;102;0;492;22;;;492
25/26;2026-05-09;Rottendorf;tournament;Bayerische Meisterschaft - Frauen Einzel;1;Vorlauf;Alexandra Mareiser;7083;;4;149;0;927;5;;;927
25/26;2026-05-09;Rottendorf;tournament;Bayerische Meisterschaft - Frauen Einzel;1;Vorlauf;Anika Kristof;38045;;4;181;0;992;2;;;992
25/26;2026-05-09;Rottendorf;tournament;Bayerische Meisterschaft - Frauen Einzel;1;Vorlauf;Bianca Leinemann;38876;;4;175;0;808;11;;;808
25/26;2026-05-09;Rottendorf;tournament;Bayerische Meisterschaft - Frauen Einzel;1;Vorlauf;Denise Schwertfeger;38934;;4;160;0;682;20;;;682
25/26;2026-05-09;Rottendorf;tournament;Bayerische Meisterschaft - Frauen Einzel;1;Vorlauf;Else Schuster;7709;;4;132;0;716;17;;;716
25/26;2026-05-09;Rottendorf;tournament;Bayerische Meisterschaft - Frauen Einzel;1;Vorlauf;Helene Schick;38931;;4;148;0;785;12;;;785
25/26;2026-05-09;Rottendorf;tournament;Bayerische Meisterschaft - Frauen Einzel;1;Vorlauf;Ingeborg Schmitt;7974;;4;130;0;654;21;;;654
25/26;2026-05-09;Rottendorf;tournament;Bayerische Meisterschaft - Frauen Einzel;1;Vorlauf;Jana Witthinrich;38355;;4;145;0;766;13;;;766
25/26;2026-05-09;Rottendorf;tournament;Bayerische Meisterschaft - Frauen Einzel;1;Vorlauf;Johanna Groll;25630;;4;159;0;855;8;;;855
25/26;2026-05-09;Rottendorf;tournament;Bayerische Meisterschaft - Frauen Einzel;1;Vorlauf;Julia Völlmerk;16093;;4;170;0;949;3;;;949
25/26;2026-05-09;Rottendorf;tournament;Bayerische Meisterschaft - Frauen Einzel;1;Vorlauf;Katharina Mang;25329;;4;186;0;879;6;;;879
25/26;2026-05-09;Rottendorf;tournament;Bayerische Meisterschaft - Frauen Einzel;1;Vorlauf;Laura Piros;36696;;4;255;0;1098;1;;;1098
25/26;2026-05-09;Rottendorf;tournament;Bayerische Meisterschaft - Frauen Einzel;1;Vorlauf;Marina Weiske;7154;;4;188;0;877;7;;;877
25/26;2026-05-09;Rottendorf;tournament;Bayerische Meisterschaft - Frauen Einzel;1;Vorlauf;Monika Schott;16594;;4;159;0;850;9;;;850
25/26;2026-05-09;Rottendorf;tournament;Bayerische Meisterschaft - Frauen Einzel;1;Vorlauf;Nadja Seidlein;38173;;4;144;0;734;16;;;734
25/26;2026-05-09;Rottendorf;tournament;Bayerische Meisterschaft - Frauen Einzel;1;Vorlauf;Natalie Groll;25857;;4;225;0;943;4;;;943
25/26;2026-05-09;Rottendorf;tournament;Bayerische Meisterschaft - Frauen Einzel;1;Vorlauf;Nicole Schott;16595;;4;165;0;836;10;;;836
25/26;2026-05-09;Rottendorf;tournament;Bayerische Meisterschaft - Frauen Einzel;1;Vorlauf;Regina Gahr;38555;;4;132;0;738;15;;;738
25/26;2026-05-09;Rottendorf;tournament;Bayerische Meisterschaft - Frauen Einzel;1;Vorlauf;Rica Jahre;38980;;4;97;0;693;19;;;693
25/26;2026-05-09;Rottendorf;tournament;Bayerische Meisterschaft - Frauen Einzel;1;Vorlauf;Roswitha Schulz-Burkert;25347;;4;121;0;700;18;;;700
25/26;2026-05-09;Rottendorf;tournament;Bayerische Meisterschaft - Frauen Einzel;1;Vorlauf;Sabaithip Mekjinda;38780;;4;136;0;750;14;;;750
25/26;2026-05-09;Rottendorf;tournament;Bayerische Meisterschaft - Frauen Einzel;1;Vorlauf;Stephanie Fischer;38789;;4;112;0;604;22;;;604
25/26;2026-05-09;Rottendorf;tournament;Bayerische Meisterschaft - Frauen Einzel;1;Vorlauf;Alexandra Mareiser;7083;;5;226;0;1153;3;;;1153
25/26;2026-05-09;Rottendorf;tournament;Bayerische Meisterschaft - Frauen Einzel;1;Vorlauf;Anika Kristof;38045;;5;208;0;1200;2;;;1200
25/26;2026-05-09;Rottendorf;tournament;Bayerische Meisterschaft - Frauen Einzel;1;Vorlauf;Bianca Leinemann;38876;;5;116;0;924;13;;;924
25/26;2026-05-09;Rottendorf;tournament;Bayerische Meisterschaft - Frauen Einzel;1;Vorlauf;Denise Schwertfeger;38934;;5;148;0;830;19;;;830
25/26;2026-05-09;Rottendorf;tournament;Bayerische Meisterschaft - Frauen Einzel;1;Vorlauf;Else Schuster;7709;;5;172;0;888;15;;;888
25/26;2026-05-09;Rottendorf;tournament;Bayerische Meisterschaft - Frauen Einzel;1;Vorlauf;Helene Schick;38931;;5;186;0;971;11;;;971
25/26;2026-05-09;Rottendorf;tournament;Bayerische Meisterschaft - Frauen Einzel;1;Vorlauf;Ingeborg Schmitt;7974;;5;165;0;819;20;;;819
25/26;2026-05-09;Rottendorf;tournament;Bayerische Meisterschaft - Frauen Einzel;1;Vorlauf;Jana Witthinrich;38355;;5;178;0;944;12;;;944
25/26;2026-05-09;Rottendorf;tournament;Bayerische Meisterschaft - Frauen Einzel;1;Vorlauf;Johanna Groll;25630;;5;167;0;1022;8;;;1022
25/26;2026-05-09;Rottendorf;tournament;Bayerische Meisterschaft - Frauen Einzel;1;Vorlauf;Julia Völlmerk;16093;;5;171;0;1120;4;;;1120
25/26;2026-05-09;Rottendorf;tournament;Bayerische Meisterschaft - Frauen Einzel;1;Vorlauf;Katharina Mang;25329;;5;149;0;1028;7;;;1028
25/26;2026-05-09;Rottendorf;tournament;Bayerische Meisterschaft - Frauen Einzel;1;Vorlauf;Laura Piros;36696;;5;178;0;1276;1;;;1276
25/26;2026-05-09;Rottendorf;tournament;Bayerische Meisterschaft - Frauen Einzel;1;Vorlauf;Marina Weiske;7154;;5;170;0;1047;6;;;1047
25/26;2026-05-09;Rottendorf;tournament;Bayerische Meisterschaft - Frauen Einzel;1;Vorlauf;Monika Schott;16594;;5;170;0;1020;9;;;1020
25/26;2026-05-09;Rottendorf;tournament;Bayerische Meisterschaft - Frauen Einzel;1;Vorlauf;Nadja Seidlein;38173;;5;133;0;867;16;;;867
25/26;2026-05-09;Rottendorf;tournament;Bayerische Meisterschaft - Frauen Einzel;1;Vorlauf;Natalie Groll;25857;;5;161;0;1104;5;;;1104
25/26;2026-05-09;Rottendorf;tournament;Bayerische Meisterschaft - Frauen Einzel;1;Vorlauf;Nicole Schott;16595;;5;153;0;989;10;;;989
25/26;2026-05-09;Rottendorf;tournament;Bayerische Meisterschaft - Frauen Einzel;1;Vorlauf;Regina Gahr;38555;;5;125;0;863;17;;;863
25/26;2026-05-09;Rottendorf;tournament;Bayerische Meisterschaft - Frauen Einzel;1;Vorlauf;Rica Jahre;38980;;5;168;0;861;18;;;861
25/26;2026-05-09;Rottendorf;tournament;Bayerische Meisterschaft - Frauen Einzel;1;Vorlauf;Roswitha Schulz-Burkert;25347;;5;116;0;816;21;;;816
25/26;2026-05-09;Rottendorf;tournament;Bayerische Meisterschaft - Frauen Einzel;1;Vorlauf;Sabaithip Mekjinda;38780;;5;145;0;895;14;;;895
25/26;2026-05-09;Rottendorf;tournament;Bayerische Meisterschaft - Frauen Einzel;1;Vorlauf;Stephanie Fischer;38789;;5;172;0;776;22;;;776
25/26;2026-05-10;Rottendorf;tournament;Bayerische Meisterschaft - Frauen Einzel;2;Zwischenlauf;Alexandra Mareiser;7083;;0;200;0;200;2;;;1353
25/26;2026-05-10;Rottendorf;tournament;Bayerische Meisterschaft - Frauen Einzel;2;Zwischenlauf;Anika Kristof;38045;;0;198;0;198;3;;;1398
25/26;2026-05-10;Rottendorf;tournament;Bayerische Meisterschaft - Frauen Einzel;2;Zwischenlauf;Bianca Leinemann;38876;;0;146;0;146;16;;;1070
25/26;2026-05-10;Rottendorf;tournament;Bayerische Meisterschaft - Frauen Einzel;2;Zwischenlauf;Denise Schwertfeger;38934;;0;134;0;134;20;;;964
25/26;2026-05-10;Rottendorf;tournament;Bayerische Meisterschaft - Frauen Einzel;2;Zwischenlauf;Else Schuster;7709;;0;183;0;183;4;;;1071
25/26;2026-05-10;Rottendorf;tournament;Bayerische Meisterschaft - Frauen Einzel;2;Zwischenlauf;Helene Schick;38931;;0;142;0;142;17;;;1113
25/26;2026-05-10;Rottendorf;tournament;Bayerische Meisterschaft - Frauen Einzel;2;Zwischenlauf;Ingeborg Schmitt;7974;;0;122;0;122;22;;;941
25/26;2026-05-10;Rottendorf;tournament;Bayerische Meisterschaft - Frauen Einzel;2;Zwischenlauf;Jana Witthinrich;38355;;0;182;0;182;5;;;1126
25/26;2026-05-10;Rottendorf;tournament;Bayerische Meisterschaft - Frauen Einzel;2;Zwischenlauf;Johanna Groll;25630;;0;210;0;210;1;;;1232
25/26;2026-05-10;Rottendorf;tournament;Bayerische Meisterschaft - Frauen Einzel;2;Zwischenlauf;Julia Völlmerk;16093;;0;178;0;178;9;;;1298
25/26;2026-05-10;Rottendorf;tournament;Bayerische Meisterschaft - Frauen Einzel;2;Zwischenlauf;Katharina Mang;25329;;0;149;0;149;15;;;1177
25/26;2026-05-10;Rottendorf;tournament;Bayerische Meisterschaft - Frauen Einzel;2;Zwischenlauf;Laura Piros;36696;;0;182;0;182;6;;;1458
25/26;2026-05-10;Rottendorf;tournament;Bayerische Meisterschaft - Frauen Einzel;2;Zwischenlauf;Marina Weiske;7154;;0;151;0;151;14;;;1198
25/26;2026-05-10;Rottendorf;tournament;Bayerische Meisterschaft - Frauen Einzel;2;Zwischenlauf;Monika Schott;16594;;0;172;0;172;10;;;1192
25/26;2026-05-10;Rottendorf;tournament;Bayerische Meisterschaft - Frauen Einzel;2;Zwischenlauf;Nadja Seidlein;38173;;0;159;0;159;13;;;1026
25/26;2026-05-10;Rottendorf;tournament;Bayerische Meisterschaft - Frauen Einzel;2;Zwischenlauf;Natalie Groll;25857;;0;180;0;180;8;;;1284
25/26;2026-05-10;Rottendorf;tournament;Bayerische Meisterschaft - Frauen Einzel;2;Zwischenlauf;Nicole Schott;16595;;0;141;0;141;18;;;1130
25/26;2026-05-10;Rottendorf;tournament;Bayerische Meisterschaft - Frauen Einzel;2;Zwischenlauf;Regina Gahr;38555;;0;160;0;160;12;;;1023
25/26;2026-05-10;Rottendorf;tournament;Bayerische Meisterschaft - Frauen Einzel;2;Zwischenlauf;Rica Jahre;38980;;0;182;0;182;7;;;1043
25/26;2026-05-10;Rottendorf;tournament;Bayerische Meisterschaft - Frauen Einzel;2;Zwischenlauf;Roswitha Schulz-Burkert;25347;;0;133;0;133;21;;;949
25/26;2026-05-10;Rottendorf;tournament;Bayerische Meisterschaft - Frauen Einzel;2;Zwischenlauf;Sabaithip Mekjinda;38780;;0;166;0;166;11;;;1061
25/26;2026-05-10;Rottendorf;tournament;Bayerische Meisterschaft - Frauen Einzel;2;Zwischenlauf;Stephanie Fischer;38789;;0;135;0;135;19;;;911
25/26;2026-05-10;Rottendorf;tournament;Bayerische Meisterschaft - Frauen Einzel;2;Zwischenlauf;Alexandra Mareiser;7083;;1;200;0;400;2;;;1553
25/26;2026-05-10;Rottendorf;tournament;Bayerische Meisterschaft - Frauen Einzel;2;Zwischenlauf;Anika Kristof;38045;;1;234;0;432;1;;;1632
25/26;2026-05-10;Rottendorf;tournament;Bayerische Meisterschaft - Frauen Einzel;2;Zwischenlauf;Bianca Leinemann;38876;;1;157;0;303;18;;;1227
25/26;2026-05-10;Rottendorf;tournament;Bayerische Meisterschaft - Frauen Einzel;2;Zwischenlauf;Denise Schwertfeger;38934;;1;145;0;279;19;;;1109
25/26;2026-05-10;Rottendorf;tournament;Bayerische Meisterschaft - Frauen Einzel;2;Zwischenlauf;Else Schuster;7709;;1;165;0;348;7;;;1236
25/26;2026-05-10;Rottendorf;tournament;Bayerische Meisterschaft - Frauen Einzel;2;Zwischenlauf;Helene Schick;38931;;1;185;0;327;12;;;1298
25/26;2026-05-10;Rottendorf;tournament;Bayerische Meisterschaft - Frauen Einzel;2;Zwischenlauf;Ingeborg Schmitt;7974;;1;126;0;248;22;;;1067
25/26;2026-05-10;Rottendorf;tournament;Bayerische Meisterschaft - Frauen Einzel;2;Zwischenlauf;Jana Witthinrich;38355;;1;182;0;364;4;;;1308
25/26;2026-05-10;Rottendorf;tournament;Bayerische Meisterschaft - Frauen Einzel;2;Zwischenlauf;Johanna Groll;25630;;1;171;0;381;3;;;1403
25/26;2026-05-10;Rottendorf;tournament;Bayerische Meisterschaft - Frauen Einzel;2;Zwischenlauf;Julia Völlmerk;16093;;1;185;0;363;5;;;1483
25/26;2026-05-10;Rottendorf;tournament;Bayerische Meisterschaft - Frauen Einzel;2;Zwischenlauf;Katharina Mang;25329;;1;155;0;304;17;;;1332
25/26;2026-05-10;Rottendorf;tournament;Bayerische Meisterschaft - Frauen Einzel;2;Zwischenlauf;Laura Piros;36696;;1;164;0;346;8;;;1622
25/26;2026-05-10;Rottendorf;tournament;Bayerische Meisterschaft - Frauen Einzel;2;Zwischenlauf;Marina Weiske;7154;;1;171;0;322;14;;;1369
25/26;2026-05-10;Rottendorf;tournament;Bayerische Meisterschaft - Frauen Einzel;2;Zwischenlauf;Monika Schott;16594;;1;145;0;317;15;;;1337
25/26;2026-05-10;Rottendorf;tournament;Bayerische Meisterschaft - Frauen Einzel;2;Zwischenlauf;Nadja Seidlein;38173;;1;168;0;327;13;;;1194
25/26;2026-05-10;Rottendorf;tournament;Bayerische Meisterschaft - Frauen Einzel;2;Zwischenlauf;Natalie Groll;25857;;1;174;0;354;6;;;1458
25/26;2026-05-10;Rottendorf;tournament;Bayerische Meisterschaft - Frauen Einzel;2;Zwischenlauf;Nicole Schott;16595;;1;166;0;307;16;;;1296
25/26;2026-05-10;Rottendorf;tournament;Bayerische Meisterschaft - Frauen Einzel;2;Zwischenlauf;Regina Gahr;38555;;1;178;0;338;11;;;1201
25/26;2026-05-10;Rottendorf;tournament;Bayerische Meisterschaft - Frauen Einzel;2;Zwischenlauf;Rica Jahre;38980;;1;161;0;343;9;;;1204
25/26;2026-05-10;Rottendorf;tournament;Bayerische Meisterschaft - Frauen Einzel;2;Zwischenlauf;Roswitha Schulz-Burkert;25347;;1;132;0;265;21;;;1081
25/26;2026-05-10;Rottendorf;tournament;Bayerische Meisterschaft - Frauen Einzel;2;Zwischenlauf;Sabaithip Mekjinda;38780;;1;174;0;340;10;;;1235
25/26;2026-05-10;Rottendorf;tournament;Bayerische Meisterschaft - Frauen Einzel;2;Zwischenlauf;Stephanie Fischer;38789;;1;141;0;276;20;;;1052
25/26;2026-05-10;Rottendorf;tournament;Bayerische Meisterschaft - Frauen Einzel;2;Zwischenlauf;Alexandra Mareiser;7083;;2;203;0;603;1;;;1756
25/26;2026-05-10;Rottendorf;tournament;Bayerische Meisterschaft - Frauen Einzel;2;Zwischenlauf;Anika Kristof;38045;;2;170;0;602;2;;;1802
25/26;2026-05-10;Rottendorf;tournament;Bayerische Meisterschaft - Frauen Einzel;2;Zwischenlauf;Bianca Leinemann;38876;;2;138;0;441;18;;;1365
25/26;2026-05-10;Rottendorf;tournament;Bayerische Meisterschaft - Frauen Einzel;2;Zwischenlauf;Denise Schwertfeger;38934;;2;125;0;404;19;;;1234
25/26;2026-05-10;Rottendorf;tournament;Bayerische Meisterschaft - Frauen Einzel;2;Zwischenlauf;Else Schuster;7709;;2;120;0;468;15;;;1356
25/26;2026-05-10;Rottendorf;tournament;Bayerische Meisterschaft - Frauen Einzel;2;Zwischenlauf;Helene Schick;38931;;2;149;0;476;12;;;1447
25/26;2026-05-10;Rottendorf;tournament;Bayerische Meisterschaft - Frauen Einzel;2;Zwischenlauf;Ingeborg Schmitt;7974;;2;126;0;374;22;;;1193
25/26;2026-05-10;Rottendorf;tournament;Bayerische Meisterschaft - Frauen Einzel;2;Zwischenlauf;Jana Witthinrich;38355;;2;203;0;567;3;;;1511
25/26;2026-05-10;Rottendorf;tournament;Bayerische Meisterschaft - Frauen Einzel;2;Zwischenlauf;Johanna Groll;25630;;2;184;0;565;4;;;1587
25/26;2026-05-10;Rottendorf;tournament;Bayerische Meisterschaft - Frauen Einzel;2;Zwischenlauf;Julia Völlmerk;16093;;2;165;0;528;7;;;1648
25/26;2026-05-10;Rottendorf;tournament;Bayerische Meisterschaft - Frauen Einzel;2;Zwischenlauf;Katharina Mang;25329;;2;140;0;444;17;;;1472
25/26;2026-05-10;Rottendorf;tournament;Bayerische Meisterschaft - Frauen Einzel;2;Zwischenlauf;Laura Piros;36696;;2;191;0;537;6;;;1813
25/26;2026-05-10;Rottendorf;tournament;Bayerische Meisterschaft - Frauen Einzel;2;Zwischenlauf;Marina Weiske;7154;;2;173;0;495;8;;;1542
25/26;2026-05-10;Rottendorf;tournament;Bayerische Meisterschaft - Frauen Einzel;2;Zwischenlauf;Monika Schott;16594;;2;144;0;461;16;;;1481
25/26;2026-05-10;Rottendorf;tournament;Bayerische Meisterschaft - Frauen Einzel;2;Zwischenlauf;Nadja Seidlein;38173;;2;160;0;487;9;;;1354
25/26;2026-05-10;Rottendorf;tournament;Bayerische Meisterschaft - Frauen Einzel;2;Zwischenlauf;Natalie Groll;25857;;2;200;0;554;5;;;1658
25/26;2026-05-10;Rottendorf;tournament;Bayerische Meisterschaft - Frauen Einzel;2;Zwischenlauf;Nicole Schott;16595;;2;164;0;471;14;;;1460
25/26;2026-05-10;Rottendorf;tournament;Bayerische Meisterschaft - Frauen Einzel;2;Zwischenlauf;Regina Gahr;38555;;2;145;0;483;11;;;1346
25/26;2026-05-10;Rottendorf;tournament;Bayerische Meisterschaft - Frauen Einzel;2;Zwischenlauf;Rica Jahre;38980;;2;129;0;472;13;;;1333
25/26;2026-05-10;Rottendorf;tournament;Bayerische Meisterschaft - Frauen Einzel;2;Zwischenlauf;Roswitha Schulz-Burkert;25347;;2;120;0;385;21;;;1201
25/26;2026-05-10;Rottendorf;tournament;Bayerische Meisterschaft - Frauen Einzel;2;Zwischenlauf;Sabaithip Mekjinda;38780;;2;147;0;487;10;;;1382
25/26;2026-05-10;Rottendorf;tournament;Bayerische Meisterschaft - Frauen Einzel;2;Zwischenlauf;Stephanie Fischer;38789;;2;118;0;394;20;;;1170
25/26;2026-05-10;Rottendorf;tournament;Bayerische Meisterschaft - Frauen Einzel;2;Zwischenlauf;Alexandra Mareiser;7083;;3;166;0;769;2;;;1922
25/26;2026-05-10;Rottendorf;tournament;Bayerische Meisterschaft - Frauen Einzel;2;Zwischenlauf;Anika Kristof;38045;;3;219;0;821;1;;;2021
25/26;2026-05-10;Rottendorf;tournament;Bayerische Meisterschaft - Frauen Einzel;2;Zwischenlauf;Bianca Leinemann;38876;;3;157;0;598;18;;;1522
25/26;2026-05-10;Rottendorf;tournament;Bayerische Meisterschaft - Frauen Einzel;2;Zwischenlauf;Denise Schwertfeger;38934;;3;123;0;527;20;;;1357
25/26;2026-05-10;Rottendorf;tournament;Bayerische Meisterschaft - Frauen Einzel;2;Zwischenlauf;Else Schuster;7709;;3;171;0;639;12;;;1527
25/26;2026-05-10;Rottendorf;tournament;Bayerische Meisterschaft - Frauen Einzel;2;Zwischenlauf;Helene Schick;38931;;3;179;0;655;10;;;1626
25/26;2026-05-10;Rottendorf;tournament;Bayerische Meisterschaft - Frauen Einzel;2;Zwischenlauf;Ingeborg Schmitt;7974;;3;151;0;525;21;;;1344
25/26;2026-05-10;Rottendorf;tournament;Bayerische Meisterschaft - Frauen Einzel;2;Zwischenlauf;Jana Witthinrich;38355;;3;190;0;757;3;;;1701
25/26;2026-05-10;Rottendorf;tournament;Bayerische Meisterschaft - Frauen Einzel;2;Zwischenlauf;Johanna Groll;25630;;3;181;0;746;4;;;1768
25/26;2026-05-10;Rottendorf;tournament;Bayerische Meisterschaft - Frauen Einzel;2;Zwischenlauf;Julia Völlmerk;16093;;3;188;0;716;5;;;1836
25/26;2026-05-10;Rottendorf;tournament;Bayerische Meisterschaft - Frauen Einzel;2;Zwischenlauf;Katharina Mang;25329;;3;169;0;613;16;;;1641
25/26;2026-05-10;Rottendorf;tournament;Bayerische Meisterschaft - Frauen Einzel;2;Zwischenlauf;Laura Piros;36696;;3;170;0;707;7;;;1983
25/26;2026-05-10;Rottendorf;tournament;Bayerische Meisterschaft - Frauen Einzel;2;Zwischenlauf;Marina Weiske;7154;;3;166;0;661;9;;;1708
25/26;2026-05-10;Rottendorf;tournament;Bayerische Meisterschaft - Frauen Einzel;2;Zwischenlauf;Monika Schott;16594;;3;169;0;630;13;;;1650
25/26;2026-05-10;Rottendorf;tournament;Bayerische Meisterschaft - Frauen Einzel;2;Zwischenlauf;Nadja Seidlein;38173;;3;136;0;623;15;;;1490
25/26;2026-05-10;Rottendorf;tournament;Bayerische Meisterschaft - Frauen Einzel;2;Zwischenlauf;Natalie Groll;25857;;3;156;0;710;6;;;1814
25/26;2026-05-10;Rottendorf;tournament;Bayerische Meisterschaft - Frauen Einzel;2;Zwischenlauf;Nicole Schott;16595;;3;194;0;665;8;;;1654
25/26;2026-05-10;Rottendorf;tournament;Bayerische Meisterschaft - Frauen Einzel;2;Zwischenlauf;Regina Gahr;38555;;3;170;0;653;11;;;1516
25/26;2026-05-10;Rottendorf;tournament;Bayerische Meisterschaft - Frauen Einzel;2;Zwischenlauf;Rica Jahre;38980;;3;153;0;625;14;;;1486
25/26;2026-05-10;Rottendorf;tournament;Bayerische Meisterschaft - Frauen Einzel;2;Zwischenlauf;Roswitha Schulz-Burkert;25347;;3;151;0;536;19;;;1352
25/26;2026-05-10;Rottendorf;tournament;Bayerische Meisterschaft - Frauen Einzel;2;Zwischenlauf;Sabaithip Mekjinda;38780;;3;126;0;613;17;;;1508
25/26;2026-05-10;Rottendorf;tournament;Bayerische Meisterschaft - Frauen Einzel;2;Zwischenlauf;Stephanie Fischer;38789;;3;119;0;513;22;;;1289
25/26;2026-05-10;Rottendorf;tournament;Bayerische Meisterschaft - Frauen Einzel;2;Zwischenlauf;Alexandra Mareiser;7083;;4;197;0;966;2;;;2119
25/26;2026-05-10;Rottendorf;tournament;Bayerische Meisterschaft - Frauen Einzel;2;Zwischenlauf;Anika Kristof;38045;;4;214;0;1035;1;;;2235
25/26;2026-05-10;Rottendorf;tournament;Bayerische Meisterschaft - Frauen Einzel;2;Zwischenlauf;Bianca Leinemann;38876;;4;144;0;742;18;;;1666
25/26;2026-05-10;Rottendorf;tournament;Bayerische Meisterschaft - Frauen Einzel;2;Zwischenlauf;Denise Schwertfeger;38934;;4;191;0;718;19;;;1548
25/26;2026-05-10;Rottendorf;tournament;Bayerische Meisterschaft - Frauen Einzel;2;Zwischenlauf;Else Schuster;7709;;4;143;0;782;13;;;1670
25/26;2026-05-10;Rottendorf;tournament;Bayerische Meisterschaft - Frauen Einzel;2;Zwischenlauf;Helene Schick;38931;;4;160;0;815;11;;;1786
25/26;2026-05-10;Rottendorf;tournament;Bayerische Meisterschaft - Frauen Einzel;2;Zwischenlauf;Ingeborg Schmitt;7974;;4;136;0;661;22;;;1480
25/26;2026-05-10;Rottendorf;tournament;Bayerische Meisterschaft - Frauen Einzel;2;Zwischenlauf;Jana Witthinrich;38355;;4;179;0;936;3;;;1880
25/26;2026-05-10;Rottendorf;tournament;Bayerische Meisterschaft - Frauen Einzel;2;Zwischenlauf;Johanna Groll;25630;;4;155;0;901;5;;;1923
25/26;2026-05-10;Rottendorf;tournament;Bayerische Meisterschaft - Frauen Einzel;2;Zwischenlauf;Julia Völlmerk;16093;;4;153;0;869;6;;;1989
25/26;2026-05-10;Rottendorf;tournament;Bayerische Meisterschaft - Frauen Einzel;2;Zwischenlauf;Katharina Mang;25329;;4;159;0;772;14;;;1800
25/26;2026-05-10;Rottendorf;tournament;Bayerische Meisterschaft - Frauen Einzel;2;Zwischenlauf;Laura Piros;36696;;4;198;0;905;4;;;2181
25/26;2026-05-10;Rottendorf;tournament;Bayerische Meisterschaft - Frauen Einzel;2;Zwischenlauf;Marina Weiske;7154;;4;157;0;818;10;;;1865
25/26;2026-05-10;Rottendorf;tournament;Bayerische Meisterschaft - Frauen Einzel;2;Zwischenlauf;Monika Schott;16594;;4;153;0;783;12;;;1803
25/26;2026-05-10;Rottendorf;tournament;Bayerische Meisterschaft - Frauen Einzel;2;Zwischenlauf;Nadja Seidlein;38173;;4;139;0;762;17;;;1629
25/26;2026-05-10;Rottendorf;tournament;Bayerische Meisterschaft - Frauen Einzel;2;Zwischenlauf;Natalie Groll;25857;;4;151;0;861;7;;;1965
25/26;2026-05-10;Rottendorf;tournament;Bayerische Meisterschaft - Frauen Einzel;2;Zwischenlauf;Nicole Schott;16595;;4;191;0;856;8;;;1845
25/26;2026-05-10;Rottendorf;tournament;Bayerische Meisterschaft - Frauen Einzel;2;Zwischenlauf;Regina Gahr;38555;;4;166;0;819;9;;;1682
25/26;2026-05-10;Rottendorf;tournament;Bayerische Meisterschaft - Frauen Einzel;2;Zwischenlauf;Rica Jahre;38980;;4;140;0;765;16;;;1626
25/26;2026-05-10;Rottendorf;tournament;Bayerische Meisterschaft - Frauen Einzel;2;Zwischenlauf;Roswitha Schulz-Burkert;25347;;4;153;0;689;20;;;1505
25/26;2026-05-10;Rottendorf;tournament;Bayerische Meisterschaft - Frauen Einzel;2;Zwischenlauf;Sabaithip Mekjinda;38780;;4;153;0;766;15;;;1661
25/26;2026-05-10;Rottendorf;tournament;Bayerische Meisterschaft - Frauen Einzel;2;Zwischenlauf;Stephanie Fischer;38789;;4;158;0;671;21;;;1447
25/26;2026-05-10;Rottendorf;tournament;Bayerische Meisterschaft - Frauen Einzel;2;Zwischenlauf;Alexandra Mareiser;7083;;5;150;0;1116;2;;;2269
25/26;2026-05-10;Rottendorf;tournament;Bayerische Meisterschaft - Frauen Einzel;2;Zwischenlauf;Anika Kristof;38045;;5;206;0;1241;1;;;2441
25/26;2026-05-10;Rottendorf;tournament;Bayerische Meisterschaft - Frauen Einzel;2;Zwischenlauf;Bianca Leinemann;38876;;5;157;0;899;18;;;1823
25/26;2026-05-10;Rottendorf;tournament;Bayerische Meisterschaft - Frauen Einzel;2;Zwischenlauf;Denise Schwertfeger;38934;;5;153;0;871;19;;;1701
25/26;2026-05-10;Rottendorf;tournament;Bayerische Meisterschaft - Frauen Einzel;2;Zwischenlauf;Else Schuster;7709;;5;188;0;970;12;;;1858
25/26;2026-05-10;Rottendorf;tournament;Bayerische Meisterschaft - Frauen Einzel;2;Zwischenlauf;Helene Schick;38931;;5;169;0;984;11;;;1955
25/26;2026-05-10;Rottendorf;tournament;Bayerische Meisterschaft - Frauen Einzel;2;Zwischenlauf;Ingeborg Schmitt;7974;;5;116;0;777;22;;;1596
25/26;2026-05-10;Rottendorf;tournament;Bayerische Meisterschaft - Frauen Einzel;2;Zwischenlauf;Jana Witthinrich;38355;;5;157;0;1093;4;;;2037
25/26;2026-05-10;Rottendorf;tournament;Bayerische Meisterschaft - Frauen Einzel;2;Zwischenlauf;Johanna Groll;25630;;5;158;0;1059;6;;;2081
25/26;2026-05-10;Rottendorf;tournament;Bayerische Meisterschaft - Frauen Einzel;2;Zwischenlauf;Julia Völlmerk;16093;;5;168;0;1037;7;;;2157
25/26;2026-05-10;Rottendorf;tournament;Bayerische Meisterschaft - Frauen Einzel;2;Zwischenlauf;Katharina Mang;25329;;5;183;0;955;13;;;1983
25/26;2026-05-10;Rottendorf;tournament;Bayerische Meisterschaft - Frauen Einzel;2;Zwischenlauf;Laura Piros;36696;;5;165;0;1070;5;;;2346
25/26;2026-05-10;Rottendorf;tournament;Bayerische Meisterschaft - Frauen Einzel;2;Zwischenlauf;Marina Weiske;7154;;5;214;0;1032;8;;;2079
25/26;2026-05-10;Rottendorf;tournament;Bayerische Meisterschaft - Frauen Einzel;2;Zwischenlauf;Monika Schott;16594;;5;156;0;939;15;;;1959
25/26;2026-05-10;Rottendorf;tournament;Bayerische Meisterschaft - Frauen Einzel;2;Zwischenlauf;Nadja Seidlein;38173;;5;155;0;917;16;;;1784
25/26;2026-05-10;Rottendorf;tournament;Bayerische Meisterschaft - Frauen Einzel;2;Zwischenlauf;Natalie Groll;25857;;5;235;0;1096;3;;;2200
25/26;2026-05-10;Rottendorf;tournament;Bayerische Meisterschaft - Frauen Einzel;2;Zwischenlauf;Nicole Schott;16595;;5;152;0;1008;9;;;1997
25/26;2026-05-10;Rottendorf;tournament;Bayerische Meisterschaft - Frauen Einzel;2;Zwischenlauf;Regina Gahr;38555;;5;168;0;987;10;;;1850
25/26;2026-05-10;Rottendorf;tournament;Bayerische Meisterschaft - Frauen Einzel;2;Zwischenlauf;Rica Jahre;38980;;5;177;0;942;14;;;1803
25/26;2026-05-10;Rottendorf;tournament;Bayerische Meisterschaft - Frauen Einzel;2;Zwischenlauf;Roswitha Schulz-Burkert;25347;;5;145;0;834;20;;;1650
25/26;2026-05-10;Rottendorf;tournament;Bayerische Meisterschaft - Frauen Einzel;2;Zwischenlauf;Sabaithip Mekjinda;38780;;5;138;0;904;17;;;1799
25/26;2026-05-10;Rottendorf;tournament;Bayerische Meisterschaft - Frauen Einzel;2;Zwischenlauf;Stephanie Fischer;38789;;5;127;0;798;21;;;1574
25/26;2026-05-09;Max Munich;tournament;Bayerische Meisterschaft - Männer Einzel;1;Vorlauf;Alexander Schmidt;16292;;0;167;0;167;55;;;167
25/26;2026-05-09;Max Munich;tournament;Bayerische Meisterschaft - Männer Einzel;1;Vorlauf;Alexander Scholz;16352;;0;170;0;170;45;;;170
25/26;2026-05-09;Max Munich;tournament;Bayerische Meisterschaft - Männer Einzel;1;Vorlauf;Andre Michow;16965;;0;266;0;266;2;;;266
25/26;2026-05-09;Max Munich;tournament;Bayerische Meisterschaft - Männer Einzel;1;Vorlauf;Andreas Brendel;38033;;0;199;0;199;14;;;199
25/26;2026-05-09;Max Munich;tournament;Bayerische Meisterschaft - Männer Einzel;1;Vorlauf;Andreas Hernitschek;16386;;0;249;0;249;4;;;249
25/26;2026-05-09;Max Munich;tournament;Bayerische Meisterschaft - Männer Einzel;1;Vorlauf;Andreas Hölzl;38305;;0;200;0;200;12;;;200
25/26;2026-05-09;Max Munich;tournament;Bayerische Meisterschaft - Männer Einzel;1;Vorlauf;Andreas Schöllhorn;38568;;0;163;0;163;65;;;163
25/26;2026-05-09;Max Munich;tournament;Bayerische Meisterschaft - Männer Einzel;1;Vorlauf;Anton Mutz;25005;;0;166;0;166;57;;;166
25/26;2026-05-09;Max Munich;tournament;Bayerische Meisterschaft - Männer Einzel;1;Vorlauf;Asterios Fourkiotis;25555;;0;132;0;132;91;;;132
25/26;2026-05-09;Max Munich;tournament;Bayerische Meisterschaft - Männer Einzel;1;Vorlauf;Bernd Trapphardt;16559;;0;181;0;181;36;;;181
25/26;2026-05-09;Max Munich;tournament;Bayerische Meisterschaft - Männer Einzel;1;Vorlauf;Bernd Wiemken;25203;;0;232;0;232;6;;;232
25/26;2026-05-09;Max Munich;tournament;Bayerische Meisterschaft - Männer Einzel;1;Vorlauf;Blasius Stibel;7849;;0;174;0;174;42;;;174
25/26;2026-05-09;Max Munich;tournament;Bayerische Meisterschaft - Männer Einzel;1;Vorlauf;Bodo Konieczny;18802;;0;268;0;268;1;;;268
25/26;2026-05-09;Max Munich;tournament;Bayerische Meisterschaft - Männer Einzel;1;Vorlauf;Carlo Luft;38652;;0;189;0;189;28;;;189
25/26;2026-05-09;Max Munich;tournament;Bayerische Meisterschaft - Männer Einzel;1;Vorlauf;Christian Erlacher;16760;;0;190;0;190;26;;;190
25/26;2026-05-09;Max Munich;tournament;Bayerische Meisterschaft - Männer Einzel;1;Vorlauf;Christian Feller;16007;;0;133;0;133;89;;;133
25/26;2026-05-09;Max Munich;tournament;Bayerische Meisterschaft - Männer Einzel;1;Vorlauf;Christian Lechner;25064;;0;169;0;169;48;;;169
25/26;2026-05-09;Max Munich;tournament;Bayerische Meisterschaft - Männer Einzel;1;Vorlauf;Christian Rechenberg;7865;;0;174;0;174;43;;;174
25/26;2026-05-09;Max Munich;tournament;Bayerische Meisterschaft - Männer Einzel;1;Vorlauf;Christian Schlegl;38554;;0;0;0;0;96;;;0
25/26;2026-05-09;Max Munich;tournament;Bayerische Meisterschaft - Männer Einzel;1;Vorlauf;Christian Schrempf;7646;;0;226;0;226;7;;;226
25/26;2026-05-09;Max Munich;tournament;Bayerische Meisterschaft - Männer Einzel;1;Vorlauf;Christian Schuster;7723;;0;169;0;169;49;;;169
25/26;2026-05-09;Max Munich;tournament;Bayerische Meisterschaft - Männer Einzel;1;Vorlauf;Daniel Alexander;16443;;0;216;0;216;8;;;216
25/26;2026-05-09;Max Munich;tournament;Bayerische Meisterschaft - Männer Einzel;1;Vorlauf;Daniel Börding;7591;;0;168;0;168;52;;;168
25/26;2026-05-09;Max Munich;tournament;Bayerische Meisterschaft - Männer Einzel;1;Vorlauf;Daniel Hellmich;7314;;0;180;0;180;37;;;180
25/26;2026-05-09;Max Munich;tournament;Bayerische Meisterschaft - Männer Einzel;1;Vorlauf;Daniel Schwank;16215;;0;193;0;193;17;;;193
25/26;2026-05-09;Max Munich;tournament;Bayerische Meisterschaft - Männer Einzel;1;Vorlauf;Dieter Schuster;7721;;0;146;0;146;82;;;146
25/26;2026-05-09;Max Munich;tournament;Bayerische Meisterschaft - Männer Einzel;1;Vorlauf;Eduard Bolender;25408;;0;170;0;170;46;;;170
25/26;2026-05-09;Max Munich;tournament;Bayerische Meisterschaft - Männer Einzel;1;Vorlauf;Enno Jackwerth;16263;;0;147;0;147;80;;;147
25/26;2026-05-09;Max Munich;tournament;Bayerische Meisterschaft - Männer Einzel;1;Vorlauf;Eric Gogala;46005;;0;192;0;192;23;;;192
25/26;2026-05-09;Max Munich;tournament;Bayerische Meisterschaft - Männer Einzel;1;Vorlauf;Florian Hanauer;38001;;0;193;0;193;18;;;193
25/26;2026-05-09;Max Munich;tournament;Bayerische Meisterschaft - Männer Einzel;1;Vorlauf;Florian Stangl;25690;;0;183;0;183;33;;;183
25/26;2026-05-09;Max Munich;tournament;Bayerische Meisterschaft - Männer Einzel;1;Vorlauf;Frank Wiemken;25205;;0;211;0;211;11;;;211
25/26;2026-05-09;Max Munich;tournament;Bayerische Meisterschaft - Männer Einzel;1;Vorlauf;Gregor Arapow;38575;;0;147;0;147;81;;;147
25/26;2026-05-09;Max Munich;tournament;Bayerische Meisterschaft - Männer Einzel;1;Vorlauf;Günter Denz;16398;;0;184;0;184;32;;;184
25/26;2026-05-09;Max Munich;tournament;Bayerische Meisterschaft - Männer Einzel;1;Vorlauf;Harald Eggl;25229;;0;154;0;154;74;;;154
25/26;2026-05-09;Max Munich;tournament;Bayerische Meisterschaft - Männer Einzel;1;Vorlauf;Harald Laub;7597;;0;193;0;193;19;;;193
25/26;2026-05-09;Max Munich;tournament;Bayerische Meisterschaft - Männer Einzel;1;Vorlauf;Horst Schön;16346;;0;179;0;179;39;;;179
25/26;2026-05-09;Max Munich;tournament;Bayerische Meisterschaft - Männer Einzel;1;Vorlauf;Jan Musiol;25166;;0;179;0;179;40;;;179
25/26;2026-05-09;Max Munich;tournament;Bayerische Meisterschaft - Männer Einzel;1;Vorlauf;Jochen Birkner;7937;;0;168;0;168;53;;;168
25/26;2026-05-09;Max Munich;tournament;Bayerische Meisterschaft - Männer Einzel;1;Vorlauf;Jochen Mücke;38842;;0;165;0;165;58;;;165
25/26;2026-05-09;Max Munich;tournament;Bayerische Meisterschaft - Männer Einzel;1;Vorlauf;Jörg Woyscheszik;25350;;0;127;0;127;93;;;127
25/26;2026-05-09;Max Munich;tournament;Bayerische Meisterschaft - Männer Einzel;1;Vorlauf;Jürgen Harry Schmitt;7961;;0;143;0;143;85;;;143
25/26;2026-05-09;Max Munich;tournament;Bayerische Meisterschaft - Männer Einzel;1;Vorlauf;Jürgen Reichel;7772;;0;134;0;134;88;;;134
25/26;2026-05-09;Max Munich;tournament;Bayerische Meisterschaft - Männer Einzel;1;Vorlauf;Kai Bräutigam;38115;;0;187;0;187;30;;;187
25/26;2026-05-09;Max Munich;tournament;Bayerische Meisterschaft - Männer Einzel;1;Vorlauf;Kilian Kral;38510;;0;182;0;182;34;;;182
25/26;2026-05-09;Max Munich;tournament;Bayerische Meisterschaft - Männer Einzel;1;Vorlauf;Klaus Lilge;7080;;0;149;0;149;79;;;149
25/26;2026-05-09;Max Munich;tournament;Bayerische Meisterschaft - Männer Einzel;1;Vorlauf;Lucas Kasenbacher;25340;;0;168;0;168;54;;;168
25/26;2026-05-09;Max Munich;tournament;Bayerische Meisterschaft - Männer Einzel;1;Vorlauf;Lukas Pfaff;38909;;0;142;0;142;87;;;142
25/26;2026-05-09;Max Munich;tournament;Bayerische Meisterschaft - Männer Einzel;1;Vorlauf;Manfred Weidinger;38851;;0;145;0;145;84;;;145
25/26;2026-05-09;Max Munich;tournament;Bayerische Meisterschaft - Männer Einzel;1;Vorlauf;Marc Schmidt;38734;;0;146;0;146;83;;;146
25/26;2026-05-09;Max Munich;tournament;Bayerische Meisterschaft - Männer Einzel;1;Vorlauf;Marcel Müller;28367;;0;169;0;169;50;;;169
25/26;2026-05-09;Max Munich;tournament;Bayerische Meisterschaft - Männer Einzel;1;Vorlauf;Marco Probst;7602;;0;192;0;192;24;;;192
25/26;2026-05-09;Max Munich;tournament;Bayerische Meisterschaft - Männer Einzel;1;Vorlauf;Mario Burghardt;12248;;0;162;0;162;66;;;162
25/26;2026-05-09;Max Munich;tournament;Bayerische Meisterschaft - Männer Einzel;1;Vorlauf;Markus Fischer;38237;;0;157;0;157;73;;;157
25/26;2026-05-09;Max Munich;tournament;Bayerische Meisterschaft - Männer Einzel;1;Vorlauf;Markus Hanauer;38214;;0;191;0;191;25;;;191
25/26;2026-05-09;Max Munich;tournament;Bayerische Meisterschaft - Männer Einzel;1;Vorlauf;Matthias Kuchling;16583;;0;161;0;161;67;;;161
25/26;2026-05-09;Max Munich;tournament;Bayerische Meisterschaft - Männer Einzel;1;Vorlauf;Max Wiemken;25557;;0;179;0;179;41;;;179
25/26;2026-05-09;Max Munich;tournament;Bayerische Meisterschaft - Männer Einzel;1;Vorlauf;Michael Brandt;38110;;0;200;0;200;13;;;200
25/26;2026-05-09;Max Munich;tournament;Bayerische Meisterschaft - Männer Einzel;1;Vorlauf;Michael Eisenmann-Seybold;7595;;0;188;0;188;29;;;188
25/26;2026-05-09;Max Munich;tournament;Bayerische Meisterschaft - Männer Einzel;1;Vorlauf;Michael Ring;7317;;0;199;0;199;15;;;199
25/26;2026-05-09;Max Munich;tournament;Bayerische Meisterschaft - Männer Einzel;1;Vorlauf;Moritz Wiemken;25830;;0;248;0;248;5;;;248
25/26;2026-05-09;Max Munich;tournament;Bayerische Meisterschaft - Männer Einzel;1;Vorlauf;Nicolas Hoffmann;38935;;0;151;0;151;77;;;151
25/26;2026-05-09;Max Munich;tournament;Bayerische Meisterschaft - Männer Einzel;1;Vorlauf;Nicolas Kabel;38092;;0;159;0;159;69;;;159
25/26;2026-05-09;Max Munich;tournament;Bayerische Meisterschaft - Männer Einzel;1;Vorlauf;Niklas Weiske;25484;;0;185;0;185;31;;;185
25/26;2026-05-09;Max Munich;tournament;Bayerische Meisterschaft - Männer Einzel;1;Vorlauf;Oliver Schütze;38550;;0;180;0;180;38;;;180
25/26;2026-05-09;Max Munich;tournament;Bayerische Meisterschaft - Männer Einzel;1;Vorlauf;Patrick Baszler;7886;;0;169;0;169;51;;;169
25/26;2026-05-09;Max Munich;tournament;Bayerische Meisterschaft - Männer Einzel;1;Vorlauf;Patrick Freudl;16796;;0;170;0;170;47;;;170
25/26;2026-05-09;Max Munich;tournament;Bayerische Meisterschaft - Männer Einzel;1;Vorlauf;Patrick Hardt;16809;;0;182;0;182;35;;;182
25/26;2026-05-09;Max Munich;tournament;Bayerische Meisterschaft - Männer Einzel;1;Vorlauf;Patrick Stemmler;16495;;0;130;0;130;92;;;130
25/26;2026-05-09;Max Munich;tournament;Bayerische Meisterschaft - Männer Einzel;1;Vorlauf;Patrick Thurner;38530;;0;254;0;254;3;;;254
25/26;2026-05-09;Max Munich;tournament;Bayerische Meisterschaft - Männer Einzel;1;Vorlauf;Peter Börding;7593;;0;159;0;159;70;;;159
25/26;2026-05-09;Max Munich;tournament;Bayerische Meisterschaft - Männer Einzel;1;Vorlauf;Peter van Lengen;25297;;0;154;0;154;75;;;154
25/26;2026-05-09;Max Munich;tournament;Bayerische Meisterschaft - Männer Einzel;1;Vorlauf;Rainer Schöllhorn;16069;;0;151;0;151;78;;;151
25/26;2026-05-09;Max Munich;tournament;Bayerische Meisterschaft - Männer Einzel;1;Vorlauf;Raphael Hofmann;38963;;0;190;0;190;27;;;190
25/26;2026-05-09;Max Munich;tournament;Bayerische Meisterschaft - Männer Einzel;1;Vorlauf;René Erben;25953;;0;193;0;193;20;;;193
25/26;2026-05-09;Max Munich;tournament;Bayerische Meisterschaft - Männer Einzel;1;Vorlauf;René Jurischka;38593;;0;164;0;164;60;;;164
25/26;2026-05-09;Max Munich;tournament;Bayerische Meisterschaft - Männer Einzel;1;Vorlauf;Robert Kristof;10124;;0;198;0;198;16;;;198
25/26;2026-05-09;Max Munich;tournament;Bayerische Meisterschaft - Männer Einzel;1;Vorlauf;Rudi Bauer;16860;;0;164;0;164;61;;;164
25/26;2026-05-09;Max Munich;tournament;Bayerische Meisterschaft - Männer Einzel;1;Vorlauf;Sebastian Gräfe;38687;;0;152;0;152;76;;;152
25/26;2026-05-09;Max Munich;tournament;Bayerische Meisterschaft - Männer Einzel;1;Vorlauf;Sebastian Hinterwimmer;7885;;0;159;0;159;71;;;159
25/26;2026-05-09;Max Munich;tournament;Bayerische Meisterschaft - Männer Einzel;1;Vorlauf;Sergio Tavares;22116;;0;214;0;214;9;;;214
25/26;2026-05-09;Max Munich;tournament;Bayerische Meisterschaft - Männer Einzel;1;Vorlauf;Simon Bauer;16861;;0;164;0;164;62;;;164
25/26;2026-05-09;Max Munich;tournament;Bayerische Meisterschaft - Männer Einzel;1;Vorlauf;Steffen Birkner;25082;;0;193;0;193;21;;;193
25/26;2026-05-09;Max Munich;tournament;Bayerische Meisterschaft - Männer Einzel;1;Vorlauf;Steffen Jahre;7816;;0;167;0;167;56;;;167
25/26;2026-05-09;Max Munich;tournament;Bayerische Meisterschaft - Männer Einzel;1;Vorlauf;Stephan Ruffershöfer;16899;;0;143;0;143;86;;;143
25/26;2026-05-09;Max Munich;tournament;Bayerische Meisterschaft - Männer Einzel;1;Vorlauf;Thomas Auer;16888;;0;193;0;193;22;;;193
25/26;2026-05-09;Max Munich;tournament;Bayerische Meisterschaft - Männer Einzel;1;Vorlauf;Thomas Kalkschmied;25672;;0;161;0;161;68;;;161
25/26;2026-05-09;Max Munich;tournament;Bayerische Meisterschaft - Männer Einzel;1;Vorlauf;Thomas Moser;38907;;0;103;0;103;95;;;103
25/26;2026-05-09;Max Munich;tournament;Bayerische Meisterschaft - Männer Einzel;1;Vorlauf;Thomas Wiedemann;7028;;0;213;0;213;10;;;213
25/26;2026-05-09;Max Munich;tournament;Bayerische Meisterschaft - Männer Einzel;1;Vorlauf;Tim Olde Damink;25521;;0;164;0;164;63;;;164
25/26;2026-05-09;Max Munich;tournament;Bayerische Meisterschaft - Männer Einzel;1;Vorlauf;Tobias Derbfuss;38270;;0;172;0;172;44;;;172
25/26;2026-05-09;Max Munich;tournament;Bayerische Meisterschaft - Männer Einzel;1;Vorlauf;Tobias Franz;25638;;0;127;0;127;94;;;127
25/26;2026-05-09;Max Munich;tournament;Bayerische Meisterschaft - Männer Einzel;1;Vorlauf;Tobias Kramer;38885;;0;158;0;158;72;;;158
25/26;2026-05-09;Max Munich;tournament;Bayerische Meisterschaft - Männer Einzel;1;Vorlauf;Tobias Wiedemann;25695;;0;133;0;133;90;;;133
25/26;2026-05-09;Max Munich;tournament;Bayerische Meisterschaft - Männer Einzel;1;Vorlauf;Tom Eck;38050;;0;164;0;164;64;;;164
25/26;2026-05-09;Max Munich;tournament;Bayerische Meisterschaft - Männer Einzel;1;Vorlauf;Winfried Goller;7722;;0;165;0;165;59;;;165
25/26;2026-05-09;Max Munich;tournament;Bayerische Meisterschaft - Männer Einzel;1;Vorlauf;Alexander Schmidt;16292;;1;181;0;348;51;;;348
25/26;2026-05-09;Max Munich;tournament;Bayerische Meisterschaft - Männer Einzel;1;Vorlauf;Alexander Scholz;16352;;1;234;0;404;11;;;404
25/26;2026-05-09;Max Munich;tournament;Bayerische Meisterschaft - Männer Einzel;1;Vorlauf;Andre Michow;16965;;1;168;0;434;7;;;434
25/26;2026-05-09;Max Munich;tournament;Bayerische Meisterschaft - Männer Einzel;1;Vorlauf;Andreas Brendel;38033;;1;179;0;378;24;;;378
25/26;2026-05-09;Max Munich;tournament;Bayerische Meisterschaft - Männer Einzel;1;Vorlauf;Andreas Hernitschek;16386;;1;226;0;475;2;;;475
25/26;2026-05-09;Max Munich;tournament;Bayerische Meisterschaft - Männer Einzel;1;Vorlauf;Andreas Hölzl;38305;;1;165;0;365;34;;;365
25/26;2026-05-09;Max Munich;tournament;Bayerische Meisterschaft - Männer Einzel;1;Vorlauf;Andreas Schöllhorn;38568;;1;194;0;357;44;;;357
25/26;2026-05-09;Max Munich;tournament;Bayerische Meisterschaft - Männer Einzel;1;Vorlauf;Anton Mutz;25005;;1;193;0;359;41;;;359
25/26;2026-05-09;Max Munich;tournament;Bayerische Meisterschaft - Männer Einzel;1;Vorlauf;Asterios Fourkiotis;25555;;1;157;0;289;85;;;289
25/26;2026-05-09;Max Munich;tournament;Bayerische Meisterschaft - Männer Einzel;1;Vorlauf;Bernd Trapphardt;16559;;1;205;0;386;17;;;386
25/26;2026-05-09;Max Munich;tournament;Bayerische Meisterschaft - Männer Einzel;1;Vorlauf;Bernd Wiemken;25203;;1;215;0;447;5;;;447
25/26;2026-05-09;Max Munich;tournament;Bayerische Meisterschaft - Männer Einzel;1;Vorlauf;Blasius Stibel;7849;;1;148;0;322;67;;;322
25/26;2026-05-09;Max Munich;tournament;Bayerische Meisterschaft - Männer Einzel;1;Vorlauf;Bodo Konieczny;18802;;1;202;0;470;3;;;470
25/26;2026-05-09;Max Munich;tournament;Bayerische Meisterschaft - Männer Einzel;1;Vorlauf;Carlo Luft;38652;;1;176;0;365;35;;;365
25/26;2026-05-09;Max Munich;tournament;Bayerische Meisterschaft - Männer Einzel;1;Vorlauf;Christian Erlacher;16760;;1;210;0;400;13;;;400
25/26;2026-05-09;Max Munich;tournament;Bayerische Meisterschaft - Männer Einzel;1;Vorlauf;Christian Feller;16007;;1;138;0;271;94;;;271
25/26;2026-05-09;Max Munich;tournament;Bayerische Meisterschaft - Männer Einzel;1;Vorlauf;Christian Lechner;25064;;1;122;0;291;84;;;291
25/26;2026-05-09;Max Munich;tournament;Bayerische Meisterschaft - Männer Einzel;1;Vorlauf;Christian Rechenberg;7865;;1;234;0;408;10;;;408
25/26;2026-05-09;Max Munich;tournament;Bayerische Meisterschaft - Männer Einzel;1;Vorlauf;Christian Schlegl;38554;;1;0;0;0;96;;;0
25/26;2026-05-09;Max Munich;tournament;Bayerische Meisterschaft - Männer Einzel;1;Vorlauf;Christian Schrempf;7646;;1;212;0;438;6;;;438
25/26;2026-05-09;Max Munich;tournament;Bayerische Meisterschaft - Männer Einzel;1;Vorlauf;Christian Schuster;7723;;1;190;0;359;42;;;359
25/26;2026-05-09;Max Munich;tournament;Bayerische Meisterschaft - Männer Einzel;1;Vorlauf;Daniel Alexander;16443;;1;168;0;384;20;;;384
25/26;2026-05-09;Max Munich;tournament;Bayerische Meisterschaft - Männer Einzel;1;Vorlauf;Daniel Börding;7591;;1;207;0;375;27;;;375
25/26;2026-05-09;Max Munich;tournament;Bayerische Meisterschaft - Männer Einzel;1;Vorlauf;Daniel Hellmich;7314;;1;213;0;393;15;;;393
25/26;2026-05-09;Max Munich;tournament;Bayerische Meisterschaft - Männer Einzel;1;Vorlauf;Daniel Schwank;16215;;1;202;0;395;14;;;395
25/26;2026-05-09;Max Munich;tournament;Bayerische Meisterschaft - Männer Einzel;1;Vorlauf;Dieter Schuster;7721;;1;208;0;354;48;;;354
25/26;2026-05-09;Max Munich;tournament;Bayerische Meisterschaft - Männer Einzel;1;Vorlauf;Eduard Bolender;25408;;1;158;0;328;61;;;328
25/26;2026-05-09;Max Munich;tournament;Bayerische Meisterschaft - Männer Einzel;1;Vorlauf;Enno Jackwerth;16263;;1;159;0;306;77;;;306
25/26;2026-05-09;Max Munich;tournament;Bayerische Meisterschaft - Männer Einzel;1;Vorlauf;Eric Gogala;46005;;1;212;0;404;12;;;404
25/26;2026-05-09;Max Munich;tournament;Bayerische Meisterschaft - Männer Einzel;1;Vorlauf;Florian Hanauer;38001;;1;145;0;338;56;;;338
25/26;2026-05-09;Max Munich;tournament;Bayerische Meisterschaft - Männer Einzel;1;Vorlauf;Florian Stangl;25690;;1;180;0;363;37;;;363
25/26;2026-05-09;Max Munich;tournament;Bayerische Meisterschaft - Männer Einzel;1;Vorlauf;Frank Wiemken;25205;;1;204;0;415;8;;;415
25/26;2026-05-09;Max Munich;tournament;Bayerische Meisterschaft - Männer Einzel;1;Vorlauf;Gregor Arapow;38575;;1;150;0;297;82;;;297
25/26;2026-05-09;Max Munich;tournament;Bayerische Meisterschaft - Männer Einzel;1;Vorlauf;Günter Denz;16398;;1;173;0;357;45;;;357
25/26;2026-05-09;Max Munich;tournament;Bayerische Meisterschaft - Männer Einzel;1;Vorlauf;Harald Eggl;25229;;1;160;0;314;72;;;314
25/26;2026-05-09;Max Munich;tournament;Bayerische Meisterschaft - Männer Einzel;1;Vorlauf;Harald Laub;7597;;1;149;0;342;54;;;342
25/26;2026-05-09;Max Munich;tournament;Bayerische Meisterschaft - Männer Einzel;1;Vorlauf;Horst Schön;16346;;1;192;0;371;28;;;371
25/26;2026-05-09;Max Munich;tournament;Bayerische Meisterschaft - Männer Einzel;1;Vorlauf;Jan Musiol;25166;;1;207;0;386;18;;;386
25/26;2026-05-09;Max Munich;tournament;Bayerische Meisterschaft - Männer Einzel;1;Vorlauf;Jochen Birkner;7937;;1;165;0;333;60;;;333
25/26;2026-05-09;Max Munich;tournament;Bayerische Meisterschaft - Männer Einzel;1;Vorlauf;Jochen Mücke;38842;;1;146;0;311;76;;;311
25/26;2026-05-09;Max Munich;tournament;Bayerische Meisterschaft - Männer Einzel;1;Vorlauf;Jörg Woyscheszik;25350;;1;192;0;319;70;;;319
25/26;2026-05-09;Max Munich;tournament;Bayerische Meisterschaft - Männer Einzel;1;Vorlauf;Jürgen Harry Schmitt;7961;;1;137;0;280;92;;;280
25/26;2026-05-09;Max Munich;tournament;Bayerische Meisterschaft - Männer Einzel;1;Vorlauf;Jürgen Reichel;7772;;1;171;0;305;78;;;305
25/26;2026-05-09;Max Munich;tournament;Bayerische Meisterschaft - Männer Einzel;1;Vorlauf;Kai Bräutigam;38115;;1;183;0;370;29;;;370
25/26;2026-05-09;Max Munich;tournament;Bayerische Meisterschaft - Männer Einzel;1;Vorlauf;Kilian Kral;38510;;1;166;0;348;52;;;348
25/26;2026-05-09;Max Munich;tournament;Bayerische Meisterschaft - Männer Einzel;1;Vorlauf;Klaus Lilge;7080;;1;125;0;274;93;;;274
25/26;2026-05-09;Max Munich;tournament;Bayerische Meisterschaft - Männer Einzel;1;Vorlauf;Lucas Kasenbacher;25340;;1;135;0;303;79;;;303
25/26;2026-05-09;Max Munich;tournament;Bayerische Meisterschaft - Männer Einzel;1;Vorlauf;Lukas Pfaff;38909;;1;147;0;289;86;;;289
25/26;2026-05-09;Max Munich;tournament;Bayerische Meisterschaft - Männer Einzel;1;Vorlauf;Manfred Weidinger;38851;;1;138;0;283;90;;;283
25/26;2026-05-09;Max Munich;tournament;Bayerische Meisterschaft - Männer Einzel;1;Vorlauf;Marc Schmidt;38734;;1;142;0;288;87;;;288
25/26;2026-05-09;Max Munich;tournament;Bayerische Meisterschaft - Männer Einzel;1;Vorlauf;Marcel Müller;28367;;1;156;0;325;64;;;325
25/26;2026-05-09;Max Munich;tournament;Bayerische Meisterschaft - Männer Einzel;1;Vorlauf;Marco Probst;7602;;1;186;0;378;25;;;378
25/26;2026-05-09;Max Munich;tournament;Bayerische Meisterschaft - Männer Einzel;1;Vorlauf;Mario Burghardt;12248;;1;158;0;320;68;;;320
25/26;2026-05-09;Max Munich;tournament;Bayerische Meisterschaft - Männer Einzel;1;Vorlauf;Markus Fischer;38237;;1;234;0;391;16;;;391
25/26;2026-05-09;Max Munich;tournament;Bayerische Meisterschaft - Männer Einzel;1;Vorlauf;Markus Hanauer;38214;;1;164;0;355;46;;;355
25/26;2026-05-09;Max Munich;tournament;Bayerische Meisterschaft - Männer Einzel;1;Vorlauf;Matthias Kuchling;16583;;1;207;0;368;31;;;368
25/26;2026-05-09;Max Munich;tournament;Bayerische Meisterschaft - Männer Einzel;1;Vorlauf;Max Wiemken;25557;;1;124;0;303;80;;;303
25/26;2026-05-09;Max Munich;tournament;Bayerische Meisterschaft - Männer Einzel;1;Vorlauf;Michael Brandt;38110;;1;135;0;335;59;;;335
25/26;2026-05-09;Max Munich;tournament;Bayerische Meisterschaft - Männer Einzel;1;Vorlauf;Michael Eisenmann-Seybold;7595;;1;170;0;358;43;;;358
25/26;2026-05-09;Max Munich;tournament;Bayerische Meisterschaft - Männer Einzel;1;Vorlauf;Michael Ring;7317;;1;170;0;369;30;;;369
25/26;2026-05-09;Max Munich;tournament;Bayerische Meisterschaft - Männer Einzel;1;Vorlauf;Moritz Wiemken;25830;;1;254;0;502;1;;;502
25/26;2026-05-09;Max Munich;tournament;Bayerische Meisterschaft - Männer Einzel;1;Vorlauf;Nicolas Hoffmann;38935;;1;176;0;327;62;;;327
25/26;2026-05-09;Max Munich;tournament;Bayerische Meisterschaft - Männer Einzel;1;Vorlauf;Nicolas Kabel;38092;;1;185;0;344;53;;;344
25/26;2026-05-09;Max Munich;tournament;Bayerische Meisterschaft - Männer Einzel;1;Vorlauf;Niklas Weiske;25484;;1;183;0;368;32;;;368
25/26;2026-05-09;Max Munich;tournament;Bayerische Meisterschaft - Männer Einzel;1;Vorlauf;Oliver Schütze;38550;;1;205;0;385;19;;;385
25/26;2026-05-09;Max Munich;tournament;Bayerische Meisterschaft - Männer Einzel;1;Vorlauf;Patrick Baszler;7886;;1;150;0;319;71;;;319
25/26;2026-05-09;Max Munich;tournament;Bayerische Meisterschaft - Männer Einzel;1;Vorlauf;Patrick Freudl;16796;;1;245;0;415;9;;;415
25/26;2026-05-09;Max Munich;tournament;Bayerische Meisterschaft - Männer Einzel;1;Vorlauf;Patrick Hardt;16809;;1;197;0;379;23;;;379
25/26;2026-05-09;Max Munich;tournament;Bayerische Meisterschaft - Männer Einzel;1;Vorlauf;Patrick Stemmler;16495;;1;210;0;340;55;;;340
25/26;2026-05-09;Max Munich;tournament;Bayerische Meisterschaft - Männer Einzel;1;Vorlauf;Patrick Thurner;38530;;1;198;0;452;4;;;452
25/26;2026-05-09;Max Munich;tournament;Bayerische Meisterschaft - Männer Einzel;1;Vorlauf;Peter Börding;7593;;1;154;0;313;73;;;313
25/26;2026-05-09;Max Munich;tournament;Bayerische Meisterschaft - Männer Einzel;1;Vorlauf;Peter van Lengen;25297;;1;182;0;336;58;;;336
25/26;2026-05-09;Max Munich;tournament;Bayerische Meisterschaft - Männer Einzel;1;Vorlauf;Rainer Schöllhorn;16069;;1;152;0;303;81;;;303
25/26;2026-05-09;Max Munich;tournament;Bayerische Meisterschaft - Männer Einzel;1;Vorlauf;Raphael Hofmann;38963;;1;170;0;360;40;;;360
25/26;2026-05-09;Max Munich;tournament;Bayerische Meisterschaft - Männer Einzel;1;Vorlauf;René Erben;25953;;1;131;0;324;65;;;324
25/26;2026-05-09;Max Munich;tournament;Bayerische Meisterschaft - Männer Einzel;1;Vorlauf;René Jurischka;38593;;1;123;0;287;89;;;287
25/26;2026-05-09;Max Munich;tournament;Bayerische Meisterschaft - Männer Einzel;1;Vorlauf;Robert Kristof;10124;;1;170;0;368;33;;;368
25/26;2026-05-09;Max Munich;tournament;Bayerische Meisterschaft - Männer Einzel;1;Vorlauf;Rudi Bauer;16860;;1;185;0;349;49;;;349
25/26;2026-05-09;Max Munich;tournament;Bayerische Meisterschaft - Männer Einzel;1;Vorlauf;Sebastian Gräfe;38687;;1;160;0;312;74;;;312
25/26;2026-05-09;Max Munich;tournament;Bayerische Meisterschaft - Männer Einzel;1;Vorlauf;Sebastian Hinterwimmer;7885;;1;178;0;337;57;;;337
25/26;2026-05-09;Max Munich;tournament;Bayerische Meisterschaft - Männer Einzel;1;Vorlauf;Sergio Tavares;22116;;1;141;0;355;47;;;355
25/26;2026-05-09;Max Munich;tournament;Bayerische Meisterschaft - Männer Einzel;1;Vorlauf;Simon Bauer;16861;;1;185;0;349;50;;;349
25/26;2026-05-09;Max Munich;tournament;Bayerische Meisterschaft - Männer Einzel;1;Vorlauf;Steffen Birkner;25082;;1;187;0;380;22;;;380
25/26;2026-05-09;Max Munich;tournament;Bayerische Meisterschaft - Männer Einzel;1;Vorlauf;Steffen Jahre;7816;;1;153;0;320;69;;;320
25/26;2026-05-09;Max Munich;tournament;Bayerische Meisterschaft - Männer Einzel;1;Vorlauf;Stephan Ruffershöfer;16899;;1;218;0;361;39;;;361
25/26;2026-05-09;Max Munich;tournament;Bayerische Meisterschaft - Männer Einzel;1;Vorlauf;Thomas Auer;16888;;1;171;0;364;36;;;364
25/26;2026-05-09;Max Munich;tournament;Bayerische Meisterschaft - Männer Einzel;1;Vorlauf;Thomas Kalkschmied;25672;;1;127;0;288;88;;;288
25/26;2026-05-09;Max Munich;tournament;Bayerische Meisterschaft - Männer Einzel;1;Vorlauf;Thomas Moser;38907;;1;179;0;282;91;;;282
25/26;2026-05-09;Max Munich;tournament;Bayerische Meisterschaft - Männer Einzel;1;Vorlauf;Thomas Wiedemann;7028;;1;170;0;383;21;;;383
25/26;2026-05-09;Max Munich;tournament;Bayerische Meisterschaft - Männer Einzel;1;Vorlauf;Tim Olde Damink;25521;;1;160;0;324;66;;;324
25/26;2026-05-09;Max Munich;tournament;Bayerische Meisterschaft - Männer Einzel;1;Vorlauf;Tobias Derbfuss;38270;;1;140;0;312;75;;;312
25/26;2026-05-09;Max Munich;tournament;Bayerische Meisterschaft - Männer Einzel;1;Vorlauf;Tobias Franz;25638;;1;140;0;267;95;;;267
25/26;2026-05-09;Max Munich;tournament;Bayerische Meisterschaft - Männer Einzel;1;Vorlauf;Tobias Kramer;38885;;1;205;0;363;38;;;363
25/26;2026-05-09;Max Munich;tournament;Bayerische Meisterschaft - Männer Einzel;1;Vorlauf;Tobias Wiedemann;25695;;1;159;0;292;83;;;292
25/26;2026-05-09;Max Munich;tournament;Bayerische Meisterschaft - Männer Einzel;1;Vorlauf;Tom Eck;38050;;1;162;0;326;63;;;326
25/26;2026-05-09;Max Munich;tournament;Bayerische Meisterschaft - Männer Einzel;1;Vorlauf;Winfried Goller;7722;;1;212;0;377;26;;;377
25/26;2026-05-09;Max Munich;tournament;Bayerische Meisterschaft - Männer Einzel;1;Vorlauf;Alexander Schmidt;16292;;2;187;0;535;43;;;535
25/26;2026-05-09;Max Munich;tournament;Bayerische Meisterschaft - Männer Einzel;1;Vorlauf;Alexander Scholz;16352;;2;200;0;604;11;;;604
25/26;2026-05-09;Max Munich;tournament;Bayerische Meisterschaft - Männer Einzel;1;Vorlauf;Andre Michow;16965;;2;156;0;590;15;;;590
25/26;2026-05-09;Max Munich;tournament;Bayerische Meisterschaft - Männer Einzel;1;Vorlauf;Andreas Brendel;38033;;2;146;0;524;50;;;524
25/26;2026-05-09;Max Munich;tournament;Bayerische Meisterschaft - Männer Einzel;1;Vorlauf;Andreas Hernitschek;16386;;2;258;0;733;2;;;733
25/26;2026-05-09;Max Munich;tournament;Bayerische Meisterschaft - Männer Einzel;1;Vorlauf;Andreas Hölzl;38305;;2;174;0;539;38;;;539
25/26;2026-05-09;Max Munich;tournament;Bayerische Meisterschaft - Männer Einzel;1;Vorlauf;Andreas Schöllhorn;38568;;2;194;0;551;32;;;551
25/26;2026-05-09;Max Munich;tournament;Bayerische Meisterschaft - Männer Einzel;1;Vorlauf;Anton Mutz;25005;;2;180;0;539;39;;;539
25/26;2026-05-09;Max Munich;tournament;Bayerische Meisterschaft - Männer Einzel;1;Vorlauf;Asterios Fourkiotis;25555;;2;135;0;424;90;;;424
25/26;2026-05-09;Max Munich;tournament;Bayerische Meisterschaft - Männer Einzel;1;Vorlauf;Bernd Trapphardt;16559;;2;159;0;545;36;;;545
25/26;2026-05-09;Max Munich;tournament;Bayerische Meisterschaft - Männer Einzel;1;Vorlauf;Bernd Wiemken;25203;;2;209;0;656;5;;;656
25/26;2026-05-09;Max Munich;tournament;Bayerische Meisterschaft - Männer Einzel;1;Vorlauf;Blasius Stibel;7849;;2;161;0;483;71;;;483
25/26;2026-05-09;Max Munich;tournament;Bayerische Meisterschaft - Männer Einzel;1;Vorlauf;Bodo Konieczny;18802;;2;222;0;692;3;;;692
25/26;2026-05-09;Max Munich;tournament;Bayerische Meisterschaft - Männer Einzel;1;Vorlauf;Carlo Luft;38652;;2;230;0;595;13;;;595
25/26;2026-05-09;Max Munich;tournament;Bayerische Meisterschaft - Männer Einzel;1;Vorlauf;Christian Erlacher;16760;;2;159;0;559;26;;;559
25/26;2026-05-09;Max Munich;tournament;Bayerische Meisterschaft - Männer Einzel;1;Vorlauf;Christian Feller;16007;;2;110;0;381;95;;;381
25/26;2026-05-09;Max Munich;tournament;Bayerische Meisterschaft - Männer Einzel;1;Vorlauf;Christian Lechner;25064;;2;201;0;492;65;;;492
25/26;2026-05-09;Max Munich;tournament;Bayerische Meisterschaft - Männer Einzel;1;Vorlauf;Christian Rechenberg;7865;;2;224;0;632;7;;;632
25/26;2026-05-09;Max Munich;tournament;Bayerische Meisterschaft - Männer Einzel;1;Vorlauf;Christian Schlegl;38554;;2;0;0;0;96;;;0
25/26;2026-05-09;Max Munich;tournament;Bayerische Meisterschaft - Männer Einzel;1;Vorlauf;Christian Schrempf;7646;;2;159;0;597;12;;;597
25/26;2026-05-09;Max Munich;tournament;Bayerische Meisterschaft - Männer Einzel;1;Vorlauf;Christian Schuster;7723;;2;179;0;538;40;;;538
25/26;2026-05-09;Max Munich;tournament;Bayerische Meisterschaft - Männer Einzel;1;Vorlauf;Daniel Alexander;16443;;2;137;0;521;53;;;521
25/26;2026-05-09;Max Munich;tournament;Bayerische Meisterschaft - Männer Einzel;1;Vorlauf;Daniel Börding;7591;;2;182;0;557;27;;;557
25/26;2026-05-09;Max Munich;tournament;Bayerische Meisterschaft - Männer Einzel;1;Vorlauf;Daniel Hellmich;7314;;2;196;0;589;17;;;589
25/26;2026-05-09;Max Munich;tournament;Bayerische Meisterschaft - Männer Einzel;1;Vorlauf;Daniel Schwank;16215;;2;181;0;576;18;;;576
25/26;2026-05-09;Max Munich;tournament;Bayerische Meisterschaft - Männer Einzel;1;Vorlauf;Dieter Schuster;7721;;2;162;0;516;55;;;516
25/26;2026-05-09;Max Munich;tournament;Bayerische Meisterschaft - Männer Einzel;1;Vorlauf;Eduard Bolender;25408;;2;127;0;455;83;;;455
25/26;2026-05-09;Max Munich;tournament;Bayerische Meisterschaft - Männer Einzel;1;Vorlauf;Enno Jackwerth;16263;;2;183;0;489;67;;;489
25/26;2026-05-09;Max Munich;tournament;Bayerische Meisterschaft - Männer Einzel;1;Vorlauf;Eric Gogala;46005;;2;215;0;619;8;;;619
25/26;2026-05-09;Max Munich;tournament;Bayerische Meisterschaft - Männer Einzel;1;Vorlauf;Florian Hanauer;38001;;2;168;0;506;62;;;506
25/26;2026-05-09;Max Munich;tournament;Bayerische Meisterschaft - Männer Einzel;1;Vorlauf;Florian Stangl;25690;;2;194;0;557;28;;;557
25/26;2026-05-09;Max Munich;tournament;Bayerische Meisterschaft - Männer Einzel;1;Vorlauf;Frank Wiemken;25205;;2;221;0;636;6;;;636
25/26;2026-05-09;Max Munich;tournament;Bayerische Meisterschaft - Männer Einzel;1;Vorlauf;Gregor Arapow;38575;;2;157;0;454;84;;;454
25/26;2026-05-09;Max Munich;tournament;Bayerische Meisterschaft - Männer Einzel;1;Vorlauf;Günter Denz;16398;;2;174;0;531;45;;;531
25/26;2026-05-09;Max Munich;tournament;Bayerische Meisterschaft - Männer Einzel;1;Vorlauf;Harald Eggl;25229;;2;153;0;467;78;;;467
25/26;2026-05-09;Max Munich;tournament;Bayerische Meisterschaft - Männer Einzel;1;Vorlauf;Harald Laub;7597;;2;165;0;507;60;;;507
25/26;2026-05-09;Max Munich;tournament;Bayerische Meisterschaft - Männer Einzel;1;Vorlauf;Horst Schön;16346;;2;163;0;534;44;;;534
25/26;2026-05-09;Max Munich;tournament;Bayerische Meisterschaft - Männer Einzel;1;Vorlauf;Jan Musiol;25166;;2;223;0;609;9;;;609
25/26;2026-05-09;Max Munich;tournament;Bayerische Meisterschaft - Männer Einzel;1;Vorlauf;Jochen Birkner;7937;;2;190;0;523;52;;;523
25/26;2026-05-09;Max Munich;tournament;Bayerische Meisterschaft - Männer Einzel;1;Vorlauf;Jochen Mücke;38842;;2;171;0;482;72;;;482
25/26;2026-05-09;Max Munich;tournament;Bayerische Meisterschaft - Männer Einzel;1;Vorlauf;Jörg Woyscheszik;25350;;2;194;0;513;56;;;513
25/26;2026-05-09;Max Munich;tournament;Bayerische Meisterschaft - Männer Einzel;1;Vorlauf;Jürgen Harry Schmitt;7961;;2;113;0;393;94;;;393
25/26;2026-05-09;Max Munich;tournament;Bayerische Meisterschaft - Männer Einzel;1;Vorlauf;Jürgen Reichel;7772;;2;157;0;462;79;;;462
25/26;2026-05-09;Max Munich;tournament;Bayerische Meisterschaft - Männer Einzel;1;Vorlauf;Kai Bräutigam;38115;;2;191;0;561;25;;;561
25/26;2026-05-09;Max Munich;tournament;Bayerische Meisterschaft - Männer Einzel;1;Vorlauf;Kilian Kral;38510;;2;164;0;512;58;;;512
25/26;2026-05-09;Max Munich;tournament;Bayerische Meisterschaft - Männer Einzel;1;Vorlauf;Klaus Lilge;7080;;2;200;0;474;75;;;474
25/26;2026-05-09;Max Munich;tournament;Bayerische Meisterschaft - Männer Einzel;1;Vorlauf;Lucas Kasenbacher;25340;;2;191;0;494;64;;;494
25/26;2026-05-09;Max Munich;tournament;Bayerische Meisterschaft - Männer Einzel;1;Vorlauf;Lukas Pfaff;38909;;2;134;0;423;91;;;423
25/26;2026-05-09;Max Munich;tournament;Bayerische Meisterschaft - Männer Einzel;1;Vorlauf;Manfred Weidinger;38851;;2;154;0;437;86;;;437
25/26;2026-05-09;Max Munich;tournament;Bayerische Meisterschaft - Männer Einzel;1;Vorlauf;Marc Schmidt;38734;;2;143;0;431;89;;;431
25/26;2026-05-09;Max Munich;tournament;Bayerische Meisterschaft - Männer Einzel;1;Vorlauf;Marcel Müller;28367;;2;129;0;454;85;;;454
25/26;2026-05-09;Max Munich;tournament;Bayerische Meisterschaft - Männer Einzel;1;Vorlauf;Marco Probst;7602;;2;229;0;607;10;;;607
25/26;2026-05-09;Max Munich;tournament;Bayerische Meisterschaft - Männer Einzel;1;Vorlauf;Mario Burghardt;12248;;2;161;0;481;73;;;481
25/26;2026-05-09;Max Munich;tournament;Bayerische Meisterschaft - Männer Einzel;1;Vorlauf;Markus Fischer;38237;;2;166;0;557;29;;;557
25/26;2026-05-09;Max Munich;tournament;Bayerische Meisterschaft - Männer Einzel;1;Vorlauf;Markus Hanauer;38214;;2;150;0;505;63;;;505
25/26;2026-05-09;Max Munich;tournament;Bayerische Meisterschaft - Männer Einzel;1;Vorlauf;Matthias Kuchling;16583;;2;157;0;525;49;;;525
25/26;2026-05-09;Max Munich;tournament;Bayerische Meisterschaft - Männer Einzel;1;Vorlauf;Max Wiemken;25557;;2;224;0;527;48;;;527
25/26;2026-05-09;Max Munich;tournament;Bayerische Meisterschaft - Männer Einzel;1;Vorlauf;Michael Brandt;38110;;2;156;0;491;66;;;491
25/26;2026-05-09;Max Munich;tournament;Bayerische Meisterschaft - Männer Einzel;1;Vorlauf;Michael Eisenmann-Seybold;7595;;2;237;0;595;14;;;595
25/26;2026-05-09;Max Munich;tournament;Bayerische Meisterschaft - Männer Einzel;1;Vorlauf;Michael Ring;7317;;2;140;0;509;59;;;509
25/26;2026-05-09;Max Munich;tournament;Bayerische Meisterschaft - Männer Einzel;1;Vorlauf;Moritz Wiemken;25830;;2;249;0;751;1;;;751
25/26;2026-05-09;Max Munich;tournament;Bayerische Meisterschaft - Männer Einzel;1;Vorlauf;Nicolas Hoffmann;38935;;2;145;0;472;76;;;472
25/26;2026-05-09;Max Munich;tournament;Bayerische Meisterschaft - Männer Einzel;1;Vorlauf;Nicolas Kabel;38092;;2;210;0;554;31;;;554
25/26;2026-05-09;Max Munich;tournament;Bayerische Meisterschaft - Männer Einzel;1;Vorlauf;Niklas Weiske;25484;;2;206;0;574;20;;;574
25/26;2026-05-09;Max Munich;tournament;Bayerische Meisterschaft - Männer Einzel;1;Vorlauf;Oliver Schütze;38550;;2;190;0;575;19;;;575
25/26;2026-05-09;Max Munich;tournament;Bayerische Meisterschaft - Männer Einzel;1;Vorlauf;Patrick Baszler;7886;;2;194;0;513;57;;;513
25/26;2026-05-09;Max Munich;tournament;Bayerische Meisterschaft - Männer Einzel;1;Vorlauf;Patrick Freudl;16796;;2;156;0;571;21;;;571
25/26;2026-05-09;Max Munich;tournament;Bayerische Meisterschaft - Männer Einzel;1;Vorlauf;Patrick Hardt;16809;;2;159;0;538;41;;;538
25/26;2026-05-09;Max Munich;tournament;Bayerische Meisterschaft - Männer Einzel;1;Vorlauf;Patrick Stemmler;16495;;2;223;0;563;23;;;563
25/26;2026-05-09;Max Munich;tournament;Bayerische Meisterschaft - Männer Einzel;1;Vorlauf;Patrick Thurner;38530;;2;228;0;680;4;;;680
25/26;2026-05-09;Max Munich;tournament;Bayerische Meisterschaft - Männer Einzel;1;Vorlauf;Peter Börding;7593;;2;249;0;562;24;;;562
25/26;2026-05-09;Max Munich;tournament;Bayerische Meisterschaft - Männer Einzel;1;Vorlauf;Peter van Lengen;25297;;2;143;0;479;74;;;479
25/26;2026-05-09;Max Munich;tournament;Bayerische Meisterschaft - Männer Einzel;1;Vorlauf;Rainer Schöllhorn;16069;;2;157;0;460;80;;;460
25/26;2026-05-09;Max Munich;tournament;Bayerische Meisterschaft - Männer Einzel;1;Vorlauf;Raphael Hofmann;38963;;2;186;0;546;34;;;546
25/26;2026-05-09;Max Munich;tournament;Bayerische Meisterschaft - Männer Einzel;1;Vorlauf;René Erben;25953;;2;113;0;437;87;;;437
25/26;2026-05-09;Max Munich;tournament;Bayerische Meisterschaft - Männer Einzel;1;Vorlauf;René Jurischka;38593;;2;170;0;457;81;;;457
25/26;2026-05-09;Max Munich;tournament;Bayerische Meisterschaft - Männer Einzel;1;Vorlauf;Robert Kristof;10124;;2;162;0;530;46;;;530
25/26;2026-05-09;Max Munich;tournament;Bayerische Meisterschaft - Männer Einzel;1;Vorlauf;Rudi Bauer;16860;;2;175;0;524;51;;;524
25/26;2026-05-09;Max Munich;tournament;Bayerische Meisterschaft - Männer Einzel;1;Vorlauf;Sebastian Gräfe;38687;;2;244;0;556;30;;;556
25/26;2026-05-09;Max Munich;tournament;Bayerische Meisterschaft - Männer Einzel;1;Vorlauf;Sebastian Hinterwimmer;7885;;2;191;0;528;47;;;528
25/26;2026-05-09;Max Munich;tournament;Bayerische Meisterschaft - Männer Einzel;1;Vorlauf;Sergio Tavares;22116;;2;129;0;484;69;;;484
25/26;2026-05-09;Max Munich;tournament;Bayerische Meisterschaft - Männer Einzel;1;Vorlauf;Simon Bauer;16861;;2;197;0;546;35;;;546
25/26;2026-05-09;Max Munich;tournament;Bayerische Meisterschaft - Männer Einzel;1;Vorlauf;Steffen Birkner;25082;;2;188;0;568;22;;;568
25/26;2026-05-09;Max Munich;tournament;Bayerische Meisterschaft - Männer Einzel;1;Vorlauf;Steffen Jahre;7816;;2;148;0;468;77;;;468
25/26;2026-05-09;Max Munich;tournament;Bayerische Meisterschaft - Männer Einzel;1;Vorlauf;Stephan Ruffershöfer;16899;;2;187;0;548;33;;;548
25/26;2026-05-09;Max Munich;tournament;Bayerische Meisterschaft - Männer Einzel;1;Vorlauf;Thomas Auer;16888;;2;172;0;536;42;;;536
25/26;2026-05-09;Max Munich;tournament;Bayerische Meisterschaft - Männer Einzel;1;Vorlauf;Thomas Kalkschmied;25672;;2;121;0;409;93;;;409
25/26;2026-05-09;Max Munich;tournament;Bayerische Meisterschaft - Männer Einzel;1;Vorlauf;Thomas Moser;38907;;2;135;0;417;92;;;417
25/26;2026-05-09;Max Munich;tournament;Bayerische Meisterschaft - Männer Einzel;1;Vorlauf;Thomas Wiedemann;7028;;2;159;0;542;37;;;542
25/26;2026-05-09;Max Munich;tournament;Bayerische Meisterschaft - Männer Einzel;1;Vorlauf;Tim Olde Damink;25521;;2;183;0;507;61;;;507
25/26;2026-05-09;Max Munich;tournament;Bayerische Meisterschaft - Männer Einzel;1;Vorlauf;Tobias Derbfuss;38270;;2;173;0;485;68;;;485
25/26;2026-05-09;Max Munich;tournament;Bayerische Meisterschaft - Männer Einzel;1;Vorlauf;Tobias Franz;25638;;2;166;0;433;88;;;433
25/26;2026-05-09;Max Munich;tournament;Bayerische Meisterschaft - Männer Einzel;1;Vorlauf;Tobias Kramer;38885;;2;154;0;517;54;;;517
25/26;2026-05-09;Max Munich;tournament;Bayerische Meisterschaft - Männer Einzel;1;Vorlauf;Tobias Wiedemann;25695;;2;165;0;457;82;;;457
25/26;2026-05-09;Max Munich;tournament;Bayerische Meisterschaft - Männer Einzel;1;Vorlauf;Tom Eck;38050;;2;158;0;484;70;;;484
25/26;2026-05-09;Max Munich;tournament;Bayerische Meisterschaft - Männer Einzel;1;Vorlauf;Winfried Goller;7722;;2;213;0;590;16;;;590
25/26;2026-05-09;Max Munich;tournament;Bayerische Meisterschaft - Männer Einzel;1;Vorlauf;Alexander Schmidt;16292;;3;204;0;739;30;;;739
25/26;2026-05-09;Max Munich;tournament;Bayerische Meisterschaft - Männer Einzel;1;Vorlauf;Alexander Scholz;16352;;3;194;0;798;12;;;798
25/26;2026-05-09;Max Munich;tournament;Bayerische Meisterschaft - Männer Einzel;1;Vorlauf;Andre Michow;16965;;3;192;0;782;16;;;782
25/26;2026-05-09;Max Munich;tournament;Bayerische Meisterschaft - Männer Einzel;1;Vorlauf;Andreas Brendel;38033;;3;126;0;650;73;;;650
25/26;2026-05-09;Max Munich;tournament;Bayerische Meisterschaft - Männer Einzel;1;Vorlauf;Andreas Hernitschek;16386;;3;194;0;927;3;;;927
25/26;2026-05-09;Max Munich;tournament;Bayerische Meisterschaft - Männer Einzel;1;Vorlauf;Andreas Hölzl;38305;;3;196;0;735;33;;;735
25/26;2026-05-09;Max Munich;tournament;Bayerische Meisterschaft - Männer Einzel;1;Vorlauf;Andreas Schöllhorn;38568;;3;175;0;726;36;;;726
25/26;2026-05-09;Max Munich;tournament;Bayerische Meisterschaft - Männer Einzel;1;Vorlauf;Anton Mutz;25005;;3;170;0;709;40;;;709
25/26;2026-05-09;Max Munich;tournament;Bayerische Meisterschaft - Männer Einzel;1;Vorlauf;Asterios Fourkiotis;25555;;3;143;0;567;92;;;567
25/26;2026-05-09;Max Munich;tournament;Bayerische Meisterschaft - Männer Einzel;1;Vorlauf;Bernd Trapphardt;16559;;3;191;0;736;32;;;736
25/26;2026-05-09;Max Munich;tournament;Bayerische Meisterschaft - Männer Einzel;1;Vorlauf;Bernd Wiemken;25203;;3;248;0;904;4;;;904
25/26;2026-05-09;Max Munich;tournament;Bayerische Meisterschaft - Männer Einzel;1;Vorlauf;Blasius Stibel;7849;;3;148;0;631;81;;;631
25/26;2026-05-09;Max Munich;tournament;Bayerische Meisterschaft - Männer Einzel;1;Vorlauf;Bodo Konieczny;18802;;3;289;0;981;2;;;981
25/26;2026-05-09;Max Munich;tournament;Bayerische Meisterschaft - Männer Einzel;1;Vorlauf;Carlo Luft;38652;;3;201;0;796;13;;;796
25/26;2026-05-09;Max Munich;tournament;Bayerische Meisterschaft - Männer Einzel;1;Vorlauf;Christian Erlacher;16760;;3;173;0;732;34;;;732
25/26;2026-05-09;Max Munich;tournament;Bayerische Meisterschaft - Männer Einzel;1;Vorlauf;Christian Feller;16007;;3;147;0;528;94;;;528
25/26;2026-05-09;Max Munich;tournament;Bayerische Meisterschaft - Männer Einzel;1;Vorlauf;Christian Lechner;25064;;3;184;0;676;57;;;676
25/26;2026-05-09;Max Munich;tournament;Bayerische Meisterschaft - Männer Einzel;1;Vorlauf;Christian Rechenberg;7865;;3;236;0;868;6;;;868
25/26;2026-05-09;Max Munich;tournament;Bayerische Meisterschaft - Männer Einzel;1;Vorlauf;Christian Schlegl;38554;;3;0;0;0;96;;;0
25/26;2026-05-09;Max Munich;tournament;Bayerische Meisterschaft - Männer Einzel;1;Vorlauf;Christian Schrempf;7646;;3;182;0;779;18;;;779
25/26;2026-05-09;Max Munich;tournament;Bayerische Meisterschaft - Männer Einzel;1;Vorlauf;Christian Schuster;7723;;3;166;0;704;43;;;704
25/26;2026-05-09;Max Munich;tournament;Bayerische Meisterschaft - Männer Einzel;1;Vorlauf;Daniel Alexander;16443;;3;226;0;747;27;;;747
25/26;2026-05-09;Max Munich;tournament;Bayerische Meisterschaft - Männer Einzel;1;Vorlauf;Daniel Börding;7591;;3;225;0;782;17;;;782
25/26;2026-05-09;Max Munich;tournament;Bayerische Meisterschaft - Männer Einzel;1;Vorlauf;Daniel Hellmich;7314;;3;194;0;783;15;;;783
25/26;2026-05-09;Max Munich;tournament;Bayerische Meisterschaft - Männer Einzel;1;Vorlauf;Daniel Schwank;16215;;3;161;0;737;31;;;737
25/26;2026-05-09;Max Munich;tournament;Bayerische Meisterschaft - Männer Einzel;1;Vorlauf;Dieter Schuster;7721;;3;144;0;660;67;;;660
25/26;2026-05-09;Max Munich;tournament;Bayerische Meisterschaft - Männer Einzel;1;Vorlauf;Eduard Bolender;25408;;3;202;0;657;71;;;657
25/26;2026-05-09;Max Munich;tournament;Bayerische Meisterschaft - Männer Einzel;1;Vorlauf;Enno Jackwerth;16263;;3;203;0;692;50;;;692
25/26;2026-05-09;Max Munich;tournament;Bayerische Meisterschaft - Männer Einzel;1;Vorlauf;Eric Gogala;46005;;3;197;0;816;10;;;816
25/26;2026-05-09;Max Munich;tournament;Bayerische Meisterschaft - Männer Einzel;1;Vorlauf;Florian Hanauer;38001;;3;196;0;702;45;;;702
25/26;2026-05-09;Max Munich;tournament;Bayerische Meisterschaft - Männer Einzel;1;Vorlauf;Florian Stangl;25690;;3;213;0;770;21;;;770
25/26;2026-05-09;Max Munich;tournament;Bayerische Meisterschaft - Männer Einzel;1;Vorlauf;Frank Wiemken;25205;;3;202;0;838;8;;;838
25/26;2026-05-09;Max Munich;tournament;Bayerische Meisterschaft - Männer Einzel;1;Vorlauf;Gregor Arapow;38575;;3;169;0;623;84;;;623
25/26;2026-05-09;Max Munich;tournament;Bayerische Meisterschaft - Männer Einzel;1;Vorlauf;Günter Denz;16398;;3;195;0;726;37;;;726
25/26;2026-05-09;Max Munich;tournament;Bayerische Meisterschaft - Männer Einzel;1;Vorlauf;Harald Eggl;25229;;3;192;0;659;70;;;659
25/26;2026-05-09;Max Munich;tournament;Bayerische Meisterschaft - Männer Einzel;1;Vorlauf;Harald Laub;7597;;3;153;0;660;68;;;660
25/26;2026-05-09;Max Munich;tournament;Bayerische Meisterschaft - Männer Einzel;1;Vorlauf;Horst Schön;16346;;3;134;0;668;64;;;668
25/26;2026-05-09;Max Munich;tournament;Bayerische Meisterschaft - Männer Einzel;1;Vorlauf;Jan Musiol;25166;;3;238;0;847;7;;;847
25/26;2026-05-09;Max Munich;tournament;Bayerische Meisterschaft - Männer Einzel;1;Vorlauf;Jochen Birkner;7937;;3;181;0;704;44;;;704
25/26;2026-05-09;Max Munich;tournament;Bayerische Meisterschaft - Männer Einzel;1;Vorlauf;Jochen Mücke;38842;;3;146;0;628;82;;;628
25/26;2026-05-09;Max Munich;tournament;Bayerische Meisterschaft - Männer Einzel;1;Vorlauf;Jörg Woyscheszik;25350;;3;174;0;687;52;;;687
25/26;2026-05-09;Max Munich;tournament;Bayerische Meisterschaft - Männer Einzel;1;Vorlauf;Jürgen Harry Schmitt;7961;;3;115;0;508;95;;;508
25/26;2026-05-09;Max Munich;tournament;Bayerische Meisterschaft - Männer Einzel;1;Vorlauf;Jürgen Reichel;7772;;3;172;0;634;79;;;634
25/26;2026-05-09;Max Munich;tournament;Bayerische Meisterschaft - Männer Einzel;1;Vorlauf;Kai Bräutigam;38115;;3;199;0;760;24;;;760
25/26;2026-05-09;Max Munich;tournament;Bayerische Meisterschaft - Männer Einzel;1;Vorlauf;Kilian Kral;38510;;3;178;0;690;51;;;690
25/26;2026-05-09;Max Munich;tournament;Bayerische Meisterschaft - Männer Einzel;1;Vorlauf;Klaus Lilge;7080;;3;192;0;666;66;;;666
25/26;2026-05-09;Max Munich;tournament;Bayerische Meisterschaft - Männer Einzel;1;Vorlauf;Lucas Kasenbacher;25340;;3;144;0;638;76;;;638
25/26;2026-05-09;Max Munich;tournament;Bayerische Meisterschaft - Männer Einzel;1;Vorlauf;Lukas Pfaff;38909;;3;139;0;562;93;;;562
25/26;2026-05-09;Max Munich;tournament;Bayerische Meisterschaft - Männer Einzel;1;Vorlauf;Manfred Weidinger;38851;;3;139;0;576;91;;;576
25/26;2026-05-09;Max Munich;tournament;Bayerische Meisterschaft - Männer Einzel;1;Vorlauf;Marc Schmidt;38734;;3;171;0;602;89;;;602
25/26;2026-05-09;Max Munich;tournament;Bayerische Meisterschaft - Männer Einzel;1;Vorlauf;Marcel Müller;28367;;3;196;0;650;74;;;650
25/26;2026-05-09;Max Munich;tournament;Bayerische Meisterschaft - Männer Einzel;1;Vorlauf;Marco Probst;7602;;3;223;0;830;9;;;830
25/26;2026-05-09;Max Munich;tournament;Bayerische Meisterschaft - Männer Einzel;1;Vorlauf;Mario Burghardt;12248;;3;140;0;621;85;;;621
25/26;2026-05-09;Max Munich;tournament;Bayerische Meisterschaft - Männer Einzel;1;Vorlauf;Markus Fischer;38237;;3;145;0;702;46;;;702
25/26;2026-05-09;Max Munich;tournament;Bayerische Meisterschaft - Männer Einzel;1;Vorlauf;Markus Hanauer;38214;;3;177;0;682;53;;;682
25/26;2026-05-09;Max Munich;tournament;Bayerische Meisterschaft - Männer Einzel;1;Vorlauf;Matthias Kuchling;16583;;3;215;0;740;29;;;740
25/26;2026-05-09;Max Munich;tournament;Bayerische Meisterschaft - Männer Einzel;1;Vorlauf;Max Wiemken;25557;;3;175;0;702;47;;;702
25/26;2026-05-09;Max Munich;tournament;Bayerische Meisterschaft - Männer Einzel;1;Vorlauf;Michael Brandt;38110;;3;180;0;671;61;;;671
25/26;2026-05-09;Max Munich;tournament;Bayerische Meisterschaft - Männer Einzel;1;Vorlauf;Michael Eisenmann-Seybold;7595;;3;133;0;728;35;;;728
25/26;2026-05-09;Max Munich;tournament;Bayerische Meisterschaft - Männer Einzel;1;Vorlauf;Michael Ring;7317;;3;158;0;667;65;;;667
25/26;2026-05-09;Max Munich;tournament;Bayerische Meisterschaft - Männer Einzel;1;Vorlauf;Moritz Wiemken;25830;;3;279;0;1030;1;;;1030
25/26;2026-05-09;Max Munich;tournament;Bayerische Meisterschaft - Männer Einzel;1;Vorlauf;Nicolas Hoffmann;38935;;3;156;0;628;83;;;628
25/26;2026-05-09;Max Munich;tournament;Bayerische Meisterschaft - Männer Einzel;1;Vorlauf;Nicolas Kabel;38092;;3;145;0;699;48;;;699
25/26;2026-05-09;Max Munich;tournament;Bayerische Meisterschaft - Männer Einzel;1;Vorlauf;Niklas Weiske;25484;;3;201;0;775;19;;;775
25/26;2026-05-09;Max Munich;tournament;Bayerische Meisterschaft - Männer Einzel;1;Vorlauf;Oliver Schütze;38550;;3;184;0;759;25;;;759
25/26;2026-05-09;Max Munich;tournament;Bayerische Meisterschaft - Männer Einzel;1;Vorlauf;Patrick Baszler;7886;;3;192;0;705;42;;;705
25/26;2026-05-09;Max Munich;tournament;Bayerische Meisterschaft - Männer Einzel;1;Vorlauf;Patrick Freudl;16796;;3;201;0;772;20;;;772
25/26;2026-05-09;Max Munich;tournament;Bayerische Meisterschaft - Männer Einzel;1;Vorlauf;Patrick Hardt;16809;;3;170;0;708;41;;;708
25/26;2026-05-09;Max Munich;tournament;Bayerische Meisterschaft - Männer Einzel;1;Vorlauf;Patrick Stemmler;16495;;3;248;0;811;11;;;811
25/26;2026-05-09;Max Munich;tournament;Bayerische Meisterschaft - Männer Einzel;1;Vorlauf;Patrick Thurner;38530;;3;190;0;870;5;;;870
25/26;2026-05-09;Max Munich;tournament;Bayerische Meisterschaft - Männer Einzel;1;Vorlauf;Peter Börding;7593;;3;206;0;768;22;;;768
25/26;2026-05-09;Max Munich;tournament;Bayerische Meisterschaft - Männer Einzel;1;Vorlauf;Peter van Lengen;25297;;3;192;0;671;62;;;671
25/26;2026-05-09;Max Munich;tournament;Bayerische Meisterschaft - Männer Einzel;1;Vorlauf;Rainer Schöllhorn;16069;;3;197;0;657;72;;;657
25/26;2026-05-09;Max Munich;tournament;Bayerische Meisterschaft - Männer Einzel;1;Vorlauf;Raphael Hofmann;38963;;3;175;0;721;38;;;721
25/26;2026-05-09;Max Munich;tournament;Bayerische Meisterschaft - Männer Einzel;1;Vorlauf;René Erben;25953;;3;199;0;636;78;;;636
25/26;2026-05-09;Max Munich;tournament;Bayerische Meisterschaft - Männer Einzel;1;Vorlauf;René Jurischka;38593;;3;156;0;613;87;;;613
25/26;2026-05-09;Max Munich;tournament;Bayerische Meisterschaft - Männer Einzel;1;Vorlauf;Robert Kristof;10124;;3;146;0;676;58;;;676
25/26;2026-05-09;Max Munich;tournament;Bayerische Meisterschaft - Männer Einzel;1;Vorlauf;Rudi Bauer;16860;;3;150;0;674;60;;;674
25/26;2026-05-09;Max Munich;tournament;Bayerische Meisterschaft - Männer Einzel;1;Vorlauf;Sebastian Gräfe;38687;;3;196;0;752;26;;;752
25/26;2026-05-09;Max Munich;tournament;Bayerische Meisterschaft - Männer Einzel;1;Vorlauf;Sebastian Hinterwimmer;7885;;3;238;0;766;23;;;766
25/26;2026-05-09;Max Munich;tournament;Bayerische Meisterschaft - Männer Einzel;1;Vorlauf;Sergio Tavares;22116;;3;194;0;678;55;;;678
25/26;2026-05-09;Max Munich;tournament;Bayerische Meisterschaft - Männer Einzel;1;Vorlauf;Simon Bauer;16861;;3;132;0;678;56;;;678
25/26;2026-05-09;Max Munich;tournament;Bayerische Meisterschaft - Männer Einzel;1;Vorlauf;Steffen Birkner;25082;;3;178;0;746;28;;;746
25/26;2026-05-09;Max Munich;tournament;Bayerische Meisterschaft - Männer Einzel;1;Vorlauf;Steffen Jahre;7816;;3;144;0;612;88;;;612
25/26;2026-05-09;Max Munich;tournament;Bayerische Meisterschaft - Männer Einzel;1;Vorlauf;Stephan Ruffershöfer;16899;;3;162;0;710;39;;;710
25/26;2026-05-09;Max Munich;tournament;Bayerische Meisterschaft - Männer Einzel;1;Vorlauf;Thomas Auer;16888;;3;133;0;669;63;;;669
25/26;2026-05-09;Max Munich;tournament;Bayerische Meisterschaft - Männer Einzel;1;Vorlauf;Thomas Kalkschmied;25672;;3;169;0;578;90;;;578
25/26;2026-05-09;Max Munich;tournament;Bayerische Meisterschaft - Männer Einzel;1;Vorlauf;Thomas Moser;38907;;3;221;0;638;77;;;638
25/26;2026-05-09;Max Munich;tournament;Bayerische Meisterschaft - Männer Einzel;1;Vorlauf;Thomas Wiedemann;7028;;3;154;0;696;49;;;696
25/26;2026-05-09;Max Munich;tournament;Bayerische Meisterschaft - Männer Einzel;1;Vorlauf;Tim Olde Damink;25521;;3;168;0;675;59;;;675
25/26;2026-05-09;Max Munich;tournament;Bayerische Meisterschaft - Männer Einzel;1;Vorlauf;Tobias Derbfuss;38270;;3;175;0;660;69;;;660
25/26;2026-05-09;Max Munich;tournament;Bayerische Meisterschaft - Männer Einzel;1;Vorlauf;Tobias Franz;25638;;3;182;0;615;86;;;615
25/26;2026-05-09;Max Munich;tournament;Bayerische Meisterschaft - Männer Einzel;1;Vorlauf;Tobias Kramer;38885;;3;165;0;682;54;;;682
25/26;2026-05-09;Max Munich;tournament;Bayerische Meisterschaft - Männer Einzel;1;Vorlauf;Tobias Wiedemann;25695;;3;176;0;633;80;;;633
25/26;2026-05-09;Max Munich;tournament;Bayerische Meisterschaft - Männer Einzel;1;Vorlauf;Tom Eck;38050;;3;166;0;650;75;;;650
25/26;2026-05-09;Max Munich;tournament;Bayerische Meisterschaft - Männer Einzel;1;Vorlauf;Winfried Goller;7722;;3;206;0;796;14;;;796
25/26;2026-05-09;Max Munich;tournament;Bayerische Meisterschaft - Männer Einzel;1;Vorlauf;Alexander Schmidt;16292;;4;214;0;953;21;;;953
25/26;2026-05-09;Max Munich;tournament;Bayerische Meisterschaft - Männer Einzel;1;Vorlauf;Alexander Scholz;16352;;4;208;0;1006;11;;;1006
25/26;2026-05-09;Max Munich;tournament;Bayerische Meisterschaft - Männer Einzel;1;Vorlauf;Andre Michow;16965;;4;176;0;958;20;;;958
25/26;2026-05-09;Max Munich;tournament;Bayerische Meisterschaft - Männer Einzel;1;Vorlauf;Andreas Brendel;38033;;4;200;0;850;65;;;850
25/26;2026-05-09;Max Munich;tournament;Bayerische Meisterschaft - Männer Einzel;1;Vorlauf;Andreas Hernitschek;16386;;4;247;0;1174;3;;;1174
25/26;2026-05-09;Max Munich;tournament;Bayerische Meisterschaft - Männer Einzel;1;Vorlauf;Andreas Hölzl;38305;;4;216;0;951;22;;;951
25/26;2026-05-09;Max Munich;tournament;Bayerische Meisterschaft - Männer Einzel;1;Vorlauf;Andreas Schöllhorn;38568;;4;148;0;874;47;;;874
25/26;2026-05-09;Max Munich;tournament;Bayerische Meisterschaft - Männer Einzel;1;Vorlauf;Anton Mutz;25005;;4;158;0;867;51;;;867
25/26;2026-05-09;Max Munich;tournament;Bayerische Meisterschaft - Männer Einzel;1;Vorlauf;Asterios Fourkiotis;25555;;4;163;0;730;91;;;730
25/26;2026-05-09;Max Munich;tournament;Bayerische Meisterschaft - Männer Einzel;1;Vorlauf;Bernd Trapphardt;16559;;4;191;0;927;28;;;927
25/26;2026-05-09;Max Munich;tournament;Bayerische Meisterschaft - Männer Einzel;1;Vorlauf;Bernd Wiemken;25203;;4;211;0;1115;4;;;1115
25/26;2026-05-09;Max Munich;tournament;Bayerische Meisterschaft - Männer Einzel;1;Vorlauf;Blasius Stibel;7849;;4;136;0;767;87;;;767
25/26;2026-05-09;Max Munich;tournament;Bayerische Meisterschaft - Männer Einzel;1;Vorlauf;Bodo Konieczny;18802;;4;209;0;1190;2;;;1190
25/26;2026-05-09;Max Munich;tournament;Bayerische Meisterschaft - Männer Einzel;1;Vorlauf;Carlo Luft;38652;;4;151;0;947;24;;;947
25/26;2026-05-09;Max Munich;tournament;Bayerische Meisterschaft - Männer Einzel;1;Vorlauf;Christian Erlacher;16760;;4;171;0;903;34;;;903
25/26;2026-05-09;Max Munich;tournament;Bayerische Meisterschaft - Männer Einzel;1;Vorlauf;Christian Feller;16007;;4;145;0;673;94;;;673
25/26;2026-05-09;Max Munich;tournament;Bayerische Meisterschaft - Männer Einzel;1;Vorlauf;Christian Lechner;25064;;4;246;0;922;30;;;922
25/26;2026-05-09;Max Munich;tournament;Bayerische Meisterschaft - Männer Einzel;1;Vorlauf;Christian Rechenberg;7865;;4;183;0;1051;6;;;1051
25/26;2026-05-09;Max Munich;tournament;Bayerische Meisterschaft - Männer Einzel;1;Vorlauf;Christian Schlegl;38554;;4;0;0;0;96;;;0
25/26;2026-05-09;Max Munich;tournament;Bayerische Meisterschaft - Männer Einzel;1;Vorlauf;Christian Schrempf;7646;;4;187;0;966;17;;;966
25/26;2026-05-09;Max Munich;tournament;Bayerische Meisterschaft - Männer Einzel;1;Vorlauf;Christian Schuster;7723;;4;166;0;870;49;;;870
25/26;2026-05-09;Max Munich;tournament;Bayerische Meisterschaft - Männer Einzel;1;Vorlauf;Daniel Alexander;16443;;4;148;0;895;38;;;895
25/26;2026-05-09;Max Munich;tournament;Bayerische Meisterschaft - Männer Einzel;1;Vorlauf;Daniel Börding;7591;;4;227;0;1009;10;;;1009
25/26;2026-05-09;Max Munich;tournament;Bayerische Meisterschaft - Männer Einzel;1;Vorlauf;Daniel Hellmich;7314;;4;159;0;942;27;;;942
25/26;2026-05-09;Max Munich;tournament;Bayerische Meisterschaft - Männer Einzel;1;Vorlauf;Daniel Schwank;16215;;4;159;0;896;37;;;896
25/26;2026-05-09;Max Munich;tournament;Bayerische Meisterschaft - Männer Einzel;1;Vorlauf;Dieter Schuster;7721;;4;195;0;855;58;;;855
25/26;2026-05-09;Max Munich;tournament;Bayerische Meisterschaft - Männer Einzel;1;Vorlauf;Eduard Bolender;25408;;4;163;0;820;73;;;820
25/26;2026-05-09;Max Munich;tournament;Bayerische Meisterschaft - Männer Einzel;1;Vorlauf;Enno Jackwerth;16263;;4;195;0;887;40;;;887
25/26;2026-05-09;Max Munich;tournament;Bayerische Meisterschaft - Männer Einzel;1;Vorlauf;Eric Gogala;46005;;4;183;0;999;13;;;999
25/26;2026-05-09;Max Munich;tournament;Bayerische Meisterschaft - Männer Einzel;1;Vorlauf;Florian Hanauer;38001;;4;168;0;870;50;;;870
25/26;2026-05-09;Max Munich;tournament;Bayerische Meisterschaft - Männer Einzel;1;Vorlauf;Florian Stangl;25690;;4;216;0;986;15;;;986
25/26;2026-05-09;Max Munich;tournament;Bayerische Meisterschaft - Männer Einzel;1;Vorlauf;Frank Wiemken;25205;;4;206;0;1044;7;;;1044
25/26;2026-05-09;Max Munich;tournament;Bayerische Meisterschaft - Männer Einzel;1;Vorlauf;Gregor Arapow;38575;;4;174;0;797;80;;;797
25/26;2026-05-09;Max Munich;tournament;Bayerische Meisterschaft - Männer Einzel;1;Vorlauf;Günter Denz;16398;;4;235;0;961;18;;;961
25/26;2026-05-09;Max Munich;tournament;Bayerische Meisterschaft - Männer Einzel;1;Vorlauf;Harald Eggl;25229;;4;181;0;840;68;;;840
25/26;2026-05-09;Max Munich;tournament;Bayerische Meisterschaft - Männer Einzel;1;Vorlauf;Harald Laub;7597;;4;142;0;802;79;;;802
25/26;2026-05-09;Max Munich;tournament;Bayerische Meisterschaft - Männer Einzel;1;Vorlauf;Horst Schön;16346;;4;235;0;903;35;;;903
25/26;2026-05-09;Max Munich;tournament;Bayerische Meisterschaft - Männer Einzel;1;Vorlauf;Jan Musiol;25166;;4;172;0;1019;9;;;1019
25/26;2026-05-09;Max Munich;tournament;Bayerische Meisterschaft - Männer Einzel;1;Vorlauf;Jochen Birkner;7937;;4;175;0;879;42;;;879
25/26;2026-05-09;Max Munich;tournament;Bayerische Meisterschaft - Männer Einzel;1;Vorlauf;Jochen Mücke;38842;;4;111;0;739;89;;;739
25/26;2026-05-09;Max Munich;tournament;Bayerische Meisterschaft - Männer Einzel;1;Vorlauf;Jörg Woyscheszik;25350;;4;167;0;854;59;;;854
25/26;2026-05-09;Max Munich;tournament;Bayerische Meisterschaft - Männer Einzel;1;Vorlauf;Jürgen Harry Schmitt;7961;;4;133;0;641;95;;;641
25/26;2026-05-09;Max Munich;tournament;Bayerische Meisterschaft - Männer Einzel;1;Vorlauf;Jürgen Reichel;7772;;4;202;0;836;69;;;836
25/26;2026-05-09;Max Munich;tournament;Bayerische Meisterschaft - Männer Einzel;1;Vorlauf;Kai Bräutigam;38115;;4;164;0;924;29;;;924
25/26;2026-05-09;Max Munich;tournament;Bayerische Meisterschaft - Männer Einzel;1;Vorlauf;Kilian Kral;38510;;4;185;0;875;46;;;875
25/26;2026-05-09;Max Munich;tournament;Bayerische Meisterschaft - Männer Einzel;1;Vorlauf;Klaus Lilge;7080;;4;146;0;812;77;;;812
25/26;2026-05-09;Max Munich;tournament;Bayerische Meisterschaft - Männer Einzel;1;Vorlauf;Lucas Kasenbacher;25340;;4;219;0;857;56;;;857
25/26;2026-05-09;Max Munich;tournament;Bayerische Meisterschaft - Männer Einzel;1;Vorlauf;Lukas Pfaff;38909;;4;149;0;711;93;;;711
25/26;2026-05-09;Max Munich;tournament;Bayerische Meisterschaft - Männer Einzel;1;Vorlauf;Manfred Weidinger;38851;;4;145;0;721;92;;;721
25/26;2026-05-09;Max Munich;tournament;Bayerische Meisterschaft - Männer Einzel;1;Vorlauf;Marc Schmidt;38734;;4;181;0;783;83;;;783
25/26;2026-05-09;Max Munich;tournament;Bayerische Meisterschaft - Männer Einzel;1;Vorlauf;Marcel Müller;28367;;4;203;0;853;61;;;853
25/26;2026-05-09;Max Munich;tournament;Bayerische Meisterschaft - Männer Einzel;1;Vorlauf;Marco Probst;7602;;4;207;0;1037;8;;;1037
25/26;2026-05-09;Max Munich;tournament;Bayerische Meisterschaft - Männer Einzel;1;Vorlauf;Mario Burghardt;12248;;4;172;0;793;81;;;793
25/26;2026-05-09;Max Munich;tournament;Bayerische Meisterschaft - Männer Einzel;1;Vorlauf;Markus Fischer;38237;;4;163;0;865;53;;;865
25/26;2026-05-09;Max Munich;tournament;Bayerische Meisterschaft - Männer Einzel;1;Vorlauf;Markus Hanauer;38214;;4;160;0;842;67;;;842
25/26;2026-05-09;Max Munich;tournament;Bayerische Meisterschaft - Männer Einzel;1;Vorlauf;Matthias Kuchling;16583;;4;151;0;891;39;;;891
25/26;2026-05-09;Max Munich;tournament;Bayerische Meisterschaft - Männer Einzel;1;Vorlauf;Max Wiemken;25557;;4;175;0;877;44;;;877
25/26;2026-05-09;Max Munich;tournament;Bayerische Meisterschaft - Männer Einzel;1;Vorlauf;Michael Brandt;38110;;4;174;0;845;66;;;845
25/26;2026-05-09;Max Munich;tournament;Bayerische Meisterschaft - Männer Einzel;1;Vorlauf;Michael Eisenmann-Seybold;7595;;4;183;0;911;32;;;911
25/26;2026-05-09;Max Munich;tournament;Bayerische Meisterschaft - Männer Einzel;1;Vorlauf;Michael Ring;7317;;4;154;0;821;72;;;821
25/26;2026-05-09;Max Munich;tournament;Bayerische Meisterschaft - Männer Einzel;1;Vorlauf;Moritz Wiemken;25830;;4;161;0;1191;1;;;1191
25/26;2026-05-09;Max Munich;tournament;Bayerische Meisterschaft - Männer Einzel;1;Vorlauf;Nicolas Hoffmann;38935;;4;191;0;819;74;;;819
25/26;2026-05-09;Max Munich;tournament;Bayerische Meisterschaft - Männer Einzel;1;Vorlauf;Nicolas Kabel;38092;;4;180;0;879;43;;;879
25/26;2026-05-09;Max Munich;tournament;Bayerische Meisterschaft - Männer Einzel;1;Vorlauf;Niklas Weiske;25484;;4;176;0;951;23;;;951
25/26;2026-05-09;Max Munich;tournament;Bayerische Meisterschaft - Männer Einzel;1;Vorlauf;Oliver Schütze;38550;;4;208;0;967;16;;;967
25/26;2026-05-09;Max Munich;tournament;Bayerische Meisterschaft - Männer Einzel;1;Vorlauf;Patrick Baszler;7886;;4;196;0;901;36;;;901
25/26;2026-05-09;Max Munich;tournament;Bayerische Meisterschaft - Männer Einzel;1;Vorlauf;Patrick Freudl;16796;;4;173;0;945;26;;;945
25/26;2026-05-09;Max Munich;tournament;Bayerische Meisterschaft - Männer Einzel;1;Vorlauf;Patrick Hardt;16809;;4;163;0;871;48;;;871
25/26;2026-05-09;Max Munich;tournament;Bayerische Meisterschaft - Männer Einzel;1;Vorlauf;Patrick Stemmler;16495;;4;192;0;1003;12;;;1003
25/26;2026-05-09;Max Munich;tournament;Bayerische Meisterschaft - Männer Einzel;1;Vorlauf;Patrick Thurner;38530;;4;199;0;1069;5;;;1069
25/26;2026-05-09;Max Munich;tournament;Bayerische Meisterschaft - Männer Einzel;1;Vorlauf;Peter Börding;7593;;4;178;0;946;25;;;946
25/26;2026-05-09;Max Munich;tournament;Bayerische Meisterschaft - Männer Einzel;1;Vorlauf;Peter van Lengen;25297;;4;111;0;782;84;;;782
25/26;2026-05-09;Max Munich;tournament;Bayerische Meisterschaft - Männer Einzel;1;Vorlauf;Rainer Schöllhorn;16069;;4;170;0;827;70;;;827
25/26;2026-05-09;Max Munich;tournament;Bayerische Meisterschaft - Männer Einzel;1;Vorlauf;Raphael Hofmann;38963;;4;160;0;881;41;;;881
25/26;2026-05-09;Max Munich;tournament;Bayerische Meisterschaft - Männer Einzel;1;Vorlauf;René Erben;25953;;4;139;0;775;86;;;775
25/26;2026-05-09;Max Munich;tournament;Bayerische Meisterschaft - Männer Einzel;1;Vorlauf;René Jurischka;38593;;4;171;0;784;82;;;784
25/26;2026-05-09;Max Munich;tournament;Bayerische Meisterschaft - Männer Einzel;1;Vorlauf;Robert Kristof;10124;;4;187;0;863;54;;;863
25/26;2026-05-09;Max Munich;tournament;Bayerische Meisterschaft - Männer Einzel;1;Vorlauf;Rudi Bauer;16860;;4;178;0;852;62;;;852
25/26;2026-05-09;Max Munich;tournament;Bayerische Meisterschaft - Männer Einzel;1;Vorlauf;Sebastian Gräfe;38687;;4;169;0;921;31;;;921
25/26;2026-05-09;Max Munich;tournament;Bayerische Meisterschaft - Männer Einzel;1;Vorlauf;Sebastian Hinterwimmer;7885;;4;222;0;988;14;;;988
25/26;2026-05-09;Max Munich;tournament;Bayerische Meisterschaft - Männer Einzel;1;Vorlauf;Sergio Tavares;22116;;4;188;0;866;52;;;866
25/26;2026-05-09;Max Munich;tournament;Bayerische Meisterschaft - Männer Einzel;1;Vorlauf;Simon Bauer;16861;;4;178;0;856;57;;;856
25/26;2026-05-09;Max Munich;tournament;Bayerische Meisterschaft - Männer Einzel;1;Vorlauf;Steffen Birkner;25082;;4;158;0;904;33;;;904
25/26;2026-05-09;Max Munich;tournament;Bayerische Meisterschaft - Männer Einzel;1;Vorlauf;Steffen Jahre;7816;;4;130;0;742;88;;;742
25/26;2026-05-09;Max Munich;tournament;Bayerische Meisterschaft - Männer Einzel;1;Vorlauf;Stephan Ruffershöfer;16899;;4;142;0;852;63;;;852
25/26;2026-05-09;Max Munich;tournament;Bayerische Meisterschaft - Männer Einzel;1;Vorlauf;Thomas Auer;16888;;4;190;0;859;55;;;859
25/26;2026-05-09;Max Munich;tournament;Bayerische Meisterschaft - Männer Einzel;1;Vorlauf;Thomas Kalkschmied;25672;;4;161;0;739;90;;;739
25/26;2026-05-09;Max Munich;tournament;Bayerische Meisterschaft - Männer Einzel;1;Vorlauf;Thomas Moser;38907;;4;189;0;827;71;;;827
25/26;2026-05-09;Max Munich;tournament;Bayerische Meisterschaft - Männer Einzel;1;Vorlauf;Thomas Wiedemann;7028;;4;155;0;851;64;;;851
25/26;2026-05-09;Max Munich;tournament;Bayerische Meisterschaft - Männer Einzel;1;Vorlauf;Tim Olde Damink;25521;;4;139;0;814;76;;;814
25/26;2026-05-09;Max Munich;tournament;Bayerische Meisterschaft - Männer Einzel;1;Vorlauf;Tobias Derbfuss;38270;;4;157;0;817;75;;;817
25/26;2026-05-09;Max Munich;tournament;Bayerische Meisterschaft - Männer Einzel;1;Vorlauf;Tobias Franz;25638;;4;189;0;804;78;;;804
25/26;2026-05-09;Max Munich;tournament;Bayerische Meisterschaft - Männer Einzel;1;Vorlauf;Tobias Kramer;38885;;4;172;0;854;60;;;854
25/26;2026-05-09;Max Munich;tournament;Bayerische Meisterschaft - Männer Einzel;1;Vorlauf;Tobias Wiedemann;25695;;4;149;0;782;85;;;782
25/26;2026-05-09;Max Munich;tournament;Bayerische Meisterschaft - Männer Einzel;1;Vorlauf;Tom Eck;38050;;4;226;0;876;45;;;876
25/26;2026-05-09;Max Munich;tournament;Bayerische Meisterschaft - Männer Einzel;1;Vorlauf;Winfried Goller;7722;;4;164;0;960;19;;;960
25/26;2026-05-09;Max Munich;tournament;Bayerische Meisterschaft - Männer Einzel;1;Vorlauf;Alexander Schmidt;16292;;5;180;0;1133;21;;;1133
25/26;2026-05-09;Max Munich;tournament;Bayerische Meisterschaft - Männer Einzel;1;Vorlauf;Alexander Scholz;16352;;5;189;0;1195;10;;;1195
25/26;2026-05-09;Max Munich;tournament;Bayerische Meisterschaft - Männer Einzel;1;Vorlauf;Andre Michow;16965;;5;185;0;1143;17;;;1143
25/26;2026-05-09;Max Munich;tournament;Bayerische Meisterschaft - Männer Einzel;1;Vorlauf;Andreas Brendel;38033;;5;215;0;1065;45;;;1065
25/26;2026-05-09;Max Munich;tournament;Bayerische Meisterschaft - Männer Einzel;1;Vorlauf;Andreas Hernitschek;16386;;5;183;0;1357;3;;;1357
25/26;2026-05-09;Max Munich;tournament;Bayerische Meisterschaft - Männer Einzel;1;Vorlauf;Andreas Hölzl;38305;;5;127;0;1078;42;;;1078
25/26;2026-05-09;Max Munich;tournament;Bayerische Meisterschaft - Männer Einzel;1;Vorlauf;Andreas Schöllhorn;38568;;5;205;0;1079;40;;;1079
25/26;2026-05-09;Max Munich;tournament;Bayerische Meisterschaft - Männer Einzel;1;Vorlauf;Anton Mutz;25005;;5;151;0;1018;66;;;1018
25/26;2026-05-09;Max Munich;tournament;Bayerische Meisterschaft - Männer Einzel;1;Vorlauf;Asterios Fourkiotis;25555;;5;143;0;873;92;;;873
25/26;2026-05-09;Max Munich;tournament;Bayerische Meisterschaft - Männer Einzel;1;Vorlauf;Bernd Trapphardt;16559;;5;170;0;1097;31;;;1097
25/26;2026-05-09;Max Munich;tournament;Bayerische Meisterschaft - Männer Einzel;1;Vorlauf;Bernd Wiemken;25203;;5;165;0;1280;5;;;1280
25/26;2026-05-09;Max Munich;tournament;Bayerische Meisterschaft - Männer Einzel;1;Vorlauf;Blasius Stibel;7849;;5;140;0;907;87;;;907
25/26;2026-05-09;Max Munich;tournament;Bayerische Meisterschaft - Männer Einzel;1;Vorlauf;Bodo Konieczny;18802;;5;206;0;1396;2;;;1396
25/26;2026-05-09;Max Munich;tournament;Bayerische Meisterschaft - Männer Einzel;1;Vorlauf;Carlo Luft;38652;;5;164;0;1111;26;;;1111
25/26;2026-05-09;Max Munich;tournament;Bayerische Meisterschaft - Männer Einzel;1;Vorlauf;Christian Erlacher;16760;;5;200;0;1103;30;;;1103
25/26;2026-05-09;Max Munich;tournament;Bayerische Meisterschaft - Männer Einzel;1;Vorlauf;Christian Feller;16007;;5;195;0;868;93;;;868
25/26;2026-05-09;Max Munich;tournament;Bayerische Meisterschaft - Männer Einzel;1;Vorlauf;Christian Lechner;25064;;5;170;0;1092;32;;;1092
25/26;2026-05-09;Max Munich;tournament;Bayerische Meisterschaft - Männer Einzel;1;Vorlauf;Christian Rechenberg;7865;;5;226;0;1277;6;;;1277
25/26;2026-05-09;Max Munich;tournament;Bayerische Meisterschaft - Männer Einzel;1;Vorlauf;Christian Schlegl;38554;;5;0;0;0;96;;;0
25/26;2026-05-09;Max Munich;tournament;Bayerische Meisterschaft - Männer Einzel;1;Vorlauf;Christian Schrempf;7646;;5;168;0;1134;20;;;1134
25/26;2026-05-09;Max Munich;tournament;Bayerische Meisterschaft - Männer Einzel;1;Vorlauf;Christian Schuster;7723;;5;179;0;1049;52;;;1049
25/26;2026-05-09;Max Munich;tournament;Bayerische Meisterschaft - Männer Einzel;1;Vorlauf;Daniel Alexander;16443;;5;174;0;1069;44;;;1069
25/26;2026-05-09;Max Munich;tournament;Bayerische Meisterschaft - Männer Einzel;1;Vorlauf;Daniel Börding;7591;;5;172;0;1181;14;;;1181
25/26;2026-05-09;Max Munich;tournament;Bayerische Meisterschaft - Männer Einzel;1;Vorlauf;Daniel Hellmich;7314;;5;190;0;1132;22;;;1132
25/26;2026-05-09;Max Munich;tournament;Bayerische Meisterschaft - Männer Einzel;1;Vorlauf;Daniel Schwank;16215;;5;187;0;1083;38;;;1083
25/26;2026-05-09;Max Munich;tournament;Bayerische Meisterschaft - Männer Einzel;1;Vorlauf;Dieter Schuster;7721;;5;236;0;1091;33;;;1091
25/26;2026-05-09;Max Munich;tournament;Bayerische Meisterschaft - Männer Einzel;1;Vorlauf;Eduard Bolender;25408;;5;175;0;995;74;;;995
25/26;2026-05-09;Max Munich;tournament;Bayerische Meisterschaft - Männer Einzel;1;Vorlauf;Enno Jackwerth;16263;;5;236;0;1123;24;;;1123
25/26;2026-05-09;Max Munich;tournament;Bayerische Meisterschaft - Männer Einzel;1;Vorlauf;Eric Gogala;46005;;5;138;0;1137;18;;;1137
25/26;2026-05-09;Max Munich;tournament;Bayerische Meisterschaft - Männer Einzel;1;Vorlauf;Florian Hanauer;38001;;5;221;0;1091;34;;;1091
25/26;2026-05-09;Max Munich;tournament;Bayerische Meisterschaft - Männer Einzel;1;Vorlauf;Florian Stangl;25690;;5;161;0;1147;16;;;1147
25/26;2026-05-09;Max Munich;tournament;Bayerische Meisterschaft - Männer Einzel;1;Vorlauf;Frank Wiemken;25205;;5;203;0;1247;7;;;1247
25/26;2026-05-09;Max Munich;tournament;Bayerische Meisterschaft - Männer Einzel;1;Vorlauf;Gregor Arapow;38575;;5;141;0;938;83;;;938
25/26;2026-05-09;Max Munich;tournament;Bayerische Meisterschaft - Männer Einzel;1;Vorlauf;Günter Denz;16398;;5;188;0;1149;15;;;1149
25/26;2026-05-09;Max Munich;tournament;Bayerische Meisterschaft - Männer Einzel;1;Vorlauf;Harald Eggl;25229;;5;203;0;1043;54;;;1043
25/26;2026-05-09;Max Munich;tournament;Bayerische Meisterschaft - Männer Einzel;1;Vorlauf;Harald Laub;7597;;5;164;0;966;81;;;966
25/26;2026-05-09;Max Munich;tournament;Bayerische Meisterschaft - Männer Einzel;1;Vorlauf;Horst Schön;16346;;5;182;0;1085;36;;;1085
25/26;2026-05-09;Max Munich;tournament;Bayerische Meisterschaft - Männer Einzel;1;Vorlauf;Jan Musiol;25166;;5;182;0;1201;8;;;1201
25/26;2026-05-09;Max Munich;tournament;Bayerische Meisterschaft - Männer Einzel;1;Vorlauf;Jochen Birkner;7937;;5;179;0;1058;49;;;1058
25/26;2026-05-09;Max Munich;tournament;Bayerische Meisterschaft - Männer Einzel;1;Vorlauf;Jochen Mücke;38842;;5;126;0;865;94;;;865
25/26;2026-05-09;Max Munich;tournament;Bayerische Meisterschaft - Männer Einzel;1;Vorlauf;Jörg Woyscheszik;25350;;5;166;0;1020;65;;;1020
25/26;2026-05-09;Max Munich;tournament;Bayerische Meisterschaft - Männer Einzel;1;Vorlauf;Jürgen Harry Schmitt;7961;;5;154;0;795;95;;;795
25/26;2026-05-09;Max Munich;tournament;Bayerische Meisterschaft - Männer Einzel;1;Vorlauf;Jürgen Reichel;7772;;5;172;0;1008;70;;;1008
25/26;2026-05-09;Max Munich;tournament;Bayerische Meisterschaft - Männer Einzel;1;Vorlauf;Kai Bräutigam;38115;;5;166;0;1090;35;;;1090
25/26;2026-05-09;Max Munich;tournament;Bayerische Meisterschaft - Männer Einzel;1;Vorlauf;Kilian Kral;38510;;5;185;0;1060;48;;;1060
25/26;2026-05-09;Max Munich;tournament;Bayerische Meisterschaft - Männer Einzel;1;Vorlauf;Klaus Lilge;7080;;5;177;0;989;76;;;989
25/26;2026-05-09;Max Munich;tournament;Bayerische Meisterschaft - Männer Einzel;1;Vorlauf;Lucas Kasenbacher;25340;;5;181;0;1038;56;;;1038
25/26;2026-05-09;Max Munich;tournament;Bayerische Meisterschaft - Männer Einzel;1;Vorlauf;Lukas Pfaff;38909;;5;169;0;880;91;;;880
25/26;2026-05-09;Max Munich;tournament;Bayerische Meisterschaft - Männer Einzel;1;Vorlauf;Manfred Weidinger;38851;;5;166;0;887;90;;;887
25/26;2026-05-09;Max Munich;tournament;Bayerische Meisterschaft - Männer Einzel;1;Vorlauf;Marc Schmidt;38734;;5;117;0;900;88;;;900
25/26;2026-05-09;Max Munich;tournament;Bayerische Meisterschaft - Männer Einzel;1;Vorlauf;Marcel Müller;28367;;5;163;0;1016;67;;;1016
25/26;2026-05-09;Max Munich;tournament;Bayerische Meisterschaft - Männer Einzel;1;Vorlauf;Marco Probst;7602;;5;149;0;1186;13;;;1186
25/26;2026-05-09;Max Munich;tournament;Bayerische Meisterschaft - Männer Einzel;1;Vorlauf;Mario Burghardt;12248;;5;245;0;1038;57;;;1038
25/26;2026-05-09;Max Munich;tournament;Bayerische Meisterschaft - Männer Einzel;1;Vorlauf;Markus Fischer;38237;;5;170;0;1035;58;;;1035
25/26;2026-05-09;Max Munich;tournament;Bayerische Meisterschaft - Männer Einzel;1;Vorlauf;Markus Hanauer;38214;;5;212;0;1054;50;;;1054
25/26;2026-05-09;Max Munich;tournament;Bayerische Meisterschaft - Männer Einzel;1;Vorlauf;Matthias Kuchling;16583;;5;161;0;1052;51;;;1052
25/26;2026-05-09;Max Munich;tournament;Bayerische Meisterschaft - Männer Einzel;1;Vorlauf;Max Wiemken;25557;;5;232;0;1109;27;;;1109
25/26;2026-05-09;Max Munich;tournament;Bayerische Meisterschaft - Männer Einzel;1;Vorlauf;Michael Brandt;38110;;5;182;0;1027;62;;;1027
25/26;2026-05-09;Max Munich;tournament;Bayerische Meisterschaft - Männer Einzel;1;Vorlauf;Michael Eisenmann-Seybold;7595;;5;173;0;1084;37;;;1084
25/26;2026-05-09;Max Munich;tournament;Bayerische Meisterschaft - Männer Einzel;1;Vorlauf;Michael Ring;7317;;5;194;0;1015;68;;;1015
25/26;2026-05-09;Max Munich;tournament;Bayerische Meisterschaft - Männer Einzel;1;Vorlauf;Moritz Wiemken;25830;;5;213;0;1404;1;;;1404
25/26;2026-05-09;Max Munich;tournament;Bayerische Meisterschaft - Männer Einzel;1;Vorlauf;Nicolas Hoffmann;38935;;5;151;0;970;80;;;970
25/26;2026-05-09;Max Munich;tournament;Bayerische Meisterschaft - Männer Einzel;1;Vorlauf;Nicolas Kabel;38092;;5;192;0;1071;43;;;1071
25/26;2026-05-09;Max Munich;tournament;Bayerische Meisterschaft - Männer Einzel;1;Vorlauf;Niklas Weiske;25484;;5;184;0;1135;19;;;1135
25/26;2026-05-09;Max Munich;tournament;Bayerische Meisterschaft - Männer Einzel;1;Vorlauf;Oliver Schütze;38550;;5;154;0;1121;25;;;1121
25/26;2026-05-09;Max Munich;tournament;Bayerische Meisterschaft - Männer Einzel;1;Vorlauf;Patrick Baszler;7886;;5;207;0;1108;28;;;1108
25/26;2026-05-09;Max Munich;tournament;Bayerische Meisterschaft - Männer Einzel;1;Vorlauf;Patrick Freudl;16796;;5;163;0;1108;29;;;1108
25/26;2026-05-09;Max Munich;tournament;Bayerische Meisterschaft - Männer Einzel;1;Vorlauf;Patrick Hardt;16809;;5;133;0;1004;73;;;1004
25/26;2026-05-09;Max Munich;tournament;Bayerische Meisterschaft - Männer Einzel;1;Vorlauf;Patrick Stemmler;16495;;5;192;0;1195;11;;;1195
25/26;2026-05-09;Max Munich;tournament;Bayerische Meisterschaft - Männer Einzel;1;Vorlauf;Patrick Thurner;38530;;5;226;0;1295;4;;;1295
25/26;2026-05-09;Max Munich;tournament;Bayerische Meisterschaft - Männer Einzel;1;Vorlauf;Peter Börding;7593;;5;185;0;1131;23;;;1131
25/26;2026-05-09;Max Munich;tournament;Bayerische Meisterschaft - Männer Einzel;1;Vorlauf;Peter van Lengen;25297;;5;150;0;932;84;;;932
25/26;2026-05-09;Max Munich;tournament;Bayerische Meisterschaft - Männer Einzel;1;Vorlauf;Rainer Schöllhorn;16069;;5;152;0;979;79;;;979
25/26;2026-05-09;Max Munich;tournament;Bayerische Meisterschaft - Männer Einzel;1;Vorlauf;Raphael Hofmann;38963;;5;181;0;1062;46;;;1062
25/26;2026-05-09;Max Munich;tournament;Bayerische Meisterschaft - Männer Einzel;1;Vorlauf;René Erben;25953;;5;186;0;961;82;;;961
25/26;2026-05-09;Max Munich;tournament;Bayerische Meisterschaft - Männer Einzel;1;Vorlauf;René Jurischka;38593;;5;146;0;930;85;;;930
25/26;2026-05-09;Max Munich;tournament;Bayerische Meisterschaft - Männer Einzel;1;Vorlauf;Robert Kristof;10124;;5;181;0;1044;53;;;1044
25/26;2026-05-09;Max Munich;tournament;Bayerische Meisterschaft - Männer Einzel;1;Vorlauf;Rudi Bauer;16860;;5;128;0;980;78;;;980
25/26;2026-05-09;Max Munich;tournament;Bayerische Meisterschaft - Männer Einzel;1;Vorlauf;Sebastian Gräfe;38687;;5;158;0;1079;41;;;1079
25/26;2026-05-09;Max Munich;tournament;Bayerische Meisterschaft - Männer Einzel;1;Vorlauf;Sebastian Hinterwimmer;7885;;5;205;0;1193;12;;;1193
25/26;2026-05-09;Max Munich;tournament;Bayerische Meisterschaft - Männer Einzel;1;Vorlauf;Sergio Tavares;22116;;5;140;0;1006;72;;;1006
25/26;2026-05-09;Max Munich;tournament;Bayerische Meisterschaft - Männer Einzel;1;Vorlauf;Simon Bauer;16861;;5;173;0;1029;60;;;1029
25/26;2026-05-09;Max Munich;tournament;Bayerische Meisterschaft - Männer Einzel;1;Vorlauf;Steffen Birkner;25082;;5;179;0;1083;39;;;1083
25/26;2026-05-09;Max Munich;tournament;Bayerische Meisterschaft - Männer Einzel;1;Vorlauf;Steffen Jahre;7816;;5;166;0;908;86;;;908
25/26;2026-05-09;Max Munich;tournament;Bayerische Meisterschaft - Männer Einzel;1;Vorlauf;Stephan Ruffershöfer;16899;;5;136;0;988;77;;;988
25/26;2026-05-09;Max Munich;tournament;Bayerische Meisterschaft - Männer Einzel;1;Vorlauf;Thomas Auer;16888;;5;184;0;1043;55;;;1043
25/26;2026-05-09;Max Munich;tournament;Bayerische Meisterschaft - Männer Einzel;1;Vorlauf;Thomas Kalkschmied;25672;;5;157;0;896;89;;;896
25/26;2026-05-09;Max Munich;tournament;Bayerische Meisterschaft - Männer Einzel;1;Vorlauf;Thomas Moser;38907;;5;235;0;1062;47;;;1062
25/26;2026-05-09;Max Munich;tournament;Bayerische Meisterschaft - Männer Einzel;1;Vorlauf;Thomas Wiedemann;7028;;5;177;0;1028;61;;;1028
25/26;2026-05-09;Max Munich;tournament;Bayerische Meisterschaft - Männer Einzel;1;Vorlauf;Tim Olde Damink;25521;;5;201;0;1015;69;;;1015
25/26;2026-05-09;Max Munich;tournament;Bayerische Meisterschaft - Männer Einzel;1;Vorlauf;Tobias Derbfuss;38270;;5;178;0;995;75;;;995
25/26;2026-05-09;Max Munich;tournament;Bayerische Meisterschaft - Männer Einzel;1;Vorlauf;Tobias Franz;25638;;5;219;0;1023;64;;;1023
25/26;2026-05-09;Max Munich;tournament;Bayerische Meisterschaft - Männer Einzel;1;Vorlauf;Tobias Kramer;38885;;5;178;0;1032;59;;;1032
25/26;2026-05-09;Max Munich;tournament;Bayerische Meisterschaft - Männer Einzel;1;Vorlauf;Tobias Wiedemann;25695;;5;243;0;1025;63;;;1025
25/26;2026-05-09;Max Munich;tournament;Bayerische Meisterschaft - Männer Einzel;1;Vorlauf;Tom Eck;38050;;5;132;0;1008;71;;;1008
25/26;2026-05-09;Max Munich;tournament;Bayerische Meisterschaft - Männer Einzel;1;Vorlauf;Winfried Goller;7722;;5;236;0;1196;9;;;1196
25/26;2026-05-10;Max Munich;tournament;Bayerische Meisterschaft - Männer Einzel;2;Zwischenlauf;#N/A;38693;;0;215;0;215;11;;;215
25/26;2026-05-10;Max Munich;tournament;Bayerische Meisterschaft - Männer Einzel;2;Zwischenlauf;Alexander Schmidt;16292;;0;171;0;171;60;;;1304
25/26;2026-05-10;Max Munich;tournament;Bayerische Meisterschaft - Männer Einzel;2;Zwischenlauf;Alexander Scholz;16352;;0;195;0;195;25;;;1390
25/26;2026-05-10;Max Munich;tournament;Bayerische Meisterschaft - Männer Einzel;2;Zwischenlauf;Andre Michow;16965;;0;185;0;185;38;;;1328
25/26;2026-05-10;Max Munich;tournament;Bayerische Meisterschaft - Männer Einzel;2;Zwischenlauf;Andreas Brendel;38033;;0;190;0;190;31;;;1255
25/26;2026-05-10;Max Munich;tournament;Bayerische Meisterschaft - Männer Einzel;2;Zwischenlauf;Andreas Hernitschek;16386;;0;214;0;214;12;;;1571
25/26;2026-05-10;Max Munich;tournament;Bayerische Meisterschaft - Männer Einzel;2;Zwischenlauf;Andreas Hölzl;38305;;0;181;0;181;43;;;1259
25/26;2026-05-10;Max Munich;tournament;Bayerische Meisterschaft - Männer Einzel;2;Zwischenlauf;Andreas Schöllhorn;38568;;0;165;0;165;69;;;1244
25/26;2026-05-10;Max Munich;tournament;Bayerische Meisterschaft - Männer Einzel;2;Zwischenlauf;Anton Mutz;25005;;0;179;0;179;48;;;1197
25/26;2026-05-10;Max Munich;tournament;Bayerische Meisterschaft - Männer Einzel;2;Zwischenlauf;Asterios Fourkiotis;25555;;0;226;0;226;6;;;1099
25/26;2026-05-10;Max Munich;tournament;Bayerische Meisterschaft - Männer Einzel;2;Zwischenlauf;Bernd Trapphardt;16559;;0;172;0;172;58;;;1269
25/26;2026-05-10;Max Munich;tournament;Bayerische Meisterschaft - Männer Einzel;2;Zwischenlauf;Bernd Wiemken;25203;;0;182;0;182;40;;;1462
25/26;2026-05-10;Max Munich;tournament;Bayerische Meisterschaft - Männer Einzel;2;Zwischenlauf;Blasius Stibel;7849;;0;125;0;125;91;;;1032
25/26;2026-05-10;Max Munich;tournament;Bayerische Meisterschaft - Männer Einzel;2;Zwischenlauf;Bodo Konieczny;18802;;0;258;0;258;2;;;1654
25/26;2026-05-10;Max Munich;tournament;Bayerische Meisterschaft - Männer Einzel;2;Zwischenlauf;Carlo Luft;38652;;0;171;0;171;61;;;1282
25/26;2026-05-10;Max Munich;tournament;Bayerische Meisterschaft - Männer Einzel;2;Zwischenlauf;Christian Erlacher;16760;;0;148;0;148;86;;;1251
25/26;2026-05-10;Max Munich;tournament;Bayerische Meisterschaft - Männer Einzel;2;Zwischenlauf;Christian Feller;16007;;0;188;0;188;33;;;1056
25/26;2026-05-10;Max Munich;tournament;Bayerische Meisterschaft - Männer Einzel;2;Zwischenlauf;Christian Lechner;25064;;0;178;0;178;51;;;1270
25/26;2026-05-10;Max Munich;tournament;Bayerische Meisterschaft - Männer Einzel;2;Zwischenlauf;Christian Rechenberg;7865;;0;211;0;211;17;;;1488
25/26;2026-05-10;Max Munich;tournament;Bayerische Meisterschaft - Männer Einzel;2;Zwischenlauf;Christian Schrempf;7646;;0;182;0;182;41;;;1316
25/26;2026-05-10;Max Munich;tournament;Bayerische Meisterschaft - Männer Einzel;2;Zwischenlauf;Christian Schuster;7723;;0;162;0;162;73;;;1211
25/26;2026-05-10;Max Munich;tournament;Bayerische Meisterschaft - Männer Einzel;2;Zwischenlauf;Daniel Alexander;16443;;0;210;0;210;18;;;1279
25/26;2026-05-10;Max Munich;tournament;Bayerische Meisterschaft - Männer Einzel;2;Zwischenlauf;Daniel Börding;7591;;0;177;0;177;54;;;1358
25/26;2026-05-10;Max Munich;tournament;Bayerische Meisterschaft - Männer Einzel;2;Zwischenlauf;Daniel Hellmich;7314;;0;220;0;220;9;;;1352
25/26;2026-05-10;Max Munich;tournament;Bayerische Meisterschaft - Männer Einzel;2;Zwischenlauf;Daniel Schwank;16215;;0;180;0;180;44;;;1263
25/26;2026-05-10;Max Munich;tournament;Bayerische Meisterschaft - Männer Einzel;2;Zwischenlauf;Dieter Schuster;7721;;0;149;0;149;85;;;1240
25/26;2026-05-10;Max Munich;tournament;Bayerische Meisterschaft - Männer Einzel;2;Zwischenlauf;Eduard Bolender;25408;;0;212;0;212;15;;;1207
25/26;2026-05-10;Max Munich;tournament;Bayerische Meisterschaft - Männer Einzel;2;Zwischenlauf;Enno Jackwerth;16263;;0;166;0;166;68;;;1289
25/26;2026-05-10;Max Munich;tournament;Bayerische Meisterschaft - Männer Einzel;2;Zwischenlauf;Eric Gogala;46005;;0;246;0;246;4;;;1383
25/26;2026-05-10;Max Munich;tournament;Bayerische Meisterschaft - Männer Einzel;2;Zwischenlauf;Florian Hanauer;38001;;0;165;0;165;70;;;1256
25/26;2026-05-10;Max Munich;tournament;Bayerische Meisterschaft - Männer Einzel;2;Zwischenlauf;Florian Stangl;25690;;0;167;0;167;67;;;1314
25/26;2026-05-10;Max Munich;tournament;Bayerische Meisterschaft - Männer Einzel;2;Zwischenlauf;Frank Wiemken;25205;;0;172;0;172;59;;;1419
25/26;2026-05-10;Max Munich;tournament;Bayerische Meisterschaft - Männer Einzel;2;Zwischenlauf;Gregor Arapow;38575;;0;179;0;179;49;;;1117
25/26;2026-05-10;Max Munich;tournament;Bayerische Meisterschaft - Männer Einzel;2;Zwischenlauf;Günter Denz;16398;;0;221;0;221;8;;;1370
25/26;2026-05-10;Max Munich;tournament;Bayerische Meisterschaft - Männer Einzel;2;Zwischenlauf;Harald Eggl;25229;;0;175;0;175;57;;;1218
25/26;2026-05-10;Max Munich;tournament;Bayerische Meisterschaft - Männer Einzel;2;Zwischenlauf;Harald Laub;7597;;0;191;0;191;29;;;1157
25/26;2026-05-10;Max Munich;tournament;Bayerische Meisterschaft - Männer Einzel;2;Zwischenlauf;Horst Schön;16346;;0;189;0;189;32;;;1274
25/26;2026-05-10;Max Munich;tournament;Bayerische Meisterschaft - Männer Einzel;2;Zwischenlauf;Jan Musiol;25166;;0;198;0;198;22;;;1399
25/26;2026-05-10;Max Munich;tournament;Bayerische Meisterschaft - Männer Einzel;2;Zwischenlauf;Jochen Birkner;7937;;0;156;0;156;78;;;1214
25/26;2026-05-10;Max Munich;tournament;Bayerische Meisterschaft - Männer Einzel;2;Zwischenlauf;Jochen Mücke;38842;;0;170;0;170;62;;;1035
25/26;2026-05-10;Max Munich;tournament;Bayerische Meisterschaft - Männer Einzel;2;Zwischenlauf;Jörg Woyscheszik;25350;;0;177;0;177;55;;;1197
25/26;2026-05-10;Max Munich;tournament;Bayerische Meisterschaft - Männer Einzel;2;Zwischenlauf;Jürgen Harry Schmitt;7961;;0;159;0;159;76;;;954
25/26;2026-05-10;Max Munich;tournament;Bayerische Meisterschaft - Männer Einzel;2;Zwischenlauf;Jürgen Reichel;7772;;0;138;0;138;89;;;1146
25/26;2026-05-10;Max Munich;tournament;Bayerische Meisterschaft - Männer Einzel;2;Zwischenlauf;Kai Bräutigam;38115;;0;184;0;184;39;;;1274
25/26;2026-05-10;Max Munich;tournament;Bayerische Meisterschaft - Männer Einzel;2;Zwischenlauf;Kilian Kral;38510;;0;170;0;170;63;;;1230
25/26;2026-05-10;Max Munich;tournament;Bayerische Meisterschaft - Männer Einzel;2;Zwischenlauf;Klaus Lilge;7080;;0;161;0;161;75;;;1150
25/26;2026-05-10;Max Munich;tournament;Bayerische Meisterschaft - Männer Einzel;2;Zwischenlauf;Lucas Kasenbacher;25340;;0;196;0;196;24;;;1234
25/26;2026-05-10;Max Munich;tournament;Bayerische Meisterschaft - Männer Einzel;2;Zwischenlauf;Lukas Pfaff;38909;;0;92;0;92;93;;;972
25/26;2026-05-10;Max Munich;tournament;Bayerische Meisterschaft - Männer Einzel;2;Zwischenlauf;Manfred Weidinger;38851;;0;150;0;150;84;;;1037
25/26;2026-05-10;Max Munich;tournament;Bayerische Meisterschaft - Männer Einzel;2;Zwischenlauf;Marc Schmidt;38734;;0;177;0;177;56;;;1077
25/26;2026-05-10;Max Munich;tournament;Bayerische Meisterschaft - Männer Einzel;2;Zwischenlauf;Marcel Müller;28367;;0;0;0;0;94;;;1016
25/26;2026-05-10;Max Munich;tournament;Bayerische Meisterschaft - Männer Einzel;2;Zwischenlauf;Marco Probst;7602;;0;178;0;178;52;;;1364
25/26;2026-05-10;Max Munich;tournament;Bayerische Meisterschaft - Männer Einzel;2;Zwischenlauf;Mario Burghardt;12248;;0;214;0;214;13;;;1252
25/26;2026-05-10;Max Munich;tournament;Bayerische Meisterschaft - Männer Einzel;2;Zwischenlauf;Markus Fischer;38237;;0;178;0;178;53;;;1213
25/26;2026-05-10;Max Munich;tournament;Bayerische Meisterschaft - Männer Einzel;2;Zwischenlauf;Markus Hanauer;38214;;0;147;0;147;88;;;1201
25/26;2026-05-10;Max Munich;tournament;Bayerische Meisterschaft - Männer Einzel;2;Zwischenlauf;Matthias Kuchling;16583;;0;194;0;194;26;;;1246
25/26;2026-05-10;Max Munich;tournament;Bayerische Meisterschaft - Männer Einzel;2;Zwischenlauf;Max Wiemken;25557;;0;169;0;169;65;;;1278
25/26;2026-05-10;Max Munich;tournament;Bayerische Meisterschaft - Männer Einzel;2;Zwischenlauf;Michael Brandt;38110;;0;124;0;124;92;;;1151
25/26;2026-05-10;Max Munich;tournament;Bayerische Meisterschaft - Männer Einzel;2;Zwischenlauf;Michael Eisenmann-Seybold;7595;;0;253;0;253;3;;;1337
25/26;2026-05-10;Max Munich;tournament;Bayerische Meisterschaft - Männer Einzel;2;Zwischenlauf;Michael Ring;7317;;0;138;0;138;90;;;1153
25/26;2026-05-10;Max Munich;tournament;Bayerische Meisterschaft - Männer Einzel;2;Zwischenlauf;Moritz Wiemken;25830;;0;180;0;180;45;;;1584
25/26;2026-05-10;Max Munich;tournament;Bayerische Meisterschaft - Männer Einzel;2;Zwischenlauf;Nicolas Kabel;38092;;0;186;0;186;36;;;1257
25/26;2026-05-10;Max Munich;tournament;Bayerische Meisterschaft - Männer Einzel;2;Zwischenlauf;Niklas Weiske;25484;;0;170;0;170;64;;;1305
25/26;2026-05-10;Max Munich;tournament;Bayerische Meisterschaft - Männer Einzel;2;Zwischenlauf;Oliver Schütze;38550;;0;242;0;242;5;;;1363
25/26;2026-05-10;Max Munich;tournament;Bayerische Meisterschaft - Männer Einzel;2;Zwischenlauf;Patrick Baszler;7886;;0;179;0;179;50;;;1287
25/26;2026-05-10;Max Munich;tournament;Bayerische Meisterschaft - Männer Einzel;2;Zwischenlauf;Patrick Freudl;16796;;0;202;0;202;21;;;1310
25/26;2026-05-10;Max Munich;tournament;Bayerische Meisterschaft - Männer Einzel;2;Zwischenlauf;Patrick Hardt;16809;;0;194;0;194;27;;;1198
25/26;2026-05-10;Max Munich;tournament;Bayerische Meisterschaft - Männer Einzel;2;Zwischenlauf;Patrick Stemmler;16495;;0;156;0;156;79;;;1351
25/26;2026-05-10;Max Munich;tournament;Bayerische Meisterschaft - Männer Einzel;2;Zwischenlauf;Patrick Thurner;38530;;0;180;0;180;46;;;1475
25/26;2026-05-10;Max Munich;tournament;Bayerische Meisterschaft - Männer Einzel;2;Zwischenlauf;Peter Börding;7593;;0;194;0;194;28;;;1325
25/26;2026-05-10;Max Munich;tournament;Bayerische Meisterschaft - Männer Einzel;2;Zwischenlauf;Peter van Lengen;25297;;0;157;0;157;77;;;1089
25/26;2026-05-10;Max Munich;tournament;Bayerische Meisterschaft - Männer Einzel;2;Zwischenlauf;Rainer Schöllhorn;16069;;0;148;0;148;87;;;1127
25/26;2026-05-10;Max Munich;tournament;Bayerische Meisterschaft - Männer Einzel;2;Zwischenlauf;René Erben;25953;;0;153;0;153;82;;;1114
25/26;2026-05-10;Max Munich;tournament;Bayerische Meisterschaft - Männer Einzel;2;Zwischenlauf;René Jurischka;38593;;0;188;0;188;34;;;1118
25/26;2026-05-10;Max Munich;tournament;Bayerische Meisterschaft - Männer Einzel;2;Zwischenlauf;Robert Kristof;10124;;0;163;0;163;71;;;1207
25/26;2026-05-10;Max Munich;tournament;Bayerische Meisterschaft - Männer Einzel;2;Zwischenlauf;Rudi Bauer;16860;;0;168;0;168;66;;;1148
25/26;2026-05-10;Max Munich;tournament;Bayerische Meisterschaft - Männer Einzel;2;Zwischenlauf;Sebastian Gräfe;38687;;0;205;0;205;20;;;1284
25/26;2026-05-10;Max Munich;tournament;Bayerische Meisterschaft - Männer Einzel;2;Zwischenlauf;Sebastian Hinterwimmer;7885;;0;268;0;268;1;;;1461
25/26;2026-05-10;Max Munich;tournament;Bayerische Meisterschaft - Männer Einzel;2;Zwischenlauf;Sergio Tavares;22116;;0;163;0;163;72;;;1169
25/26;2026-05-10;Max Munich;tournament;Bayerische Meisterschaft - Männer Einzel;2;Zwischenlauf;Simon Bauer;16861;;0;182;0;182;42;;;1211
25/26;2026-05-10;Max Munich;tournament;Bayerische Meisterschaft - Männer Einzel;2;Zwischenlauf;Steffen Birkner;25082;;0;210;0;210;19;;;1293
25/26;2026-05-10;Max Munich;tournament;Bayerische Meisterschaft - Männer Einzel;2;Zwischenlauf;Steffen Jahre;7816;;0;153;0;153;83;;;1061
25/26;2026-05-10;Max Munich;tournament;Bayerische Meisterschaft - Männer Einzel;2;Zwischenlauf;Stephan Ruffershöfer;16899;;0;187;0;187;35;;;1175
25/26;2026-05-10;Max Munich;tournament;Bayerische Meisterschaft - Männer Einzel;2;Zwischenlauf;Thomas Auer;16888;;0;212;0;212;16;;;1255
25/26;2026-05-10;Max Munich;tournament;Bayerische Meisterschaft - Männer Einzel;2;Zwischenlauf;Thomas Kalkschmied;25672;;0;154;0;154;81;;;1050
25/26;2026-05-10;Max Munich;tournament;Bayerische Meisterschaft - Männer Einzel;2;Zwischenlauf;Thomas Moser;38907;;0;214;0;214;14;;;1276
25/26;2026-05-10;Max Munich;tournament;Bayerische Meisterschaft - Männer Einzel;2;Zwischenlauf;Thomas Wiedemann;7028;;0;220;0;220;10;;;1248
25/26;2026-05-10;Max Munich;tournament;Bayerische Meisterschaft - Männer Einzel;2;Zwischenlauf;Tim Olde Damink;25521;;0;198;0;198;23;;;1213
25/26;2026-05-10;Max Munich;tournament;Bayerische Meisterschaft - Männer Einzel;2;Zwischenlauf;Tobias Derbfuss;38270;;0;191;0;191;30;;;1186
25/26;2026-05-10;Max Munich;tournament;Bayerische Meisterschaft - Männer Einzel;2;Zwischenlauf;Tobias Franz;25638;;0;222;0;222;7;;;1245
25/26;2026-05-10;Max Munich;tournament;Bayerische Meisterschaft - Männer Einzel;2;Zwischenlauf;Tobias Kramer;38885;;0;162;0;162;74;;;1194
25/26;2026-05-10;Max Munich;tournament;Bayerische Meisterschaft - Männer Einzel;2;Zwischenlauf;Tobias Wiedemann;25695;;0;186;0;186;37;;;1211
25/26;2026-05-10;Max Munich;tournament;Bayerische Meisterschaft - Männer Einzel;2;Zwischenlauf;Tom Eck;38050;;0;156;0;156;80;;;1164
25/26;2026-05-10;Max Munich;tournament;Bayerische Meisterschaft - Männer Einzel;2;Zwischenlauf;Winfried Goller;7722;;0;180;0;180;47;;;1376
25/26;2026-05-10;Max Munich;tournament;Bayerische Meisterschaft - Männer Einzel;2;Zwischenlauf;#N/A;38693;;1;163;0;378;38;;;378
25/26;2026-05-10;Max Munich;tournament;Bayerische Meisterschaft - Männer Einzel;2;Zwischenlauf;Alexander Schmidt;16292;;1;169;0;340;74;;;1473
25/26;2026-05-10;Max Munich;tournament;Bayerische Meisterschaft - Männer Einzel;2;Zwischenlauf;Alexander Scholz;16352;;1;161;0;356;55;;;1551
25/26;2026-05-10;Max Munich;tournament;Bayerische Meisterschaft - Männer Einzel;2;Zwischenlauf;Andre Michow;16965;;1;169;0;354;58;;;1497
25/26;2026-05-10;Max Munich;tournament;Bayerische Meisterschaft - Männer Einzel;2;Zwischenlauf;Andreas Brendel;38033;;1;210;0;400;22;;;1465
25/26;2026-05-10;Max Munich;tournament;Bayerische Meisterschaft - Männer Einzel;2;Zwischenlauf;Andreas Hernitschek;16386;;1;191;0;405;16;;;1762
25/26;2026-05-10;Max Munich;tournament;Bayerische Meisterschaft - Männer Einzel;2;Zwischenlauf;Andreas Hölzl;38305;;1;157;0;338;76;;;1416
25/26;2026-05-10;Max Munich;tournament;Bayerische Meisterschaft - Männer Einzel;2;Zwischenlauf;Andreas Schöllhorn;38568;;1;190;0;355;56;;;1434
25/26;2026-05-10;Max Munich;tournament;Bayerische Meisterschaft - Männer Einzel;2;Zwischenlauf;Anton Mutz;25005;;1;201;0;380;36;;;1398
25/26;2026-05-10;Max Munich;tournament;Bayerische Meisterschaft - Männer Einzel;2;Zwischenlauf;Asterios Fourkiotis;25555;;1;227;0;453;4;;;1326
25/26;2026-05-10;Max Munich;tournament;Bayerische Meisterschaft - Männer Einzel;2;Zwischenlauf;Bernd Trapphardt;16559;;1;209;0;381;35;;;1478
25/26;2026-05-10;Max Munich;tournament;Bayerische Meisterschaft - Männer Einzel;2;Zwischenlauf;Bernd Wiemken;25203;;1;231;0;413;12;;;1693
25/26;2026-05-10;Max Munich;tournament;Bayerische Meisterschaft - Männer Einzel;2;Zwischenlauf;Blasius Stibel;7849;;1;156;0;281;91;;;1188
25/26;2026-05-10;Max Munich;tournament;Bayerische Meisterschaft - Männer Einzel;2;Zwischenlauf;Bodo Konieczny;18802;;1;236;0;494;2;;;1890
25/26;2026-05-10;Max Munich;tournament;Bayerische Meisterschaft - Männer Einzel;2;Zwischenlauf;Carlo Luft;38652;;1;173;0;344;70;;;1455
25/26;2026-05-10;Max Munich;tournament;Bayerische Meisterschaft - Männer Einzel;2;Zwischenlauf;Christian Erlacher;16760;;1;139;0;287;89;;;1390
25/26;2026-05-10;Max Munich;tournament;Bayerische Meisterschaft - Männer Einzel;2;Zwischenlauf;Christian Feller;16007;;1;205;0;393;27;;;1261
25/26;2026-05-10;Max Munich;tournament;Bayerische Meisterschaft - Männer Einzel;2;Zwischenlauf;Christian Lechner;25064;;1;191;0;369;45;;;1461
25/26;2026-05-10;Max Munich;tournament;Bayerische Meisterschaft - Männer Einzel;2;Zwischenlauf;Christian Rechenberg;7865;;1;204;0;415;11;;;1692
25/26;2026-05-10;Max Munich;tournament;Bayerische Meisterschaft - Männer Einzel;2;Zwischenlauf;Christian Schrempf;7646;;1;201;0;383;34;;;1517
25/26;2026-05-10;Max Munich;tournament;Bayerische Meisterschaft - Männer Einzel;2;Zwischenlauf;Christian Schuster;7723;;1;203;0;365;50;;;1414
25/26;2026-05-10;Max Munich;tournament;Bayerische Meisterschaft - Männer Einzel;2;Zwischenlauf;Daniel Alexander;16443;;1;157;0;367;46;;;1436
25/26;2026-05-10;Max Munich;tournament;Bayerische Meisterschaft - Männer Einzel;2;Zwischenlauf;Daniel Börding;7591;;1;222;0;399;23;;;1580
25/26;2026-05-10;Max Munich;tournament;Bayerische Meisterschaft - Männer Einzel;2;Zwischenlauf;Daniel Hellmich;7314;;1;234;0;454;3;;;1586
25/26;2026-05-10;Max Munich;tournament;Bayerische Meisterschaft - Männer Einzel;2;Zwischenlauf;Daniel Schwank;16215;;1;211;0;391;29;;;1474
25/26;2026-05-10;Max Munich;tournament;Bayerische Meisterschaft - Männer Einzel;2;Zwischenlauf;Dieter Schuster;7721;;1;178;0;327;78;;;1418
25/26;2026-05-10;Max Munich;tournament;Bayerische Meisterschaft - Männer Einzel;2;Zwischenlauf;Eduard Bolender;25408;;1;205;0;417;10;;;1412
25/26;2026-05-10;Max Munich;tournament;Bayerische Meisterschaft - Männer Einzel;2;Zwischenlauf;Enno Jackwerth;16263;;1;197;0;363;53;;;1486
25/26;2026-05-10;Max Munich;tournament;Bayerische Meisterschaft - Männer Einzel;2;Zwischenlauf;Eric Gogala;46005;;1;193;0;439;6;;;1576
25/26;2026-05-10;Max Munich;tournament;Bayerische Meisterschaft - Männer Einzel;2;Zwischenlauf;Florian Hanauer;38001;;1;202;0;367;47;;;1458
25/26;2026-05-10;Max Munich;tournament;Bayerische Meisterschaft - Männer Einzel;2;Zwischenlauf;Florian Stangl;25690;;1;207;0;374;42;;;1521
25/26;2026-05-10;Max Munich;tournament;Bayerische Meisterschaft - Männer Einzel;2;Zwischenlauf;Frank Wiemken;25205;;1;183;0;355;57;;;1602
25/26;2026-05-10;Max Munich;tournament;Bayerische Meisterschaft - Männer Einzel;2;Zwischenlauf;Gregor Arapow;38575;;1;224;0;403;18;;;1341
25/26;2026-05-10;Max Munich;tournament;Bayerische Meisterschaft - Männer Einzel;2;Zwischenlauf;Günter Denz;16398;;1;178;0;399;24;;;1548
25/26;2026-05-10;Max Munich;tournament;Bayerische Meisterschaft - Männer Einzel;2;Zwischenlauf;Harald Eggl;25229;;1;174;0;349;62;;;1392
25/26;2026-05-10;Max Munich;tournament;Bayerische Meisterschaft - Männer Einzel;2;Zwischenlauf;Harald Laub;7597;;1;211;0;402;19;;;1368
25/26;2026-05-10;Max Munich;tournament;Bayerische Meisterschaft - Männer Einzel;2;Zwischenlauf;Horst Schön;16346;;1;154;0;343;71;;;1428
25/26;2026-05-10;Max Munich;tournament;Bayerische Meisterschaft - Männer Einzel;2;Zwischenlauf;Jan Musiol;25166;;1;168;0;366;49;;;1567
25/26;2026-05-10;Max Munich;tournament;Bayerische Meisterschaft - Männer Einzel;2;Zwischenlauf;Jochen Birkner;7937;;1;192;0;348;67;;;1406
25/26;2026-05-10;Max Munich;tournament;Bayerische Meisterschaft - Männer Einzel;2;Zwischenlauf;Jochen Mücke;38842;;1;148;0;318;81;;;1183
25/26;2026-05-10;Max Munich;tournament;Bayerische Meisterschaft - Männer Einzel;2;Zwischenlauf;Jörg Woyscheszik;25350;;1;190;0;367;48;;;1387
25/26;2026-05-10;Max Munich;tournament;Bayerische Meisterschaft - Männer Einzel;2;Zwischenlauf;Jürgen Harry Schmitt;7961;;1;156;0;315;82;;;1110
25/26;2026-05-10;Max Munich;tournament;Bayerische Meisterschaft - Männer Einzel;2;Zwischenlauf;Jürgen Reichel;7772;;1;167;0;305;86;;;1313
25/26;2026-05-10;Max Munich;tournament;Bayerische Meisterschaft - Männer Einzel;2;Zwischenlauf;Kai Bräutigam;38115;;1;165;0;349;63;;;1439
25/26;2026-05-10;Max Munich;tournament;Bayerische Meisterschaft - Männer Einzel;2;Zwischenlauf;Kilian Kral;38510;;1;172;0;342;72;;;1402
25/26;2026-05-10;Max Munich;tournament;Bayerische Meisterschaft - Männer Einzel;2;Zwischenlauf;Klaus Lilge;7080;;1;186;0;347;68;;;1336
25/26;2026-05-10;Max Munich;tournament;Bayerische Meisterschaft - Männer Einzel;2;Zwischenlauf;Lucas Kasenbacher;25340;;1;180;0;376;40;;;1414
25/26;2026-05-10;Max Munich;tournament;Bayerische Meisterschaft - Männer Einzel;2;Zwischenlauf;Lukas Pfaff;38909;;1;169;0;261;92;;;1141
25/26;2026-05-10;Max Munich;tournament;Bayerische Meisterschaft - Männer Einzel;2;Zwischenlauf;Manfred Weidinger;38851;;1;174;0;324;79;;;1211
25/26;2026-05-10;Max Munich;tournament;Bayerische Meisterschaft - Männer Einzel;2;Zwischenlauf;Marc Schmidt;38734;;1;201;0;378;39;;;1278
25/26;2026-05-10;Max Munich;tournament;Bayerische Meisterschaft - Männer Einzel;2;Zwischenlauf;Marcel Müller;28367;;1;0;0;0;94;;;1016
25/26;2026-05-10;Max Munich;tournament;Bayerische Meisterschaft - Männer Einzel;2;Zwischenlauf;Marco Probst;7602;;1;211;0;389;30;;;1575
25/26;2026-05-10;Max Munich;tournament;Bayerische Meisterschaft - Männer Einzel;2;Zwischenlauf;Mario Burghardt;12248;;1;188;0;402;20;;;1440
25/26;2026-05-10;Max Munich;tournament;Bayerische Meisterschaft - Männer Einzel;2;Zwischenlauf;Markus Fischer;38237;;1;196;0;374;43;;;1409
25/26;2026-05-10;Max Munich;tournament;Bayerische Meisterschaft - Männer Einzel;2;Zwischenlauf;Markus Hanauer;38214;;1;202;0;349;64;;;1403
25/26;2026-05-10;Max Munich;tournament;Bayerische Meisterschaft - Männer Einzel;2;Zwischenlauf;Matthias Kuchling;16583;;1;176;0;370;44;;;1422
25/26;2026-05-10;Max Munich;tournament;Bayerische Meisterschaft - Männer Einzel;2;Zwischenlauf;Max Wiemken;25557;;1;181;0;350;61;;;1459
25/26;2026-05-10;Max Munich;tournament;Bayerische Meisterschaft - Männer Einzel;2;Zwischenlauf;Michael Brandt;38110;;1;180;0;304;87;;;1331
25/26;2026-05-10;Max Munich;tournament;Bayerische Meisterschaft - Männer Einzel;2;Zwischenlauf;Michael Eisenmann-Seybold;7595;;1;258;0;511;1;;;1595
25/26;2026-05-10;Max Munich;tournament;Bayerische Meisterschaft - Männer Einzel;2;Zwischenlauf;Michael Ring;7317;;1;203;0;341;73;;;1356
25/26;2026-05-10;Max Munich;tournament;Bayerische Meisterschaft - Männer Einzel;2;Zwischenlauf;Moritz Wiemken;25830;;1;224;0;404;17;;;1808
25/26;2026-05-10;Max Munich;tournament;Bayerische Meisterschaft - Männer Einzel;2;Zwischenlauf;Nicolas Kabel;38092;;1;202;0;388;31;;;1459
25/26;2026-05-10;Max Munich;tournament;Bayerische Meisterschaft - Männer Einzel;2;Zwischenlauf;Niklas Weiske;25484;;1;170;0;340;75;;;1475
25/26;2026-05-10;Max Munich;tournament;Bayerische Meisterschaft - Männer Einzel;2;Zwischenlauf;Oliver Schütze;38550;;1;195;0;437;7;;;1558
25/26;2026-05-10;Max Munich;tournament;Bayerische Meisterschaft - Männer Einzel;2;Zwischenlauf;Patrick Baszler;7886;;1;179;0;358;54;;;1466
25/26;2026-05-10;Max Munich;tournament;Bayerische Meisterschaft - Männer Einzel;2;Zwischenlauf;Patrick Freudl;16796;;1;221;0;423;9;;;1531
25/26;2026-05-10;Max Munich;tournament;Bayerische Meisterschaft - Männer Einzel;2;Zwischenlauf;Patrick Hardt;16809;;1;185;0;379;37;;;1383
25/26;2026-05-10;Max Munich;tournament;Bayerische Meisterschaft - Männer Einzel;2;Zwischenlauf;Patrick Stemmler;16495;;1;236;0;392;28;;;1587
25/26;2026-05-10;Max Munich;tournament;Bayerische Meisterschaft - Männer Einzel;2;Zwischenlauf;Patrick Thurner;38530;;1;221;0;401;21;;;1696
25/26;2026-05-10;Max Munich;tournament;Bayerische Meisterschaft - Männer Einzel;2;Zwischenlauf;Peter Börding;7593;;1;215;0;409;14;;;1540
25/26;2026-05-10;Max Munich;tournament;Bayerische Meisterschaft - Männer Einzel;2;Zwischenlauf;Peter van Lengen;25297;;1;143;0;300;88;;;1232
25/26;2026-05-10;Max Munich;tournament;Bayerische Meisterschaft - Männer Einzel;2;Zwischenlauf;Rainer Schöllhorn;16069;;1;137;0;285;90;;;1264
25/26;2026-05-10;Max Munich;tournament;Bayerische Meisterschaft - Männer Einzel;2;Zwischenlauf;René Erben;25953;;1;200;0;353;59;;;1314
25/26;2026-05-10;Max Munich;tournament;Bayerische Meisterschaft - Männer Einzel;2;Zwischenlauf;René Jurischka;38593;;1;208;0;396;26;;;1326
25/26;2026-05-10;Max Munich;tournament;Bayerische Meisterschaft - Männer Einzel;2;Zwischenlauf;Robert Kristof;10124;;1;186;0;349;65;;;1393
25/26;2026-05-10;Max Munich;tournament;Bayerische Meisterschaft - Männer Einzel;2;Zwischenlauf;Rudi Bauer;16860;;1;146;0;314;83;;;1294
25/26;2026-05-10;Max Munich;tournament;Bayerische Meisterschaft - Männer Einzel;2;Zwischenlauf;Sebastian Gräfe;38687;;1;203;0;408;15;;;1487
25/26;2026-05-10;Max Munich;tournament;Bayerische Meisterschaft - Männer Einzel;2;Zwischenlauf;Sebastian Hinterwimmer;7885;;1;173;0;441;5;;;1634
25/26;2026-05-10;Max Munich;tournament;Bayerische Meisterschaft - Männer Einzel;2;Zwischenlauf;Sergio Tavares;22116;;1;183;0;346;69;;;1352
25/26;2026-05-10;Max Munich;tournament;Bayerische Meisterschaft - Männer Einzel;2;Zwischenlauf;Simon Bauer;16861;;1;171;0;353;60;;;1382
25/26;2026-05-10;Max Munich;tournament;Bayerische Meisterschaft - Männer Einzel;2;Zwischenlauf;Steffen Birkner;25082;;1;188;0;398;25;;;1481
25/26;2026-05-10;Max Munich;tournament;Bayerische Meisterschaft - Männer Einzel;2;Zwischenlauf;Steffen Jahre;7816;;1;157;0;310;84;;;1218
25/26;2026-05-10;Max Munich;tournament;Bayerische Meisterschaft - Männer Einzel;2;Zwischenlauf;Stephan Ruffershöfer;16899;;1;162;0;349;66;;;1337
25/26;2026-05-10;Max Munich;tournament;Bayerische Meisterschaft - Männer Einzel;2;Zwischenlauf;Thomas Auer;16888;;1;225;0;437;8;;;1480
25/26;2026-05-10;Max Munich;tournament;Bayerische Meisterschaft - Männer Einzel;2;Zwischenlauf;Thomas Kalkschmied;25672;;1;156;0;310;85;;;1206
25/26;2026-05-10;Max Munich;tournament;Bayerische Meisterschaft - Männer Einzel;2;Zwischenlauf;Thomas Moser;38907;;1;150;0;364;51;;;1426
25/26;2026-05-10;Max Munich;tournament;Bayerische Meisterschaft - Männer Einzel;2;Zwischenlauf;Thomas Wiedemann;7028;;1;155;0;375;41;;;1403
25/26;2026-05-10;Max Munich;tournament;Bayerische Meisterschaft - Männer Einzel;2;Zwischenlauf;Tim Olde Damink;25521;;1;166;0;364;52;;;1379
25/26;2026-05-10;Max Munich;tournament;Bayerische Meisterschaft - Männer Einzel;2;Zwischenlauf;Tobias Derbfuss;38270;;1;195;0;386;33;;;1381
25/26;2026-05-10;Max Munich;tournament;Bayerische Meisterschaft - Männer Einzel;2;Zwischenlauf;Tobias Franz;25638;;1;188;0;410;13;;;1433
25/26;2026-05-10;Max Munich;tournament;Bayerische Meisterschaft - Männer Einzel;2;Zwischenlauf;Tobias Kramer;38885;;1;162;0;324;80;;;1356
25/26;2026-05-10;Max Munich;tournament;Bayerische Meisterschaft - Männer Einzel;2;Zwischenlauf;Tobias Wiedemann;25695;;1;146;0;332;77;;;1357
25/26;2026-05-10;Max Munich;tournament;Bayerische Meisterschaft - Männer Einzel;2;Zwischenlauf;Tom Eck;38050;;1;0;0;156;93;;;1164
25/26;2026-05-10;Max Munich;tournament;Bayerische Meisterschaft - Männer Einzel;2;Zwischenlauf;Winfried Goller;7722;;1;207;0;387;32;;;1583
25/26;2026-05-10;Max Munich;tournament;Bayerische Meisterschaft - Männer Einzel;2;Zwischenlauf;#N/A;38693;;2;124;0;502;71;;;502
25/26;2026-05-10;Max Munich;tournament;Bayerische Meisterschaft - Männer Einzel;2;Zwischenlauf;Alexander Schmidt;16292;;2;181;0;521;66;;;1654
25/26;2026-05-10;Max Munich;tournament;Bayerische Meisterschaft - Männer Einzel;2;Zwischenlauf;Alexander Scholz;16352;;2;137;0;493;74;;;1688
25/26;2026-05-10;Max Munich;tournament;Bayerische Meisterschaft - Männer Einzel;2;Zwischenlauf;Andre Michow;16965;;2;209;0;563;40;;;1706
25/26;2026-05-10;Max Munich;tournament;Bayerische Meisterschaft - Männer Einzel;2;Zwischenlauf;Andreas Brendel;38033;;2;192;0;592;22;;;1657
25/26;2026-05-10;Max Munich;tournament;Bayerische Meisterschaft - Männer Einzel;2;Zwischenlauf;Andreas Hernitschek;16386;;2;196;0;601;16;;;1958
25/26;2026-05-10;Max Munich;tournament;Bayerische Meisterschaft - Männer Einzel;2;Zwischenlauf;Andreas Hölzl;38305;;2;170;0;508;69;;;1586
25/26;2026-05-10;Max Munich;tournament;Bayerische Meisterschaft - Männer Einzel;2;Zwischenlauf;Andreas Schöllhorn;38568;;2;207;0;562;42;;;1641
25/26;2026-05-10;Max Munich;tournament;Bayerische Meisterschaft - Männer Einzel;2;Zwischenlauf;Anton Mutz;25005;;2;170;0;550;51;;;1568
25/26;2026-05-10;Max Munich;tournament;Bayerische Meisterschaft - Männer Einzel;2;Zwischenlauf;Asterios Fourkiotis;25555;;2;207;0;660;5;;;1533
25/26;2026-05-10;Max Munich;tournament;Bayerische Meisterschaft - Männer Einzel;2;Zwischenlauf;Bernd Trapphardt;16559;;2;174;0;555;48;;;1652
25/26;2026-05-10;Max Munich;tournament;Bayerische Meisterschaft - Männer Einzel;2;Zwischenlauf;Bernd Wiemken;25203;;2;258;0;671;4;;;1951
25/26;2026-05-10;Max Munich;tournament;Bayerische Meisterschaft - Männer Einzel;2;Zwischenlauf;Blasius Stibel;7849;;2;166;0;447;90;;;1354
25/26;2026-05-10;Max Munich;tournament;Bayerische Meisterschaft - Männer Einzel;2;Zwischenlauf;Bodo Konieczny;18802;;2;245;0;739;1;;;2135
25/26;2026-05-10;Max Munich;tournament;Bayerische Meisterschaft - Männer Einzel;2;Zwischenlauf;Carlo Luft;38652;;2;147;0;491;75;;;1602
25/26;2026-05-10;Max Munich;tournament;Bayerische Meisterschaft - Männer Einzel;2;Zwischenlauf;Christian Erlacher;16760;;2;161;0;448;89;;;1551
25/26;2026-05-10;Max Munich;tournament;Bayerische Meisterschaft - Männer Einzel;2;Zwischenlauf;Christian Feller;16007;;2;202;0;595;20;;;1463
25/26;2026-05-10;Max Munich;tournament;Bayerische Meisterschaft - Männer Einzel;2;Zwischenlauf;Christian Lechner;25064;;2;168;0;537;60;;;1629
25/26;2026-05-10;Max Munich;tournament;Bayerische Meisterschaft - Männer Einzel;2;Zwischenlauf;Christian Rechenberg;7865;;2;211;0;626;11;;;1903
25/26;2026-05-10;Max Munich;tournament;Bayerische Meisterschaft - Männer Einzel;2;Zwischenlauf;Christian Schrempf;7646;;2;192;0;575;30;;;1709
25/26;2026-05-10;Max Munich;tournament;Bayerische Meisterschaft - Männer Einzel;2;Zwischenlauf;Christian Schuster;7723;;2;217;0;582;26;;;1631
25/26;2026-05-10;Max Munich;tournament;Bayerische Meisterschaft - Männer Einzel;2;Zwischenlauf;Daniel Alexander;16443;;2;181;0;548;52;;;1617
25/26;2026-05-10;Max Munich;tournament;Bayerische Meisterschaft - Männer Einzel;2;Zwischenlauf;Daniel Börding;7591;;2;200;0;599;18;;;1780
25/26;2026-05-10;Max Munich;tournament;Bayerische Meisterschaft - Männer Einzel;2;Zwischenlauf;Daniel Hellmich;7314;;2;174;0;628;9;;;1760
25/26;2026-05-10;Max Munich;tournament;Bayerische Meisterschaft - Männer Einzel;2;Zwischenlauf;Daniel Schwank;16215;;2;204;0;595;21;;;1678
25/26;2026-05-10;Max Munich;tournament;Bayerische Meisterschaft - Männer Einzel;2;Zwischenlauf;Dieter Schuster;7721;;2;200;0;527;64;;;1618
25/26;2026-05-10;Max Munich;tournament;Bayerische Meisterschaft - Männer Einzel;2;Zwischenlauf;Eduard Bolender;25408;;2;158;0;575;31;;;1570
25/26;2026-05-10;Max Munich;tournament;Bayerische Meisterschaft - Männer Einzel;2;Zwischenlauf;Enno Jackwerth;16263;;2;204;0;567;38;;;1690
25/26;2026-05-10;Max Munich;tournament;Bayerische Meisterschaft - Männer Einzel;2;Zwischenlauf;Eric Gogala;46005;;2;236;0;675;3;;;1812
25/26;2026-05-10;Max Munich;tournament;Bayerische Meisterschaft - Männer Einzel;2;Zwischenlauf;Florian Hanauer;38001;;2;230;0;597;19;;;1688
25/26;2026-05-10;Max Munich;tournament;Bayerische Meisterschaft - Männer Einzel;2;Zwischenlauf;Florian Stangl;25690;;2;184;0;558;45;;;1705
25/26;2026-05-10;Max Munich;tournament;Bayerische Meisterschaft - Männer Einzel;2;Zwischenlauf;Frank Wiemken;25205;;2;191;0;546;56;;;1793
25/26;2026-05-10;Max Munich;tournament;Bayerische Meisterschaft - Männer Einzel;2;Zwischenlauf;Gregor Arapow;38575;;2;140;0;543;57;;;1481
25/26;2026-05-10;Max Munich;tournament;Bayerische Meisterschaft - Männer Einzel;2;Zwischenlauf;Günter Denz;16398;;2;243;0;642;7;;;1791
25/26;2026-05-10;Max Munich;tournament;Bayerische Meisterschaft - Männer Einzel;2;Zwischenlauf;Harald Eggl;25229;;2;220;0;569;35;;;1612
25/26;2026-05-10;Max Munich;tournament;Bayerische Meisterschaft - Männer Einzel;2;Zwischenlauf;Harald Laub;7597;;2;180;0;582;27;;;1548
25/26;2026-05-10;Max Munich;tournament;Bayerische Meisterschaft - Männer Einzel;2;Zwischenlauf;Horst Schön;16346;;2;159;0;502;72;;;1587
25/26;2026-05-10;Max Munich;tournament;Bayerische Meisterschaft - Männer Einzel;2;Zwischenlauf;Jan Musiol;25166;;2;221;0;587;24;;;1788
25/26;2026-05-10;Max Munich;tournament;Bayerische Meisterschaft - Männer Einzel;2;Zwischenlauf;Jochen Birkner;7937;;2;212;0;560;44;;;1618
25/26;2026-05-10;Max Munich;tournament;Bayerische Meisterschaft - Männer Einzel;2;Zwischenlauf;Jochen Mücke;38842;;2;167;0;485;79;;;1350
25/26;2026-05-10;Max Munich;tournament;Bayerische Meisterschaft - Männer Einzel;2;Zwischenlauf;Jörg Woyscheszik;25350;;2;190;0;557;47;;;1577
25/26;2026-05-10;Max Munich;tournament;Bayerische Meisterschaft - Männer Einzel;2;Zwischenlauf;Jürgen Harry Schmitt;7961;;2;148;0;463;85;;;1258
25/26;2026-05-10;Max Munich;tournament;Bayerische Meisterschaft - Männer Einzel;2;Zwischenlauf;Jürgen Reichel;7772;;2;158;0;463;86;;;1471
25/26;2026-05-10;Max Munich;tournament;Bayerische Meisterschaft - Männer Einzel;2;Zwischenlauf;Kai Bräutigam;38115;;2;198;0;547;54;;;1637
25/26;2026-05-10;Max Munich;tournament;Bayerische Meisterschaft - Männer Einzel;2;Zwischenlauf;Kilian Kral;38510;;2;191;0;533;61;;;1593
25/26;2026-05-10;Max Munich;tournament;Bayerische Meisterschaft - Männer Einzel;2;Zwischenlauf;Klaus Lilge;7080;;2;160;0;507;70;;;1496
25/26;2026-05-10;Max Munich;tournament;Bayerische Meisterschaft - Männer Einzel;2;Zwischenlauf;Lucas Kasenbacher;25340;;2;178;0;554;49;;;1592
25/26;2026-05-10;Max Munich;tournament;Bayerische Meisterschaft - Männer Einzel;2;Zwischenlauf;Lukas Pfaff;38909;;2;137;0;398;92;;;1278
25/26;2026-05-10;Max Munich;tournament;Bayerische Meisterschaft - Männer Einzel;2;Zwischenlauf;Manfred Weidinger;38851;;2;147;0;471;83;;;1358
25/26;2026-05-10;Max Munich;tournament;Bayerische Meisterschaft - Männer Einzel;2;Zwischenlauf;Marc Schmidt;38734;;2;191;0;569;36;;;1469
25/26;2026-05-10;Max Munich;tournament;Bayerische Meisterschaft - Männer Einzel;2;Zwischenlauf;Marcel Müller;28367;;2;0;0;0;94;;;1016
25/26;2026-05-10;Max Munich;tournament;Bayerische Meisterschaft - Männer Einzel;2;Zwischenlauf;Marco Probst;7602;;2;158;0;547;55;;;1733
25/26;2026-05-10;Max Munich;tournament;Bayerische Meisterschaft - Männer Einzel;2;Zwischenlauf;Mario Burghardt;12248;;2;165;0;567;39;;;1605
25/26;2026-05-10;Max Munich;tournament;Bayerische Meisterschaft - Männer Einzel;2;Zwischenlauf;Markus Fischer;38237;;2;146;0;520;67;;;1555
25/26;2026-05-10;Max Munich;tournament;Bayerische Meisterschaft - Männer Einzel;2;Zwischenlauf;Markus Hanauer;38214;;2;259;0;608;13;;;1662
25/26;2026-05-10;Max Munich;tournament;Bayerische Meisterschaft - Männer Einzel;2;Zwischenlauf;Matthias Kuchling;16583;;2;158;0;528;62;;;1580
25/26;2026-05-10;Max Munich;tournament;Bayerische Meisterschaft - Männer Einzel;2;Zwischenlauf;Max Wiemken;25557;;2;192;0;542;58;;;1651
25/26;2026-05-10;Max Munich;tournament;Bayerische Meisterschaft - Männer Einzel;2;Zwischenlauf;Michael Brandt;38110;;2;166;0;470;84;;;1497
25/26;2026-05-10;Max Munich;tournament;Bayerische Meisterschaft - Männer Einzel;2;Zwischenlauf;Michael Eisenmann-Seybold;7595;;2;214;0;725;2;;;1809
25/26;2026-05-10;Max Munich;tournament;Bayerische Meisterschaft - Männer Einzel;2;Zwischenlauf;Michael Ring;7317;;2;174;0;515;68;;;1530
25/26;2026-05-10;Max Munich;tournament;Bayerische Meisterschaft - Männer Einzel;2;Zwischenlauf;Moritz Wiemken;25830;;2;197;0;601;17;;;2005
25/26;2026-05-10;Max Munich;tournament;Bayerische Meisterschaft - Männer Einzel;2;Zwischenlauf;Nicolas Kabel;38092;;2;139;0;527;65;;;1598
25/26;2026-05-10;Max Munich;tournament;Bayerische Meisterschaft - Männer Einzel;2;Zwischenlauf;Niklas Weiske;25484;;2;140;0;480;82;;;1615
25/26;2026-05-10;Max Munich;tournament;Bayerische Meisterschaft - Männer Einzel;2;Zwischenlauf;Oliver Schütze;38550;;2;153;0;590;23;;;1711
25/26;2026-05-10;Max Munich;tournament;Bayerische Meisterschaft - Männer Einzel;2;Zwischenlauf;Patrick Baszler;7886;;2;190;0;548;53;;;1656
25/26;2026-05-10;Max Munich;tournament;Bayerische Meisterschaft - Männer Einzel;2;Zwischenlauf;Patrick Freudl;16796;;2;205;0;628;10;;;1736
25/26;2026-05-10;Max Munich;tournament;Bayerische Meisterschaft - Männer Einzel;2;Zwischenlauf;Patrick Hardt;16809;;2;205;0;584;25;;;1588
25/26;2026-05-10;Max Munich;tournament;Bayerische Meisterschaft - Männer Einzel;2;Zwischenlauf;Patrick Stemmler;16495;;2;189;0;581;29;;;1776
25/26;2026-05-10;Max Munich;tournament;Bayerische Meisterschaft - Männer Einzel;2;Zwischenlauf;Patrick Thurner;38530;;2;223;0;624;12;;;1919
25/26;2026-05-10;Max Munich;tournament;Bayerische Meisterschaft - Männer Einzel;2;Zwischenlauf;Peter Börding;7593;;2;164;0;573;33;;;1704
25/26;2026-05-10;Max Munich;tournament;Bayerische Meisterschaft - Männer Einzel;2;Zwischenlauf;Peter van Lengen;25297;;2;155;0;455;88;;;1387
25/26;2026-05-10;Max Munich;tournament;Bayerische Meisterschaft - Männer Einzel;2;Zwischenlauf;Rainer Schöllhorn;16069;;2;174;0;459;87;;;1438
25/26;2026-05-10;Max Munich;tournament;Bayerische Meisterschaft - Männer Einzel;2;Zwischenlauf;René Erben;25953;;2;175;0;528;63;;;1489
25/26;2026-05-10;Max Munich;tournament;Bayerische Meisterschaft - Männer Einzel;2;Zwischenlauf;René Jurischka;38593;;2;179;0;575;32;;;1505
25/26;2026-05-10;Max Munich;tournament;Bayerische Meisterschaft - Männer Einzel;2;Zwischenlauf;Robert Kristof;10124;;2;256;0;605;14;;;1649
25/26;2026-05-10;Max Munich;tournament;Bayerische Meisterschaft - Männer Einzel;2;Zwischenlauf;Rudi Bauer;16860;;2;184;0;498;73;;;1478
25/26;2026-05-10;Max Munich;tournament;Bayerische Meisterschaft - Männer Einzel;2;Zwischenlauf;Sebastian Gräfe;38687;;2;174;0;582;28;;;1661
25/26;2026-05-10;Max Munich;tournament;Bayerische Meisterschaft - Männer Einzel;2;Zwischenlauf;Sebastian Hinterwimmer;7885;;2;203;0;644;6;;;1837
25/26;2026-05-10;Max Munich;tournament;Bayerische Meisterschaft - Männer Einzel;2;Zwischenlauf;Sergio Tavares;22116;;2;136;0;482;80;;;1488
25/26;2026-05-10;Max Munich;tournament;Bayerische Meisterschaft - Männer Einzel;2;Zwischenlauf;Simon Bauer;16861;;2;198;0;551;50;;;1580
25/26;2026-05-10;Max Munich;tournament;Bayerische Meisterschaft - Männer Einzel;2;Zwischenlauf;Steffen Birkner;25082;;2;206;0;604;15;;;1687
25/26;2026-05-10;Max Munich;tournament;Bayerische Meisterschaft - Männer Einzel;2;Zwischenlauf;Steffen Jahre;7816;;2;133;0;443;91;;;1351
25/26;2026-05-10;Max Munich;tournament;Bayerische Meisterschaft - Männer Einzel;2;Zwischenlauf;Stephan Ruffershöfer;16899;;2;142;0;491;76;;;1479
25/26;2026-05-10;Max Munich;tournament;Bayerische Meisterschaft - Männer Einzel;2;Zwischenlauf;Thomas Auer;16888;;2;203;0;640;8;;;1683
25/26;2026-05-10;Max Munich;tournament;Bayerische Meisterschaft - Männer Einzel;2;Zwischenlauf;Thomas Kalkschmied;25672;;2;181;0;491;77;;;1387
25/26;2026-05-10;Max Munich;tournament;Bayerische Meisterschaft - Männer Einzel;2;Zwischenlauf;Thomas Moser;38907;;2;204;0;568;37;;;1630
25/26;2026-05-10;Max Munich;tournament;Bayerische Meisterschaft - Männer Einzel;2;Zwischenlauf;Thomas Wiedemann;7028;;2;166;0;541;59;;;1569
25/26;2026-05-10;Max Munich;tournament;Bayerische Meisterschaft - Männer Einzel;2;Zwischenlauf;Tim Olde Damink;25521;;2;208;0;572;34;;;1587
25/26;2026-05-10;Max Munich;tournament;Bayerische Meisterschaft - Männer Einzel;2;Zwischenlauf;Tobias Derbfuss;38270;;2;177;0;563;41;;;1558
25/26;2026-05-10;Max Munich;tournament;Bayerische Meisterschaft - Männer Einzel;2;Zwischenlauf;Tobias Franz;25638;;2;152;0;562;43;;;1585
25/26;2026-05-10;Max Munich;tournament;Bayerische Meisterschaft - Männer Einzel;2;Zwischenlauf;Tobias Kramer;38885;;2;158;0;482;81;;;1514
25/26;2026-05-10;Max Munich;tournament;Bayerische Meisterschaft - Männer Einzel;2;Zwischenlauf;Tobias Wiedemann;25695;;2;154;0;486;78;;;1511
25/26;2026-05-10;Max Munich;tournament;Bayerische Meisterschaft - Männer Einzel;2;Zwischenlauf;Tom Eck;38050;;2;0;0;156;93;;;1164
25/26;2026-05-10;Max Munich;tournament;Bayerische Meisterschaft - Männer Einzel;2;Zwischenlauf;Winfried Goller;7722;;2;171;0;558;46;;;1754
25/26;2026-05-10;Max Munich;tournament;Bayerische Meisterschaft - Männer Einzel;2;Zwischenlauf;#N/A;38693;;3;166;0;668;78;;;668
25/26;2026-05-10;Max Munich;tournament;Bayerische Meisterschaft - Männer Einzel;2;Zwischenlauf;Alexander Schmidt;16292;;3;169;0;690;71;;;1823
25/26;2026-05-10;Max Munich;tournament;Bayerische Meisterschaft - Männer Einzel;2;Zwischenlauf;Alexander Scholz;16352;;3;244;0;737;46;;;1932
25/26;2026-05-10;Max Munich;tournament;Bayerische Meisterschaft - Männer Einzel;2;Zwischenlauf;Andre Michow;16965;;3;145;0;708;60;;;1851
25/26;2026-05-10;Max Munich;tournament;Bayerische Meisterschaft - Männer Einzel;2;Zwischenlauf;Andreas Brendel;38033;;3;156;0;748;40;;;1813
25/26;2026-05-10;Max Munich;tournament;Bayerische Meisterschaft - Männer Einzel;2;Zwischenlauf;Andreas Hernitschek;16386;;3;204;0;805;19;;;2162
25/26;2026-05-10;Max Munich;tournament;Bayerische Meisterschaft - Männer Einzel;2;Zwischenlauf;Andreas Hölzl;38305;;3;180;0;688;74;;;1766
25/26;2026-05-10;Max Munich;tournament;Bayerische Meisterschaft - Männer Einzel;2;Zwischenlauf;Andreas Schöllhorn;38568;;3;177;0;739;45;;;1818
25/26;2026-05-10;Max Munich;tournament;Bayerische Meisterschaft - Männer Einzel;2;Zwischenlauf;Anton Mutz;25005;;3;184;0;734;48;;;1752
25/26;2026-05-10;Max Munich;tournament;Bayerische Meisterschaft - Männer Einzel;2;Zwischenlauf;Asterios Fourkiotis;25555;;3;245;0;905;5;;;1778
25/26;2026-05-10;Max Munich;tournament;Bayerische Meisterschaft - Männer Einzel;2;Zwischenlauf;Bernd Trapphardt;16559;;3;200;0;755;36;;;1852
25/26;2026-05-10;Max Munich;tournament;Bayerische Meisterschaft - Männer Einzel;2;Zwischenlauf;Bernd Wiemken;25203;;3;267;0;938;3;;;2218
25/26;2026-05-10;Max Munich;tournament;Bayerische Meisterschaft - Männer Einzel;2;Zwischenlauf;Blasius Stibel;7849;;3;174;0;621;89;;;1528
25/26;2026-05-10;Max Munich;tournament;Bayerische Meisterschaft - Männer Einzel;2;Zwischenlauf;Bodo Konieczny;18802;;3;244;0;983;1;;;2379
25/26;2026-05-10;Max Munich;tournament;Bayerische Meisterschaft - Männer Einzel;2;Zwischenlauf;Carlo Luft;38652;;3;213;0;704;62;;;1815
25/26;2026-05-10;Max Munich;tournament;Bayerische Meisterschaft - Männer Einzel;2;Zwischenlauf;Christian Erlacher;16760;;3;208;0;656;80;;;1759
25/26;2026-05-10;Max Munich;tournament;Bayerische Meisterschaft - Männer Einzel;2;Zwischenlauf;Christian Feller;16007;;3;178;0;773;26;;;1641
25/26;2026-05-10;Max Munich;tournament;Bayerische Meisterschaft - Männer Einzel;2;Zwischenlauf;Christian Lechner;25064;;3;192;0;729;53;;;1821
25/26;2026-05-10;Max Munich;tournament;Bayerische Meisterschaft - Männer Einzel;2;Zwischenlauf;Christian Rechenberg;7865;;3;210;0;836;10;;;2113
25/26;2026-05-10;Max Munich;tournament;Bayerische Meisterschaft - Männer Einzel;2;Zwischenlauf;Christian Schrempf;7646;;3;173;0;748;41;;;1882
25/26;2026-05-10;Max Munich;tournament;Bayerische Meisterschaft - Männer Einzel;2;Zwischenlauf;Christian Schuster;7723;;3;232;0;814;13;;;1863
25/26;2026-05-10;Max Munich;tournament;Bayerische Meisterschaft - Männer Einzel;2;Zwischenlauf;Daniel Alexander;16443;;3;242;0;790;22;;;1859
25/26;2026-05-10;Max Munich;tournament;Bayerische Meisterschaft - Männer Einzel;2;Zwischenlauf;Daniel Börding;7591;;3;236;0;835;11;;;2016
25/26;2026-05-10;Max Munich;tournament;Bayerische Meisterschaft - Männer Einzel;2;Zwischenlauf;Daniel Hellmich;7314;;3;183;0;811;15;;;1943
25/26;2026-05-10;Max Munich;tournament;Bayerische Meisterschaft - Männer Einzel;2;Zwischenlauf;Daniel Schwank;16215;;3;195;0;790;23;;;1873
25/26;2026-05-10;Max Munich;tournament;Bayerische Meisterschaft - Männer Einzel;2;Zwischenlauf;Dieter Schuster;7721;;3;181;0;708;61;;;1799
25/26;2026-05-10;Max Munich;tournament;Bayerische Meisterschaft - Männer Einzel;2;Zwischenlauf;Eduard Bolender;25408;;3;241;0;816;12;;;1811
25/26;2026-05-10;Max Munich;tournament;Bayerische Meisterschaft - Männer Einzel;2;Zwischenlauf;Enno Jackwerth;16263;;3;189;0;756;35;;;1879
25/26;2026-05-10;Max Munich;tournament;Bayerische Meisterschaft - Männer Einzel;2;Zwischenlauf;Eric Gogala;46005;;3;232;0;907;4;;;2044
25/26;2026-05-10;Max Munich;tournament;Bayerische Meisterschaft - Männer Einzel;2;Zwischenlauf;Florian Hanauer;38001;;3;135;0;732;50;;;1823
25/26;2026-05-10;Max Munich;tournament;Bayerische Meisterschaft - Männer Einzel;2;Zwischenlauf;Florian Stangl;25690;;3;168;0;726;55;;;1873
25/26;2026-05-10;Max Munich;tournament;Bayerische Meisterschaft - Männer Einzel;2;Zwischenlauf;Frank Wiemken;25205;;3;225;0;771;28;;;2018
25/26;2026-05-10;Max Munich;tournament;Bayerische Meisterschaft - Männer Einzel;2;Zwischenlauf;Gregor Arapow;38575;;3;161;0;704;63;;;1642
25/26;2026-05-10;Max Munich;tournament;Bayerische Meisterschaft - Männer Einzel;2;Zwischenlauf;Günter Denz;16398;;3;226;0;868;6;;;2017
25/26;2026-05-10;Max Munich;tournament;Bayerische Meisterschaft - Männer Einzel;2;Zwischenlauf;Harald Eggl;25229;;3;150;0;719;57;;;1762
25/26;2026-05-10;Max Munich;tournament;Bayerische Meisterschaft - Männer Einzel;2;Zwischenlauf;Harald Laub;7597;;3;225;0;807;18;;;1773
25/26;2026-05-10;Max Munich;tournament;Bayerische Meisterschaft - Männer Einzel;2;Zwischenlauf;Horst Schön;16346;;3;195;0;697;68;;;1782
25/26;2026-05-10;Max Munich;tournament;Bayerische Meisterschaft - Männer Einzel;2;Zwischenlauf;Jan Musiol;25166;;3;172;0;759;34;;;1960
25/26;2026-05-10;Max Munich;tournament;Bayerische Meisterschaft - Männer Einzel;2;Zwischenlauf;Jochen Birkner;7937;;3;131;0;691;70;;;1749
25/26;2026-05-10;Max Munich;tournament;Bayerische Meisterschaft - Männer Einzel;2;Zwischenlauf;Jochen Mücke;38842;;3;171;0;656;81;;;1521
25/26;2026-05-10;Max Munich;tournament;Bayerische Meisterschaft - Männer Einzel;2;Zwischenlauf;Jörg Woyscheszik;25350;;3;170;0;727;54;;;1747
25/26;2026-05-10;Max Munich;tournament;Bayerische Meisterschaft - Männer Einzel;2;Zwischenlauf;Jürgen Harry Schmitt;7961;;3;158;0;621;90;;;1416
25/26;2026-05-10;Max Munich;tournament;Bayerische Meisterschaft - Männer Einzel;2;Zwischenlauf;Jürgen Reichel;7772;;3;166;0;629;88;;;1637
25/26;2026-05-10;Max Munich;tournament;Bayerische Meisterschaft - Männer Einzel;2;Zwischenlauf;Kai Bräutigam;38115;;3;152;0;699;66;;;1789
25/26;2026-05-10;Max Munich;tournament;Bayerische Meisterschaft - Männer Einzel;2;Zwischenlauf;Kilian Kral;38510;;3;266;0;799;20;;;1859
25/26;2026-05-10;Max Munich;tournament;Bayerische Meisterschaft - Männer Einzel;2;Zwischenlauf;Klaus Lilge;7080;;3;188;0;695;69;;;1684
25/26;2026-05-10;Max Munich;tournament;Bayerische Meisterschaft - Männer Einzel;2;Zwischenlauf;Lucas Kasenbacher;25340;;3;201;0;755;37;;;1793
25/26;2026-05-10;Max Munich;tournament;Bayerische Meisterschaft - Männer Einzel;2;Zwischenlauf;Lukas Pfaff;38909;;3;145;0;543;92;;;1423
25/26;2026-05-10;Max Munich;tournament;Bayerische Meisterschaft - Männer Einzel;2;Zwischenlauf;Manfred Weidinger;38851;;3;175;0;646;85;;;1533
25/26;2026-05-10;Max Munich;tournament;Bayerische Meisterschaft - Männer Einzel;2;Zwischenlauf;Marc Schmidt;38734;;3;221;0;790;24;;;1690
25/26;2026-05-10;Max Munich;tournament;Bayerische Meisterschaft - Männer Einzel;2;Zwischenlauf;Marcel Müller;28367;;3;0;0;0;94;;;1016
25/26;2026-05-10;Max Munich;tournament;Bayerische Meisterschaft - Männer Einzel;2;Zwischenlauf;Marco Probst;7602;;3;225;0;772;27;;;1958
25/26;2026-05-10;Max Munich;tournament;Bayerische Meisterschaft - Männer Einzel;2;Zwischenlauf;Mario Burghardt;12248;;3;180;0;747;42;;;1785
25/26;2026-05-10;Max Munich;tournament;Bayerische Meisterschaft - Männer Einzel;2;Zwischenlauf;Markus Fischer;38237;;3;178;0;698;67;;;1733
25/26;2026-05-10;Max Munich;tournament;Bayerische Meisterschaft - Männer Einzel;2;Zwischenlauf;Markus Hanauer;38214;;3;204;0;812;14;;;1866
25/26;2026-05-10;Max Munich;tournament;Bayerische Meisterschaft - Männer Einzel;2;Zwischenlauf;Matthias Kuchling;16583;;3;191;0;719;58;;;1771
25/26;2026-05-10;Max Munich;tournament;Bayerische Meisterschaft - Männer Einzel;2;Zwischenlauf;Max Wiemken;25557;;3;213;0;755;38;;;1864
25/26;2026-05-10;Max Munich;tournament;Bayerische Meisterschaft - Männer Einzel;2;Zwischenlauf;Michael Brandt;38110;;3;178;0;648;82;;;1675
25/26;2026-05-10;Max Munich;tournament;Bayerische Meisterschaft - Männer Einzel;2;Zwischenlauf;Michael Eisenmann-Seybold;7595;;3;225;0;950;2;;;2034
25/26;2026-05-10;Max Munich;tournament;Bayerische Meisterschaft - Männer Einzel;2;Zwischenlauf;Michael Ring;7317;;3;206;0;721;56;;;1736
25/26;2026-05-10;Max Munich;tournament;Bayerische Meisterschaft - Männer Einzel;2;Zwischenlauf;Moritz Wiemken;25830;;3;258;0;859;7;;;2263
25/26;2026-05-10;Max Munich;tournament;Bayerische Meisterschaft - Männer Einzel;2;Zwischenlauf;Nicolas Kabel;38092;;3;160;0;687;75;;;1758
25/26;2026-05-10;Max Munich;tournament;Bayerische Meisterschaft - Männer Einzel;2;Zwischenlauf;Niklas Weiske;25484;;3;209;0;689;72;;;1824
25/26;2026-05-10;Max Munich;tournament;Bayerische Meisterschaft - Männer Einzel;2;Zwischenlauf;Oliver Schütze;38550;;3;192;0;782;25;;;1903
25/26;2026-05-10;Max Munich;tournament;Bayerische Meisterschaft - Männer Einzel;2;Zwischenlauf;Patrick Baszler;7886;;3;214;0;762;32;;;1870
25/26;2026-05-10;Max Munich;tournament;Bayerische Meisterschaft - Männer Einzel;2;Zwischenlauf;Patrick Freudl;16796;;3;182;0;810;16;;;1918
25/26;2026-05-10;Max Munich;tournament;Bayerische Meisterschaft - Männer Einzel;2;Zwischenlauf;Patrick Hardt;16809;;3;148;0;732;51;;;1736
25/26;2026-05-10;Max Munich;tournament;Bayerische Meisterschaft - Männer Einzel;2;Zwischenlauf;Patrick Stemmler;16495;;3;156;0;737;47;;;1932
25/26;2026-05-10;Max Munich;tournament;Bayerische Meisterschaft - Männer Einzel;2;Zwischenlauf;Patrick Thurner;38530;;3;186;0;810;17;;;2105
25/26;2026-05-10;Max Munich;tournament;Bayerische Meisterschaft - Männer Einzel;2;Zwischenlauf;Peter Börding;7593;;3;195;0;768;30;;;1899
25/26;2026-05-10;Max Munich;tournament;Bayerische Meisterschaft - Männer Einzel;2;Zwischenlauf;Peter van Lengen;25297;;3;193;0;648;83;;;1580
25/26;2026-05-10;Max Munich;tournament;Bayerische Meisterschaft - Männer Einzel;2;Zwischenlauf;Rainer Schöllhorn;16069;;3;179;0;638;87;;;1617
25/26;2026-05-10;Max Munich;tournament;Bayerische Meisterschaft - Männer Einzel;2;Zwischenlauf;René Erben;25953;;3;157;0;685;76;;;1646
25/26;2026-05-10;Max Munich;tournament;Bayerische Meisterschaft - Männer Einzel;2;Zwischenlauf;René Jurischka;38593;;3;177;0;752;39;;;1682
25/26;2026-05-10;Max Munich;tournament;Bayerische Meisterschaft - Männer Einzel;2;Zwischenlauf;Robert Kristof;10124;;3;155;0;760;33;;;1804
25/26;2026-05-10;Max Munich;tournament;Bayerische Meisterschaft - Männer Einzel;2;Zwischenlauf;Rudi Bauer;16860;;3;191;0;689;73;;;1669
25/26;2026-05-10;Max Munich;tournament;Bayerische Meisterschaft - Männer Einzel;2;Zwischenlauf;Sebastian Gräfe;38687;;3;215;0;797;21;;;1876
25/26;2026-05-10;Max Munich;tournament;Bayerische Meisterschaft - Männer Einzel;2;Zwischenlauf;Sebastian Hinterwimmer;7885;;3;201;0;845;8;;;2038
25/26;2026-05-10;Max Munich;tournament;Bayerische Meisterschaft - Männer Einzel;2;Zwischenlauf;Sergio Tavares;22116;;3;165;0;647;84;;;1653
25/26;2026-05-10;Max Munich;tournament;Bayerische Meisterschaft - Männer Einzel;2;Zwischenlauf;Simon Bauer;16861;;3;159;0;710;59;;;1739
25/26;2026-05-10;Max Munich;tournament;Bayerische Meisterschaft - Männer Einzel;2;Zwischenlauf;Steffen Birkner;25082;;3;162;0;766;31;;;1849
25/26;2026-05-10;Max Munich;tournament;Bayerische Meisterschaft - Männer Einzel;2;Zwischenlauf;Steffen Jahre;7816;;3;113;0;556;91;;;1464
25/26;2026-05-10;Max Munich;tournament;Bayerische Meisterschaft - Männer Einzel;2;Zwischenlauf;Stephan Ruffershöfer;16899;;3;152;0;643;86;;;1631
25/26;2026-05-10;Max Munich;tournament;Bayerische Meisterschaft - Männer Einzel;2;Zwischenlauf;Thomas Auer;16888;;3;204;0;844;9;;;1887
25/26;2026-05-10;Max Munich;tournament;Bayerische Meisterschaft - Männer Einzel;2;Zwischenlauf;Thomas Kalkschmied;25672;;3;172;0;663;79;;;1559
25/26;2026-05-10;Max Munich;tournament;Bayerische Meisterschaft - Männer Einzel;2;Zwischenlauf;Thomas Moser;38907;;3;135;0;703;64;;;1765
25/26;2026-05-10;Max Munich;tournament;Bayerische Meisterschaft - Männer Einzel;2;Zwischenlauf;Thomas Wiedemann;7028;;3;192;0;733;49;;;1761
25/26;2026-05-10;Max Munich;tournament;Bayerische Meisterschaft - Männer Einzel;2;Zwischenlauf;Tim Olde Damink;25521;;3;159;0;731;52;;;1746
25/26;2026-05-10;Max Munich;tournament;Bayerische Meisterschaft - Männer Einzel;2;Zwischenlauf;Tobias Derbfuss;38270;;3;179;0;742;44;;;1737
25/26;2026-05-10;Max Munich;tournament;Bayerische Meisterschaft - Männer Einzel;2;Zwischenlauf;Tobias Franz;25638;;3;207;0;769;29;;;1792
25/26;2026-05-10;Max Munich;tournament;Bayerische Meisterschaft - Männer Einzel;2;Zwischenlauf;Tobias Kramer;38885;;3;220;0;702;65;;;1734
25/26;2026-05-10;Max Munich;tournament;Bayerische Meisterschaft - Männer Einzel;2;Zwischenlauf;Tobias Wiedemann;25695;;3;189;0;675;77;;;1700
25/26;2026-05-10;Max Munich;tournament;Bayerische Meisterschaft - Männer Einzel;2;Zwischenlauf;Tom Eck;38050;;3;0;0;156;93;;;1164
25/26;2026-05-10;Max Munich;tournament;Bayerische Meisterschaft - Männer Einzel;2;Zwischenlauf;Winfried Goller;7722;;3;186;0;744;43;;;1940
25/26;2026-05-10;Max Munich;tournament;Bayerische Meisterschaft - Männer Einzel;2;Zwischenlauf;#N/A;38693;;4;179;0;847;80;;;847
25/26;2026-05-10;Max Munich;tournament;Bayerische Meisterschaft - Männer Einzel;2;Zwischenlauf;Alexander Schmidt;16292;;4;165;0;855;78;;;1988
25/26;2026-05-10;Max Munich;tournament;Bayerische Meisterschaft - Männer Einzel;2;Zwischenlauf;Alexander Scholz;16352;;4;194;0;931;41;;;2126
25/26;2026-05-10;Max Munich;tournament;Bayerische Meisterschaft - Männer Einzel;2;Zwischenlauf;Andre Michow;16965;;4;220;0;928;42;;;2071
25/26;2026-05-10;Max Munich;tournament;Bayerische Meisterschaft - Männer Einzel;2;Zwischenlauf;Andreas Brendel;38033;;4;161;0;909;52;;;1974
25/26;2026-05-10;Max Munich;tournament;Bayerische Meisterschaft - Männer Einzel;2;Zwischenlauf;Andreas Hernitschek;16386;;4;170;0;975;26;;;2332
25/26;2026-05-10;Max Munich;tournament;Bayerische Meisterschaft - Männer Einzel;2;Zwischenlauf;Andreas Hölzl;38305;;4;153;0;841;82;;;1919
25/26;2026-05-10;Max Munich;tournament;Bayerische Meisterschaft - Männer Einzel;2;Zwischenlauf;Andreas Schöllhorn;38568;;4;186;0;925;46;;;2004
25/26;2026-05-10;Max Munich;tournament;Bayerische Meisterschaft - Männer Einzel;2;Zwischenlauf;Anton Mutz;25005;;4;243;0;977;25;;;1995
25/26;2026-05-10;Max Munich;tournament;Bayerische Meisterschaft - Männer Einzel;2;Zwischenlauf;Asterios Fourkiotis;25555;;4;224;0;1129;3;;;2002
25/26;2026-05-10;Max Munich;tournament;Bayerische Meisterschaft - Männer Einzel;2;Zwischenlauf;Bernd Trapphardt;16559;;4;130;0;885;63;;;1982
25/26;2026-05-10;Max Munich;tournament;Bayerische Meisterschaft - Männer Einzel;2;Zwischenlauf;Bernd Wiemken;25203;;4;178;0;1116;4;;;2396
25/26;2026-05-10;Max Munich;tournament;Bayerische Meisterschaft - Männer Einzel;2;Zwischenlauf;Blasius Stibel;7849;;4;151;0;772;89;;;1679
25/26;2026-05-10;Max Munich;tournament;Bayerische Meisterschaft - Männer Einzel;2;Zwischenlauf;Bodo Konieczny;18802;;4;204;0;1187;1;;;2583
25/26;2026-05-10;Max Munich;tournament;Bayerische Meisterschaft - Männer Einzel;2;Zwischenlauf;Carlo Luft;38652;;4;186;0;890;60;;;2001
25/26;2026-05-10;Max Munich;tournament;Bayerische Meisterschaft - Männer Einzel;2;Zwischenlauf;Christian Erlacher;16760;;4;185;0;841;83;;;1944
25/26;2026-05-10;Max Munich;tournament;Bayerische Meisterschaft - Männer Einzel;2;Zwischenlauf;Christian Feller;16007;;4;189;0;962;31;;;1830
25/26;2026-05-10;Max Munich;tournament;Bayerische Meisterschaft - Männer Einzel;2;Zwischenlauf;Christian Lechner;25064;;4;137;0;866;70;;;1958
25/26;2026-05-10;Max Munich;tournament;Bayerische Meisterschaft - Männer Einzel;2;Zwischenlauf;Christian Rechenberg;7865;;4;205;0;1041;11;;;2318
25/26;2026-05-10;Max Munich;tournament;Bayerische Meisterschaft - Männer Einzel;2;Zwischenlauf;Christian Schrempf;7646;;4;210;0;958;35;;;2092
25/26;2026-05-10;Max Munich;tournament;Bayerische Meisterschaft - Männer Einzel;2;Zwischenlauf;Christian Schuster;7723;;4;238;0;1052;9;;;2101
25/26;2026-05-10;Max Munich;tournament;Bayerische Meisterschaft - Männer Einzel;2;Zwischenlauf;Daniel Alexander;16443;;4;176;0;966;30;;;2035
25/26;2026-05-10;Max Munich;tournament;Bayerische Meisterschaft - Männer Einzel;2;Zwischenlauf;Daniel Börding;7591;;4;202;0;1037;12;;;2218
25/26;2026-05-10;Max Munich;tournament;Bayerische Meisterschaft - Männer Einzel;2;Zwischenlauf;Daniel Hellmich;7314;;4;223;0;1034;13;;;2166
25/26;2026-05-10;Max Munich;tournament;Bayerische Meisterschaft - Männer Einzel;2;Zwischenlauf;Daniel Schwank;16215;;4;148;0;938;39;;;2021
25/26;2026-05-10;Max Munich;tournament;Bayerische Meisterschaft - Männer Einzel;2;Zwischenlauf;Dieter Schuster;7721;;4;158;0;866;71;;;1957
25/26;2026-05-10;Max Munich;tournament;Bayerische Meisterschaft - Männer Einzel;2;Zwischenlauf;Eduard Bolender;25408;;4;196;0;1012;16;;;2007
25/26;2026-05-10;Max Munich;tournament;Bayerische Meisterschaft - Männer Einzel;2;Zwischenlauf;Enno Jackwerth;16263;;4;205;0;961;32;;;2084
25/26;2026-05-10;Max Munich;tournament;Bayerische Meisterschaft - Männer Einzel;2;Zwischenlauf;Eric Gogala;46005;;4;198;0;1105;5;;;2242
25/26;2026-05-10;Max Munich;tournament;Bayerische Meisterschaft - Männer Einzel;2;Zwischenlauf;Florian Hanauer;38001;;4;196;0;928;43;;;2019
25/26;2026-05-10;Max Munich;tournament;Bayerische Meisterschaft - Männer Einzel;2;Zwischenlauf;Florian Stangl;25690;;4;195;0;921;48;;;2068
25/26;2026-05-10;Max Munich;tournament;Bayerische Meisterschaft - Männer Einzel;2;Zwischenlauf;Frank Wiemken;25205;;4;196;0;967;29;;;2214
25/26;2026-05-10;Max Munich;tournament;Bayerische Meisterschaft - Männer Einzel;2;Zwischenlauf;Gregor Arapow;38575;;4;166;0;870;67;;;1808
25/26;2026-05-10;Max Munich;tournament;Bayerische Meisterschaft - Männer Einzel;2;Zwischenlauf;Günter Denz;16398;;4;233;0;1101;6;;;2250
25/26;2026-05-10;Max Munich;tournament;Bayerische Meisterschaft - Männer Einzel;2;Zwischenlauf;Harald Eggl;25229;;4;188;0;907;54;;;1950
25/26;2026-05-10;Max Munich;tournament;Bayerische Meisterschaft - Männer Einzel;2;Zwischenlauf;Harald Laub;7597;;4;201;0;1008;19;;;1974
25/26;2026-05-10;Max Munich;tournament;Bayerische Meisterschaft - Männer Einzel;2;Zwischenlauf;Horst Schön;16346;;4;169;0;866;72;;;1951
25/26;2026-05-10;Max Munich;tournament;Bayerische Meisterschaft - Männer Einzel;2;Zwischenlauf;Jan Musiol;25166;;4;201;0;960;33;;;2161
25/26;2026-05-10;Max Munich;tournament;Bayerische Meisterschaft - Männer Einzel;2;Zwischenlauf;Jochen Birkner;7937;;4;183;0;874;65;;;1932
25/26;2026-05-10;Max Munich;tournament;Bayerische Meisterschaft - Männer Einzel;2;Zwischenlauf;Jochen Mücke;38842;;4;209;0;865;73;;;1730
25/26;2026-05-10;Max Munich;tournament;Bayerische Meisterschaft - Männer Einzel;2;Zwischenlauf;Jörg Woyscheszik;25350;;4;199;0;926;45;;;1946
25/26;2026-05-10;Max Munich;tournament;Bayerische Meisterschaft - Männer Einzel;2;Zwischenlauf;Jürgen Harry Schmitt;7961;;4;134;0;755;90;;;1550
25/26;2026-05-10;Max Munich;tournament;Bayerische Meisterschaft - Männer Einzel;2;Zwischenlauf;Jürgen Reichel;7772;;4;221;0;850;79;;;1858
25/26;2026-05-10;Max Munich;tournament;Bayerische Meisterschaft - Männer Einzel;2;Zwischenlauf;Kai Bräutigam;38115;;4;210;0;909;53;;;1999
25/26;2026-05-10;Max Munich;tournament;Bayerische Meisterschaft - Männer Einzel;2;Zwischenlauf;Kilian Kral;38510;;4;142;0;941;38;;;2001
25/26;2026-05-10;Max Munich;tournament;Bayerische Meisterschaft - Männer Einzel;2;Zwischenlauf;Klaus Lilge;7080;;4;202;0;897;56;;;1886
25/26;2026-05-10;Max Munich;tournament;Bayerische Meisterschaft - Männer Einzel;2;Zwischenlauf;Lucas Kasenbacher;25340;;4;183;0;938;40;;;1976
25/26;2026-05-10;Max Munich;tournament;Bayerische Meisterschaft - Männer Einzel;2;Zwischenlauf;Lukas Pfaff;38909;;4;135;0;678;92;;;1558
25/26;2026-05-10;Max Munich;tournament;Bayerische Meisterschaft - Männer Einzel;2;Zwischenlauf;Manfred Weidinger;38851;;4;148;0;794;87;;;1681
25/26;2026-05-10;Max Munich;tournament;Bayerische Meisterschaft - Männer Einzel;2;Zwischenlauf;Marc Schmidt;38734;;4;218;0;1008;20;;;1908
25/26;2026-05-10;Max Munich;tournament;Bayerische Meisterschaft - Männer Einzel;2;Zwischenlauf;Marcel Müller;28367;;4;0;0;0;94;;;1016
25/26;2026-05-10;Max Munich;tournament;Bayerische Meisterschaft - Männer Einzel;2;Zwischenlauf;Marco Probst;7602;;4;231;0;1003;21;;;2189
25/26;2026-05-10;Max Munich;tournament;Bayerische Meisterschaft - Männer Einzel;2;Zwischenlauf;Mario Burghardt;12248;;4;167;0;914;51;;;1952
25/26;2026-05-10;Max Munich;tournament;Bayerische Meisterschaft - Männer Einzel;2;Zwischenlauf;Markus Fischer;38237;;4;187;0;885;64;;;1920
25/26;2026-05-10;Max Munich;tournament;Bayerische Meisterschaft - Männer Einzel;2;Zwischenlauf;Markus Hanauer;38214;;4;197;0;1009;18;;;2063
25/26;2026-05-10;Max Munich;tournament;Bayerische Meisterschaft - Männer Einzel;2;Zwischenlauf;Matthias Kuchling;16583;;4;174;0;893;57;;;1945
25/26;2026-05-10;Max Munich;tournament;Bayerische Meisterschaft - Männer Einzel;2;Zwischenlauf;Max Wiemken;25557;;4;213;0;968;28;;;2077
25/26;2026-05-10;Max Munich;tournament;Bayerische Meisterschaft - Männer Einzel;2;Zwischenlauf;Michael Brandt;38110;;4;145;0;793;88;;;1820
25/26;2026-05-10;Max Munich;tournament;Bayerische Meisterschaft - Männer Einzel;2;Zwischenlauf;Michael Eisenmann-Seybold;7595;;4;200;0;1150;2;;;2234
25/26;2026-05-10;Max Munich;tournament;Bayerische Meisterschaft - Männer Einzel;2;Zwischenlauf;Michael Ring;7317;;4;179;0;900;55;;;1915
25/26;2026-05-10;Max Munich;tournament;Bayerische Meisterschaft - Männer Einzel;2;Zwischenlauf;Moritz Wiemken;25830;;4;207;0;1066;8;;;2470
25/26;2026-05-10;Max Munich;tournament;Bayerische Meisterschaft - Männer Einzel;2;Zwischenlauf;Nicolas Kabel;38092;;4;177;0;864;74;;;1935
25/26;2026-05-10;Max Munich;tournament;Bayerische Meisterschaft - Männer Einzel;2;Zwischenlauf;Niklas Weiske;25484;;4;167;0;856;77;;;1991
25/26;2026-05-10;Max Munich;tournament;Bayerische Meisterschaft - Männer Einzel;2;Zwischenlauf;Oliver Schütze;38550;;4;240;0;1022;14;;;2143
25/26;2026-05-10;Max Munich;tournament;Bayerische Meisterschaft - Männer Einzel;2;Zwischenlauf;Patrick Baszler;7886;;4;216;0;978;24;;;2086
25/26;2026-05-10;Max Munich;tournament;Bayerische Meisterschaft - Männer Einzel;2;Zwischenlauf;Patrick Freudl;16796;;4;204;0;1014;15;;;2122
25/26;2026-05-10;Max Munich;tournament;Bayerische Meisterschaft - Männer Einzel;2;Zwischenlauf;Patrick Hardt;16809;;4;213;0;945;37;;;1949
25/26;2026-05-10;Max Munich;tournament;Bayerische Meisterschaft - Männer Einzel;2;Zwischenlauf;Patrick Stemmler;16495;;4;191;0;928;44;;;2123
25/26;2026-05-10;Max Munich;tournament;Bayerische Meisterschaft - Männer Einzel;2;Zwischenlauf;Patrick Thurner;38530;;4;174;0;984;23;;;2279
25/26;2026-05-10;Max Munich;tournament;Bayerische Meisterschaft - Männer Einzel;2;Zwischenlauf;Peter Börding;7593;;4;202;0;970;27;;;2101
25/26;2026-05-10;Max Munich;tournament;Bayerische Meisterschaft - Männer Einzel;2;Zwischenlauf;Peter van Lengen;25297;;4;211;0;859;76;;;1791
25/26;2026-05-10;Max Munich;tournament;Bayerische Meisterschaft - Männer Einzel;2;Zwischenlauf;Rainer Schöllhorn;16069;;4;232;0;870;68;;;1849
25/26;2026-05-10;Max Munich;tournament;Bayerische Meisterschaft - Männer Einzel;2;Zwischenlauf;René Erben;25953;;4;139;0;824;85;;;1785
25/26;2026-05-10;Max Munich;tournament;Bayerische Meisterschaft - Männer Einzel;2;Zwischenlauf;René Jurischka;38593;;4;120;0;872;66;;;1802
25/26;2026-05-10;Max Munich;tournament;Bayerische Meisterschaft - Männer Einzel;2;Zwischenlauf;Robert Kristof;10124;;4;200;0;960;34;;;2004
25/26;2026-05-10;Max Munich;tournament;Bayerische Meisterschaft - Männer Einzel;2;Zwischenlauf;Rudi Bauer;16860;;4;180;0;869;69;;;1849
25/26;2026-05-10;Max Munich;tournament;Bayerische Meisterschaft - Männer Einzel;2;Zwischenlauf;Sebastian Gräfe;38687;;4;188;0;985;22;;;2064
25/26;2026-05-10;Max Munich;tournament;Bayerische Meisterschaft - Männer Einzel;2;Zwischenlauf;Sebastian Hinterwimmer;7885;;4;234;0;1079;7;;;2272
25/26;2026-05-10;Max Munich;tournament;Bayerische Meisterschaft - Männer Einzel;2;Zwischenlauf;Sergio Tavares;22116;;4;184;0;831;84;;;1837
25/26;2026-05-10;Max Munich;tournament;Bayerische Meisterschaft - Männer Einzel;2;Zwischenlauf;Simon Bauer;16861;;4;178;0;888;61;;;1917
25/26;2026-05-10;Max Munich;tournament;Bayerische Meisterschaft - Männer Einzel;2;Zwischenlauf;Steffen Birkner;25082;;4;245;0;1011;17;;;2094
25/26;2026-05-10;Max Munich;tournament;Bayerische Meisterschaft - Männer Einzel;2;Zwischenlauf;Steffen Jahre;7816;;4;155;0;711;91;;;1619
25/26;2026-05-10;Max Munich;tournament;Bayerische Meisterschaft - Männer Einzel;2;Zwischenlauf;Stephan Ruffershöfer;16899;;4;201;0;844;81;;;1832
25/26;2026-05-10;Max Munich;tournament;Bayerische Meisterschaft - Männer Einzel;2;Zwischenlauf;Thomas Auer;16888;;4;200;0;1044;10;;;2087
25/26;2026-05-10;Max Munich;tournament;Bayerische Meisterschaft - Männer Einzel;2;Zwischenlauf;Thomas Kalkschmied;25672;;4;138;0;801;86;;;1697
25/26;2026-05-10;Max Munich;tournament;Bayerische Meisterschaft - Männer Einzel;2;Zwischenlauf;Thomas Moser;38907;;4;185;0;888;62;;;1950
25/26;2026-05-10;Max Munich;tournament;Bayerische Meisterschaft - Männer Einzel;2;Zwischenlauf;Thomas Wiedemann;7028;;4;225;0;958;36;;;1986
25/26;2026-05-10;Max Munich;tournament;Bayerische Meisterschaft - Männer Einzel;2;Zwischenlauf;Tim Olde Damink;25521;;4;162;0;893;58;;;1908
25/26;2026-05-10;Max Munich;tournament;Bayerische Meisterschaft - Männer Einzel;2;Zwischenlauf;Tobias Derbfuss;38270;;4;178;0;920;49;;;1915
25/26;2026-05-10;Max Munich;tournament;Bayerische Meisterschaft - Männer Einzel;2;Zwischenlauf;Tobias Franz;25638;;4;146;0;915;50;;;1938
25/26;2026-05-10;Max Munich;tournament;Bayerische Meisterschaft - Männer Einzel;2;Zwischenlauf;Tobias Kramer;38885;;4;189;0;891;59;;;1923
25/26;2026-05-10;Max Munich;tournament;Bayerische Meisterschaft - Männer Einzel;2;Zwischenlauf;Tobias Wiedemann;25695;;4;187;0;862;75;;;1887
25/26;2026-05-10;Max Munich;tournament;Bayerische Meisterschaft - Männer Einzel;2;Zwischenlauf;Tom Eck;38050;;4;0;0;156;93;;;1164
25/26;2026-05-10;Max Munich;tournament;Bayerische Meisterschaft - Männer Einzel;2;Zwischenlauf;Winfried Goller;7722;;4;180;0;924;47;;;2120
25/26;2026-05-10;Max Munich;tournament;Bayerische Meisterschaft - Männer Einzel;2;Zwischenlauf;#N/A;38693;;5;164;0;1011;81;;;1011
25/26;2026-05-10;Max Munich;tournament;Bayerische Meisterschaft - Männer Einzel;2;Zwischenlauf;Alexander Schmidt;16292;;5;153;0;1008;83;;;2141
25/26;2026-05-10;Max Munich;tournament;Bayerische Meisterschaft - Männer Einzel;2;Zwischenlauf;Alexander Scholz;16352;;5;191;0;1122;46;;;2317
25/26;2026-05-10;Max Munich;tournament;Bayerische Meisterschaft - Männer Einzel;2;Zwischenlauf;Andre Michow;16965;;5;177;0;1105;51;;;2248
25/26;2026-05-10;Max Munich;tournament;Bayerische Meisterschaft - Männer Einzel;2;Zwischenlauf;Andreas Brendel;38033;;5;215;0;1124;42;;;2189
25/26;2026-05-10;Max Munich;tournament;Bayerische Meisterschaft - Männer Einzel;2;Zwischenlauf;Andreas Hernitschek;16386;;5;278;0;1253;12;;;2610
25/26;2026-05-10;Max Munich;tournament;Bayerische Meisterschaft - Männer Einzel;2;Zwischenlauf;Andreas Hölzl;38305;;5;197;0;1038;73;;;2116
25/26;2026-05-10;Max Munich;tournament;Bayerische Meisterschaft - Männer Einzel;2;Zwischenlauf;Andreas Schöllhorn;38568;;5;140;0;1065;67;;;2144
25/26;2026-05-10;Max Munich;tournament;Bayerische Meisterschaft - Männer Einzel;2;Zwischenlauf;Anton Mutz;25005;;5;212;0;1189;22;;;2207
25/26;2026-05-10;Max Munich;tournament;Bayerische Meisterschaft - Männer Einzel;2;Zwischenlauf;Asterios Fourkiotis;25555;;5;158;0;1287;7;;;2160
25/26;2026-05-10;Max Munich;tournament;Bayerische Meisterschaft - Männer Einzel;2;Zwischenlauf;Bernd Trapphardt;16559;;5;181;0;1066;64;;;2163
25/26;2026-05-10;Max Munich;tournament;Bayerische Meisterschaft - Männer Einzel;2;Zwischenlauf;Bernd Wiemken;25203;;5;202;0;1318;4;;;2598
25/26;2026-05-10;Max Munich;tournament;Bayerische Meisterschaft - Männer Einzel;2;Zwischenlauf;Blasius Stibel;7849;;5;106;0;878;90;;;1785
25/26;2026-05-10;Max Munich;tournament;Bayerische Meisterschaft - Männer Einzel;2;Zwischenlauf;Bodo Konieczny;18802;;5;227;0;1414;2;;;2810
25/26;2026-05-10;Max Munich;tournament;Bayerische Meisterschaft - Männer Einzel;2;Zwischenlauf;Carlo Luft;38652;;5;188;0;1078;59;;;2189
25/26;2026-05-10;Max Munich;tournament;Bayerische Meisterschaft - Männer Einzel;2;Zwischenlauf;Christian Erlacher;16760;;5;164;0;1005;84;;;2108
25/26;2026-05-10;Max Munich;tournament;Bayerische Meisterschaft - Männer Einzel;2;Zwischenlauf;Christian Feller;16007;;5;179;0;1141;36;;;2009
25/26;2026-05-10;Max Munich;tournament;Bayerische Meisterschaft - Männer Einzel;2;Zwischenlauf;Christian Lechner;25064;;5;170;0;1036;74;;;2128
25/26;2026-05-10;Max Munich;tournament;Bayerische Meisterschaft - Männer Einzel;2;Zwischenlauf;Christian Rechenberg;7865;;5;224;0;1265;8;;;2542
25/26;2026-05-10;Max Munich;tournament;Bayerische Meisterschaft - Männer Einzel;2;Zwischenlauf;Christian Schrempf;7646;;5;208;0;1166;29;;;2300
25/26;2026-05-10;Max Munich;tournament;Bayerische Meisterschaft - Männer Einzel;2;Zwischenlauf;Christian Schuster;7723;;5;202;0;1254;11;;;2303
25/26;2026-05-10;Max Munich;tournament;Bayerische Meisterschaft - Männer Einzel;2;Zwischenlauf;Daniel Alexander;16443;;5;203;0;1169;28;;;2238
25/26;2026-05-10;Max Munich;tournament;Bayerische Meisterschaft - Männer Einzel;2;Zwischenlauf;Daniel Börding;7591;;5;227;0;1264;9;;;2445
25/26;2026-05-10;Max Munich;tournament;Bayerische Meisterschaft - Männer Einzel;2;Zwischenlauf;Daniel Hellmich;7314;;5;127;0;1161;30;;;2293
25/26;2026-05-10;Max Munich;tournament;Bayerische Meisterschaft - Männer Einzel;2;Zwischenlauf;Daniel Schwank;16215;;5;200;0;1138;37;;;2221
25/26;2026-05-10;Max Munich;tournament;Bayerische Meisterschaft - Männer Einzel;2;Zwischenlauf;Dieter Schuster;7721;;5;147;0;1013;79;;;2104
25/26;2026-05-10;Max Munich;tournament;Bayerische Meisterschaft - Männer Einzel;2;Zwischenlauf;Eduard Bolender;25408;;5;206;0;1218;17;;;2213
25/26;2026-05-10;Max Munich;tournament;Bayerische Meisterschaft - Männer Einzel;2;Zwischenlauf;Enno Jackwerth;16263;;5;163;0;1124;43;;;2247
25/26;2026-05-10;Max Munich;tournament;Bayerische Meisterschaft - Männer Einzel;2;Zwischenlauf;Eric Gogala;46005;;5;265;0;1370;3;;;2507
25/26;2026-05-10;Max Munich;tournament;Bayerische Meisterschaft - Männer Einzel;2;Zwischenlauf;Florian Hanauer;38001;;5;189;0;1117;48;;;2208
25/26;2026-05-10;Max Munich;tournament;Bayerische Meisterschaft - Männer Einzel;2;Zwischenlauf;Florian Stangl;25690;;5;207;0;1128;40;;;2275
25/26;2026-05-10;Max Munich;tournament;Bayerische Meisterschaft - Männer Einzel;2;Zwischenlauf;Frank Wiemken;25205;;5;256;0;1223;16;;;2470
25/26;2026-05-10;Max Munich;tournament;Bayerische Meisterschaft - Männer Einzel;2;Zwischenlauf;Gregor Arapow;38575;;5;196;0;1066;65;;;2004
25/26;2026-05-10;Max Munich;tournament;Bayerische Meisterschaft - Männer Einzel;2;Zwischenlauf;Günter Denz;16398;;5;188;0;1289;6;;;2438
25/26;2026-05-10;Max Munich;tournament;Bayerische Meisterschaft - Männer Einzel;2;Zwischenlauf;Harald Eggl;25229;;5;173;0;1080;57;;;2123
25/26;2026-05-10;Max Munich;tournament;Bayerische Meisterschaft - Männer Einzel;2;Zwischenlauf;Harald Laub;7597;;5;189;0;1197;21;;;2163
25/26;2026-05-10;Max Munich;tournament;Bayerische Meisterschaft - Männer Einzel;2;Zwischenlauf;Horst Schön;16346;;5;158;0;1024;77;;;2109
25/26;2026-05-10;Max Munich;tournament;Bayerische Meisterschaft - Männer Einzel;2;Zwischenlauf;Jan Musiol;25166;;5;222;0;1182;25;;;2383
25/26;2026-05-10;Max Munich;tournament;Bayerische Meisterschaft - Männer Einzel;2;Zwischenlauf;Jochen Birkner;7937;;5;139;0;1013;80;;;2071
25/26;2026-05-10;Max Munich;tournament;Bayerische Meisterschaft - Männer Einzel;2;Zwischenlauf;Jochen Mücke;38842;;5;214;0;1079;58;;;1944
25/26;2026-05-10;Max Munich;tournament;Bayerische Meisterschaft - Männer Einzel;2;Zwischenlauf;Jörg Woyscheszik;25350;;5;163;0;1089;55;;;2109
25/26;2026-05-10;Max Munich;tournament;Bayerische Meisterschaft - Männer Einzel;2;Zwischenlauf;Jürgen Harry Schmitt;7961;;5;191;0;946;89;;;1741
25/26;2026-05-10;Max Munich;tournament;Bayerische Meisterschaft - Männer Einzel;2;Zwischenlauf;Jürgen Reichel;7772;;5;192;0;1042;71;;;2050
25/26;2026-05-10;Max Munich;tournament;Bayerische Meisterschaft - Männer Einzel;2;Zwischenlauf;Kai Bräutigam;38115;;5;167;0;1076;61;;;2166
25/26;2026-05-10;Max Munich;tournament;Bayerische Meisterschaft - Männer Einzel;2;Zwischenlauf;Kilian Kral;38510;;5;201;0;1142;35;;;2202
25/26;2026-05-10;Max Munich;tournament;Bayerische Meisterschaft - Männer Einzel;2;Zwischenlauf;Klaus Lilge;7080;;5;169;0;1066;66;;;2055
25/26;2026-05-10;Max Munich;tournament;Bayerische Meisterschaft - Männer Einzel;2;Zwischenlauf;Lucas Kasenbacher;25340;;5;194;0;1132;39;;;2170
25/26;2026-05-10;Max Munich;tournament;Bayerische Meisterschaft - Männer Einzel;2;Zwischenlauf;Lukas Pfaff;38909;;5;0;0;678;92;;;1558
25/26;2026-05-10;Max Munich;tournament;Bayerische Meisterschaft - Männer Einzel;2;Zwischenlauf;Manfred Weidinger;38851;;5;161;0;955;88;;;1842
25/26;2026-05-10;Max Munich;tournament;Bayerische Meisterschaft - Männer Einzel;2;Zwischenlauf;Marc Schmidt;38734;;5;210;0;1218;18;;;2118
25/26;2026-05-10;Max Munich;tournament;Bayerische Meisterschaft - Männer Einzel;2;Zwischenlauf;Marcel Müller;28367;;5;0;0;0;94;;;1016
25/26;2026-05-10;Max Munich;tournament;Bayerische Meisterschaft - Männer Einzel;2;Zwischenlauf;Marco Probst;7602;;5;169;0;1172;27;;;2358
25/26;2026-05-10;Max Munich;tournament;Bayerische Meisterschaft - Männer Einzel;2;Zwischenlauf;Mario Burghardt;12248;;5;191;0;1105;52;;;2143
25/26;2026-05-10;Max Munich;tournament;Bayerische Meisterschaft - Männer Einzel;2;Zwischenlauf;Markus Fischer;38237;;5;239;0;1124;44;;;2159
25/26;2026-05-10;Max Munich;tournament;Bayerische Meisterschaft - Männer Einzel;2;Zwischenlauf;Markus Hanauer;38214;;5;167;0;1176;26;;;2230
25/26;2026-05-10;Max Munich;tournament;Bayerische Meisterschaft - Männer Einzel;2;Zwischenlauf;Matthias Kuchling;16583;;5;184;0;1077;60;;;2129
25/26;2026-05-10;Max Munich;tournament;Bayerische Meisterschaft - Männer Einzel;2;Zwischenlauf;Max Wiemken;25557;;5;177;0;1145;33;;;2254
25/26;2026-05-10;Max Munich;tournament;Bayerische Meisterschaft - Männer Einzel;2;Zwischenlauf;Michael Brandt;38110;;5;221;0;1014;78;;;2041
25/26;2026-05-10;Max Munich;tournament;Bayerische Meisterschaft - Männer Einzel;2;Zwischenlauf;Michael Eisenmann-Seybold;7595;;5;297;0;1447;1;;;2531
25/26;2026-05-10;Max Munich;tournament;Bayerische Meisterschaft - Männer Einzel;2;Zwischenlauf;Michael Ring;7317;;5;168;0;1068;62;;;2083
25/26;2026-05-10;Max Munich;tournament;Bayerische Meisterschaft - Männer Einzel;2;Zwischenlauf;Moritz Wiemken;25830;;5;190;0;1256;10;;;2660
25/26;2026-05-10;Max Munich;tournament;Bayerische Meisterschaft - Männer Einzel;2;Zwischenlauf;Nicolas Kabel;38092;;5;167;0;1031;75;;;2102
25/26;2026-05-10;Max Munich;tournament;Bayerische Meisterschaft - Männer Einzel;2;Zwischenlauf;Niklas Weiske;25484;;5;190;0;1046;70;;;2181
25/26;2026-05-10;Max Munich;tournament;Bayerische Meisterschaft - Männer Einzel;2;Zwischenlauf;Oliver Schütze;38550;;5;213;0;1235;13;;;2356
25/26;2026-05-10;Max Munich;tournament;Bayerische Meisterschaft - Männer Einzel;2;Zwischenlauf;Patrick Baszler;7886;;5;225;0;1203;20;;;2311
25/26;2026-05-10;Max Munich;tournament;Bayerische Meisterschaft - Männer Einzel;2;Zwischenlauf;Patrick Freudl;16796;;5;217;0;1231;14;;;2339
25/26;2026-05-10;Max Munich;tournament;Bayerische Meisterschaft - Männer Einzel;2;Zwischenlauf;Patrick Hardt;16809;;5;193;0;1138;38;;;2142
25/26;2026-05-10;Max Munich;tournament;Bayerische Meisterschaft - Männer Einzel;2;Zwischenlauf;Patrick Stemmler;16495;;5;179;0;1107;50;;;2302
25/26;2026-05-10;Max Munich;tournament;Bayerische Meisterschaft - Männer Einzel;2;Zwischenlauf;Patrick Thurner;38530;;5;202;0;1186;23;;;2481
25/26;2026-05-10;Max Munich;tournament;Bayerische Meisterschaft - Männer Einzel;2;Zwischenlauf;Peter Börding;7593;;5;173;0;1143;34;;;2274
25/26;2026-05-10;Max Munich;tournament;Bayerische Meisterschaft - Männer Einzel;2;Zwischenlauf;Peter van Lengen;25297;;5;222;0;1081;56;;;2013
25/26;2026-05-10;Max Munich;tournament;Bayerische Meisterschaft - Männer Einzel;2;Zwischenlauf;Rainer Schöllhorn;16069;;5;156;0;1026;76;;;2005
25/26;2026-05-10;Max Munich;tournament;Bayerische Meisterschaft - Männer Einzel;2;Zwischenlauf;René Erben;25953;;5;177;0;1001;86;;;1962
25/26;2026-05-10;Max Munich;tournament;Bayerische Meisterschaft - Männer Einzel;2;Zwischenlauf;René Jurischka;38593;;5;169;0;1041;72;;;1971
25/26;2026-05-10;Max Munich;tournament;Bayerische Meisterschaft - Männer Einzel;2;Zwischenlauf;Robert Kristof;10124;;5;226;0;1186;24;;;2230
25/26;2026-05-10;Max Munich;tournament;Bayerische Meisterschaft - Männer Einzel;2;Zwischenlauf;Rudi Bauer;16860;;5;198;0;1067;63;;;2047
25/26;2026-05-10;Max Munich;tournament;Bayerische Meisterschaft - Männer Einzel;2;Zwischenlauf;Sebastian Gräfe;38687;;5;170;0;1155;31;;;2234
25/26;2026-05-10;Max Munich;tournament;Bayerische Meisterschaft - Männer Einzel;2;Zwischenlauf;Sebastian Hinterwimmer;7885;;5;225;0;1304;5;;;2497
25/26;2026-05-10;Max Munich;tournament;Bayerische Meisterschaft - Männer Einzel;2;Zwischenlauf;Sergio Tavares;22116;;5;174;0;1005;85;;;2011
25/26;2026-05-10;Max Munich;tournament;Bayerische Meisterschaft - Männer Einzel;2;Zwischenlauf;Simon Bauer;16861;;5;172;0;1060;69;;;2089
25/26;2026-05-10;Max Munich;tournament;Bayerische Meisterschaft - Männer Einzel;2;Zwischenlauf;Steffen Birkner;25082;;5;193;0;1204;19;;;2287
25/26;2026-05-10;Max Munich;tournament;Bayerische Meisterschaft - Männer Einzel;2;Zwischenlauf;Steffen Jahre;7816;;5;132;0;843;91;;;1751
25/26;2026-05-10;Max Munich;tournament;Bayerische Meisterschaft - Männer Einzel;2;Zwischenlauf;Stephan Ruffershöfer;16899;;5;166;0;1010;82;;;1998
25/26;2026-05-10;Max Munich;tournament;Bayerische Meisterschaft - Männer Einzel;2;Zwischenlauf;Thomas Auer;16888;;5;184;0;1228;15;;;2271
25/26;2026-05-10;Max Munich;tournament;Bayerische Meisterschaft - Männer Einzel;2;Zwischenlauf;Thomas Kalkschmied;25672;;5;156;0;957;87;;;1853
25/26;2026-05-10;Max Munich;tournament;Bayerische Meisterschaft - Männer Einzel;2;Zwischenlauf;Thomas Moser;38907;;5;229;0;1117;49;;;2179
25/26;2026-05-10;Max Munich;tournament;Bayerische Meisterschaft - Männer Einzel;2;Zwischenlauf;Thomas Wiedemann;7028;;5;165;0;1123;45;;;2151
25/26;2026-05-10;Max Munich;tournament;Bayerische Meisterschaft - Männer Einzel;2;Zwischenlauf;Tim Olde Damink;25521;;5;234;0;1127;41;;;2142
25/26;2026-05-10;Max Munich;tournament;Bayerische Meisterschaft - Männer Einzel;2;Zwischenlauf;Tobias Derbfuss;38270;;5;199;0;1119;47;;;2114
25/26;2026-05-10;Max Munich;tournament;Bayerische Meisterschaft - Männer Einzel;2;Zwischenlauf;Tobias Franz;25638;;5;186;0;1101;53;;;2124
25/26;2026-05-10;Max Munich;tournament;Bayerische Meisterschaft - Männer Einzel;2;Zwischenlauf;Tobias Kramer;38885;;5;201;0;1092;54;;;2124
25/26;2026-05-10;Max Munich;tournament;Bayerische Meisterschaft - Männer Einzel;2;Zwischenlauf;Tobias Wiedemann;25695;;5;201;0;1063;68;;;2088
25/26;2026-05-10;Max Munich;tournament;Bayerische Meisterschaft - Männer Einzel;2;Zwischenlauf;Tom Eck;38050;;5;0;0;156;93;;;1164
25/26;2026-05-10;Max Munich;tournament;Bayerische Meisterschaft - Männer Einzel;2;Zwischenlauf;Winfried Goller;7722;;5;225;0;1149;32;;;2345
