Season;Date;Location;Event Type;Event Name;Round Number;Round Name;Player;Player ID;Club;Game Number;Score;Handicap
24/25;2024-10-02;Arena of Echoes;tournament;Clash of Imaginary Entities;1;Qualifying A;Maleficent;74911;Disney Characters - Disney Villains;0;212;0
24/25;2024-10-02;Arena of Echoes;tournament;Clash of Imaginary Entities;1;Qualifying A;Maleficent;74911;Disney Characters - Disney Villains;1;216;0
24/25;2024-10-02;Arena of Echoes;tournament;Clash of Imaginary Entities;1;Qualifying A;Maleficent;74911;Disney Characters - Disney Villains;2;216;0
24/25;2024-10-02;Arena of Echoes;tournament;Clash of Imaginary Entities;1;Qualifying A;Maleficent;74911;Disney Characters - Disney Villains;3;220;0
24/25;2024-10-02;Arena of Echoes;tournament;Clash of Imaginary Entities;1;Qualifying A;Mickey Mouse;68965;Disney Characters - Disney Heroes;0;215;0
24/25;2024-10-02;Arena of Echoes;tournament;Clash of Imaginary Entities;1;Qualifying A;Mickey Mouse;68965;Disney Characters - Disney Heroes;1;205;0
24/25;2024-10-02;Arena of Echoes;tournament;Clash of Imaginary Entities;1;Qualifying A;Mickey Mouse;68965;Disney Characters - Disney Heroes;2;230;0
24/25;2024-10-02;Arena of Echoes;tournament;Clash of Imaginary Entities;1;Qualifying A;Mickey Mouse;68965;Disney Characters - Disney Heroes;3;203;0
24/25;2024-10-02;Arena of Echoes;tournament;Clash of Imaginary Entities;1;Qualifying A;Abaddon the Despoiler;54558;Warhammer 40K - Chaos;0;228;0
24/25;2024-10-02;Arena of Echoes;tournament;Clash of Imaginary Entities;1;Qualifying A;Abaddon the Despoiler;54558;Warhammer 40K - Chaos;1;230;0
24/25;2024-10-02;Arena of Echoes;tournament;Clash of Imaginary Entities;1;Qualifying A;Abaddon the Despoiler;54558;Warhammer 40K - Chaos;2;227;0
24/25;2024-10-02;Arena of Echoes;tournament;Clash of Imaginary Entities;1;Qualifying A;Abaddon the Despoiler;54558;Warhammer 40K - Chaos;3;208;0
24/25;2024-10-02;Arena of Echoes;tournament;Clash of Imaginary Entities;1;Qualifying A;Commander Shepard;85142;Mass Effect - Alliance Crew;0;198;0
24/25;2024-10-02;Arena of Echoes;tournament;Clash of Imaginary Entities;1;Qualifying A;Commander Shepard;85142;Mass Effect - Alliance Crew;1;214;0
24/25;2024-10-02;Arena of Echoes;tournament;Clash of Imaginary Entities;1;Qualifying A;Commander Shepard;85142;Mass Effect - Alliance Crew;2;212;0
24/25;2024-10-02;Arena of Echoes;tournament;Clash of Imaginary Entities;1;Qualifying A;Commander Shepard;85142;Mass Effect - Alliance Crew;3;217;0
24/25;2024-10-02;Arena of Echoes;tournament;Clash of Imaginary Entities;1;Qualifying A;Worf;67335;Star Trek - Klingon-Romulan;0;198;0
24/25;2024-10-02;Arena of Echoes;tournament;Clash of Imaginary Entities;1;Qualifying A;Worf;67335;Star Trek - Klingon-Romulan;1;217;0
24/25;2024-10-02;Arena of Echoes;tournament;Clash of Imaginary Entities;1;Qualifying A;Worf;67335;Star Trek - Klingon-Romulan;2;205;0
24/25;2024-10-02;Arena of Echoes;tournament;Clash of Imaginary Entities;1;Qualifying A;Worf;67335;Star Trek - Klingon-Romulan;3;212;0
24/25;2024-10-02;Arena of Echoes;tournament;Clash of Imaginary Entities;1;Qualifying A;Gandalf;98265;Lord of the Rings - Free Peoples;0;222;0
24/25;2024-10-02;Arena of Echoes;tournament;Clash of Imaginary Entities;1;Qualifying A;Gandalf;98265;Lord of the Rings - Free Peoples;1;221;0
24/25;2024-10-02;Arena of Echoes;tournament;Clash of Imaginary Entities;1;Qualifying A;Gandalf;98265;Lord of the Rings - Free Peoples;2;213;0
24/25;2024-10-02;Arena of Echoes;tournament;Clash of Imaginary Entities;1;Qualifying A;Gandalf;98265;Lord of the Rings - Free Peoples;3;220;0
24/25;2024-10-02;Arena of Echoes;tournament;Clash of Imaginary Entities;1;Qualifying A;Jean-Luc Picard;56338;Star Trek - Federation;0;216;0
24/25;2024-10-02;Arena of Echoes;tournament;Clash of Imaginary Entities;1;Qualifying A;Jean-Luc Picard;56338;Star Trek - Federation;1;207;0
24/25;2024-10-02;Arena of Echoes;tournament;Clash of Imaginary Entities;1;Qualifying A;Jean-Luc Picard;56338;Star Trek - Federation;2;213;0
24/25;2024-10-02;Arena of Echoes;tournament;Clash of Imaginary Entities;1;Qualifying A;Jean-Luc Picard;56338;Star Trek - Federation;3;204;0
24/25;2024-10-02;Arena of Echoes;tournament;Clash of Imaginary Entities;1;Qualifying A;Sauron;85741;Lord of the Rings - Forces of Mordor;0;224;0
24/25;2024-10-02;Arena of Echoes;tournament;Clash of Imaginary Entities;1;Qualifying A;Sauron;85741;Lord of the Rings - Forces of Mordor;1;230;0
24/25;2024-10-02;Arena of Echoes;tournament;Clash of Imaginary Entities;1;Qualifying A;Sauron;85741;Lord of the Rings - Forces of Mordor;2;194;0
24/25;2024-10-02;Arena of Echoes;tournament;Clash of Imaginary Entities;1;Qualifying A;Sauron;85741;Lord of the Rings - Forces of Mordor;3;205;0
24/25;2024-10-02;Arena of Echoes;tournament;Clash of Imaginary Entities;1;Qualifying A;Lord Voldemort;65247;Harry Potter - Death Eaters;0;207;0
24/25;2024-10-02;Arena of Echoes;tournament;Clash of Imaginary Entities;1;Qualifying A;Lord Voldemort;65247;Harry Potter - Death Eaters;1;229;0
24/25;2024-10-02;Arena of Echoes;tournament;Clash of Imaginary Entities;1;Qualifying A;Lord Voldemort;65247;Harry Potter - Death Eaters;2;217;0
24/25;2024-10-02;Arena of Echoes;tournament;Clash of Imaginary Entities;1;Qualifying A;Lord Voldemort;65247;Harry Potter - Death Eaters;3;214;0
24/25;2024-10-02;Arena of Echoes;tournament;Clash of Imaginary Entities;1;Qualifying A;Illusive Man;86178;Mass Effect - Cerberus-Reapers;0;212;0
24/25;2024-10-02;Arena of Echoes;tournament;Clash of Imaginary Entities;1;Qualifying A;Illusive Man;86178;Mass Effect - Cerberus-Reapers;1;238;0
24/25;2024-10-02;Arena of Echoes;tournament;Clash of Imaginary Entities;1;Qualifying A;Illusive Man;86178;Mass Effect - Cerberus-Reapers;2;216;0
24/25;2024-10-02;Arena of Echoes;tournament;Clash of Imaginary Entities;1;Qualifying A;Illusive Man;86178;Mass Effect - Cerberus-Reapers;3;196;0
24/25;2024-10-02;Arena of Echoes;tournament;Clash of Imaginary Entities;1;Qualifying A;Jon Snow;86781;Game of Thrones - Stark-Targaryen Alliance;0;217;0
24/25;2024-10-02;Arena of Echoes;tournament;Clash of Imaginary Entities;1;Qualifying A;Jon Snow;86781;Game of Thrones - Stark-Targaryen Alliance;1;211;0
24/25;2024-10-02;Arena of Echoes;tournament;Clash of Imaginary Entities;1;Qualifying A;Jon Snow;86781;Game of Thrones - Stark-Targaryen Alliance;2;215;0
24/25;2024-10-02;Arena of Echoes;tournament;Clash of Imaginary Entities;1;Qualifying A;Jon Snow;86781;Game of Thrones - Stark-Targaryen Alliance;3;216;0
24/25;2024-10-02;Arena of Echoes;tournament;Clash of Imaginary Entities;1;Qualifying A;Harbinger;69213;Mass Effect - Cerberus-Reapers;0;215;0
24/25;2024-10-02;Arena of Echoes;tournament;Clash of Imaginary Entities;1;Qualifying A;Harbinger;69213;Mass Effect - Cerberus-Reapers;1;206;0
24/25;2024-10-02;Arena of Echoes;tournament;Clash of Imaginary Entities;1;Qualifying A;Harbinger;69213;Mass Effect - Cerberus-Reapers;2;225;0
24/25;2024-10-02;Arena of Echoes;tournament;Clash of Imaginary Entities;1;Qualifying A;Harbinger;69213;Mass Effect - Cerberus-Reapers;3;198;0
24/25;2024-10-02;Arena of Echoes;tournament;Clash of Imaginary Entities;1;Qualifying A;Luke Skywalker;91905;Star Wars - Jedi Order;0;197;0
24/25;2024-10-02;Arena of Echoes;tournament;Clash of Imaginary Entities;1;Qualifying A;Luke Skywalker;91905;Star Wars - Jedi Order;1;162;0
24/25;2024-10-02;Arena of Echoes;tournament;Clash of Imaginary Entities;1;Qualifying A;Luke Skywalker;91905;Star Wars - Jedi Order;2;178;0
24/25;2024-10-02;Arena of Echoes;tournament;Clash of Imaginary Entities;1;Qualifying A;Luke Skywalker;91905;Star Wars - Jedi Order;3;179;0
24/25;2024-10-02;Arena of Echoes;tournament;Clash of Imaginary Entities;1;Qualifying A;Feyd-Rautha;56698;Dune - Harkonnen-Sardaukar;0;208;0
24/25;2024-10-02;Arena of Echoes;tournament;Clash of Imaginary Entities;1;Qualifying A;Feyd-Rautha;56698;Dune - Harkonnen-Sardaukar;1;198;0
24/25;2024-10-02;Arena of Echoes;tournament;Clash of Imaginary Entities;1;Qualifying A;Feyd-Rautha;56698;Dune - Harkonnen-Sardaukar;2;203;0
24/25;2024-10-02;Arena of Echoes;tournament;Clash of Imaginary Entities;1;Qualifying A;Feyd-Rautha;56698;Dune - Harkonnen-Sardaukar;3;216;0
24/25;2024-10-02;Arena of Echoes;tournament;Clash of Imaginary Entities;1;Qualifying A;LeChuck;60463;LucasArts Games - Monkey Island & Legacy;0;206;0
24/25;2024-10-02;Arena of Echoes;tournament;Clash of Imaginary Entities;1;Qualifying A;LeChuck;60463;LucasArts Games - Monkey Island & Legacy;1;198;0
24/25;2024-10-02;Arena of Echoes;tournament;Clash of Imaginary Entities;1;Qualifying A;LeChuck;60463;LucasArts Games - Monkey Island & Legacy;2;206;0
24/25;2024-10-02;Arena of Echoes;tournament;Clash of Imaginary Entities;1;Qualifying A;LeChuck;60463;LucasArts Games - Monkey Island & Legacy;3;205;0
24/25;2024-10-02;Arena of Echoes;tournament;Clash of Imaginary Entities;1;Qualifying A;Spock;73526;Star Trek - Federation;0;181;0
24/25;2024-10-02;Arena of Echoes;tournament;Clash of Imaginary Entities;1;Qualifying A;Spock;73526;Star Trek - Federation;1;168;0
24/25;2024-10-02;Arena of Echoes;tournament;Clash of Imaginary Entities;1;Qualifying A;Spock;73526;Star Trek - Federation;2;173;0
24/25;2024-10-02;Arena of Echoes;tournament;Clash of Imaginary Entities;1;Qualifying A;Spock;73526;Star Trek - Federation;3;207;0
24/25;2024-10-02;Arena of Echoes;tournament;Clash of Imaginary Entities;1;Qualifying A;Gowron;52847;Star Trek - Klingon-Romulan;0;205;0
24/25;2024-10-02;Arena of Echoes;tournament;Clash of Imaginary Entities;1;Qualifying A;Gowron;52847;Star Trek - Klingon-Romulan;1;208;0
24/25;2024-10-02;Arena of Echoes;tournament;Clash of Imaginary Entities;1;Qualifying A;Gowron;52847;Star Trek - Klingon-Romulan;2;215;0
24/25;2024-10-02;Arena of Echoes;tournament;Clash of Imaginary Entities;1;Qualifying A;Gowron;52847;Star Trek - Klingon-Romulan;3;206;0
24/25;2024-10-02;Arena of Echoes;tournament;Clash of Imaginary Entities;1;Qualifying A;Darth Vader;68024;Star Wars - Sith Empire;0;240;0
24/25;2024-10-02;Arena of Echoes;tournament;Clash of Imaginary Entities;1;Qualifying A;Darth Vader;68024;Star Wars - Sith Empire;1;210;0
24/25;2024-10-02;Arena of Echoes;tournament;Clash of Imaginary Entities;1;Qualifying A;Darth Vader;68024;Star Wars - Sith Empire;2;235;0
24/25;2024-10-02;Arena of Echoes;tournament;Clash of Imaginary Entities;1;Qualifying A;Darth Vader;68024;Star Wars - Sith Empire;3;206;0
24/25;2024-10-02;Arena of Echoes;tournament;Clash of Imaginary Entities;1;Qualifying A;Kyle Katarn;79439;LucasArts Games - Jedi Knight Era;0;197;0
24/25;2024-10-02;Arena of Echoes;tournament;Clash of Imaginary Entities;1;Qualifying A;Kyle Katarn;79439;LucasArts Games - Jedi Knight Era;1;212;0
24/25;2024-10-02;Arena of Echoes;tournament;Clash of Imaginary Entities;1;Qualifying A;Kyle Katarn;79439;LucasArts Games - Jedi Knight Era;2;207;0
24/25;2024-10-02;Arena of Echoes;tournament;Clash of Imaginary Entities;1;Qualifying A;Kyle Katarn;79439;LucasArts Games - Jedi Knight Era;3;214;0
24/25;2024-10-02;Arena of Echoes;tournament;Clash of Imaginary Entities;1;Qualifying A;Harry Potter;52082;Harry Potter - Order of the Phoenix;0;240;0
24/25;2024-10-02;Arena of Echoes;tournament;Clash of Imaginary Entities;1;Qualifying A;Harry Potter;52082;Harry Potter - Order of the Phoenix;1;224;0
24/25;2024-10-02;Arena of Echoes;tournament;Clash of Imaginary Entities;1;Qualifying A;Harry Potter;52082;Harry Potter - Order of the Phoenix;2;213;0
24/25;2024-10-02;Arena of Echoes;tournament;Clash of Imaginary Entities;1;Qualifying A;Harry Potter;52082;Harry Potter - Order of the Phoenix;3;232;0
24/25;2024-10-02;Arena of Echoes;tournament;Clash of Imaginary Entities;1;Qualifying A;The Dagda;143101;Celtic Myth - Tuatha De Danann;0;216;0
24/25;2024-10-02;Arena of Echoes;tournament;Clash of Imaginary Entities;1;Qualifying A;The Dagda;143101;Celtic Myth - Tuatha De Danann;1;207;0
24/25;2024-10-02;Arena of Echoes;tournament;Clash of Imaginary Entities;1;Qualifying A;The Dagda;143101;Celtic Myth - Tuatha De Danann;2;208;0
24/25;2024-10-02;Arena of Echoes;tournament;Clash of Imaginary Entities;1;Qualifying A;The Dagda;143101;Celtic Myth - Tuatha De Danann;3;206;0
24/25;2024-10-02;Arena of Echoes;tournament;Clash of Imaginary Entities;1;Qualifying A;Indra;124470;Hindu Myth - Devas;0;212;0
24/25;2024-10-02;Arena of Echoes;tournament;Clash of Imaginary Entities;1;Qualifying A;Indra;124470;Hindu Myth - Devas;1;198;0
24/25;2024-10-02;Arena of Echoes;tournament;Clash of Imaginary Entities;1;Qualifying A;Indra;124470;Hindu Myth - Devas;2;214;0
24/25;2024-10-02;Arena of Echoes;tournament;Clash of Imaginary Entities;1;Qualifying A;Indra;124470;Hindu Myth - Devas;3;242;0
24/25;2024-10-02;Arena of Echoes;tournament;Clash of Imaginary Entities;1;Qualifying A;Balor;139930;Celtic Myth - Fomorians;0;229;0
24/25;2024-10-02;Arena of Echoes;tournament;Clash of Imaginary Entities;1;Qualifying A;Balor;139930;Celtic Myth - Fomorians;1;236;0
24/25;2024-10-02;Arena of Echoes;tournament;Clash of Imaginary Entities;1;Qualifying A;Balor;139930;Celtic Myth - Fomorians;2;208;0
24/25;2024-10-02;Arena of Echoes;tournament;Clash of Imaginary Entities;1;Qualifying A;Balor;139930;Celtic Myth - Fomorians;3;205;0
24/25;2024-10-02;Arena of Echoes;tournament;Clash of Imaginary Entities;1;Qualifying A;Tiamat;190311;Mesopotamian Myth - Chaos Ancients;0;208;0
24/25;2024-10-02;Arena of Echoes;tournament;Clash of Imaginary Entities;1;Qualifying A;Tiamat;190311;Mesopotamian Myth - Chaos Ancients;1;215;0
24/25;2024-10-02;Arena of Echoes;tournament;Clash of Imaginary Entities;1;Qualifying A;Tiamat;190311;Mesopotamian Myth - Chaos Ancients;2;226;0
24/25;2024-10-02;Arena of Echoes;tournament;Clash of Imaginary Entities;1;Qualifying A;Tiamat;190311;Mesopotamian Myth - Chaos Ancients;3;202;0
24/25;2024-10-02;Arena of Echoes;tournament;Clash of Imaginary Entities;1;Qualifying A;Mahishasura;137200;Hindu Myth - Asuras;0;251;0
24/25;2024-10-02;Arena of Echoes;tournament;Clash of Imaginary Entities;1;Qualifying A;Mahishasura;137200;Hindu Myth - Asuras;1;243;0
24/25;2024-10-02;Arena of Echoes;tournament;Clash of Imaginary Entities;1;Qualifying A;Mahishasura;137200;Hindu Myth - Asuras;2;191;0
24/25;2024-10-02;Arena of Echoes;tournament;Clash of Imaginary Entities;1;Qualifying A;Mahishasura;137200;Hindu Myth - Asuras;3;230;0
24/25;2024-10-02;Arena of Echoes;tournament;Clash of Imaginary Entities;1;Qualifying A;Osiris;179670;Egyptian Myth - Underworld Powers;0;217;0
24/25;2024-10-02;Arena of Echoes;tournament;Clash of Imaginary Entities;1;Qualifying A;Osiris;179670;Egyptian Myth - Underworld Powers;1;220;0
24/25;2024-10-02;Arena of Echoes;tournament;Clash of Imaginary Entities;1;Qualifying A;Osiris;179670;Egyptian Myth - Underworld Powers;2;212;0
24/25;2024-10-02;Arena of Echoes;tournament;Clash of Imaginary Entities;1;Qualifying A;Osiris;179670;Egyptian Myth - Underworld Powers;3;223;0
24/25;2024-10-02;Arena of Echoes;tournament;Clash of Imaginary Entities;1;Qualifying A;Odin;126765;Norse Myth - Aesir;0;240;0
24/25;2024-10-02;Arena of Echoes;tournament;Clash of Imaginary Entities;1;Qualifying A;Odin;126765;Norse Myth - Aesir;1;228;0
24/25;2024-10-02;Arena of Echoes;tournament;Clash of Imaginary Entities;1;Qualifying A;Odin;126765;Norse Myth - Aesir;2;242;0
24/25;2024-10-02;Arena of Echoes;tournament;Clash of Imaginary Entities;1;Qualifying A;Odin;126765;Norse Myth - Aesir;3;240;0
24/25;2024-10-02;Arena of Echoes;tournament;Clash of Imaginary Entities;1;Qualifying A;Cronus;174393;Greek Myth - Titans & Primordials;0;187;0
24/25;2024-10-02;Arena of Echoes;tournament;Clash of Imaginary Entities;1;Qualifying A;Cronus;174393;Greek Myth - Titans & Primordials;1;208;0
24/25;2024-10-02;Arena of Echoes;tournament;Clash of Imaginary Entities;1;Qualifying A;Cronus;174393;Greek Myth - Titans & Primordials;2;197;0
24/25;2024-10-02;Arena of Echoes;tournament;Clash of Imaginary Entities;1;Qualifying A;Cronus;174393;Greek Myth - Titans & Primordials;3;217;0
24/25;2024-10-02;Arena of Echoes;tournament;Clash of Imaginary Entities;1;Qualifying A;Ra;143286;Egyptian Myth - Solar Court;0;194;0
24/25;2024-10-02;Arena of Echoes;tournament;Clash of Imaginary Entities;1;Qualifying A;Ra;143286;Egyptian Myth - Solar Court;1;188;0
24/25;2024-10-02;Arena of Echoes;tournament;Clash of Imaginary Entities;1;Qualifying A;Ra;143286;Egyptian Myth - Solar Court;2;233;0
24/25;2024-10-02;Arena of Echoes;tournament;Clash of Imaginary Entities;1;Qualifying A;Ra;143286;Egyptian Myth - Solar Court;3;199;0
24/25;2024-10-02;Arena of Echoes;tournament;Clash of Imaginary Entities;1;Qualifying A;Zeus;139274;Greek Myth - Olympians;0;219;0
24/25;2024-10-02;Arena of Echoes;tournament;Clash of Imaginary Entities;1;Qualifying A;Zeus;139274;Greek Myth - Olympians;1;221;0
24/25;2024-10-02;Arena of Echoes;tournament;Clash of Imaginary Entities;1;Qualifying A;Zeus;139274;Greek Myth - Olympians;2;247;0
24/25;2024-10-02;Arena of Echoes;tournament;Clash of Imaginary Entities;1;Qualifying A;Zeus;139274;Greek Myth - Olympians;3;243;0
24/25;2024-10-02;Arena of Echoes;tournament;Clash of Imaginary Entities;1;Qualifying A;Loki;150650;Norse Myth - Giants & Tricksters;0;205;0
24/25;2024-10-02;Arena of Echoes;tournament;Clash of Imaginary Entities;1;Qualifying A;Loki;150650;Norse Myth - Giants & Tricksters;1;218;0
24/25;2024-10-02;Arena of Echoes;tournament;Clash of Imaginary Entities;1;Qualifying A;Loki;150650;Norse Myth - Giants & Tricksters;2;221;0
24/25;2024-10-02;Arena of Echoes;tournament;Clash of Imaginary Entities;1;Qualifying A;Loki;150650;Norse Myth - Giants & Tricksters;3;204;0
24/25;2024-10-02;Arena of Echoes;tournament;Clash of Imaginary Entities;1;Qualifying A;Vishnu;126083;Hindu Myth - Devas;0;177;0
24/25;2024-10-02;Arena of Echoes;tournament;Clash of Imaginary Entities;1;Qualifying A;Vishnu;126083;Hindu Myth - Devas;1;187;0
24/25;2024-10-02;Arena of Echoes;tournament;Clash of Imaginary Entities;1;Qualifying A;Vishnu;126083;Hindu Myth - Devas;2;197;0
24/25;2024-10-02;Arena of Echoes;tournament;Clash of Imaginary Entities;1;Qualifying A;Vishnu;126083;Hindu Myth - Devas;3;188;0
24/25;2024-10-02;Arena of Echoes;tournament;Clash of Imaginary Entities;1;Qualifying A;Lugh;174647;Celtic Myth - Tuatha De Danann;0;204;0
24/25;2024-10-02;Arena of Echoes;tournament;Clash of Imaginary Entities;1;Qualifying A;Lugh;174647;Celtic Myth - Tuatha De Danann;1;203;0
24/25;2024-10-02;Arena of Echoes;tournament;Clash of Imaginary Entities;1;Qualifying A;Lugh;174647;Celtic Myth - Tuatha De Danann;2;221;0
24/25;2024-10-02;Arena of Echoes;tournament;Clash of Imaginary Entities;1;Qualifying A;Lugh;174647;Celtic Myth - Tuatha De Danann;3;193;0
24/25;2024-10-02;Arena of Echoes;tournament;Clash of Imaginary Entities;1;Qualifying A;Anubis;175219;Egyptian Myth - Underworld Powers;0;208;0
24/25;2024-10-02;Arena of Echoes;tournament;Clash of Imaginary Entities;1;Qualifying A;Anubis;175219;Egyptian Myth - Underworld Powers;1;204;0
24/25;2024-10-02;Arena of Echoes;tournament;Clash of Imaginary Entities;1;Qualifying A;Anubis;175219;Egyptian Myth - Underworld Powers;2;217;0
24/25;2024-10-02;Arena of Echoes;tournament;Clash of Imaginary Entities;1;Qualifying A;Anubis;175219;Egyptian Myth - Underworld Powers;3;196;0
24/25;2024-10-02;Arena of Echoes;tournament;Clash of Imaginary Entities;1;Qualifying A;Ravana;126986;Hindu Myth - Asuras;0;202;0
24/25;2024-10-02;Arena of Echoes;tournament;Clash of Imaginary Entities;1;Qualifying A;Ravana;126986;Hindu Myth - Asuras;1;176;0
24/25;2024-10-02;Arena of Echoes;tournament;Clash of Imaginary Entities;1;Qualifying A;Ravana;126986;Hindu Myth - Asuras;2;223;0
24/25;2024-10-02;Arena of Echoes;tournament;Clash of Imaginary Entities;1;Qualifying A;Ravana;126986;Hindu Myth - Asuras;3;192;0
24/25;2024-10-02;Arena of Echoes;tournament;Clash of Imaginary Entities;1;Qualifying A;Bres;112221;Celtic Myth - Fomorians;0;208;0
24/25;2024-10-02;Arena of Echoes;tournament;Clash of Imaginary Entities;1;Qualifying A;Bres;112221;Celtic Myth - Fomorians;1;212;0
24/25;2024-10-02;Arena of Echoes;tournament;Clash of Imaginary Entities;1;Qualifying A;Bres;112221;Celtic Myth - Fomorians;2;193;0
24/25;2024-10-02;Arena of Echoes;tournament;Clash of Imaginary Entities;1;Qualifying A;Bres;112221;Celtic Myth - Fomorians;3;205;0
24/25;2024-10-02;Arena of Echoes;tournament;Clash of Imaginary Entities;1;Qualifying A;Ishtar;172470;Mesopotamian Myth - Sky Kings;0;157;0
24/25;2024-10-02;Arena of Echoes;tournament;Clash of Imaginary Entities;1;Qualifying A;Ishtar;172470;Mesopotamian Myth - Sky Kings;1;196;0
24/25;2024-10-02;Arena of Echoes;tournament;Clash of Imaginary Entities;1;Qualifying A;Ishtar;172470;Mesopotamian Myth - Sky Kings;2;171;0
24/25;2024-10-02;Arena of Echoes;tournament;Clash of Imaginary Entities;1;Qualifying A;Ishtar;172470;Mesopotamian Myth - Sky Kings;3;192;0
24/25;2024-10-02;Arena of Echoes;tournament;Clash of Imaginary Entities;1;Qualifying A;Marduk;188458;Mesopotamian Myth - Sky Kings;0;231;0
24/25;2024-10-02;Arena of Echoes;tournament;Clash of Imaginary Entities;1;Qualifying A;Marduk;188458;Mesopotamian Myth - Sky Kings;1;221;0
24/25;2024-10-02;Arena of Echoes;tournament;Clash of Imaginary Entities;1;Qualifying A;Marduk;188458;Mesopotamian Myth - Sky Kings;2;223;0
24/25;2024-10-02;Arena of Echoes;tournament;Clash of Imaginary Entities;1;Qualifying A;Marduk;188458;Mesopotamian Myth - Sky Kings;3;243;0
24/25;2024-10-02;Arena of Echoes;tournament;Clash of Imaginary Entities;1;Qualifying A;Thor;151201;Norse Myth - Aesir;0;201;0
24/25;2024-10-02;Arena of Echoes;tournament;Clash of Imaginary Entities;1;Qualifying A;Thor;151201;Norse Myth - Aesir;1;212;0
24/25;2024-10-02;Arena of Echoes;tournament;Clash of Imaginary Entities;1;Qualifying A;Thor;151201;Norse Myth - Aesir;2;186;0
24/25;2024-10-02;Arena of Echoes;tournament;Clash of Imaginary Entities;1;Qualifying A;Thor;151201;Norse Myth - Aesir;3;198;0
24/25;2024-10-02;Arena of Echoes;tournament;Clash of Imaginary Entities;1;Qualifying A;Horus;174473;Egyptian Myth - Solar Court;0;177;0
24/25;2024-10-02;Arena of Echoes;tournament;Clash of Imaginary Entities;1;Qualifying A;Horus;174473;Egyptian Myth - Solar Court;1;202;0
24/25;2024-10-02;Arena of Echoes;tournament;Clash of Imaginary Entities;1;Qualifying A;Horus;174473;Egyptian Myth - Solar Court;2;221;0
24/25;2024-10-02;Arena of Echoes;tournament;Clash of Imaginary Entities;1;Qualifying A;Horus;174473;Egyptian Myth - Solar Court;3;230;0
24/25;2024-10-02;Arena of Echoes;tournament;Clash of Imaginary Entities;2;Qualifying B;Maleficent;74911;Disney Characters - Disney Villains;0;249;0
24/25;2024-10-02;Arena of Echoes;tournament;Clash of Imaginary Entities;2;Qualifying B;Maleficent;74911;Disney Characters - Disney Villains;1;219;0
24/25;2024-10-02;Arena of Echoes;tournament;Clash of Imaginary Entities;2;Qualifying B;Maleficent;74911;Disney Characters - Disney Villains;2;219;0
24/25;2024-10-02;Arena of Echoes;tournament;Clash of Imaginary Entities;2;Qualifying B;Maleficent;74911;Disney Characters - Disney Villains;3;220;0
24/25;2024-10-02;Arena of Echoes;tournament;Clash of Imaginary Entities;2;Qualifying B;Mickey Mouse;68965;Disney Characters - Disney Heroes;0;225;0
24/25;2024-10-02;Arena of Echoes;tournament;Clash of Imaginary Entities;2;Qualifying B;Mickey Mouse;68965;Disney Characters - Disney Heroes;1;242;0
24/25;2024-10-02;Arena of Echoes;tournament;Clash of Imaginary Entities;2;Qualifying B;Mickey Mouse;68965;Disney Characters - Disney Heroes;2;202;0
24/25;2024-10-02;Arena of Echoes;tournament;Clash of Imaginary Entities;2;Qualifying B;Mickey Mouse;68965;Disney Characters - Disney Heroes;3;195;0
24/25;2024-10-02;Arena of Echoes;tournament;Clash of Imaginary Entities;2;Qualifying B;Abaddon the Despoiler;54558;Warhammer 40K - Chaos;0;243;0
24/25;2024-10-02;Arena of Echoes;tournament;Clash of Imaginary Entities;2;Qualifying B;Abaddon the Despoiler;54558;Warhammer 40K - Chaos;1;211;0
24/25;2024-10-02;Arena of Echoes;tournament;Clash of Imaginary Entities;2;Qualifying B;Abaddon the Despoiler;54558;Warhammer 40K - Chaos;2;235;0
24/25;2024-10-02;Arena of Echoes;tournament;Clash of Imaginary Entities;2;Qualifying B;Abaddon the Despoiler;54558;Warhammer 40K - Chaos;3;188;0
24/25;2024-10-02;Arena of Echoes;tournament;Clash of Imaginary Entities;2;Qualifying B;Commander Shepard;85142;Mass Effect - Alliance Crew;0;200;0
24/25;2024-10-02;Arena of Echoes;tournament;Clash of Imaginary Entities;2;Qualifying B;Commander Shepard;85142;Mass Effect - Alliance Crew;1;210;0
24/25;2024-10-02;Arena of Echoes;tournament;Clash of Imaginary Entities;2;Qualifying B;Commander Shepard;85142;Mass Effect - Alliance Crew;2;186;0
24/25;2024-10-02;Arena of Echoes;tournament;Clash of Imaginary Entities;2;Qualifying B;Commander Shepard;85142;Mass Effect - Alliance Crew;3;211;0
24/25;2024-10-02;Arena of Echoes;tournament;Clash of Imaginary Entities;2;Qualifying B;Worf;67335;Star Trek - Klingon-Romulan;0;207;0
24/25;2024-10-02;Arena of Echoes;tournament;Clash of Imaginary Entities;2;Qualifying B;Worf;67335;Star Trek - Klingon-Romulan;1;222;0
24/25;2024-10-02;Arena of Echoes;tournament;Clash of Imaginary Entities;2;Qualifying B;Worf;67335;Star Trek - Klingon-Romulan;2;225;0
24/25;2024-10-02;Arena of Echoes;tournament;Clash of Imaginary Entities;2;Qualifying B;Worf;67335;Star Trek - Klingon-Romulan;3;215;0
24/25;2024-10-02;Arena of Echoes;tournament;Clash of Imaginary Entities;2;Qualifying B;Gandalf;98265;Lord of the Rings - Free Peoples;0;207;0
24/25;2024-10-02;Arena of Echoes;tournament;Clash of Imaginary Entities;2;Qualifying B;Gandalf;98265;Lord of the Rings - Free Peoples;1;222;0
24/25;2024-10-02;Arena of Echoes;tournament;Clash of Imaginary Entities;2;Qualifying B;Gandalf;98265;Lord of the Rings - Free Peoples;2;205;0
24/25;2024-10-02;Arena of Echoes;tournament;Clash of Imaginary Entities;2;Qualifying B;Gandalf;98265;Lord of the Rings - Free Peoples;3;214;0
24/25;2024-10-02;Arena of Echoes;tournament;Clash of Imaginary Entities;2;Qualifying B;Jean-Luc Picard;56338;Star Trek - Federation;0;220;0
24/25;2024-10-02;Arena of Echoes;tournament;Clash of Imaginary Entities;2;Qualifying B;Jean-Luc Picard;56338;Star Trek - Federation;1;224;0
24/25;2024-10-02;Arena of Echoes;tournament;Clash of Imaginary Entities;2;Qualifying B;Jean-Luc Picard;56338;Star Trek - Federation;2;219;0
24/25;2024-10-02;Arena of Echoes;tournament;Clash of Imaginary Entities;2;Qualifying B;Jean-Luc Picard;56338;Star Trek - Federation;3;217;0
24/25;2024-10-02;Arena of Echoes;tournament;Clash of Imaginary Entities;2;Qualifying B;Sauron;85741;Lord of the Rings - Forces of Mordor;0;220;0
24/25;2024-10-02;Arena of Echoes;tournament;Clash of Imaginary Entities;2;Qualifying B;Sauron;85741;Lord of the Rings - Forces of Mordor;1;213;0
24/25;2024-10-02;Arena of Echoes;tournament;Clash of Imaginary Entities;2;Qualifying B;Sauron;85741;Lord of the Rings - Forces of Mordor;2;197;0
24/25;2024-10-02;Arena of Echoes;tournament;Clash of Imaginary Entities;2;Qualifying B;Sauron;85741;Lord of the Rings - Forces of Mordor;3;238;0
24/25;2024-10-02;Arena of Echoes;tournament;Clash of Imaginary Entities;2;Qualifying B;Lord Voldemort;65247;Harry Potter - Death Eaters;0;195;0
24/25;2024-10-02;Arena of Echoes;tournament;Clash of Imaginary Entities;2;Qualifying B;Lord Voldemort;65247;Harry Potter - Death Eaters;1;211;0
24/25;2024-10-02;Arena of Echoes;tournament;Clash of Imaginary Entities;2;Qualifying B;Lord Voldemort;65247;Harry Potter - Death Eaters;2;204;0
24/25;2024-10-02;Arena of Echoes;tournament;Clash of Imaginary Entities;2;Qualifying B;Lord Voldemort;65247;Harry Potter - Death Eaters;3;209;0
24/25;2024-10-02;Arena of Echoes;tournament;Clash of Imaginary Entities;2;Qualifying B;Illusive Man;86178;Mass Effect - Cerberus-Reapers;0;235;0
24/25;2024-10-02;Arena of Echoes;tournament;Clash of Imaginary Entities;2;Qualifying B;Illusive Man;86178;Mass Effect - Cerberus-Reapers;1;231;0
24/25;2024-10-02;Arena of Echoes;tournament;Clash of Imaginary Entities;2;Qualifying B;Illusive Man;86178;Mass Effect - Cerberus-Reapers;2;234;0
24/25;2024-10-02;Arena of Echoes;tournament;Clash of Imaginary Entities;2;Qualifying B;Illusive Man;86178;Mass Effect - Cerberus-Reapers;3;210;0
24/25;2024-10-02;Arena of Echoes;tournament;Clash of Imaginary Entities;2;Qualifying B;Jon Snow;86781;Game of Thrones - Stark-Targaryen Alliance;0;229;0
24/25;2024-10-02;Arena of Echoes;tournament;Clash of Imaginary Entities;2;Qualifying B;Jon Snow;86781;Game of Thrones - Stark-Targaryen Alliance;1;207;0
24/25;2024-10-02;Arena of Echoes;tournament;Clash of Imaginary Entities;2;Qualifying B;Jon Snow;86781;Game of Thrones - Stark-Targaryen Alliance;2;208;0
24/25;2024-10-02;Arena of Echoes;tournament;Clash of Imaginary Entities;2;Qualifying B;Jon Snow;86781;Game of Thrones - Stark-Targaryen Alliance;3;207;0
24/25;2024-10-02;Arena of Echoes;tournament;Clash of Imaginary Entities;2;Qualifying B;Harbinger;69213;Mass Effect - Cerberus-Reapers;0;208;0
24/25;2024-10-02;Arena of Echoes;tournament;Clash of Imaginary Entities;2;Qualifying B;Harbinger;69213;Mass Effect - Cerberus-Reapers;1;206;0
24/25;2024-10-02;Arena of Echoes;tournament;Clash of Imaginary Entities;2;Qualifying B;Harbinger;69213;Mass Effect - Cerberus-Reapers;2;200;0
24/25;2024-10-02;Arena of Echoes;tournament;Clash of Imaginary Entities;2;Qualifying B;Harbinger;69213;Mass Effect - Cerberus-Reapers;3;209;0
24/25;2024-10-02;Arena of Echoes;tournament;Clash of Imaginary Entities;2;Qualifying B;Luke Skywalker;91905;Star Wars - Jedi Order;0;212;0
24/25;2024-10-02;Arena of Echoes;tournament;Clash of Imaginary Entities;2;Qualifying B;Luke Skywalker;91905;Star Wars - Jedi Order;1;239;0
24/25;2024-10-02;Arena of Echoes;tournament;Clash of Imaginary Entities;2;Qualifying B;Luke Skywalker;91905;Star Wars - Jedi Order;2;211;0
24/25;2024-10-02;Arena of Echoes;tournament;Clash of Imaginary Entities;2;Qualifying B;Luke Skywalker;91905;Star Wars - Jedi Order;3;212;0
24/25;2024-10-02;Arena of Echoes;tournament;Clash of Imaginary Entities;2;Qualifying B;Feyd-Rautha;56698;Dune - Harkonnen-Sardaukar;0;203;0
24/25;2024-10-02;Arena of Echoes;tournament;Clash of Imaginary Entities;2;Qualifying B;Feyd-Rautha;56698;Dune - Harkonnen-Sardaukar;1;211;0
24/25;2024-10-02;Arena of Echoes;tournament;Clash of Imaginary Entities;2;Qualifying B;Feyd-Rautha;56698;Dune - Harkonnen-Sardaukar;2;222;0
24/25;2024-10-02;Arena of Echoes;tournament;Clash of Imaginary Entities;2;Qualifying B;Feyd-Rautha;56698;Dune - Harkonnen-Sardaukar;3;215;0
24/25;2024-10-02;Arena of Echoes;tournament;Clash of Imaginary Entities;2;Qualifying B;LeChuck;60463;LucasArts Games - Monkey Island & Legacy;0;213;0
24/25;2024-10-02;Arena of Echoes;tournament;Clash of Imaginary Entities;2;Qualifying B;LeChuck;60463;LucasArts Games - Monkey Island & Legacy;1;214;0
24/25;2024-10-02;Arena of Echoes;tournament;Clash of Imaginary Entities;2;Qualifying B;LeChuck;60463;LucasArts Games - Monkey Island & Legacy;2;210;0
24/25;2024-10-02;Arena of Echoes;tournament;Clash of Imaginary Entities;2;Qualifying B;LeChuck;60463;LucasArts Games - Monkey Island & Legacy;3;219;0
24/25;2024-10-02;Arena of Echoes;tournament;Clash of Imaginary Entities;2;Qualifying B;Spock;73526;Star Trek - Federation;0;211;0
24/25;2024-10-02;Arena of Echoes;tournament;Clash of Imaginary Entities;2;Qualifying B;Spock;73526;Star Trek - Federation;1;194;0
24/25;2024-10-02;Arena of Echoes;tournament;Clash of Imaginary Entities;2;Qualifying B;Spock;73526;Star Trek - Federation;2;177;0
24/25;2024-10-02;Arena of Echoes;tournament;Clash of Imaginary Entities;2;Qualifying B;Spock;73526;Star Trek - Federation;3;177;0
24/25;2024-10-02;Arena of Echoes;tournament;Clash of Imaginary Entities;2;Qualifying B;Gowron;52847;Star Trek - Klingon-Romulan;0;212;0
24/25;2024-10-02;Arena of Echoes;tournament;Clash of Imaginary Entities;2;Qualifying B;Gowron;52847;Star Trek - Klingon-Romulan;1;207;0
24/25;2024-10-02;Arena of Echoes;tournament;Clash of Imaginary Entities;2;Qualifying B;Gowron;52847;Star Trek - Klingon-Romulan;2;203;0
24/25;2024-10-02;Arena of Echoes;tournament;Clash of Imaginary Entities;2;Qualifying B;Gowron;52847;Star Trek - Klingon-Romulan;3;190;0
24/25;2024-10-02;Arena of Echoes;tournament;Clash of Imaginary Entities;2;Qualifying B;Darth Vader;68024;Star Wars - Sith Empire;0;231;0
24/25;2024-10-02;Arena of Echoes;tournament;Clash of Imaginary Entities;2;Qualifying B;Darth Vader;68024;Star Wars - Sith Empire;1;230;0
24/25;2024-10-02;Arena of Echoes;tournament;Clash of Imaginary Entities;2;Qualifying B;Darth Vader;68024;Star Wars - Sith Empire;2;229;0
24/25;2024-10-02;Arena of Echoes;tournament;Clash of Imaginary Entities;2;Qualifying B;Darth Vader;68024;Star Wars - Sith Empire;3;233;0
24/25;2024-10-02;Arena of Echoes;tournament;Clash of Imaginary Entities;2;Qualifying B;Kyle Katarn;79439;LucasArts Games - Jedi Knight Era;0;206;0
24/25;2024-10-02;Arena of Echoes;tournament;Clash of Imaginary Entities;2;Qualifying B;Kyle Katarn;79439;LucasArts Games - Jedi Knight Era;1;225;0
24/25;2024-10-02;Arena of Echoes;tournament;Clash of Imaginary Entities;2;Qualifying B;Kyle Katarn;79439;LucasArts Games - Jedi Knight Era;2;203;0
24/25;2024-10-02;Arena of Echoes;tournament;Clash of Imaginary Entities;2;Qualifying B;Kyle Katarn;79439;LucasArts Games - Jedi Knight Era;3;213;0
24/25;2024-10-02;Arena of Echoes;tournament;Clash of Imaginary Entities;2;Qualifying B;Harry Potter;52082;Harry Potter - Order of the Phoenix;0;216;0
24/25;2024-10-02;Arena of Echoes;tournament;Clash of Imaginary Entities;2;Qualifying B;Harry Potter;52082;Harry Potter - Order of the Phoenix;1;222;0
24/25;2024-10-02;Arena of Echoes;tournament;Clash of Imaginary Entities;2;Qualifying B;Harry Potter;52082;Harry Potter - Order of the Phoenix;2;217;0
24/25;2024-10-02;Arena of Echoes;tournament;Clash of Imaginary Entities;2;Qualifying B;Harry Potter;52082;Harry Potter - Order of the Phoenix;3;209;0
24/25;2024-10-02;Arena of Echoes;tournament;Clash of Imaginary Entities;2;Qualifying B;The Dagda;143101;Celtic Myth - Tuatha De Danann;0;217;0
24/25;2024-10-02;Arena of Echoes;tournament;Clash of Imaginary Entities;2;Qualifying B;The Dagda;143101;Celtic Myth - Tuatha De Danann;1;213;0
24/25;2024-10-02;Arena of Echoes;tournament;Clash of Imaginary Entities;2;Qualifying B;The Dagda;143101;Celtic Myth - Tuatha De Danann;2;209;0
24/25;2024-10-02;Arena of Echoes;tournament;Clash of Imaginary Entities;2;Qualifying B;The Dagda;143101;Celtic Myth - Tuatha De Danann;3;218;0
24/25;2024-10-02;Arena of Echoes;tournament;Clash of Imaginary Entities;2;Qualifying B;Indra;124470;Hindu Myth - Devas;0;203;0
24/25;2024-10-02;Arena of Echoes;tournament;Clash of Imaginary Entities;2;Qualifying B;Indra;124470;Hindu Myth - Devas;1;212;0
24/25;2024-10-02;Arena of Echoes;tournament;Clash of Imaginary Entities;2;Qualifying B;Indra;124470;Hindu Myth - Devas;2;181;0
24/25;2024-10-02;Arena of Echoes;tournament;Clash of Imaginary Entities;2;Qualifying B;Indra;124470;Hindu Myth - Devas;3;231;0
24/25;2024-10-02;Arena of Echoes;tournament;Clash of Imaginary Entities;2;Qualifying B;Balor;139930;Celtic Myth - Fomorians;0;210;0
24/25;2024-10-02;Arena of Echoes;tournament;Clash of Imaginary Entities;2;Qualifying B;Balor;139930;Celtic Myth - Fomorians;1;229;0
24/25;2024-10-02;Arena of Echoes;tournament;Clash of Imaginary Entities;2;Qualifying B;Balor;139930;Celtic Myth - Fomorians;2;213;0
24/25;2024-10-02;Arena of Echoes;tournament;Clash of Imaginary Entities;2;Qualifying B;Balor;139930;Celtic Myth - Fomorians;3;215;0
24/25;2024-10-02;Arena of Echoes;tournament;Clash of Imaginary Entities;2;Qualifying B;Tiamat;190311;Mesopotamian Myth - Chaos Ancients;0;215;0
24/25;2024-10-02;Arena of Echoes;tournament;Clash of Imaginary Entities;2;Qualifying B;Tiamat;190311;Mesopotamian Myth - Chaos Ancients;1;218;0
24/25;2024-10-02;Arena of Echoes;tournament;Clash of Imaginary Entities;2;Qualifying B;Tiamat;190311;Mesopotamian Myth - Chaos Ancients;2;214;0
24/25;2024-10-02;Arena of Echoes;tournament;Clash of Imaginary Entities;2;Qualifying B;Tiamat;190311;Mesopotamian Myth - Chaos Ancients;3;216;0
24/25;2024-10-02;Arena of Echoes;tournament;Clash of Imaginary Entities;2;Qualifying B;Mahishasura;137200;Hindu Myth - Asuras;0;191;0
24/25;2024-10-02;Arena of Echoes;tournament;Clash of Imaginary Entities;2;Qualifying B;Mahishasura;137200;Hindu Myth - Asuras;1;218;0
24/25;2024-10-02;Arena of Echoes;tournament;Clash of Imaginary Entities;2;Qualifying B;Mahishasura;137200;Hindu Myth - Asuras;2;202;0
24/25;2024-10-02;Arena of Echoes;tournament;Clash of Imaginary Entities;2;Qualifying B;Mahishasura;137200;Hindu Myth - Asuras;3;226;0
24/25;2024-10-02;Arena of Echoes;tournament;Clash of Imaginary Entities;2;Qualifying B;Osiris;179670;Egyptian Myth - Underworld Powers;0;208;0
24/25;2024-10-02;Arena of Echoes;tournament;Clash of Imaginary Entities;2;Qualifying B;Osiris;179670;Egyptian Myth - Underworld Powers;1;228;0
24/25;2024-10-02;Arena of Echoes;tournament;Clash of Imaginary Entities;2;Qualifying B;Osiris;179670;Egyptian Myth - Underworld Powers;2;190;0
24/25;2024-10-02;Arena of Echoes;tournament;Clash of Imaginary Entities;2;Qualifying B;Osiris;179670;Egyptian Myth - Underworld Powers;3;232;0
24/25;2024-10-02;Arena of Echoes;tournament;Clash of Imaginary Entities;2;Qualifying B;Odin;126765;Norse Myth - Aesir;0;211;0
24/25;2024-10-02;Arena of Echoes;tournament;Clash of Imaginary Entities;2;Qualifying B;Odin;126765;Norse Myth - Aesir;1;219;0
24/25;2024-10-02;Arena of Echoes;tournament;Clash of Imaginary Entities;2;Qualifying B;Odin;126765;Norse Myth - Aesir;2;208;0
24/25;2024-10-02;Arena of Echoes;tournament;Clash of Imaginary Entities;2;Qualifying B;Odin;126765;Norse Myth - Aesir;3;210;0
24/25;2024-10-02;Arena of Echoes;tournament;Clash of Imaginary Entities;2;Qualifying B;Cronus;174393;Greek Myth - Titans & Primordials;0;164;0
24/25;2024-10-02;Arena of Echoes;tournament;Clash of Imaginary Entities;2;Qualifying B;Cronus;174393;Greek Myth - Titans & Primordials;1;188;0
24/25;2024-10-02;Arena of Echoes;tournament;Clash of Imaginary Entities;2;Qualifying B;Cronus;174393;Greek Myth - Titans & Primordials;2;200;0
24/25;2024-10-02;Arena of Echoes;tournament;Clash of Imaginary Entities;2;Qualifying B;Cronus;174393;Greek Myth - Titans & Primordials;3;233;0
24/25;2024-10-02;Arena of Echoes;tournament;Clash of Imaginary Entities;2;Qualifying B;Ra;143286;Egyptian Myth - Solar Court;0;185;0
24/25;2024-10-02;Arena of Echoes;tournament;Clash of Imaginary Entities;2;Qualifying B;Ra;143286;Egyptian Myth - Solar Court;1;258;0
24/25;2024-10-02;Arena of Echoes;tournament;Clash of Imaginary Entities;2;Qualifying B;Ra;143286;Egyptian Myth - Solar Court;2;222;0
24/25;2024-10-02;Arena of Echoes;tournament;Clash of Imaginary Entities;2;Qualifying B;Ra;143286;Egyptian Myth - Solar Court;3;171;0
24/25;2024-10-02;Arena of Echoes;tournament;Clash of Imaginary Entities;2;Qualifying B;Zeus;139274;Greek Myth - Olympians;0;235;0
24/25;2024-10-02;Arena of Echoes;tournament;Clash of Imaginary Entities;2;Qualifying B;Zeus;139274;Greek Myth - Olympians;1;205;0
24/25;2024-10-02;Arena of Echoes;tournament;Clash of Imaginary Entities;2;Qualifying B;Zeus;139274;Greek Myth - Olympians;2;207;0
24/25;2024-10-02;Arena of Echoes;tournament;Clash of Imaginary Entities;2;Qualifying B;Zeus;139274;Greek Myth - Olympians;3;206;0
24/25;2024-10-02;Arena of Echoes;tournament;Clash of Imaginary Entities;2;Qualifying B;Loki;150650;Norse Myth - Giants & Tricksters;0;245;0
24/25;2024-10-02;Arena of Echoes;tournament;Clash of Imaginary Entities;2;Qualifying B;Loki;150650;Norse Myth - Giants & Tricksters;1;250;0
24/25;2024-10-02;Arena of Echoes;tournament;Clash of Imaginary Entities;2;Qualifying B;Loki;150650;Norse Myth - Giants & Tricksters;2;228;0
24/25;2024-10-02;Arena of Echoes;tournament;Clash of Imaginary Entities;2;Qualifying B;Loki;150650;Norse Myth - Giants & Tricksters;3;234;0
24/25;2024-10-02;Arena of Echoes;tournament;Clash of Imaginary Entities;2;Qualifying B;Vishnu;126083;Hindu Myth - Devas;0;192;0
24/25;2024-10-02;Arena of Echoes;tournament;Clash of Imaginary Entities;2;Qualifying B;Vishnu;126083;Hindu Myth - Devas;1;216;0
24/25;2024-10-02;Arena of Echoes;tournament;Clash of Imaginary Entities;2;Qualifying B;Vishnu;126083;Hindu Myth - Devas;2;198;0
24/25;2024-10-02;Arena of Echoes;tournament;Clash of Imaginary Entities;2;Qualifying B;Vishnu;126083;Hindu Myth - Devas;3;203;0
24/25;2024-10-02;Arena of Echoes;tournament;Clash of Imaginary Entities;2;Qualifying B;Lugh;174647;Celtic Myth - Tuatha De Danann;0;211;0
24/25;2024-10-02;Arena of Echoes;tournament;Clash of Imaginary Entities;2;Qualifying B;Lugh;174647;Celtic Myth - Tuatha De Danann;1;193;0
24/25;2024-10-02;Arena of Echoes;tournament;Clash of Imaginary Entities;2;Qualifying B;Lugh;174647;Celtic Myth - Tuatha De Danann;2;239;0
24/25;2024-10-02;Arena of Echoes;tournament;Clash of Imaginary Entities;2;Qualifying B;Lugh;174647;Celtic Myth - Tuatha De Danann;3;209;0
24/25;2024-10-02;Arena of Echoes;tournament;Clash of Imaginary Entities;2;Qualifying B;Anubis;175219;Egyptian Myth - Underworld Powers;0;209;0
24/25;2024-10-02;Arena of Echoes;tournament;Clash of Imaginary Entities;2;Qualifying B;Anubis;175219;Egyptian Myth - Underworld Powers;1;189;0
24/25;2024-10-02;Arena of Echoes;tournament;Clash of Imaginary Entities;2;Qualifying B;Anubis;175219;Egyptian Myth - Underworld Powers;2;212;0
24/25;2024-10-02;Arena of Echoes;tournament;Clash of Imaginary Entities;2;Qualifying B;Anubis;175219;Egyptian Myth - Underworld Powers;3;221;0
24/25;2024-10-02;Arena of Echoes;tournament;Clash of Imaginary Entities;2;Qualifying B;Ravana;126986;Hindu Myth - Asuras;0;180;0
24/25;2024-10-02;Arena of Echoes;tournament;Clash of Imaginary Entities;2;Qualifying B;Ravana;126986;Hindu Myth - Asuras;1;180;0
24/25;2024-10-02;Arena of Echoes;tournament;Clash of Imaginary Entities;2;Qualifying B;Ravana;126986;Hindu Myth - Asuras;2;192;0
24/25;2024-10-02;Arena of Echoes;tournament;Clash of Imaginary Entities;2;Qualifying B;Ravana;126986;Hindu Myth - Asuras;3;173;0
24/25;2024-10-02;Arena of Echoes;tournament;Clash of Imaginary Entities;2;Qualifying B;Bres;112221;Celtic Myth - Fomorians;0;206;0
24/25;2024-10-02;Arena of Echoes;tournament;Clash of Imaginary Entities;2;Qualifying B;Bres;112221;Celtic Myth - Fomorians;1;209;0
24/25;2024-10-02;Arena of Echoes;tournament;Clash of Imaginary Entities;2;Qualifying B;Bres;112221;Celtic Myth - Fomorians;2;197;0
24/25;2024-10-02;Arena of Echoes;tournament;Clash of Imaginary Entities;2;Qualifying B;Bres;112221;Celtic Myth - Fomorians;3;206;0
24/25;2024-10-02;Arena of Echoes;tournament;Clash of Imaginary Entities;2;Qualifying B;Ishtar;172470;Mesopotamian Myth - Sky Kings;0;200;0
24/25;2024-10-02;Arena of Echoes;tournament;Clash of Imaginary Entities;2;Qualifying B;Ishtar;172470;Mesopotamian Myth - Sky Kings;1;203;0
24/25;2024-10-02;Arena of Echoes;tournament;Clash of Imaginary Entities;2;Qualifying B;Ishtar;172470;Mesopotamian Myth - Sky Kings;2;196;0
24/25;2024-10-02;Arena of Echoes;tournament;Clash of Imaginary Entities;2;Qualifying B;Ishtar;172470;Mesopotamian Myth - Sky Kings;3;206;0
24/25;2024-10-02;Arena of Echoes;tournament;Clash of Imaginary Entities;2;Qualifying B;Marduk;188458;Mesopotamian Myth - Sky Kings;0;209;0
24/25;2024-10-02;Arena of Echoes;tournament;Clash of Imaginary Entities;2;Qualifying B;Marduk;188458;Mesopotamian Myth - Sky Kings;1;199;0
24/25;2024-10-02;Arena of Echoes;tournament;Clash of Imaginary Entities;2;Qualifying B;Marduk;188458;Mesopotamian Myth - Sky Kings;2;237;0
24/25;2024-10-02;Arena of Echoes;tournament;Clash of Imaginary Entities;2;Qualifying B;Marduk;188458;Mesopotamian Myth - Sky Kings;3;200;0
24/25;2024-10-02;Arena of Echoes;tournament;Clash of Imaginary Entities;2;Qualifying B;Thor;151201;Norse Myth - Aesir;0;194;0
24/25;2024-10-02;Arena of Echoes;tournament;Clash of Imaginary Entities;2;Qualifying B;Thor;151201;Norse Myth - Aesir;1;207;0
24/25;2024-10-02;Arena of Echoes;tournament;Clash of Imaginary Entities;2;Qualifying B;Thor;151201;Norse Myth - Aesir;2;191;0
24/25;2024-10-02;Arena of Echoes;tournament;Clash of Imaginary Entities;2;Qualifying B;Thor;151201;Norse Myth - Aesir;3;180;0
24/25;2024-10-02;Arena of Echoes;tournament;Clash of Imaginary Entities;2;Qualifying B;Horus;174473;Egyptian Myth - Solar Court;0;179;0
24/25;2024-10-02;Arena of Echoes;tournament;Clash of Imaginary Entities;2;Qualifying B;Horus;174473;Egyptian Myth - Solar Court;1;186;0
24/25;2024-10-02;Arena of Echoes;tournament;Clash of Imaginary Entities;2;Qualifying B;Horus;174473;Egyptian Myth - Solar Court;2;175;0
24/25;2024-10-02;Arena of Echoes;tournament;Clash of Imaginary Entities;2;Qualifying B;Horus;174473;Egyptian Myth - Solar Court;3;187;0
24/25;2024-10-03;Arena of Echoes;tournament;Clash of Imaginary Entities;3;Positioning;Darth Vader;68024;Star Wars - Sith Empire;0;226;0
24/25;2024-10-03;Arena of Echoes;tournament;Clash of Imaginary Entities;3;Positioning;Darth Vader;68024;Star Wars - Sith Empire;1;211;0
24/25;2024-10-03;Arena of Echoes;tournament;Clash of Imaginary Entities;3;Positioning;Darth Vader;68024;Star Wars - Sith Empire;2;222;0
24/25;2024-10-03;Arena of Echoes;tournament;Clash of Imaginary Entities;3;Positioning;Darth Vader;68024;Star Wars - Sith Empire;3;231;0
24/25;2024-10-03;Arena of Echoes;tournament;Clash of Imaginary Entities;3;Positioning;Loki;150650;Norse Myth - Giants & Tricksters;0;231;0
24/25;2024-10-03;Arena of Echoes;tournament;Clash of Imaginary Entities;3;Positioning;Loki;150650;Norse Myth - Giants & Tricksters;1;174;0
24/25;2024-10-03;Arena of Echoes;tournament;Clash of Imaginary Entities;3;Positioning;Loki;150650;Norse Myth - Giants & Tricksters;2;215;0
24/25;2024-10-03;Arena of Echoes;tournament;Clash of Imaginary Entities;3;Positioning;Loki;150650;Norse Myth - Giants & Tricksters;3;204;0
24/25;2024-10-03;Arena of Echoes;tournament;Clash of Imaginary Entities;3;Positioning;Odin;126765;Norse Myth - Aesir;0;228;0
24/25;2024-10-03;Arena of Echoes;tournament;Clash of Imaginary Entities;3;Positioning;Odin;126765;Norse Myth - Aesir;1;196;0
24/25;2024-10-03;Arena of Echoes;tournament;Clash of Imaginary Entities;3;Positioning;Odin;126765;Norse Myth - Aesir;2;209;0
24/25;2024-10-03;Arena of Echoes;tournament;Clash of Imaginary Entities;3;Positioning;Odin;126765;Norse Myth - Aesir;3;212;0
24/25;2024-10-03;Arena of Echoes;tournament;Clash of Imaginary Entities;3;Positioning;Zeus;139274;Greek Myth - Olympians;0;210;0
24/25;2024-10-03;Arena of Echoes;tournament;Clash of Imaginary Entities;3;Positioning;Zeus;139274;Greek Myth - Olympians;1;238;0
24/25;2024-10-03;Arena of Echoes;tournament;Clash of Imaginary Entities;3;Positioning;Zeus;139274;Greek Myth - Olympians;2;230;0
24/25;2024-10-03;Arena of Echoes;tournament;Clash of Imaginary Entities;3;Positioning;Zeus;139274;Greek Myth - Olympians;3;199;0
24/25;2024-10-03;Arena of Echoes;tournament;Clash of Imaginary Entities;3;Positioning;Harry Potter;52082;Harry Potter - Order of the Phoenix;0;196;0
24/25;2024-10-03;Arena of Echoes;tournament;Clash of Imaginary Entities;3;Positioning;Harry Potter;52082;Harry Potter - Order of the Phoenix;1;225;0
24/25;2024-10-03;Arena of Echoes;tournament;Clash of Imaginary Entities;3;Positioning;Harry Potter;52082;Harry Potter - Order of the Phoenix;2;200;0
24/25;2024-10-03;Arena of Echoes;tournament;Clash of Imaginary Entities;3;Positioning;Harry Potter;52082;Harry Potter - Order of the Phoenix;3;214;0
24/25;2024-10-03;Arena of Echoes;tournament;Clash of Imaginary Entities;3;Positioning;Illusive Man;86178;Mass Effect - Cerberus-Reapers;0;253;0
24/25;2024-10-03;Arena of Echoes;tournament;Clash of Imaginary Entities;3;Positioning;Illusive Man;86178;Mass Effect - Cerberus-Reapers;1;229;0
24/25;2024-10-03;Arena of Echoes;tournament;Clash of Imaginary Entities;3;Positioning;Illusive Man;86178;Mass Effect - Cerberus-Reapers;2;213;0
24/25;2024-10-03;Arena of Echoes;tournament;Clash of Imaginary Entities;3;Positioning;Illusive Man;86178;Mass Effect - Cerberus-Reapers;3;214;0
24/25;2024-10-03;Arena of Echoes;tournament;Clash of Imaginary Entities;3;Positioning;Maleficent;74911;Disney Characters - Disney Villains;0;221;0
24/25;2024-10-03;Arena of Echoes;tournament;Clash of Imaginary Entities;3;Positioning;Maleficent;74911;Disney Characters - Disney Villains;1;215;0
24/25;2024-10-03;Arena of Echoes;tournament;Clash of Imaginary Entities;3;Positioning;Maleficent;74911;Disney Characters - Disney Villains;2;215;0
24/25;2024-10-03;Arena of Echoes;tournament;Clash of Imaginary Entities;3;Positioning;Maleficent;74911;Disney Characters - Disney Villains;3;239;0
24/25;2024-10-03;Arena of Echoes;tournament;Clash of Imaginary Entities;3;Positioning;Abaddon the Despoiler;54558;Warhammer 40K - Chaos;0;197;0
24/25;2024-10-03;Arena of Echoes;tournament;Clash of Imaginary Entities;3;Positioning;Abaddon the Despoiler;54558;Warhammer 40K - Chaos;1;237;0
24/25;2024-10-03;Arena of Echoes;tournament;Clash of Imaginary Entities;3;Positioning;Abaddon the Despoiler;54558;Warhammer 40K - Chaos;2;218;0
24/25;2024-10-03;Arena of Echoes;tournament;Clash of Imaginary Entities;3;Positioning;Abaddon the Despoiler;54558;Warhammer 40K - Chaos;3;187;0
24/25;2024-10-03;Arena of Echoes;tournament;Clash of Imaginary Entities;3;Positioning;Marduk;188458;Mesopotamian Myth - Sky Kings;0;224;0
24/25;2024-10-03;Arena of Echoes;tournament;Clash of Imaginary Entities;3;Positioning;Marduk;188458;Mesopotamian Myth - Sky Kings;1;205;0
24/25;2024-10-03;Arena of Echoes;tournament;Clash of Imaginary Entities;3;Positioning;Marduk;188458;Mesopotamian Myth - Sky Kings;2;210;0
24/25;2024-10-03;Arena of Echoes;tournament;Clash of Imaginary Entities;3;Positioning;Marduk;188458;Mesopotamian Myth - Sky Kings;3;200;0
24/25;2024-10-03;Arena of Echoes;tournament;Clash of Imaginary Entities;3;Positioning;Mahishasura;137200;Hindu Myth - Asuras;0;216;0
24/25;2024-10-03;Arena of Echoes;tournament;Clash of Imaginary Entities;3;Positioning;Mahishasura;137200;Hindu Myth - Asuras;1;224;0
24/25;2024-10-03;Arena of Echoes;tournament;Clash of Imaginary Entities;3;Positioning;Mahishasura;137200;Hindu Myth - Asuras;2;218;0
24/25;2024-10-03;Arena of Echoes;tournament;Clash of Imaginary Entities;3;Positioning;Mahishasura;137200;Hindu Myth - Asuras;3;229;0
24/25;2024-10-03;Arena of Echoes;tournament;Clash of Imaginary Entities;3;Positioning;Balor;139930;Celtic Myth - Fomorians;0;206;0
24/25;2024-10-03;Arena of Echoes;tournament;Clash of Imaginary Entities;3;Positioning;Balor;139930;Celtic Myth - Fomorians;1;216;0
24/25;2024-10-03;Arena of Echoes;tournament;Clash of Imaginary Entities;3;Positioning;Balor;139930;Celtic Myth - Fomorians;2;191;0
24/25;2024-10-03;Arena of Echoes;tournament;Clash of Imaginary Entities;3;Positioning;Balor;139930;Celtic Myth - Fomorians;3;220;0
24/25;2024-10-03;Arena of Echoes;tournament;Clash of Imaginary Entities;3;Positioning;Osiris;179670;Egyptian Myth - Underworld Powers;0;219;0
24/25;2024-10-03;Arena of Echoes;tournament;Clash of Imaginary Entities;3;Positioning;Osiris;179670;Egyptian Myth - Underworld Powers;1;207;0
24/25;2024-10-03;Arena of Echoes;tournament;Clash of Imaginary Entities;3;Positioning;Osiris;179670;Egyptian Myth - Underworld Powers;2;218;0
24/25;2024-10-03;Arena of Echoes;tournament;Clash of Imaginary Entities;3;Positioning;Osiris;179670;Egyptian Myth - Underworld Powers;3;227;0
24/25;2024-10-03;Arena of Echoes;tournament;Clash of Imaginary Entities;3;Positioning;Gandalf;98265;Lord of the Rings - Free Peoples;0;216;0
24/25;2024-10-03;Arena of Echoes;tournament;Clash of Imaginary Entities;3;Positioning;Gandalf;98265;Lord of the Rings - Free Peoples;1;204;0
24/25;2024-10-03;Arena of Echoes;tournament;Clash of Imaginary Entities;3;Positioning;Gandalf;98265;Lord of the Rings - Free Peoples;2;213;0
24/25;2024-10-03;Arena of Echoes;tournament;Clash of Imaginary Entities;3;Positioning;Gandalf;98265;Lord of the Rings - Free Peoples;3;200;0
24/25;2024-10-03;Arena of Echoes;tournament;Clash of Imaginary Entities;3;Positioning;Sauron;85741;Lord of the Rings - Forces of Mordor;0;234;0
24/25;2024-10-03;Arena of Echoes;tournament;Clash of Imaginary Entities;3;Positioning;Sauron;85741;Lord of the Rings - Forces of Mordor;1;213;0
24/25;2024-10-03;Arena of Echoes;tournament;Clash of Imaginary Entities;3;Positioning;Sauron;85741;Lord of the Rings - Forces of Mordor;2;235;0
24/25;2024-10-03;Arena of Echoes;tournament;Clash of Imaginary Entities;3;Positioning;Sauron;85741;Lord of the Rings - Forces of Mordor;3;244;0
24/25;2024-10-03;Arena of Echoes;tournament;Clash of Imaginary Entities;3;Positioning;Jean-Luc Picard;56338;Star Trek - Federation;0;203;0
24/25;2024-10-03;Arena of Echoes;tournament;Clash of Imaginary Entities;3;Positioning;Jean-Luc Picard;56338;Star Trek - Federation;1;222;0
24/25;2024-10-03;Arena of Echoes;tournament;Clash of Imaginary Entities;3;Positioning;Jean-Luc Picard;56338;Star Trek - Federation;2;228;0
24/25;2024-10-03;Arena of Echoes;tournament;Clash of Imaginary Entities;3;Positioning;Jean-Luc Picard;56338;Star Trek - Federation;3;225;0
24/25;2024-10-03;Arena of Echoes;tournament;Clash of Imaginary Entities;3;Positioning;Mickey Mouse;68965;Disney Characters - Disney Heroes;0;226;0
24/25;2024-10-03;Arena of Echoes;tournament;Clash of Imaginary Entities;3;Positioning;Mickey Mouse;68965;Disney Characters - Disney Heroes;1;248;0
24/25;2024-10-03;Arena of Echoes;tournament;Clash of Imaginary Entities;3;Positioning;Mickey Mouse;68965;Disney Characters - Disney Heroes;2;217;0
24/25;2024-10-03;Arena of Echoes;tournament;Clash of Imaginary Entities;3;Positioning;Mickey Mouse;68965;Disney Characters - Disney Heroes;3;224;0
24/25;2024-10-03;Arena of Echoes;tournament;Clash of Imaginary Entities;3;Positioning;Tiamat;190311;Mesopotamian Myth - Chaos Ancients;0;193;0
24/25;2024-10-03;Arena of Echoes;tournament;Clash of Imaginary Entities;3;Positioning;Tiamat;190311;Mesopotamian Myth - Chaos Ancients;1;219;0
24/25;2024-10-03;Arena of Echoes;tournament;Clash of Imaginary Entities;3;Positioning;Tiamat;190311;Mesopotamian Myth - Chaos Ancients;2;214;0
24/25;2024-10-03;Arena of Echoes;tournament;Clash of Imaginary Entities;3;Positioning;Tiamat;190311;Mesopotamian Myth - Chaos Ancients;3;213;0
24/25;2024-10-03;Arena of Echoes;tournament;Clash of Imaginary Entities;3;Positioning;Jon Snow;86781;Game of Thrones - Stark-Targaryen Alliance;0;204;0
24/25;2024-10-03;Arena of Echoes;tournament;Clash of Imaginary Entities;3;Positioning;Jon Snow;86781;Game of Thrones - Stark-Targaryen Alliance;1;203;0
24/25;2024-10-03;Arena of Echoes;tournament;Clash of Imaginary Entities;3;Positioning;Jon Snow;86781;Game of Thrones - Stark-Targaryen Alliance;2;206;0
24/25;2024-10-03;Arena of Echoes;tournament;Clash of Imaginary Entities;3;Positioning;Jon Snow;86781;Game of Thrones - Stark-Targaryen Alliance;3;202;0
24/25;2024-10-03;Arena of Echoes;tournament;Clash of Imaginary Entities;3;Positioning;Worf;67335;Star Trek - Klingon-Romulan;0;208;0
24/25;2024-10-03;Arena of Echoes;tournament;Clash of Imaginary Entities;3;Positioning;Worf;67335;Star Trek - Klingon-Romulan;1;217;0
24/25;2024-10-03;Arena of Echoes;tournament;Clash of Imaginary Entities;3;Positioning;Worf;67335;Star Trek - Klingon-Romulan;2;222;0
24/25;2024-10-03;Arena of Echoes;tournament;Clash of Imaginary Entities;3;Positioning;Worf;67335;Star Trek - Klingon-Romulan;3;228;0
24/25;2024-10-03;Arena of Echoes;tournament;Clash of Imaginary Entities;3;Positioning;The Dagda;143101;Celtic Myth - Tuatha De Danann;0;209;0
24/25;2024-10-03;Arena of Echoes;tournament;Clash of Imaginary Entities;3;Positioning;The Dagda;143101;Celtic Myth - Tuatha De Danann;1;222;0
24/25;2024-10-03;Arena of Echoes;tournament;Clash of Imaginary Entities;3;Positioning;The Dagda;143101;Celtic Myth - Tuatha De Danann;2;213;0
24/25;2024-10-03;Arena of Echoes;tournament;Clash of Imaginary Entities;3;Positioning;The Dagda;143101;Celtic Myth - Tuatha De Danann;3;207;0
24/25;2024-10-03;Arena of Echoes;tournament;Clash of Imaginary Entities;4;Elimination;Darth Vader;68024;Star Wars - Sith Empire;0;222;0
24/25;2024-10-03;Arena of Echoes;tournament;Clash of Imaginary Entities;4;Elimination;Illusive Man;86178;Mass Effect - Cerberus-Reapers;0;223;0
24/25;2024-10-03;Arena of Echoes;tournament;Clash of Imaginary Entities;4;Elimination;Maleficent;74911;Disney Characters - Disney Villains;0;186;0
24/25;2024-10-03;Arena of Echoes;tournament;Clash of Imaginary Entities;4;Elimination;Zeus;139274;Greek Myth - Olympians;0;229;0
24/25;2024-10-03;Arena of Echoes;tournament;Clash of Imaginary Entities;4;Elimination;Sauron;85741;Lord of the Rings - Forces of Mordor;0;251;0
24/25;2024-10-03;Arena of Echoes;tournament;Clash of Imaginary Entities;4;Elimination;Sauron;85741;Lord of the Rings - Forces of Mordor;1;243;0
24/25;2024-10-03;Arena of Echoes;tournament;Clash of Imaginary Entities;4;Elimination;Zeus;139274;Greek Myth - Olympians;1;223;0
24/25;2024-10-03;Arena of Echoes;tournament;Clash of Imaginary Entities;4;Elimination;Illusive Man;86178;Mass Effect - Cerberus-Reapers;1;256;0
24/25;2024-10-03;Arena of Echoes;tournament;Clash of Imaginary Entities;4;Elimination;Darth Vader;68024;Star Wars - Sith Empire;1;230;0
24/25;2024-10-03;Arena of Echoes;tournament;Clash of Imaginary Entities;4;Elimination;Illusive Man;86178;Mass Effect - Cerberus-Reapers;2;218;0
24/25;2024-10-03;Arena of Echoes;tournament;Clash of Imaginary Entities;4;Elimination;Sauron;85741;Lord of the Rings - Forces of Mordor;2;233;0
24/25;2024-10-03;Arena of Echoes;tournament;Clash of Imaginary Entities;4;Elimination;Darth Vader;68024;Star Wars - Sith Empire;2;223;0
24/25;2024-10-03;Arena of Echoes;tournament;Clash of Imaginary Entities;4;Elimination;Sauron;85741;Lord of the Rings - Forces of Mordor;3;206;0
24/25;2024-10-03;Arena of Echoes;tournament;Clash of Imaginary Entities;4;Elimination;Darth Vader;68024;Star Wars - Sith Empire;3;210;0
25/26;2025-10-02;Arena of Echoes;tournament;Clash of Imaginary Entities;1;Qualifying A;Gandalf;98265;Lord of the Rings - Free Peoples;0;207;0
25/26;2025-10-02;Arena of Echoes;tournament;Clash of Imaginary Entities;1;Qualifying A;Gandalf;98265;Lord of the Rings - Free Peoples;1;223;0
25/26;2025-10-02;Arena of Echoes;tournament;Clash of Imaginary Entities;1;Qualifying A;Gandalf;98265;Lord of the Rings - Free Peoples;2;236;0
25/26;2025-10-02;Arena of Echoes;tournament;Clash of Imaginary Entities;1;Qualifying A;Gandalf;98265;Lord of the Rings - Free Peoples;3;208;0
25/26;2025-10-02;Arena of Echoes;tournament;Clash of Imaginary Entities;1;Qualifying A;Harry Potter;52082;Harry Potter - Order of the Phoenix;0;238;0
25/26;2025-10-02;Arena of Echoes;tournament;Clash of Imaginary Entities;1;Qualifying A;Harry Potter;52082;Harry Potter - Order of the Phoenix;1;215;0
25/26;2025-10-02;Arena of Echoes;tournament;Clash of Imaginary Entities;1;Qualifying A;Harry Potter;52082;Harry Potter - Order of the Phoenix;2;222;0
25/26;2025-10-02;Arena of Echoes;tournament;Clash of Imaginary Entities;1;Qualifying A;Harry Potter;52082;Harry Potter - Order of the Phoenix;3;214;0
25/26;2025-10-02;Arena of Echoes;tournament;Clash of Imaginary Entities;1;Qualifying A;Guybrush Threepwood;99729;LucasArts Games - Monkey Island & Legacy;0;240;0
25/26;2025-10-02;Arena of Echoes;tournament;Clash of Imaginary Entities;1;Qualifying A;Guybrush Threepwood;99729;LucasArts Games - Monkey Island & Legacy;1;227;0
25/26;2025-10-02;Arena of Echoes;tournament;Clash of Imaginary Entities;1;Qualifying A;Guybrush Threepwood;99729;LucasArts Games - Monkey Island & Legacy;2;223;0
25/26;2025-10-02;Arena of Echoes;tournament;Clash of Imaginary Entities;1;Qualifying A;Guybrush Threepwood;99729;LucasArts Games - Monkey Island & Legacy;3;223;0
25/26;2025-10-02;Arena of Echoes;tournament;Clash of Imaginary Entities;1;Qualifying A;Jean-Luc Picard;56338;Star Trek - Federation;0;215;0
25/26;2025-10-02;Arena of Echoes;tournament;Clash of Imaginary Entities;1;Qualifying A;Jean-Luc Picard;56338;Star Trek - Federation;1;208;0
25/26;2025-10-02;Arena of Echoes;tournament;Clash of Imaginary Entities;1;Qualifying A;Jean-Luc Picard;56338;Star Trek - Federation;2;213;0
25/26;2025-10-02;Arena of Echoes;tournament;Clash of Imaginary Entities;1;Qualifying A;Jean-Luc Picard;56338;Star Trek - Federation;3;205;0
25/26;2025-10-02;Arena of Echoes;tournament;Clash of Imaginary Entities;1;Qualifying A;Illusive Man;86178;Mass Effect - Cerberus-Reapers;0;216;0
25/26;2025-10-02;Arena of Echoes;tournament;Clash of Imaginary Entities;1;Qualifying A;Illusive Man;86178;Mass Effect - Cerberus-Reapers;1;216;0
25/26;2025-10-02;Arena of Echoes;tournament;Clash of Imaginary Entities;1;Qualifying A;Illusive Man;86178;Mass Effect - Cerberus-Reapers;2;207;0
25/26;2025-10-02;Arena of Echoes;tournament;Clash of Imaginary Entities;1;Qualifying A;Illusive Man;86178;Mass Effect - Cerberus-Reapers;3;228;0
25/26;2025-10-02;Arena of Echoes;tournament;Clash of Imaginary Entities;1;Qualifying A;Lord Voldemort;65247;Harry Potter - Death Eaters;0;213;0
25/26;2025-10-02;Arena of Echoes;tournament;Clash of Imaginary Entities;1;Qualifying A;Lord Voldemort;65247;Harry Potter - Death Eaters;1;201;0
25/26;2025-10-02;Arena of Echoes;tournament;Clash of Imaginary Entities;1;Qualifying A;Lord Voldemort;65247;Harry Potter - Death Eaters;2;193;0
25/26;2025-10-02;Arena of Echoes;tournament;Clash of Imaginary Entities;1;Qualifying A;Lord Voldemort;65247;Harry Potter - Death Eaters;3;199;0
25/26;2025-10-02;Arena of Echoes;tournament;Clash of Imaginary Entities;1;Qualifying A;Roboute Guilliman;73700;Warhammer 40K - Imperium;0;243;0
25/26;2025-10-02;Arena of Echoes;tournament;Clash of Imaginary Entities;1;Qualifying A;Roboute Guilliman;73700;Warhammer 40K - Imperium;1;243;0
25/26;2025-10-02;Arena of Echoes;tournament;Clash of Imaginary Entities;1;Qualifying A;Roboute Guilliman;73700;Warhammer 40K - Imperium;2;198;0
25/26;2025-10-02;Arena of Echoes;tournament;Clash of Imaginary Entities;1;Qualifying A;Roboute Guilliman;73700;Warhammer 40K - Imperium;3;204;0
25/26;2025-10-02;Arena of Echoes;tournament;Clash of Imaginary Entities;1;Qualifying A;Worf;67335;Star Trek - Klingon-Romulan;0;234;0
25/26;2025-10-02;Arena of Echoes;tournament;Clash of Imaginary Entities;1;Qualifying A;Worf;67335;Star Trek - Klingon-Romulan;1;220;0
25/26;2025-10-02;Arena of Echoes;tournament;Clash of Imaginary Entities;1;Qualifying A;Worf;67335;Star Trek - Klingon-Romulan;2;203;0
25/26;2025-10-02;Arena of Echoes;tournament;Clash of Imaginary Entities;1;Qualifying A;Worf;67335;Star Trek - Klingon-Romulan;3;216;0
25/26;2025-10-02;Arena of Echoes;tournament;Clash of Imaginary Entities;1;Qualifying A;Luke Skywalker;91905;Star Wars - Jedi Order;0;221;0
25/26;2025-10-02;Arena of Echoes;tournament;Clash of Imaginary Entities;1;Qualifying A;Luke Skywalker;91905;Star Wars - Jedi Order;1;198;0
25/26;2025-10-02;Arena of Echoes;tournament;Clash of Imaginary Entities;1;Qualifying A;Luke Skywalker;91905;Star Wars - Jedi Order;2;203;0
25/26;2025-10-02;Arena of Echoes;tournament;Clash of Imaginary Entities;1;Qualifying A;Luke Skywalker;91905;Star Wars - Jedi Order;3;213;0
25/26;2025-10-02;Arena of Echoes;tournament;Clash of Imaginary Entities;1;Qualifying A;Mara Jade;88618;LucasArts Games - Jedi Knight Era;0;203;0
25/26;2025-10-02;Arena of Echoes;tournament;Clash of Imaginary Entities;1;Qualifying A;Mara Jade;88618;LucasArts Games - Jedi Knight Era;1;219;0
25/26;2025-10-02;Arena of Echoes;tournament;Clash of Imaginary Entities;1;Qualifying A;Mara Jade;88618;LucasArts Games - Jedi Knight Era;2;214;0
25/26;2025-10-02;Arena of Echoes;tournament;Clash of Imaginary Entities;1;Qualifying A;Mara Jade;88618;LucasArts Games - Jedi Knight Era;3;215;0
25/26;2025-10-02;Arena of Echoes;tournament;Clash of Imaginary Entities;1;Qualifying A;Darth Vader;68024;Star Wars - Sith Empire;0;204;0
25/26;2025-10-02;Arena of Echoes;tournament;Clash of Imaginary Entities;1;Qualifying A;Darth Vader;68024;Star Wars - Sith Empire;1;212;0
25/26;2025-10-02;Arena of Echoes;tournament;Clash of Imaginary Entities;1;Qualifying A;Darth Vader;68024;Star Wars - Sith Empire;2;208;0
25/26;2025-10-02;Arena of Echoes;tournament;Clash of Imaginary Entities;1;Qualifying A;Darth Vader;68024;Star Wars - Sith Empire;3;211;0
25/26;2025-10-02;Arena of Echoes;tournament;Clash of Imaginary Entities;1;Qualifying A;Jon Snow;86781;Game of Thrones - Stark-Targaryen Alliance;0;216;0
25/26;2025-10-02;Arena of Echoes;tournament;Clash of Imaginary Entities;1;Qualifying A;Jon Snow;86781;Game of Thrones - Stark-Targaryen Alliance;1;211;0
25/26;2025-10-02;Arena of Echoes;tournament;Clash of Imaginary Entities;1;Qualifying A;Jon Snow;86781;Game of Thrones - Stark-Targaryen Alliance;2;203;0
25/26;2025-10-02;Arena of Echoes;tournament;Clash of Imaginary Entities;1;Qualifying A;Jon Snow;86781;Game of Thrones - Stark-Targaryen Alliance;3;194;0
25/26;2025-10-02;Arena of Echoes;tournament;Clash of Imaginary Entities;1;Qualifying A;Cersei Lannister;95962;Game of Thrones - Lannister-Crown;0;219;0
25/26;2025-10-02;Arena of Echoes;tournament;Clash of Imaginary Entities;1;Qualifying A;Cersei Lannister;95962;Game of Thrones - Lannister-Crown;1;237;0
25/26;2025-10-02;Arena of Echoes;tournament;Clash of Imaginary Entities;1;Qualifying A;Cersei Lannister;95962;Game of Thrones - Lannister-Crown;2;257;0
25/26;2025-10-02;Arena of Echoes;tournament;Clash of Imaginary Entities;1;Qualifying A;Cersei Lannister;95962;Game of Thrones - Lannister-Crown;3;236;0
25/26;2025-10-02;Arena of Echoes;tournament;Clash of Imaginary Entities;1;Qualifying A;LeChuck;60463;LucasArts Games - Monkey Island & Legacy;0;209;0
25/26;2025-10-02;Arena of Echoes;tournament;Clash of Imaginary Entities;1;Qualifying A;LeChuck;60463;LucasArts Games - Monkey Island & Legacy;1;204;0
25/26;2025-10-02;Arena of Echoes;tournament;Clash of Imaginary Entities;1;Qualifying A;LeChuck;60463;LucasArts Games - Monkey Island & Legacy;2;199;0
25/26;2025-10-02;Arena of Echoes;tournament;Clash of Imaginary Entities;1;Qualifying A;LeChuck;60463;LucasArts Games - Monkey Island & Legacy;3;205;0
25/26;2025-10-02;Arena of Echoes;tournament;Clash of Imaginary Entities;1;Qualifying A;Emperor Palpatine;66049;Star Wars - Sith Empire;0;224;0
25/26;2025-10-02;Arena of Echoes;tournament;Clash of Imaginary Entities;1;Qualifying A;Emperor Palpatine;66049;Star Wars - Sith Empire;1;200;0
25/26;2025-10-02;Arena of Echoes;tournament;Clash of Imaginary Entities;1;Qualifying A;Emperor Palpatine;66049;Star Wars - Sith Empire;2;214;0
25/26;2025-10-02;Arena of Echoes;tournament;Clash of Imaginary Entities;1;Qualifying A;Emperor Palpatine;66049;Star Wars - Sith Empire;3;214;0
25/26;2025-10-02;Arena of Echoes;tournament;Clash of Imaginary Entities;1;Qualifying A;Harbinger;69213;Mass Effect - Cerberus-Reapers;0;205;0
25/26;2025-10-02;Arena of Echoes;tournament;Clash of Imaginary Entities;1;Qualifying A;Harbinger;69213;Mass Effect - Cerberus-Reapers;1;220;0
25/26;2025-10-02;Arena of Echoes;tournament;Clash of Imaginary Entities;1;Qualifying A;Harbinger;69213;Mass Effect - Cerberus-Reapers;2;231;0
25/26;2025-10-02;Arena of Echoes;tournament;Clash of Imaginary Entities;1;Qualifying A;Harbinger;69213;Mass Effect - Cerberus-Reapers;3;212;0
25/26;2025-10-02;Arena of Echoes;tournament;Clash of Imaginary Entities;1;Qualifying A;Gowron;52847;Star Trek - Klingon-Romulan;0;217;0
25/26;2025-10-02;Arena of Echoes;tournament;Clash of Imaginary Entities;1;Qualifying A;Gowron;52847;Star Trek - Klingon-Romulan;1;216;0
25/26;2025-10-02;Arena of Echoes;tournament;Clash of Imaginary Entities;1;Qualifying A;Gowron;52847;Star Trek - Klingon-Romulan;2;217;0
25/26;2025-10-02;Arena of Echoes;tournament;Clash of Imaginary Entities;1;Qualifying A;Gowron;52847;Star Trek - Klingon-Romulan;3;220;0
25/26;2025-10-02;Arena of Echoes;tournament;Clash of Imaginary Entities;1;Qualifying A;Feyd-Rautha;56698;Dune - Harkonnen-Sardaukar;0;211;0
25/26;2025-10-02;Arena of Echoes;tournament;Clash of Imaginary Entities;1;Qualifying A;Feyd-Rautha;56698;Dune - Harkonnen-Sardaukar;1;214;0
25/26;2025-10-02;Arena of Echoes;tournament;Clash of Imaginary Entities;1;Qualifying A;Feyd-Rautha;56698;Dune - Harkonnen-Sardaukar;2;223;0
25/26;2025-10-02;Arena of Echoes;tournament;Clash of Imaginary Entities;1;Qualifying A;Feyd-Rautha;56698;Dune - Harkonnen-Sardaukar;3;214;0
25/26;2025-10-02;Arena of Echoes;tournament;Clash of Imaginary Entities;1;Qualifying A;Obi-Wan Kenobi;57296;Star Wars - Jedi Order;0;186;0
25/26;2025-10-02;Arena of Echoes;tournament;Clash of Imaginary Entities;1;Qualifying A;Obi-Wan Kenobi;57296;Star Wars - Jedi Order;1;219;0
25/26;2025-10-02;Arena of Echoes;tournament;Clash of Imaginary Entities;1;Qualifying A;Obi-Wan Kenobi;57296;Star Wars - Jedi Order;2;164;0
25/26;2025-10-02;Arena of Echoes;tournament;Clash of Imaginary Entities;1;Qualifying A;Obi-Wan Kenobi;57296;Star Wars - Jedi Order;3;210;0
25/26;2025-10-02;Arena of Echoes;tournament;Clash of Imaginary Entities;1;Qualifying A;Paul Atreides;72298;Dune - House Atreides;0;203;0
25/26;2025-10-02;Arena of Echoes;tournament;Clash of Imaginary Entities;1;Qualifying A;Paul Atreides;72298;Dune - House Atreides;1;204;0
25/26;2025-10-02;Arena of Echoes;tournament;Clash of Imaginary Entities;1;Qualifying A;Paul Atreides;72298;Dune - House Atreides;2;204;0
25/26;2025-10-02;Arena of Echoes;tournament;Clash of Imaginary Entities;1;Qualifying A;Paul Atreides;72298;Dune - House Atreides;3;207;0
25/26;2025-10-02;Arena of Echoes;tournament;Clash of Imaginary Entities;1;Qualifying A;Indra;124470;Hindu Myth - Devas;0;252;0
25/26;2025-10-02;Arena of Echoes;tournament;Clash of Imaginary Entities;1;Qualifying A;Indra;124470;Hindu Myth - Devas;1;217;0
25/26;2025-10-02;Arena of Echoes;tournament;Clash of Imaginary Entities;1;Qualifying A;Indra;124470;Hindu Myth - Devas;2;209;0
25/26;2025-10-02;Arena of Echoes;tournament;Clash of Imaginary Entities;1;Qualifying A;Indra;124470;Hindu Myth - Devas;3;223;0
25/26;2025-10-02;Arena of Echoes;tournament;Clash of Imaginary Entities;1;Qualifying A;Odin;126765;Norse Myth - Aesir;0;225;0
25/26;2025-10-02;Arena of Echoes;tournament;Clash of Imaginary Entities;1;Qualifying A;Odin;126765;Norse Myth - Aesir;1;240;0
25/26;2025-10-02;Arena of Echoes;tournament;Clash of Imaginary Entities;1;Qualifying A;Odin;126765;Norse Myth - Aesir;2;227;0
25/26;2025-10-02;Arena of Echoes;tournament;Clash of Imaginary Entities;1;Qualifying A;Odin;126765;Norse Myth - Aesir;3;211;0
25/26;2025-10-02;Arena of Echoes;tournament;Clash of Imaginary Entities;1;Qualifying A;Zeus;139274;Greek Myth - Olympians;0;225;0
25/26;2025-10-02;Arena of Echoes;tournament;Clash of Imaginary Entities;1;Qualifying A;Zeus;139274;Greek Myth - Olympians;1;205;0
25/26;2025-10-02;Arena of Echoes;tournament;Clash of Imaginary Entities;1;Qualifying A;Zeus;139274;Greek Myth - Olympians;2;212;0
25/26;2025-10-02;Arena of Echoes;tournament;Clash of Imaginary Entities;1;Qualifying A;Zeus;139274;Greek Myth - Olympians;3;236;0
25/26;2025-10-02;Arena of Echoes;tournament;Clash of Imaginary Entities;1;Qualifying A;Balor;139930;Celtic Myth - Fomorians;0;193;0
25/26;2025-10-02;Arena of Echoes;tournament;Clash of Imaginary Entities;1;Qualifying A;Balor;139930;Celtic Myth - Fomorians;1;221;0
25/26;2025-10-02;Arena of Echoes;tournament;Clash of Imaginary Entities;1;Qualifying A;Balor;139930;Celtic Myth - Fomorians;2;216;0
25/26;2025-10-02;Arena of Echoes;tournament;Clash of Imaginary Entities;1;Qualifying A;Balor;139930;Celtic Myth - Fomorians;3;211;0
25/26;2025-10-02;Arena of Echoes;tournament;Clash of Imaginary Entities;1;Qualifying A;Tiamat;190311;Mesopotamian Myth - Chaos Ancients;0;226;0
25/26;2025-10-02;Arena of Echoes;tournament;Clash of Imaginary Entities;1;Qualifying A;Tiamat;190311;Mesopotamian Myth - Chaos Ancients;1;233;0
25/26;2025-10-02;Arena of Echoes;tournament;Clash of Imaginary Entities;1;Qualifying A;Tiamat;190311;Mesopotamian Myth - Chaos Ancients;2;213;0
25/26;2025-10-02;Arena of Echoes;tournament;Clash of Imaginary Entities;1;Qualifying A;Tiamat;190311;Mesopotamian Myth - Chaos Ancients;3;209;0
25/26;2025-10-02;Arena of Echoes;tournament;Clash of Imaginary Entities;1;Qualifying A;Osiris;179670;Egyptian Myth - Underworld Powers;0;217;0
25/26;2025-10-02;Arena of Echoes;tournament;Clash of Imaginary Entities;1;Qualifying A;Osiris;179670;Egyptian Myth - Underworld Powers;1;195;0
25/26;2025-10-02;Arena of Echoes;tournament;Clash of Imaginary Entities;1;Qualifying A;Osiris;179670;Egyptian Myth - Underworld Powers;2;203;0
25/26;2025-10-02;Arena of Echoes;tournament;Clash of Imaginary Entities;1;Qualifying A;Osiris;179670;Egyptian Myth - Underworld Powers;3;224;0
25/26;2025-10-02;Arena of Echoes;tournament;Clash of Imaginary Entities;1;Qualifying A;The Dagda;143101;Celtic Myth - Tuatha De Danann;0;229;0
25/26;2025-10-02;Arena of Echoes;tournament;Clash of Imaginary Entities;1;Qualifying A;The Dagda;143101;Celtic Myth - Tuatha De Danann;1;212;0
25/26;2025-10-02;Arena of Echoes;tournament;Clash of Imaginary Entities;1;Qualifying A;The Dagda;143101;Celtic Myth - Tuatha De Danann;2;206;0
25/26;2025-10-02;Arena of Echoes;tournament;Clash of Imaginary Entities;1;Qualifying A;The Dagda;143101;Celtic Myth - Tuatha De Danann;3;201;0
25/26;2025-10-02;Arena of Echoes;tournament;Clash of Imaginary Entities;1;Qualifying A;Cronus;174393;Greek Myth - Titans & Primordials;0;208;0
25/26;2025-10-02;Arena of Echoes;tournament;Clash of Imaginary Entities;1;Qualifying A;Cronus;174393;Greek Myth - Titans & Primordials;1;237;0
25/26;2025-10-02;Arena of Echoes;tournament;Clash of Imaginary Entities;1;Qualifying A;Cronus;174393;Greek Myth - Titans & Primordials;2;183;0
25/26;2025-10-02;Arena of Echoes;tournament;Clash of Imaginary Entities;1;Qualifying A;Cronus;174393;Greek Myth - Titans & Primordials;3;195;0
25/26;2025-10-02;Arena of Echoes;tournament;Clash of Imaginary Entities;1;Qualifying A;Loki;150650;Norse Myth - Giants & Tricksters;0;227;0
25/26;2025-10-02;Arena of Echoes;tournament;Clash of Imaginary Entities;1;Qualifying A;Loki;150650;Norse Myth - Giants & Tricksters;1;192;0
25/26;2025-10-02;Arena of Echoes;tournament;Clash of Imaginary Entities;1;Qualifying A;Loki;150650;Norse Myth - Giants & Tricksters;2;210;0
25/26;2025-10-02;Arena of Echoes;tournament;Clash of Imaginary Entities;1;Qualifying A;Loki;150650;Norse Myth - Giants & Tricksters;3;208;0
25/26;2025-10-02;Arena of Echoes;tournament;Clash of Imaginary Entities;1;Qualifying A;Marduk;188458;Mesopotamian Myth - Sky Kings;0;207;0
25/26;2025-10-02;Arena of Echoes;tournament;Clash of Imaginary Entities;1;Qualifying A;Marduk;188458;Mesopotamian Myth - Sky Kings;1;214;0
25/26;2025-10-02;Arena of Echoes;tournament;Clash of Imaginary Entities;1;Qualifying A;Marduk;188458;Mesopotamian Myth - Sky Kings;2;209;0
25/26;2025-10-02;Arena of Echoes;tournament;Clash of Imaginary Entities;1;Qualifying A;Marduk;188458;Mesopotamian Myth - Sky Kings;3;239;0
25/26;2025-10-02;Arena of Echoes;tournament;Clash of Imaginary Entities;1;Qualifying A;Mahishasura;137200;Hindu Myth - Asuras;0;154;0
25/26;2025-10-02;Arena of Echoes;tournament;Clash of Imaginary Entities;1;Qualifying A;Mahishasura;137200;Hindu Myth - Asuras;1;259;0
25/26;2025-10-02;Arena of Echoes;tournament;Clash of Imaginary Entities;1;Qualifying A;Mahishasura;137200;Hindu Myth - Asuras;2;197;0
25/26;2025-10-02;Arena of Echoes;tournament;Clash of Imaginary Entities;1;Qualifying A;Mahishasura;137200;Hindu Myth - Asuras;3;210;0
25/26;2025-10-02;Arena of Echoes;tournament;Clash of Imaginary Entities;1;Qualifying A;Ravana;126986;Hindu Myth - Asuras;0;187;0
25/26;2025-10-02;Arena of Echoes;tournament;Clash of Imaginary Entities;1;Qualifying A;Ravana;126986;Hindu Myth - Asuras;1;186;0
25/26;2025-10-02;Arena of Echoes;tournament;Clash of Imaginary Entities;1;Qualifying A;Ravana;126986;Hindu Myth - Asuras;2;173;0
25/26;2025-10-02;Arena of Echoes;tournament;Clash of Imaginary Entities;1;Qualifying A;Ravana;126986;Hindu Myth - Asuras;3;200;0
25/26;2025-10-02;Arena of Echoes;tournament;Clash of Imaginary Entities;1;Qualifying A;Anubis;175219;Egyptian Myth - Underworld Powers;0;204;0
25/26;2025-10-02;Arena of Echoes;tournament;Clash of Imaginary Entities;1;Qualifying A;Anubis;175219;Egyptian Myth - Underworld Powers;1;199;0
25/26;2025-10-02;Arena of Echoes;tournament;Clash of Imaginary Entities;1;Qualifying A;Anubis;175219;Egyptian Myth - Underworld Powers;2;215;0
25/26;2025-10-02;Arena of Echoes;tournament;Clash of Imaginary Entities;1;Qualifying A;Anubis;175219;Egyptian Myth - Underworld Powers;3;235;0
25/26;2025-10-02;Arena of Echoes;tournament;Clash of Imaginary Entities;1;Qualifying A;Thor;151201;Norse Myth - Aesir;0;178;0
25/26;2025-10-02;Arena of Echoes;tournament;Clash of Imaginary Entities;1;Qualifying A;Thor;151201;Norse Myth - Aesir;1;200;0
25/26;2025-10-02;Arena of Echoes;tournament;Clash of Imaginary Entities;1;Qualifying A;Thor;151201;Norse Myth - Aesir;2;185;0
25/26;2025-10-02;Arena of Echoes;tournament;Clash of Imaginary Entities;1;Qualifying A;Thor;151201;Norse Myth - Aesir;3;195;0
25/26;2025-10-02;Arena of Echoes;tournament;Clash of Imaginary Entities;1;Qualifying A;Bastet;182554;Egyptian Myth - Solar Court;0;183;0
25/26;2025-10-02;Arena of Echoes;tournament;Clash of Imaginary Entities;1;Qualifying A;Bastet;182554;Egyptian Myth - Solar Court;1;177;0
25/26;2025-10-02;Arena of Echoes;tournament;Clash of Imaginary Entities;1;Qualifying A;Bastet;182554;Egyptian Myth - Solar Court;2;194;0
25/26;2025-10-02;Arena of Echoes;tournament;Clash of Imaginary Entities;1;Qualifying A;Bastet;182554;Egyptian Myth - Solar Court;3;188;0
25/26;2025-10-02;Arena of Echoes;tournament;Clash of Imaginary Entities;1;Qualifying A;Bres;112221;Celtic Myth - Fomorians;0;189;0
25/26;2025-10-02;Arena of Echoes;tournament;Clash of Imaginary Entities;1;Qualifying A;Bres;112221;Celtic Myth - Fomorians;1;199;0
25/26;2025-10-02;Arena of Echoes;tournament;Clash of Imaginary Entities;1;Qualifying A;Bres;112221;Celtic Myth - Fomorians;2;200;0
25/26;2025-10-02;Arena of Echoes;tournament;Clash of Imaginary Entities;1;Qualifying A;Bres;112221;Celtic Myth - Fomorians;3;204;0
25/26;2025-10-02;Arena of Echoes;tournament;Clash of Imaginary Entities;1;Qualifying A;Lugh;174647;Celtic Myth - Tuatha De Danann;0;209;0
25/26;2025-10-02;Arena of Echoes;tournament;Clash of Imaginary Entities;1;Qualifying A;Lugh;174647;Celtic Myth - Tuatha De Danann;1;209;0
25/26;2025-10-02;Arena of Echoes;tournament;Clash of Imaginary Entities;1;Qualifying A;Lugh;174647;Celtic Myth - Tuatha De Danann;2;205;0
25/26;2025-10-02;Arena of Echoes;tournament;Clash of Imaginary Entities;1;Qualifying A;Lugh;174647;Celtic Myth - Tuatha De Danann;3;215;0
25/26;2025-10-02;Arena of Echoes;tournament;Clash of Imaginary Entities;1;Qualifying A;Fenrir;162230;Norse Myth - Giants & Tricksters;0;200;0
25/26;2025-10-02;Arena of Echoes;tournament;Clash of Imaginary Entities;1;Qualifying A;Fenrir;162230;Norse Myth - Giants & Tricksters;1;204;0
25/26;2025-10-02;Arena of Echoes;tournament;Clash of Imaginary Entities;1;Qualifying A;Fenrir;162230;Norse Myth - Giants & Tricksters;2;209;0
25/26;2025-10-02;Arena of Echoes;tournament;Clash of Imaginary Entities;1;Qualifying A;Fenrir;162230;Norse Myth - Giants & Tricksters;3;172;0
25/26;2025-10-02;Arena of Echoes;tournament;Clash of Imaginary Entities;1;Qualifying A;Horus;174473;Egyptian Myth - Solar Court;0;183;0
25/26;2025-10-02;Arena of Echoes;tournament;Clash of Imaginary Entities;1;Qualifying A;Horus;174473;Egyptian Myth - Solar Court;1;190;0
25/26;2025-10-02;Arena of Echoes;tournament;Clash of Imaginary Entities;1;Qualifying A;Horus;174473;Egyptian Myth - Solar Court;2;175;0
25/26;2025-10-02;Arena of Echoes;tournament;Clash of Imaginary Entities;1;Qualifying A;Horus;174473;Egyptian Myth - Solar Court;3;208;0
25/26;2025-10-02;Arena of Echoes;tournament;Clash of Imaginary Entities;1;Qualifying A;Athena;142739;Greek Myth - Olympians;0;212;0
25/26;2025-10-02;Arena of Echoes;tournament;Clash of Imaginary Entities;1;Qualifying A;Athena;142739;Greek Myth - Olympians;1;221;0
25/26;2025-10-02;Arena of Echoes;tournament;Clash of Imaginary Entities;1;Qualifying A;Athena;142739;Greek Myth - Olympians;2;208;0
25/26;2025-10-02;Arena of Echoes;tournament;Clash of Imaginary Entities;1;Qualifying A;Athena;142739;Greek Myth - Olympians;3;221;0
25/26;2025-10-02;Arena of Echoes;tournament;Clash of Imaginary Entities;2;Qualifying B;Gandalf;98265;Lord of the Rings - Free Peoples;0;208;0
25/26;2025-10-02;Arena of Echoes;tournament;Clash of Imaginary Entities;2;Qualifying B;Gandalf;98265;Lord of the Rings - Free Peoples;1;200;0
25/26;2025-10-02;Arena of Echoes;tournament;Clash of Imaginary Entities;2;Qualifying B;Gandalf;98265;Lord of the Rings - Free Peoples;2;207;0
25/26;2025-10-02;Arena of Echoes;tournament;Clash of Imaginary Entities;2;Qualifying B;Gandalf;98265;Lord of the Rings - Free Peoples;3;210;0
25/26;2025-10-02;Arena of Echoes;tournament;Clash of Imaginary Entities;2;Qualifying B;Harry Potter;52082;Harry Potter - Order of the Phoenix;0;207;0
25/26;2025-10-02;Arena of Echoes;tournament;Clash of Imaginary Entities;2;Qualifying B;Harry Potter;52082;Harry Potter - Order of the Phoenix;1;222;0
25/26;2025-10-02;Arena of Echoes;tournament;Clash of Imaginary Entities;2;Qualifying B;Harry Potter;52082;Harry Potter - Order of the Phoenix;2;211;0
25/26;2025-10-02;Arena of Echoes;tournament;Clash of Imaginary Entities;2;Qualifying B;Harry Potter;52082;Harry Potter - Order of the Phoenix;3;215;0
25/26;2025-10-02;Arena of Echoes;tournament;Clash of Imaginary Entities;2;Qualifying B;Guybrush Threepwood;99729;LucasArts Games - Monkey Island & Legacy;0;188;0
25/26;2025-10-02;Arena of Echoes;tournament;Clash of Imaginary Entities;2;Qualifying B;Guybrush Threepwood;99729;LucasArts Games - Monkey Island & Legacy;1;201;0
25/26;2025-10-02;Arena of Echoes;tournament;Clash of Imaginary Entities;2;Qualifying B;Guybrush Threepwood;99729;LucasArts Games - Monkey Island & Legacy;2;191;0
25/26;2025-10-02;Arena of Echoes;tournament;Clash of Imaginary Entities;2;Qualifying B;Guybrush Threepwood;99729;LucasArts Games - Monkey Island & Legacy;3;194;0
25/26;2025-10-02;Arena of Echoes;tournament;Clash of Imaginary Entities;2;Qualifying B;Jean-Luc Picard;56338;Star Trek - Federation;0;230;0
25/26;2025-10-02;Arena of Echoes;tournament;Clash of Imaginary Entities;2;Qualifying B;Jean-Luc Picard;56338;Star Trek - Federation;1;203;0
25/26;2025-10-02;Arena of Echoes;tournament;Clash of Imaginary Entities;2;Qualifying B;Jean-Luc Picard;56338;Star Trek - Federation;2;202;0
25/26;2025-10-02;Arena of Echoes;tournament;Clash of Imaginary Entities;2;Qualifying B;Jean-Luc Picard;56338;Star Trek - Federation;3;216;0
25/26;2025-10-02;Arena of Echoes;tournament;Clash of Imaginary Entities;2;Qualifying B;Illusive Man;86178;Mass Effect - Cerberus-Reapers;0;212;0
25/26;2025-10-02;Arena of Echoes;tournament;Clash of Imaginary Entities;2;Qualifying B;Illusive Man;86178;Mass Effect - Cerberus-Reapers;1;203;0
25/26;2025-10-02;Arena of Echoes;tournament;Clash of Imaginary Entities;2;Qualifying B;Illusive Man;86178;Mass Effect - Cerberus-Reapers;2;197;0
25/26;2025-10-02;Arena of Echoes;tournament;Clash of Imaginary Entities;2;Qualifying B;Illusive Man;86178;Mass Effect - Cerberus-Reapers;3;219;0
25/26;2025-10-02;Arena of Echoes;tournament;Clash of Imaginary Entities;2;Qualifying B;Lord Voldemort;65247;Harry Potter - Death Eaters;0;217;0
25/26;2025-10-02;Arena of Echoes;tournament;Clash of Imaginary Entities;2;Qualifying B;Lord Voldemort;65247;Harry Potter - Death Eaters;1;214;0
25/26;2025-10-02;Arena of Echoes;tournament;Clash of Imaginary Entities;2;Qualifying B;Lord Voldemort;65247;Harry Potter - Death Eaters;2;198;0
25/26;2025-10-02;Arena of Echoes;tournament;Clash of Imaginary Entities;2;Qualifying B;Lord Voldemort;65247;Harry Potter - Death Eaters;3;204;0
25/26;2025-10-02;Arena of Echoes;tournament;Clash of Imaginary Entities;2;Qualifying B;Roboute Guilliman;73700;Warhammer 40K - Imperium;0;231;0
25/26;2025-10-02;Arena of Echoes;tournament;Clash of Imaginary Entities;2;Qualifying B;Roboute Guilliman;73700;Warhammer 40K - Imperium;1;166;0
25/26;2025-10-02;Arena of Echoes;tournament;Clash of Imaginary Entities;2;Qualifying B;Roboute Guilliman;73700;Warhammer 40K - Imperium;2;177;0
25/26;2025-10-02;Arena of Echoes;tournament;Clash of Imaginary Entities;2;Qualifying B;Roboute Guilliman;73700;Warhammer 40K - Imperium;3;218;0
25/26;2025-10-02;Arena of Echoes;tournament;Clash of Imaginary Entities;2;Qualifying B;Worf;67335;Star Trek - Klingon-Romulan;0;223;0
25/26;2025-10-02;Arena of Echoes;tournament;Clash of Imaginary Entities;2;Qualifying B;Worf;67335;Star Trek - Klingon-Romulan;1;227;0
25/26;2025-10-02;Arena of Echoes;tournament;Clash of Imaginary Entities;2;Qualifying B;Worf;67335;Star Trek - Klingon-Romulan;2;219;0
25/26;2025-10-02;Arena of Echoes;tournament;Clash of Imaginary Entities;2;Qualifying B;Worf;67335;Star Trek - Klingon-Romulan;3;209;0
25/26;2025-10-02;Arena of Echoes;tournament;Clash of Imaginary Entities;2;Qualifying B;Luke Skywalker;91905;Star Wars - Jedi Order;0;225;0
25/26;2025-10-02;Arena of Echoes;tournament;Clash of Imaginary Entities;2;Qualifying B;Luke Skywalker;91905;Star Wars - Jedi Order;1;209;0
25/26;2025-10-02;Arena of Echoes;tournament;Clash of Imaginary Entities;2;Qualifying B;Luke Skywalker;91905;Star Wars - Jedi Order;2;213;0
25/26;2025-10-02;Arena of Echoes;tournament;Clash of Imaginary Entities;2;Qualifying B;Luke Skywalker;91905;Star Wars - Jedi Order;3;234;0
25/26;2025-10-02;Arena of Echoes;tournament;Clash of Imaginary Entities;2;Qualifying B;Mara Jade;88618;LucasArts Games - Jedi Knight Era;0;196;0
25/26;2025-10-02;Arena of Echoes;tournament;Clash of Imaginary Entities;2;Qualifying B;Mara Jade;88618;LucasArts Games - Jedi Knight Era;1;190;0
25/26;2025-10-02;Arena of Echoes;tournament;Clash of Imaginary Entities;2;Qualifying B;Mara Jade;88618;LucasArts Games - Jedi Knight Era;2;211;0
25/26;2025-10-02;Arena of Echoes;tournament;Clash of Imaginary Entities;2;Qualifying B;Mara Jade;88618;LucasArts Games - Jedi Knight Era;3;222;0
25/26;2025-10-02;Arena of Echoes;tournament;Clash of Imaginary Entities;2;Qualifying B;Darth Vader;68024;Star Wars - Sith Empire;0;179;0
25/26;2025-10-02;Arena of Echoes;tournament;Clash of Imaginary Entities;2;Qualifying B;Darth Vader;68024;Star Wars - Sith Empire;1;230;0
25/26;2025-10-02;Arena of Echoes;tournament;Clash of Imaginary Entities;2;Qualifying B;Darth Vader;68024;Star Wars - Sith Empire;2;207;0
25/26;2025-10-02;Arena of Echoes;tournament;Clash of Imaginary Entities;2;Qualifying B;Darth Vader;68024;Star Wars - Sith Empire;3;205;0
25/26;2025-10-02;Arena of Echoes;tournament;Clash of Imaginary Entities;2;Qualifying B;Jon Snow;86781;Game of Thrones - Stark-Targaryen Alliance;0;207;0
25/26;2025-10-02;Arena of Echoes;tournament;Clash of Imaginary Entities;2;Qualifying B;Jon Snow;86781;Game of Thrones - Stark-Targaryen Alliance;1;206;0
25/26;2025-10-02;Arena of Echoes;tournament;Clash of Imaginary Entities;2;Qualifying B;Jon Snow;86781;Game of Thrones - Stark-Targaryen Alliance;2;203;0
25/26;2025-10-02;Arena of Echoes;tournament;Clash of Imaginary Entities;2;Qualifying B;Jon Snow;86781;Game of Thrones - Stark-Targaryen Alliance;3;216;0
25/26;2025-10-02;Arena of Echoes;tournament;Clash of Imaginary Entities;2;Qualifying B;Cersei Lannister;95962;Game of Thrones - Lannister-Crown;0;220;0
25/26;2025-10-02;Arena of Echoes;tournament;Clash of Imaginary Entities;2;Qualifying B;Cersei Lannister;95962;Game of Thrones - Lannister-Crown;1;225;0
25/26;2025-10-02;Arena of Echoes;tournament;Clash of Imaginary Entities;2;Qualifying B;Cersei Lannister;95962;Game of Thrones - Lannister-Crown;2;227;0
25/26;2025-10-02;Arena of Echoes;tournament;Clash of Imaginary Entities;2;Qualifying B;Cersei Lannister;95962;Game of Thrones - Lannister-Crown;3;244;0
25/26;2025-10-02;Arena of Echoes;tournament;Clash of Imaginary Entities;2;Qualifying B;LeChuck;60463;LucasArts Games - Monkey Island & Legacy;0;204;0
25/26;2025-10-02;Arena of Echoes;tournament;Clash of Imaginary Entities;2;Qualifying B;LeChuck;60463;LucasArts Games - Monkey Island & Legacy;1;215;0
25/26;2025-10-02;Arena of Echoes;tournament;Clash of Imaginary Entities;2;Qualifying B;LeChuck;60463;LucasArts Games - Monkey Island & Legacy;2;204;0
25/26;2025-10-02;Arena of Echoes;tournament;Clash of Imaginary Entities;2;Qualifying B;LeChuck;60463;LucasArts Games - Monkey Island & Legacy;3;215;0
25/26;2025-10-02;Arena of Echoes;tournament;Clash of Imaginary Entities;2;Qualifying B;Emperor Palpatine;66049;Star Wars - Sith Empire;0;201;0
25/26;2025-10-02;Arena of Echoes;tournament;Clash of Imaginary Entities;2;Qualifying B;Emperor Palpatine;66049;Star Wars - Sith Empire;1;216;0
25/26;2025-10-02;Arena of Echoes;tournament;Clash of Imaginary Entities;2;Qualifying B;Emperor Palpatine;66049;Star Wars - Sith Empire;2;194;0
25/26;2025-10-02;Arena of Echoes;tournament;Clash of Imaginary Entities;2;Qualifying B;Emperor Palpatine;66049;Star Wars - Sith Empire;3;203;0
25/26;2025-10-02;Arena of Echoes;tournament;Clash of Imaginary Entities;2;Qualifying B;Harbinger;69213;Mass Effect - Cerberus-Reapers;0;213;0
25/26;2025-10-02;Arena of Echoes;tournament;Clash of Imaginary Entities;2;Qualifying B;Harbinger;69213;Mass Effect - Cerberus-Reapers;1;207;0
25/26;2025-10-02;Arena of Echoes;tournament;Clash of Imaginary Entities;2;Qualifying B;Harbinger;69213;Mass Effect - Cerberus-Reapers;2;221;0
25/26;2025-10-02;Arena of Echoes;tournament;Clash of Imaginary Entities;2;Qualifying B;Harbinger;69213;Mass Effect - Cerberus-Reapers;3;202;0
25/26;2025-10-02;Arena of Echoes;tournament;Clash of Imaginary Entities;2;Qualifying B;Gowron;52847;Star Trek - Klingon-Romulan;0;216;0
25/26;2025-10-02;Arena of Echoes;tournament;Clash of Imaginary Entities;2;Qualifying B;Gowron;52847;Star Trek - Klingon-Romulan;1;210;0
25/26;2025-10-02;Arena of Echoes;tournament;Clash of Imaginary Entities;2;Qualifying B;Gowron;52847;Star Trek - Klingon-Romulan;2;201;0
25/26;2025-10-02;Arena of Echoes;tournament;Clash of Imaginary Entities;2;Qualifying B;Gowron;52847;Star Trek - Klingon-Romulan;3;214;0
25/26;2025-10-02;Arena of Echoes;tournament;Clash of Imaginary Entities;2;Qualifying B;Feyd-Rautha;56698;Dune - Harkonnen-Sardaukar;0;196;0
25/26;2025-10-02;Arena of Echoes;tournament;Clash of Imaginary Entities;2;Qualifying B;Feyd-Rautha;56698;Dune - Harkonnen-Sardaukar;1;197;0
25/26;2025-10-02;Arena of Echoes;tournament;Clash of Imaginary Entities;2;Qualifying B;Feyd-Rautha;56698;Dune - Harkonnen-Sardaukar;2;197;0
25/26;2025-10-02;Arena of Echoes;tournament;Clash of Imaginary Entities;2;Qualifying B;Feyd-Rautha;56698;Dune - Harkonnen-Sardaukar;3;213;0
25/26;2025-10-02;Arena of Echoes;tournament;Clash of Imaginary Entities;2;Qualifying B;Obi-Wan Kenobi;57296;Star Wars - Jedi Order;0;181;0
25/26;2025-10-02;Arena of Echoes;tournament;Clash of Imaginary Entities;2;Qualifying B;Obi-Wan Kenobi;57296;Star Wars - Jedi Order;1;217;0
25/26;2025-10-02;Arena of Echoes;tournament;Clash of Imaginary Entities;2;Qualifying B;Obi-Wan Kenobi;57296;Star Wars - Jedi Order;2;183;0
25/26;2025-10-02;Arena of Echoes;tournament;Clash of Imaginary Entities;2;Qualifying B;Obi-Wan Kenobi;57296;Star Wars - Jedi Order;3;195;0
25/26;2025-10-02;Arena of Echoes;tournament;Clash of Imaginary Entities;2;Qualifying B;Paul Atreides;72298;Dune - House Atreides;0;204;0
25/26;2025-10-02;Arena of Echoes;tournament;Clash of Imaginary Entities;2;Qualifying B;Paul Atreides;72298;Dune - House Atreides;1;195;0
25/26;2025-10-02;Arena of Echoes;tournament;Clash of Imaginary Entities;2;Qualifying B;Paul Atreides;72298;Dune - House Atreides;2;200;0
25/26;2025-10-02;Arena of Echoes;tournament;Clash of Imaginary Entities;2;Qualifying B;Paul Atreides;72298;Dune - House Atreides;3;208;0
25/26;2025-10-02;Arena of Echoes;tournament;Clash of Imaginary Entities;2;Qualifying B;Indra;124470;Hindu Myth - Devas;0;213;0
25/26;2025-10-02;Arena of Echoes;tournament;Clash of Imaginary Entities;2;Qualifying B;Indra;124470;Hindu Myth - Devas;1;235;0
25/26;2025-10-02;Arena of Echoes;tournament;Clash of Imaginary Entities;2;Qualifying B;Indra;124470;Hindu Myth - Devas;2;211;0
25/26;2025-10-02;Arena of Echoes;tournament;Clash of Imaginary Entities;2;Qualifying B;Indra;124470;Hindu Myth - Devas;3;189;0
25/26;2025-10-02;Arena of Echoes;tournament;Clash of Imaginary Entities;2;Qualifying B;Odin;126765;Norse Myth - Aesir;0;259;0
25/26;2025-10-02;Arena of Echoes;tournament;Clash of Imaginary Entities;2;Qualifying B;Odin;126765;Norse Myth - Aesir;1;232;0
25/26;2025-10-02;Arena of Echoes;tournament;Clash of Imaginary Entities;2;Qualifying B;Odin;126765;Norse Myth - Aesir;2;245;0
25/26;2025-10-02;Arena of Echoes;tournament;Clash of Imaginary Entities;2;Qualifying B;Odin;126765;Norse Myth - Aesir;3;241;0
25/26;2025-10-02;Arena of Echoes;tournament;Clash of Imaginary Entities;2;Qualifying B;Zeus;139274;Greek Myth - Olympians;0;221;0
25/26;2025-10-02;Arena of Echoes;tournament;Clash of Imaginary Entities;2;Qualifying B;Zeus;139274;Greek Myth - Olympians;1;199;0
25/26;2025-10-02;Arena of Echoes;tournament;Clash of Imaginary Entities;2;Qualifying B;Zeus;139274;Greek Myth - Olympians;2;205;0
25/26;2025-10-02;Arena of Echoes;tournament;Clash of Imaginary Entities;2;Qualifying B;Zeus;139274;Greek Myth - Olympians;3;227;0
25/26;2025-10-02;Arena of Echoes;tournament;Clash of Imaginary Entities;2;Qualifying B;Balor;139930;Celtic Myth - Fomorians;0;249;0
25/26;2025-10-02;Arena of Echoes;tournament;Clash of Imaginary Entities;2;Qualifying B;Balor;139930;Celtic Myth - Fomorians;1;227;0
25/26;2025-10-02;Arena of Echoes;tournament;Clash of Imaginary Entities;2;Qualifying B;Balor;139930;Celtic Myth - Fomorians;2;226;0
25/26;2025-10-02;Arena of Echoes;tournament;Clash of Imaginary Entities;2;Qualifying B;Balor;139930;Celtic Myth - Fomorians;3;228;0
25/26;2025-10-02;Arena of Echoes;tournament;Clash of Imaginary Entities;2;Qualifying B;Tiamat;190311;Mesopotamian Myth - Chaos Ancients;0;208;0
25/26;2025-10-02;Arena of Echoes;tournament;Clash of Imaginary Entities;2;Qualifying B;Tiamat;190311;Mesopotamian Myth - Chaos Ancients;1;208;0
25/26;2025-10-02;Arena of Echoes;tournament;Clash of Imaginary Entities;2;Qualifying B;Tiamat;190311;Mesopotamian Myth - Chaos Ancients;2;200;0
25/26;2025-10-02;Arena of Echoes;tournament;Clash of Imaginary Entities;2;Qualifying B;Tiamat;190311;Mesopotamian Myth - Chaos Ancients;3;234;0
25/26;2025-10-02;Arena of Echoes;tournament;Clash of Imaginary Entities;2;Qualifying B;Osiris;179670;Egyptian Myth - Underworld Powers;0;184;0
25/26;2025-10-02;Arena of Echoes;tournament;Clash of Imaginary Entities;2;Qualifying B;Osiris;179670;Egyptian Myth - Underworld Powers;1;212;0
25/26;2025-10-02;Arena of Echoes;tournament;Clash of Imaginary Entities;2;Qualifying B;Osiris;179670;Egyptian Myth - Underworld Powers;2;227;0
25/26;2025-10-02;Arena of Echoes;tournament;Clash of Imaginary Entities;2;Qualifying B;Osiris;179670;Egyptian Myth - Underworld Powers;3;194;0
25/26;2025-10-02;Arena of Echoes;tournament;Clash of Imaginary Entities;2;Qualifying B;The Dagda;143101;Celtic Myth - Tuatha De Danann;0;210;0
25/26;2025-10-02;Arena of Echoes;tournament;Clash of Imaginary Entities;2;Qualifying B;The Dagda;143101;Celtic Myth - Tuatha De Danann;1;208;0
25/26;2025-10-02;Arena of Echoes;tournament;Clash of Imaginary Entities;2;Qualifying B;The Dagda;143101;Celtic Myth - Tuatha De Danann;2;218;0
25/26;2025-10-02;Arena of Echoes;tournament;Clash of Imaginary Entities;2;Qualifying B;The Dagda;143101;Celtic Myth - Tuatha De Danann;3;218;0
25/26;2025-10-02;Arena of Echoes;tournament;Clash of Imaginary Entities;2;Qualifying B;Cronus;174393;Greek Myth - Titans & Primordials;0;223;0
25/26;2025-10-02;Arena of Echoes;tournament;Clash of Imaginary Entities;2;Qualifying B;Cronus;174393;Greek Myth - Titans & Primordials;1;198;0
25/26;2025-10-02;Arena of Echoes;tournament;Clash of Imaginary Entities;2;Qualifying B;Cronus;174393;Greek Myth - Titans & Primordials;2;221;0
25/26;2025-10-02;Arena of Echoes;tournament;Clash of Imaginary Entities;2;Qualifying B;Cronus;174393;Greek Myth - Titans & Primordials;3;232;0
25/26;2025-10-02;Arena of Echoes;tournament;Clash of Imaginary Entities;2;Qualifying B;Loki;150650;Norse Myth - Giants & Tricksters;0;214;0
25/26;2025-10-02;Arena of Echoes;tournament;Clash of Imaginary Entities;2;Qualifying B;Loki;150650;Norse Myth - Giants & Tricksters;1;212;0
25/26;2025-10-02;Arena of Echoes;tournament;Clash of Imaginary Entities;2;Qualifying B;Loki;150650;Norse Myth - Giants & Tricksters;2;202;0
25/26;2025-10-02;Arena of Echoes;tournament;Clash of Imaginary Entities;2;Qualifying B;Loki;150650;Norse Myth - Giants & Tricksters;3;224;0
25/26;2025-10-02;Arena of Echoes;tournament;Clash of Imaginary Entities;2;Qualifying B;Marduk;188458;Mesopotamian Myth - Sky Kings;0;213;0
25/26;2025-10-02;Arena of Echoes;tournament;Clash of Imaginary Entities;2;Qualifying B;Marduk;188458;Mesopotamian Myth - Sky Kings;1;222;0
25/26;2025-10-02;Arena of Echoes;tournament;Clash of Imaginary Entities;2;Qualifying B;Marduk;188458;Mesopotamian Myth - Sky Kings;2;210;0
25/26;2025-10-02;Arena of Echoes;tournament;Clash of Imaginary Entities;2;Qualifying B;Marduk;188458;Mesopotamian Myth - Sky Kings;3;200;0
25/26;2025-10-02;Arena of Echoes;tournament;Clash of Imaginary Entities;2;Qualifying B;Mahishasura;137200;Hindu Myth - Asuras;0;245;0
25/26;2025-10-02;Arena of Echoes;tournament;Clash of Imaginary Entities;2;Qualifying B;Mahishasura;137200;Hindu Myth - Asuras;1;256;0
25/26;2025-10-02;Arena of Echoes;tournament;Clash of Imaginary Entities;2;Qualifying B;Mahishasura;137200;Hindu Myth - Asuras;2;259;0
25/26;2025-10-02;Arena of Echoes;tournament;Clash of Imaginary Entities;2;Qualifying B;Mahishasura;137200;Hindu Myth - Asuras;3;242;0
25/26;2025-10-02;Arena of Echoes;tournament;Clash of Imaginary Entities;2;Qualifying B;Ravana;126986;Hindu Myth - Asuras;0;181;0
25/26;2025-10-02;Arena of Echoes;tournament;Clash of Imaginary Entities;2;Qualifying B;Ravana;126986;Hindu Myth - Asuras;1;206;0
25/26;2025-10-02;Arena of Echoes;tournament;Clash of Imaginary Entities;2;Qualifying B;Ravana;126986;Hindu Myth - Asuras;2;216;0
25/26;2025-10-02;Arena of Echoes;tournament;Clash of Imaginary Entities;2;Qualifying B;Ravana;126986;Hindu Myth - Asuras;3;240;0
25/26;2025-10-02;Arena of Echoes;tournament;Clash of Imaginary Entities;2;Qualifying B;Anubis;175219;Egyptian Myth - Underworld Powers;0;180;0
25/26;2025-10-02;Arena of Echoes;tournament;Clash of Imaginary Entities;2;Qualifying B;Anubis;175219;Egyptian Myth - Underworld Powers;1;200;0
25/26;2025-10-02;Arena of Echoes;tournament;Clash of Imaginary Entities;2;Qualifying B;Anubis;175219;Egyptian Myth - Underworld Powers;2;192;0
25/26;2025-10-02;Arena of Echoes;tournament;Clash of Imaginary Entities;2;Qualifying B;Anubis;175219;Egyptian Myth - Underworld Powers;3;197;0
25/26;2025-10-02;Arena of Echoes;tournament;Clash of Imaginary Entities;2;Qualifying B;Thor;151201;Norse Myth - Aesir;0;226;0
25/26;2025-10-02;Arena of Echoes;tournament;Clash of Imaginary Entities;2;Qualifying B;Thor;151201;Norse Myth - Aesir;1;198;0
25/26;2025-10-02;Arena of Echoes;tournament;Clash of Imaginary Entities;2;Qualifying B;Thor;151201;Norse Myth - Aesir;2;198;0
25/26;2025-10-02;Arena of Echoes;tournament;Clash of Imaginary Entities;2;Qualifying B;Thor;151201;Norse Myth - Aesir;3;194;0
25/26;2025-10-02;Arena of Echoes;tournament;Clash of Imaginary Entities;2;Qualifying B;Bastet;182554;Egyptian Myth - Solar Court;0;195;0
25/26;2025-10-02;Arena of Echoes;tournament;Clash of Imaginary Entities;2;Qualifying B;Bastet;182554;Egyptian Myth - Solar Court;1;212;0
25/26;2025-10-02;Arena of Echoes;tournament;Clash of Imaginary Entities;2;Qualifying B;Bastet;182554;Egyptian Myth - Solar Court;2;214;0
25/26;2025-10-02;Arena of Echoes;tournament;Clash of Imaginary Entities;2;Qualifying B;Bastet;182554;Egyptian Myth - Solar Court;3;185;0
25/26;2025-10-02;Arena of Echoes;tournament;Clash of Imaginary Entities;2;Qualifying B;Bres;112221;Celtic Myth - Fomorians;0;191;0
25/26;2025-10-02;Arena of Echoes;tournament;Clash of Imaginary Entities;2;Qualifying B;Bres;112221;Celtic Myth - Fomorians;1;202;0
25/26;2025-10-02;Arena of Echoes;tournament;Clash of Imaginary Entities;2;Qualifying B;Bres;112221;Celtic Myth - Fomorians;2;209;0
25/26;2025-10-02;Arena of Echoes;tournament;Clash of Imaginary Entities;2;Qualifying B;Bres;112221;Celtic Myth - Fomorians;3;196;0
25/26;2025-10-02;Arena of Echoes;tournament;Clash of Imaginary Entities;2;Qualifying B;Lugh;174647;Celtic Myth - Tuatha De Danann;0;197;0
25/26;2025-10-02;Arena of Echoes;tournament;Clash of Imaginary Entities;2;Qualifying B;Lugh;174647;Celtic Myth - Tuatha De Danann;1;164;0
25/26;2025-10-02;Arena of Echoes;tournament;Clash of Imaginary Entities;2;Qualifying B;Lugh;174647;Celtic Myth - Tuatha De Danann;2;186;0
25/26;2025-10-02;Arena of Echoes;tournament;Clash of Imaginary Entities;2;Qualifying B;Lugh;174647;Celtic Myth - Tuatha De Danann;3;184;0
25/26;2025-10-02;Arena of Echoes;tournament;Clash of Imaginary Entities;2;Qualifying B;Fenrir;162230;Norse Myth - Giants & Tricksters;0;183;0
25/26;2025-10-02;Arena of Echoes;tournament;Clash of Imaginary Entities;2;Qualifying B;Fenrir;162230;Norse Myth - Giants & Tricksters;1;180;0
25/26;2025-10-02;Arena of Echoes;tournament;Clash of Imaginary Entities;2;Qualifying B;Fenrir;162230;Norse Myth - Giants & Tricksters;2;171;0
25/26;2025-10-02;Arena of Echoes;tournament;Clash of Imaginary Entities;2;Qualifying B;Fenrir;162230;Norse Myth - Giants & Tricksters;3;186;0
25/26;2025-10-02;Arena of Echoes;tournament;Clash of Imaginary Entities;2;Qualifying B;Horus;174473;Egyptian Myth - Solar Court;0;189;0
25/26;2025-10-02;Arena of Echoes;tournament;Clash of Imaginary Entities;2;Qualifying B;Horus;174473;Egyptian Myth - Solar Court;1;158;0
25/26;2025-10-02;Arena of Echoes;tournament;Clash of Imaginary Entities;2;Qualifying B;Horus;174473;Egyptian Myth - Solar Court;2;185;0
25/26;2025-10-02;Arena of Echoes;tournament;Clash of Imaginary Entities;2;Qualifying B;Horus;174473;Egyptian Myth - Solar Court;3;184;0
25/26;2025-10-02;Arena of Echoes;tournament;Clash of Imaginary Entities;2;Qualifying B;Athena;142739;Greek Myth - Olympians;0;204;0
25/26;2025-10-02;Arena of Echoes;tournament;Clash of Imaginary Entities;2;Qualifying B;Athena;142739;Greek Myth - Olympians;1;182;0
25/26;2025-10-02;Arena of Echoes;tournament;Clash of Imaginary Entities;2;Qualifying B;Athena;142739;Greek Myth - Olympians;2;206;0
25/26;2025-10-02;Arena of Echoes;tournament;Clash of Imaginary Entities;2;Qualifying B;Athena;142739;Greek Myth - Olympians;3;183;0
25/26;2025-10-03;Arena of Echoes;tournament;Clash of Imaginary Entities;3;Positioning;Odin;126765;Norse Myth - Aesir;0;204;0
25/26;2025-10-03;Arena of Echoes;tournament;Clash of Imaginary Entities;3;Positioning;Odin;126765;Norse Myth - Aesir;1;208;0
25/26;2025-10-03;Arena of Echoes;tournament;Clash of Imaginary Entities;3;Positioning;Odin;126765;Norse Myth - Aesir;2;237;0
25/26;2025-10-03;Arena of Echoes;tournament;Clash of Imaginary Entities;3;Positioning;Odin;126765;Norse Myth - Aesir;3;204;0
25/26;2025-10-03;Arena of Echoes;tournament;Clash of Imaginary Entities;3;Positioning;Cersei Lannister;95962;Game of Thrones - Lannister-Crown;0;204;0
25/26;2025-10-03;Arena of Echoes;tournament;Clash of Imaginary Entities;3;Positioning;Cersei Lannister;95962;Game of Thrones - Lannister-Crown;1;215;0
25/26;2025-10-03;Arena of Echoes;tournament;Clash of Imaginary Entities;3;Positioning;Cersei Lannister;95962;Game of Thrones - Lannister-Crown;2;215;0
25/26;2025-10-03;Arena of Echoes;tournament;Clash of Imaginary Entities;3;Positioning;Cersei Lannister;95962;Game of Thrones - Lannister-Crown;3;213;0
25/26;2025-10-03;Arena of Echoes;tournament;Clash of Imaginary Entities;3;Positioning;Mahishasura;137200;Hindu Myth - Asuras;0;199;0
25/26;2025-10-03;Arena of Echoes;tournament;Clash of Imaginary Entities;3;Positioning;Mahishasura;137200;Hindu Myth - Asuras;1;213;0
25/26;2025-10-03;Arena of Echoes;tournament;Clash of Imaginary Entities;3;Positioning;Mahishasura;137200;Hindu Myth - Asuras;2;188;0
25/26;2025-10-03;Arena of Echoes;tournament;Clash of Imaginary Entities;3;Positioning;Mahishasura;137200;Hindu Myth - Asuras;3;188;0
25/26;2025-10-03;Arena of Echoes;tournament;Clash of Imaginary Entities;3;Positioning;Balor;139930;Celtic Myth - Fomorians;0;198;0
25/26;2025-10-03;Arena of Echoes;tournament;Clash of Imaginary Entities;3;Positioning;Balor;139930;Celtic Myth - Fomorians;1;206;0
25/26;2025-10-03;Arena of Echoes;tournament;Clash of Imaginary Entities;3;Positioning;Balor;139930;Celtic Myth - Fomorians;2;229;0
25/26;2025-10-03;Arena of Echoes;tournament;Clash of Imaginary Entities;3;Positioning;Balor;139930;Celtic Myth - Fomorians;3;208;0
25/26;2025-10-03;Arena of Echoes;tournament;Clash of Imaginary Entities;3;Positioning;Worf;67335;Star Trek - Klingon-Romulan;0;212;0
25/26;2025-10-03;Arena of Echoes;tournament;Clash of Imaginary Entities;3;Positioning;Worf;67335;Star Trek - Klingon-Romulan;1;205;0
25/26;2025-10-03;Arena of Echoes;tournament;Clash of Imaginary Entities;3;Positioning;Worf;67335;Star Trek - Klingon-Romulan;2;204;0
25/26;2025-10-03;Arena of Echoes;tournament;Clash of Imaginary Entities;3;Positioning;Worf;67335;Star Trek - Klingon-Romulan;3;197;0
25/26;2025-10-03;Arena of Echoes;tournament;Clash of Imaginary Entities;3;Positioning;Indra;124470;Hindu Myth - Devas;0;157;0
25/26;2025-10-03;Arena of Echoes;tournament;Clash of Imaginary Entities;3;Positioning;Indra;124470;Hindu Myth - Devas;1;198;0
25/26;2025-10-03;Arena of Echoes;tournament;Clash of Imaginary Entities;3;Positioning;Indra;124470;Hindu Myth - Devas;2;188;0
25/26;2025-10-03;Arena of Echoes;tournament;Clash of Imaginary Entities;3;Positioning;Indra;124470;Hindu Myth - Devas;3;192;0
25/26;2025-10-03;Arena of Echoes;tournament;Clash of Imaginary Entities;3;Positioning;Harry Potter;52082;Harry Potter - Order of the Phoenix;0;228;0
25/26;2025-10-03;Arena of Echoes;tournament;Clash of Imaginary Entities;3;Positioning;Harry Potter;52082;Harry Potter - Order of the Phoenix;1;247;0
25/26;2025-10-03;Arena of Echoes;tournament;Clash of Imaginary Entities;3;Positioning;Harry Potter;52082;Harry Potter - Order of the Phoenix;2;206;0
25/26;2025-10-03;Arena of Echoes;tournament;Clash of Imaginary Entities;3;Positioning;Harry Potter;52082;Harry Potter - Order of the Phoenix;3;207;0
25/26;2025-10-03;Arena of Echoes;tournament;Clash of Imaginary Entities;3;Positioning;Tiamat;190311;Mesopotamian Myth - Chaos Ancients;0;207;0
25/26;2025-10-03;Arena of Echoes;tournament;Clash of Imaginary Entities;3;Positioning;Tiamat;190311;Mesopotamian Myth - Chaos Ancients;1;216;0
25/26;2025-10-03;Arena of Echoes;tournament;Clash of Imaginary Entities;3;Positioning;Tiamat;190311;Mesopotamian Myth - Chaos Ancients;2;212;0
25/26;2025-10-03;Arena of Echoes;tournament;Clash of Imaginary Entities;3;Positioning;Tiamat;190311;Mesopotamian Myth - Chaos Ancients;3;223;0
25/26;2025-10-03;Arena of Echoes;tournament;Clash of Imaginary Entities;3;Positioning;Zeus;139274;Greek Myth - Olympians;0;225;0
25/26;2025-10-03;Arena of Echoes;tournament;Clash of Imaginary Entities;3;Positioning;Zeus;139274;Greek Myth - Olympians;1;186;0
25/26;2025-10-03;Arena of Echoes;tournament;Clash of Imaginary Entities;3;Positioning;Zeus;139274;Greek Myth - Olympians;2;220;0
25/26;2025-10-03;Arena of Echoes;tournament;Clash of Imaginary Entities;3;Positioning;Zeus;139274;Greek Myth - Olympians;3;196;0
25/26;2025-10-03;Arena of Echoes;tournament;Clash of Imaginary Entities;3;Positioning;Luke Skywalker;91905;Star Wars - Jedi Order;0;241;0
25/26;2025-10-03;Arena of Echoes;tournament;Clash of Imaginary Entities;3;Positioning;Luke Skywalker;91905;Star Wars - Jedi Order;1;204;0
25/26;2025-10-03;Arena of Echoes;tournament;Clash of Imaginary Entities;3;Positioning;Luke Skywalker;91905;Star Wars - Jedi Order;2;247;0
25/26;2025-10-03;Arena of Echoes;tournament;Clash of Imaginary Entities;3;Positioning;Luke Skywalker;91905;Star Wars - Jedi Order;3;231;0
25/26;2025-10-03;Arena of Echoes;tournament;Clash of Imaginary Entities;3;Positioning;Marduk;188458;Mesopotamian Myth - Sky Kings;0;176;0
25/26;2025-10-03;Arena of Echoes;tournament;Clash of Imaginary Entities;3;Positioning;Marduk;188458;Mesopotamian Myth - Sky Kings;1;179;0
25/26;2025-10-03;Arena of Echoes;tournament;Clash of Imaginary Entities;3;Positioning;Marduk;188458;Mesopotamian Myth - Sky Kings;2;185;0
25/26;2025-10-03;Arena of Echoes;tournament;Clash of Imaginary Entities;3;Positioning;Marduk;188458;Mesopotamian Myth - Sky Kings;3;232;0
25/26;2025-10-03;Arena of Echoes;tournament;Clash of Imaginary Entities;3;Positioning;Gowron;52847;Star Trek - Klingon-Romulan;0;208;0
25/26;2025-10-03;Arena of Echoes;tournament;Clash of Imaginary Entities;3;Positioning;Gowron;52847;Star Trek - Klingon-Romulan;1;215;0
25/26;2025-10-03;Arena of Echoes;tournament;Clash of Imaginary Entities;3;Positioning;Gowron;52847;Star Trek - Klingon-Romulan;2;218;0
25/26;2025-10-03;Arena of Echoes;tournament;Clash of Imaginary Entities;3;Positioning;Gowron;52847;Star Trek - Klingon-Romulan;3;198;0
25/26;2025-10-03;Arena of Echoes;tournament;Clash of Imaginary Entities;3;Positioning;Harbinger;69213;Mass Effect - Cerberus-Reapers;0;213;0
25/26;2025-10-03;Arena of Echoes;tournament;Clash of Imaginary Entities;3;Positioning;Harbinger;69213;Mass Effect - Cerberus-Reapers;1;200;0
25/26;2025-10-03;Arena of Echoes;tournament;Clash of Imaginary Entities;3;Positioning;Harbinger;69213;Mass Effect - Cerberus-Reapers;2;214;0
25/26;2025-10-03;Arena of Echoes;tournament;Clash of Imaginary Entities;3;Positioning;Harbinger;69213;Mass Effect - Cerberus-Reapers;3;202;0
25/26;2025-10-03;Arena of Echoes;tournament;Clash of Imaginary Entities;3;Positioning;The Dagda;143101;Celtic Myth - Tuatha De Danann;0;208;0
25/26;2025-10-03;Arena of Echoes;tournament;Clash of Imaginary Entities;3;Positioning;The Dagda;143101;Celtic Myth - Tuatha De Danann;1;205;0
25/26;2025-10-03;Arena of Echoes;tournament;Clash of Imaginary Entities;3;Positioning;The Dagda;143101;Celtic Myth - Tuatha De Danann;2;229;0
25/26;2025-10-03;Arena of Echoes;tournament;Clash of Imaginary Entities;3;Positioning;The Dagda;143101;Celtic Myth - Tuatha De Danann;3;212;0
25/26;2025-10-03;Arena of Echoes;tournament;Clash of Imaginary Entities;3;Positioning;Gandalf;98265;Lord of the Rings - Free Peoples;0;203;0
25/26;2025-10-03;Arena of Echoes;tournament;Clash of Imaginary Entities;3;Positioning;Gandalf;98265;Lord of the Rings - Free Peoples;1;220;0
25/26;2025-10-03;Arena of Echoes;tournament;Clash of Imaginary Entities;3;Positioning;Gandalf;98265;Lord of the Rings - Free Peoples;2;220;0
25/26;2025-10-03;Arena of Echoes;tournament;Clash of Imaginary Entities;3;Positioning;Gandalf;98265;Lord of the Rings - Free Peoples;3;226;0
25/26;2025-10-03;Arena of Echoes;tournament;Clash of Imaginary Entities;3;Positioning;Illusive Man;86178;Mass Effect - Cerberus-Reapers;0;210;0
25/26;2025-10-03;Arena of Echoes;tournament;Clash of Imaginary Entities;3;Positioning;Illusive Man;86178;Mass Effect - Cerberus-Reapers;1;237;0
25/26;2025-10-03;Arena of Echoes;tournament;Clash of Imaginary Entities;3;Positioning;Illusive Man;86178;Mass Effect - Cerberus-Reapers;2;228;0
25/26;2025-10-03;Arena of Echoes;tournament;Clash of Imaginary Entities;3;Positioning;Illusive Man;86178;Mass Effect - Cerberus-Reapers;3;224;0
25/26;2025-10-03;Arena of Echoes;tournament;Clash of Imaginary Entities;3;Positioning;Cronus;174393;Greek Myth - Titans & Primordials;0;186;0
25/26;2025-10-03;Arena of Echoes;tournament;Clash of Imaginary Entities;3;Positioning;Cronus;174393;Greek Myth - Titans & Primordials;1;223;0
25/26;2025-10-03;Arena of Echoes;tournament;Clash of Imaginary Entities;3;Positioning;Cronus;174393;Greek Myth - Titans & Primordials;2;241;0
25/26;2025-10-03;Arena of Echoes;tournament;Clash of Imaginary Entities;3;Positioning;Cronus;174393;Greek Myth - Titans & Primordials;3;207;0
25/26;2025-10-03;Arena of Echoes;tournament;Clash of Imaginary Entities;3;Positioning;Jean-Luc Picard;56338;Star Trek - Federation;0;213;0
25/26;2025-10-03;Arena of Echoes;tournament;Clash of Imaginary Entities;3;Positioning;Jean-Luc Picard;56338;Star Trek - Federation;1;224;0
25/26;2025-10-03;Arena of Echoes;tournament;Clash of Imaginary Entities;3;Positioning;Jean-Luc Picard;56338;Star Trek - Federation;2;208;0
25/26;2025-10-03;Arena of Echoes;tournament;Clash of Imaginary Entities;3;Positioning;Jean-Luc Picard;56338;Star Trek - Federation;3;210;0
25/26;2025-10-03;Arena of Echoes;tournament;Clash of Imaginary Entities;3;Positioning;Loki;150650;Norse Myth - Giants & Tricksters;0;209;0
25/26;2025-10-03;Arena of Echoes;tournament;Clash of Imaginary Entities;3;Positioning;Loki;150650;Norse Myth - Giants & Tricksters;1;185;0
25/26;2025-10-03;Arena of Echoes;tournament;Clash of Imaginary Entities;3;Positioning;Loki;150650;Norse Myth - Giants & Tricksters;2;227;0
25/26;2025-10-03;Arena of Echoes;tournament;Clash of Imaginary Entities;3;Positioning;Loki;150650;Norse Myth - Giants & Tricksters;3;229;0
25/26;2025-10-03;Arena of Echoes;tournament;Clash of Imaginary Entities;3;Positioning;Guybrush Threepwood;99729;LucasArts Games - Monkey Island & Legacy;0;223;0
25/26;2025-10-03;Arena of Echoes;tournament;Clash of Imaginary Entities;3;Positioning;Guybrush Threepwood;99729;LucasArts Games - Monkey Island & Legacy;1;231;0
25/26;2025-10-03;Arena of Echoes;tournament;Clash of Imaginary Entities;3;Positioning;Guybrush Threepwood;99729;LucasArts Games - Monkey Island & Legacy;2;214;0
25/26;2025-10-03;Arena of Echoes;tournament;Clash of Imaginary Entities;3;Positioning;Guybrush Threepwood;99729;LucasArts Games - Monkey Island & Legacy;3;251;0
25/26;2025-10-03;Arena of Echoes;tournament;Clash of Imaginary Entities;4;Elimination;Odin;126765;Norse Myth - Aesir;0;204;0
25/26;2025-10-03;Arena of Echoes;tournament;Clash of Imaginary Entities;4;Elimination;Cersei Lannister;95962;Game of Thrones - Lannister-Crown;0;218;0
25/26;2025-10-03;Arena of Echoes;tournament;Clash of Imaginary Entities;4;Elimination;Luke Skywalker;91905;Star Wars - Jedi Order;0;195;0
25/26;2025-10-03;Arena of Echoes;tournament;Clash of Imaginary Entities;4;Elimination;Harry Potter;52082;Harry Potter - Order of the Phoenix;0;215;0
25/26;2025-10-03;Arena of Echoes;tournament;Clash of Imaginary Entities;4;Elimination;Balor;139930;Celtic Myth - Fomorians;0;215;0
25/26;2025-10-03;Arena of Echoes;tournament;Clash of Imaginary Entities;4;Elimination;Cersei Lannister;95962;Game of Thrones - Lannister-Crown;1;222;0
25/26;2025-10-03;Arena of Echoes;tournament;Clash of Imaginary Entities;4;Elimination;Harry Potter;52082;Harry Potter - Order of the Phoenix;1;190;0
25/26;2025-10-03;Arena of Echoes;tournament;Clash of Imaginary Entities;4;Elimination;Balor;139930;Celtic Myth - Fomorians;1;211;0
25/26;2025-10-03;Arena of Echoes;tournament;Clash of Imaginary Entities;4;Elimination;Odin;126765;Norse Myth - Aesir;1;219;0
25/26;2025-10-03;Arena of Echoes;tournament;Clash of Imaginary Entities;4;Elimination;Cersei Lannister;95962;Game of Thrones - Lannister-Crown;2;223;0
25/26;2025-10-03;Arena of Echoes;tournament;Clash of Imaginary Entities;4;Elimination;Odin;126765;Norse Myth - Aesir;2;197;0
25/26;2025-10-03;Arena of Echoes;tournament;Clash of Imaginary Entities;4;Elimination;Balor;139930;Celtic Myth - Fomorians;2;202;0
25/26;2025-10-03;Arena of Echoes;tournament;Clash of Imaginary Entities;4;Elimination;Cersei Lannister;95962;Game of Thrones - Lannister-Crown;3;204;0
25/26;2025-10-03;Arena of Echoes;tournament;Clash of Imaginary Entities;4;Elimination;Balor;139930;Celtic Myth - Fomorians;3;214;0
26/27;2026-10-02;Arena of Echoes;tournament;Clash of Imaginary Entities;1;Qualifying A;Harry Potter;52082;Harry Potter - Order of the Phoenix;0;181;0
26/27;2026-10-02;Arena of Echoes;tournament;Clash of Imaginary Entities;1;Qualifying A;Harry Potter;52082;Harry Potter - Order of the Phoenix;1;216;0
26/27;2026-10-02;Arena of Echoes;tournament;Clash of Imaginary Entities;1;Qualifying A;Harry Potter;52082;Harry Potter - Order of the Phoenix;2;225;0
26/27;2026-10-02;Arena of Echoes;tournament;Clash of Imaginary Entities;1;Qualifying A;Harry Potter;52082;Harry Potter - Order of the Phoenix;3;207;0
26/27;2026-10-02;Arena of Echoes;tournament;Clash of Imaginary Entities;1;Qualifying A;Maleficent;74911;Disney Characters - Disney Villains;0;181;0
26/27;2026-10-02;Arena of Echoes;tournament;Clash of Imaginary Entities;1;Qualifying A;Maleficent;74911;Disney Characters - Disney Villains;1;175;0
26/27;2026-10-02;Arena of Echoes;tournament;Clash of Imaginary Entities;1;Qualifying A;Maleficent;74911;Disney Characters - Disney Villains;2;183;0
26/27;2026-10-02;Arena of Echoes;tournament;Clash of Imaginary Entities;1;Qualifying A;Maleficent;74911;Disney Characters - Disney Villains;3;192;0
26/27;2026-10-02;Arena of Echoes;tournament;Clash of Imaginary Entities;1;Qualifying A;Mickey Mouse;68965;Disney Characters - Disney Heroes;0;185;0
26/27;2026-10-02;Arena of Echoes;tournament;Clash of Imaginary Entities;1;Qualifying A;Mickey Mouse;68965;Disney Characters - Disney Heroes;1;185;0
26/27;2026-10-02;Arena of Echoes;tournament;Clash of Imaginary Entities;1;Qualifying A;Mickey Mouse;68965;Disney Characters - Disney Heroes;2;244;0
26/27;2026-10-02;Arena of Echoes;tournament;Clash of Imaginary Entities;1;Qualifying A;Mickey Mouse;68965;Disney Characters - Disney Heroes;3;206;0
26/27;2026-10-02;Arena of Echoes;tournament;Clash of Imaginary Entities;1;Qualifying A;Worf;67335;Star Trek - Klingon-Romulan;0;213;0
26/27;2026-10-02;Arena of Echoes;tournament;Clash of Imaginary Entities;1;Qualifying A;Worf;67335;Star Trek - Klingon-Romulan;1;216;0
26/27;2026-10-02;Arena of Echoes;tournament;Clash of Imaginary Entities;1;Qualifying A;Worf;67335;Star Trek - Klingon-Romulan;2;216;0
26/27;2026-10-02;Arena of Echoes;tournament;Clash of Imaginary Entities;1;Qualifying A;Worf;67335;Star Trek - Klingon-Romulan;3;217;0
26/27;2026-10-02;Arena of Echoes;tournament;Clash of Imaginary Entities;1;Qualifying A;Darth Vader;68024;Star Wars - Sith Empire;0;199;0
26/27;2026-10-02;Arena of Echoes;tournament;Clash of Imaginary Entities;1;Qualifying A;Darth Vader;68024;Star Wars - Sith Empire;1;223;0
26/27;2026-10-02;Arena of Echoes;tournament;Clash of Imaginary Entities;1;Qualifying A;Darth Vader;68024;Star Wars - Sith Empire;2;196;0
26/27;2026-10-02;Arena of Echoes;tournament;Clash of Imaginary Entities;1;Qualifying A;Darth Vader;68024;Star Wars - Sith Empire;3;217;0
26/27;2026-10-02;Arena of Echoes;tournament;Clash of Imaginary Entities;1;Qualifying A;Luke Skywalker;91905;Star Wars - Jedi Order;0;194;0
26/27;2026-10-02;Arena of Echoes;tournament;Clash of Imaginary Entities;1;Qualifying A;Luke Skywalker;91905;Star Wars - Jedi Order;1;193;0
26/27;2026-10-02;Arena of Echoes;tournament;Clash of Imaginary Entities;1;Qualifying A;Luke Skywalker;91905;Star Wars - Jedi Order;2;218;0
26/27;2026-10-02;Arena of Echoes;tournament;Clash of Imaginary Entities;1;Qualifying A;Luke Skywalker;91905;Star Wars - Jedi Order;3;189;0
26/27;2026-10-02;Arena of Echoes;tournament;Clash of Imaginary Entities;1;Qualifying A;Paul Atreides;72298;Dune - House Atreides;0;206;0
26/27;2026-10-02;Arena of Echoes;tournament;Clash of Imaginary Entities;1;Qualifying A;Paul Atreides;72298;Dune - House Atreides;1;221;0
26/27;2026-10-02;Arena of Echoes;tournament;Clash of Imaginary Entities;1;Qualifying A;Paul Atreides;72298;Dune - House Atreides;2;209;0
26/27;2026-10-02;Arena of Echoes;tournament;Clash of Imaginary Entities;1;Qualifying A;Paul Atreides;72298;Dune - House Atreides;3;217;0
26/27;2026-10-02;Arena of Echoes;tournament;Clash of Imaginary Entities;1;Qualifying A;Lord Voldemort;65247;Harry Potter - Death Eaters;0;211;0
26/27;2026-10-02;Arena of Echoes;tournament;Clash of Imaginary Entities;1;Qualifying A;Lord Voldemort;65247;Harry Potter - Death Eaters;1;202;0
26/27;2026-10-02;Arena of Echoes;tournament;Clash of Imaginary Entities;1;Qualifying A;Lord Voldemort;65247;Harry Potter - Death Eaters;2;224;0
26/27;2026-10-02;Arena of Echoes;tournament;Clash of Imaginary Entities;1;Qualifying A;Lord Voldemort;65247;Harry Potter - Death Eaters;3;201;0
26/27;2026-10-02;Arena of Echoes;tournament;Clash of Imaginary Entities;1;Qualifying A;Jean-Luc Picard;56338;Star Trek - Federation;0;208;0
26/27;2026-10-02;Arena of Echoes;tournament;Clash of Imaginary Entities;1;Qualifying A;Jean-Luc Picard;56338;Star Trek - Federation;1;208;0
26/27;2026-10-02;Arena of Echoes;tournament;Clash of Imaginary Entities;1;Qualifying A;Jean-Luc Picard;56338;Star Trek - Federation;2;204;0
26/27;2026-10-02;Arena of Echoes;tournament;Clash of Imaginary Entities;1;Qualifying A;Jean-Luc Picard;56338;Star Trek - Federation;3;206;0
26/27;2026-10-02;Arena of Echoes;tournament;Clash of Imaginary Entities;1;Qualifying A;Abaddon the Despoiler;54558;Warhammer 40K - Chaos;0;207;0
26/27;2026-10-02;Arena of Echoes;tournament;Clash of Imaginary Entities;1;Qualifying A;Abaddon the Despoiler;54558;Warhammer 40K - Chaos;1;217;0
26/27;2026-10-02;Arena of Echoes;tournament;Clash of Imaginary Entities;1;Qualifying A;Abaddon the Despoiler;54558;Warhammer 40K - Chaos;2;235;0
26/27;2026-10-02;Arena of Echoes;tournament;Clash of Imaginary Entities;1;Qualifying A;Abaddon the Despoiler;54558;Warhammer 40K - Chaos;3;196;0
26/27;2026-10-02;Arena of Echoes;tournament;Clash of Imaginary Entities;1;Qualifying A;Commander Shepard;85142;Mass Effect - Alliance Crew;0;210;0
26/27;2026-10-02;Arena of Echoes;tournament;Clash of Imaginary Entities;1;Qualifying A;Commander Shepard;85142;Mass Effect - Alliance Crew;1;205;0
26/27;2026-10-02;Arena of Echoes;tournament;Clash of Imaginary Entities;1;Qualifying A;Commander Shepard;85142;Mass Effect - Alliance Crew;2;192;0
26/27;2026-10-02;Arena of Echoes;tournament;Clash of Imaginary Entities;1;Qualifying A;Commander Shepard;85142;Mass Effect - Alliance Crew;3;203;0
26/27;2026-10-02;Arena of Echoes;tournament;Clash of Imaginary Entities;1;Qualifying A;Feyd-Rautha;56698;Dune - Harkonnen-Sardaukar;0;209;0
26/27;2026-10-02;Arena of Echoes;tournament;Clash of Imaginary Entities;1;Qualifying A;Feyd-Rautha;56698;Dune - Harkonnen-Sardaukar;1;206;0
26/27;2026-10-02;Arena of Echoes;tournament;Clash of Imaginary Entities;1;Qualifying A;Feyd-Rautha;56698;Dune - Harkonnen-Sardaukar;2;217;0
26/27;2026-10-02;Arena of Echoes;tournament;Clash of Imaginary Entities;1;Qualifying A;Feyd-Rautha;56698;Dune - Harkonnen-Sardaukar;3;212;0
26/27;2026-10-02;Arena of Echoes;tournament;Clash of Imaginary Entities;1;Qualifying A;Emperor Palpatine;66049;Star Wars - Sith Empire;0;221;0
26/27;2026-10-02;Arena of Echoes;tournament;Clash of Imaginary Entities;1;Qualifying A;Emperor Palpatine;66049;Star Wars - Sith Empire;1;215;0
26/27;2026-10-02;Arena of Echoes;tournament;Clash of Imaginary Entities;1;Qualifying A;Emperor Palpatine;66049;Star Wars - Sith Empire;2;206;0
26/27;2026-10-02;Arena of Echoes;tournament;Clash of Imaginary Entities;1;Qualifying A;Emperor Palpatine;66049;Star Wars - Sith Empire;3;232;0
26/27;2026-10-02;Arena of Echoes;tournament;Clash of Imaginary Entities;1;Qualifying A;Illusive Man;86178;Mass Effect - Cerberus-Reapers;0;211;0
26/27;2026-10-02;Arena of Echoes;tournament;Clash of Imaginary Entities;1;Qualifying A;Illusive Man;86178;Mass Effect - Cerberus-Reapers;1;212;0
26/27;2026-10-02;Arena of Echoes;tournament;Clash of Imaginary Entities;1;Qualifying A;Illusive Man;86178;Mass Effect - Cerberus-Reapers;2;218;0
26/27;2026-10-02;Arena of Echoes;tournament;Clash of Imaginary Entities;1;Qualifying A;Illusive Man;86178;Mass Effect - Cerberus-Reapers;3;222;0
26/27;2026-10-02;Arena of Echoes;tournament;Clash of Imaginary Entities;1;Qualifying A;Gandalf;98265;Lord of the Rings - Free Peoples;0;224;0
26/27;2026-10-02;Arena of Echoes;tournament;Clash of Imaginary Entities;1;Qualifying A;Gandalf;98265;Lord of the Rings - Free Peoples;1;236;0
26/27;2026-10-02;Arena of Echoes;tournament;Clash of Imaginary Entities;1;Qualifying A;Gandalf;98265;Lord of the Rings - Free Peoples;2;210;0
26/27;2026-10-02;Arena of Echoes;tournament;Clash of Imaginary Entities;1;Qualifying A;Gandalf;98265;Lord of the Rings - Free Peoples;3;213;0
26/27;2026-10-02;Arena of Echoes;tournament;Clash of Imaginary Entities;1;Qualifying A;Kyle Katarn;79439;LucasArts Games - Jedi Knight Era;0;198;0
26/27;2026-10-02;Arena of Echoes;tournament;Clash of Imaginary Entities;1;Qualifying A;Kyle Katarn;79439;LucasArts Games - Jedi Knight Era;1;215;0
26/27;2026-10-02;Arena of Echoes;tournament;Clash of Imaginary Entities;1;Qualifying A;Kyle Katarn;79439;LucasArts Games - Jedi Knight Era;2;219;0
26/27;2026-10-02;Arena of Echoes;tournament;Clash of Imaginary Entities;1;Qualifying A;Kyle Katarn;79439;LucasArts Games - Jedi Knight Era;3;194;0
26/27;2026-10-02;Arena of Echoes;tournament;Clash of Imaginary Entities;1;Qualifying A;Cersei Lannister;95962;Game of Thrones - Lannister-Crown;0;240;0
26/27;2026-10-02;Arena of Echoes;tournament;Clash of Imaginary Entities;1;Qualifying A;Cersei Lannister;95962;Game of Thrones - Lannister-Crown;1;219;0
26/27;2026-10-02;Arena of Echoes;tournament;Clash of Imaginary Entities;1;Qualifying A;Cersei Lannister;95962;Game of Thrones - Lannister-Crown;2;202;0
26/27;2026-10-02;Arena of Echoes;tournament;Clash of Imaginary Entities;1;Qualifying A;Cersei Lannister;95962;Game of Thrones - Lannister-Crown;3;242;0
26/27;2026-10-02;Arena of Echoes;tournament;Clash of Imaginary Entities;1;Qualifying A;Roboute Guilliman;73700;Warhammer 40K - Imperium;0;199;0
26/27;2026-10-02;Arena of Echoes;tournament;Clash of Imaginary Entities;1;Qualifying A;Roboute Guilliman;73700;Warhammer 40K - Imperium;1;205;0
26/27;2026-10-02;Arena of Echoes;tournament;Clash of Imaginary Entities;1;Qualifying A;Roboute Guilliman;73700;Warhammer 40K - Imperium;2;238;0
26/27;2026-10-02;Arena of Echoes;tournament;Clash of Imaginary Entities;1;Qualifying A;Roboute Guilliman;73700;Warhammer 40K - Imperium;3;154;0
26/27;2026-10-02;Arena of Echoes;tournament;Clash of Imaginary Entities;1;Qualifying A;Sauron;85741;Lord of the Rings - Forces of Mordor;0;221;0
26/27;2026-10-02;Arena of Echoes;tournament;Clash of Imaginary Entities;1;Qualifying A;Sauron;85741;Lord of the Rings - Forces of Mordor;1;192;0
26/27;2026-10-02;Arena of Echoes;tournament;Clash of Imaginary Entities;1;Qualifying A;Sauron;85741;Lord of the Rings - Forces of Mordor;2;184;0
26/27;2026-10-02;Arena of Echoes;tournament;Clash of Imaginary Entities;1;Qualifying A;Sauron;85741;Lord of the Rings - Forces of Mordor;3;201;0
26/27;2026-10-02;Arena of Echoes;tournament;Clash of Imaginary Entities;1;Qualifying A;Harbinger;69213;Mass Effect - Cerberus-Reapers;0;226;0
26/27;2026-10-02;Arena of Echoes;tournament;Clash of Imaginary Entities;1;Qualifying A;Harbinger;69213;Mass Effect - Cerberus-Reapers;1;234;0
26/27;2026-10-02;Arena of Echoes;tournament;Clash of Imaginary Entities;1;Qualifying A;Harbinger;69213;Mass Effect - Cerberus-Reapers;2;199;0
26/27;2026-10-02;Arena of Echoes;tournament;Clash of Imaginary Entities;1;Qualifying A;Harbinger;69213;Mass Effect - Cerberus-Reapers;3;225;0
26/27;2026-10-02;Arena of Echoes;tournament;Clash of Imaginary Entities;1;Qualifying A;Zeus;139274;Greek Myth - Olympians;0;217;0
26/27;2026-10-02;Arena of Echoes;tournament;Clash of Imaginary Entities;1;Qualifying A;Zeus;139274;Greek Myth - Olympians;1;224;0
26/27;2026-10-02;Arena of Echoes;tournament;Clash of Imaginary Entities;1;Qualifying A;Zeus;139274;Greek Myth - Olympians;2;231;0
26/27;2026-10-02;Arena of Echoes;tournament;Clash of Imaginary Entities;1;Qualifying A;Zeus;139274;Greek Myth - Olympians;3;219;0
26/27;2026-10-02;Arena of Echoes;tournament;Clash of Imaginary Entities;1;Qualifying A;Indra;124470;Hindu Myth - Devas;0;215;0
26/27;2026-10-02;Arena of Echoes;tournament;Clash of Imaginary Entities;1;Qualifying A;Indra;124470;Hindu Myth - Devas;1;209;0
26/27;2026-10-02;Arena of Echoes;tournament;Clash of Imaginary Entities;1;Qualifying A;Indra;124470;Hindu Myth - Devas;2;209;0
26/27;2026-10-02;Arena of Echoes;tournament;Clash of Imaginary Entities;1;Qualifying A;Indra;124470;Hindu Myth - Devas;3;223;0
26/27;2026-10-02;Arena of Echoes;tournament;Clash of Imaginary Entities;1;Qualifying A;The Dagda;143101;Celtic Myth - Tuatha De Danann;0;206;0
26/27;2026-10-02;Arena of Echoes;tournament;Clash of Imaginary Entities;1;Qualifying A;The Dagda;143101;Celtic Myth - Tuatha De Danann;1;217;0
26/27;2026-10-02;Arena of Echoes;tournament;Clash of Imaginary Entities;1;Qualifying A;The Dagda;143101;Celtic Myth - Tuatha De Danann;2;201;0
26/27;2026-10-02;Arena of Echoes;tournament;Clash of Imaginary Entities;1;Qualifying A;The Dagda;143101;Celtic Myth - Tuatha De Danann;3;211;0
26/27;2026-10-02;Arena of Echoes;tournament;Clash of Imaginary Entities;1;Qualifying A;Loki;150650;Norse Myth - Giants & Tricksters;0;187;0
26/27;2026-10-02;Arena of Echoes;tournament;Clash of Imaginary Entities;1;Qualifying A;Loki;150650;Norse Myth - Giants & Tricksters;1;190;0
26/27;2026-10-02;Arena of Echoes;tournament;Clash of Imaginary Entities;1;Qualifying A;Loki;150650;Norse Myth - Giants & Tricksters;2;226;0
26/27;2026-10-02;Arena of Echoes;tournament;Clash of Imaginary Entities;1;Qualifying A;Loki;150650;Norse Myth - Giants & Tricksters;3;201;0
26/27;2026-10-02;Arena of Echoes;tournament;Clash of Imaginary Entities;1;Qualifying A;Odin;126765;Norse Myth - Aesir;0;212;0
26/27;2026-10-02;Arena of Echoes;tournament;Clash of Imaginary Entities;1;Qualifying A;Odin;126765;Norse Myth - Aesir;1;214;0
26/27;2026-10-02;Arena of Echoes;tournament;Clash of Imaginary Entities;1;Qualifying A;Odin;126765;Norse Myth - Aesir;2;237;0
26/27;2026-10-02;Arena of Echoes;tournament;Clash of Imaginary Entities;1;Qualifying A;Odin;126765;Norse Myth - Aesir;3;210;0
26/27;2026-10-02;Arena of Echoes;tournament;Clash of Imaginary Entities;1;Qualifying A;Mahishasura;137200;Hindu Myth - Asuras;0;213;0
26/27;2026-10-02;Arena of Echoes;tournament;Clash of Imaginary Entities;1;Qualifying A;Mahishasura;137200;Hindu Myth - Asuras;1;212;0
26/27;2026-10-02;Arena of Echoes;tournament;Clash of Imaginary Entities;1;Qualifying A;Mahishasura;137200;Hindu Myth - Asuras;2;203;0
26/27;2026-10-02;Arena of Echoes;tournament;Clash of Imaginary Entities;1;Qualifying A;Mahishasura;137200;Hindu Myth - Asuras;3;218;0
26/27;2026-10-02;Arena of Echoes;tournament;Clash of Imaginary Entities;1;Qualifying A;Marduk;188458;Mesopotamian Myth - Sky Kings;0;193;0
26/27;2026-10-02;Arena of Echoes;tournament;Clash of Imaginary Entities;1;Qualifying A;Marduk;188458;Mesopotamian Myth - Sky Kings;1;217;0
26/27;2026-10-02;Arena of Echoes;tournament;Clash of Imaginary Entities;1;Qualifying A;Marduk;188458;Mesopotamian Myth - Sky Kings;2;231;0
26/27;2026-10-02;Arena of Echoes;tournament;Clash of Imaginary Entities;1;Qualifying A;Marduk;188458;Mesopotamian Myth - Sky Kings;3;225;0
26/27;2026-10-02;Arena of Echoes;tournament;Clash of Imaginary Entities;1;Qualifying A;Cronus;174393;Greek Myth - Titans & Primordials;0;227;0
26/27;2026-10-02;Arena of Echoes;tournament;Clash of Imaginary Entities;1;Qualifying A;Cronus;174393;Greek Myth - Titans & Primordials;1;201;0
26/27;2026-10-02;Arena of Echoes;tournament;Clash of Imaginary Entities;1;Qualifying A;Cronus;174393;Greek Myth - Titans & Primordials;2;212;0
26/27;2026-10-02;Arena of Echoes;tournament;Clash of Imaginary Entities;1;Qualifying A;Cronus;174393;Greek Myth - Titans & Primordials;3;211;0
26/27;2026-10-02;Arena of Echoes;tournament;Clash of Imaginary Entities;1;Qualifying A;Tiamat;190311;Mesopotamian Myth - Chaos Ancients;0;226;0
26/27;2026-10-02;Arena of Echoes;tournament;Clash of Imaginary Entities;1;Qualifying A;Tiamat;190311;Mesopotamian Myth - Chaos Ancients;1;207;0
26/27;2026-10-02;Arena of Echoes;tournament;Clash of Imaginary Entities;1;Qualifying A;Tiamat;190311;Mesopotamian Myth - Chaos Ancients;2;230;0
26/27;2026-10-02;Arena of Echoes;tournament;Clash of Imaginary Entities;1;Qualifying A;Tiamat;190311;Mesopotamian Myth - Chaos Ancients;3;216;0
26/27;2026-10-02;Arena of Echoes;tournament;Clash of Imaginary Entities;1;Qualifying A;Osiris;179670;Egyptian Myth - Underworld Powers;0;208;0
26/27;2026-10-02;Arena of Echoes;tournament;Clash of Imaginary Entities;1;Qualifying A;Osiris;179670;Egyptian Myth - Underworld Powers;1;214;0
26/27;2026-10-02;Arena of Echoes;tournament;Clash of Imaginary Entities;1;Qualifying A;Osiris;179670;Egyptian Myth - Underworld Powers;2;195;0
26/27;2026-10-02;Arena of Echoes;tournament;Clash of Imaginary Entities;1;Qualifying A;Osiris;179670;Egyptian Myth - Underworld Powers;3;217;0
26/27;2026-10-02;Arena of Echoes;tournament;Clash of Imaginary Entities;1;Qualifying A;Balor;139930;Celtic Myth - Fomorians;0;209;0
26/27;2026-10-02;Arena of Echoes;tournament;Clash of Imaginary Entities;1;Qualifying A;Balor;139930;Celtic Myth - Fomorians;1;198;0
26/27;2026-10-02;Arena of Echoes;tournament;Clash of Imaginary Entities;1;Qualifying A;Balor;139930;Celtic Myth - Fomorians;2;205;0
26/27;2026-10-02;Arena of Echoes;tournament;Clash of Imaginary Entities;1;Qualifying A;Balor;139930;Celtic Myth - Fomorians;3;220;0
26/27;2026-10-02;Arena of Echoes;tournament;Clash of Imaginary Entities;1;Qualifying A;Rhea;104221;Greek Myth - Titans & Primordials;0;176;0
26/27;2026-10-02;Arena of Echoes;tournament;Clash of Imaginary Entities;1;Qualifying A;Rhea;104221;Greek Myth - Titans & Primordials;1;186;0
26/27;2026-10-02;Arena of Echoes;tournament;Clash of Imaginary Entities;1;Qualifying A;Rhea;104221;Greek Myth - Titans & Primordials;2;184;0
26/27;2026-10-02;Arena of Echoes;tournament;Clash of Imaginary Entities;1;Qualifying A;Rhea;104221;Greek Myth - Titans & Primordials;3;186;0
26/27;2026-10-02;Arena of Echoes;tournament;Clash of Imaginary Entities;1;Qualifying A;Anubis;175219;Egyptian Myth - Underworld Powers;0;208;0
26/27;2026-10-02;Arena of Echoes;tournament;Clash of Imaginary Entities;1;Qualifying A;Anubis;175219;Egyptian Myth - Underworld Powers;1;204;0
26/27;2026-10-02;Arena of Echoes;tournament;Clash of Imaginary Entities;1;Qualifying A;Anubis;175219;Egyptian Myth - Underworld Powers;2;195;0
26/27;2026-10-02;Arena of Echoes;tournament;Clash of Imaginary Entities;1;Qualifying A;Anubis;175219;Egyptian Myth - Underworld Powers;3;184;0
26/27;2026-10-02;Arena of Echoes;tournament;Clash of Imaginary Entities;1;Qualifying A;Thor;151201;Norse Myth - Aesir;0;180;0
26/27;2026-10-02;Arena of Echoes;tournament;Clash of Imaginary Entities;1;Qualifying A;Thor;151201;Norse Myth - Aesir;1;208;0
26/27;2026-10-02;Arena of Echoes;tournament;Clash of Imaginary Entities;1;Qualifying A;Thor;151201;Norse Myth - Aesir;2;201;0
26/27;2026-10-02;Arena of Echoes;tournament;Clash of Imaginary Entities;1;Qualifying A;Thor;151201;Norse Myth - Aesir;3;191;0
26/27;2026-10-02;Arena of Echoes;tournament;Clash of Imaginary Entities;1;Qualifying A;Ishtar;172470;Mesopotamian Myth - Sky Kings;0;181;0
26/27;2026-10-02;Arena of Echoes;tournament;Clash of Imaginary Entities;1;Qualifying A;Ishtar;172470;Mesopotamian Myth - Sky Kings;1;194;0
26/27;2026-10-02;Arena of Echoes;tournament;Clash of Imaginary Entities;1;Qualifying A;Ishtar;172470;Mesopotamian Myth - Sky Kings;2;200;0
26/27;2026-10-02;Arena of Echoes;tournament;Clash of Imaginary Entities;1;Qualifying A;Ishtar;172470;Mesopotamian Myth - Sky Kings;3;189;0
26/27;2026-10-02;Arena of Echoes;tournament;Clash of Imaginary Entities;1;Qualifying A;Hiranyakashipu;130544;Hindu Myth - Asuras;0;181;0
26/27;2026-10-02;Arena of Echoes;tournament;Clash of Imaginary Entities;1;Qualifying A;Hiranyakashipu;130544;Hindu Myth - Asuras;1;191;0
26/27;2026-10-02;Arena of Echoes;tournament;Clash of Imaginary Entities;1;Qualifying A;Hiranyakashipu;130544;Hindu Myth - Asuras;2;188;0
26/27;2026-10-02;Arena of Echoes;tournament;Clash of Imaginary Entities;1;Qualifying A;Hiranyakashipu;130544;Hindu Myth - Asuras;3;186;0
26/27;2026-10-02;Arena of Echoes;tournament;Clash of Imaginary Entities;1;Qualifying A;Ravana;126986;Hindu Myth - Asuras;0;202;0
26/27;2026-10-02;Arena of Echoes;tournament;Clash of Imaginary Entities;1;Qualifying A;Ravana;126986;Hindu Myth - Asuras;1;197;0
26/27;2026-10-02;Arena of Echoes;tournament;Clash of Imaginary Entities;1;Qualifying A;Ravana;126986;Hindu Myth - Asuras;2;195;0
26/27;2026-10-02;Arena of Echoes;tournament;Clash of Imaginary Entities;1;Qualifying A;Ravana;126986;Hindu Myth - Asuras;3;182;0
26/27;2026-10-02;Arena of Echoes;tournament;Clash of Imaginary Entities;1;Qualifying A;Shamash;123283;Mesopotamian Myth - Sky Kings;0;190;0
26/27;2026-10-02;Arena of Echoes;tournament;Clash of Imaginary Entities;1;Qualifying A;Shamash;123283;Mesopotamian Myth - Sky Kings;1;204;0
26/27;2026-10-02;Arena of Echoes;tournament;Clash of Imaginary Entities;1;Qualifying A;Shamash;123283;Mesopotamian Myth - Sky Kings;2;183;0
26/27;2026-10-02;Arena of Echoes;tournament;Clash of Imaginary Entities;1;Qualifying A;Shamash;123283;Mesopotamian Myth - Sky Kings;3;211;0
26/27;2026-10-02;Arena of Echoes;tournament;Clash of Imaginary Entities;1;Qualifying A;Lugh;174647;Celtic Myth - Tuatha De Danann;0;194;0
26/27;2026-10-02;Arena of Echoes;tournament;Clash of Imaginary Entities;1;Qualifying A;Lugh;174647;Celtic Myth - Tuatha De Danann;1;194;0
26/27;2026-10-02;Arena of Echoes;tournament;Clash of Imaginary Entities;1;Qualifying A;Lugh;174647;Celtic Myth - Tuatha De Danann;2;212;0
26/27;2026-10-02;Arena of Echoes;tournament;Clash of Imaginary Entities;1;Qualifying A;Lugh;174647;Celtic Myth - Tuatha De Danann;3;194;0
26/27;2026-10-02;Arena of Echoes;tournament;Clash of Imaginary Entities;1;Qualifying A;Athena;142739;Greek Myth - Olympians;0;186;0
26/27;2026-10-02;Arena of Echoes;tournament;Clash of Imaginary Entities;1;Qualifying A;Athena;142739;Greek Myth - Olympians;1;177;0
26/27;2026-10-02;Arena of Echoes;tournament;Clash of Imaginary Entities;1;Qualifying A;Athena;142739;Greek Myth - Olympians;2;200;0
26/27;2026-10-02;Arena of Echoes;tournament;Clash of Imaginary Entities;1;Qualifying A;Athena;142739;Greek Myth - Olympians;3;232;0
26/27;2026-10-02;Arena of Echoes;tournament;Clash of Imaginary Entities;2;Qualifying B;Harry Potter;52082;Harry Potter - Order of the Phoenix;0;212;0
26/27;2026-10-02;Arena of Echoes;tournament;Clash of Imaginary Entities;2;Qualifying B;Harry Potter;52082;Harry Potter - Order of the Phoenix;1;205;0
26/27;2026-10-02;Arena of Echoes;tournament;Clash of Imaginary Entities;2;Qualifying B;Harry Potter;52082;Harry Potter - Order of the Phoenix;2;206;0
26/27;2026-10-02;Arena of Echoes;tournament;Clash of Imaginary Entities;2;Qualifying B;Harry Potter;52082;Harry Potter - Order of the Phoenix;3;227;0
26/27;2026-10-02;Arena of Echoes;tournament;Clash of Imaginary Entities;2;Qualifying B;Maleficent;74911;Disney Characters - Disney Villains;0;188;0
26/27;2026-10-02;Arena of Echoes;tournament;Clash of Imaginary Entities;2;Qualifying B;Maleficent;74911;Disney Characters - Disney Villains;1;198;0
26/27;2026-10-02;Arena of Echoes;tournament;Clash of Imaginary Entities;2;Qualifying B;Maleficent;74911;Disney Characters - Disney Villains;2;227;0
26/27;2026-10-02;Arena of Echoes;tournament;Clash of Imaginary Entities;2;Qualifying B;Maleficent;74911;Disney Characters - Disney Villains;3;176;0
26/27;2026-10-02;Arena of Echoes;tournament;Clash of Imaginary Entities;2;Qualifying B;Mickey Mouse;68965;Disney Characters - Disney Heroes;0;211;0
26/27;2026-10-02;Arena of Echoes;tournament;Clash of Imaginary Entities;2;Qualifying B;Mickey Mouse;68965;Disney Characters - Disney Heroes;1;187;0
26/27;2026-10-02;Arena of Echoes;tournament;Clash of Imaginary Entities;2;Qualifying B;Mickey Mouse;68965;Disney Characters - Disney Heroes;2;217;0
26/27;2026-10-02;Arena of Echoes;tournament;Clash of Imaginary Entities;2;Qualifying B;Mickey Mouse;68965;Disney Characters - Disney Heroes;3;186;0
26/27;2026-10-02;Arena of Echoes;tournament;Clash of Imaginary Entities;2;Qualifying B;Worf;67335;Star Trek - Klingon-Romulan;0;221;0
26/27;2026-10-02;Arena of Echoes;tournament;Clash of Imaginary Entities;2;Qualifying B;Worf;67335;Star Trek - Klingon-Romulan;1;220;0
26/27;2026-10-02;Arena of Echoes;tournament;Clash of Imaginary Entities;2;Qualifying B;Worf;67335;Star Trek - Klingon-Romulan;2;231;0
26/27;2026-10-02;Arena of Echoes;tournament;Clash of Imaginary Entities;2;Qualifying B;Worf;67335;Star Trek - Klingon-Romulan;3;228;0
26/27;2026-10-02;Arena of Echoes;tournament;Clash of Imaginary Entities;2;Qualifying B;Darth Vader;68024;Star Wars - Sith Empire;0;223;0
26/27;2026-10-02;Arena of Echoes;tournament;Clash of Imaginary Entities;2;Qualifying B;Darth Vader;68024;Star Wars - Sith Empire;1;224;0
26/27;2026-10-02;Arena of Echoes;tournament;Clash of Imaginary Entities;2;Qualifying B;Darth Vader;68024;Star Wars - Sith Empire;2;208;0
26/27;2026-10-02;Arena of Echoes;tournament;Clash of Imaginary Entities;2;Qualifying B;Darth Vader;68024;Star Wars - Sith Empire;3;213;0
26/27;2026-10-02;Arena of Echoes;tournament;Clash of Imaginary Entities;2;Qualifying B;Luke Skywalker;91905;Star Wars - Jedi Order;0;197;0
26/27;2026-10-02;Arena of Echoes;tournament;Clash of Imaginary Entities;2;Qualifying B;Luke Skywalker;91905;Star Wars - Jedi Order;1;216;0
26/27;2026-10-02;Arena of Echoes;tournament;Clash of Imaginary Entities;2;Qualifying B;Luke Skywalker;91905;Star Wars - Jedi Order;2;258;0
26/27;2026-10-02;Arena of Echoes;tournament;Clash of Imaginary Entities;2;Qualifying B;Luke Skywalker;91905;Star Wars - Jedi Order;3;218;0
26/27;2026-10-02;Arena of Echoes;tournament;Clash of Imaginary Entities;2;Qualifying B;Paul Atreides;72298;Dune - House Atreides;0;200;0
26/27;2026-10-02;Arena of Echoes;tournament;Clash of Imaginary Entities;2;Qualifying B;Paul Atreides;72298;Dune - House Atreides;1;211;0
26/27;2026-10-02;Arena of Echoes;tournament;Clash of Imaginary Entities;2;Qualifying B;Paul Atreides;72298;Dune - House Atreides;2;199;0
26/27;2026-10-02;Arena of Echoes;tournament;Clash of Imaginary Entities;2;Qualifying B;Paul Atreides;72298;Dune - House Atreides;3;212;0
26/27;2026-10-02;Arena of Echoes;tournament;Clash of Imaginary Entities;2;Qualifying B;Lord Voldemort;65247;Harry Potter - Death Eaters;0;196;0
26/27;2026-10-02;Arena of Echoes;tournament;Clash of Imaginary Entities;2;Qualifying B;Lord Voldemort;65247;Harry Potter - Death Eaters;1;210;0
26/27;2026-10-02;Arena of Echoes;tournament;Clash of Imaginary Entities;2;Qualifying B;Lord Voldemort;65247;Harry Potter - Death Eaters;2;214;0
26/27;2026-10-02;Arena of Echoes;tournament;Clash of Imaginary Entities;2;Qualifying B;Lord Voldemort;65247;Harry Potter - Death Eaters;3;203;0
26/27;2026-10-02;Arena of Echoes;tournament;Clash of Imaginary Entities;2;Qualifying B;Jean-Luc Picard;56338;Star Trek - Federation;0;204;0
26/27;2026-10-02;Arena of Echoes;tournament;Clash of Imaginary Entities;2;Qualifying B;Jean-Luc Picard;56338;Star Trek - Federation;1;232;0
26/27;2026-10-02;Arena of Echoes;tournament;Clash of Imaginary Entities;2;Qualifying B;Jean-Luc Picard;56338;Star Trek - Federation;2;210;0
26/27;2026-10-02;Arena of Echoes;tournament;Clash of Imaginary Entities;2;Qualifying B;Jean-Luc Picard;56338;Star Trek - Federation;3;212;0
26/27;2026-10-02;Arena of Echoes;tournament;Clash of Imaginary Entities;2;Qualifying B;Abaddon the Despoiler;54558;Warhammer 40K - Chaos;0;237;0
26/27;2026-10-02;Arena of Echoes;tournament;Clash of Imaginary Entities;2;Qualifying B;Abaddon the Despoiler;54558;Warhammer 40K - Chaos;1;220;0
26/27;2026-10-02;Arena of Echoes;tournament;Clash of Imaginary Entities;2;Qualifying B;Abaddon the Despoiler;54558;Warhammer 40K - Chaos;2;231;0
26/27;2026-10-02;Arena of Echoes;tournament;Clash of Imaginary Entities;2;Qualifying B;Abaddon the Despoiler;54558;Warhammer 40K - Chaos;3;232;0
26/27;2026-10-02;Arena of Echoes;tournament;Clash of Imaginary Entities;2;Qualifying B;Commander Shepard;85142;Mass Effect - Alliance Crew;0;229;0
26/27;2026-10-02;Arena of Echoes;tournament;Clash of Imaginary Entities;2;Qualifying B;Commander Shepard;85142;Mass Effect - Alliance Crew;1;215;0
26/27;2026-10-02;Arena of Echoes;tournament;Clash of Imaginary Entities;2;Qualifying B;Commander Shepard;85142;Mass Effect - Alliance Crew;2;234;0
26/27;2026-10-02;Arena of Echoes;tournament;Clash of Imaginary Entities;2;Qualifying B;Commander Shepard;85142;Mass Effect - Alliance Crew;3;212;0
26/27;2026-10-02;Arena of Echoes;tournament;Clash of Imaginary Entities;2;Qualifying B;Feyd-Rautha;56698;Dune - Harkonnen-Sardaukar;0;215;0
26/27;2026-10-02;Arena of Echoes;tournament;Clash of Imaginary Entities;2;Qualifying B;Feyd-Rautha;56698;Dune - Harkonnen-Sardaukar;1;203;0
26/27;2026-10-02;Arena of Echoes;tournament;Clash of Imaginary Entities;2;Qualifying B;Feyd-Rautha;56698;Dune - Harkonnen-Sardaukar;2;220;0
26/27;2026-10-02;Arena of Echoes;tournament;Clash of Imaginary Entities;2;Qualifying B;Feyd-Rautha;56698;Dune - Harkonnen-Sardaukar;3;210;0
26/27;2026-10-02;Arena of Echoes;tournament;Clash of Imaginary Entities;2;Qualifying B;Emperor Palpatine;66049;Star Wars - Sith Empire;0;204;0
26/27;2026-10-02;Arena of Echoes;tournament;Clash of Imaginary Entities;2;Qualifying B;Emperor Palpatine;66049;Star Wars - Sith Empire;1;194;0
26/27;2026-10-02;Arena of Echoes;tournament;Clash of Imaginary Entities;2;Qualifying B;Emperor Palpatine;66049;Star Wars - Sith Empire;2;196;0
26/27;2026-10-02;Arena of Echoes;tournament;Clash of Imaginary Entities;2;Qualifying B;Emperor Palpatine;66049;Star Wars - Sith Empire;3;205;0
26/27;2026-10-02;Arena of Echoes;tournament;Clash of Imaginary Entities;2;Qualifying B;Illusive Man;86178;Mass Effect - Cerberus-Reapers;0;209;0
26/27;2026-10-02;Arena of Echoes;tournament;Clash of Imaginary Entities;2;Qualifying B;Illusive Man;86178;Mass Effect - Cerberus-Reapers;1;209;0
26/27;2026-10-02;Arena of Echoes;tournament;Clash of Imaginary Entities;2;Qualifying B;Illusive Man;86178;Mass Effect - Cerberus-Reapers;2;201;0
26/27;2026-10-02;Arena of Echoes;tournament;Clash of Imaginary Entities;2;Qualifying B;Illusive Man;86178;Mass Effect - Cerberus-Reapers;3;208;0
26/27;2026-10-02;Arena of Echoes;tournament;Clash of Imaginary Entities;2;Qualifying B;Gandalf;98265;Lord of the Rings - Free Peoples;0;210;0
26/27;2026-10-02;Arena of Echoes;tournament;Clash of Imaginary Entities;2;Qualifying B;Gandalf;98265;Lord of the Rings - Free Peoples;1;201;0
26/27;2026-10-02;Arena of Echoes;tournament;Clash of Imaginary Entities;2;Qualifying B;Gandalf;98265;Lord of the Rings - Free Peoples;2;231;0
26/27;2026-10-02;Arena of Echoes;tournament;Clash of Imaginary Entities;2;Qualifying B;Gandalf;98265;Lord of the Rings - Free Peoples;3;212;0
26/27;2026-10-02;Arena of Echoes;tournament;Clash of Imaginary Entities;2;Qualifying B;Kyle Katarn;79439;LucasArts Games - Jedi Knight Era;0;221;0
26/27;2026-10-02;Arena of Echoes;tournament;Clash of Imaginary Entities;2;Qualifying B;Kyle Katarn;79439;LucasArts Games - Jedi Knight Era;1;201;0
26/27;2026-10-02;Arena of Echoes;tournament;Clash of Imaginary Entities;2;Qualifying B;Kyle Katarn;79439;LucasArts Games - Jedi Knight Era;2;196;0
26/27;2026-10-02;Arena of Echoes;tournament;Clash of Imaginary Entities;2;Qualifying B;Kyle Katarn;79439;LucasArts Games - Jedi Knight Era;3;222;0
26/27;2026-10-02;Arena of Echoes;tournament;Clash of Imaginary Entities;2;Qualifying B;Cersei Lannister;95962;Game of Thrones - Lannister-Crown;0;178;0
26/27;2026-10-02;Arena of Echoes;tournament;Clash of Imaginary Entities;2;Qualifying B;Cersei Lannister;95962;Game of Thrones - Lannister-Crown;1;209;0
26/27;2026-10-02;Arena of Echoes;tournament;Clash of Imaginary Entities;2;Qualifying B;Cersei Lannister;95962;Game of Thrones - Lannister-Crown;2;228;0
26/27;2026-10-02;Arena of Echoes;tournament;Clash of Imaginary Entities;2;Qualifying B;Cersei Lannister;95962;Game of Thrones - Lannister-Crown;3;177;0
26/27;2026-10-02;Arena of Echoes;tournament;Clash of Imaginary Entities;2;Qualifying B;Roboute Guilliman;73700;Warhammer 40K - Imperium;0;177;0
26/27;2026-10-02;Arena of Echoes;tournament;Clash of Imaginary Entities;2;Qualifying B;Roboute Guilliman;73700;Warhammer 40K - Imperium;1;211;0
26/27;2026-10-02;Arena of Echoes;tournament;Clash of Imaginary Entities;2;Qualifying B;Roboute Guilliman;73700;Warhammer 40K - Imperium;2;171;0
26/27;2026-10-02;Arena of Echoes;tournament;Clash of Imaginary Entities;2;Qualifying B;Roboute Guilliman;73700;Warhammer 40K - Imperium;3;227;0
26/27;2026-10-02;Arena of Echoes;tournament;Clash of Imaginary Entities;2;Qualifying B;Sauron;85741;Lord of the Rings - Forces of Mordor;0;184;0
26/27;2026-10-02;Arena of Echoes;tournament;Clash of Imaginary Entities;2;Qualifying B;Sauron;85741;Lord of the Rings - Forces of Mordor;1;200;0
26/27;2026-10-02;Arena of Echoes;tournament;Clash of Imaginary Entities;2;Qualifying B;Sauron;85741;Lord of the Rings - Forces of Mordor;2;184;0
26/27;2026-10-02;Arena of Echoes;tournament;Clash of Imaginary Entities;2;Qualifying B;Sauron;85741;Lord of the Rings - Forces of Mordor;3;199;0
26/27;2026-10-02;Arena of Echoes;tournament;Clash of Imaginary Entities;2;Qualifying B;Harbinger;69213;Mass Effect - Cerberus-Reapers;0;187;0
26/27;2026-10-02;Arena of Echoes;tournament;Clash of Imaginary Entities;2;Qualifying B;Harbinger;69213;Mass Effect - Cerberus-Reapers;1;196;0
26/27;2026-10-02;Arena of Echoes;tournament;Clash of Imaginary Entities;2;Qualifying B;Harbinger;69213;Mass Effect - Cerberus-Reapers;2;179;0
26/27;2026-10-02;Arena of Echoes;tournament;Clash of Imaginary Entities;2;Qualifying B;Harbinger;69213;Mass Effect - Cerberus-Reapers;3;188;0
26/27;2026-10-02;Arena of Echoes;tournament;Clash of Imaginary Entities;2;Qualifying B;Zeus;139274;Greek Myth - Olympians;0;224;0
26/27;2026-10-02;Arena of Echoes;tournament;Clash of Imaginary Entities;2;Qualifying B;Zeus;139274;Greek Myth - Olympians;1;239;0
26/27;2026-10-02;Arena of Echoes;tournament;Clash of Imaginary Entities;2;Qualifying B;Zeus;139274;Greek Myth - Olympians;2;184;0
26/27;2026-10-02;Arena of Echoes;tournament;Clash of Imaginary Entities;2;Qualifying B;Zeus;139274;Greek Myth - Olympians;3;220;0
26/27;2026-10-02;Arena of Echoes;tournament;Clash of Imaginary Entities;2;Qualifying B;Indra;124470;Hindu Myth - Devas;0;212;0
26/27;2026-10-02;Arena of Echoes;tournament;Clash of Imaginary Entities;2;Qualifying B;Indra;124470;Hindu Myth - Devas;1;201;0
26/27;2026-10-02;Arena of Echoes;tournament;Clash of Imaginary Entities;2;Qualifying B;Indra;124470;Hindu Myth - Devas;2;197;0
26/27;2026-10-02;Arena of Echoes;tournament;Clash of Imaginary Entities;2;Qualifying B;Indra;124470;Hindu Myth - Devas;3;209;0
26/27;2026-10-02;Arena of Echoes;tournament;Clash of Imaginary Entities;2;Qualifying B;The Dagda;143101;Celtic Myth - Tuatha De Danann;0;243;0
26/27;2026-10-02;Arena of Echoes;tournament;Clash of Imaginary Entities;2;Qualifying B;The Dagda;143101;Celtic Myth - Tuatha De Danann;1;211;0
26/27;2026-10-02;Arena of Echoes;tournament;Clash of Imaginary Entities;2;Qualifying B;The Dagda;143101;Celtic Myth - Tuatha De Danann;2;216;0
26/27;2026-10-02;Arena of Echoes;tournament;Clash of Imaginary Entities;2;Qualifying B;The Dagda;143101;Celtic Myth - Tuatha De Danann;3;217;0
26/27;2026-10-02;Arena of Echoes;tournament;Clash of Imaginary Entities;2;Qualifying B;Loki;150650;Norse Myth - Giants & Tricksters;0;195;0
26/27;2026-10-02;Arena of Echoes;tournament;Clash of Imaginary Entities;2;Qualifying B;Loki;150650;Norse Myth - Giants & Tricksters;1;199;0
26/27;2026-10-02;Arena of Echoes;tournament;Clash of Imaginary Entities;2;Qualifying B;Loki;150650;Norse Myth - Giants & Tricksters;2;185;0
26/27;2026-10-02;Arena of Echoes;tournament;Clash of Imaginary Entities;2;Qualifying B;Loki;150650;Norse Myth - Giants & Tricksters;3;223;0
26/27;2026-10-02;Arena of Echoes;tournament;Clash of Imaginary Entities;2;Qualifying B;Odin;126765;Norse Myth - Aesir;0;188;0
26/27;2026-10-02;Arena of Echoes;tournament;Clash of Imaginary Entities;2;Qualifying B;Odin;126765;Norse Myth - Aesir;1;219;0
26/27;2026-10-02;Arena of Echoes;tournament;Clash of Imaginary Entities;2;Qualifying B;Odin;126765;Norse Myth - Aesir;2;217;0
26/27;2026-10-02;Arena of Echoes;tournament;Clash of Imaginary Entities;2;Qualifying B;Odin;126765;Norse Myth - Aesir;3;198;0
26/27;2026-10-02;Arena of Echoes;tournament;Clash of Imaginary Entities;2;Qualifying B;Mahishasura;137200;Hindu Myth - Asuras;0;235;0
26/27;2026-10-02;Arena of Echoes;tournament;Clash of Imaginary Entities;2;Qualifying B;Mahishasura;137200;Hindu Myth - Asuras;1;200;0
26/27;2026-10-02;Arena of Echoes;tournament;Clash of Imaginary Entities;2;Qualifying B;Mahishasura;137200;Hindu Myth - Asuras;2;211;0
26/27;2026-10-02;Arena of Echoes;tournament;Clash of Imaginary Entities;2;Qualifying B;Mahishasura;137200;Hindu Myth - Asuras;3;230;0
26/27;2026-10-02;Arena of Echoes;tournament;Clash of Imaginary Entities;2;Qualifying B;Marduk;188458;Mesopotamian Myth - Sky Kings;0;208;0
26/27;2026-10-02;Arena of Echoes;tournament;Clash of Imaginary Entities;2;Qualifying B;Marduk;188458;Mesopotamian Myth - Sky Kings;1;206;0
26/27;2026-10-02;Arena of Echoes;tournament;Clash of Imaginary Entities;2;Qualifying B;Marduk;188458;Mesopotamian Myth - Sky Kings;2;219;0
26/27;2026-10-02;Arena of Echoes;tournament;Clash of Imaginary Entities;2;Qualifying B;Marduk;188458;Mesopotamian Myth - Sky Kings;3;206;0
26/27;2026-10-02;Arena of Echoes;tournament;Clash of Imaginary Entities;2;Qualifying B;Cronus;174393;Greek Myth - Titans & Primordials;0;203;0
26/27;2026-10-02;Arena of Echoes;tournament;Clash of Imaginary Entities;2;Qualifying B;Cronus;174393;Greek Myth - Titans & Primordials;1;257;0
26/27;2026-10-02;Arena of Echoes;tournament;Clash of Imaginary Entities;2;Qualifying B;Cronus;174393;Greek Myth - Titans & Primordials;2;227;0
26/27;2026-10-02;Arena of Echoes;tournament;Clash of Imaginary Entities;2;Qualifying B;Cronus;174393;Greek Myth - Titans & Primordials;3;218;0
26/27;2026-10-02;Arena of Echoes;tournament;Clash of Imaginary Entities;2;Qualifying B;Tiamat;190311;Mesopotamian Myth - Chaos Ancients;0;222;0
26/27;2026-10-02;Arena of Echoes;tournament;Clash of Imaginary Entities;2;Qualifying B;Tiamat;190311;Mesopotamian Myth - Chaos Ancients;1;206;0
26/27;2026-10-02;Arena of Echoes;tournament;Clash of Imaginary Entities;2;Qualifying B;Tiamat;190311;Mesopotamian Myth - Chaos Ancients;2;218;0
26/27;2026-10-02;Arena of Echoes;tournament;Clash of Imaginary Entities;2;Qualifying B;Tiamat;190311;Mesopotamian Myth - Chaos Ancients;3;214;0
26/27;2026-10-02;Arena of Echoes;tournament;Clash of Imaginary Entities;2;Qualifying B;Osiris;179670;Egyptian Myth - Underworld Powers;0;228;0
26/27;2026-10-02;Arena of Echoes;tournament;Clash of Imaginary Entities;2;Qualifying B;Osiris;179670;Egyptian Myth - Underworld Powers;1;210;0
26/27;2026-10-02;Arena of Echoes;tournament;Clash of Imaginary Entities;2;Qualifying B;Osiris;179670;Egyptian Myth - Underworld Powers;2;219;0
26/27;2026-10-02;Arena of Echoes;tournament;Clash of Imaginary Entities;2;Qualifying B;Osiris;179670;Egyptian Myth - Underworld Powers;3;211;0
26/27;2026-10-02;Arena of Echoes;tournament;Clash of Imaginary Entities;2;Qualifying B;Balor;139930;Celtic Myth - Fomorians;0;219;0
26/27;2026-10-02;Arena of Echoes;tournament;Clash of Imaginary Entities;2;Qualifying B;Balor;139930;Celtic Myth - Fomorians;1;226;0
26/27;2026-10-02;Arena of Echoes;tournament;Clash of Imaginary Entities;2;Qualifying B;Balor;139930;Celtic Myth - Fomorians;2;219;0
26/27;2026-10-02;Arena of Echoes;tournament;Clash of Imaginary Entities;2;Qualifying B;Balor;139930;Celtic Myth - Fomorians;3;193;0
26/27;2026-10-02;Arena of Echoes;tournament;Clash of Imaginary Entities;2;Qualifying B;Rhea;104221;Greek Myth - Titans & Primordials;0;216;0
26/27;2026-10-02;Arena of Echoes;tournament;Clash of Imaginary Entities;2;Qualifying B;Rhea;104221;Greek Myth - Titans & Primordials;1;187;0
26/27;2026-10-02;Arena of Echoes;tournament;Clash of Imaginary Entities;2;Qualifying B;Rhea;104221;Greek Myth - Titans & Primordials;2;187;0
26/27;2026-10-02;Arena of Echoes;tournament;Clash of Imaginary Entities;2;Qualifying B;Rhea;104221;Greek Myth - Titans & Primordials;3;152;0
26/27;2026-10-02;Arena of Echoes;tournament;Clash of Imaginary Entities;2;Qualifying B;Anubis;175219;Egyptian Myth - Underworld Powers;0;218;0
26/27;2026-10-02;Arena of Echoes;tournament;Clash of Imaginary Entities;2;Qualifying B;Anubis;175219;Egyptian Myth - Underworld Powers;1;207;0
26/27;2026-10-02;Arena of Echoes;tournament;Clash of Imaginary Entities;2;Qualifying B;Anubis;175219;Egyptian Myth - Underworld Powers;2;190;0
26/27;2026-10-02;Arena of Echoes;tournament;Clash of Imaginary Entities;2;Qualifying B;Anubis;175219;Egyptian Myth - Underworld Powers;3;205;0
26/27;2026-10-02;Arena of Echoes;tournament;Clash of Imaginary Entities;2;Qualifying B;Thor;151201;Norse Myth - Aesir;0;182;0
26/27;2026-10-02;Arena of Echoes;tournament;Clash of Imaginary Entities;2;Qualifying B;Thor;151201;Norse Myth - Aesir;1;203;0
26/27;2026-10-02;Arena of Echoes;tournament;Clash of Imaginary Entities;2;Qualifying B;Thor;151201;Norse Myth - Aesir;2;182;0
26/27;2026-10-02;Arena of Echoes;tournament;Clash of Imaginary Entities;2;Qualifying B;Thor;151201;Norse Myth - Aesir;3;193;0
26/27;2026-10-02;Arena of Echoes;tournament;Clash of Imaginary Entities;2;Qualifying B;Ishtar;172470;Mesopotamian Myth - Sky Kings;0;180;0
26/27;2026-10-02;Arena of Echoes;tournament;Clash of Imaginary Entities;2;Qualifying B;Ishtar;172470;Mesopotamian Myth - Sky Kings;1;204;0
26/27;2026-10-02;Arena of Echoes;tournament;Clash of Imaginary Entities;2;Qualifying B;Ishtar;172470;Mesopotamian Myth - Sky Kings;2;198;0
26/27;2026-10-02;Arena of Echoes;tournament;Clash of Imaginary Entities;2;Qualifying B;Ishtar;172470;Mesopotamian Myth - Sky Kings;3;186;0
26/27;2026-10-02;Arena of Echoes;tournament;Clash of Imaginary Entities;2;Qualifying B;Hiranyakashipu;130544;Hindu Myth - Asuras;0;203;0
26/27;2026-10-02;Arena of Echoes;tournament;Clash of Imaginary Entities;2;Qualifying B;Hiranyakashipu;130544;Hindu Myth - Asuras;1;182;0
26/27;2026-10-02;Arena of Echoes;tournament;Clash of Imaginary Entities;2;Qualifying B;Hiranyakashipu;130544;Hindu Myth - Asuras;2;213;0
26/27;2026-10-02;Arena of Echoes;tournament;Clash of Imaginary Entities;2;Qualifying B;Hiranyakashipu;130544;Hindu Myth - Asuras;3;181;0
26/27;2026-10-02;Arena of Echoes;tournament;Clash of Imaginary Entities;2;Qualifying B;Ravana;126986;Hindu Myth - Asuras;0;174;0
26/27;2026-10-02;Arena of Echoes;tournament;Clash of Imaginary Entities;2;Qualifying B;Ravana;126986;Hindu Myth - Asuras;1;176;0
26/27;2026-10-02;Arena of Echoes;tournament;Clash of Imaginary Entities;2;Qualifying B;Ravana;126986;Hindu Myth - Asuras;2;175;0
26/27;2026-10-02;Arena of Echoes;tournament;Clash of Imaginary Entities;2;Qualifying B;Ravana;126986;Hindu Myth - Asuras;3;185;0
26/27;2026-10-02;Arena of Echoes;tournament;Clash of Imaginary Entities;2;Qualifying B;Shamash;123283;Mesopotamian Myth - Sky Kings;0;189;0
26/27;2026-10-02;Arena of Echoes;tournament;Clash of Imaginary Entities;2;Qualifying B;Shamash;123283;Mesopotamian Myth - Sky Kings;1;184;0
26/27;2026-10-02;Arena of Echoes;tournament;Clash of Imaginary Entities;2;Qualifying B;Shamash;123283;Mesopotamian Myth - Sky Kings;2;182;0
26/27;2026-10-02;Arena of Echoes;tournament;Clash of Imaginary Entities;2;Qualifying B;Shamash;123283;Mesopotamian Myth - Sky Kings;3;165;0
26/27;2026-10-02;Arena of Echoes;tournament;Clash of Imaginary Entities;2;Qualifying B;Lugh;174647;Celtic Myth - Tuatha De Danann;0;185;0
26/27;2026-10-02;Arena of Echoes;tournament;Clash of Imaginary Entities;2;Qualifying B;Lugh;174647;Celtic Myth - Tuatha De Danann;1;202;0
26/27;2026-10-02;Arena of Echoes;tournament;Clash of Imaginary Entities;2;Qualifying B;Lugh;174647;Celtic Myth - Tuatha De Danann;2;205;0
26/27;2026-10-02;Arena of Echoes;tournament;Clash of Imaginary Entities;2;Qualifying B;Lugh;174647;Celtic Myth - Tuatha De Danann;3;217;0
26/27;2026-10-02;Arena of Echoes;tournament;Clash of Imaginary Entities;2;Qualifying B;Athena;142739;Greek Myth - Olympians;0;162;0
26/27;2026-10-02;Arena of Echoes;tournament;Clash of Imaginary Entities;2;Qualifying B;Athena;142739;Greek Myth - Olympians;1;188;0
26/27;2026-10-02;Arena of Echoes;tournament;Clash of Imaginary Entities;2;Qualifying B;Athena;142739;Greek Myth - Olympians;2;215;0
26/27;2026-10-02;Arena of Echoes;tournament;Clash of Imaginary Entities;2;Qualifying B;Athena;142739;Greek Myth - Olympians;3;176;0
26/27;2026-10-03;Arena of Echoes;tournament;Clash of Imaginary Entities;3;Positioning;Abaddon the Despoiler;54558;Warhammer 40K - Chaos;0;185;0
26/27;2026-10-03;Arena of Echoes;tournament;Clash of Imaginary Entities;3;Positioning;Abaddon the Despoiler;54558;Warhammer 40K - Chaos;1;201;0
26/27;2026-10-03;Arena of Echoes;tournament;Clash of Imaginary Entities;3;Positioning;Abaddon the Despoiler;54558;Warhammer 40K - Chaos;2;213;0
26/27;2026-10-03;Arena of Echoes;tournament;Clash of Imaginary Entities;3;Positioning;Abaddon the Despoiler;54558;Warhammer 40K - Chaos;3;225;0
26/27;2026-10-03;Arena of Echoes;tournament;Clash of Imaginary Entities;3;Positioning;Worf;67335;Star Trek - Klingon-Romulan;0;197;0
26/27;2026-10-03;Arena of Echoes;tournament;Clash of Imaginary Entities;3;Positioning;Worf;67335;Star Trek - Klingon-Romulan;1;217;0
26/27;2026-10-03;Arena of Echoes;tournament;Clash of Imaginary Entities;3;Positioning;Worf;67335;Star Trek - Klingon-Romulan;2;209;0
26/27;2026-10-03;Arena of Echoes;tournament;Clash of Imaginary Entities;3;Positioning;Worf;67335;Star Trek - Klingon-Romulan;3;214;0
26/27;2026-10-03;Arena of Echoes;tournament;Clash of Imaginary Entities;3;Positioning;Zeus;139274;Greek Myth - Olympians;0;242;0
26/27;2026-10-03;Arena of Echoes;tournament;Clash of Imaginary Entities;3;Positioning;Zeus;139274;Greek Myth - Olympians;1;232;0
26/27;2026-10-03;Arena of Echoes;tournament;Clash of Imaginary Entities;3;Positioning;Zeus;139274;Greek Myth - Olympians;2;205;0
26/27;2026-10-03;Arena of Echoes;tournament;Clash of Imaginary Entities;3;Positioning;Zeus;139274;Greek Myth - Olympians;3;227;0
26/27;2026-10-03;Arena of Echoes;tournament;Clash of Imaginary Entities;3;Positioning;Cronus;174393;Greek Myth - Titans & Primordials;0;227;0
26/27;2026-10-03;Arena of Echoes;tournament;Clash of Imaginary Entities;3;Positioning;Cronus;174393;Greek Myth - Titans & Primordials;1;195;0
26/27;2026-10-03;Arena of Echoes;tournament;Clash of Imaginary Entities;3;Positioning;Cronus;174393;Greek Myth - Titans & Primordials;2;195;0
26/27;2026-10-03;Arena of Echoes;tournament;Clash of Imaginary Entities;3;Positioning;Cronus;174393;Greek Myth - Titans & Primordials;3;221;0
26/27;2026-10-03;Arena of Echoes;tournament;Clash of Imaginary Entities;3;Positioning;Tiamat;190311;Mesopotamian Myth - Chaos Ancients;0;239;0
26/27;2026-10-03;Arena of Echoes;tournament;Clash of Imaginary Entities;3;Positioning;Tiamat;190311;Mesopotamian Myth - Chaos Ancients;1;213;0
26/27;2026-10-03;Arena of Echoes;tournament;Clash of Imaginary Entities;3;Positioning;Tiamat;190311;Mesopotamian Myth - Chaos Ancients;2;209;0
26/27;2026-10-03;Arena of Echoes;tournament;Clash of Imaginary Entities;3;Positioning;Tiamat;190311;Mesopotamian Myth - Chaos Ancients;3;219;0
26/27;2026-10-03;Arena of Echoes;tournament;Clash of Imaginary Entities;3;Positioning;Gandalf;98265;Lord of the Rings - Free Peoples;0;223;0
26/27;2026-10-03;Arena of Echoes;tournament;Clash of Imaginary Entities;3;Positioning;Gandalf;98265;Lord of the Rings - Free Peoples;1;206;0
26/27;2026-10-03;Arena of Echoes;tournament;Clash of Imaginary Entities;3;Positioning;Gandalf;98265;Lord of the Rings - Free Peoples;2;213;0
26/27;2026-10-03;Arena of Echoes;tournament;Clash of Imaginary Entities;3;Positioning;Gandalf;98265;Lord of the Rings - Free Peoples;3;222;0
26/27;2026-10-03;Arena of Echoes;tournament;Clash of Imaginary Entities;3;Positioning;Mahishasura;137200;Hindu Myth - Asuras;0;212;0
26/27;2026-10-03;Arena of Echoes;tournament;Clash of Imaginary Entities;3;Positioning;Mahishasura;137200;Hindu Myth - Asuras;1;227;0
26/27;2026-10-03;Arena of Echoes;tournament;Clash of Imaginary Entities;3;Positioning;Mahishasura;137200;Hindu Myth - Asuras;2;225;0
26/27;2026-10-03;Arena of Echoes;tournament;Clash of Imaginary Entities;3;Positioning;Mahishasura;137200;Hindu Myth - Asuras;3;236;0
26/27;2026-10-03;Arena of Echoes;tournament;Clash of Imaginary Entities;3;Positioning;The Dagda;143101;Celtic Myth - Tuatha De Danann;0;216;0
26/27;2026-10-03;Arena of Echoes;tournament;Clash of Imaginary Entities;3;Positioning;The Dagda;143101;Celtic Myth - Tuatha De Danann;1;200;0
26/27;2026-10-03;Arena of Echoes;tournament;Clash of Imaginary Entities;3;Positioning;The Dagda;143101;Celtic Myth - Tuatha De Danann;2;208;0
26/27;2026-10-03;Arena of Echoes;tournament;Clash of Imaginary Entities;3;Positioning;The Dagda;143101;Celtic Myth - Tuatha De Danann;3;214;0
26/27;2026-10-03;Arena of Echoes;tournament;Clash of Imaginary Entities;3;Positioning;Marduk;188458;Mesopotamian Myth - Sky Kings;0;249;0
26/27;2026-10-03;Arena of Echoes;tournament;Clash of Imaginary Entities;3;Positioning;Marduk;188458;Mesopotamian Myth - Sky Kings;1;243;0
26/27;2026-10-03;Arena of Echoes;tournament;Clash of Imaginary Entities;3;Positioning;Marduk;188458;Mesopotamian Myth - Sky Kings;2;240;0
26/27;2026-10-03;Arena of Echoes;tournament;Clash of Imaginary Entities;3;Positioning;Marduk;188458;Mesopotamian Myth - Sky Kings;3;207;0
26/27;2026-10-03;Arena of Echoes;tournament;Clash of Imaginary Entities;3;Positioning;Darth Vader;68024;Star Wars - Sith Empire;0;212;0
26/27;2026-10-03;Arena of Echoes;tournament;Clash of Imaginary Entities;3;Positioning;Darth Vader;68024;Star Wars - Sith Empire;1;213;0
26/27;2026-10-03;Arena of Echoes;tournament;Clash of Imaginary Entities;3;Positioning;Darth Vader;68024;Star Wars - Sith Empire;2;201;0
26/27;2026-10-03;Arena of Echoes;tournament;Clash of Imaginary Entities;3;Positioning;Darth Vader;68024;Star Wars - Sith Empire;3;217;0
26/27;2026-10-03;Arena of Echoes;tournament;Clash of Imaginary Entities;3;Positioning;Osiris;179670;Egyptian Myth - Underworld Powers;0;224;0
26/27;2026-10-03;Arena of Echoes;tournament;Clash of Imaginary Entities;3;Positioning;Osiris;179670;Egyptian Myth - Underworld Powers;1;219;0
26/27;2026-10-03;Arena of Echoes;tournament;Clash of Imaginary Entities;3;Positioning;Osiris;179670;Egyptian Myth - Underworld Powers;2;191;0
26/27;2026-10-03;Arena of Echoes;tournament;Clash of Imaginary Entities;3;Positioning;Osiris;179670;Egyptian Myth - Underworld Powers;3;213;0
26/27;2026-10-03;Arena of Echoes;tournament;Clash of Imaginary Entities;3;Positioning;Commander Shepard;85142;Mass Effect - Alliance Crew;0;221;0
26/27;2026-10-03;Arena of Echoes;tournament;Clash of Imaginary Entities;3;Positioning;Commander Shepard;85142;Mass Effect - Alliance Crew;1;209;0
26/27;2026-10-03;Arena of Echoes;tournament;Clash of Imaginary Entities;3;Positioning;Commander Shepard;85142;Mass Effect - Alliance Crew;2;221;0
26/27;2026-10-03;Arena of Echoes;tournament;Clash of Imaginary Entities;3;Positioning;Commander Shepard;85142;Mass Effect - Alliance Crew;3;218;0
26/27;2026-10-03;Arena of Echoes;tournament;Clash of Imaginary Entities;3;Positioning;Cersei Lannister;95962;Game of Thrones - Lannister-Crown;0;226;0
26/27;2026-10-03;Arena of Echoes;tournament;Clash of Imaginary Entities;3;Positioning;Cersei Lannister;95962;Game of Thrones - Lannister-Crown;1;237;0
26/27;2026-10-03;Arena of Echoes;tournament;Clash of Imaginary Entities;3;Positioning;Cersei Lannister;95962;Game of Thrones - Lannister-Crown;2;185;0
26/27;2026-10-03;Arena of Echoes;tournament;Clash of Imaginary Entities;3;Positioning;Cersei Lannister;95962;Game of Thrones - Lannister-Crown;3;231;0
26/27;2026-10-03;Arena of Echoes;tournament;Clash of Imaginary Entities;3;Positioning;Odin;126765;Norse Myth - Aesir;0;233;0
26/27;2026-10-03;Arena of Echoes;tournament;Clash of Imaginary Entities;3;Positioning;Odin;126765;Norse Myth - Aesir;1;201;0
26/27;2026-10-03;Arena of Echoes;tournament;Clash of Imaginary Entities;3;Positioning;Odin;126765;Norse Myth - Aesir;2;226;0
26/27;2026-10-03;Arena of Echoes;tournament;Clash of Imaginary Entities;3;Positioning;Odin;126765;Norse Myth - Aesir;3;196;0
26/27;2026-10-03;Arena of Echoes;tournament;Clash of Imaginary Entities;3;Positioning;Feyd-Rautha;56698;Dune - Harkonnen-Sardaukar;0;196;0
26/27;2026-10-03;Arena of Echoes;tournament;Clash of Imaginary Entities;3;Positioning;Feyd-Rautha;56698;Dune - Harkonnen-Sardaukar;1;208;0
26/27;2026-10-03;Arena of Echoes;tournament;Clash of Imaginary Entities;3;Positioning;Feyd-Rautha;56698;Dune - Harkonnen-Sardaukar;2;211;0
26/27;2026-10-03;Arena of Echoes;tournament;Clash of Imaginary Entities;3;Positioning;Feyd-Rautha;56698;Dune - Harkonnen-Sardaukar;3;215;0
26/27;2026-10-03;Arena of Echoes;tournament;Clash of Imaginary Entities;3;Positioning;Illusive Man;86178;Mass Effect - Cerberus-Reapers;0;243;0
26/27;2026-10-03;Arena of Echoes;tournament;Clash of Imaginary Entities;3;Positioning;Illusive Man;86178;Mass Effect - Cerberus-Reapers;1;214;0
26/27;2026-10-03;Arena of Echoes;tournament;Clash of Imaginary Entities;3;Positioning;Illusive Man;86178;Mass Effect - Cerberus-Reapers;2;201;0
26/27;2026-10-03;Arena of Echoes;tournament;Clash of Imaginary Entities;3;Positioning;Illusive Man;86178;Mass Effect - Cerberus-Reapers;3;210;0
26/27;2026-10-03;Arena of Echoes;tournament;Clash of Imaginary Entities;3;Positioning;Balor;139930;Celtic Myth - Fomorians;0;203;0
26/27;2026-10-03;Arena of Echoes;tournament;Clash of Imaginary Entities;3;Positioning;Balor;139930;Celtic Myth - Fomorians;1;211;0
26/27;2026-10-03;Arena of Echoes;tournament;Clash of Imaginary Entities;3;Positioning;Balor;139930;Celtic Myth - Fomorians;2;192;0
26/27;2026-10-03;Arena of Echoes;tournament;Clash of Imaginary Entities;3;Positioning;Balor;139930;Celtic Myth - Fomorians;3;190;0
26/27;2026-10-03;Arena of Echoes;tournament;Clash of Imaginary Entities;3;Positioning;Jean-Luc Picard;56338;Star Trek - Federation;0;203;0
26/27;2026-10-03;Arena of Echoes;tournament;Clash of Imaginary Entities;3;Positioning;Jean-Luc Picard;56338;Star Trek - Federation;1;215;0
26/27;2026-10-03;Arena of Echoes;tournament;Clash of Imaginary Entities;3;Positioning;Jean-Luc Picard;56338;Star Trek - Federation;2;217;0
26/27;2026-10-03;Arena of Echoes;tournament;Clash of Imaginary Entities;3;Positioning;Jean-Luc Picard;56338;Star Trek - Federation;3;219;0
26/27;2026-10-03;Arena of Echoes;tournament;Clash of Imaginary Entities;3;Positioning;Luke Skywalker;91905;Star Wars - Jedi Order;0;228;0
26/27;2026-10-03;Arena of Echoes;tournament;Clash of Imaginary Entities;3;Positioning;Luke Skywalker;91905;Star Wars - Jedi Order;1;227;0
26/27;2026-10-03;Arena of Echoes;tournament;Clash of Imaginary Entities;3;Positioning;Luke Skywalker;91905;Star Wars - Jedi Order;2;222;0
26/27;2026-10-03;Arena of Echoes;tournament;Clash of Imaginary Entities;3;Positioning;Luke Skywalker;91905;Star Wars - Jedi Order;3;240;0
26/27;2026-10-03;Arena of Echoes;tournament;Clash of Imaginary Entities;3;Positioning;Harry Potter;52082;Harry Potter - Order of the Phoenix;0;210;0
26/27;2026-10-03;Arena of Echoes;tournament;Clash of Imaginary Entities;3;Positioning;Harry Potter;52082;Harry Potter - Order of the Phoenix;1;202;0
26/27;2026-10-03;Arena of Echoes;tournament;Clash of Imaginary Entities;3;Positioning;Harry Potter;52082;Harry Potter - Order of the Phoenix;2;241;0
26/27;2026-10-03;Arena of Echoes;tournament;Clash of Imaginary Entities;3;Positioning;Harry Potter;52082;Harry Potter - Order of the Phoenix;3;203;0
26/27;2026-10-03;Arena of Echoes;tournament;Clash of Imaginary Entities;4;Elimination;Zeus;139274;Greek Myth - Olympians;0;214;0
26/27;2026-10-03;Arena of Echoes;tournament;Clash of Imaginary Entities;4;Elimination;Marduk;188458;Mesopotamian Myth - Sky Kings;0;185;0
26/27;2026-10-03;Arena of Echoes;tournament;Clash of Imaginary Entities;4;Elimination;Mahishasura;137200;Hindu Myth - Asuras;0;209;0
26/27;2026-10-03;Arena of Echoes;tournament;Clash of Imaginary Entities;4;Elimination;Tiamat;190311;Mesopotamian Myth - Chaos Ancients;0;222;0
26/27;2026-10-03;Arena of Echoes;tournament;Clash of Imaginary Entities;4;Elimination;Gandalf;98265;Lord of the Rings - Free Peoples;0;200;0
26/27;2026-10-03;Arena of Echoes;tournament;Clash of Imaginary Entities;4;Elimination;Tiamat;190311;Mesopotamian Myth - Chaos Ancients;1;201;0
26/27;2026-10-03;Arena of Echoes;tournament;Clash of Imaginary Entities;4;Elimination;Zeus;139274;Greek Myth - Olympians;1;224;0
26/27;2026-10-03;Arena of Echoes;tournament;Clash of Imaginary Entities;4;Elimination;Mahishasura;137200;Hindu Myth - Asuras;1;197;0
26/27;2026-10-03;Arena of Echoes;tournament;Clash of Imaginary Entities;4;Elimination;Gandalf;98265;Lord of the Rings - Free Peoples;1;222;0
26/27;2026-10-03;Arena of Echoes;tournament;Clash of Imaginary Entities;4;Elimination;Zeus;139274;Greek Myth - Olympians;2;224;0
26/27;2026-10-03;Arena of Echoes;tournament;Clash of Imaginary Entities;4;Elimination;Gandalf;98265;Lord of the Rings - Free Peoples;2;225;0
26/27;2026-10-03;Arena of Echoes;tournament;Clash of Imaginary Entities;4;Elimination;Tiamat;190311;Mesopotamian Myth - Chaos Ancients;2;213;0
26/27;2026-10-03;Arena of Echoes;tournament;Clash of Imaginary Entities;4;Elimination;Gandalf;98265;Lord of the Rings - Free Peoples;3;223;0
26/27;2026-10-03;Arena of Echoes;tournament;Clash of Imaginary Entities;4;Elimination;Zeus;139274;Greek Myth - Olympians;3;236;0
