Season;Date;Location;Event Type;Event Name;Round Number;Round Name;Player;Player ID;Club;Game Number;Score;Handicap;Cumulative Score;Stage Rank;Cut Line;Overall Cumulative Score
2026;2026-09-18;The Nexus Bowl;tournament;Geek Masters Invitational;1;Qualifying;Luke Skywalker;91905;Star Wars - Jedi Order;0;238;0;238;2;193;238
2026;2026-09-18;The Nexus Bowl;tournament;Geek Masters Invitational;1;Qualifying;Obi-Wan Kenobi;57296;Star Wars - Jedi Order;0;158;0;158;70;193;158
2026;2026-09-18;The Nexus Bowl;tournament;Geek Masters Invitational;1;Qualifying;Ahsoka Tano;51639;Star Wars - Jedi Order;0;209;0;209;17;193;209
2026;2026-09-18;The Nexus Bowl;tournament;Geek Masters Invitational;1;Qualifying;Mace Windu;98598;Star Wars - Jedi Order;0;172;0;172;62;193;172
2026;2026-09-18;The Nexus Bowl;tournament;Geek Masters Invitational;1;Qualifying;Darth Vader;68024;Star Wars - Sith Empire;0;210;0;210;16;193;210
2026;2026-09-18;The Nexus Bowl;tournament;Geek Masters Invitational;1;Qualifying;Emperor Palpatine;66049;Star Wars - Sith Empire;0;202;0;202;27;193;202
2026;2026-09-18;The Nexus Bowl;tournament;Geek Masters Invitational;1;Qualifying;Darth Maul;64628;Star Wars - Sith Empire;0;186;0;186;46;193;186
2026;2026-09-18;The Nexus Bowl;tournament;Geek Masters Invitational;1;Qualifying;Count Dooku;59144;Star Wars - Sith Empire;0;179;0;179;57;193;179
2026;2026-09-18;The Nexus Bowl;tournament;Geek Masters Invitational;1;Qualifying;Gandalf;98265;Lord of the Rings - Free Peoples;0;209;0;209;18;193;209
2026;2026-09-18;The Nexus Bowl;tournament;Geek Masters Invitational;1;Qualifying;Aragorn;56717;Lord of the Rings - Free Peoples;0;183;0;183;50;193;183
2026;2026-09-18;The Nexus Bowl;tournament;Geek Masters Invitational;1;Qualifying;Legolas;94348;Lord of the Rings - Free Peoples;0;213;0;213;14;193;213
2026;2026-09-18;The Nexus Bowl;tournament;Geek Masters Invitational;1;Qualifying;Gimli;98540;Lord of the Rings - Free Peoples;0;157;0;157;72;193;157
2026;2026-09-18;The Nexus Bowl;tournament;Geek Masters Invitational;1;Qualifying;Sauron;85741;Lord of the Rings - Forces of Mordor;0;218;0;218;8;193;218
2026;2026-09-18;The Nexus Bowl;tournament;Geek Masters Invitational;1;Qualifying;Witch-king;55697;Lord of the Rings - Forces of Mordor;0;193;0;193;40;193;193
2026;2026-09-18;The Nexus Bowl;tournament;Geek Masters Invitational;1;Qualifying;Saruman;88698;Lord of the Rings - Forces of Mordor;0;203;0;203;26;193;203
2026;2026-09-18;The Nexus Bowl;tournament;Geek Masters Invitational;1;Qualifying;Uruk-hai Lurtz;77651;Lord of the Rings - Forces of Mordor;0;185;0;185;49;193;185
2026;2026-09-18;The Nexus Bowl;tournament;Geek Masters Invitational;1;Qualifying;Harry Potter;52082;Harry Potter - Order of the Phoenix;0;195;0;195;35;193;195
2026;2026-09-18;The Nexus Bowl;tournament;Geek Masters Invitational;1;Qualifying;Hermione Granger;51952;Harry Potter - Order of the Phoenix;0;236;0;236;3;193;236
2026;2026-09-18;The Nexus Bowl;tournament;Geek Masters Invitational;1;Qualifying;Albus Dumbledore;56140;Harry Potter - Order of the Phoenix;0;144;0;144;78;193;144
2026;2026-09-18;The Nexus Bowl;tournament;Geek Masters Invitational;1;Qualifying;Severus Snape;64328;Harry Potter - Order of the Phoenix;0;158;0;158;71;193;158
2026;2026-09-18;The Nexus Bowl;tournament;Geek Masters Invitational;1;Qualifying;Lord Voldemort;65247;Harry Potter - Death Eaters;0;203;0;203;25;193;203
2026;2026-09-18;The Nexus Bowl;tournament;Geek Masters Invitational;1;Qualifying;Bellatrix Lestrange;83118;Harry Potter - Death Eaters;0;187;0;187;44;193;187
2026;2026-09-18;The Nexus Bowl;tournament;Geek Masters Invitational;1;Qualifying;Lucius Malfoy;89453;Harry Potter - Death Eaters;0;169;0;169;63;193;169
2026;2026-09-18;The Nexus Bowl;tournament;Geek Masters Invitational;1;Qualifying;Barty Crouch Jr.;51739;Harry Potter - Death Eaters;0;154;0;154;74;193;154
2026;2026-09-18;The Nexus Bowl;tournament;Geek Masters Invitational;1;Qualifying;Jon Snow;86781;Game of Thrones - Stark-Targaryen Alliance;0;219;0;219;7;193;219
2026;2026-09-18;The Nexus Bowl;tournament;Geek Masters Invitational;1;Qualifying;Daenerys Targaryen;63031;Game of Thrones - Stark-Targaryen Alliance;0;181;0;181;55;193;181
2026;2026-09-18;The Nexus Bowl;tournament;Geek Masters Invitational;1;Qualifying;Arya Stark;96925;Game of Thrones - Stark-Targaryen Alliance;0;160;0;160;69;193;160
2026;2026-09-18;The Nexus Bowl;tournament;Geek Masters Invitational;1;Qualifying;Bran Stark;92590;Game of Thrones - Stark-Targaryen Alliance;0;145;0;145;77;193;145
2026;2026-09-18;The Nexus Bowl;tournament;Geek Masters Invitational;1;Qualifying;Cersei Lannister;95962;Game of Thrones - Lannister-Crown;0;206;0;206;19;193;206
2026;2026-09-18;The Nexus Bowl;tournament;Geek Masters Invitational;1;Qualifying;Jaime Lannister;85713;Game of Thrones - Lannister-Crown;0;196;0;196;32;193;196
2026;2026-09-18;The Nexus Bowl;tournament;Geek Masters Invitational;1;Qualifying;Tywin Lannister;77493;Game of Thrones - Lannister-Crown;0;193;0;193;39;193;193
2026;2026-09-18;The Nexus Bowl;tournament;Geek Masters Invitational;1;Qualifying;The Mountain;64446;Game of Thrones - Lannister-Crown;0;169;0;169;64;193;169
2026;2026-09-18;The Nexus Bowl;tournament;Geek Masters Invitational;1;Qualifying;Kyle Katarn;79439;LucasArts Games - Jedi Knight Era;0;187;0;187;45;193;187
2026;2026-09-18;The Nexus Bowl;tournament;Geek Masters Invitational;1;Qualifying;Mara Jade;88618;LucasArts Games - Jedi Knight Era;0;201;0;201;29;193;201
2026;2026-09-18;The Nexus Bowl;tournament;Geek Masters Invitational;1;Qualifying;Jaden Korr;68231;LucasArts Games - Jedi Knight Era;0;165;0;165;67;193;165
2026;2026-09-18;The Nexus Bowl;tournament;Geek Masters Invitational;1;Qualifying;Jan Ors;50425;LucasArts Games - Jedi Knight Era;0;179;0;179;58;193;179
2026;2026-09-18;The Nexus Bowl;tournament;Geek Masters Invitational;1;Qualifying;Guybrush Threepwood;99729;LucasArts Games - Monkey Island & Legacy;0;255;0;255;1;193;255
2026;2026-09-18;The Nexus Bowl;tournament;Geek Masters Invitational;1;Qualifying;LeChuck;60463;LucasArts Games - Monkey Island & Legacy;0;214;0;214;13;193;214
2026;2026-09-18;The Nexus Bowl;tournament;Geek Masters Invitational;1;Qualifying;Elaine Marley;95753;LucasArts Games - Monkey Island & Legacy;0;183;0;183;51;193;183
2026;2026-09-18;The Nexus Bowl;tournament;Geek Masters Invitational;1;Qualifying;Manny Calavera;77696;LucasArts Games - Monkey Island & Legacy;0;157;0;157;73;193;157
2026;2026-09-18;The Nexus Bowl;tournament;Geek Masters Invitational;1;Qualifying;Paul Atreides;72298;Dune - House Atreides;0;191;0;191;43;193;191
2026;2026-09-18;The Nexus Bowl;tournament;Geek Masters Invitational;1;Qualifying;Lady Jessica;68210;Dune - House Atreides;0;193;0;193;37;193;193
2026;2026-09-18;The Nexus Bowl;tournament;Geek Masters Invitational;1;Qualifying;Duncan Idaho;60189;Dune - House Atreides;0;194;0;194;36;193;194
2026;2026-09-18;The Nexus Bowl;tournament;Geek Masters Invitational;1;Qualifying;Gurney Halleck;64110;Dune - House Atreides;0;153;0;153;75;193;153
2026;2026-09-18;The Nexus Bowl;tournament;Geek Masters Invitational;1;Qualifying;Baron Harkonnen;72059;Dune - Harkonnen-Sardaukar;0;215;0;215;11;193;215
2026;2026-09-18;The Nexus Bowl;tournament;Geek Masters Invitational;1;Qualifying;Feyd-Rautha;56698;Dune - Harkonnen-Sardaukar;0;199;0;199;31;193;199
2026;2026-09-18;The Nexus Bowl;tournament;Geek Masters Invitational;1;Qualifying;Count Fenring;56078;Dune - Harkonnen-Sardaukar;0;206;0;206;21;193;206
2026;2026-09-18;The Nexus Bowl;tournament;Geek Masters Invitational;1;Qualifying;Glossu Rabban;74898;Dune - Harkonnen-Sardaukar;0;148;0;148;76;193;148
2026;2026-09-18;The Nexus Bowl;tournament;Geek Masters Invitational;1;Qualifying;Jean-Luc Picard;56338;Star Trek - Federation;0;203;0;203;24;193;203
2026;2026-09-18;The Nexus Bowl;tournament;Geek Masters Invitational;1;Qualifying;Spock;73526;Star Trek - Federation;0;212;0;212;15;193;212
2026;2026-09-18;The Nexus Bowl;tournament;Geek Masters Invitational;1;Qualifying;Benjamin Sisko;72541;Star Trek - Federation;0;177;0;177;60;193;177
2026;2026-09-18;The Nexus Bowl;tournament;Geek Masters Invitational;1;Qualifying;Kathryn Janeway;89565;Star Trek - Federation;0;141;0;141;79;193;141
2026;2026-09-18;The Nexus Bowl;tournament;Geek Masters Invitational;1;Qualifying;Worf;67335;Star Trek - Klingon-Romulan;0;222;0;222;6;193;222
2026;2026-09-18;The Nexus Bowl;tournament;Geek Masters Invitational;1;Qualifying;Gowron;52847;Star Trek - Klingon-Romulan;0;216;0;216;9;193;216
2026;2026-09-18;The Nexus Bowl;tournament;Geek Masters Invitational;1;Qualifying;Commander Sela;97823;Star Trek - Klingon-Romulan;0;182;0;182;53;193;182
2026;2026-09-18;The Nexus Bowl;tournament;Geek Masters Invitational;1;Qualifying;General Chang;80108;Star Trek - Klingon-Romulan;0;200;0;200;30;193;200
2026;2026-09-18;The Nexus Bowl;tournament;Geek Masters Invitational;1;Qualifying;Commander Shepard;85142;Mass Effect - Alliance Crew;0;206;0;206;20;193;206
2026;2026-09-18;The Nexus Bowl;tournament;Geek Masters Invitational;1;Qualifying;Garrus Vakarian;58180;Mass Effect - Alliance Crew;0;201;0;201;28;193;201
2026;2026-09-18;The Nexus Bowl;tournament;Geek Masters Invitational;1;Qualifying;Liara T'Soni;74807;Mass Effect - Alliance Crew;0;192;0;192;41;193;192
2026;2026-09-18;The Nexus Bowl;tournament;Geek Masters Invitational;1;Qualifying;Tali'Zorah;55164;Mass Effect - Alliance Crew;0;177;0;177;61;193;177
2026;2026-09-18;The Nexus Bowl;tournament;Geek Masters Invitational;1;Qualifying;Illusive Man;86178;Mass Effect - Cerberus-Reapers;0;222;0;222;5;193;222
2026;2026-09-18;The Nexus Bowl;tournament;Geek Masters Invitational;1;Qualifying;Harbinger;69213;Mass Effect - Cerberus-Reapers;0;214;0;214;12;193;214
2026;2026-09-18;The Nexus Bowl;tournament;Geek Masters Invitational;1;Qualifying;Kai Leng;91198;Mass Effect - Cerberus-Reapers;0;182;0;182;54;193;182
2026;2026-09-18;The Nexus Bowl;tournament;Geek Masters Invitational;1;Qualifying;Saren Arterius;90535;Mass Effect - Cerberus-Reapers;0;183;0;183;52;193;183
2026;2026-09-18;The Nexus Bowl;tournament;Geek Masters Invitational;1;Qualifying;Roboute Guilliman;73700;Warhammer 40K - Imperium;0;178;0;178;59;193;178
2026;2026-09-18;The Nexus Bowl;tournament;Geek Masters Invitational;1;Qualifying;Marneus Calgar;87837;Warhammer 40K - Imperium;0;192;0;192;42;193;192
2026;2026-09-18;The Nexus Bowl;tournament;Geek Masters Invitational;1;Qualifying;Saint Celestine;62601;Warhammer 40K - Imperium;0;185;0;185;47;193;185
2026;2026-09-18;The Nexus Bowl;tournament;Geek Masters Invitational;1;Qualifying;Inquisitor Eisenhorn;96174;Warhammer 40K - Imperium;0;139;0;139;80;193;139
2026;2026-09-18;The Nexus Bowl;tournament;Geek Masters Invitational;1;Qualifying;Abaddon the Despoiler;54558;Warhammer 40K - Chaos;0;222;0;222;4;193;222
2026;2026-09-18;The Nexus Bowl;tournament;Geek Masters Invitational;1;Qualifying;Magnus the Red;53003;Warhammer 40K - Chaos;0;196;0;196;33;193;196
2026;2026-09-18;The Nexus Bowl;tournament;Geek Masters Invitational;1;Qualifying;Ahriman;93336;Warhammer 40K - Chaos;0;195;0;195;34;193;195
2026;2026-09-18;The Nexus Bowl;tournament;Geek Masters Invitational;1;Qualifying;Kharn the Betrayer;64935;Warhammer 40K - Chaos;0;168;0;168;65;193;168
2026;2026-09-18;The Nexus Bowl;tournament;Geek Masters Invitational;1;Qualifying;Mickey Mouse;68965;Disney Characters - Heroes;0;216;0;216;10;193;216
2026;2026-09-18;The Nexus Bowl;tournament;Geek Masters Invitational;1;Qualifying;Mulan;55229;Disney Characters - Heroes;0;204;0;204;23;193;204
2026;2026-09-18;The Nexus Bowl;tournament;Geek Masters Invitational;1;Qualifying;Simba;65256;Disney Characters - Heroes;0;185;0;185;48;193;185
2026;2026-09-18;The Nexus Bowl;tournament;Geek Masters Invitational;1;Qualifying;Moana;56619;Disney Characters - Heroes;0;167;0;167;66;193;167
2026;2026-09-18;The Nexus Bowl;tournament;Geek Masters Invitational;1;Qualifying;Maleficent;74911;Disney Characters - Villains;0;206;0;206;22;193;206
2026;2026-09-18;The Nexus Bowl;tournament;Geek Masters Invitational;1;Qualifying;Scar;68217;Disney Characters - Villains;0;193;0;193;38;193;193
2026;2026-09-18;The Nexus Bowl;tournament;Geek Masters Invitational;1;Qualifying;Ursula;79714;Disney Characters - Villains;0;180;0;180;56;193;180
2026;2026-09-18;The Nexus Bowl;tournament;Geek Masters Invitational;1;Qualifying;Jafar;91660;Disney Characters - Villains;0;163;0;163;68;193;163
2026;2026-09-18;The Nexus Bowl;tournament;Geek Masters Invitational;1;Qualifying;Luke Skywalker;91905;Star Wars - Jedi Order;1;230;0;468;2;389;468
2026;2026-09-18;The Nexus Bowl;tournament;Geek Masters Invitational;1;Qualifying;Obi-Wan Kenobi;57296;Star Wars - Jedi Order;1;192;0;350;62;389;350
2026;2026-09-18;The Nexus Bowl;tournament;Geek Masters Invitational;1;Qualifying;Ahsoka Tano;51639;Star Wars - Jedi Order;1;206;0;415;18;389;415
2026;2026-09-18;The Nexus Bowl;tournament;Geek Masters Invitational;1;Qualifying;Mace Windu;98598;Star Wars - Jedi Order;1;174;0;346;63;389;346
2026;2026-09-18;The Nexus Bowl;tournament;Geek Masters Invitational;1;Qualifying;Darth Vader;68024;Star Wars - Sith Empire;1;182;0;392;35;389;392
2026;2026-09-18;The Nexus Bowl;tournament;Geek Masters Invitational;1;Qualifying;Emperor Palpatine;66049;Star Wars - Sith Empire;1;198;0;400;27;389;400
2026;2026-09-18;The Nexus Bowl;tournament;Geek Masters Invitational;1;Qualifying;Darth Maul;64628;Star Wars - Sith Empire;1;208;0;394;32;389;394
2026;2026-09-18;The Nexus Bowl;tournament;Geek Masters Invitational;1;Qualifying;Count Dooku;59144;Star Wars - Sith Empire;1;158;0;337;67;389;337
2026;2026-09-18;The Nexus Bowl;tournament;Geek Masters Invitational;1;Qualifying;Gandalf;98265;Lord of the Rings - Free Peoples;1;230;0;439;7;389;439
2026;2026-09-18;The Nexus Bowl;tournament;Geek Masters Invitational;1;Qualifying;Aragorn;56717;Lord of the Rings - Free Peoples;1;206;0;389;40;389;389
2026;2026-09-18;The Nexus Bowl;tournament;Geek Masters Invitational;1;Qualifying;Legolas;94348;Lord of the Rings - Free Peoples;1;181;0;394;33;389;394
2026;2026-09-18;The Nexus Bowl;tournament;Geek Masters Invitational;1;Qualifying;Gimli;98540;Lord of the Rings - Free Peoples;1;154;0;311;76;389;311
2026;2026-09-18;The Nexus Bowl;tournament;Geek Masters Invitational;1;Qualifying;Sauron;85741;Lord of the Rings - Forces of Mordor;1;221;0;439;9;389;439
2026;2026-09-18;The Nexus Bowl;tournament;Geek Masters Invitational;1;Qualifying;Witch-king;55697;Lord of the Rings - Forces of Mordor;1;173;0;366;55;389;366
2026;2026-09-18;The Nexus Bowl;tournament;Geek Masters Invitational;1;Qualifying;Saruman;88698;Lord of the Rings - Forces of Mordor;1;191;0;394;34;389;394
2026;2026-09-18;The Nexus Bowl;tournament;Geek Masters Invitational;1;Qualifying;Uruk-hai Lurtz;77651;Lord of the Rings - Forces of Mordor;1;149;0;334;68;389;334
2026;2026-09-18;The Nexus Bowl;tournament;Geek Masters Invitational;1;Qualifying;Harry Potter;52082;Harry Potter - Order of the Phoenix;1;232;0;427;11;389;427
2026;2026-09-18;The Nexus Bowl;tournament;Geek Masters Invitational;1;Qualifying;Hermione Granger;51952;Harry Potter - Order of the Phoenix;1;209;0;445;5;389;445
2026;2026-09-18;The Nexus Bowl;tournament;Geek Masters Invitational;1;Qualifying;Albus Dumbledore;56140;Harry Potter - Order of the Phoenix;1;164;0;308;78;389;308
2026;2026-09-18;The Nexus Bowl;tournament;Geek Masters Invitational;1;Qualifying;Severus Snape;64328;Harry Potter - Order of the Phoenix;1;175;0;333;69;389;333
2026;2026-09-18;The Nexus Bowl;tournament;Geek Masters Invitational;1;Qualifying;Lord Voldemort;65247;Harry Potter - Death Eaters;1;212;0;415;19;389;415
2026;2026-09-18;The Nexus Bowl;tournament;Geek Masters Invitational;1;Qualifying;Bellatrix Lestrange;83118;Harry Potter - Death Eaters;1;192;0;379;49;389;379
2026;2026-09-18;The Nexus Bowl;tournament;Geek Masters Invitational;1;Qualifying;Lucius Malfoy;89453;Harry Potter - Death Eaters;1;173;0;342;64;389;342
2026;2026-09-18;The Nexus Bowl;tournament;Geek Masters Invitational;1;Qualifying;Barty Crouch Jr.;51739;Harry Potter - Death Eaters;1;156;0;310;77;389;310
2026;2026-09-18;The Nexus Bowl;tournament;Geek Masters Invitational;1;Qualifying;Jon Snow;86781;Game of Thrones - Stark-Targaryen Alliance;1;224;0;443;6;389;443
2026;2026-09-18;The Nexus Bowl;tournament;Geek Masters Invitational;1;Qualifying;Daenerys Targaryen;63031;Game of Thrones - Stark-Targaryen Alliance;1;221;0;402;25;389;402
2026;2026-09-18;The Nexus Bowl;tournament;Geek Masters Invitational;1;Qualifying;Arya Stark;96925;Game of Thrones - Stark-Targaryen Alliance;1;180;0;340;65;389;340
2026;2026-09-18;The Nexus Bowl;tournament;Geek Masters Invitational;1;Qualifying;Bran Stark;92590;Game of Thrones - Stark-Targaryen Alliance;1;156;0;301;80;389;301
2026;2026-09-18;The Nexus Bowl;tournament;Geek Masters Invitational;1;Qualifying;Cersei Lannister;95962;Game of Thrones - Lannister-Crown;1;214;0;420;15;389;420
2026;2026-09-18;The Nexus Bowl;tournament;Geek Masters Invitational;1;Qualifying;Jaime Lannister;85713;Game of Thrones - Lannister-Crown;1;196;0;392;37;389;392
2026;2026-09-18;The Nexus Bowl;tournament;Geek Masters Invitational;1;Qualifying;Tywin Lannister;77493;Game of Thrones - Lannister-Crown;1;218;0;411;21;389;411
2026;2026-09-18;The Nexus Bowl;tournament;Geek Masters Invitational;1;Qualifying;The Mountain;64446;Game of Thrones - Lannister-Crown;1;170;0;339;66;389;339
2026;2026-09-18;The Nexus Bowl;tournament;Geek Masters Invitational;1;Qualifying;Kyle Katarn;79439;LucasArts Games - Jedi Knight Era;1;204;0;391;38;389;391
2026;2026-09-18;The Nexus Bowl;tournament;Geek Masters Invitational;1;Qualifying;Mara Jade;88618;LucasArts Games - Jedi Knight Era;1;195;0;396;30;389;396
2026;2026-09-18;The Nexus Bowl;tournament;Geek Masters Invitational;1;Qualifying;Jaden Korr;68231;LucasArts Games - Jedi Knight Era;1;194;0;359;58;389;359
2026;2026-09-18;The Nexus Bowl;tournament;Geek Masters Invitational;1;Qualifying;Jan Ors;50425;LucasArts Games - Jedi Knight Era;1;182;0;361;57;389;361
2026;2026-09-18;The Nexus Bowl;tournament;Geek Masters Invitational;1;Qualifying;Guybrush Threepwood;99729;LucasArts Games - Monkey Island & Legacy;1;246;0;501;1;389;501
2026;2026-09-18;The Nexus Bowl;tournament;Geek Masters Invitational;1;Qualifying;LeChuck;60463;LucasArts Games - Monkey Island & Legacy;1;198;0;412;20;389;412
2026;2026-09-18;The Nexus Bowl;tournament;Geek Masters Invitational;1;Qualifying;Elaine Marley;95753;LucasArts Games - Monkey Island & Legacy;1;191;0;374;51;389;374
2026;2026-09-18;The Nexus Bowl;tournament;Geek Masters Invitational;1;Qualifying;Manny Calavera;77696;LucasArts Games - Monkey Island & Legacy;1;150;0;307;79;389;307
2026;2026-09-18;The Nexus Bowl;tournament;Geek Masters Invitational;1;Qualifying;Paul Atreides;72298;Dune - House Atreides;1;194;0;385;43;389;385
2026;2026-09-18;The Nexus Bowl;tournament;Geek Masters Invitational;1;Qualifying;Lady Jessica;68210;Dune - House Atreides;1;189;0;382;45;389;382
2026;2026-09-18;The Nexus Bowl;tournament;Geek Masters Invitational;1;Qualifying;Duncan Idaho;60189;Dune - House Atreides;1;189;0;383;44;389;383
2026;2026-09-18;The Nexus Bowl;tournament;Geek Masters Invitational;1;Qualifying;Gurney Halleck;64110;Dune - House Atreides;1;170;0;323;70;389;323
2026;2026-09-18;The Nexus Bowl;tournament;Geek Masters Invitational;1;Qualifying;Baron Harkonnen;72059;Dune - Harkonnen-Sardaukar;1;185;0;400;26;389;400
2026;2026-09-18;The Nexus Bowl;tournament;Geek Masters Invitational;1;Qualifying;Feyd-Rautha;56698;Dune - Harkonnen-Sardaukar;1;201;0;400;28;389;400
2026;2026-09-18;The Nexus Bowl;tournament;Geek Masters Invitational;1;Qualifying;Count Fenring;56078;Dune - Harkonnen-Sardaukar;1;202;0;408;22;389;408
2026;2026-09-18;The Nexus Bowl;tournament;Geek Masters Invitational;1;Qualifying;Glossu Rabban;74898;Dune - Harkonnen-Sardaukar;1;168;0;316;73;389;316
2026;2026-09-18;The Nexus Bowl;tournament;Geek Masters Invitational;1;Qualifying;Jean-Luc Picard;56338;Star Trek - Federation;1;217;0;420;16;389;420
2026;2026-09-18;The Nexus Bowl;tournament;Geek Masters Invitational;1;Qualifying;Spock;73526;Star Trek - Federation;1;192;0;404;24;389;404
2026;2026-09-18;The Nexus Bowl;tournament;Geek Masters Invitational;1;Qualifying;Benjamin Sisko;72541;Star Trek - Federation;1;180;0;357;59;389;357
2026;2026-09-18;The Nexus Bowl;tournament;Geek Masters Invitational;1;Qualifying;Kathryn Janeway;89565;Star Trek - Federation;1;174;0;315;75;389;315
2026;2026-09-18;The Nexus Bowl;tournament;Geek Masters Invitational;1;Qualifying;Worf;67335;Star Trek - Klingon-Romulan;1;209;0;431;10;389;431
2026;2026-09-18;The Nexus Bowl;tournament;Geek Masters Invitational;1;Qualifying;Gowron;52847;Star Trek - Klingon-Romulan;1;223;0;439;8;389;439
2026;2026-09-18;The Nexus Bowl;tournament;Geek Masters Invitational;1;Qualifying;Commander Sela;97823;Star Trek - Klingon-Romulan;1;197;0;379;50;389;379
2026;2026-09-18;The Nexus Bowl;tournament;Geek Masters Invitational;1;Qualifying;General Chang;80108;Star Trek - Klingon-Romulan;1;154;0;354;60;389;354
2026;2026-09-18;The Nexus Bowl;tournament;Geek Masters Invitational;1;Qualifying;Commander Shepard;85142;Mass Effect - Alliance Crew;1;216;0;422;14;389;422
2026;2026-09-18;The Nexus Bowl;tournament;Geek Masters Invitational;1;Qualifying;Garrus Vakarian;58180;Mass Effect - Alliance Crew;1;191;0;392;36;389;392
2026;2026-09-18;The Nexus Bowl;tournament;Geek Masters Invitational;1;Qualifying;Liara T'Soni;74807;Mass Effect - Alliance Crew;1;190;0;382;46;389;382
2026;2026-09-18;The Nexus Bowl;tournament;Geek Masters Invitational;1;Qualifying;Tali'Zorah;55164;Mass Effect - Alliance Crew;1;212;0;389;41;389;389
2026;2026-09-18;The Nexus Bowl;tournament;Geek Masters Invitational;1;Qualifying;Illusive Man;86178;Mass Effect - Cerberus-Reapers;1;234;0;456;3;389;456
2026;2026-09-18;The Nexus Bowl;tournament;Geek Masters Invitational;1;Qualifying;Harbinger;69213;Mass Effect - Cerberus-Reapers;1;211;0;425;12;389;425
2026;2026-09-18;The Nexus Bowl;tournament;Geek Masters Invitational;1;Qualifying;Kai Leng;91198;Mass Effect - Cerberus-Reapers;1;185;0;367;54;389;367
2026;2026-09-18;The Nexus Bowl;tournament;Geek Masters Invitational;1;Qualifying;Saren Arterius;90535;Mass Effect - Cerberus-Reapers;1;198;0;381;48;389;381
2026;2026-09-18;The Nexus Bowl;tournament;Geek Masters Invitational;1;Qualifying;Roboute Guilliman;73700;Warhammer 40K - Imperium;1;228;0;406;23;389;406
2026;2026-09-18;The Nexus Bowl;tournament;Geek Masters Invitational;1;Qualifying;Marneus Calgar;87837;Warhammer 40K - Imperium;1;207;0;399;29;389;399
2026;2026-09-18;The Nexus Bowl;tournament;Geek Masters Invitational;1;Qualifying;Saint Celestine;62601;Warhammer 40K - Imperium;1;188;0;373;52;389;373
2026;2026-09-18;The Nexus Bowl;tournament;Geek Masters Invitational;1;Qualifying;Inquisitor Eisenhorn;96174;Warhammer 40K - Imperium;1;176;0;315;74;389;315
2026;2026-09-18;The Nexus Bowl;tournament;Geek Masters Invitational;1;Qualifying;Abaddon the Despoiler;54558;Warhammer 40K - Chaos;1;226;0;448;4;389;448
2026;2026-09-18;The Nexus Bowl;tournament;Geek Masters Invitational;1;Qualifying;Magnus the Red;53003;Warhammer 40K - Chaos;1;185;0;381;47;389;381
2026;2026-09-18;The Nexus Bowl;tournament;Geek Masters Invitational;1;Qualifying;Ahriman;93336;Warhammer 40K - Chaos;1;176;0;371;53;389;371
2026;2026-09-18;The Nexus Bowl;tournament;Geek Masters Invitational;1;Qualifying;Kharn the Betrayer;64935;Warhammer 40K - Chaos;1;151;0;319;72;389;319
2026;2026-09-18;The Nexus Bowl;tournament;Geek Masters Invitational;1;Qualifying;Mickey Mouse;68965;Disney Characters - Heroes;1;209;0;425;13;389;425
2026;2026-09-18;The Nexus Bowl;tournament;Geek Masters Invitational;1;Qualifying;Mulan;55229;Disney Characters - Heroes;1;192;0;396;31;389;396
2026;2026-09-18;The Nexus Bowl;tournament;Geek Masters Invitational;1;Qualifying;Simba;65256;Disney Characters - Heroes;1;206;0;391;39;389;391
2026;2026-09-18;The Nexus Bowl;tournament;Geek Masters Invitational;1;Qualifying;Moana;56619;Disney Characters - Heroes;1;184;0;351;61;389;351
2026;2026-09-18;The Nexus Bowl;tournament;Geek Masters Invitational;1;Qualifying;Maleficent;74911;Disney Characters - Villains;1;211;0;417;17;389;417
2026;2026-09-18;The Nexus Bowl;tournament;Geek Masters Invitational;1;Qualifying;Scar;68217;Disney Characters - Villains;1;194;0;387;42;389;387
2026;2026-09-18;The Nexus Bowl;tournament;Geek Masters Invitational;1;Qualifying;Ursula;79714;Disney Characters - Villains;1;183;0;363;56;389;363
2026;2026-09-18;The Nexus Bowl;tournament;Geek Masters Invitational;1;Qualifying;Jafar;91660;Disney Characters - Villains;1;159;0;322;71;389;322
2026;2026-09-18;The Nexus Bowl;tournament;Geek Masters Invitational;1;Qualifying;Luke Skywalker;91905;Star Wars - Jedi Order;2;212;0;680;3;581;680
2026;2026-09-18;The Nexus Bowl;tournament;Geek Masters Invitational;1;Qualifying;Obi-Wan Kenobi;57296;Star Wars - Jedi Order;2;207;0;557;55;581;557
2026;2026-09-18;The Nexus Bowl;tournament;Geek Masters Invitational;1;Qualifying;Ahsoka Tano;51639;Star Wars - Jedi Order;2;199;0;614;22;581;614
2026;2026-09-18;The Nexus Bowl;tournament;Geek Masters Invitational;1;Qualifying;Mace Windu;98598;Star Wars - Jedi Order;2;175;0;521;63;581;521
2026;2026-09-18;The Nexus Bowl;tournament;Geek Masters Invitational;1;Qualifying;Darth Vader;68024;Star Wars - Sith Empire;2;204;0;596;34;581;596
2026;2026-09-18;The Nexus Bowl;tournament;Geek Masters Invitational;1;Qualifying;Emperor Palpatine;66049;Star Wars - Sith Empire;2;209;0;609;26;581;609
2026;2026-09-18;The Nexus Bowl;tournament;Geek Masters Invitational;1;Qualifying;Darth Maul;64628;Star Wars - Sith Empire;2;170;0;564;50;581;564
2026;2026-09-18;The Nexus Bowl;tournament;Geek Masters Invitational;1;Qualifying;Count Dooku;59144;Star Wars - Sith Empire;2;163;0;500;68;581;500
2026;2026-09-18;The Nexus Bowl;tournament;Geek Masters Invitational;1;Qualifying;Gandalf;98265;Lord of the Rings - Free Peoples;2;222;0;661;6;581;661
2026;2026-09-18;The Nexus Bowl;tournament;Geek Masters Invitational;1;Qualifying;Aragorn;56717;Lord of the Rings - Free Peoples;2;221;0;610;25;581;610
2026;2026-09-18;The Nexus Bowl;tournament;Geek Masters Invitational;1;Qualifying;Legolas;94348;Lord of the Rings - Free Peoples;2;169;0;563;51;581;563
2026;2026-09-18;The Nexus Bowl;tournament;Geek Masters Invitational;1;Qualifying;Gimli;98540;Lord of the Rings - Free Peoples;2;155;0;466;77;581;466
2026;2026-09-18;The Nexus Bowl;tournament;Geek Masters Invitational;1;Qualifying;Sauron;85741;Lord of the Rings - Forces of Mordor;2;244;0;683;2;581;683
2026;2026-09-18;The Nexus Bowl;tournament;Geek Masters Invitational;1;Qualifying;Witch-king;55697;Lord of the Rings - Forces of Mordor;2;191;0;557;56;581;557
2026;2026-09-18;The Nexus Bowl;tournament;Geek Masters Invitational;1;Qualifying;Saruman;88698;Lord of the Rings - Forces of Mordor;2;188;0;582;38;581;582
2026;2026-09-18;The Nexus Bowl;tournament;Geek Masters Invitational;1;Qualifying;Uruk-hai Lurtz;77651;Lord of the Rings - Forces of Mordor;2;173;0;507;66;581;507
2026;2026-09-18;The Nexus Bowl;tournament;Geek Masters Invitational;1;Qualifying;Harry Potter;52082;Harry Potter - Order of the Phoenix;2;207;0;634;14;581;634
2026;2026-09-18;The Nexus Bowl;tournament;Geek Masters Invitational;1;Qualifying;Hermione Granger;51952;Harry Potter - Order of the Phoenix;2;211;0;656;7;581;656
2026;2026-09-18;The Nexus Bowl;tournament;Geek Masters Invitational;1;Qualifying;Albus Dumbledore;56140;Harry Potter - Order of the Phoenix;2;188;0;496;70;581;496
2026;2026-09-18;The Nexus Bowl;tournament;Geek Masters Invitational;1;Qualifying;Severus Snape;64328;Harry Potter - Order of the Phoenix;2;154;0;487;71;581;487
2026;2026-09-18;The Nexus Bowl;tournament;Geek Masters Invitational;1;Qualifying;Lord Voldemort;65247;Harry Potter - Death Eaters;2;232;0;647;11;581;647
2026;2026-09-18;The Nexus Bowl;tournament;Geek Masters Invitational;1;Qualifying;Bellatrix Lestrange;83118;Harry Potter - Death Eaters;2;188;0;567;48;581;567
2026;2026-09-18;The Nexus Bowl;tournament;Geek Masters Invitational;1;Qualifying;Lucius Malfoy;89453;Harry Potter - Death Eaters;2;186;0;528;62;581;528
2026;2026-09-18;The Nexus Bowl;tournament;Geek Masters Invitational;1;Qualifying;Barty Crouch Jr.;51739;Harry Potter - Death Eaters;2;170;0;480;73;581;480
2026;2026-09-18;The Nexus Bowl;tournament;Geek Masters Invitational;1;Qualifying;Jon Snow;86781;Game of Thrones - Stark-Targaryen Alliance;2;224;0;667;4;581;667
2026;2026-09-18;The Nexus Bowl;tournament;Geek Masters Invitational;1;Qualifying;Daenerys Targaryen;63031;Game of Thrones - Stark-Targaryen Alliance;2;198;0;600;33;581;600
2026;2026-09-18;The Nexus Bowl;tournament;Geek Masters Invitational;1;Qualifying;Arya Stark;96925;Game of Thrones - Stark-Targaryen Alliance;2;179;0;519;64;581;519
2026;2026-09-18;The Nexus Bowl;tournament;Geek Masters Invitational;1;Qualifying;Bran Stark;92590;Game of Thrones - Stark-Targaryen Alliance;2;160;0;461;78;581;461
2026;2026-09-18;The Nexus Bowl;tournament;Geek Masters Invitational;1;Qualifying;Cersei Lannister;95962;Game of Thrones - Lannister-Crown;2;211;0;631;17;581;631
2026;2026-09-18;The Nexus Bowl;tournament;Geek Masters Invitational;1;Qualifying;Jaime Lannister;85713;Game of Thrones - Lannister-Crown;2;211;0;603;30;581;603
2026;2026-09-18;The Nexus Bowl;tournament;Geek Masters Invitational;1;Qualifying;Tywin Lannister;77493;Game of Thrones - Lannister-Crown;2;198;0;609;27;581;609
2026;2026-09-18;The Nexus Bowl;tournament;Geek Masters Invitational;1;Qualifying;The Mountain;64446;Game of Thrones - Lannister-Crown;2;159;0;498;69;581;498
2026;2026-09-18;The Nexus Bowl;tournament;Geek Masters Invitational;1;Qualifying;Kyle Katarn;79439;LucasArts Games - Jedi Knight Era;2;229;0;620;19;581;620
2026;2026-09-18;The Nexus Bowl;tournament;Geek Masters Invitational;1;Qualifying;Mara Jade;88618;LucasArts Games - Jedi Knight Era;2;182;0;578;41;581;578
2026;2026-09-18;The Nexus Bowl;tournament;Geek Masters Invitational;1;Qualifying;Jaden Korr;68231;LucasArts Games - Jedi Knight Era;2;211;0;570;46;581;570
2026;2026-09-18;The Nexus Bowl;tournament;Geek Masters Invitational;1;Qualifying;Jan Ors;50425;LucasArts Games - Jedi Knight Era;2;180;0;541;59;581;541
2026;2026-09-18;The Nexus Bowl;tournament;Geek Masters Invitational;1;Qualifying;Guybrush Threepwood;99729;LucasArts Games - Monkey Island & Legacy;2;215;0;716;1;581;716
2026;2026-09-18;The Nexus Bowl;tournament;Geek Masters Invitational;1;Qualifying;LeChuck;60463;LucasArts Games - Monkey Island & Legacy;2;207;0;619;20;581;619
2026;2026-09-18;The Nexus Bowl;tournament;Geek Masters Invitational;1;Qualifying;Elaine Marley;95753;LucasArts Games - Monkey Island & Legacy;2;198;0;572;44;581;572
2026;2026-09-18;The Nexus Bowl;tournament;Geek Masters Invitational;1;Qualifying;Manny Calavera;77696;LucasArts Games - Monkey Island & Legacy;2;162;0;469;76;581;469
2026;2026-09-18;The Nexus Bowl;tournament;Geek Masters Invitational;1;Qualifying;Paul Atreides;72298;Dune - House Atreides;2;198;0;583;37;581;583
2026;2026-09-18;The Nexus Bowl;tournament;Geek Masters Invitational;1;Qualifying;Lady Jessica;68210;Dune - House Atreides;2;199;0;581;39;581;581
2026;2026-09-18;The Nexus Bowl;tournament;Geek Masters Invitational;1;Qualifying;Duncan Idaho;60189;Dune - House Atreides;2;188;0;571;45;581;571
2026;2026-09-18;The Nexus Bowl;tournament;Geek Masters Invitational;1;Qualifying;Gurney Halleck;64110;Dune - House Atreides;2;150;0;473;75;581;473
2026;2026-09-18;The Nexus Bowl;tournament;Geek Masters Invitational;1;Qualifying;Baron Harkonnen;72059;Dune - Harkonnen-Sardaukar;2;202;0;602;31;581;602
2026;2026-09-18;The Nexus Bowl;tournament;Geek Masters Invitational;1;Qualifying;Feyd-Rautha;56698;Dune - Harkonnen-Sardaukar;2;205;0;605;28;581;605
2026;2026-09-18;The Nexus Bowl;tournament;Geek Masters Invitational;1;Qualifying;Count Fenring;56078;Dune - Harkonnen-Sardaukar;2;195;0;603;29;581;603
2026;2026-09-18;The Nexus Bowl;tournament;Geek Masters Invitational;1;Qualifying;Glossu Rabban;74898;Dune - Harkonnen-Sardaukar;2;126;0;442;80;581;442
2026;2026-09-18;The Nexus Bowl;tournament;Geek Masters Invitational;1;Qualifying;Jean-Luc Picard;56338;Star Trek - Federation;2;213;0;633;15;581;633
2026;2026-09-18;The Nexus Bowl;tournament;Geek Masters Invitational;1;Qualifying;Spock;73526;Star Trek - Federation;2;210;0;614;23;581;614
2026;2026-09-18;The Nexus Bowl;tournament;Geek Masters Invitational;1;Qualifying;Benjamin Sisko;72541;Star Trek - Federation;2;179;0;536;60;581;536
2026;2026-09-18;The Nexus Bowl;tournament;Geek Masters Invitational;1;Qualifying;Kathryn Janeway;89565;Star Trek - Federation;2;135;0;450;79;581;450
2026;2026-09-18;The Nexus Bowl;tournament;Geek Masters Invitational;1;Qualifying;Worf;67335;Star Trek - Klingon-Romulan;2;219;0;650;10;581;650
2026;2026-09-18;The Nexus Bowl;tournament;Geek Masters Invitational;1;Qualifying;Gowron;52847;Star Trek - Klingon-Romulan;2;211;0;650;9;581;650
2026;2026-09-18;The Nexus Bowl;tournament;Geek Masters Invitational;1;Qualifying;Commander Sela;97823;Star Trek - Klingon-Romulan;2;190;0;569;47;581;569
2026;2026-09-18;The Nexus Bowl;tournament;Geek Masters Invitational;1;Qualifying;General Chang;80108;Star Trek - Klingon-Romulan;2;195;0;549;58;581;549
2026;2026-09-18;The Nexus Bowl;tournament;Geek Masters Invitational;1;Qualifying;Commander Shepard;85142;Mass Effect - Alliance Crew;2;223;0;645;12;581;645
2026;2026-09-18;The Nexus Bowl;tournament;Geek Masters Invitational;1;Qualifying;Garrus Vakarian;58180;Mass Effect - Alliance Crew;2;197;0;589;35;581;589
2026;2026-09-18;The Nexus Bowl;tournament;Geek Masters Invitational;1;Qualifying;Liara T'Soni;74807;Mass Effect - Alliance Crew;2;181;0;563;52;581;563
2026;2026-09-18;The Nexus Bowl;tournament;Geek Masters Invitational;1;Qualifying;Tali'Zorah;55164;Mass Effect - Alliance Crew;2;173;0;562;54;581;562
2026;2026-09-18;The Nexus Bowl;tournament;Geek Masters Invitational;1;Qualifying;Illusive Man;86178;Mass Effect - Cerberus-Reapers;2;210;0;666;5;581;666
2026;2026-09-18;The Nexus Bowl;tournament;Geek Masters Invitational;1;Qualifying;Harbinger;69213;Mass Effect - Cerberus-Reapers;2;207;0;632;16;581;632
2026;2026-09-18;The Nexus Bowl;tournament;Geek Masters Invitational;1;Qualifying;Kai Leng;91198;Mass Effect - Cerberus-Reapers;2;183;0;550;57;581;550
2026;2026-09-18;The Nexus Bowl;tournament;Geek Masters Invitational;1;Qualifying;Saren Arterius;90535;Mass Effect - Cerberus-Reapers;2;195;0;576;42;581;576
2026;2026-09-18;The Nexus Bowl;tournament;Geek Masters Invitational;1;Qualifying;Roboute Guilliman;73700;Warhammer 40K - Imperium;2;212;0;618;21;581;618
2026;2026-09-18;The Nexus Bowl;tournament;Geek Masters Invitational;1;Qualifying;Marneus Calgar;87837;Warhammer 40K - Imperium;2;213;0;612;24;581;612
2026;2026-09-18;The Nexus Bowl;tournament;Geek Masters Invitational;1;Qualifying;Saint Celestine;62601;Warhammer 40K - Imperium;2;194;0;567;49;581;567
2026;2026-09-18;The Nexus Bowl;tournament;Geek Masters Invitational;1;Qualifying;Inquisitor Eisenhorn;96174;Warhammer 40K - Imperium;2;163;0;478;74;581;478
2026;2026-09-18;The Nexus Bowl;tournament;Geek Masters Invitational;1;Qualifying;Abaddon the Despoiler;54558;Warhammer 40K - Chaos;2;203;0;651;8;581;651
2026;2026-09-18;The Nexus Bowl;tournament;Geek Masters Invitational;1;Qualifying;Magnus the Red;53003;Warhammer 40K - Chaos;2;194;0;575;43;581;575
2026;2026-09-18;The Nexus Bowl;tournament;Geek Masters Invitational;1;Qualifying;Ahriman;93336;Warhammer 40K - Chaos;2;191;0;562;53;581;562
2026;2026-09-18;The Nexus Bowl;tournament;Geek Masters Invitational;1;Qualifying;Kharn the Betrayer;64935;Warhammer 40K - Chaos;2;167;0;486;72;581;486
2026;2026-09-18;The Nexus Bowl;tournament;Geek Masters Invitational;1;Qualifying;Mickey Mouse;68965;Disney Characters - Heroes;2;198;0;623;18;581;623
2026;2026-09-18;The Nexus Bowl;tournament;Geek Masters Invitational;1;Qualifying;Mulan;55229;Disney Characters - Heroes;2;185;0;581;40;581;581
2026;2026-09-18;The Nexus Bowl;tournament;Geek Masters Invitational;1;Qualifying;Simba;65256;Disney Characters - Heroes;2;210;0;601;32;581;601
2026;2026-09-18;The Nexus Bowl;tournament;Geek Masters Invitational;1;Qualifying;Moana;56619;Disney Characters - Heroes;2;162;0;513;65;581;513
2026;2026-09-18;The Nexus Bowl;tournament;Geek Masters Invitational;1;Qualifying;Maleficent;74911;Disney Characters - Villains;2;219;0;636;13;581;636
2026;2026-09-18;The Nexus Bowl;tournament;Geek Masters Invitational;1;Qualifying;Scar;68217;Disney Characters - Villains;2;199;0;586;36;581;586
2026;2026-09-18;The Nexus Bowl;tournament;Geek Masters Invitational;1;Qualifying;Ursula;79714;Disney Characters - Villains;2;167;0;530;61;581;530
2026;2026-09-18;The Nexus Bowl;tournament;Geek Masters Invitational;1;Qualifying;Jafar;91660;Disney Characters - Villains;2;183;0;505;67;581;505
2026;2026-09-18;The Nexus Bowl;tournament;Geek Masters Invitational;1;Qualifying;Luke Skywalker;91905;Star Wars - Jedi Order;3;210;0;890;2;775;890
2026;2026-09-18;The Nexus Bowl;tournament;Geek Masters Invitational;1;Qualifying;Obi-Wan Kenobi;57296;Star Wars - Jedi Order;3;193;0;750;50;775;750
2026;2026-09-18;The Nexus Bowl;tournament;Geek Masters Invitational;1;Qualifying;Ahsoka Tano;51639;Star Wars - Jedi Order;3;206;0;820;23;775;820
2026;2026-09-18;The Nexus Bowl;tournament;Geek Masters Invitational;1;Qualifying;Mace Windu;98598;Star Wars - Jedi Order;3;170;0;691;64;775;691
2026;2026-09-18;The Nexus Bowl;tournament;Geek Masters Invitational;1;Qualifying;Darth Vader;68024;Star Wars - Sith Empire;3;209;0;805;30;775;805
2026;2026-09-18;The Nexus Bowl;tournament;Geek Masters Invitational;1;Qualifying;Emperor Palpatine;66049;Star Wars - Sith Empire;3;204;0;813;25;775;813
2026;2026-09-18;The Nexus Bowl;tournament;Geek Masters Invitational;1;Qualifying;Darth Maul;64628;Star Wars - Sith Empire;3;172;0;736;56;775;736
2026;2026-09-18;The Nexus Bowl;tournament;Geek Masters Invitational;1;Qualifying;Count Dooku;59144;Star Wars - Sith Empire;3;160;0;660;71;775;660
2026;2026-09-18;The Nexus Bowl;tournament;Geek Masters Invitational;1;Qualifying;Gandalf;98265;Lord of the Rings - Free Peoples;3;208;0;869;7;775;869
2026;2026-09-18;The Nexus Bowl;tournament;Geek Masters Invitational;1;Qualifying;Aragorn;56717;Lord of the Rings - Free Peoples;3;199;0;809;26;775;809
2026;2026-09-18;The Nexus Bowl;tournament;Geek Masters Invitational;1;Qualifying;Legolas;94348;Lord of the Rings - Free Peoples;3;170;0;733;57;775;733
2026;2026-09-18;The Nexus Bowl;tournament;Geek Masters Invitational;1;Qualifying;Gimli;98540;Lord of the Rings - Free Peoples;3;166;0;632;76;775;632
2026;2026-09-18;The Nexus Bowl;tournament;Geek Masters Invitational;1;Qualifying;Sauron;85741;Lord of the Rings - Forces of Mordor;3;221;0;904;1;775;904
2026;2026-09-18;The Nexus Bowl;tournament;Geek Masters Invitational;1;Qualifying;Witch-king;55697;Lord of the Rings - Forces of Mordor;3;185;0;742;54;775;742
2026;2026-09-18;The Nexus Bowl;tournament;Geek Masters Invitational;1;Qualifying;Saruman;88698;Lord of the Rings - Forces of Mordor;3;192;0;774;42;775;774
2026;2026-09-18;The Nexus Bowl;tournament;Geek Masters Invitational;1;Qualifying;Uruk-hai Lurtz;77651;Lord of the Rings - Forces of Mordor;3;182;0;689;65;775;689
2026;2026-09-18;The Nexus Bowl;tournament;Geek Masters Invitational;1;Qualifying;Harry Potter;52082;Harry Potter - Order of the Phoenix;3;235;0;869;9;775;869
2026;2026-09-18;The Nexus Bowl;tournament;Geek Masters Invitational;1;Qualifying;Hermione Granger;51952;Harry Potter - Order of the Phoenix;3;201;0;857;11;775;857
2026;2026-09-18;The Nexus Bowl;tournament;Geek Masters Invitational;1;Qualifying;Albus Dumbledore;56140;Harry Potter - Order of the Phoenix;3;192;0;688;66;775;688
2026;2026-09-18;The Nexus Bowl;tournament;Geek Masters Invitational;1;Qualifying;Severus Snape;64328;Harry Potter - Order of the Phoenix;3;186;0;673;70;775;673
2026;2026-09-18;The Nexus Bowl;tournament;Geek Masters Invitational;1;Qualifying;Lord Voldemort;65247;Harry Potter - Death Eaters;3;223;0;870;6;775;870
2026;2026-09-18;The Nexus Bowl;tournament;Geek Masters Invitational;1;Qualifying;Bellatrix Lestrange;83118;Harry Potter - Death Eaters;3;192;0;759;47;775;759
2026;2026-09-18;The Nexus Bowl;tournament;Geek Masters Invitational;1;Qualifying;Lucius Malfoy;89453;Harry Potter - Death Eaters;3;189;0;717;60;775;717
2026;2026-09-18;The Nexus Bowl;tournament;Geek Masters Invitational;1;Qualifying;Barty Crouch Jr.;51739;Harry Potter - Death Eaters;3;153;0;633;75;775;633
2026;2026-09-18;The Nexus Bowl;tournament;Geek Masters Invitational;1;Qualifying;Jon Snow;86781;Game of Thrones - Stark-Targaryen Alliance;3;218;0;885;3;775;885
2026;2026-09-18;The Nexus Bowl;tournament;Geek Masters Invitational;1;Qualifying;Daenerys Targaryen;63031;Game of Thrones - Stark-Targaryen Alliance;3;199;0;799;31;775;799
2026;2026-09-18;The Nexus Bowl;tournament;Geek Masters Invitational;1;Qualifying;Arya Stark;96925;Game of Thrones - Stark-Targaryen Alliance;3;192;0;711;62;775;711
2026;2026-09-18;The Nexus Bowl;tournament;Geek Masters Invitational;1;Qualifying;Bran Stark;92590;Game of Thrones - Stark-Targaryen Alliance;3;158;0;619;78;775;619
2026;2026-09-18;The Nexus Bowl;tournament;Geek Masters Invitational;1;Qualifying;Cersei Lannister;95962;Game of Thrones - Lannister-Crown;3;212;0;843;14;775;843
2026;2026-09-18;The Nexus Bowl;tournament;Geek Masters Invitational;1;Qualifying;Jaime Lannister;85713;Game of Thrones - Lannister-Crown;3;203;0;806;28;775;806
2026;2026-09-18;The Nexus Bowl;tournament;Geek Masters Invitational;1;Qualifying;Tywin Lannister;77493;Game of Thrones - Lannister-Crown;3;189;0;798;33;775;798
2026;2026-09-18;The Nexus Bowl;tournament;Geek Masters Invitational;1;Qualifying;The Mountain;64446;Game of Thrones - Lannister-Crown;3;184;0;682;68;775;682
2026;2026-09-18;The Nexus Bowl;tournament;Geek Masters Invitational;1;Qualifying;Kyle Katarn;79439;LucasArts Games - Jedi Knight Era;3;212;0;832;17;775;832
2026;2026-09-18;The Nexus Bowl;tournament;Geek Masters Invitational;1;Qualifying;Mara Jade;88618;LucasArts Games - Jedi Knight Era;3;209;0;787;35;775;787
2026;2026-09-18;The Nexus Bowl;tournament;Geek Masters Invitational;1;Qualifying;Jaden Korr;68231;LucasArts Games - Jedi Knight Era;3;196;0;766;45;775;766
2026;2026-09-18;The Nexus Bowl;tournament;Geek Masters Invitational;1;Qualifying;Jan Ors;50425;LucasArts Games - Jedi Knight Era;3;208;0;749;51;775;749
2026;2026-09-18;The Nexus Bowl;tournament;Geek Masters Invitational;1;Qualifying;Guybrush Threepwood;99729;LucasArts Games - Monkey Island & Legacy;3;153;0;869;8;775;869
2026;2026-09-18;The Nexus Bowl;tournament;Geek Masters Invitational;1;Qualifying;LeChuck;60463;LucasArts Games - Monkey Island & Legacy;3;211;0;830;18;775;830
2026;2026-09-18;The Nexus Bowl;tournament;Geek Masters Invitational;1;Qualifying;Elaine Marley;95753;LucasArts Games - Monkey Island & Legacy;3;185;0;757;48;775;757
2026;2026-09-18;The Nexus Bowl;tournament;Geek Masters Invitational;1;Qualifying;Manny Calavera;77696;LucasArts Games - Monkey Island & Legacy;3;166;0;635;74;775;635
2026;2026-09-18;The Nexus Bowl;tournament;Geek Masters Invitational;1;Qualifying;Paul Atreides;72298;Dune - House Atreides;3;204;0;787;36;775;787
2026;2026-09-18;The Nexus Bowl;tournament;Geek Masters Invitational;1;Qualifying;Lady Jessica;68210;Dune - House Atreides;3;194;0;775;40;775;775
2026;2026-09-18;The Nexus Bowl;tournament;Geek Masters Invitational;1;Qualifying;Duncan Idaho;60189;Dune - House Atreides;3;204;0;775;39;775;775
2026;2026-09-18;The Nexus Bowl;tournament;Geek Masters Invitational;1;Qualifying;Gurney Halleck;64110;Dune - House Atreides;3;183;0;656;72;775;656
2026;2026-09-18;The Nexus Bowl;tournament;Geek Masters Invitational;1;Qualifying;Baron Harkonnen;72059;Dune - Harkonnen-Sardaukar;3;196;0;798;32;775;798
2026;2026-09-18;The Nexus Bowl;tournament;Geek Masters Invitational;1;Qualifying;Feyd-Rautha;56698;Dune - Harkonnen-Sardaukar;3;202;0;807;27;775;807
2026;2026-09-18;The Nexus Bowl;tournament;Geek Masters Invitational;1;Qualifying;Count Fenring;56078;Dune - Harkonnen-Sardaukar;3;202;0;805;29;775;805
2026;2026-09-18;The Nexus Bowl;tournament;Geek Masters Invitational;1;Qualifying;Glossu Rabban;74898;Dune - Harkonnen-Sardaukar;3;166;0;608;79;775;608
2026;2026-09-18;The Nexus Bowl;tournament;Geek Masters Invitational;1;Qualifying;Jean-Luc Picard;56338;Star Trek - Federation;3;220;0;853;12;775;853
2026;2026-09-18;The Nexus Bowl;tournament;Geek Masters Invitational;1;Qualifying;Spock;73526;Star Trek - Federation;3;212;0;826;22;775;826
2026;2026-09-18;The Nexus Bowl;tournament;Geek Masters Invitational;1;Qualifying;Benjamin Sisko;72541;Star Trek - Federation;3;179;0;715;61;775;715
2026;2026-09-18;The Nexus Bowl;tournament;Geek Masters Invitational;1;Qualifying;Kathryn Janeway;89565;Star Trek - Federation;3;149;0;599;80;775;599
2026;2026-09-18;The Nexus Bowl;tournament;Geek Masters Invitational;1;Qualifying;Worf;67335;Star Trek - Klingon-Romulan;3;221;0;871;5;775;871
2026;2026-09-18;The Nexus Bowl;tournament;Geek Masters Invitational;1;Qualifying;Gowron;52847;Star Trek - Klingon-Romulan;3;194;0;844;13;775;844
2026;2026-09-18;The Nexus Bowl;tournament;Geek Masters Invitational;1;Qualifying;Commander Sela;97823;Star Trek - Klingon-Romulan;3;169;0;738;55;775;738
2026;2026-09-18;The Nexus Bowl;tournament;Geek Masters Invitational;1;Qualifying;General Chang;80108;Star Trek - Klingon-Romulan;3;202;0;751;49;775;751
2026;2026-09-18;The Nexus Bowl;tournament;Geek Masters Invitational;1;Qualifying;Commander Shepard;85142;Mass Effect - Alliance Crew;3;213;0;858;10;775;858
2026;2026-09-18;The Nexus Bowl;tournament;Geek Masters Invitational;1;Qualifying;Garrus Vakarian;58180;Mass Effect - Alliance Crew;3;194;0;783;37;775;783
2026;2026-09-18;The Nexus Bowl;tournament;Geek Masters Invitational;1;Qualifying;Liara T'Soni;74807;Mass Effect - Alliance Crew;3;183;0;746;52;775;746
2026;2026-09-18;The Nexus Bowl;tournament;Geek Masters Invitational;1;Qualifying;Tali'Zorah;55164;Mass Effect - Alliance Crew;3;214;0;776;38;775;776
2026;2026-09-18;The Nexus Bowl;tournament;Geek Masters Invitational;1;Qualifying;Illusive Man;86178;Mass Effect - Cerberus-Reapers;3;211;0;877;4;775;877
2026;2026-09-18;The Nexus Bowl;tournament;Geek Masters Invitational;1;Qualifying;Harbinger;69213;Mass Effect - Cerberus-Reapers;3;195;0;827;21;775;827
2026;2026-09-18;The Nexus Bowl;tournament;Geek Masters Invitational;1;Qualifying;Kai Leng;91198;Mass Effect - Cerberus-Reapers;3;179;0;729;59;775;729
2026;2026-09-18;The Nexus Bowl;tournament;Geek Masters Invitational;1;Qualifying;Saren Arterius;90535;Mass Effect - Cerberus-Reapers;3;168;0;744;53;775;744
2026;2026-09-18;The Nexus Bowl;tournament;Geek Masters Invitational;1;Qualifying;Roboute Guilliman;73700;Warhammer 40K - Imperium;3;210;0;828;20;775;828
2026;2026-09-18;The Nexus Bowl;tournament;Geek Masters Invitational;1;Qualifying;Marneus Calgar;87837;Warhammer 40K - Imperium;3;202;0;814;24;775;814
2026;2026-09-18;The Nexus Bowl;tournament;Geek Masters Invitational;1;Qualifying;Saint Celestine;62601;Warhammer 40K - Imperium;3;197;0;764;46;775;764
2026;2026-09-18;The Nexus Bowl;tournament;Geek Masters Invitational;1;Qualifying;Inquisitor Eisenhorn;96174;Warhammer 40K - Imperium;3;153;0;631;77;775;631
2026;2026-09-18;The Nexus Bowl;tournament;Geek Masters Invitational;1;Qualifying;Abaddon the Despoiler;54558;Warhammer 40K - Chaos;3;191;0;842;15;775;842
2026;2026-09-18;The Nexus Bowl;tournament;Geek Masters Invitational;1;Qualifying;Magnus the Red;53003;Warhammer 40K - Chaos;3;195;0;770;44;775;770
2026;2026-09-18;The Nexus Bowl;tournament;Geek Masters Invitational;1;Qualifying;Ahriman;93336;Warhammer 40K - Chaos;3;168;0;730;58;775;730
2026;2026-09-18;The Nexus Bowl;tournament;Geek Masters Invitational;1;Qualifying;Kharn the Betrayer;64935;Warhammer 40K - Chaos;3;154;0;640;73;775;640
2026;2026-09-18;The Nexus Bowl;tournament;Geek Masters Invitational;1;Qualifying;Mickey Mouse;68965;Disney Characters - Heroes;3;219;0;842;16;775;842
2026;2026-09-18;The Nexus Bowl;tournament;Geek Masters Invitational;1;Qualifying;Mulan;55229;Disney Characters - Heroes;3;194;0;775;41;775;775
2026;2026-09-18;The Nexus Bowl;tournament;Geek Masters Invitational;1;Qualifying;Simba;65256;Disney Characters - Heroes;3;193;0;794;34;775;794
2026;2026-09-18;The Nexus Bowl;tournament;Geek Masters Invitational;1;Qualifying;Moana;56619;Disney Characters - Heroes;3;165;0;678;69;775;678
2026;2026-09-18;The Nexus Bowl;tournament;Geek Masters Invitational;1;Qualifying;Maleficent;74911;Disney Characters - Villains;3;192;0;828;19;775;828
2026;2026-09-18;The Nexus Bowl;tournament;Geek Masters Invitational;1;Qualifying;Scar;68217;Disney Characters - Villains;3;186;0;772;43;775;772
2026;2026-09-18;The Nexus Bowl;tournament;Geek Masters Invitational;1;Qualifying;Ursula;79714;Disney Characters - Villains;3;165;0;695;63;775;695
2026;2026-09-18;The Nexus Bowl;tournament;Geek Masters Invitational;1;Qualifying;Jafar;91660;Disney Characters - Villains;3;179;0;684;67;775;684
2026;2026-09-18;The Nexus Bowl;tournament;Geek Masters Invitational;1;Qualifying;Luke Skywalker;91905;Star Wars - Jedi Order;4;230;0;1120;2;976;1120
2026;2026-09-18;The Nexus Bowl;tournament;Geek Masters Invitational;1;Qualifying;Obi-Wan Kenobi;57296;Star Wars - Jedi Order;4;157;0;907;60;976;907
2026;2026-09-18;The Nexus Bowl;tournament;Geek Masters Invitational;1;Qualifying;Ahsoka Tano;51639;Star Wars - Jedi Order;4;200;0;1020;22;976;1020
2026;2026-09-18;The Nexus Bowl;tournament;Geek Masters Invitational;1;Qualifying;Mace Windu;98598;Star Wars - Jedi Order;4;226;0;917;57;976;917
2026;2026-09-18;The Nexus Bowl;tournament;Geek Masters Invitational;1;Qualifying;Darth Vader;68024;Star Wars - Sith Empire;4;210;0;1015;24;976;1015
2026;2026-09-18;The Nexus Bowl;tournament;Geek Masters Invitational;1;Qualifying;Emperor Palpatine;66049;Star Wars - Sith Empire;4;197;0;1010;27;976;1010
2026;2026-09-18;The Nexus Bowl;tournament;Geek Masters Invitational;1;Qualifying;Darth Maul;64628;Star Wars - Sith Empire;4;168;0;904;62;976;904
2026;2026-09-18;The Nexus Bowl;tournament;Geek Masters Invitational;1;Qualifying;Count Dooku;59144;Star Wars - Sith Empire;4;164;0;824;72;976;824
2026;2026-09-18;The Nexus Bowl;tournament;Geek Masters Invitational;1;Qualifying;Gandalf;98265;Lord of the Rings - Free Peoples;4;200;0;1069;9;976;1069
2026;2026-09-18;The Nexus Bowl;tournament;Geek Masters Invitational;1;Qualifying;Aragorn;56717;Lord of the Rings - Free Peoples;4;199;0;1008;28;976;1008
2026;2026-09-18;The Nexus Bowl;tournament;Geek Masters Invitational;1;Qualifying;Legolas;94348;Lord of the Rings - Free Peoples;4;209;0;942;49;976;942
2026;2026-09-18;The Nexus Bowl;tournament;Geek Masters Invitational;1;Qualifying;Gimli;98540;Lord of the Rings - Free Peoples;4;157;0;789;78;976;789
2026;2026-09-18;The Nexus Bowl;tournament;Geek Masters Invitational;1;Qualifying;Sauron;85741;Lord of the Rings - Forces of Mordor;4;221;0;1125;1;976;1125
2026;2026-09-18;The Nexus Bowl;tournament;Geek Masters Invitational;1;Qualifying;Witch-king;55697;Lord of the Rings - Forces of Mordor;4;189;0;931;53;976;931
2026;2026-09-18;The Nexus Bowl;tournament;Geek Masters Invitational;1;Qualifying;Saruman;88698;Lord of the Rings - Forces of Mordor;4;198;0;972;41;976;972
2026;2026-09-18;The Nexus Bowl;tournament;Geek Masters Invitational;1;Qualifying;Uruk-hai Lurtz;77651;Lord of the Rings - Forces of Mordor;4;171;0;860;66;976;860
2026;2026-09-18;The Nexus Bowl;tournament;Geek Masters Invitational;1;Qualifying;Harry Potter;52082;Harry Potter - Order of the Phoenix;4;237;0;1106;4;976;1106
2026;2026-09-18;The Nexus Bowl;tournament;Geek Masters Invitational;1;Qualifying;Hermione Granger;51952;Harry Potter - Order of the Phoenix;4;194;0;1051;14;976;1051
2026;2026-09-18;The Nexus Bowl;tournament;Geek Masters Invitational;1;Qualifying;Albus Dumbledore;56140;Harry Potter - Order of the Phoenix;4;170;0;858;67;976;858
2026;2026-09-18;The Nexus Bowl;tournament;Geek Masters Invitational;1;Qualifying;Severus Snape;64328;Harry Potter - Order of the Phoenix;4;159;0;832;71;976;832
2026;2026-09-18;The Nexus Bowl;tournament;Geek Masters Invitational;1;Qualifying;Lord Voldemort;65247;Harry Potter - Death Eaters;4;226;0;1096;6;976;1096
2026;2026-09-18;The Nexus Bowl;tournament;Geek Masters Invitational;1;Qualifying;Bellatrix Lestrange;83118;Harry Potter - Death Eaters;4;193;0;952;47;976;952
2026;2026-09-18;The Nexus Bowl;tournament;Geek Masters Invitational;1;Qualifying;Lucius Malfoy;89453;Harry Potter - Death Eaters;4;189;0;906;61;976;906
2026;2026-09-18;The Nexus Bowl;tournament;Geek Masters Invitational;1;Qualifying;Barty Crouch Jr.;51739;Harry Potter - Death Eaters;4;166;0;799;77;976;799
2026;2026-09-18;The Nexus Bowl;tournament;Geek Masters Invitational;1;Qualifying;Jon Snow;86781;Game of Thrones - Stark-Targaryen Alliance;4;214;0;1099;5;976;1099
2026;2026-09-18;The Nexus Bowl;tournament;Geek Masters Invitational;1;Qualifying;Daenerys Targaryen;63031;Game of Thrones - Stark-Targaryen Alliance;4;205;0;1004;29;976;1004
2026;2026-09-18;The Nexus Bowl;tournament;Geek Masters Invitational;1;Qualifying;Arya Stark;96925;Game of Thrones - Stark-Targaryen Alliance;4;177;0;888;63;976;888
2026;2026-09-18;The Nexus Bowl;tournament;Geek Masters Invitational;1;Qualifying;Bran Stark;92590;Game of Thrones - Stark-Targaryen Alliance;4;181;0;800;76;976;800
2026;2026-09-18;The Nexus Bowl;tournament;Geek Masters Invitational;1;Qualifying;Cersei Lannister;95962;Game of Thrones - Lannister-Crown;4;195;0;1038;18;976;1038
2026;2026-09-18;The Nexus Bowl;tournament;Geek Masters Invitational;1;Qualifying;Jaime Lannister;85713;Game of Thrones - Lannister-Crown;4;195;0;1001;31;976;1001
2026;2026-09-18;The Nexus Bowl;tournament;Geek Masters Invitational;1;Qualifying;Tywin Lannister;77493;Game of Thrones - Lannister-Crown;4;187;0;985;36;976;985
2026;2026-09-18;The Nexus Bowl;tournament;Geek Masters Invitational;1;Qualifying;The Mountain;64446;Game of Thrones - Lannister-Crown;4;175;0;857;68;976;857
2026;2026-09-18;The Nexus Bowl;tournament;Geek Masters Invitational;1;Qualifying;Kyle Katarn;79439;LucasArts Games - Jedi Knight Era;4;190;0;1022;21;976;1022
2026;2026-09-18;The Nexus Bowl;tournament;Geek Masters Invitational;1;Qualifying;Mara Jade;88618;LucasArts Games - Jedi Knight Era;4;196;0;983;38;976;983
2026;2026-09-18;The Nexus Bowl;tournament;Geek Masters Invitational;1;Qualifying;Jaden Korr;68231;LucasArts Games - Jedi Knight Era;4;192;0;958;43;976;958
2026;2026-09-18;The Nexus Bowl;tournament;Geek Masters Invitational;1;Qualifying;Jan Ors;50425;LucasArts Games - Jedi Knight Era;4;179;0;928;54;976;928
2026;2026-09-18;The Nexus Bowl;tournament;Geek Masters Invitational;1;Qualifying;Guybrush Threepwood;99729;LucasArts Games - Monkey Island & Legacy;4;181;0;1050;15;976;1050
2026;2026-09-18;The Nexus Bowl;tournament;Geek Masters Invitational;1;Qualifying;LeChuck;60463;LucasArts Games - Monkey Island & Legacy;4;208;0;1038;19;976;1038
2026;2026-09-18;The Nexus Bowl;tournament;Geek Masters Invitational;1;Qualifying;Elaine Marley;95753;LucasArts Games - Monkey Island & Legacy;4;190;0;947;48;976;947
2026;2026-09-18;The Nexus Bowl;tournament;Geek Masters Invitational;1;Qualifying;Manny Calavera;77696;LucasArts Games - Monkey Island & Legacy;4;177;0;812;73;976;812
2026;2026-09-18;The Nexus Bowl;tournament;Geek Masters Invitational;1;Qualifying;Paul Atreides;72298;Dune - House Atreides;4;208;0;995;32;976;995
2026;2026-09-18;The Nexus Bowl;tournament;Geek Masters Invitational;1;Qualifying;Lady Jessica;68210;Dune - House Atreides;4;208;0;983;37;976;983
2026;2026-09-18;The Nexus Bowl;tournament;Geek Masters Invitational;1;Qualifying;Duncan Idaho;60189;Dune - House Atreides;4;213;0;988;34;976;988
2026;2026-09-18;The Nexus Bowl;tournament;Geek Masters Invitational;1;Qualifying;Gurney Halleck;64110;Dune - House Atreides;4;192;0;848;69;976;848
2026;2026-09-18;The Nexus Bowl;tournament;Geek Masters Invitational;1;Qualifying;Baron Harkonnen;72059;Dune - Harkonnen-Sardaukar;4;212;0;1010;26;976;1010
2026;2026-09-18;The Nexus Bowl;tournament;Geek Masters Invitational;1;Qualifying;Feyd-Rautha;56698;Dune - Harkonnen-Sardaukar;4;194;0;1001;30;976;1001
2026;2026-09-18;The Nexus Bowl;tournament;Geek Masters Invitational;1;Qualifying;Count Fenring;56078;Dune - Harkonnen-Sardaukar;4;185;0;990;33;976;990
2026;2026-09-18;The Nexus Bowl;tournament;Geek Masters Invitational;1;Qualifying;Glossu Rabban;74898;Dune - Harkonnen-Sardaukar;4;174;0;782;79;976;782
2026;2026-09-18;The Nexus Bowl;tournament;Geek Masters Invitational;1;Qualifying;Jean-Luc Picard;56338;Star Trek - Federation;4;214;0;1067;10;976;1067
2026;2026-09-18;The Nexus Bowl;tournament;Geek Masters Invitational;1;Qualifying;Spock;73526;Star Trek - Federation;4;193;0;1019;23;976;1019
2026;2026-09-18;The Nexus Bowl;tournament;Geek Masters Invitational;1;Qualifying;Benjamin Sisko;72541;Star Trek - Federation;4;195;0;910;58;976;910
2026;2026-09-18;The Nexus Bowl;tournament;Geek Masters Invitational;1;Qualifying;Kathryn Janeway;89565;Star Trek - Federation;4;178;0;777;80;976;777
2026;2026-09-18;The Nexus Bowl;tournament;Geek Masters Invitational;1;Qualifying;Worf;67335;Star Trek - Klingon-Romulan;4;215;0;1086;7;976;1086
2026;2026-09-18;The Nexus Bowl;tournament;Geek Masters Invitational;1;Qualifying;Gowron;52847;Star Trek - Klingon-Romulan;4;220;0;1064;11;976;1064
2026;2026-09-18;The Nexus Bowl;tournament;Geek Masters Invitational;1;Qualifying;Commander Sela;97823;Star Trek - Klingon-Romulan;4;181;0;919;55;976;919
2026;2026-09-18;The Nexus Bowl;tournament;Geek Masters Invitational;1;Qualifying;General Chang;80108;Star Trek - Klingon-Romulan;4;180;0;931;51;976;931
2026;2026-09-18;The Nexus Bowl;tournament;Geek Masters Invitational;1;Qualifying;Commander Shepard;85142;Mass Effect - Alliance Crew;4;227;0;1085;8;976;1085
2026;2026-09-18;The Nexus Bowl;tournament;Geek Masters Invitational;1;Qualifying;Garrus Vakarian;58180;Mass Effect - Alliance Crew;4;197;0;980;39;976;980
2026;2026-09-18;The Nexus Bowl;tournament;Geek Masters Invitational;1;Qualifying;Liara T'Soni;74807;Mass Effect - Alliance Crew;4;185;0;931;52;976;931
2026;2026-09-18;The Nexus Bowl;tournament;Geek Masters Invitational;1;Qualifying;Tali'Zorah;55164;Mass Effect - Alliance Crew;4;158;0;934;50;976;934
2026;2026-09-18;The Nexus Bowl;tournament;Geek Masters Invitational;1;Qualifying;Illusive Man;86178;Mass Effect - Cerberus-Reapers;4;240;0;1117;3;976;1117
2026;2026-09-18;The Nexus Bowl;tournament;Geek Masters Invitational;1;Qualifying;Harbinger;69213;Mass Effect - Cerberus-Reapers;4;218;0;1045;17;976;1045
2026;2026-09-18;The Nexus Bowl;tournament;Geek Masters Invitational;1;Qualifying;Kai Leng;91198;Mass Effect - Cerberus-Reapers;4;180;0;909;59;976;909
2026;2026-09-18;The Nexus Bowl;tournament;Geek Masters Invitational;1;Qualifying;Saren Arterius;90535;Mass Effect - Cerberus-Reapers;4;212;0;956;44;976;956
2026;2026-09-18;The Nexus Bowl;tournament;Geek Masters Invitational;1;Qualifying;Roboute Guilliman;73700;Warhammer 40K - Imperium;4;186;0;1014;25;976;1014
2026;2026-09-18;The Nexus Bowl;tournament;Geek Masters Invitational;1;Qualifying;Marneus Calgar;87837;Warhammer 40K - Imperium;4;214;0;1028;20;976;1028
2026;2026-09-18;The Nexus Bowl;tournament;Geek Masters Invitational;1;Qualifying;Saint Celestine;62601;Warhammer 40K - Imperium;4;191;0;955;46;976;955
2026;2026-09-18;The Nexus Bowl;tournament;Geek Masters Invitational;1;Qualifying;Inquisitor Eisenhorn;96174;Warhammer 40K - Imperium;4;177;0;808;74;976;808
2026;2026-09-18;The Nexus Bowl;tournament;Geek Masters Invitational;1;Qualifying;Abaddon the Despoiler;54558;Warhammer 40K - Chaos;4;207;0;1049;16;976;1049
2026;2026-09-18;The Nexus Bowl;tournament;Geek Masters Invitational;1;Qualifying;Magnus the Red;53003;Warhammer 40K - Chaos;4;206;0;976;40;976;976
2026;2026-09-18;The Nexus Bowl;tournament;Geek Masters Invitational;1;Qualifying;Ahriman;93336;Warhammer 40K - Chaos;4;187;0;917;56;976;917
2026;2026-09-18;The Nexus Bowl;tournament;Geek Masters Invitational;1;Qualifying;Kharn the Betrayer;64935;Warhammer 40K - Chaos;4;161;0;801;75;976;801
2026;2026-09-18;The Nexus Bowl;tournament;Geek Masters Invitational;1;Qualifying;Mickey Mouse;68965;Disney Characters - Heroes;4;220;0;1062;12;976;1062
2026;2026-09-18;The Nexus Bowl;tournament;Geek Masters Invitational;1;Qualifying;Mulan;55229;Disney Characters - Heroes;4;180;0;955;45;976;955
2026;2026-09-18;The Nexus Bowl;tournament;Geek Masters Invitational;1;Qualifying;Simba;65256;Disney Characters - Heroes;4;193;0;987;35;976;987
2026;2026-09-18;The Nexus Bowl;tournament;Geek Masters Invitational;1;Qualifying;Moana;56619;Disney Characters - Heroes;4;160;0;838;70;976;838
2026;2026-09-18;The Nexus Bowl;tournament;Geek Masters Invitational;1;Qualifying;Maleficent;74911;Disney Characters - Villains;4;231;0;1059;13;976;1059
2026;2026-09-18;The Nexus Bowl;tournament;Geek Masters Invitational;1;Qualifying;Scar;68217;Disney Characters - Villains;4;190;0;962;42;976;962
2026;2026-09-18;The Nexus Bowl;tournament;Geek Masters Invitational;1;Qualifying;Ursula;79714;Disney Characters - Villains;4;185;0;880;64;976;880
2026;2026-09-18;The Nexus Bowl;tournament;Geek Masters Invitational;1;Qualifying;Jafar;91660;Disney Characters - Villains;4;178;0;862;65;976;862
2026;2026-09-18;The Nexus Bowl;tournament;Geek Masters Invitational;1;Qualifying;Luke Skywalker;91905;Star Wars - Jedi Order;5;229;0;1349;2;1173;1349
2026;2026-09-18;The Nexus Bowl;tournament;Geek Masters Invitational;1;Qualifying;Obi-Wan Kenobi;57296;Star Wars - Jedi Order;5;207;0;1114;55;1173;1114
2026;2026-09-18;The Nexus Bowl;tournament;Geek Masters Invitational;1;Qualifying;Ahsoka Tano;51639;Star Wars - Jedi Order;5;210;0;1230;22;1173;1230
2026;2026-09-18;The Nexus Bowl;tournament;Geek Masters Invitational;1;Qualifying;Mace Windu;98598;Star Wars - Jedi Order;5;189;0;1106;59;1173;1106
2026;2026-09-18;The Nexus Bowl;tournament;Geek Masters Invitational;1;Qualifying;Darth Vader;68024;Star Wars - Sith Empire;5;214;0;1229;23;1173;1229
2026;2026-09-18;The Nexus Bowl;tournament;Geek Masters Invitational;1;Qualifying;Emperor Palpatine;66049;Star Wars - Sith Empire;5;191;0;1201;30;1173;1201
2026;2026-09-18;The Nexus Bowl;tournament;Geek Masters Invitational;1;Qualifying;Darth Maul;64628;Star Wars - Sith Empire;5;211;0;1115;53;1173;1115
2026;2026-09-18;The Nexus Bowl;tournament;Geek Masters Invitational;1;Qualifying;Count Dooku;59144;Star Wars - Sith Empire;5;166;0;990;71;1173;990
2026;2026-09-18;The Nexus Bowl;tournament;Geek Masters Invitational;1;Qualifying;Gandalf;98265;Lord of the Rings - Free Peoples;5;234;0;1303;9;1173;1303
2026;2026-09-18;The Nexus Bowl;tournament;Geek Masters Invitational;1;Qualifying;Aragorn;56717;Lord of the Rings - Free Peoples;5;186;0;1194;33;1173;1194
2026;2026-09-18;The Nexus Bowl;tournament;Geek Masters Invitational;1;Qualifying;Legolas;94348;Lord of the Rings - Free Peoples;5;165;0;1107;58;1173;1107
2026;2026-09-18;The Nexus Bowl;tournament;Geek Masters Invitational;1;Qualifying;Gimli;98540;Lord of the Rings - Free Peoples;5;177;0;966;75;1173;966
2026;2026-09-18;The Nexus Bowl;tournament;Geek Masters Invitational;1;Qualifying;Sauron;85741;Lord of the Rings - Forces of Mordor;5;236;0;1361;1;1173;1361
2026;2026-09-18;The Nexus Bowl;tournament;Geek Masters Invitational;1;Qualifying;Witch-king;55697;Lord of the Rings - Forces of Mordor;5;177;0;1108;57;1173;1108
2026;2026-09-18;The Nexus Bowl;tournament;Geek Masters Invitational;1;Qualifying;Saruman;88698;Lord of the Rings - Forces of Mordor;5;201;0;1173;40;1173;1173
2026;2026-09-18;The Nexus Bowl;tournament;Geek Masters Invitational;1;Qualifying;Uruk-hai Lurtz;77651;Lord of the Rings - Forces of Mordor;5;137;0;997;70;1173;997
2026;2026-09-18;The Nexus Bowl;tournament;Geek Masters Invitational;1;Qualifying;Harry Potter;52082;Harry Potter - Order of the Phoenix;5;207;0;1313;6;1173;1313
2026;2026-09-18;The Nexus Bowl;tournament;Geek Masters Invitational;1;Qualifying;Hermione Granger;51952;Harry Potter - Order of the Phoenix;5;195;0;1246;17;1173;1246
2026;2026-09-18;The Nexus Bowl;tournament;Geek Masters Invitational;1;Qualifying;Albus Dumbledore;56140;Harry Potter - Order of the Phoenix;5;191;0;1049;65;1173;1049
2026;2026-09-18;The Nexus Bowl;tournament;Geek Masters Invitational;1;Qualifying;Severus Snape;64328;Harry Potter - Order of the Phoenix;5;152;0;984;73;1173;984
2026;2026-09-18;The Nexus Bowl;tournament;Geek Masters Invitational;1;Qualifying;Lord Voldemort;65247;Harry Potter - Death Eaters;5;234;0;1330;4;1173;1330
2026;2026-09-18;The Nexus Bowl;tournament;Geek Masters Invitational;1;Qualifying;Bellatrix Lestrange;83118;Harry Potter - Death Eaters;5;195;0;1147;44;1173;1147
2026;2026-09-18;The Nexus Bowl;tournament;Geek Masters Invitational;1;Qualifying;Lucius Malfoy;89453;Harry Potter - Death Eaters;5;181;0;1087;61;1173;1087
2026;2026-09-18;The Nexus Bowl;tournament;Geek Masters Invitational;1;Qualifying;Barty Crouch Jr.;51739;Harry Potter - Death Eaters;5;146;0;945;79;1173;945
2026;2026-09-18;The Nexus Bowl;tournament;Geek Masters Invitational;1;Qualifying;Jon Snow;86781;Game of Thrones - Stark-Targaryen Alliance;5;206;0;1305;8;1173;1305
2026;2026-09-18;The Nexus Bowl;tournament;Geek Masters Invitational;1;Qualifying;Daenerys Targaryen;63031;Game of Thrones - Stark-Targaryen Alliance;5;205;0;1209;27;1173;1209
2026;2026-09-18;The Nexus Bowl;tournament;Geek Masters Invitational;1;Qualifying;Arya Stark;96925;Game of Thrones - Stark-Targaryen Alliance;5;169;0;1057;63;1173;1057
2026;2026-09-18;The Nexus Bowl;tournament;Geek Masters Invitational;1;Qualifying;Bran Stark;92590;Game of Thrones - Stark-Targaryen Alliance;5;165;0;965;76;1173;965
2026;2026-09-18;The Nexus Bowl;tournament;Geek Masters Invitational;1;Qualifying;Cersei Lannister;95962;Game of Thrones - Lannister-Crown;5;230;0;1268;15;1173;1268
2026;2026-09-18;The Nexus Bowl;tournament;Geek Masters Invitational;1;Qualifying;Jaime Lannister;85713;Game of Thrones - Lannister-Crown;5;201;0;1202;29;1173;1202
2026;2026-09-18;The Nexus Bowl;tournament;Geek Masters Invitational;1;Qualifying;Tywin Lannister;77493;Game of Thrones - Lannister-Crown;5;193;0;1178;36;1173;1178
2026;2026-09-18;The Nexus Bowl;tournament;Geek Masters Invitational;1;Qualifying;The Mountain;64446;Game of Thrones - Lannister-Crown;5;176;0;1033;67;1173;1033
2026;2026-09-18;The Nexus Bowl;tournament;Geek Masters Invitational;1;Qualifying;Kyle Katarn;79439;LucasArts Games - Jedi Knight Era;5;203;0;1225;25;1173;1225
2026;2026-09-18;The Nexus Bowl;tournament;Geek Masters Invitational;1;Qualifying;Mara Jade;88618;LucasArts Games - Jedi Knight Era;5;193;0;1176;38;1173;1176
2026;2026-09-18;The Nexus Bowl;tournament;Geek Masters Invitational;1;Qualifying;Jaden Korr;68231;LucasArts Games - Jedi Knight Era;5;212;0;1170;41;1173;1170
2026;2026-09-18;The Nexus Bowl;tournament;Geek Masters Invitational;1;Qualifying;Jan Ors;50425;LucasArts Games - Jedi Knight Era;5;197;0;1125;50;1173;1125
2026;2026-09-18;The Nexus Bowl;tournament;Geek Masters Invitational;1;Qualifying;Guybrush Threepwood;99729;LucasArts Games - Monkey Island & Legacy;5;199;0;1249;16;1173;1249
2026;2026-09-18;The Nexus Bowl;tournament;Geek Masters Invitational;1;Qualifying;LeChuck;60463;LucasArts Games - Monkey Island & Legacy;5;198;0;1236;19;1173;1236
2026;2026-09-18;The Nexus Bowl;tournament;Geek Masters Invitational;1;Qualifying;Elaine Marley;95753;LucasArts Games - Monkey Island & Legacy;5;188;0;1135;48;1173;1135
2026;2026-09-18;The Nexus Bowl;tournament;Geek Masters Invitational;1;Qualifying;Manny Calavera;77696;LucasArts Games - Monkey Island & Legacy;5;177;0;989;72;1173;989
2026;2026-09-18;The Nexus Bowl;tournament;Geek Masters Invitational;1;Qualifying;Paul Atreides;72298;Dune - House Atreides;5;204;0;1199;31;1173;1199
2026;2026-09-18;The Nexus Bowl;tournament;Geek Masters Invitational;1;Qualifying;Lady Jessica;68210;Dune - House Atreides;5;215;0;1198;32;1173;1198
2026;2026-09-18;The Nexus Bowl;tournament;Geek Masters Invitational;1;Qualifying;Duncan Idaho;60189;Dune - House Atreides;5;201;0;1189;34;1173;1189
2026;2026-09-18;The Nexus Bowl;tournament;Geek Masters Invitational;1;Qualifying;Gurney Halleck;64110;Dune - House Atreides;5;172;0;1020;68;1173;1020
2026;2026-09-18;The Nexus Bowl;tournament;Geek Masters Invitational;1;Qualifying;Baron Harkonnen;72059;Dune - Harkonnen-Sardaukar;5;218;0;1228;24;1173;1228
2026;2026-09-18;The Nexus Bowl;tournament;Geek Masters Invitational;1;Qualifying;Feyd-Rautha;56698;Dune - Harkonnen-Sardaukar;5;203;0;1204;28;1173;1204
2026;2026-09-18;The Nexus Bowl;tournament;Geek Masters Invitational;1;Qualifying;Count Fenring;56078;Dune - Harkonnen-Sardaukar;5;187;0;1177;37;1173;1177
2026;2026-09-18;The Nexus Bowl;tournament;Geek Masters Invitational;1;Qualifying;Glossu Rabban;74898;Dune - Harkonnen-Sardaukar;5;173;0;955;77;1173;955
2026;2026-09-18;The Nexus Bowl;tournament;Geek Masters Invitational;1;Qualifying;Jean-Luc Picard;56338;Star Trek - Federation;5;220;0;1287;11;1173;1287
2026;2026-09-18;The Nexus Bowl;tournament;Geek Masters Invitational;1;Qualifying;Spock;73526;Star Trek - Federation;5;213;0;1232;21;1173;1232
2026;2026-09-18;The Nexus Bowl;tournament;Geek Masters Invitational;1;Qualifying;Benjamin Sisko;72541;Star Trek - Federation;5;187;0;1097;60;1173;1097
2026;2026-09-18;The Nexus Bowl;tournament;Geek Masters Invitational;1;Qualifying;Kathryn Janeway;89565;Star Trek - Federation;5;154;0;931;80;1173;931
2026;2026-09-18;The Nexus Bowl;tournament;Geek Masters Invitational;1;Qualifying;Worf;67335;Star Trek - Klingon-Romulan;5;226;0;1312;7;1173;1312
2026;2026-09-18;The Nexus Bowl;tournament;Geek Masters Invitational;1;Qualifying;Gowron;52847;Star Trek - Klingon-Romulan;5;206;0;1270;14;1173;1270
2026;2026-09-18;The Nexus Bowl;tournament;Geek Masters Invitational;1;Qualifying;Commander Sela;97823;Star Trek - Klingon-Romulan;5;191;0;1110;56;1173;1110
2026;2026-09-18;The Nexus Bowl;tournament;Geek Masters Invitational;1;Qualifying;General Chang;80108;Star Trek - Klingon-Romulan;5;190;0;1121;51;1173;1121
2026;2026-09-18;The Nexus Bowl;tournament;Geek Masters Invitational;1;Qualifying;Commander Shepard;85142;Mass Effect - Alliance Crew;5;230;0;1315;5;1173;1315
2026;2026-09-18;The Nexus Bowl;tournament;Geek Masters Invitational;1;Qualifying;Garrus Vakarian;58180;Mass Effect - Alliance Crew;5;205;0;1185;35;1173;1185
2026;2026-09-18;The Nexus Bowl;tournament;Geek Masters Invitational;1;Qualifying;Liara T'Soni;74807;Mass Effect - Alliance Crew;5;189;0;1120;52;1173;1120
2026;2026-09-18;The Nexus Bowl;tournament;Geek Masters Invitational;1;Qualifying;Tali'Zorah;55164;Mass Effect - Alliance Crew;5;210;0;1144;46;1173;1144
2026;2026-09-18;The Nexus Bowl;tournament;Geek Masters Invitational;1;Qualifying;Illusive Man;86178;Mass Effect - Cerberus-Reapers;5;215;0;1332;3;1173;1332
2026;2026-09-18;The Nexus Bowl;tournament;Geek Masters Invitational;1;Qualifying;Harbinger;69213;Mass Effect - Cerberus-Reapers;5;197;0;1242;18;1173;1242
2026;2026-09-18;The Nexus Bowl;tournament;Geek Masters Invitational;1;Qualifying;Kai Leng;91198;Mass Effect - Cerberus-Reapers;5;173;0;1082;62;1173;1082
2026;2026-09-18;The Nexus Bowl;tournament;Geek Masters Invitational;1;Qualifying;Saren Arterius;90535;Mass Effect - Cerberus-Reapers;5;187;0;1143;47;1173;1143
2026;2026-09-18;The Nexus Bowl;tournament;Geek Masters Invitational;1;Qualifying;Roboute Guilliman;73700;Warhammer 40K - Imperium;5;210;0;1224;26;1173;1224
2026;2026-09-18;The Nexus Bowl;tournament;Geek Masters Invitational;1;Qualifying;Marneus Calgar;87837;Warhammer 40K - Imperium;5;204;0;1232;20;1173;1232
2026;2026-09-18;The Nexus Bowl;tournament;Geek Masters Invitational;1;Qualifying;Saint Celestine;62601;Warhammer 40K - Imperium;5;192;0;1147;45;1173;1147
2026;2026-09-18;The Nexus Bowl;tournament;Geek Masters Invitational;1;Qualifying;Inquisitor Eisenhorn;96174;Warhammer 40K - Imperium;5;165;0;973;74;1173;973
2026;2026-09-18;The Nexus Bowl;tournament;Geek Masters Invitational;1;Qualifying;Abaddon the Despoiler;54558;Warhammer 40K - Chaos;5;235;0;1284;12;1173;1284
2026;2026-09-18;The Nexus Bowl;tournament;Geek Masters Invitational;1;Qualifying;Magnus the Red;53003;Warhammer 40K - Chaos;5;189;0;1165;42;1173;1165
2026;2026-09-18;The Nexus Bowl;tournament;Geek Masters Invitational;1;Qualifying;Ahriman;93336;Warhammer 40K - Chaos;5;197;0;1114;54;1173;1114
2026;2026-09-18;The Nexus Bowl;tournament;Geek Masters Invitational;1;Qualifying;Kharn the Betrayer;64935;Warhammer 40K - Chaos;5;154;0;955;78;1173;955
2026;2026-09-18;The Nexus Bowl;tournament;Geek Masters Invitational;1;Qualifying;Mickey Mouse;68965;Disney Characters - Heroes;5;230;0;1292;10;1173;1292
2026;2026-09-18;The Nexus Bowl;tournament;Geek Masters Invitational;1;Qualifying;Mulan;55229;Disney Characters - Heroes;5;180;0;1135;49;1173;1135
2026;2026-09-18;The Nexus Bowl;tournament;Geek Masters Invitational;1;Qualifying;Simba;65256;Disney Characters - Heroes;5;189;0;1176;39;1173;1176
2026;2026-09-18;The Nexus Bowl;tournament;Geek Masters Invitational;1;Qualifying;Moana;56619;Disney Characters - Heroes;5;169;0;1007;69;1173;1007
2026;2026-09-18;The Nexus Bowl;tournament;Geek Masters Invitational;1;Qualifying;Maleficent;74911;Disney Characters - Villains;5;222;0;1281;13;1173;1281
2026;2026-09-18;The Nexus Bowl;tournament;Geek Masters Invitational;1;Qualifying;Scar;68217;Disney Characters - Villains;5;193;0;1155;43;1173;1155
2026;2026-09-18;The Nexus Bowl;tournament;Geek Masters Invitational;1;Qualifying;Ursula;79714;Disney Characters - Villains;5;173;0;1053;64;1173;1053
2026;2026-09-18;The Nexus Bowl;tournament;Geek Masters Invitational;1;Qualifying;Jafar;91660;Disney Characters - Villains;5;171;0;1033;66;1173;1033
2026;2026-09-18;The Nexus Bowl;tournament;Geek Masters Invitational;1;Qualifying;Luke Skywalker;91905;Star Wars - Jedi Order;6;201;0;1550;3;1371;1550
2026;2026-09-18;The Nexus Bowl;tournament;Geek Masters Invitational;1;Qualifying;Obi-Wan Kenobi;57296;Star Wars - Jedi Order;6;185;0;1299;52;1371;1299
2026;2026-09-18;The Nexus Bowl;tournament;Geek Masters Invitational;1;Qualifying;Ahsoka Tano;51639;Star Wars - Jedi Order;6;195;0;1425;24;1371;1425
2026;2026-09-18;The Nexus Bowl;tournament;Geek Masters Invitational;1;Qualifying;Mace Windu;98598;Star Wars - Jedi Order;6;191;0;1297;54;1371;1297
2026;2026-09-18;The Nexus Bowl;tournament;Geek Masters Invitational;1;Qualifying;Darth Vader;68024;Star Wars - Sith Empire;6;217;0;1446;20;1371;1446
2026;2026-09-18;The Nexus Bowl;tournament;Geek Masters Invitational;1;Qualifying;Emperor Palpatine;66049;Star Wars - Sith Empire;6;221;0;1422;26;1371;1422
2026;2026-09-18;The Nexus Bowl;tournament;Geek Masters Invitational;1;Qualifying;Darth Maul;64628;Star Wars - Sith Empire;6;162;0;1277;61;1371;1277
2026;2026-09-18;The Nexus Bowl;tournament;Geek Masters Invitational;1;Qualifying;Count Dooku;59144;Star Wars - Sith Empire;6;170;0;1160;70;1371;1160
2026;2026-09-18;The Nexus Bowl;tournament;Geek Masters Invitational;1;Qualifying;Gandalf;98265;Lord of the Rings - Free Peoples;6;240;0;1543;4;1371;1543
2026;2026-09-18;The Nexus Bowl;tournament;Geek Masters Invitational;1;Qualifying;Aragorn;56717;Lord of the Rings - Free Peoples;6;222;0;1416;28;1371;1416
2026;2026-09-18;The Nexus Bowl;tournament;Geek Masters Invitational;1;Qualifying;Legolas;94348;Lord of the Rings - Free Peoples;6;209;0;1316;49;1371;1316
2026;2026-09-18;The Nexus Bowl;tournament;Geek Masters Invitational;1;Qualifying;Gimli;98540;Lord of the Rings - Free Peoples;6;166;0;1132;76;1371;1132
2026;2026-09-18;The Nexus Bowl;tournament;Geek Masters Invitational;1;Qualifying;Sauron;85741;Lord of the Rings - Forces of Mordor;6;234;0;1595;1;1371;1595
2026;2026-09-18;The Nexus Bowl;tournament;Geek Masters Invitational;1;Qualifying;Witch-king;55697;Lord of the Rings - Forces of Mordor;6;184;0;1292;57;1371;1292
2026;2026-09-18;The Nexus Bowl;tournament;Geek Masters Invitational;1;Qualifying;Saruman;88698;Lord of the Rings - Forces of Mordor;6;198;0;1371;40;1371;1371
2026;2026-09-18;The Nexus Bowl;tournament;Geek Masters Invitational;1;Qualifying;Uruk-hai Lurtz;77651;Lord of the Rings - Forces of Mordor;6;171;0;1168;68;1371;1168
2026;2026-09-18;The Nexus Bowl;tournament;Geek Masters Invitational;1;Qualifying;Harry Potter;52082;Harry Potter - Order of the Phoenix;6;224;0;1537;7;1371;1537
2026;2026-09-18;The Nexus Bowl;tournament;Geek Masters Invitational;1;Qualifying;Hermione Granger;51952;Harry Potter - Order of the Phoenix;6;197;0;1443;21;1371;1443
2026;2026-09-18;The Nexus Bowl;tournament;Geek Masters Invitational;1;Qualifying;Albus Dumbledore;56140;Harry Potter - Order of the Phoenix;6;165;0;1214;64;1371;1214
2026;2026-09-18;The Nexus Bowl;tournament;Geek Masters Invitational;1;Qualifying;Severus Snape;64328;Harry Potter - Order of the Phoenix;6;166;0;1150;72;1371;1150
2026;2026-09-18;The Nexus Bowl;tournament;Geek Masters Invitational;1;Qualifying;Lord Voldemort;65247;Harry Potter - Death Eaters;6;221;0;1551;2;1371;1551
2026;2026-09-18;The Nexus Bowl;tournament;Geek Masters Invitational;1;Qualifying;Bellatrix Lestrange;83118;Harry Potter - Death Eaters;6;196;0;1343;43;1371;1343
2026;2026-09-18;The Nexus Bowl;tournament;Geek Masters Invitational;1;Qualifying;Lucius Malfoy;89453;Harry Potter - Death Eaters;6;194;0;1281;60;1371;1281
2026;2026-09-18;The Nexus Bowl;tournament;Geek Masters Invitational;1;Qualifying;Barty Crouch Jr.;51739;Harry Potter - Death Eaters;6;144;0;1089;80;1371;1089
2026;2026-09-18;The Nexus Bowl;tournament;Geek Masters Invitational;1;Qualifying;Jon Snow;86781;Game of Thrones - Stark-Targaryen Alliance;6;222;0;1527;9;1371;1527
2026;2026-09-18;The Nexus Bowl;tournament;Geek Masters Invitational;1;Qualifying;Daenerys Targaryen;63031;Game of Thrones - Stark-Targaryen Alliance;6;202;0;1411;30;1371;1411
2026;2026-09-18;The Nexus Bowl;tournament;Geek Masters Invitational;1;Qualifying;Arya Stark;96925;Game of Thrones - Stark-Targaryen Alliance;6;166;0;1223;63;1371;1223
2026;2026-09-18;The Nexus Bowl;tournament;Geek Masters Invitational;1;Qualifying;Bran Stark;92590;Game of Thrones - Stark-Targaryen Alliance;6;164;0;1129;77;1371;1129
2026;2026-09-18;The Nexus Bowl;tournament;Geek Masters Invitational;1;Qualifying;Cersei Lannister;95962;Game of Thrones - Lannister-Crown;6;198;0;1466;15;1371;1466
2026;2026-09-18;The Nexus Bowl;tournament;Geek Masters Invitational;1;Qualifying;Jaime Lannister;85713;Game of Thrones - Lannister-Crown;6;194;0;1396;34;1371;1396
2026;2026-09-18;The Nexus Bowl;tournament;Geek Masters Invitational;1;Qualifying;Tywin Lannister;77493;Game of Thrones - Lannister-Crown;6;204;0;1382;37;1371;1382
2026;2026-09-18;The Nexus Bowl;tournament;Geek Masters Invitational;1;Qualifying;The Mountain;64446;Game of Thrones - Lannister-Crown;6;160;0;1193;67;1371;1193
2026;2026-09-18;The Nexus Bowl;tournament;Geek Masters Invitational;1;Qualifying;Kyle Katarn;79439;LucasArts Games - Jedi Knight Era;6;199;0;1424;25;1371;1424
2026;2026-09-18;The Nexus Bowl;tournament;Geek Masters Invitational;1;Qualifying;Mara Jade;88618;LucasArts Games - Jedi Knight Era;6;202;0;1378;39;1371;1378
2026;2026-09-18;The Nexus Bowl;tournament;Geek Masters Invitational;1;Qualifying;Jaden Korr;68231;LucasArts Games - Jedi Knight Era;6;208;0;1378;38;1371;1378
2026;2026-09-18;The Nexus Bowl;tournament;Geek Masters Invitational;1;Qualifying;Jan Ors;50425;LucasArts Games - Jedi Knight Era;6;167;0;1292;56;1371;1292
2026;2026-09-18;The Nexus Bowl;tournament;Geek Masters Invitational;1;Qualifying;Guybrush Threepwood;99729;LucasArts Games - Monkey Island & Legacy;6;212;0;1461;16;1371;1461
2026;2026-09-18;The Nexus Bowl;tournament;Geek Masters Invitational;1;Qualifying;LeChuck;60463;LucasArts Games - Monkey Island & Legacy;6;214;0;1450;19;1371;1450
2026;2026-09-18;The Nexus Bowl;tournament;Geek Masters Invitational;1;Qualifying;Elaine Marley;95753;LucasArts Games - Monkey Island & Legacy;6;191;0;1326;47;1371;1326
2026;2026-09-18;The Nexus Bowl;tournament;Geek Masters Invitational;1;Qualifying;Manny Calavera;77696;LucasArts Games - Monkey Island & Legacy;6;157;0;1146;74;1371;1146
2026;2026-09-18;The Nexus Bowl;tournament;Geek Masters Invitational;1;Qualifying;Paul Atreides;72298;Dune - House Atreides;6;203;0;1402;32;1371;1402
2026;2026-09-18;The Nexus Bowl;tournament;Geek Masters Invitational;1;Qualifying;Lady Jessica;68210;Dune - House Atreides;6;215;0;1413;29;1371;1413
2026;2026-09-18;The Nexus Bowl;tournament;Geek Masters Invitational;1;Qualifying;Duncan Idaho;60189;Dune - House Atreides;6;218;0;1407;31;1371;1407
2026;2026-09-18;The Nexus Bowl;tournament;Geek Masters Invitational;1;Qualifying;Gurney Halleck;64110;Dune - House Atreides;6;140;0;1160;71;1371;1160
2026;2026-09-18;The Nexus Bowl;tournament;Geek Masters Invitational;1;Qualifying;Baron Harkonnen;72059;Dune - Harkonnen-Sardaukar;6;204;0;1432;22;1371;1432
2026;2026-09-18;The Nexus Bowl;tournament;Geek Masters Invitational;1;Qualifying;Feyd-Rautha;56698;Dune - Harkonnen-Sardaukar;6;197;0;1401;33;1371;1401
2026;2026-09-18;The Nexus Bowl;tournament;Geek Masters Invitational;1;Qualifying;Count Fenring;56078;Dune - Harkonnen-Sardaukar;6;192;0;1369;41;1371;1369
2026;2026-09-18;The Nexus Bowl;tournament;Geek Masters Invitational;1;Qualifying;Glossu Rabban;74898;Dune - Harkonnen-Sardaukar;6;135;0;1090;79;1371;1090
2026;2026-09-18;The Nexus Bowl;tournament;Geek Masters Invitational;1;Qualifying;Jean-Luc Picard;56338;Star Trek - Federation;6;231;0;1518;12;1371;1518
2026;2026-09-18;The Nexus Bowl;tournament;Geek Masters Invitational;1;Qualifying;Spock;73526;Star Trek - Federation;6;225;0;1457;17;1371;1457
2026;2026-09-18;The Nexus Bowl;tournament;Geek Masters Invitational;1;Qualifying;Benjamin Sisko;72541;Star Trek - Federation;6;188;0;1285;59;1371;1285
2026;2026-09-18;The Nexus Bowl;tournament;Geek Masters Invitational;1;Qualifying;Kathryn Janeway;89565;Star Trek - Federation;6;171;0;1102;78;1371;1102
2026;2026-09-18;The Nexus Bowl;tournament;Geek Masters Invitational;1;Qualifying;Worf;67335;Star Trek - Klingon-Romulan;6;213;0;1525;10;1371;1525
2026;2026-09-18;The Nexus Bowl;tournament;Geek Masters Invitational;1;Qualifying;Gowron;52847;Star Trek - Klingon-Romulan;6;222;0;1492;14;1371;1492
2026;2026-09-18;The Nexus Bowl;tournament;Geek Masters Invitational;1;Qualifying;Commander Sela;97823;Star Trek - Klingon-Romulan;6;176;0;1286;58;1371;1286
2026;2026-09-18;The Nexus Bowl;tournament;Geek Masters Invitational;1;Qualifying;General Chang;80108;Star Trek - Klingon-Romulan;6;179;0;1300;51;1371;1300
2026;2026-09-18;The Nexus Bowl;tournament;Geek Masters Invitational;1;Qualifying;Commander Shepard;85142;Mass Effect - Alliance Crew;6;218;0;1533;8;1371;1533
2026;2026-09-18;The Nexus Bowl;tournament;Geek Masters Invitational;1;Qualifying;Garrus Vakarian;58180;Mass Effect - Alliance Crew;6;208;0;1393;35;1371;1393
2026;2026-09-18;The Nexus Bowl;tournament;Geek Masters Invitational;1;Qualifying;Liara T'Soni;74807;Mass Effect - Alliance Crew;6;174;0;1294;55;1371;1294
2026;2026-09-18;The Nexus Bowl;tournament;Geek Masters Invitational;1;Qualifying;Tali'Zorah;55164;Mass Effect - Alliance Crew;6;191;0;1335;45;1371;1335
2026;2026-09-18;The Nexus Bowl;tournament;Geek Masters Invitational;1;Qualifying;Illusive Man;86178;Mass Effect - Cerberus-Reapers;6;206;0;1538;5;1371;1538
2026;2026-09-18;The Nexus Bowl;tournament;Geek Masters Invitational;1;Qualifying;Harbinger;69213;Mass Effect - Cerberus-Reapers;6;210;0;1452;18;1371;1452
2026;2026-09-18;The Nexus Bowl;tournament;Geek Masters Invitational;1;Qualifying;Kai Leng;91198;Mass Effect - Cerberus-Reapers;6;181;0;1263;62;1371;1263
2026;2026-09-18;The Nexus Bowl;tournament;Geek Masters Invitational;1;Qualifying;Saren Arterius;90535;Mass Effect - Cerberus-Reapers;6;170;0;1313;50;1371;1313
2026;2026-09-18;The Nexus Bowl;tournament;Geek Masters Invitational;1;Qualifying;Roboute Guilliman;73700;Warhammer 40K - Imperium;6;202;0;1426;23;1371;1426
2026;2026-09-18;The Nexus Bowl;tournament;Geek Masters Invitational;1;Qualifying;Marneus Calgar;87837;Warhammer 40K - Imperium;6;190;0;1422;27;1371;1422
2026;2026-09-18;The Nexus Bowl;tournament;Geek Masters Invitational;1;Qualifying;Saint Celestine;62601;Warhammer 40K - Imperium;6;184;0;1331;46;1371;1331
2026;2026-09-18;The Nexus Bowl;tournament;Geek Masters Invitational;1;Qualifying;Inquisitor Eisenhorn;96174;Warhammer 40K - Imperium;6;175;0;1148;73;1371;1148
2026;2026-09-18;The Nexus Bowl;tournament;Geek Masters Invitational;1;Qualifying;Abaddon the Despoiler;54558;Warhammer 40K - Chaos;6;232;0;1516;13;1371;1516
2026;2026-09-18;The Nexus Bowl;tournament;Geek Masters Invitational;1;Qualifying;Magnus the Red;53003;Warhammer 40K - Chaos;6;193;0;1358;42;1371;1358
2026;2026-09-18;The Nexus Bowl;tournament;Geek Masters Invitational;1;Qualifying;Ahriman;93336;Warhammer 40K - Chaos;6;183;0;1297;53;1371;1297
2026;2026-09-18;The Nexus Bowl;tournament;Geek Masters Invitational;1;Qualifying;Kharn the Betrayer;64935;Warhammer 40K - Chaos;6;189;0;1144;75;1371;1144
2026;2026-09-18;The Nexus Bowl;tournament;Geek Masters Invitational;1;Qualifying;Mickey Mouse;68965;Disney Characters - Heroes;6;246;0;1538;6;1371;1538
2026;2026-09-18;The Nexus Bowl;tournament;Geek Masters Invitational;1;Qualifying;Mulan;55229;Disney Characters - Heroes;6;188;0;1323;48;1371;1323
2026;2026-09-18;The Nexus Bowl;tournament;Geek Masters Invitational;1;Qualifying;Simba;65256;Disney Characters - Heroes;6;207;0;1383;36;1371;1383
2026;2026-09-18;The Nexus Bowl;tournament;Geek Masters Invitational;1;Qualifying;Moana;56619;Disney Characters - Heroes;6;156;0;1163;69;1371;1163
2026;2026-09-18;The Nexus Bowl;tournament;Geek Masters Invitational;1;Qualifying;Maleficent;74911;Disney Characters - Villains;6;243;0;1524;11;1371;1524
2026;2026-09-18;The Nexus Bowl;tournament;Geek Masters Invitational;1;Qualifying;Scar;68217;Disney Characters - Villains;6;183;0;1338;44;1371;1338
2026;2026-09-18;The Nexus Bowl;tournament;Geek Masters Invitational;1;Qualifying;Ursula;79714;Disney Characters - Villains;6;151;0;1204;65;1371;1204
2026;2026-09-18;The Nexus Bowl;tournament;Geek Masters Invitational;1;Qualifying;Jafar;91660;Disney Characters - Villains;6;168;0;1201;66;1371;1201
2026;2026-09-18;The Nexus Bowl;tournament;Geek Masters Invitational;1;Qualifying;Luke Skywalker;91905;Star Wars - Jedi Order;7;259;0;1809;1;1581;1809
2026;2026-09-18;The Nexus Bowl;tournament;Geek Masters Invitational;1;Qualifying;Obi-Wan Kenobi;57296;Star Wars - Jedi Order;7;198;0;1497;52;1581;1497
2026;2026-09-18;The Nexus Bowl;tournament;Geek Masters Invitational;1;Qualifying;Ahsoka Tano;51639;Star Wars - Jedi Order;7;193;0;1618;29;1581;1618
2026;2026-09-18;The Nexus Bowl;tournament;Geek Masters Invitational;1;Qualifying;Mace Windu;98598;Star Wars - Jedi Order;7;198;0;1495;53;1581;1495
2026;2026-09-18;The Nexus Bowl;tournament;Geek Masters Invitational;1;Qualifying;Darth Vader;68024;Star Wars - Sith Empire;7;203;0;1649;20;1581;1649
2026;2026-09-18;The Nexus Bowl;tournament;Geek Masters Invitational;1;Qualifying;Emperor Palpatine;66049;Star Wars - Sith Empire;7;200;0;1622;27;1581;1622
2026;2026-09-18;The Nexus Bowl;tournament;Geek Masters Invitational;1;Qualifying;Darth Maul;64628;Star Wars - Sith Empire;7;206;0;1483;55;1581;1483
2026;2026-09-18;The Nexus Bowl;tournament;Geek Masters Invitational;1;Qualifying;Count Dooku;59144;Star Wars - Sith Empire;7;164;0;1324;72;1581;1324
2026;2026-09-18;The Nexus Bowl;tournament;Geek Masters Invitational;1;Qualifying;Gandalf;98265;Lord of the Rings - Free Peoples;7;216;0;1759;6;1581;1759
2026;2026-09-18;The Nexus Bowl;tournament;Geek Masters Invitational;1;Qualifying;Aragorn;56717;Lord of the Rings - Free Peoples;7;195;0;1611;31;1581;1611
2026;2026-09-18;The Nexus Bowl;tournament;Geek Masters Invitational;1;Qualifying;Legolas;94348;Lord of the Rings - Free Peoples;7;197;0;1513;48;1581;1513
2026;2026-09-18;The Nexus Bowl;tournament;Geek Masters Invitational;1;Qualifying;Gimli;98540;Lord of the Rings - Free Peoples;7;176;0;1308;74;1581;1308
2026;2026-09-18;The Nexus Bowl;tournament;Geek Masters Invitational;1;Qualifying;Sauron;85741;Lord of the Rings - Forces of Mordor;7;197;0;1792;2;1581;1792
2026;2026-09-18;The Nexus Bowl;tournament;Geek Masters Invitational;1;Qualifying;Witch-king;55697;Lord of the Rings - Forces of Mordor;7;198;0;1490;54;1581;1490
2026;2026-09-18;The Nexus Bowl;tournament;Geek Masters Invitational;1;Qualifying;Saruman;88698;Lord of the Rings - Forces of Mordor;7;198;0;1569;41;1581;1569
2026;2026-09-18;The Nexus Bowl;tournament;Geek Masters Invitational;1;Qualifying;Uruk-hai Lurtz;77651;Lord of the Rings - Forces of Mordor;7;177;0;1345;68;1581;1345
2026;2026-09-18;The Nexus Bowl;tournament;Geek Masters Invitational;1;Qualifying;Harry Potter;52082;Harry Potter - Order of the Phoenix;7;235;0;1772;3;1581;1772
2026;2026-09-18;The Nexus Bowl;tournament;Geek Masters Invitational;1;Qualifying;Hermione Granger;51952;Harry Potter - Order of the Phoenix;7;205;0;1648;21;1581;1648
2026;2026-09-18;The Nexus Bowl;tournament;Geek Masters Invitational;1;Qualifying;Albus Dumbledore;56140;Harry Potter - Order of the Phoenix;7;164;0;1378;65;1581;1378
2026;2026-09-18;The Nexus Bowl;tournament;Geek Masters Invitational;1;Qualifying;Severus Snape;64328;Harry Potter - Order of the Phoenix;7;140;0;1290;76;1581;1290
2026;2026-09-18;The Nexus Bowl;tournament;Geek Masters Invitational;1;Qualifying;Lord Voldemort;65247;Harry Potter - Death Eaters;7;221;0;1772;4;1581;1772
2026;2026-09-18;The Nexus Bowl;tournament;Geek Masters Invitational;1;Qualifying;Bellatrix Lestrange;83118;Harry Potter - Death Eaters;7;206;0;1549;42;1581;1549
2026;2026-09-18;The Nexus Bowl;tournament;Geek Masters Invitational;1;Qualifying;Lucius Malfoy;89453;Harry Potter - Death Eaters;7;137;0;1418;62;1581;1418
2026;2026-09-18;The Nexus Bowl;tournament;Geek Masters Invitational;1;Qualifying;Barty Crouch Jr.;51739;Harry Potter - Death Eaters;7;160;0;1249;79;1581;1249
2026;2026-09-18;The Nexus Bowl;tournament;Geek Masters Invitational;1;Qualifying;Jon Snow;86781;Game of Thrones - Stark-Targaryen Alliance;7;203;0;1730;10;1581;1730
2026;2026-09-18;The Nexus Bowl;tournament;Geek Masters Invitational;1;Qualifying;Daenerys Targaryen;63031;Game of Thrones - Stark-Targaryen Alliance;7;219;0;1630;25;1581;1630
2026;2026-09-18;The Nexus Bowl;tournament;Geek Masters Invitational;1;Qualifying;Arya Stark;96925;Game of Thrones - Stark-Targaryen Alliance;7;178;0;1401;63;1581;1401
2026;2026-09-18;The Nexus Bowl;tournament;Geek Masters Invitational;1;Qualifying;Bran Stark;92590;Game of Thrones - Stark-Targaryen Alliance;7;157;0;1286;77;1581;1286
2026;2026-09-18;The Nexus Bowl;tournament;Geek Masters Invitational;1;Qualifying;Cersei Lannister;95962;Game of Thrones - Lannister-Crown;7;202;0;1668;18;1581;1668
2026;2026-09-18;The Nexus Bowl;tournament;Geek Masters Invitational;1;Qualifying;Jaime Lannister;85713;Game of Thrones - Lannister-Crown;7;225;0;1621;28;1581;1621
2026;2026-09-18;The Nexus Bowl;tournament;Geek Masters Invitational;1;Qualifying;Tywin Lannister;77493;Game of Thrones - Lannister-Crown;7;199;0;1581;40;1581;1581
2026;2026-09-18;The Nexus Bowl;tournament;Geek Masters Invitational;1;Qualifying;The Mountain;64446;Game of Thrones - Lannister-Crown;7;176;0;1369;67;1581;1369
2026;2026-09-18;The Nexus Bowl;tournament;Geek Masters Invitational;1;Qualifying;Kyle Katarn;79439;LucasArts Games - Jedi Knight Era;7;214;0;1638;22;1581;1638
2026;2026-09-18;The Nexus Bowl;tournament;Geek Masters Invitational;1;Qualifying;Mara Jade;88618;LucasArts Games - Jedi Knight Era;7;213;0;1591;36;1581;1591
2026;2026-09-18;The Nexus Bowl;tournament;Geek Masters Invitational;1;Qualifying;Jaden Korr;68231;LucasArts Games - Jedi Knight Era;7;212;0;1590;37;1581;1590
2026;2026-09-18;The Nexus Bowl;tournament;Geek Masters Invitational;1;Qualifying;Jan Ors;50425;LucasArts Games - Jedi Knight Era;7;172;0;1464;60;1581;1464
2026;2026-09-18;The Nexus Bowl;tournament;Geek Masters Invitational;1;Qualifying;Guybrush Threepwood;99729;LucasArts Games - Monkey Island & Legacy;7;255;0;1716;12;1581;1716
2026;2026-09-18;The Nexus Bowl;tournament;Geek Masters Invitational;1;Qualifying;LeChuck;60463;LucasArts Games - Monkey Island & Legacy;7;205;0;1655;19;1581;1655
2026;2026-09-18;The Nexus Bowl;tournament;Geek Masters Invitational;1;Qualifying;Elaine Marley;95753;LucasArts Games - Monkey Island & Legacy;7;190;0;1516;47;1581;1516
2026;2026-09-18;The Nexus Bowl;tournament;Geek Masters Invitational;1;Qualifying;Manny Calavera;77696;LucasArts Games - Monkey Island & Legacy;7;182;0;1328;71;1581;1328
2026;2026-09-18;The Nexus Bowl;tournament;Geek Masters Invitational;1;Qualifying;Paul Atreides;72298;Dune - House Atreides;7;197;0;1599;34;1581;1599
2026;2026-09-18;The Nexus Bowl;tournament;Geek Masters Invitational;1;Qualifying;Lady Jessica;68210;Dune - House Atreides;7;198;0;1611;32;1581;1611
2026;2026-09-18;The Nexus Bowl;tournament;Geek Masters Invitational;1;Qualifying;Duncan Idaho;60189;Dune - House Atreides;7;198;0;1605;33;1581;1605
2026;2026-09-18;The Nexus Bowl;tournament;Geek Masters Invitational;1;Qualifying;Gurney Halleck;64110;Dune - House Atreides;7;169;0;1329;70;1581;1329
2026;2026-09-18;The Nexus Bowl;tournament;Geek Masters Invitational;1;Qualifying;Baron Harkonnen;72059;Dune - Harkonnen-Sardaukar;7;200;0;1632;24;1581;1632
2026;2026-09-18;The Nexus Bowl;tournament;Geek Masters Invitational;1;Qualifying;Feyd-Rautha;56698;Dune - Harkonnen-Sardaukar;7;214;0;1615;30;1581;1615
2026;2026-09-18;The Nexus Bowl;tournament;Geek Masters Invitational;1;Qualifying;Count Fenring;56078;Dune - Harkonnen-Sardaukar;7;216;0;1585;39;1581;1585
2026;2026-09-18;The Nexus Bowl;tournament;Geek Masters Invitational;1;Qualifying;Glossu Rabban;74898;Dune - Harkonnen-Sardaukar;7;153;0;1243;80;1581;1243
2026;2026-09-18;The Nexus Bowl;tournament;Geek Masters Invitational;1;Qualifying;Jean-Luc Picard;56338;Star Trek - Federation;7;210;0;1728;11;1581;1728
2026;2026-09-18;The Nexus Bowl;tournament;Geek Masters Invitational;1;Qualifying;Spock;73526;Star Trek - Federation;7;224;0;1681;16;1581;1681
2026;2026-09-18;The Nexus Bowl;tournament;Geek Masters Invitational;1;Qualifying;Benjamin Sisko;72541;Star Trek - Federation;7;179;0;1464;58;1581;1464
2026;2026-09-18;The Nexus Bowl;tournament;Geek Masters Invitational;1;Qualifying;Kathryn Janeway;89565;Star Trek - Federation;7;161;0;1263;78;1581;1263
2026;2026-09-18;The Nexus Bowl;tournament;Geek Masters Invitational;1;Qualifying;Worf;67335;Star Trek - Klingon-Romulan;7;226;0;1751;7;1581;1751
2026;2026-09-18;The Nexus Bowl;tournament;Geek Masters Invitational;1;Qualifying;Gowron;52847;Star Trek - Klingon-Romulan;7;218;0;1710;14;1581;1710
2026;2026-09-18;The Nexus Bowl;tournament;Geek Masters Invitational;1;Qualifying;Commander Sela;97823;Star Trek - Klingon-Romulan;7;178;0;1464;59;1581;1464
2026;2026-09-18;The Nexus Bowl;tournament;Geek Masters Invitational;1;Qualifying;General Chang;80108;Star Trek - Klingon-Romulan;7;201;0;1501;50;1581;1501
2026;2026-09-18;The Nexus Bowl;tournament;Geek Masters Invitational;1;Qualifying;Commander Shepard;85142;Mass Effect - Alliance Crew;7;226;0;1759;5;1581;1759
2026;2026-09-18;The Nexus Bowl;tournament;Geek Masters Invitational;1;Qualifying;Garrus Vakarian;58180;Mass Effect - Alliance Crew;7;201;0;1594;35;1581;1594
2026;2026-09-18;The Nexus Bowl;tournament;Geek Masters Invitational;1;Qualifying;Liara T'Soni;74807;Mass Effect - Alliance Crew;7;184;0;1478;56;1581;1478
2026;2026-09-18;The Nexus Bowl;tournament;Geek Masters Invitational;1;Qualifying;Tali'Zorah;55164;Mass Effect - Alliance Crew;7;168;0;1503;49;1581;1503
2026;2026-09-18;The Nexus Bowl;tournament;Geek Masters Invitational;1;Qualifying;Illusive Man;86178;Mass Effect - Cerberus-Reapers;7;203;0;1741;9;1581;1741
2026;2026-09-18;The Nexus Bowl;tournament;Geek Masters Invitational;1;Qualifying;Harbinger;69213;Mass Effect - Cerberus-Reapers;7;218;0;1670;17;1581;1670
2026;2026-09-18;The Nexus Bowl;tournament;Geek Masters Invitational;1;Qualifying;Kai Leng;91198;Mass Effect - Cerberus-Reapers;7;183;0;1446;61;1581;1446
2026;2026-09-18;The Nexus Bowl;tournament;Geek Masters Invitational;1;Qualifying;Saren Arterius;90535;Mass Effect - Cerberus-Reapers;7;165;0;1478;57;1581;1478
2026;2026-09-18;The Nexus Bowl;tournament;Geek Masters Invitational;1;Qualifying;Roboute Guilliman;73700;Warhammer 40K - Imperium;7;208;0;1634;23;1581;1634
2026;2026-09-18;The Nexus Bowl;tournament;Geek Masters Invitational;1;Qualifying;Marneus Calgar;87837;Warhammer 40K - Imperium;7;205;0;1627;26;1581;1627
2026;2026-09-18;The Nexus Bowl;tournament;Geek Masters Invitational;1;Qualifying;Saint Celestine;62601;Warhammer 40K - Imperium;7;189;0;1520;45;1581;1520
2026;2026-09-18;The Nexus Bowl;tournament;Geek Masters Invitational;1;Qualifying;Inquisitor Eisenhorn;96174;Warhammer 40K - Imperium;7;171;0;1319;73;1581;1319
2026;2026-09-18;The Nexus Bowl;tournament;Geek Masters Invitational;1;Qualifying;Abaddon the Despoiler;54558;Warhammer 40K - Chaos;7;199;0;1715;13;1581;1715
2026;2026-09-18;The Nexus Bowl;tournament;Geek Masters Invitational;1;Qualifying;Magnus the Red;53003;Warhammer 40K - Chaos;7;188;0;1546;43;1581;1546
2026;2026-09-18;The Nexus Bowl;tournament;Geek Masters Invitational;1;Qualifying;Ahriman;93336;Warhammer 40K - Chaos;7;219;0;1516;46;1581;1516
2026;2026-09-18;The Nexus Bowl;tournament;Geek Masters Invitational;1;Qualifying;Kharn the Betrayer;64935;Warhammer 40K - Chaos;7;148;0;1292;75;1581;1292
2026;2026-09-18;The Nexus Bowl;tournament;Geek Masters Invitational;1;Qualifying;Mickey Mouse;68965;Disney Characters - Heroes;7;208;0;1746;8;1581;1746
2026;2026-09-18;The Nexus Bowl;tournament;Geek Masters Invitational;1;Qualifying;Mulan;55229;Disney Characters - Heroes;7;177;0;1500;51;1581;1500
2026;2026-09-18;The Nexus Bowl;tournament;Geek Masters Invitational;1;Qualifying;Simba;65256;Disney Characters - Heroes;7;204;0;1587;38;1581;1587
2026;2026-09-18;The Nexus Bowl;tournament;Geek Masters Invitational;1;Qualifying;Moana;56619;Disney Characters - Heroes;7;171;0;1334;69;1581;1334
2026;2026-09-18;The Nexus Bowl;tournament;Geek Masters Invitational;1;Qualifying;Maleficent;74911;Disney Characters - Villains;7;185;0;1709;15;1581;1709
2026;2026-09-18;The Nexus Bowl;tournament;Geek Masters Invitational;1;Qualifying;Scar;68217;Disney Characters - Villains;7;197;0;1535;44;1581;1535
2026;2026-09-18;The Nexus Bowl;tournament;Geek Masters Invitational;1;Qualifying;Ursula;79714;Disney Characters - Villains;7;183;0;1387;64;1581;1387
2026;2026-09-18;The Nexus Bowl;tournament;Geek Masters Invitational;1;Qualifying;Jafar;91660;Disney Characters - Villains;7;174;0;1375;66;1581;1375
2026;2026-09-19;The Nexus Bowl;tournament;Geek Masters Invitational;2;Round 2;Luke Skywalker;91905;Star Wars - Jedi Order;0;213;0;213;9;206;2022
2026;2026-09-19;The Nexus Bowl;tournament;Geek Masters Invitational;2;Round 2;Sauron;85741;Lord of the Rings - Forces of Mordor;0;202;0;202;26;206;1994
2026;2026-09-19;The Nexus Bowl;tournament;Geek Masters Invitational;2;Round 2;Harry Potter;52082;Harry Potter - Order of the Phoenix;0;192;0;192;34;206;1964
2026;2026-09-19;The Nexus Bowl;tournament;Geek Masters Invitational;2;Round 2;Lord Voldemort;65247;Harry Potter - Death Eaters;0;209;0;209;15;206;1981
2026;2026-09-19;The Nexus Bowl;tournament;Geek Masters Invitational;2;Round 2;Commander Shepard;85142;Mass Effect - Alliance Crew;0;211;0;211;11;206;1970
2026;2026-09-19;The Nexus Bowl;tournament;Geek Masters Invitational;2;Round 2;Gandalf;98265;Lord of the Rings - Free Peoples;0;208;0;208;17;206;1967
2026;2026-09-19;The Nexus Bowl;tournament;Geek Masters Invitational;2;Round 2;Worf;67335;Star Trek - Klingon-Romulan;0;209;0;209;16;206;1960
2026;2026-09-19;The Nexus Bowl;tournament;Geek Masters Invitational;2;Round 2;Mickey Mouse;68965;Disney Characters - Heroes;0;201;0;201;27;206;1947
2026;2026-09-19;The Nexus Bowl;tournament;Geek Masters Invitational;2;Round 2;Illusive Man;86178;Mass Effect - Cerberus-Reapers;0;234;0;234;2;206;1975
2026;2026-09-19;The Nexus Bowl;tournament;Geek Masters Invitational;2;Round 2;Jon Snow;86781;Game of Thrones - Stark-Targaryen Alliance;0;203;0;203;25;206;1933
2026;2026-09-19;The Nexus Bowl;tournament;Geek Masters Invitational;2;Round 2;Jean-Luc Picard;56338;Star Trek - Federation;0;206;0;206;20;206;1934
2026;2026-09-19;The Nexus Bowl;tournament;Geek Masters Invitational;2;Round 2;Guybrush Threepwood;99729;LucasArts Games - Monkey Island & Legacy;0;192;0;192;33;206;1908
2026;2026-09-19;The Nexus Bowl;tournament;Geek Masters Invitational;2;Round 2;Abaddon the Despoiler;54558;Warhammer 40K - Chaos;0;212;0;212;10;206;1927
2026;2026-09-19;The Nexus Bowl;tournament;Geek Masters Invitational;2;Round 2;Gowron;52847;Star Trek - Klingon-Romulan;0;214;0;214;5;206;1924
2026;2026-09-19;The Nexus Bowl;tournament;Geek Masters Invitational;2;Round 2;Maleficent;74911;Disney Characters - Villains;0;253;0;253;1;206;1962
2026;2026-09-19;The Nexus Bowl;tournament;Geek Masters Invitational;2;Round 2;Spock;73526;Star Trek - Federation;0;196;0;196;30;206;1877
2026;2026-09-19;The Nexus Bowl;tournament;Geek Masters Invitational;2;Round 2;Harbinger;69213;Mass Effect - Cerberus-Reapers;0;217;0;217;4;206;1887
2026;2026-09-19;The Nexus Bowl;tournament;Geek Masters Invitational;2;Round 2;Cersei Lannister;95962;Game of Thrones - Lannister-Crown;0;203;0;203;24;206;1871
2026;2026-09-19;The Nexus Bowl;tournament;Geek Masters Invitational;2;Round 2;LeChuck;60463;LucasArts Games - Monkey Island & Legacy;0;209;0;209;14;206;1864
2026;2026-09-19;The Nexus Bowl;tournament;Geek Masters Invitational;2;Round 2;Darth Vader;68024;Star Wars - Sith Empire;0;213;0;213;7;206;1862
2026;2026-09-19;The Nexus Bowl;tournament;Geek Masters Invitational;2;Round 2;Hermione Granger;51952;Harry Potter - Order of the Phoenix;0;185;0;185;38;206;1833
2026;2026-09-19;The Nexus Bowl;tournament;Geek Masters Invitational;2;Round 2;Kyle Katarn;79439;LucasArts Games - Jedi Knight Era;0;204;0;204;23;206;1842
2026;2026-09-19;The Nexus Bowl;tournament;Geek Masters Invitational;2;Round 2;Roboute Guilliman;73700;Warhammer 40K - Imperium;0;211;0;211;12;206;1845
2026;2026-09-19;The Nexus Bowl;tournament;Geek Masters Invitational;2;Round 2;Baron Harkonnen;72059;Dune - Harkonnen-Sardaukar;0;217;0;217;3;206;1849
2026;2026-09-19;The Nexus Bowl;tournament;Geek Masters Invitational;2;Round 2;Daenerys Targaryen;63031;Game of Thrones - Stark-Targaryen Alliance;0;193;0;193;32;206;1823
2026;2026-09-19;The Nexus Bowl;tournament;Geek Masters Invitational;2;Round 2;Marneus Calgar;87837;Warhammer 40K - Imperium;0;210;0;210;13;206;1837
2026;2026-09-19;The Nexus Bowl;tournament;Geek Masters Invitational;2;Round 2;Emperor Palpatine;66049;Star Wars - Sith Empire;0;213;0;213;8;206;1835
2026;2026-09-19;The Nexus Bowl;tournament;Geek Masters Invitational;2;Round 2;Jaime Lannister;85713;Game of Thrones - Lannister-Crown;0;204;0;204;22;206;1825
2026;2026-09-19;The Nexus Bowl;tournament;Geek Masters Invitational;2;Round 2;Ahsoka Tano;51639;Star Wars - Jedi Order;0;206;0;206;19;206;1824
2026;2026-09-19;The Nexus Bowl;tournament;Geek Masters Invitational;2;Round 2;Feyd-Rautha;56698;Dune - Harkonnen-Sardaukar;0;196;0;196;29;206;1811
2026;2026-09-19;The Nexus Bowl;tournament;Geek Masters Invitational;2;Round 2;Aragorn;56717;Lord of the Rings - Free Peoples;0;180;0;180;40;206;1791
2026;2026-09-19;The Nexus Bowl;tournament;Geek Masters Invitational;2;Round 2;Lady Jessica;68210;Dune - House Atreides;0;207;0;207;18;206;1818
2026;2026-09-19;The Nexus Bowl;tournament;Geek Masters Invitational;2;Round 2;Duncan Idaho;60189;Dune - House Atreides;0;205;0;205;21;206;1810
2026;2026-09-19;The Nexus Bowl;tournament;Geek Masters Invitational;2;Round 2;Paul Atreides;72298;Dune - House Atreides;0;201;0;201;28;206;1800
2026;2026-09-19;The Nexus Bowl;tournament;Geek Masters Invitational;2;Round 2;Garrus Vakarian;58180;Mass Effect - Alliance Crew;0;195;0;195;31;206;1789
2026;2026-09-19;The Nexus Bowl;tournament;Geek Masters Invitational;2;Round 2;Mara Jade;88618;LucasArts Games - Jedi Knight Era;0;214;0;214;6;206;1805
2026;2026-09-19;The Nexus Bowl;tournament;Geek Masters Invitational;2;Round 2;Jaden Korr;68231;LucasArts Games - Jedi Knight Era;0;188;0;188;37;206;1778
2026;2026-09-19;The Nexus Bowl;tournament;Geek Masters Invitational;2;Round 2;Simba;65256;Disney Characters - Heroes;0;185;0;185;39;206;1772
2026;2026-09-19;The Nexus Bowl;tournament;Geek Masters Invitational;2;Round 2;Count Fenring;56078;Dune - Harkonnen-Sardaukar;0;191;0;191;35;206;1776
2026;2026-09-19;The Nexus Bowl;tournament;Geek Masters Invitational;2;Round 2;Tywin Lannister;77493;Game of Thrones - Lannister-Crown;0;189;0;189;36;206;1770
2026;2026-09-19;The Nexus Bowl;tournament;Geek Masters Invitational;2;Round 2;Luke Skywalker;91905;Star Wars - Jedi Order;1;192;0;405;20;405;2214
2026;2026-09-19;The Nexus Bowl;tournament;Geek Masters Invitational;2;Round 2;Sauron;85741;Lord of the Rings - Forces of Mordor;1;241;0;443;3;405;2235
2026;2026-09-19;The Nexus Bowl;tournament;Geek Masters Invitational;2;Round 2;Harry Potter;52082;Harry Potter - Order of the Phoenix;1;184;0;376;38;405;2148
2026;2026-09-19;The Nexus Bowl;tournament;Geek Masters Invitational;2;Round 2;Lord Voldemort;65247;Harry Potter - Death Eaters;1;204;0;413;18;405;2185
2026;2026-09-19;The Nexus Bowl;tournament;Geek Masters Invitational;2;Round 2;Commander Shepard;85142;Mass Effect - Alliance Crew;1;212;0;423;13;405;2182
2026;2026-09-19;The Nexus Bowl;tournament;Geek Masters Invitational;2;Round 2;Gandalf;98265;Lord of the Rings - Free Peoples;1;222;0;430;9;405;2189
2026;2026-09-19;The Nexus Bowl;tournament;Geek Masters Invitational;2;Round 2;Worf;67335;Star Trek - Klingon-Romulan;1;226;0;435;4;405;2186
2026;2026-09-19;The Nexus Bowl;tournament;Geek Masters Invitational;2;Round 2;Mickey Mouse;68965;Disney Characters - Heroes;1;203;0;404;23;405;2150
2026;2026-09-19;The Nexus Bowl;tournament;Geek Masters Invitational;2;Round 2;Illusive Man;86178;Mass Effect - Cerberus-Reapers;1;219;0;453;2;405;2194
2026;2026-09-19;The Nexus Bowl;tournament;Geek Masters Invitational;2;Round 2;Jon Snow;86781;Game of Thrones - Stark-Targaryen Alliance;1;187;0;390;33;405;2120
2026;2026-09-19;The Nexus Bowl;tournament;Geek Masters Invitational;2;Round 2;Jean-Luc Picard;56338;Star Trek - Federation;1;221;0;427;11;405;2155
2026;2026-09-19;The Nexus Bowl;tournament;Geek Masters Invitational;2;Round 2;Guybrush Threepwood;99729;LucasArts Games - Monkey Island & Legacy;1;202;0;394;30;405;2110
2026;2026-09-19;The Nexus Bowl;tournament;Geek Masters Invitational;2;Round 2;Abaddon the Despoiler;54558;Warhammer 40K - Chaos;1;183;0;395;29;405;2110
2026;2026-09-19;The Nexus Bowl;tournament;Geek Masters Invitational;2;Round 2;Gowron;52847;Star Trek - Klingon-Romulan;1;215;0;429;10;405;2139
2026;2026-09-19;The Nexus Bowl;tournament;Geek Masters Invitational;2;Round 2;Maleficent;74911;Disney Characters - Villains;1;259;0;512;1;405;2221
2026;2026-09-19;The Nexus Bowl;tournament;Geek Masters Invitational;2;Round 2;Spock;73526;Star Trek - Federation;1;201;0;397;27;405;2078
2026;2026-09-19;The Nexus Bowl;tournament;Geek Masters Invitational;2;Round 2;Harbinger;69213;Mass Effect - Cerberus-Reapers;1;215;0;432;7;405;2102
2026;2026-09-19;The Nexus Bowl;tournament;Geek Masters Invitational;2;Round 2;Cersei Lannister;95962;Game of Thrones - Lannister-Crown;1;201;0;404;21;405;2072
2026;2026-09-19;The Nexus Bowl;tournament;Geek Masters Invitational;2;Round 2;LeChuck;60463;LucasArts Games - Monkey Island & Legacy;1;208;0;417;14;405;2072
2026;2026-09-19;The Nexus Bowl;tournament;Geek Masters Invitational;2;Round 2;Darth Vader;68024;Star Wars - Sith Empire;1;220;0;433;5;405;2082
2026;2026-09-19;The Nexus Bowl;tournament;Geek Masters Invitational;2;Round 2;Hermione Granger;51952;Harry Potter - Order of the Phoenix;1;191;0;376;39;405;2024
2026;2026-09-19;The Nexus Bowl;tournament;Geek Masters Invitational;2;Round 2;Kyle Katarn;79439;LucasArts Games - Jedi Knight Era;1;222;0;426;12;405;2064
2026;2026-09-19;The Nexus Bowl;tournament;Geek Masters Invitational;2;Round 2;Roboute Guilliman;73700;Warhammer 40K - Imperium;1;222;0;433;6;405;2067
2026;2026-09-19;The Nexus Bowl;tournament;Geek Masters Invitational;2;Round 2;Baron Harkonnen;72059;Dune - Harkonnen-Sardaukar;1;198;0;415;16;405;2047
2026;2026-09-19;The Nexus Bowl;tournament;Geek Masters Invitational;2;Round 2;Daenerys Targaryen;63031;Game of Thrones - Stark-Targaryen Alliance;1;199;0;392;31;405;2022
2026;2026-09-19;The Nexus Bowl;tournament;Geek Masters Invitational;2;Round 2;Marneus Calgar;87837;Warhammer 40K - Imperium;1;194;0;404;22;405;2031
2026;2026-09-19;The Nexus Bowl;tournament;Geek Masters Invitational;2;Round 2;Emperor Palpatine;66049;Star Wars - Sith Empire;1;203;0;416;15;405;2038
2026;2026-09-19;The Nexus Bowl;tournament;Geek Masters Invitational;2;Round 2;Jaime Lannister;85713;Game of Thrones - Lannister-Crown;1;197;0;401;24;405;2022
2026;2026-09-19;The Nexus Bowl;tournament;Geek Masters Invitational;2;Round 2;Ahsoka Tano;51639;Star Wars - Jedi Order;1;182;0;388;34;405;2006
2026;2026-09-19;The Nexus Bowl;tournament;Geek Masters Invitational;2;Round 2;Feyd-Rautha;56698;Dune - Harkonnen-Sardaukar;1;216;0;412;19;405;2027
2026;2026-09-19;The Nexus Bowl;tournament;Geek Masters Invitational;2;Round 2;Aragorn;56717;Lord of the Rings - Free Peoples;1;196;0;376;36;405;1987
2026;2026-09-19;The Nexus Bowl;tournament;Geek Masters Invitational;2;Round 2;Lady Jessica;68210;Dune - House Atreides;1;206;0;413;17;405;2024
2026;2026-09-19;The Nexus Bowl;tournament;Geek Masters Invitational;2;Round 2;Duncan Idaho;60189;Dune - House Atreides;1;187;0;392;32;405;1997
2026;2026-09-19;The Nexus Bowl;tournament;Geek Masters Invitational;2;Round 2;Paul Atreides;72298;Dune - House Atreides;1;200;0;401;25;405;2000
2026;2026-09-19;The Nexus Bowl;tournament;Geek Masters Invitational;2;Round 2;Garrus Vakarian;58180;Mass Effect - Alliance Crew;1;204;0;399;26;405;1993
2026;2026-09-19;The Nexus Bowl;tournament;Geek Masters Invitational;2;Round 2;Mara Jade;88618;LucasArts Games - Jedi Knight Era;1;218;0;432;8;405;2023
2026;2026-09-19;The Nexus Bowl;tournament;Geek Masters Invitational;2;Round 2;Jaden Korr;68231;LucasArts Games - Jedi Knight Era;1;208;0;396;28;405;1986
2026;2026-09-19;The Nexus Bowl;tournament;Geek Masters Invitational;2;Round 2;Simba;65256;Disney Characters - Heroes;1;181;0;366;40;405;1953
2026;2026-09-19;The Nexus Bowl;tournament;Geek Masters Invitational;2;Round 2;Count Fenring;56078;Dune - Harkonnen-Sardaukar;1;185;0;376;37;405;1961
2026;2026-09-19;The Nexus Bowl;tournament;Geek Masters Invitational;2;Round 2;Tywin Lannister;77493;Game of Thrones - Lannister-Crown;1;193;0;382;35;405;1963
2026;2026-09-19;The Nexus Bowl;tournament;Geek Masters Invitational;2;Round 2;Luke Skywalker;91905;Star Wars - Jedi Order;2;195;0;600;27;621;2409
2026;2026-09-19;The Nexus Bowl;tournament;Geek Masters Invitational;2;Round 2;Sauron;85741;Lord of the Rings - Forces of Mordor;2;212;0;655;4;621;2447
2026;2026-09-19;The Nexus Bowl;tournament;Geek Masters Invitational;2;Round 2;Harry Potter;52082;Harry Potter - Order of the Phoenix;2;203;0;579;35;621;2351
2026;2026-09-19;The Nexus Bowl;tournament;Geek Masters Invitational;2;Round 2;Lord Voldemort;65247;Harry Potter - Death Eaters;2;206;0;619;22;621;2391
2026;2026-09-19;The Nexus Bowl;tournament;Geek Masters Invitational;2;Round 2;Commander Shepard;85142;Mass Effect - Alliance Crew;2;217;0;640;8;621;2399
2026;2026-09-19;The Nexus Bowl;tournament;Geek Masters Invitational;2;Round 2;Gandalf;98265;Lord of the Rings - Free Peoples;2;213;0;643;6;621;2402
2026;2026-09-19;The Nexus Bowl;tournament;Geek Masters Invitational;2;Round 2;Worf;67335;Star Trek - Klingon-Romulan;2;223;0;658;3;621;2409
2026;2026-09-19;The Nexus Bowl;tournament;Geek Masters Invitational;2;Round 2;Mickey Mouse;68965;Disney Characters - Heroes;2;193;0;597;28;621;2343
2026;2026-09-19;The Nexus Bowl;tournament;Geek Masters Invitational;2;Round 2;Illusive Man;86178;Mass Effect - Cerberus-Reapers;2;235;0;688;2;621;2429
2026;2026-09-19;The Nexus Bowl;tournament;Geek Masters Invitational;2;Round 2;Jon Snow;86781;Game of Thrones - Stark-Targaryen Alliance;2;199;0;589;29;621;2319
2026;2026-09-19;The Nexus Bowl;tournament;Geek Masters Invitational;2;Round 2;Jean-Luc Picard;56338;Star Trek - Federation;2;206;0;633;11;621;2361
2026;2026-09-19;The Nexus Bowl;tournament;Geek Masters Invitational;2;Round 2;Guybrush Threepwood;99729;LucasArts Games - Monkey Island & Legacy;2;192;0;586;31;621;2302
2026;2026-09-19;The Nexus Bowl;tournament;Geek Masters Invitational;2;Round 2;Abaddon the Despoiler;54558;Warhammer 40K - Chaos;2;233;0;628;16;621;2343
2026;2026-09-19;The Nexus Bowl;tournament;Geek Masters Invitational;2;Round 2;Gowron;52847;Star Trek - Klingon-Romulan;2;209;0;638;9;621;2348
2026;2026-09-19;The Nexus Bowl;tournament;Geek Masters Invitational;2;Round 2;Maleficent;74911;Disney Characters - Villains;2;225;0;737;1;621;2446
2026;2026-09-19;The Nexus Bowl;tournament;Geek Masters Invitational;2;Round 2;Spock;73526;Star Trek - Federation;2;238;0;635;10;621;2316
2026;2026-09-19;The Nexus Bowl;tournament;Geek Masters Invitational;2;Round 2;Harbinger;69213;Mass Effect - Cerberus-Reapers;2;210;0;642;7;621;2312
2026;2026-09-19;The Nexus Bowl;tournament;Geek Masters Invitational;2;Round 2;Cersei Lannister;95962;Game of Thrones - Lannister-Crown;2;241;0;645;5;621;2313
2026;2026-09-19;The Nexus Bowl;tournament;Geek Masters Invitational;2;Round 2;LeChuck;60463;LucasArts Games - Monkey Island & Legacy;2;213;0;630;14;621;2285
2026;2026-09-19;The Nexus Bowl;tournament;Geek Masters Invitational;2;Round 2;Darth Vader;68024;Star Wars - Sith Empire;2;198;0;631;13;621;2280
2026;2026-09-19;The Nexus Bowl;tournament;Geek Masters Invitational;2;Round 2;Hermione Granger;51952;Harry Potter - Order of the Phoenix;2;241;0;617;23;621;2265
2026;2026-09-19;The Nexus Bowl;tournament;Geek Masters Invitational;2;Round 2;Kyle Katarn;79439;LucasArts Games - Jedi Knight Era;2;203;0;629;15;621;2267
2026;2026-09-19;The Nexus Bowl;tournament;Geek Masters Invitational;2;Round 2;Roboute Guilliman;73700;Warhammer 40K - Imperium;2;190;0;623;18;621;2257
2026;2026-09-19;The Nexus Bowl;tournament;Geek Masters Invitational;2;Round 2;Baron Harkonnen;72059;Dune - Harkonnen-Sardaukar;2;204;0;619;21;621;2251
2026;2026-09-19;The Nexus Bowl;tournament;Geek Masters Invitational;2;Round 2;Daenerys Targaryen;63031;Game of Thrones - Stark-Targaryen Alliance;2;182;0;574;36;621;2204
2026;2026-09-19;The Nexus Bowl;tournament;Geek Masters Invitational;2;Round 2;Marneus Calgar;87837;Warhammer 40K - Imperium;2;176;0;580;34;621;2207
2026;2026-09-19;The Nexus Bowl;tournament;Geek Masters Invitational;2;Round 2;Emperor Palpatine;66049;Star Wars - Sith Empire;2;205;0;621;19;621;2243
2026;2026-09-19;The Nexus Bowl;tournament;Geek Masters Invitational;2;Round 2;Jaime Lannister;85713;Game of Thrones - Lannister-Crown;2;187;0;588;30;621;2209
2026;2026-09-19;The Nexus Bowl;tournament;Geek Masters Invitational;2;Round 2;Ahsoka Tano;51639;Star Wars - Jedi Order;2;181;0;569;38;621;2187
2026;2026-09-19;The Nexus Bowl;tournament;Geek Masters Invitational;2;Round 2;Feyd-Rautha;56698;Dune - Harkonnen-Sardaukar;2;220;0;632;12;621;2247
2026;2026-09-19;The Nexus Bowl;tournament;Geek Masters Invitational;2;Round 2;Aragorn;56717;Lord of the Rings - Free Peoples;2;190;0;566;39;621;2177
2026;2026-09-19;The Nexus Bowl;tournament;Geek Masters Invitational;2;Round 2;Lady Jessica;68210;Dune - House Atreides;2;208;0;621;20;621;2232
2026;2026-09-19;The Nexus Bowl;tournament;Geek Masters Invitational;2;Round 2;Duncan Idaho;60189;Dune - House Atreides;2;191;0;583;33;621;2188
2026;2026-09-19;The Nexus Bowl;tournament;Geek Masters Invitational;2;Round 2;Paul Atreides;72298;Dune - House Atreides;2;207;0;608;24;621;2207
2026;2026-09-19;The Nexus Bowl;tournament;Geek Masters Invitational;2;Round 2;Garrus Vakarian;58180;Mass Effect - Alliance Crew;2;208;0;607;25;621;2201
2026;2026-09-19;The Nexus Bowl;tournament;Geek Masters Invitational;2;Round 2;Mara Jade;88618;LucasArts Games - Jedi Knight Era;2;196;0;628;17;621;2219
2026;2026-09-19;The Nexus Bowl;tournament;Geek Masters Invitational;2;Round 2;Jaden Korr;68231;LucasArts Games - Jedi Knight Era;2;188;0;584;32;621;2174
2026;2026-09-19;The Nexus Bowl;tournament;Geek Masters Invitational;2;Round 2;Simba;65256;Disney Characters - Heroes;2;193;0;559;40;621;2146
2026;2026-09-19;The Nexus Bowl;tournament;Geek Masters Invitational;2;Round 2;Count Fenring;56078;Dune - Harkonnen-Sardaukar;2;225;0;601;26;621;2186
2026;2026-09-19;The Nexus Bowl;tournament;Geek Masters Invitational;2;Round 2;Tywin Lannister;77493;Game of Thrones - Lannister-Crown;2;190;0;572;37;621;2153
2026;2026-09-19;The Nexus Bowl;tournament;Geek Masters Invitational;2;Round 2;Luke Skywalker;91905;Star Wars - Jedi Order;3;203;0;803;28;823;2612
2026;2026-09-19;The Nexus Bowl;tournament;Geek Masters Invitational;2;Round 2;Sauron;85741;Lord of the Rings - Forces of Mordor;3;200;0;855;9;823;2647
2026;2026-09-19;The Nexus Bowl;tournament;Geek Masters Invitational;2;Round 2;Harry Potter;52082;Harry Potter - Order of the Phoenix;3;200;0;779;32;823;2551
2026;2026-09-19;The Nexus Bowl;tournament;Geek Masters Invitational;2;Round 2;Lord Voldemort;65247;Harry Potter - Death Eaters;3;214;0;833;16;823;2605
2026;2026-09-19;The Nexus Bowl;tournament;Geek Masters Invitational;2;Round 2;Commander Shepard;85142;Mass Effect - Alliance Crew;3;229;0;869;5;823;2628
2026;2026-09-19;The Nexus Bowl;tournament;Geek Masters Invitational;2;Round 2;Gandalf;98265;Lord of the Rings - Free Peoples;3;228;0;871;4;823;2630
2026;2026-09-19;The Nexus Bowl;tournament;Geek Masters Invitational;2;Round 2;Worf;67335;Star Trek - Klingon-Romulan;3;227;0;885;3;823;2636
2026;2026-09-19;The Nexus Bowl;tournament;Geek Masters Invitational;2;Round 2;Mickey Mouse;68965;Disney Characters - Heroes;3;208;0;805;26;823;2551
2026;2026-09-19;The Nexus Bowl;tournament;Geek Masters Invitational;2;Round 2;Illusive Man;86178;Mass Effect - Cerberus-Reapers;3;203;0;891;2;823;2632
2026;2026-09-19;The Nexus Bowl;tournament;Geek Masters Invitational;2;Round 2;Jon Snow;86781;Game of Thrones - Stark-Targaryen Alliance;3;197;0;786;30;823;2516
2026;2026-09-19;The Nexus Bowl;tournament;Geek Masters Invitational;2;Round 2;Jean-Luc Picard;56338;Star Trek - Federation;3;219;0;852;10;823;2580
2026;2026-09-19;The Nexus Bowl;tournament;Geek Masters Invitational;2;Round 2;Guybrush Threepwood;99729;LucasArts Games - Monkey Island & Legacy;3;177;0;763;37;823;2479
2026;2026-09-19;The Nexus Bowl;tournament;Geek Masters Invitational;2;Round 2;Abaddon the Despoiler;54558;Warhammer 40K - Chaos;3;229;0;857;7;823;2572
2026;2026-09-19;The Nexus Bowl;tournament;Geek Masters Invitational;2;Round 2;Gowron;52847;Star Trek - Klingon-Romulan;3;207;0;845;13;823;2555
2026;2026-09-19;The Nexus Bowl;tournament;Geek Masters Invitational;2;Round 2;Maleficent;74911;Disney Characters - Villains;3;213;0;950;1;823;2659
2026;2026-09-19;The Nexus Bowl;tournament;Geek Masters Invitational;2;Round 2;Spock;73526;Star Trek - Federation;3;193;0;828;18;823;2509
2026;2026-09-19;The Nexus Bowl;tournament;Geek Masters Invitational;2;Round 2;Harbinger;69213;Mass Effect - Cerberus-Reapers;3;220;0;862;6;823;2532
2026;2026-09-19;The Nexus Bowl;tournament;Geek Masters Invitational;2;Round 2;Cersei Lannister;95962;Game of Thrones - Lannister-Crown;3;189;0;834;15;823;2502
2026;2026-09-19;The Nexus Bowl;tournament;Geek Masters Invitational;2;Round 2;LeChuck;60463;LucasArts Games - Monkey Island & Legacy;3;208;0;838;14;823;2493
2026;2026-09-19;The Nexus Bowl;tournament;Geek Masters Invitational;2;Round 2;Darth Vader;68024;Star Wars - Sith Empire;3;220;0;851;12;823;2500
2026;2026-09-19;The Nexus Bowl;tournament;Geek Masters Invitational;2;Round 2;Hermione Granger;51952;Harry Potter - Order of the Phoenix;3;204;0;821;21;823;2469
2026;2026-09-19;The Nexus Bowl;tournament;Geek Masters Invitational;2;Round 2;Kyle Katarn;79439;LucasArts Games - Jedi Knight Era;3;223;0;852;11;823;2490
2026;2026-09-19;The Nexus Bowl;tournament;Geek Masters Invitational;2;Round 2;Roboute Guilliman;73700;Warhammer 40K - Imperium;3;191;0;814;24;823;2448
2026;2026-09-19;The Nexus Bowl;tournament;Geek Masters Invitational;2;Round 2;Baron Harkonnen;72059;Dune - Harkonnen-Sardaukar;3;196;0;815;23;823;2447
2026;2026-09-19;The Nexus Bowl;tournament;Geek Masters Invitational;2;Round 2;Daenerys Targaryen;63031;Game of Thrones - Stark-Targaryen Alliance;3;195;0;769;35;823;2399
2026;2026-09-19;The Nexus Bowl;tournament;Geek Masters Invitational;2;Round 2;Marneus Calgar;87837;Warhammer 40K - Imperium;3;194;0;774;33;823;2401
2026;2026-09-19;The Nexus Bowl;tournament;Geek Masters Invitational;2;Round 2;Emperor Palpatine;66049;Star Wars - Sith Empire;3;206;0;827;19;823;2449
2026;2026-09-19;The Nexus Bowl;tournament;Geek Masters Invitational;2;Round 2;Jaime Lannister;85713;Game of Thrones - Lannister-Crown;3;224;0;812;25;823;2433
2026;2026-09-19;The Nexus Bowl;tournament;Geek Masters Invitational;2;Round 2;Ahsoka Tano;51639;Star Wars - Jedi Order;3;178;0;747;40;823;2365
2026;2026-09-19;The Nexus Bowl;tournament;Geek Masters Invitational;2;Round 2;Feyd-Rautha;56698;Dune - Harkonnen-Sardaukar;3;223;0;855;8;823;2470
2026;2026-09-19;The Nexus Bowl;tournament;Geek Masters Invitational;2;Round 2;Aragorn;56717;Lord of the Rings - Free Peoples;3;187;0;753;39;823;2364
2026;2026-09-19;The Nexus Bowl;tournament;Geek Masters Invitational;2;Round 2;Lady Jessica;68210;Dune - House Atreides;3;210;0;831;17;823;2442
2026;2026-09-19;The Nexus Bowl;tournament;Geek Masters Invitational;2;Round 2;Duncan Idaho;60189;Dune - House Atreides;3;207;0;790;29;823;2395
2026;2026-09-19;The Nexus Bowl;tournament;Geek Masters Invitational;2;Round 2;Paul Atreides;72298;Dune - House Atreides;3;208;0;816;22;823;2415
2026;2026-09-19;The Nexus Bowl;tournament;Geek Masters Invitational;2;Round 2;Garrus Vakarian;58180;Mass Effect - Alliance Crew;3;197;0;804;27;823;2398
2026;2026-09-19;The Nexus Bowl;tournament;Geek Masters Invitational;2;Round 2;Mara Jade;88618;LucasArts Games - Jedi Knight Era;3;195;0;823;20;823;2414
2026;2026-09-19;The Nexus Bowl;tournament;Geek Masters Invitational;2;Round 2;Jaden Korr;68231;LucasArts Games - Jedi Knight Era;3;188;0;772;34;823;2362
2026;2026-09-19;The Nexus Bowl;tournament;Geek Masters Invitational;2;Round 2;Simba;65256;Disney Characters - Heroes;3;199;0;758;38;823;2345
2026;2026-09-19;The Nexus Bowl;tournament;Geek Masters Invitational;2;Round 2;Count Fenring;56078;Dune - Harkonnen-Sardaukar;3;179;0;780;31;823;2365
2026;2026-09-19;The Nexus Bowl;tournament;Geek Masters Invitational;2;Round 2;Tywin Lannister;77493;Game of Thrones - Lannister-Crown;3;193;0;765;36;823;2346
2026;2026-09-19;The Nexus Bowl;tournament;Geek Masters Invitational;2;Round 2;Luke Skywalker;91905;Star Wars - Jedi Order;4;189;0;992;29;1031;2801
2026;2026-09-19;The Nexus Bowl;tournament;Geek Masters Invitational;2;Round 2;Sauron;85741;Lord of the Rings - Forces of Mordor;4;211;0;1066;10;1031;2858
2026;2026-09-19;The Nexus Bowl;tournament;Geek Masters Invitational;2;Round 2;Harry Potter;52082;Harry Potter - Order of the Phoenix;4;202;0;981;33;1031;2753
2026;2026-09-19;The Nexus Bowl;tournament;Geek Masters Invitational;2;Round 2;Lord Voldemort;65247;Harry Potter - Death Eaters;4;204;0;1037;17;1031;2809
2026;2026-09-19;The Nexus Bowl;tournament;Geek Masters Invitational;2;Round 2;Commander Shepard;85142;Mass Effect - Alliance Crew;4;207;0;1076;6;1031;2835
2026;2026-09-19;The Nexus Bowl;tournament;Geek Masters Invitational;2;Round 2;Gandalf;98265;Lord of the Rings - Free Peoples;4;202;0;1073;7;1031;2832
2026;2026-09-19;The Nexus Bowl;tournament;Geek Masters Invitational;2;Round 2;Worf;67335;Star Trek - Klingon-Romulan;4;217;0;1102;3;1031;2853
2026;2026-09-19;The Nexus Bowl;tournament;Geek Masters Invitational;2;Round 2;Mickey Mouse;68965;Disney Characters - Heroes;4;245;0;1050;15;1031;2796
2026;2026-09-19;The Nexus Bowl;tournament;Geek Masters Invitational;2;Round 2;Illusive Man;86178;Mass Effect - Cerberus-Reapers;4;217;0;1108;2;1031;2849
2026;2026-09-19;The Nexus Bowl;tournament;Geek Masters Invitational;2;Round 2;Jon Snow;86781;Game of Thrones - Stark-Targaryen Alliance;4;223;0;1009;26;1031;2739
2026;2026-09-19;The Nexus Bowl;tournament;Geek Masters Invitational;2;Round 2;Jean-Luc Picard;56338;Star Trek - Federation;4;210;0;1062;12;1031;2790
2026;2026-09-19;The Nexus Bowl;tournament;Geek Masters Invitational;2;Round 2;Guybrush Threepwood;99729;LucasArts Games - Monkey Island & Legacy;4;207;0;970;34;1031;2686
2026;2026-09-19;The Nexus Bowl;tournament;Geek Masters Invitational;2;Round 2;Abaddon the Despoiler;54558;Warhammer 40K - Chaos;4;222;0;1079;5;1031;2794
2026;2026-09-19;The Nexus Bowl;tournament;Geek Masters Invitational;2;Round 2;Gowron;52847;Star Trek - Klingon-Romulan;4;221;0;1066;9;1031;2776
2026;2026-09-19;The Nexus Bowl;tournament;Geek Masters Invitational;2;Round 2;Maleficent;74911;Disney Characters - Villains;4;211;0;1161;1;1031;2870
2026;2026-09-19;The Nexus Bowl;tournament;Geek Masters Invitational;2;Round 2;Spock;73526;Star Trek - Federation;4;237;0;1065;11;1031;2746
2026;2026-09-19;The Nexus Bowl;tournament;Geek Masters Invitational;2;Round 2;Harbinger;69213;Mass Effect - Cerberus-Reapers;4;199;0;1061;13;1031;2731
2026;2026-09-19;The Nexus Bowl;tournament;Geek Masters Invitational;2;Round 2;Cersei Lannister;95962;Game of Thrones - Lannister-Crown;4;173;0;1007;27;1031;2675
2026;2026-09-19;The Nexus Bowl;tournament;Geek Masters Invitational;2;Round 2;LeChuck;60463;LucasArts Games - Monkey Island & Legacy;4;203;0;1041;16;1031;2696
2026;2026-09-19;The Nexus Bowl;tournament;Geek Masters Invitational;2;Round 2;Darth Vader;68024;Star Wars - Sith Empire;4;201;0;1052;14;1031;2701
2026;2026-09-19;The Nexus Bowl;tournament;Geek Masters Invitational;2;Round 2;Hermione Granger;51952;Harry Potter - Order of the Phoenix;4;178;0;999;28;1031;2647
2026;2026-09-19;The Nexus Bowl;tournament;Geek Masters Invitational;2;Round 2;Kyle Katarn;79439;LucasArts Games - Jedi Knight Era;4;228;0;1080;4;1031;2718
2026;2026-09-19;The Nexus Bowl;tournament;Geek Masters Invitational;2;Round 2;Roboute Guilliman;73700;Warhammer 40K - Imperium;4;217;0;1031;20;1031;2665
2026;2026-09-19;The Nexus Bowl;tournament;Geek Masters Invitational;2;Round 2;Baron Harkonnen;72059;Dune - Harkonnen-Sardaukar;4;216;0;1031;19;1031;2663
2026;2026-09-19;The Nexus Bowl;tournament;Geek Masters Invitational;2;Round 2;Daenerys Targaryen;63031;Game of Thrones - Stark-Targaryen Alliance;4;195;0;964;36;1031;2594
2026;2026-09-19;The Nexus Bowl;tournament;Geek Masters Invitational;2;Round 2;Marneus Calgar;87837;Warhammer 40K - Imperium;4;194;0;968;35;1031;2595
2026;2026-09-19;The Nexus Bowl;tournament;Geek Masters Invitational;2;Round 2;Emperor Palpatine;66049;Star Wars - Sith Empire;4;193;0;1020;23;1031;2642
2026;2026-09-19;The Nexus Bowl;tournament;Geek Masters Invitational;2;Round 2;Jaime Lannister;85713;Game of Thrones - Lannister-Crown;4;205;0;1017;24;1031;2638
2026;2026-09-19;The Nexus Bowl;tournament;Geek Masters Invitational;2;Round 2;Ahsoka Tano;51639;Star Wars - Jedi Order;4;179;0;926;40;1031;2544
2026;2026-09-19;The Nexus Bowl;tournament;Geek Masters Invitational;2;Round 2;Feyd-Rautha;56698;Dune - Harkonnen-Sardaukar;4;211;0;1066;8;1031;2681
2026;2026-09-19;The Nexus Bowl;tournament;Geek Masters Invitational;2;Round 2;Aragorn;56717;Lord of the Rings - Free Peoples;4;194;0;947;38;1031;2558
2026;2026-09-19;The Nexus Bowl;tournament;Geek Masters Invitational;2;Round 2;Lady Jessica;68210;Dune - House Atreides;4;199;0;1030;21;1031;2641
2026;2026-09-19;The Nexus Bowl;tournament;Geek Masters Invitational;2;Round 2;Duncan Idaho;60189;Dune - House Atreides;4;198;0;988;32;1031;2593
2026;2026-09-19;The Nexus Bowl;tournament;Geek Masters Invitational;2;Round 2;Paul Atreides;72298;Dune - House Atreides;4;207;0;1023;22;1031;2622
2026;2026-09-19;The Nexus Bowl;tournament;Geek Masters Invitational;2;Round 2;Garrus Vakarian;58180;Mass Effect - Alliance Crew;4;212;0;1016;25;1031;2610
2026;2026-09-19;The Nexus Bowl;tournament;Geek Masters Invitational;2;Round 2;Mara Jade;88618;LucasArts Games - Jedi Knight Era;4;210;0;1033;18;1031;2624
2026;2026-09-19;The Nexus Bowl;tournament;Geek Masters Invitational;2;Round 2;Jaden Korr;68231;LucasArts Games - Jedi Knight Era;4;217;0;989;30;1031;2579
2026;2026-09-19;The Nexus Bowl;tournament;Geek Masters Invitational;2;Round 2;Simba;65256;Disney Characters - Heroes;4;186;0;944;39;1031;2531
2026;2026-09-19;The Nexus Bowl;tournament;Geek Masters Invitational;2;Round 2;Count Fenring;56078;Dune - Harkonnen-Sardaukar;4;208;0;988;31;1031;2573
2026;2026-09-19;The Nexus Bowl;tournament;Geek Masters Invitational;2;Round 2;Tywin Lannister;77493;Game of Thrones - Lannister-Crown;4;198;0;963;37;1031;2544
2026;2026-09-19;The Nexus Bowl;tournament;Geek Masters Invitational;2;Round 2;Luke Skywalker;91905;Star Wars - Jedi Order;5;188;0;1180;32;1239;2989
2026;2026-09-19;The Nexus Bowl;tournament;Geek Masters Invitational;2;Round 2;Sauron;85741;Lord of the Rings - Forces of Mordor;5;212;0;1278;10;1239;3070
2026;2026-09-19;The Nexus Bowl;tournament;Geek Masters Invitational;2;Round 2;Harry Potter;52082;Harry Potter - Order of the Phoenix;5;241;0;1222;23;1239;2994
2026;2026-09-19;The Nexus Bowl;tournament;Geek Masters Invitational;2;Round 2;Lord Voldemort;65247;Harry Potter - Death Eaters;5;219;0;1256;17;1239;3028
2026;2026-09-19;The Nexus Bowl;tournament;Geek Masters Invitational;2;Round 2;Commander Shepard;85142;Mass Effect - Alliance Crew;5;218;0;1294;5;1239;3053
2026;2026-09-19;The Nexus Bowl;tournament;Geek Masters Invitational;2;Round 2;Gandalf;98265;Lord of the Rings - Free Peoples;5;218;0;1291;6;1239;3050
2026;2026-09-19;The Nexus Bowl;tournament;Geek Masters Invitational;2;Round 2;Worf;67335;Star Trek - Klingon-Romulan;5;206;0;1308;4;1239;3059
2026;2026-09-19;The Nexus Bowl;tournament;Geek Masters Invitational;2;Round 2;Mickey Mouse;68965;Disney Characters - Heroes;5;202;0;1252;18;1239;2998
2026;2026-09-19;The Nexus Bowl;tournament;Geek Masters Invitational;2;Round 2;Illusive Man;86178;Mass Effect - Cerberus-Reapers;5;228;0;1336;2;1239;3077
2026;2026-09-19;The Nexus Bowl;tournament;Geek Masters Invitational;2;Round 2;Jon Snow;86781;Game of Thrones - Stark-Targaryen Alliance;5;211;0;1220;24;1239;2950
2026;2026-09-19;The Nexus Bowl;tournament;Geek Masters Invitational;2;Round 2;Jean-Luc Picard;56338;Star Trek - Federation;5;221;0;1283;8;1239;3011
2026;2026-09-19;The Nexus Bowl;tournament;Geek Masters Invitational;2;Round 2;Guybrush Threepwood;99729;LucasArts Games - Monkey Island & Legacy;5;187;0;1157;35;1239;2873
2026;2026-09-19;The Nexus Bowl;tournament;Geek Masters Invitational;2;Round 2;Abaddon the Despoiler;54558;Warhammer 40K - Chaos;5;231;0;1310;3;1239;3025
2026;2026-09-19;The Nexus Bowl;tournament;Geek Masters Invitational;2;Round 2;Gowron;52847;Star Trek - Klingon-Romulan;5;220;0;1286;7;1239;2996
2026;2026-09-19;The Nexus Bowl;tournament;Geek Masters Invitational;2;Round 2;Maleficent;74911;Disney Characters - Villains;5;231;0;1392;1;1239;3101
2026;2026-09-19;The Nexus Bowl;tournament;Geek Masters Invitational;2;Round 2;Spock;73526;Star Trek - Federation;5;213;0;1278;11;1239;2959
2026;2026-09-19;The Nexus Bowl;tournament;Geek Masters Invitational;2;Round 2;Harbinger;69213;Mass Effect - Cerberus-Reapers;5;211;0;1272;13;1239;2942
2026;2026-09-19;The Nexus Bowl;tournament;Geek Masters Invitational;2;Round 2;Cersei Lannister;95962;Game of Thrones - Lannister-Crown;5;204;0;1211;29;1239;2879
2026;2026-09-19;The Nexus Bowl;tournament;Geek Masters Invitational;2;Round 2;LeChuck;60463;LucasArts Games - Monkey Island & Legacy;5;223;0;1264;14;1239;2919
2026;2026-09-19;The Nexus Bowl;tournament;Geek Masters Invitational;2;Round 2;Darth Vader;68024;Star Wars - Sith Empire;5;206;0;1258;16;1239;2907
2026;2026-09-19;The Nexus Bowl;tournament;Geek Masters Invitational;2;Round 2;Hermione Granger;51952;Harry Potter - Order of the Phoenix;5;218;0;1217;25;1239;2865
2026;2026-09-19;The Nexus Bowl;tournament;Geek Masters Invitational;2;Round 2;Kyle Katarn;79439;LucasArts Games - Jedi Knight Era;5;198;0;1278;9;1239;2916
2026;2026-09-19;The Nexus Bowl;tournament;Geek Masters Invitational;2;Round 2;Roboute Guilliman;73700;Warhammer 40K - Imperium;5;186;0;1217;26;1239;2851
2026;2026-09-19;The Nexus Bowl;tournament;Geek Masters Invitational;2;Round 2;Baron Harkonnen;72059;Dune - Harkonnen-Sardaukar;5;197;0;1228;22;1239;2860
2026;2026-09-19;The Nexus Bowl;tournament;Geek Masters Invitational;2;Round 2;Daenerys Targaryen;63031;Game of Thrones - Stark-Targaryen Alliance;5;186;0;1150;37;1239;2780
2026;2026-09-19;The Nexus Bowl;tournament;Geek Masters Invitational;2;Round 2;Marneus Calgar;87837;Warhammer 40K - Imperium;5;198;0;1166;34;1239;2793
2026;2026-09-19;The Nexus Bowl;tournament;Geek Masters Invitational;2;Round 2;Emperor Palpatine;66049;Star Wars - Sith Empire;5;213;0;1233;21;1239;2855
2026;2026-09-19;The Nexus Bowl;tournament;Geek Masters Invitational;2;Round 2;Jaime Lannister;85713;Game of Thrones - Lannister-Crown;5;222;0;1239;20;1239;2860
2026;2026-09-19;The Nexus Bowl;tournament;Geek Masters Invitational;2;Round 2;Ahsoka Tano;51639;Star Wars - Jedi Order;5;193;0;1119;40;1239;2737
2026;2026-09-19;The Nexus Bowl;tournament;Geek Masters Invitational;2;Round 2;Feyd-Rautha;56698;Dune - Harkonnen-Sardaukar;5;210;0;1276;12;1239;2891
2026;2026-09-19;The Nexus Bowl;tournament;Geek Masters Invitational;2;Round 2;Aragorn;56717;Lord of the Rings - Free Peoples;5;185;0;1132;39;1239;2743
2026;2026-09-19;The Nexus Bowl;tournament;Geek Masters Invitational;2;Round 2;Lady Jessica;68210;Dune - House Atreides;5;214;0;1244;19;1239;2855
2026;2026-09-19;The Nexus Bowl;tournament;Geek Masters Invitational;2;Round 2;Duncan Idaho;60189;Dune - House Atreides;5;166;0;1154;36;1239;2759
2026;2026-09-19;The Nexus Bowl;tournament;Geek Masters Invitational;2;Round 2;Paul Atreides;72298;Dune - House Atreides;5;191;0;1214;27;1239;2813
2026;2026-09-19;The Nexus Bowl;tournament;Geek Masters Invitational;2;Round 2;Garrus Vakarian;58180;Mass Effect - Alliance Crew;5;196;0;1212;28;1239;2806
2026;2026-09-19;The Nexus Bowl;tournament;Geek Masters Invitational;2;Round 2;Mara Jade;88618;LucasArts Games - Jedi Knight Era;5;228;0;1261;15;1239;2852
2026;2026-09-19;The Nexus Bowl;tournament;Geek Masters Invitational;2;Round 2;Jaden Korr;68231;LucasArts Games - Jedi Knight Era;5;180;0;1169;33;1239;2759
2026;2026-09-19;The Nexus Bowl;tournament;Geek Masters Invitational;2;Round 2;Simba;65256;Disney Characters - Heroes;5;191;0;1135;38;1239;2722
2026;2026-09-19;The Nexus Bowl;tournament;Geek Masters Invitational;2;Round 2;Count Fenring;56078;Dune - Harkonnen-Sardaukar;5;204;0;1192;30;1239;2777
2026;2026-09-19;The Nexus Bowl;tournament;Geek Masters Invitational;2;Round 2;Tywin Lannister;77493;Game of Thrones - Lannister-Crown;5;223;0;1186;31;1239;2767
2026;2026-09-20;The Nexus Bowl;tournament;Geek Masters Invitational;3;Final;Maleficent;74911;Disney Characters - Villains;0;228;0;228;4;;3329
2026;2026-09-20;The Nexus Bowl;tournament;Geek Masters Invitational;3;Final;Illusive Man;86178;Mass Effect - Cerberus-Reapers;0;194;0;194;18;;3271
2026;2026-09-20;The Nexus Bowl;tournament;Geek Masters Invitational;3;Final;Sauron;85741;Lord of the Rings - Forces of Mordor;0;200;0;200;17;;3270
2026;2026-09-20;The Nexus Bowl;tournament;Geek Masters Invitational;3;Final;Worf;67335;Star Trek - Klingon-Romulan;0;206;0;206;14;;3265
2026;2026-09-20;The Nexus Bowl;tournament;Geek Masters Invitational;3;Final;Commander Shepard;85142;Mass Effect - Alliance Crew;0;225;0;225;5;;3278
2026;2026-09-20;The Nexus Bowl;tournament;Geek Masters Invitational;3;Final;Gandalf;98265;Lord of the Rings - Free Peoples;0;232;0;232;3;;3282
2026;2026-09-20;The Nexus Bowl;tournament;Geek Masters Invitational;3;Final;Lord Voldemort;65247;Harry Potter - Death Eaters;0;207;0;207;13;;3235
2026;2026-09-20;The Nexus Bowl;tournament;Geek Masters Invitational;3;Final;Abaddon the Despoiler;54558;Warhammer 40K - Chaos;0;237;0;237;2;;3262
2026;2026-09-20;The Nexus Bowl;tournament;Geek Masters Invitational;3;Final;Jean-Luc Picard;56338;Star Trek - Federation;0;225;0;225;6;;3236
2026;2026-09-20;The Nexus Bowl;tournament;Geek Masters Invitational;3;Final;Mickey Mouse;68965;Disney Characters - Heroes;0;247;0;247;1;;3245
2026;2026-09-20;The Nexus Bowl;tournament;Geek Masters Invitational;3;Final;Gowron;52847;Star Trek - Klingon-Romulan;0;189;0;189;19;;3185
2026;2026-09-20;The Nexus Bowl;tournament;Geek Masters Invitational;3;Final;Harry Potter;52082;Harry Potter - Order of the Phoenix;0;179;0;179;20;;3173
2026;2026-09-20;The Nexus Bowl;tournament;Geek Masters Invitational;3;Final;Luke Skywalker;91905;Star Wars - Jedi Order;0;208;0;208;11;;3197
2026;2026-09-20;The Nexus Bowl;tournament;Geek Masters Invitational;3;Final;Spock;73526;Star Trek - Federation;0;201;0;201;16;;3160
2026;2026-09-20;The Nexus Bowl;tournament;Geek Masters Invitational;3;Final;Jon Snow;86781;Game of Thrones - Stark-Targaryen Alliance;0;207;0;207;12;;3157
2026;2026-09-20;The Nexus Bowl;tournament;Geek Masters Invitational;3;Final;Harbinger;69213;Mass Effect - Cerberus-Reapers;0;209;0;209;10;;3151
2026;2026-09-20;The Nexus Bowl;tournament;Geek Masters Invitational;3;Final;LeChuck;60463;LucasArts Games - Monkey Island & Legacy;0;202;0;202;15;;3121
2026;2026-09-20;The Nexus Bowl;tournament;Geek Masters Invitational;3;Final;Kyle Katarn;79439;LucasArts Games - Jedi Knight Era;0;210;0;210;9;;3126
2026;2026-09-20;The Nexus Bowl;tournament;Geek Masters Invitational;3;Final;Darth Vader;68024;Star Wars - Sith Empire;0;211;0;211;8;;3118
2026;2026-09-20;The Nexus Bowl;tournament;Geek Masters Invitational;3;Final;Feyd-Rautha;56698;Dune - Harkonnen-Sardaukar;0;224;0;224;7;;3115
2026;2026-09-20;The Nexus Bowl;tournament;Geek Masters Invitational;3;Final;Maleficent;74911;Disney Characters - Villains;1;199;0;427;10;;3528
2026;2026-09-20;The Nexus Bowl;tournament;Geek Masters Invitational;3;Final;Illusive Man;86178;Mass Effect - Cerberus-Reapers;1;203;0;397;17;;3474
2026;2026-09-20;The Nexus Bowl;tournament;Geek Masters Invitational;3;Final;Sauron;85741;Lord of the Rings - Forces of Mordor;1;211;0;411;15;;3481
2026;2026-09-20;The Nexus Bowl;tournament;Geek Masters Invitational;3;Final;Worf;67335;Star Trek - Klingon-Romulan;1;209;0;415;13;;3474
2026;2026-09-20;The Nexus Bowl;tournament;Geek Masters Invitational;3;Final;Commander Shepard;85142;Mass Effect - Alliance Crew;1;218;0;443;6;;3496
2026;2026-09-20;The Nexus Bowl;tournament;Geek Masters Invitational;3;Final;Gandalf;98265;Lord of the Rings - Free Peoples;1;213;0;445;5;;3495
2026;2026-09-20;The Nexus Bowl;tournament;Geek Masters Invitational;3;Final;Lord Voldemort;65247;Harry Potter - Death Eaters;1;213;0;420;11;;3448
2026;2026-09-20;The Nexus Bowl;tournament;Geek Masters Invitational;3;Final;Abaddon the Despoiler;54558;Warhammer 40K - Chaos;1;229;0;466;1;;3491
2026;2026-09-20;The Nexus Bowl;tournament;Geek Masters Invitational;3;Final;Jean-Luc Picard;56338;Star Trek - Federation;1;206;0;431;8;;3442
2026;2026-09-20;The Nexus Bowl;tournament;Geek Masters Invitational;3;Final;Mickey Mouse;68965;Disney Characters - Heroes;1;218;0;465;2;;3463
2026;2026-09-20;The Nexus Bowl;tournament;Geek Masters Invitational;3;Final;Gowron;52847;Star Trek - Klingon-Romulan;1;200;0;389;18;;3385
2026;2026-09-20;The Nexus Bowl;tournament;Geek Masters Invitational;3;Final;Harry Potter;52082;Harry Potter - Order of the Phoenix;1;190;0;369;20;;3363
2026;2026-09-20;The Nexus Bowl;tournament;Geek Masters Invitational;3;Final;Luke Skywalker;91905;Star Wars - Jedi Order;1;227;0;435;7;;3424
2026;2026-09-20;The Nexus Bowl;tournament;Geek Masters Invitational;3;Final;Spock;73526;Star Trek - Federation;1;187;0;388;19;;3347
2026;2026-09-20;The Nexus Bowl;tournament;Geek Masters Invitational;3;Final;Jon Snow;86781;Game of Thrones - Stark-Targaryen Alliance;1;220;0;427;9;;3377
2026;2026-09-20;The Nexus Bowl;tournament;Geek Masters Invitational;3;Final;Harbinger;69213;Mass Effect - Cerberus-Reapers;1;202;0;411;14;;3353
2026;2026-09-20;The Nexus Bowl;tournament;Geek Masters Invitational;3;Final;LeChuck;60463;LucasArts Games - Monkey Island & Legacy;1;215;0;417;12;;3336
2026;2026-09-20;The Nexus Bowl;tournament;Geek Masters Invitational;3;Final;Kyle Katarn;79439;LucasArts Games - Jedi Knight Era;1;200;0;410;16;;3326
2026;2026-09-20;The Nexus Bowl;tournament;Geek Masters Invitational;3;Final;Darth Vader;68024;Star Wars - Sith Empire;1;242;0;453;3;;3360
2026;2026-09-20;The Nexus Bowl;tournament;Geek Masters Invitational;3;Final;Feyd-Rautha;56698;Dune - Harkonnen-Sardaukar;1;222;0;446;4;;3337
2026;2026-09-20;The Nexus Bowl;tournament;Geek Masters Invitational;3;Final;Maleficent;74911;Disney Characters - Villains;2;220;0;647;9;;3748
2026;2026-09-20;The Nexus Bowl;tournament;Geek Masters Invitational;3;Final;Illusive Man;86178;Mass Effect - Cerberus-Reapers;2;214;0;611;17;;3688
2026;2026-09-20;The Nexus Bowl;tournament;Geek Masters Invitational;3;Final;Sauron;85741;Lord of the Rings - Forces of Mordor;2;212;0;623;14;;3693
2026;2026-09-20;The Nexus Bowl;tournament;Geek Masters Invitational;3;Final;Worf;67335;Star Trek - Klingon-Romulan;2;218;0;633;13;;3692
2026;2026-09-20;The Nexus Bowl;tournament;Geek Masters Invitational;3;Final;Commander Shepard;85142;Mass Effect - Alliance Crew;2;225;0;668;3;;3721
2026;2026-09-20;The Nexus Bowl;tournament;Geek Masters Invitational;3;Final;Gandalf;98265;Lord of the Rings - Free Peoples;2;204;0;649;8;;3699
2026;2026-09-20;The Nexus Bowl;tournament;Geek Masters Invitational;3;Final;Lord Voldemort;65247;Harry Potter - Death Eaters;2;218;0;638;12;;3666
2026;2026-09-20;The Nexus Bowl;tournament;Geek Masters Invitational;3;Final;Abaddon the Despoiler;54558;Warhammer 40K - Chaos;2;208;0;674;2;;3699
2026;2026-09-20;The Nexus Bowl;tournament;Geek Masters Invitational;3;Final;Jean-Luc Picard;56338;Star Trek - Federation;2;220;0;651;7;;3662
2026;2026-09-20;The Nexus Bowl;tournament;Geek Masters Invitational;3;Final;Mickey Mouse;68965;Disney Characters - Heroes;2;229;0;694;1;;3692
2026;2026-09-20;The Nexus Bowl;tournament;Geek Masters Invitational;3;Final;Gowron;52847;Star Trek - Klingon-Romulan;2;203;0;592;19;;3588
2026;2026-09-20;The Nexus Bowl;tournament;Geek Masters Invitational;3;Final;Harry Potter;52082;Harry Potter - Order of the Phoenix;2;197;0;566;20;;3560
2026;2026-09-20;The Nexus Bowl;tournament;Geek Masters Invitational;3;Final;Luke Skywalker;91905;Star Wars - Jedi Order;2;180;0;615;16;;3604
2026;2026-09-20;The Nexus Bowl;tournament;Geek Masters Invitational;3;Final;Spock;73526;Star Trek - Federation;2;210;0;598;18;;3557
2026;2026-09-20;The Nexus Bowl;tournament;Geek Masters Invitational;3;Final;Jon Snow;86781;Game of Thrones - Stark-Targaryen Alliance;2;233;0;660;4;;3610
2026;2026-09-20;The Nexus Bowl;tournament;Geek Masters Invitational;3;Final;Harbinger;69213;Mass Effect - Cerberus-Reapers;2;228;0;639;11;;3581
2026;2026-09-20;The Nexus Bowl;tournament;Geek Masters Invitational;3;Final;LeChuck;60463;LucasArts Games - Monkey Island & Legacy;2;227;0;644;10;;3563
2026;2026-09-20;The Nexus Bowl;tournament;Geek Masters Invitational;3;Final;Kyle Katarn;79439;LucasArts Games - Jedi Knight Era;2;208;0;618;15;;3534
2026;2026-09-20;The Nexus Bowl;tournament;Geek Masters Invitational;3;Final;Darth Vader;68024;Star Wars - Sith Empire;2;203;0;656;6;;3563
2026;2026-09-20;The Nexus Bowl;tournament;Geek Masters Invitational;3;Final;Feyd-Rautha;56698;Dune - Harkonnen-Sardaukar;2;211;0;657;5;;3548
2026;2026-09-20;The Nexus Bowl;tournament;Geek Masters Invitational;3;Final;Maleficent;74911;Disney Characters - Villains;3;209;0;856;11;;3957
2026;2026-09-20;The Nexus Bowl;tournament;Geek Masters Invitational;3;Final;Illusive Man;86178;Mass Effect - Cerberus-Reapers;3;190;0;801;18;;3878
2026;2026-09-20;The Nexus Bowl;tournament;Geek Masters Invitational;3;Final;Sauron;85741;Lord of the Rings - Forces of Mordor;3;202;0;825;16;;3895
2026;2026-09-20;The Nexus Bowl;tournament;Geek Masters Invitational;3;Final;Worf;67335;Star Trek - Klingon-Romulan;3;203;0;836;14;;3895
2026;2026-09-20;The Nexus Bowl;tournament;Geek Masters Invitational;3;Final;Commander Shepard;85142;Mass Effect - Alliance Crew;3;205;0;873;5;;3926
2026;2026-09-20;The Nexus Bowl;tournament;Geek Masters Invitational;3;Final;Gandalf;98265;Lord of the Rings - Free Peoples;3;212;0;861;9;;3911
2026;2026-09-20;The Nexus Bowl;tournament;Geek Masters Invitational;3;Final;Lord Voldemort;65247;Harry Potter - Death Eaters;3;206;0;844;12;;3872
2026;2026-09-20;The Nexus Bowl;tournament;Geek Masters Invitational;3;Final;Abaddon the Despoiler;54558;Warhammer 40K - Chaos;3;259;0;933;1;;3958
2026;2026-09-20;The Nexus Bowl;tournament;Geek Masters Invitational;3;Final;Jean-Luc Picard;56338;Star Trek - Federation;3;219;0;870;7;;3881
2026;2026-09-20;The Nexus Bowl;tournament;Geek Masters Invitational;3;Final;Mickey Mouse;68965;Disney Characters - Heroes;3;218;0;912;2;;3910
2026;2026-09-20;The Nexus Bowl;tournament;Geek Masters Invitational;3;Final;Gowron;52847;Star Trek - Klingon-Romulan;3;195;0;787;19;;3783
2026;2026-09-20;The Nexus Bowl;tournament;Geek Masters Invitational;3;Final;Harry Potter;52082;Harry Potter - Order of the Phoenix;3;189;0;755;20;;3749
2026;2026-09-20;The Nexus Bowl;tournament;Geek Masters Invitational;3;Final;Luke Skywalker;91905;Star Wars - Jedi Order;3;223;0;838;13;;3827
2026;2026-09-20;The Nexus Bowl;tournament;Geek Masters Invitational;3;Final;Spock;73526;Star Trek - Federation;3;215;0;813;17;;3772
2026;2026-09-20;The Nexus Bowl;tournament;Geek Masters Invitational;3;Final;Jon Snow;86781;Game of Thrones - Stark-Targaryen Alliance;3;224;0;884;3;;3834
2026;2026-09-20;The Nexus Bowl;tournament;Geek Masters Invitational;3;Final;Harbinger;69213;Mass Effect - Cerberus-Reapers;3;231;0;870;6;;3812
2026;2026-09-20;The Nexus Bowl;tournament;Geek Masters Invitational;3;Final;LeChuck;60463;LucasArts Games - Monkey Island & Legacy;3;213;0;857;10;;3776
2026;2026-09-20;The Nexus Bowl;tournament;Geek Masters Invitational;3;Final;Kyle Katarn;79439;LucasArts Games - Jedi Knight Era;3;207;0;825;15;;3741
2026;2026-09-20;The Nexus Bowl;tournament;Geek Masters Invitational;3;Final;Darth Vader;68024;Star Wars - Sith Empire;3;219;0;875;4;;3782
2026;2026-09-20;The Nexus Bowl;tournament;Geek Masters Invitational;3;Final;Feyd-Rautha;56698;Dune - Harkonnen-Sardaukar;3;211;0;868;8;;3759
2026;2026-09-20;The Nexus Bowl;tournament;Geek Masters Invitational;3;Final;Maleficent;74911;Disney Characters - Villains;4;255;0;1111;3;;4212
2026;2026-09-20;The Nexus Bowl;tournament;Geek Masters Invitational;3;Final;Illusive Man;86178;Mass Effect - Cerberus-Reapers;4;191;0;992;18;;4069
2026;2026-09-20;The Nexus Bowl;tournament;Geek Masters Invitational;3;Final;Sauron;85741;Lord of the Rings - Forces of Mordor;4;227;0;1052;14;;4122
2026;2026-09-20;The Nexus Bowl;tournament;Geek Masters Invitational;3;Final;Worf;67335;Star Trek - Klingon-Romulan;4;219;0;1055;13;;4114
2026;2026-09-20;The Nexus Bowl;tournament;Geek Masters Invitational;3;Final;Commander Shepard;85142;Mass Effect - Alliance Crew;4;200;0;1073;10;;4126
2026;2026-09-20;The Nexus Bowl;tournament;Geek Masters Invitational;3;Final;Gandalf;98265;Lord of the Rings - Free Peoples;4;216;0;1077;9;;4127
2026;2026-09-20;The Nexus Bowl;tournament;Geek Masters Invitational;3;Final;Lord Voldemort;65247;Harry Potter - Death Eaters;4;217;0;1061;12;;4089
2026;2026-09-20;The Nexus Bowl;tournament;Geek Masters Invitational;3;Final;Abaddon the Despoiler;54558;Warhammer 40K - Chaos;4;240;0;1173;1;;4198
2026;2026-09-20;The Nexus Bowl;tournament;Geek Masters Invitational;3;Final;Jean-Luc Picard;56338;Star Trek - Federation;4;208;0;1078;8;;4089
2026;2026-09-20;The Nexus Bowl;tournament;Geek Masters Invitational;3;Final;Mickey Mouse;68965;Disney Characters - Heroes;4;254;0;1166;2;;4164
2026;2026-09-20;The Nexus Bowl;tournament;Geek Masters Invitational;3;Final;Gowron;52847;Star Trek - Klingon-Romulan;4;203;0;990;19;;3986
2026;2026-09-20;The Nexus Bowl;tournament;Geek Masters Invitational;3;Final;Harry Potter;52082;Harry Potter - Order of the Phoenix;4;177;0;932;20;;3926
2026;2026-09-20;The Nexus Bowl;tournament;Geek Masters Invitational;3;Final;Luke Skywalker;91905;Star Wars - Jedi Order;4;191;0;1029;16;;4018
2026;2026-09-20;The Nexus Bowl;tournament;Geek Masters Invitational;3;Final;Spock;73526;Star Trek - Federation;4;215;0;1028;17;;3987
2026;2026-09-20;The Nexus Bowl;tournament;Geek Masters Invitational;3;Final;Jon Snow;86781;Game of Thrones - Stark-Targaryen Alliance;4;224;0;1108;4;;4058
2026;2026-09-20;The Nexus Bowl;tournament;Geek Masters Invitational;3;Final;Harbinger;69213;Mass Effect - Cerberus-Reapers;4;223;0;1093;5;;4035
2026;2026-09-20;The Nexus Bowl;tournament;Geek Masters Invitational;3;Final;LeChuck;60463;LucasArts Games - Monkey Island & Legacy;4;208;0;1065;11;;3984
2026;2026-09-20;The Nexus Bowl;tournament;Geek Masters Invitational;3;Final;Kyle Katarn;79439;LucasArts Games - Jedi Knight Era;4;214;0;1039;15;;3955
2026;2026-09-20;The Nexus Bowl;tournament;Geek Masters Invitational;3;Final;Darth Vader;68024;Star Wars - Sith Empire;4;205;0;1080;7;;3987
2026;2026-09-20;The Nexus Bowl;tournament;Geek Masters Invitational;3;Final;Feyd-Rautha;56698;Dune - Harkonnen-Sardaukar;4;224;0;1092;6;;3983
2026;2026-09-20;The Nexus Bowl;tournament;Geek Masters Invitational;3;Final;Maleficent;74911;Disney Characters - Villains;5;215;0;1326;3;;4427
2026;2026-09-20;The Nexus Bowl;tournament;Geek Masters Invitational;3;Final;Illusive Man;86178;Mass Effect - Cerberus-Reapers;5;217;0;1209;18;;4286
2026;2026-09-20;The Nexus Bowl;tournament;Geek Masters Invitational;3;Final;Sauron;85741;Lord of the Rings - Forces of Mordor;5;189;0;1241;15;;4311
2026;2026-09-20;The Nexus Bowl;tournament;Geek Masters Invitational;3;Final;Worf;67335;Star Trek - Klingon-Romulan;5;224;0;1279;11;;4338
2026;2026-09-20;The Nexus Bowl;tournament;Geek Masters Invitational;3;Final;Commander Shepard;85142;Mass Effect - Alliance Crew;5;228;0;1301;8;;4354
2026;2026-09-20;The Nexus Bowl;tournament;Geek Masters Invitational;3;Final;Gandalf;98265;Lord of the Rings - Free Peoples;5;209;0;1286;9;;4336
2026;2026-09-20;The Nexus Bowl;tournament;Geek Masters Invitational;3;Final;Lord Voldemort;65247;Harry Potter - Death Eaters;5;200;0;1261;13;;4289
2026;2026-09-20;The Nexus Bowl;tournament;Geek Masters Invitational;3;Final;Abaddon the Despoiler;54558;Warhammer 40K - Chaos;5;208;0;1381;2;;4406
2026;2026-09-20;The Nexus Bowl;tournament;Geek Masters Invitational;3;Final;Jean-Luc Picard;56338;Star Trek - Federation;5;227;0;1305;6;;4316
2026;2026-09-20;The Nexus Bowl;tournament;Geek Masters Invitational;3;Final;Mickey Mouse;68965;Disney Characters - Heroes;5;255;0;1421;1;;4419
2026;2026-09-20;The Nexus Bowl;tournament;Geek Masters Invitational;3;Final;Gowron;52847;Star Trek - Klingon-Romulan;5;202;0;1192;19;;4188
2026;2026-09-20;The Nexus Bowl;tournament;Geek Masters Invitational;3;Final;Harry Potter;52082;Harry Potter - Order of the Phoenix;5;229;0;1161;20;;4155
2026;2026-09-20;The Nexus Bowl;tournament;Geek Masters Invitational;3;Final;Luke Skywalker;91905;Star Wars - Jedi Order;5;210;0;1239;16;;4228
2026;2026-09-20;The Nexus Bowl;tournament;Geek Masters Invitational;3;Final;Spock;73526;Star Trek - Federation;5;207;0;1235;17;;4194
2026;2026-09-20;The Nexus Bowl;tournament;Geek Masters Invitational;3;Final;Jon Snow;86781;Game of Thrones - Stark-Targaryen Alliance;5;213;0;1321;4;;4271
2026;2026-09-20;The Nexus Bowl;tournament;Geek Masters Invitational;3;Final;Harbinger;69213;Mass Effect - Cerberus-Reapers;5;209;0;1302;7;;4244
2026;2026-09-20;The Nexus Bowl;tournament;Geek Masters Invitational;3;Final;LeChuck;60463;LucasArts Games - Monkey Island & Legacy;5;215;0;1280;10;;4199
2026;2026-09-20;The Nexus Bowl;tournament;Geek Masters Invitational;3;Final;Kyle Katarn;79439;LucasArts Games - Jedi Knight Era;5;212;0;1251;14;;4167
2026;2026-09-20;The Nexus Bowl;tournament;Geek Masters Invitational;3;Final;Darth Vader;68024;Star Wars - Sith Empire;5;184;0;1264;12;;4171
2026;2026-09-20;The Nexus Bowl;tournament;Geek Masters Invitational;3;Final;Feyd-Rautha;56698;Dune - Harkonnen-Sardaukar;5;222;0;1314;5;;4205
